id,question,image,option_a,option_b,option_c,option_d,correct_answer,explanation
11653,ਜੇਕਰ ਇੱਕ ਟ੍ਰੇਲਰ ਜੋੜਨ ਦੇ ਦੌਰਾਨ ਸਹੀ ਉਚਾਈ 'ਤੇ ਨਹੀਂ ਹੈ:,,ਜੋੜਨ ਵੇਲੇ ਕੋਈ ਫਰਕ ਨਹੀਂ ਪਵੇਗਾ।,ਜੋੜੀ ਵਧੇਰੇ ਸੁਰੱਖਿਅਤ ਹੋਵੇਗੀ।,ਹੋ ਸਕਦਾ ਹੈ ਕਿ ਇਹ ਸਹੀ ਤਰ੍ਹਾਂ ਜੋੜੇ ਨਾ।,,C,"ਟਰੈਕਟਰ ਅਤੇ ਟ੍ਰੇਲਰ ਨੂੰ ਜੋੜਨ ਤੋਂ ਪਹਿਲਾਂ, ਤੁਹਾਨੂੰ ਇਹ ਯਕੀਨੀ ਬਣਾਉਣਾ ਚਾਹੀਦਾ ਹੈ ਕਿ ਟ੍ਰੇਲਰ ਸਹੀ ਉਚਾਈ 'ਤੇ ਹੈ। ਜੇਕਰ ਟ੍ਰੇਲਰ ਬਹੁਤ ਘੱਟ ਹੈ, ਤਾਂ ਟ੍ਰੇਲਰ ਦੀ ਨੱਕ ਨੂੰ ਨੁਕਸਾਨ ਹੋ ਸਕਦਾ ਹੈ। ਜੇਕਰ ਟ੍ਰੇਲਰ ਬਹੁਤ ਜ਼ਿਆਦਾ ਹੈ, ਤਾਂ ਹੋ ਸਕਦਾ ਹੈ ਕਿ ਇਹ ਸਹੀ ਢੰਗ ਨਾਲ ਜੋੜਨ ਦੇ ਯੋਗ ਨਾ ਹੋਵੇ।"
11293,"ਡ੍ਰਾਈਵਿੰਗ ਕਰਦੇ ਸਮੇਂ, ਇੱਕ ਡਰਾਈਵਰ ਨੂੰ:",,ਉਨ੍ਹਾਂ ਦੇ ਵਾਹਨ ਦੇ ਸਾਈਡਾਂ 'ਤੇ ਕੀ ਹੋ ਰਿਹਾ ਹੈ ਇਸ ਬਾਰੇ ਚਿੰਤਾ ਨਾ ਕਰੋ।,ਵਾਹਨ ਦੇ ਸਾਰੇ ਪਾਸੇ ਕੀ ਹੋ ਰਿਹਾ ਹੈ ਇਸ ਬਾਰੇ ਚਿੰਤਾ ਕਰੋ।,ਵਾਹਨ ਦੇ ਪਿੱਛੇ ਕੀ ਹੋ ਰਿਹਾ ਹੈ ਇਸ ਬਾਰੇ ਚਿੰਤਾ ਨਾ ਕਰੋ.,,B,ਇਹ ਜ਼ਰੂਰੀ ਹੈ ਕਿ ਤੁਸੀਂ ਇਸ ਗੱਲ ਤੋਂ ਜਾਣੂ ਹੋਵੋ ਕਿ ਤੁਹਾਡੇ ਵਾਹਨ ਦੇ ਹਰ ਪਾਸੇ ਕੀ ਹੋ ਰਿਹਾ ਹੈ। ਅੱਗੇ ਦੀ ਸੜਕ ਨੂੰ ਸਕੈਨ ਕਰੋ ਅਤੇ ਜਦੋਂ ਤੁਸੀਂ ਗੱਡੀ ਚਲਾ ਰਹੇ ਹੋਵੋ ਤਾਂ ਆਪਣੇ ਵਾਹਨ ਦੇ ਦੋਵੇਂ ਪਾਸੇ ਦੇ ਸ਼ੀਸ਼ਿਆਂ ਦੀ ਨਿਯਮਤ ਜਾਂਚ ਕਰੋ।
8568,ਤੁਹਾਨੂੰ ਕੀ ਕਰਨਾ ਚਾਹੀਦਾ ਹੈ ਜੇਕਰ ਤੁਹਾਡਾ ਵਾਹਨ ਰੇਲਮਾਰਗ ਦੀਆਂ ਪਟੜੀਆਂ 'ਤੇ ਫਸ ਜਾਂਦਾ ਹੈ?,,ਗੱਡੀ ਵਿੱਚ ਹੀ ਰਹੋ।,ਵਾਹਨ ਤੋਂ ਬਾਹਰ ਨਿਕਲੋ ਅਤੇ ਸਹਾਇਤਾ ਲਈ ਕਾਲ ਕਰੋ।,ਆਪਣੇ ਵਾਹਨ ਨੂੰ ਪਟੜੀ ਤੋਂ ਉਤਾਰਨ ਦੀ ਕੋਸ਼ਿਸ਼ ਜਾਰੀ ਰੱਖੋ ਜਦੋਂ ਤੱਕ ਤੁਸੀਂ ਸਫਲ ਨਹੀਂ ਹੋ ਜਾਂਦੇ।,,B,"ਜੇਕਰ ਤੁਹਾਡੀ CMV ਰੇਲਮਾਰਗ ਦੀਆਂ ਪਟੜੀਆਂ 'ਤੇ ਫਸ ਜਾਂਦੀ ਹੈ, ਤਾਂ ਤੁਹਾਨੂੰ ਤੁਰੰਤ ਵਾਹਨ ਨੂੰ ਛੱਡ ਦੇਣਾ ਚਾਹੀਦਾ ਹੈ ਅਤੇ ਪਟੜੀਆਂ ਤੋਂ ਦੂਰ ਜਾਣਾ ਚਾਹੀਦਾ ਹੈ। ਐਮਰਜੈਂਸੀ ਸੰਪਰਕ ਜਾਣਕਾਰੀ ਲਈ ਕਰਾਸਿੰਗ 'ਤੇ ਸਾਈਨਪੋਸਟਾਂ ਜਾਂ ਸਿਗਨਲ ਹਾਊਸਿੰਗ ਦੀ ਜਾਂਚ ਕਰੋ ਅਤੇ 911, ਜਾਂ ਕਿਸੇ ਹੋਰ ਉਚਿਤ ਐਮਰਜੈਂਸੀ ਨੰਬਰ 'ਤੇ ਕਾਲ ਕਰੋ।"
8553,ਹੇਠਾਂ ਦਿੱਤੇ ਵਿੱਚੋਂ ਕਿਹੜਾ ਭਟਕਣਾ ਦੀ ਕਿਸਮ ਨਹੀਂ ਹੈ?,,ਸਰੀਰਕ,ਮਾਨਸਿਕ,ਮੋਟਾ,,C,"ਭਟਕਣਾ ਜੋ ਸੁਰੱਖਿਅਤ ਡ੍ਰਾਈਵਿੰਗ ਨੂੰ ਪ੍ਰਭਾਵਤ ਕਰ ਸਕਦੀ ਹੈ, ਨੂੰ ਸਰੀਰਕ (ਜਿਵੇਂ ਕਿ ਕਿਸੇ ਵਸਤੂ ਤੱਕ ਪਹੁੰਚਣਾ), ਮਾਨਸਿਕ (ਜਿਵੇਂ ਕਿ ਯਾਤਰੀ ਨਾਲ ਗੱਲ ਕਰਨਾ), ਜਾਂ ਦੋਵੇਂ (ਜਿਵੇਂ ਕਿ ਹੱਥ ਨਾਲ ਫੜੇ ਫ਼ੋਨ 'ਤੇ ਗੱਲ ਕਰਨਾ) ਦੇ ਰੂਪ ਵਿੱਚ ਸ਼੍ਰੇਣੀਬੱਧ ਕੀਤਾ ਜਾ ਸਕਦਾ ਹੈ।"
11583,"ਪ੍ਰੀ-ਟ੍ਰਿਪ ਨਿਰੀਖਣ ਕਰਨ ਤੋਂ ਬਾਅਦ, ਤੁਹਾਨੂੰ ਇਹ ਕਰਨਾ ਚਾਹੀਦਾ ਹੈ:",,ਪਿਛਲੇ ਬੰਦ-ਬੰਦ ਵਾਲਵ ਨੂੰ ਖੁੱਲ੍ਹਾ ਛੱਡੋ।,ਸਰਵਿਸ ਲਾਈਨ ਵਾਲਵ ਨੂੰ ਹਟਾਓ.,ਐਮਰਜੈਂਸੀ ਲਾਈਨ ਵਾਲਵ ਨੂੰ ਬੰਦ ਕਰੋ।,,C,"ਯਾਤਰਾ ਤੋਂ ਪਹਿਲਾਂ, ਤੁਹਾਨੂੰ ਇਹ ਯਕੀਨੀ ਬਣਾਉਣਾ ਚਾਹੀਦਾ ਹੈ ਕਿ ਹਵਾ ਬਾਹਰ ਨਿਕਲਣ ਨੂੰ ਸੁਣਨ ਲਈ ਪਿਛਲੀ ਐਮਰਜੈਂਸੀ ਲਾਈਨ ਅਤੇ ਸਰਵਿਸ ਲਾਈਨ ਸ਼ੱਟ-ਆਫ ਵਾਲਵ ਖੋਲ੍ਹ ਕੇ ਸਾਰੇ ਟਰੇਲਰਾਂ 'ਤੇ ਸਾਰੇ ਏਅਰ ਬ੍ਰੇਕਾਂ ਤੱਕ ਪਹੁੰਚ ਜਾਵੇ। ਗੱਡੀ ਚਲਾਉਣ ਤੋਂ ਪਹਿਲਾਂ ਦੋਵੇਂ ਬੰਦ ਵਾਲਵ ਬੰਦ ਕਰੋ।"
8520,ਤੇਜ਼ੀ ਨਾਲ ਸ਼ੁਰੂ ਹੋਣ 'ਤੇ ਪਿੱਛੇ ਵੱਲ ਘੁੰਮਣਾ ਖ਼ਤਰਨਾਕ ਹੈ ਕਿਉਂਕਿ:,,ਪ੍ਰਸਾਰਣ ਨੂੰ ਨੁਕਸਾਨ ਹੋ ਸਕਦਾ ਹੈ।,ਟਰੱਕ ਨੂੰ ਪਿੱਛੇ ਵੱਲ ਜਾਣ ਲਈ ਨਹੀਂ ਬਣਾਇਆ ਗਿਆ ਹੈ।,ਤੁਸੀਂ ਆਪਣੇ ਪਿੱਛੇ ਕਿਸੇ ਵਾਹਨ ਨੂੰ ਟੱਕਰ ਮਾਰ ਸਕਦੇ ਹੋ।,,C,ਯਕੀਨੀ ਬਣਾਓ ਕਿ ਤੁਸੀਂ ਪਹਿਲਾਂ ਰੋਲ ਬੈਕ ਕੀਤੇ ਬਿਨਾਂ ਤੇਜ਼ ਕਰਨ ਦੇ ਯੋਗ ਹੋ। ਪਿੱਛੇ ਵੱਲ ਘੁੰਮਣ ਨਾਲ ਤੁਸੀਂ ਕਿਸੇ ਵਾਹਨ ਜਾਂ ਤੁਹਾਡੇ ਟਰੱਕ ਦੇ ਪਿੱਛੇ ਕਿਸੇ ਹੋਰ ਰੁਕਾਵਟ ਨਾਲ ਟਕਰਾ ਸਕਦੇ ਹੋ।
11460,ਟਰੈਕਟਰ ਸੁਰੱਖਿਆ ਵਾਲਵ ਦੀ ਜਾਂਚ ਕਰੋ:,,ਏਅਰ ਸਪਲਾਈ ਨੌਬ ਨੂੰ ਹਟਾਉਣਾ.,ਪਾਰਕਿੰਗ ਬ੍ਰੇਕ ਕੰਟਰੋਲ ਨੌਬ ਨੂੰ ਹਟਾਉਣਾ.,ਬ੍ਰੇਕ ਪੈਡਲ ਨਾਲ ਹਵਾ ਛੱਡਣਾ।,ਗੈਸ ਪੈਡਲ ਨਾਲ ਹਵਾ ਛੱਡਣਾ.,C,"ਤੁਹਾਨੂੰ ਏਅਰ ਸਪਲਾਈ ਨੂੰ ਠੀਕ ਤਰ੍ਹਾਂ ਚਾਰਜ ਕਰਨ ਦੀ ਆਗਿਆ ਦੇ ਕੇ, ਇੰਜਣ ਨੂੰ ਬੰਦ ਕਰਕੇ, ਫਿਰ ਬ੍ਰੇਕ ਪੈਡਲ ਨੂੰ ਕਈ ਵਾਰ ਦਬਾ ਕੇ ਸਿਸਟਮ ਤੋਂ ਹਵਾ ਛੱਡ ਕੇ ਟਰੈਕਟਰ ਸੁਰੱਖਿਆ ਵਾਲਵ ਦੀ ਜਾਂਚ ਕਰਨੀ ਚਾਹੀਦੀ ਹੈ। ਜਦੋਂ psi ਅਸੁਰੱਖਿਅਤ ਪੱਧਰ 'ਤੇ ਡਿੱਗਦਾ ਹੈ ਤਾਂ ਟਰੈਕਟਰ ਸੁਰੱਖਿਆ ਵਾਲਵ ਨੂੰ ਆਪਣੀ ਐਮਰਜੈਂਸੀ ਸਥਿਤੀ ਵਿੱਚ ਜਾਣਾ ਚਾਹੀਦਾ ਹੈ।"
8562,"ਠੰਡੇ ਮੌਸਮ ਵਿੱਚ, ਜਿਵੇਂ ਕਿ ਤਾਪਮਾਨ ਵਧਣਾ ਸ਼ੁਰੂ ਹੋ ਜਾਂਦਾ ਹੈ ਅਤੇ ਬਰਫ਼ ਪਿਘਲਣੀ ਸ਼ੁਰੂ ਹੋ ਜਾਂਦੀ ਹੈ:",,ਆਮ ਤੌਰ 'ਤੇ ਗੱਡੀ ਚਲਾਉਣਾ ਸੁਰੱਖਿਅਤ ਹੁੰਦਾ ਹੈ।,ਸੜਕ ਹੋਰ ਵੀ ਤਿਲਕਣ ਹੋ ਜਾਵੇਗੀ।,ਖਿੱਚ ਵਧੇਗੀ।,,B,"ਜਿਵੇਂ ਕਿ ਤਾਪਮਾਨ ਵਧਣਾ ਸ਼ੁਰੂ ਹੁੰਦਾ ਹੈ ਅਤੇ ਸੜਕ 'ਤੇ ਬਰਫ਼ ਪਿਘਲਣੀ ਸ਼ੁਰੂ ਹੁੰਦੀ ਹੈ, ਸੜਕ ਦੀ ਸਤ੍ਹਾ ਅਕਸਰ ਹੋਰ ਵੀ ਤਿਲਕਣ ਹੋ ਜਾਂਦੀ ਹੈ। ਮਾਮੂਲੀ ਪਿਘਲਣ ਤੋਂ ਪਾਣੀ ਬਰਫ਼ ਦੇ ਸਿਖਰ 'ਤੇ ਬੈਠ ਜਾਵੇਗਾ, ਉਪਲਬਧ ਟ੍ਰੈਕਸ਼ਨ ਨੂੰ ਹੋਰ ਵੀ ਘਟਾ ਦੇਵੇਗਾ। ਤਿਲਕਣ ਵਾਲੀਆਂ ਸਤਹਾਂ 'ਤੇ ਯਾਤਰਾ ਕਰਦੇ ਸਮੇਂ ਹਮੇਸ਼ਾ ਆਪਣੀ ਗਤੀ ਘਟਾਓ ਅਤੇ ਸਾਵਧਾਨੀ ਨਾਲ ਗੱਡੀ ਚਲਾਓ।"
11264,ਇੰਜਣ ਸ਼ੁਰੂ ਕਰਨ ਵੇਲੇ:,,ਬ੍ਰੇਕਾਂ ਲੌਕ ਹੋ ਜਾਣਗੀਆਂ।,"ਚੇਤਾਵਨੀ ਲਾਈਟਾਂ ਚਾਲੂ ਹੋਣੀਆਂ ਚਾਹੀਦੀਆਂ ਹਨ, ਫਿਰ ਜਲਦੀ ਬੰਦ ਹੋ ਜਾਣੀਆਂ ਚਾਹੀਦੀਆਂ ਹਨ।",ਕੂਲੈਂਟ ਦਾ ਤਾਪਮਾਨ ਘਟਣਾ ਚਾਹੀਦਾ ਹੈ।,,B,"ਵਾਹਨ ਚਾਲੂ ਹੋਣ ਤੋਂ ਬਾਅਦ, ਚੇਤਾਵਨੀ ਲਾਈਟਾਂ ਅਤੇ ਬਜ਼ਰ ਕੁਝ ਸਕਿੰਟਾਂ ਬਾਅਦ ਬੰਦ ਹੋ ਜਾਣੇ ਚਾਹੀਦੇ ਹਨ। ਜੇਕਰ ਚੇਤਾਵਨੀ ਸਿਗਨਲ ਬੰਦ ਨਹੀਂ ਹੁੰਦੇ ਹਨ, ਤਾਂ ਵਾਹਨ ਵਿੱਚ ਕੁਝ ਗੜਬੜ ਹੋ ਸਕਦੀ ਹੈ।"
9237,ਵ੍ਹੀਲ ਨਟਸ ਦੇ ਆਲੇ ਦੁਆਲੇ ਜੰਗਾਲ ਦਾ ਮਤਲਬ ਹੋ ਸਕਦਾ ਹੈ:,,ਹਾਲ ਹੀ ਵਿੱਚ ਮੀਂਹ ਪਿਆ।,ਗਿਰੀਦਾਰ ਢਿੱਲੇ ਹਨ.,ਗਿਰੀਦਾਰ ਬਹੁਤ ਤੰਗ ਹਨ.,,B,ਹਰ ਡਰਾਈਵ ਤੋਂ ਪਹਿਲਾਂ ਆਪਣੇ ਟਾਇਰਾਂ ਦੀ ਜਾਂਚ ਕਰਨਾ ਮਹੱਤਵਪੂਰਨ ਹੈ। ਵ੍ਹੀਲ ਨਟਸ ਦੇ ਆਲੇ ਦੁਆਲੇ ਜੰਗਾਲ ਇਹ ਸੰਕੇਤ ਕਰ ਸਕਦਾ ਹੈ ਕਿ ਉਹ ਢਿੱਲੇ ਹਨ।
11906,"ਜੇਕਰ ਤੁਸੀਂ ਸੁੱਕੇ ਫੁੱਟਪਾਥ 'ਤੇ 55 ਮੀਲ ਪ੍ਰਤੀ ਘੰਟਾ ਦੀ ਰਫ਼ਤਾਰ ਨਾਲ ਸਫ਼ਰ ਕਰਦੇ ਹੋਏ ਬ੍ਰੇਕ ਲਗਾ ਰਹੇ ਹੋ, ਤਾਂ ਬ੍ਰੇਕ ਲੈਗ ਤੁਹਾਡੀ ਸਮੁੱਚੀ ਸਟਾਪਿੰਗ ਦੂਰੀ ਨੂੰ ਕਿੰਨੀ ਦੂਰੀ ਵਧਾਏਗੀ?",,32 ਫੁੱਟ,45 ਫੁੱਟ,20 ਫੁੱਟ,,A,"ਏਅਰ ਬ੍ਰੇਕਾਂ ਨਾਲ ਲੈਸ ਵਾਹਨਾਂ ਲਈ ਕੁੱਲ ਰੁਕਣ ਦੀ ਦੂਰੀ ਚਾਰ ਕਾਰਕਾਂ ਨਾਲ ਬਣੀ ਹੈ: ਧਾਰਨਾ ਦੂਰੀ, ਪ੍ਰਤੀਕ੍ਰਿਆ ਦੂਰੀ, ਬ੍ਰੇਕ ਲੈਗ ਦੂਰੀ, ਅਤੇ ਬ੍ਰੇਕਿੰਗ ਦੂਰੀ। ਜਦੋਂ ਸੁੱਕੇ ਫੁੱਟਪਾਥ 'ਤੇ ਗੱਡੀ ਚਲਾਉਂਦੇ ਹੋਏ 55 mph ਦੀ ਰਫਤਾਰ ਨਾਲ ਬ੍ਰੇਕ ਲਗਾਉਂਦੇ ਹੋ, ਤਾਂ ਬ੍ਰੇਕ ਲੈਗ ਵਾਹਨ ਦੀ ਕੁੱਲ ਰੁਕਣ ਦੀ ਦੂਰੀ ਵਿੱਚ ਲਗਭਗ 32 ਫੁੱਟ ਜੋੜ ਸਕਦੀ ਹੈ।"
9267,"ਜੇਕਰ ਕੋਈ ਹਮਲਾਵਰ ਡਰਾਈਵਰ ਅੱਗੇ ਸੜਕ 'ਤੇ ਕਿਸੇ ਹਾਦਸੇ ਵਿੱਚ ਸ਼ਾਮਲ ਹੁੰਦਾ ਹੈ, ਤਾਂ ਤੁਹਾਨੂੰ ਇਹ ਕਰਨਾ ਚਾਹੀਦਾ ਹੈ:",,ਰੁਕੋ ਅਤੇ ਡਰਾਈਵਰ ਦਾ ਸਾਹਮਣਾ ਕਰੋ।,"ਹਾਦਸੇ ਵਾਲੀ ਥਾਂ ਤੋਂ ਇੱਕ ਸੁਰੱਖਿਅਤ ਦੂਰੀ 'ਤੇ ਰੁਕੋ, ਪੁਲਿਸ ਦੇ ਆਉਣ ਦੀ ਉਡੀਕ ਕਰੋ, ਅਤੇ ਉਹਨਾਂ ਨੂੰ ਡਰਾਈਵਰ ਦੇ ਵਿਵਹਾਰ ਬਾਰੇ ਦੱਸੋ।",ਆਪਣੇ ਵਾਹਨ ਦੇ ਨਾਲ ਡਰਾਈਵਰ ਨੂੰ ਰੋਕੋ.,,B,"ਜੇਕਰ ਤੁਸੀਂ ਇੱਕ ਹਮਲਾਵਰ ਡਰਾਈਵਰ ਨੂੰ ਸ਼ਾਮਲ ਕਰਦੇ ਹੋਏ ਇੱਕ ਕਰੈਸ਼ ਦੇਖਦੇ ਹੋ, ਤਾਂ ਤੁਹਾਨੂੰ ਹਾਦਸੇ ਵਾਲੀ ਥਾਂ ਤੋਂ ਇੱਕ ਸੁਰੱਖਿਅਤ ਦੂਰੀ 'ਤੇ ਰੁਕਣਾ ਚਾਹੀਦਾ ਹੈ, ਪੁਲਿਸ ਦੇ ਆਉਣ ਦੀ ਉਡੀਕ ਕਰਨੀ ਚਾਹੀਦੀ ਹੈ, ਅਤੇ ਉਹਨਾਂ ਨੂੰ ਹਮਲਾਵਰ ਵਿਵਹਾਰ ਬਾਰੇ ਸੂਚਿਤ ਕਰਨਾ ਚਾਹੀਦਾ ਹੈ ਜੋ ਤੁਸੀਂ ਦੇਖਿਆ ਹੈ।"
11443,"ਇੱਕ ਜੋੜਨ ਵਾਲੇ ਯੰਤਰ ਦੀ ਦ੍ਰਿਸ਼ਟੀਗਤ ਜਾਂਚ ਕਰਦੇ ਸਮੇਂ, ਤੁਹਾਨੂੰ ਇਹ ਕਰਨਾ ਚਾਹੀਦਾ ਹੈ:",,ਪੰਜਵੇਂ ਪਹੀਏ 'ਤੇ ਚਿੱਕੜ ਦੀ ਭਾਲ ਕਰੋ.,ਯਕੀਨੀ ਬਣਾਓ ਕਿ ਕਿੰਗਪਿਨ ਪਾਲਿਸ਼ ਕੀਤੀ ਗਈ ਹੈ।,ਯਕੀਨੀ ਬਣਾਓ ਕਿ ਉੱਪਰਲੇ ਅਤੇ ਹੇਠਲੇ ਪੰਜਵੇਂ ਪਹੀਏ ਦੇ ਵਿਚਕਾਰ ਇੱਕ ਥਾਂ ਹੈ।,ਯਕੀਨੀ ਬਣਾਓ ਕਿ ਕਿੰਗਪਿਨ 'ਤੇ ਲਾਕਿੰਗ ਜਬਾੜੇ ਬੰਦ ਹਨ।,D,"ਕਪਲਿੰਗ ਡਿਵਾਈਸਾਂ ਦੀ ਵਿਜ਼ੂਅਲ ਜਾਂਚ ਕਰਦੇ ਸਮੇਂ, ਤੁਹਾਨੂੰ ਇਹ ਯਕੀਨੀ ਬਣਾਉਣਾ ਚਾਹੀਦਾ ਹੈ ਕਿ ਉਪਰਲੇ ਅਤੇ ਹੇਠਲੇ ਪੰਜਵੇਂ ਪਹੀਏ ਦੇ ਵਿਚਕਾਰ ਕੋਈ ਥਾਂ ਨਹੀਂ ਹੈ। ਯਕੀਨੀ ਬਣਾਓ ਕਿ ਕਿੰਗਪਿਨ ਦੇ ਸ਼ੰਕ ਦੇ ਆਲੇ-ਦੁਆਲੇ ਤਾਲਾ ਲਗਾਉਣ ਵਾਲੇ ਜਬਾੜੇ ਸੁਰੱਖਿਅਤ ਢੰਗ ਨਾਲ ਬੰਦ ਹਨ।"
9257,ਆਈਸਕ੍ਰੀਮ ਟਰੱਕ ਦੂਜੇ ਡਰਾਈਵਰਾਂ ਲਈ ਕਿਵੇਂ ਖਤਰਨਾਕ ਬਣਦੇ ਹਨ?,,ਆਈਸ ਕਰੀਮ ਦੇ ਟਰੱਕਾਂ ਨੂੰ ਠੰਡਾ ਰੱਖਣਾ ਚਾਹੀਦਾ ਹੈ।,ਬੱਚੇ ਅਕਸਰ ਕਿਸੇ ਹੋਰ ਟ੍ਰੈਫਿਕ ਦੀ ਤਲਾਸ਼ ਕੀਤੇ ਬਿਨਾਂ ਇੱਕ ਆਈਸਕ੍ਰੀਮ ਟਰੱਕ ਵੱਲ ਭੱਜਦੇ ਹਨ।,ਆਈਸ ਕਰੀਮ ਦੇ ਟਰੱਕ ਸੜਕ 'ਤੇ ਪਾਣੀ ਅਤੇ ਬਰਫ਼ ਦੇ ਟ੍ਰੇਲ ਛੱਡਦੇ ਹਨ।,,B,ਆਈਸ ਕਰੀਮ ਟਰੱਕ ਦੂਜੇ ਡਰਾਈਵਰਾਂ ਲਈ ਖਤਰਨਾਕ ਸਥਿਤੀਆਂ ਪੈਦਾ ਕਰ ਸਕਦੇ ਹਨ ਕਿਉਂਕਿ ਉਹ ਬੱਚਿਆਂ ਨੂੰ ਆਕਰਸ਼ਿਤ ਕਰਦੇ ਹਨ। ਬੱਚੇ ਅਕਸਰ ਆਈਸਕ੍ਰੀਮ ਟਰੱਕਾਂ ਵੱਲ ਜਾਂ ਉਸ ਤੋਂ ਭੱਜਦੇ ਸਮੇਂ ਸੜਕ 'ਤੇ ਹੋਰ ਵਾਹਨਾਂ ਵੱਲ ਧਿਆਨ ਨਹੀਂ ਦਿੰਦੇ ਜਾਂ ਧਿਆਨ ਨਹੀਂ ਦਿੰਦੇ।
9573,ਰੀਗਰੂਵਡ ਟਾਇਰ ਹਨ:,,ਸਿਰਫ਼ ਬੱਸ ਦੇ ਮੂਹਰਲੇ ਪਾਸੇ ਦੀ ਇਜਾਜ਼ਤ ਹੈ।,ਬੱਸ ਦੇ ਪਿਛਲੇ ਪਾਸੇ ਹੀ ਆਗਿਆ ਹੈ।,ਬੱਸ 'ਤੇ ਕਿਤੇ ਵੀ ਇਜਾਜ਼ਤ ਨਹੀਂ ਹੈ।,,B,"ਬੱਸ ਦੇ ਮੂਹਰਲੇ ਪਾਸੇ ਮੁੜ-ਗਰੋਵਡ, ਰੀਕੈਪਡ ਜਾਂ ਰੀਟੇਡ ਕੀਤੇ ਟਾਇਰਾਂ ਦੀ ਵਰਤੋਂ ਕਰਨ ਦੀ ਇਜਾਜ਼ਤ ਨਹੀਂ ਹੈ।"
11896,"ਦੋਹਰੀ ਏਅਰ ਬ੍ਰੇਕ ਪ੍ਰਣਾਲੀ ਵਿੱਚ, ਹਵਾ ਦਾ ਦਬਾਅ 85 ਤੋਂ 100 psi ਤੱਕ ____ ਸਕਿੰਟਾਂ ਵਿੱਚ ਬਣਨਾ ਚਾਹੀਦਾ ਹੈ।",,25,10,45,,C,"ਦੋਹਰੀ ਏਅਰ ਬ੍ਰੇਕ ਪ੍ਰਣਾਲੀ ਵਾਲੇ ਵਾਹਨ ਦਾ ਮੁਆਇਨਾ ਕਰਦੇ ਸਮੇਂ, ਤੁਹਾਨੂੰ ਪ੍ਰਾਇਮਰੀ ਅਤੇ ਸੈਕੰਡਰੀ ਦੋਵਾਂ ਪ੍ਰਣਾਲੀਆਂ ਵਿੱਚ 85 ਤੋਂ 100 psi ਤੱਕ ਹਵਾ ਦੇ ਦਬਾਅ ਦੇ ਬਣਨ ਦੀ ਉਡੀਕ ਕਰਨੀ ਚਾਹੀਦੀ ਹੈ। ਇਸ ਵਿੱਚ ਲਗਭਗ 45 ਸਕਿੰਟ ਲੱਗਣੇ ਚਾਹੀਦੇ ਹਨ।"
11180,ਕੀ ਹੁੰਦਾ ਹੈ ਜਦੋਂ ਕੋਈ ਵਾਹਨ ਹਾਈਡ੍ਰੋਪਲੇਨਸ ਕਰਦਾ ਹੈ?,,ਟਾਇਰਾਂ ਦਾ ਸੜਕ ਨਾਲ ਸੰਪਰਕ ਟੁੱਟ ਜਾਂਦਾ ਹੈ।,ਟ੍ਰੇਲਰ ਟਰੈਕਟਰ ਤੋਂ ਵੱਖ ਹੋ ਗਿਆ।,ਵਾਹਨ ਨੂੰ ਕੰਟਰੋਲ ਕਰਨਾ ਆਸਾਨ ਹੋ ਜਾਂਦਾ ਹੈ।,,A,"ਇੱਕ ਗਿੱਲੀ ਸੜਕ 'ਤੇ, ਵਾਹਨ ਦੇ ਟਾਇਰਾਂ ਲਈ ਸੜਕ ਦੀ ਸਤ੍ਹਾ ਦੇ ਨਾਲ ਟ੍ਰੈਕਸ਼ਨ ਗੁਆਉਣਾ ਅਤੇ ਪਾਣੀ ਦੀ ਪਰਤ ਦੇ ਨਾਲ-ਨਾਲ ਗਲਾਈਡ ਕਰਨਾ ਸੰਭਵ ਹੈ। ਇਸ ਨੂੰ ਹਾਈਡ੍ਰੋਪਲੇਨਿੰਗ ਕਿਹਾ ਜਾਂਦਾ ਹੈ। ਹਾਈਡ੍ਰੋਪਲੇਨਿੰਗ 30 ਮੀਲ ਪ੍ਰਤੀ ਘੰਟਾ ਤੋਂ ਘੱਟ ਸਪੀਡ 'ਤੇ ਹੋ ਸਕਦੀ ਹੈ।"
11366,ਹਰੀ ਬੱਤੀ 'ਤੇ ਰੁਕਣ ਵਾਲਾ ਡਰਾਈਵਰ ਇਹ ਹੋ ਸਕਦਾ ਹੈ:,,ਇੱਕ ਕਮਜ਼ੋਰ ਡਰਾਈਵਰ।,ਇੱਕ ਡਰਾਈਵਰ ਜੋ ਰੰਗ ਅੰਨ੍ਹਾ ਹੈ।,ਇੱਕ ਵਿਅਕਤੀ ਜੋ ਸੜਕ ਦੇ ਨਿਯਮਾਂ ਨੂੰ ਨਹੀਂ ਜਾਣਦਾ.,,A,"ਹੋਰ ਡਰਾਈਵਰਾਂ ਦੀਆਂ ਕਾਰਵਾਈਆਂ ਨੂੰ ਦੇਖਣਾ ਅਤੇ ਸੁਰਾਗ ਦੀ ਪਛਾਣ ਕਰਨਾ ਮਹੱਤਵਪੂਰਨ ਹੈ ਕਿ ਕੋਈ ਵਿਅਕਤੀ ਕਮਜ਼ੋਰ ਡਰਾਈਵਿੰਗ ਕਰ ਸਕਦਾ ਹੈ। ਜਿਨ੍ਹਾਂ ਡਰਾਈਵਰਾਂ ਨੇ ਬਹੁਤ ਜ਼ਿਆਦਾ ਸ਼ਰਾਬ ਪੀ ਲਈ ਹੈ, ਨੀਂਦ ਆ ਰਹੀ ਹੈ, ਨਸ਼ੇ 'ਤੇ ਹਨ, ਜਾਂ ਬਿਮਾਰ ਹਨ, ਉਹ ਦੂਜੇ ਡਰਾਈਵਰਾਂ ਲਈ ਖਤਰੇ ਪੈਦਾ ਕਰ ਸਕਦੇ ਹਨ। ਇੱਕ ਸੰਕੇਤ ਜੋ ਕਿ ਇੱਕ ਡਰਾਈਵਰ ਕਮਜ਼ੋਰ ਹੋ ਸਕਦਾ ਹੈ ਉਹ ਇਹ ਹੈ ਕਿ ਉਹ ਅਣਉਚਿਤ ਥਾਵਾਂ 'ਤੇ ਰੁਕਦੇ ਹਨ, ਜਿਵੇਂ ਕਿ ਹਰੀਆਂ ਟ੍ਰੈਫਿਕ ਲਾਈਟਾਂ 'ਤੇ।"
8517,ਤੁਸੀਂ ਹਾਈਡ੍ਰੌਲਿਕ ਬ੍ਰੇਕਾਂ ਵਿੱਚ ਲੀਕ ਦੀ ਜਾਂਚ ਕਿਵੇਂ ਕਰ ਸਕਦੇ ਹੋ?,,"ਬ੍ਰੇਕ ਪੈਡਲ ਨੂੰ ਤਿੰਨ ਵਾਰ ਪੰਪ ਕਰੋ, ਫਿਰ ਪੈਡਲ ਨੂੰ ਪੰਜ ਸਕਿੰਟਾਂ ਲਈ ਦਬਾ ਕੇ ਰੱਖੋ। ਜੇਕਰ ਪੈਡਲ ਹਿਲਦਾ ਹੈ, ਤਾਂ ਕੋਈ ਸਮੱਸਿਆ ਹੋ ਸਕਦੀ ਹੈ।","ਬ੍ਰੇਕ ਪੈਡਲ ਨੂੰ ਜਿੱਥੋਂ ਤੱਕ ਹੋ ਸਕੇ ਹੇਠਾਂ ਵੱਲ ਧੱਕੋ ਅਤੇ ਛੱਡੋ। ਜੇਕਰ ਬ੍ਰੇਕ ਪੈਡਲ ਆਪਣੀ ਆਮ ਸਥਿਤੀ 'ਤੇ ਵਾਪਸ ਆ ਜਾਂਦਾ ਹੈ, ਤਾਂ ਕੋਈ ਸਮੱਸਿਆ ਹੋ ਸਕਦੀ ਹੈ।","ਬ੍ਰੇਕ ਪੈਡਲ ਨੂੰ ਜਿੱਥੋਂ ਤੱਕ ਹੋ ਸਕੇ ਹੇਠਾਂ ਵੱਲ ਧੱਕੋ ਅਤੇ ਛੱਡੋ। ਜੇਕਰ ਬ੍ਰੇਕ ਚੀਕਦੀ ਹੈ, ਤਾਂ ਕੋਈ ਸਮੱਸਿਆ ਹੋ ਸਕਦੀ ਹੈ।",,A,"ਪੰਜ ਸਕਿੰਟਾਂ ਲਈ ਪੈਡਲ 'ਤੇ ਮਜ਼ਬੂਤ ​​ਦਬਾਅ ਪਾਉਣ ਤੋਂ ਪਹਿਲਾਂ ਬ੍ਰੇਕ ਪੈਡਲ ਨੂੰ ਤਿੰਨ ਵਾਰ ਪੰਪ ਕਰਕੇ ਹਾਈਡ੍ਰੌਲਿਕ ਬ੍ਰੇਕਾਂ ਦੀ ਜਾਂਚ ਕਰੋ। ਪੈਡਲ ਨੂੰ ਹਿਲਾਉਣਾ ਨਹੀਂ ਚਾਹੀਦਾ। ਜੇਕਰ ਅਜਿਹਾ ਹੁੰਦਾ ਹੈ, ਤਾਂ ਬ੍ਰੇਕਿੰਗ ਸਿਸਟਮ ਵਿੱਚ ਲੀਕ ਜਾਂ ਕੋਈ ਹੋਰ ਸਮੱਸਿਆ ਹੋ ਸਕਦੀ ਹੈ।"
9870,"ਪੂਰਵ-ਯਾਤਰਾ ਦੇ ਨਿਰੀਖਣ ਦੇ ਹਿੱਸੇ ਵਜੋਂ, ਤੁਹਾਨੂੰ ਹੇਠ ਲਿਖੀਆਂ ਸਾਰੀਆਂ ਚੀਜ਼ਾਂ ਦੀ ਭਾਲ ਕਰਨੀ ਚਾਹੀਦੀ ਹੈ, ਸਿਵਾਏ:",,ਬਹੁਤ ਜ਼ਿਆਦਾ ਹਵਾ ਦੇ ਦਬਾਅ ਵਾਲੇ ਟਾਇਰ.,ਬਹੁਤ ਜ਼ਿਆਦਾ ਪਹਿਨਣ ਵਾਲੇ ਟਾਇਰ.,ਵੱਖ-ਵੱਖ ਨਿਰਮਾਤਾਵਾਂ ਦੁਆਰਾ ਬਣਾਏ ਗਏ ਟਾਇਰ।,,C,"ਆਪਣੇ ਟਾਇਰਾਂ ਦਾ ਮੁਆਇਨਾ ਕਰਦੇ ਸਮੇਂ, ਇਹ ਪੁਸ਼ਟੀ ਕਰੋ ਕਿ ਅਗਲੇ ਟਾਇਰਾਂ 'ਤੇ ਹਰੇਕ ਵੱਡੇ ਗਰੂਵ ਵਿੱਚ ਘੱਟੋ-ਘੱਟ 4/32 ਇੰਚ ਦੀ ਡੂੰਘਾਈ ਹੈ ਅਤੇ ਦੂਜੇ ਟਾਇਰਾਂ 'ਤੇ ਘੱਟੋ-ਘੱਟ 2/32 ਇੱਕ ਇੰਚ ਦੀ ਡੂੰਘਾਈ ਹੈ। ਇਹ ਸੁਨਿਸ਼ਚਿਤ ਕਰੋ ਕਿ ਤੁਹਾਡੇ ਟਾਇਰ ਬਹੁਤ ਜ਼ਿਆਦਾ ਖਰਾਬ ਨਹੀਂ ਹਨ, ਫਟੇ ਨਹੀਂ ਹਨ, ਹਵਾ ਦਾ ਦਬਾਅ ਸਹੀ ਹੈ, ਅਤੇ ਸਾਰੇ ਬਰਾਬਰ ਆਕਾਰ ਦੇ ਹਨ।"
11465,"ਇੱਕ ਲਾਗੂ ਲੀਕੇਜ ਟੈਸਟ ਦੇ ਦੌਰਾਨ, ਇੱਕ ਡਬਲ ਮਿਸ਼ਰਨ ਵਾਹਨ ਲਈ ਵੱਧ ਤੋਂ ਵੱਧ ਲੀਕੇਜ ਦਰ ਹੈ:",,ਇੱਕ ਮਿੰਟ ਵਿੱਚ 10 psi.,ਇੱਕ ਮਿੰਟ ਵਿੱਚ 8 ਪੀ.ਐਸ.ਆਈ.,ਇੱਕ ਮਿੰਟ ਵਿੱਚ 6 ਪੀ.ਐਸ.ਆਈ.,ਇੱਕ ਮਿੰਟ ਵਿੱਚ 4 ਪੀ.ਐਸ.ਆਈ.,D,ਤੁਹਾਡੇ ਖਾਸ ਵਾਹਨ ਲਈ ਵੱਧ ਤੋਂ ਵੱਧ ਹਵਾ ਦੇ ਨੁਕਸਾਨ ਦੀ ਦਰ ਨੂੰ ਜਾਣਨਾ ਮਹੱਤਵਪੂਰਨ ਹੈ। ਇੱਕ ਲਾਗੂ ਲੀਕੇਜ ਟੈਸਟ ਦੌਰਾਨ ਇੱਕ ਡਬਲ ਕੰਬੀਨੇਸ਼ਨ ਵਾਹਨ ਦੀ ਲੀਕੇਜ ਦਰ ਇੱਕ ਮਿੰਟ ਵਿੱਚ 4 psi ਤੋਂ ਵੱਧ ਨਹੀਂ ਹੋਣੀ ਚਾਹੀਦੀ।
9577,ਡਰਾਈਵਰ ਨੂੰ ਵਾਹਨ ਦੀ ਜਾਂਚ ਰਿਪੋਰਟ 'ਤੇ ਕਦੋਂ ਦਸਤਖਤ ਕਰਨੇ ਚਾਹੀਦੇ ਹਨ?,,ਹਰ ਯਾਤਰਾ ਦੇ ਬਾਅਦ,ਜੇ ਨੋਟ ਕੀਤੇ ਨੁਕਸ ਦੀ ਮੁਰੰਮਤ ਕੀਤੀ ਜਾਂਦੀ ਹੈ,ਹਰ ਬਾਲਣ ਦੇ ਬਾਅਦ,,B,ਤੁਹਾਨੂੰ ਵਾਹਨ ਨਿਰੀਖਣ ਰਿਪੋਰਟ 'ਤੇ ਸਿਰਫ਼ ਉਦੋਂ ਹੀ ਦਸਤਖਤ ਕਰਨੇ ਚਾਹੀਦੇ ਹਨ ਜੇਕਰ ਨੁਕਸ ਨੋਟ ਕੀਤੇ ਗਏ ਹੋਣ ਅਤੇ ਜਾਂ ਤਾਂ ਮੁਰੰਮਤ ਕੀਤੇ ਜਾਣ ਲਈ ਪ੍ਰਮਾਣਿਤ ਹੋਵੇ ਜਾਂ ਮੁਰੰਮਤ ਕਰਨ ਦੀ ਲੋੜ ਨਾ ਹੋਣ ਵਜੋਂ ਪ੍ਰਮਾਣਿਤ ਹੋਵੇ।
8530,"ਪਹਾੜੀ ਤੋਂ ਹੇਠਾਂ ਦੀ ਯਾਤਰਾ ਕਰਦੇ ਸਮੇਂ, ਤੁਸੀਂ ਲੋੜੀਂਦੀ ਬ੍ਰੇਕਿੰਗ ਦੀ ਮਾਤਰਾ ਨੂੰ ਇਹਨਾਂ ਦੁਆਰਾ ਘਟਾ ਸਕਦੇ ਹੋ:",,ਇੱਕ ਉੱਚ ਗੇਅਰ ਵਿੱਚ ਬਦਲਣਾ.,ਇੱਕ ਹੇਠਲੇ ਗੇਅਰ ਵਿੱਚ ਬਦਲਣਾ.,ਨਿਰਪੱਖ ਵਿੱਚ ਬਦਲਣਾ.,,B,"ਕਿਸੇ ਪਹਾੜੀ ਤੋਂ ਹੇਠਾਂ ਜਾਣ ਤੋਂ ਪਹਿਲਾਂ, ਹੌਲੀ ਕਰੋ ਅਤੇ ਇੱਕ ਗੇਅਰ ਵਿੱਚ ਹੇਠਾਂ ਸ਼ਿਫਟ ਕਰੋ ਜੋ ਤੁਹਾਨੂੰ ਬਹੁਤ ਜ਼ਿਆਦਾ ਬ੍ਰੇਕ ਲਗਾਏ ਬਿਨਾਂ ਆਪਣੇ ਵਾਹਨ ਨੂੰ ਕੰਟਰੋਲ ਕਰਨ ਦੇਵੇਗਾ। ਹੇਠਾਂ ਵੱਲ ਗੱਡੀ ਚਲਾਉਂਦੇ ਸਮੇਂ ਬਹੁਤ ਜ਼ਿਆਦਾ ਬ੍ਰੇਕ ਦੀ ਵਰਤੋਂ ਕਰਨ ਨਾਲ ਬ੍ਰੇਕ ਜ਼ਿਆਦਾ ਗਰਮ ਹੋ ਸਕਦੀ ਹੈ, ਬ੍ਰੇਕਿੰਗ ਪਾਵਰ ਨੂੰ ਘਟਾ ਸਕਦੀ ਹੈ।"
11273,ਮੀਂਹ ਪੈਣ ਤੋਂ ਬਾਅਦ ਸੜਕਾਂ ਖਾਸ ਤੌਰ 'ਤੇ ਤਿਲਕਣ ਹੋ ਜਾਂਦੀਆਂ ਹਨ ਕਿਉਂਕਿ:,,ਪਾਣੀ ਸੜਕ 'ਤੇ ਤੇਲ ਅਤੇ ਗਰੀਸ ਨਾਲ ਰਲ ਜਾਂਦਾ ਹੈ।,ਗਿੱਲੇ ਮੌਸਮ ਵਿੱਚ ਗੱਡੀ ਚਲਾਉਣ ਲਈ ਟਾਇਰ ਨਹੀਂ ਬਣਾਏ ਜਾਂਦੇ।,ਪਾਣੀ ਨੇ ਅਜੇ ਤੱਕ ਗੰਦਗੀ ਅਤੇ ਗਰੀਸ ਨੂੰ ਜਜ਼ਬ ਨਹੀਂ ਕੀਤਾ ਹੈ.,,A,ਸੜਕਾਂ ਅਕਸਰ ਖਾਸ ਤੌਰ 'ਤੇ ਤਿਲਕਣ ਵਾਲੀਆਂ ਹੁੰਦੀਆਂ ਹਨ ਜਦੋਂ ਪਹਿਲੀ ਵਾਰ ਮੀਂਹ ਪੈਂਦਾ ਹੈ। ਮੀਂਹ ਦਾ ਪਾਣੀ ਸੜਕ ਦੀ ਸਤ੍ਹਾ 'ਤੇ ਤੇਲ ਅਤੇ ਗਰੀਸ ਦੇ ਨਾਲ ਮਿਲਾਏ ਜਾਣ 'ਤੇ ਇੱਕ ਤਿੱਖੀ ਫਿਲਮ ਬਣਾਉਂਦਾ ਹੈ ਜੋ ਅਜੇ ਤੱਕ ਧੋਤੀ ਨਹੀਂ ਗਈ ਹੈ।
8633,ਐਂਟੀ-ਲਾਕ ਬ੍ਰੇਕਿੰਗ ਸਿਸਟਮ (ABS):,,ਵਾਹਨ ਦੀ ਆਮ ਬ੍ਰੇਕਿੰਗ ਸਮਰੱਥਾ ਨੂੰ ਘਟਾਓ।,ਹੋਰ ਬ੍ਰੇਕਿੰਗ ਪ੍ਰਣਾਲੀਆਂ ਤੋਂ ਇਲਾਵਾ ਹਨ ਅਤੇ ਵਾਹਨ ਦੀ ਬ੍ਰੇਕਿੰਗ ਪਾਵਰ ਨੂੰ ਘੱਟ ਨਹੀਂ ਕਰਦੇ ਹਨ।,ਵੱਡੇ ਵਾਹਨਾਂ 'ਤੇ ਪ੍ਰਭਾਵਸ਼ਾਲੀ ਨਹੀਂ ਹਨ।,,B,"ਜੇਕਰ ਲੈਸ ਹੈ, ਤਾਂ ABS ਵਾਹਨ ਦੇ ਸਾਧਾਰਨ ਬ੍ਰੇਕਿੰਗ ਸਿਸਟਮ ਤੋਂ ਇਲਾਵਾ ਹੈ ਅਤੇ ਕਿਸੇ ਹੋਰ ਸਿਸਟਮ ਦੀ ਬ੍ਰੇਕਿੰਗ ਪਾਵਰ ਨੂੰ ਵਧਾਉਂਦਾ ਜਾਂ ਘਟਾਉਂਦਾ ਨਹੀਂ ਹੈ। ABS ਸਿਰਫ਼ ਉਦੋਂ ਕਿਰਿਆਸ਼ੀਲ ਹੁੰਦਾ ਹੈ ਜਦੋਂ ਕਿਸੇ ਵਾਹਨ ਦੇ ਪਹੀਏ ਲਾਕ ਹੋਣ ਵਾਲੇ ਹੁੰਦੇ ਹਨ।"
11297,ਵਾਹਨ ਜਿੰਨਾ ਭਾਰਾ:,,ਘੱਟ ਮਹੱਤਵਪੂਰਨ ਬ੍ਰੇਕ ਬਣ ਜਾਂਦੇ ਹਨ।,ਬਰੇਕਾਂ ਨੂੰ ਜਿੰਨਾ ਔਖਾ ਕੰਮ ਕਰਨਾ ਪੈਂਦਾ ਹੈ।,ਬ੍ਰੇਕਾਂ ਜਿੰਨੀਆਂ ਸ਼ਾਂਤ ਹੋਣਗੀਆਂ।,,B,"ਵਾਹਨ ਜਿੰਨਾ ਭਾਰਾ ਹੁੰਦਾ ਹੈ, ਵਾਹਨ ਨੂੰ ਪੂਰਨ ਤੌਰ 'ਤੇ ਸਟਾਪ 'ਤੇ ਲਿਆਉਣ ਲਈ ਵਧੇਰੇ ਬ੍ਰੇਕਾਂ ਦੀ ਲੋੜ ਪਵੇਗੀ।"
8516,"ਇੰਜਣ ਸ਼ੁਰੂ ਕਰਦੇ ਸਮੇਂ, ਤੇਲ ਦਾ ਦਬਾਅ ਇੱਕ ਆਮ ਪੱਧਰ ਤੱਕ ਆਉਣਾ ਚਾਹੀਦਾ ਹੈ:",,ਸਕਿੰਟਾਂ ਦੇ ਅੰਦਰ.,ਪੰਜ ਮਿੰਟ ਦੇ ਅੰਦਰ.,ਲਗਭਗ ਤਿੰਨ ਮਿੰਟ ਬਾਅਦ.,,A,ਇੰਜਣ ਚਾਲੂ ਕਰਨ ਵੇਲੇ ਆਪਣੇ ਟਰੱਕ ਦੇ ਗੇਜ ਦੇਖੋ। ਵਾਹਨ ਦੇ ਇੰਜਣ ਦੇ ਚਾਲੂ ਹੋਣ ਦੇ ਕੁਝ ਸਕਿੰਟਾਂ ਦੇ ਅੰਦਰ ਇੰਜਣ ਵਿੱਚ ਤੇਲ ਦਾ ਦਬਾਅ ਇੱਕ ਆਮ ਪੱਧਰ ਤੱਕ ਆ ਜਾਣਾ ਚਾਹੀਦਾ ਹੈ।
11261,"ਕੁਝ ਵਾਹਨਾਂ ਵਿੱਚ ਆਟੋਮੈਟਿਕ ਟ੍ਰਾਂਸਮਿਸ਼ਨ ਤਰਲ ਪੱਧਰ ਦੀ ਜਾਂਚ ਕਰਨ ਲਈ, ਤੁਹਾਨੂੰ ਇਹ ਕਰਨਾ ਪਵੇਗਾ:",,ਆਪਣੇ ਵਾਹਨ ਨੂੰ ਉੱਪਰ ਵੱਲ ਪਾਰਕ ਕਰੋ।,ਆਪਣਾ ਵਾਹਨ ਹੇਠਾਂ ਵੱਲ ਪਾਰਕ ਕਰੋ।,ਗੱਡੀ ਨੂੰ ਚੱਲਦਾ ਛੱਡ ਦਿਓ।,,C,"ਕੁਝ ਵਾਹਨਾਂ ਵਿੱਚ, ਆਟੋਮੈਟਿਕ ਟ੍ਰਾਂਸਮਿਸ਼ਨ ਤਰਲ ਪੱਧਰ ਦੀ ਜਾਂਚ ਕਰਦੇ ਸਮੇਂ ਇੰਜਣ ਨੂੰ ਚੱਲਦਾ ਛੱਡਣਾ ਜ਼ਰੂਰੀ ਹੋ ਸਕਦਾ ਹੈ।"
9283,ਸਰੀਰ ਵਿੱਚ ਜ਼ਿਆਦਾ ਅਲਕੋਹਲ:,,ਜਿਗਰ ਜਿੰਨੀ ਜਲਦੀ ਸ਼ਰਾਬ ਨੂੰ ਹਜ਼ਮ ਕਰੇਗਾ।,ਸ਼ਰਾਬ ਦਾ ਵਿਅਕਤੀ 'ਤੇ ਜਿੰਨਾ ਘੱਟ ਅਸਰ ਹੋਵੇਗਾ।,ਸਰੀਰ ਤੋਂ ਅਲਕੋਹਲ ਨੂੰ ਕੱਢਣ ਲਈ ਜਿੰਨਾ ਸਮਾਂ ਲੱਗੇਗਾ.,,C,"ਸਰੀਰ ਇੱਕ ਨਿਸ਼ਚਿਤ ਦਰ 'ਤੇ ਅਲਕੋਹਲ ਨੂੰ ਹਟਾ ਦਿੰਦਾ ਹੈ. ਜਿੰਨਾ ਜ਼ਿਆਦਾ ਅਲਕੋਹਲ ਦਾ ਸੇਵਨ ਕੀਤਾ ਜਾਵੇਗਾ, ਸਰੀਰ ਨੂੰ ਇਸਦੇ ਸਿਸਟਮ ਤੋਂ ਅਲਕੋਹਲ ਨੂੰ ਹਟਾਉਣ ਲਈ ਜਿੰਨਾ ਸਮਾਂ ਲੱਗੇਗਾ."
8641,"ਬ੍ਰੇਕ ਐਡਜਸਟਮੈਂਟ ਤੋਂ ਜਲਦੀ ਬਾਹਰ ਆ ਸਕਦੇ ਹਨ, ਖਾਸ ਕਰਕੇ:",,ਜੇ ਉਹ ਗਰਮ ਹਨ।,ਸਰਦੀਆਂ ਦੇ ਸਮੇਂ ਵਿੱਚ.,ਜੇ ਉਹ ਅਕਸਰ ਵਰਤੇ ਜਾਂਦੇ ਹਨ.,,A,"ਬ੍ਰੇਕ ਖਾਸ ਤੌਰ 'ਤੇ ਅਡਜਸਟਮੈਂਟ ਤੋਂ ਬਾਹਰ ਹੋਣ ਦੀ ਸੰਭਾਵਨਾ ਰੱਖਦੇ ਹਨ ਜੇਕਰ ਉਹ ਗਰਮ ਹਨ। ਆਪਣੇ ਬ੍ਰੇਕਾਂ ਦੇ ਸਮਾਯੋਜਨ ਦੀ ਨਿਯਮਤ ਤੌਰ 'ਤੇ ਜਾਂਚ ਕਰਨਾ ਯਕੀਨੀ ਬਣਾਓ। ਕਿਸੇ ਵਾਹਨ ਨੂੰ ਸੁਰੱਖਿਅਤ ਢੰਗ ਨਾਲ ਨਿਯੰਤਰਿਤ ਕਰਨ ਲਈ, ਸਾਰੀਆਂ ਬ੍ਰੇਕਾਂ ਸਹੀ ਢੰਗ ਨਾਲ ਕੰਮ ਕਰਨ ਅਤੇ ਐਡਜਸਟ ਹੋਣੀਆਂ ਚਾਹੀਦੀਆਂ ਹਨ।"
9115,"ਸੜਕ 'ਤੇ ਕਿਸੇ ਵਸਤੂ ਤੋਂ ਬਚਣ ਲਈ ਤੇਜ਼ੀ ਨਾਲ ਮੁੜਨ ਵੇਲੇ, ਤੁਹਾਨੂੰ ਇਹ ਕਰਨਾ ਚਾਹੀਦਾ ਹੈ:",,ਜਦੋਂ ਤੁਸੀਂ ਸਟੀਅਰ ਕਰਦੇ ਹੋ ਤਾਂ ਆਪਣੇ ਬ੍ਰੇਕ ਲਗਾਓ।,ਵਸਤੂ ਨੂੰ ਖੁੰਝਣ ਲਈ ਲੋੜ ਤੋਂ ਵੱਧ ਮੋੜ ਕੇ ਆਪਣੇ ਆਪ ਨੂੰ ਵਾਧੂ ਮਨਜ਼ੂਰੀ ਦਿਓ।,ਵਸਤੂ ਨੂੰ ਖੁੰਝਣ ਲਈ ਅਤੇ ਹੋਰ ਮੋੜਨ ਤੋਂ ਬਚਣ ਲਈ ਕਾਫ਼ੀ ਮੋੜੋ।,ਉਸੇ ਸਮੇਂ ਸਟੀਅਰ ਅਤੇ ਤੇਜ਼ ਕਰੋ.,C,"ਜਦੋਂ ਕਿਸੇ ਵਸਤੂ ਤੋਂ ਬਚਣ ਲਈ ਤੇਜ਼ੀ ਨਾਲ ਮੋੜੋ, ਤਾਂ ਸਿਰਫ ਓਨਾ ਹੀ ਮੋੜੋ ਜਿੰਨਾ ਉਸ ਨੂੰ ਸਾਫ਼ ਕਰਨ ਲਈ ਜ਼ਰੂਰੀ ਹੈ। ਮੋੜਣ ਵੇਲੇ ਬ੍ਰੇਕ ਨਾ ਲਗਾਓ।"
9090,ਜ਼ਿਆਦਾਤਰ ਡਰਾਈਵਰ ਸਭ ਤੋਂ ਘੱਟ ਸੁਚੇਤ ਹੁੰਦੇ ਹਨ:,,ਸਵੇਰੇ ਵਿੱਚ.,ਠੰਡੇ ਮੌਸਮ ਵਿੱਚ.,ਰਾਤ ਨੂੰ.,ਕੰਮ ਦੇ ਬਾਅਦ.,C,"ਰਾਤ ਨੂੰ ਡਰਾਈਵਿੰਗ ਕਰਦੇ ਸਮੇਂ ਥਕਾਵਟ ਅਤੇ ਸੁਚੇਤਤਾ ਦੀ ਕਮੀ ਵੱਡੇ ਖ਼ਤਰੇ ਹਨ। ਜ਼ਿਆਦਾਤਰ ਲੋਕ ਰਾਤ ਨੂੰ ਸਭ ਤੋਂ ਘੱਟ ਸੁਚੇਤ ਹੁੰਦੇ ਹਨ, ਖਾਸ ਕਰਕੇ ਅੱਧੀ ਰਾਤ ਤੋਂ ਬਾਅਦ।"
11678,"ਪਹਾੜੀ ਤੋਂ ਹੇਠਾਂ ਸ਼ੁਰੂ ਕਰਨ ਤੋਂ ਪਹਿਲਾਂ, ਇਹ ਯਕੀਨੀ ਬਣਾਓ:",,ਤੇਜ਼ ਕਰੋ.,ਇੱਕ ਉੱਚ ਗੇਅਰ ਵਿੱਚ ਬਦਲੋ.,ਆਪਣੇ ਸਿੰਗ ਵੱਜੋ.,ਇੱਕ ਘੱਟ ਗੇਅਰ ਵਿੱਚ ਸਵਿਚ ਕਰੋ.,D,"ਇੱਕ ਪਹਾੜੀ ਤੋਂ ਹੇਠਾਂ ਸ਼ੁਰੂ ਕਰਨ ਤੋਂ ਪਹਿਲਾਂ, ਇੱਕ ਘੱਟ ਗੇਅਰ ਵਿੱਚ ਬਦਲਣਾ ਯਕੀਨੀ ਬਣਾਓ। ਜਦੋਂ ਤੁਸੀਂ ਹੇਠਾਂ ਵੱਲ ਸਫ਼ਰ ਕਰਦੇ ਹੋ ਤਾਂ ਗਰੈਵਿਟੀ ਤੁਹਾਡੇ ਵਾਹਨ ਦੀ ਗਤੀ ਵਧਾਏਗੀ।"
9007,ਕੀ ਹੋ ਸਕਦਾ ਹੈ ਜੇਕਰ ਪਾਰਕਿੰਗ ਬ੍ਰੇਕ ਬਹੁਤ ਗਿੱਲੇ ਮੌਸਮ ਵਿੱਚ ਵਰਤੀ ਜਾਂਦੀ ਹੈ ਜਦੋਂ ਤਾਪਮਾਨ ਠੰਢ ਤੋਂ ਹੇਠਾਂ ਹੁੰਦਾ ਹੈ?,,ਬ੍ਰੇਕ ਚੀਕਣਗੇ।,ਬ੍ਰੇਕਾਂ ਫ੍ਰੀਜ਼ ਹੋ ਸਕਦੀਆਂ ਹਨ ਇਸ ਲਈ ਵਾਹਨ ਅੱਗੇ ਨਹੀਂ ਜਾ ਸਕਦਾ।,ਬ੍ਰੇਕ ਅਚਾਨਕ ਆਪਣੇ ਆਪ ਛੱਡ ਸਕਦੇ ਹਨ।,ਬ੍ਰੇਕ ਫਟ ਸਕਦੇ ਹਨ।,B,"ਜੇ ਤੁਸੀਂ ਪਾਰਕਿੰਗ ਬ੍ਰੇਕਾਂ ਦੀ ਵਰਤੋਂ ਕਰਦੇ ਹੋ ਜਦੋਂ ਮੌਸਮ ਬਹੁਤ ਗਿੱਲਾ ਹੁੰਦਾ ਹੈ ਅਤੇ ਤਾਪਮਾਨ ਠੰਢ ਤੋਂ ਹੇਠਾਂ ਹੁੰਦਾ ਹੈ, ਤਾਂ ਬ੍ਰੇਕਾਂ ਜੰਮ ਜਾਂਦੀਆਂ ਹਨ, ਵਾਹਨ ਨੂੰ ਚੱਲਣ ਤੋਂ ਰੋਕਦਾ ਹੈ।"
11572,ਸੇਵਾ ਏਅਰ ਲਾਈਨ ਇਸ ਨਾਲ ਜੁੜੀ ਹੋਈ ਹੈ:,,ਰੀਲੇਅ ਵਾਲਵ.,ਸਪਲਾਈ ਲਾਈਨ.,ਐਮਰਜੈਂਸੀ ਏਅਰ ਲਾਈਨ.,ਸਟੀਅਰਿੰਗ ਵੀਲ.,A,"ਸਰਵਿਸ ਏਅਰ ਲਾਈਨ ਹਵਾ ਲੈ ​​ਕੇ ਜਾਂਦੀ ਹੈ ਅਤੇ ਇਸ ਨੂੰ ਫੁੱਟ ਬ੍ਰੇਕ ਜਾਂ ਟ੍ਰੇਲਰ ਹੈਂਡ ਬ੍ਰੇਕ ਦੁਆਰਾ ਨਿਯੰਤਰਿਤ ਕੀਤਾ ਜਾਂਦਾ ਹੈ। ਸਰਵਿਸ ਏਅਰ ਲਾਈਨ ਰੀਲੇਅ ਵਾਲਵ ਨਾਲ ਜੁੜੀ ਹੋਈ ਹੈ, ਜੋ ਟ੍ਰੇਲਰ ਬ੍ਰੇਕਾਂ ਨੂੰ ਤੇਜ਼ੀ ਨਾਲ ਲਾਗੂ ਕਰਨ ਦੀ ਆਗਿਆ ਦਿੰਦੀ ਹੈ।"
11630,ਜੇਕਰ ਤੁਸੀਂ ਪਿੰਟਲ ਹੁੱਕ ਨੂੰ ਅਨਲੌਕ ਕਰਨ ਤੋਂ ਪਹਿਲਾਂ ਪਿਛਲੇ ਟ੍ਰੇਲਰ ਦੇ ਹੇਠਾਂ ਤੋਂ ਡੌਲੀ ਨੂੰ ਬਾਹਰ ਨਹੀਂ ਕੱਢਦੇ ਹੋ:,,ਟੋ ਬਾਰ ਸੱਟ ਦਾ ਕਾਰਨ ਬਣ ਸਕਦਾ ਹੈ।,ਲੈਂਡਿੰਗ ਗੇਅਰ ਟੁੱਟ ਸਕਦਾ ਹੈ।,ਪਿੰਟਲ ਹੁੱਕ ਵੱਖ ਹੋ ਸਕਦਾ ਹੈ।,ਕੁਝ ਵੀ ਮਾੜਾ ਨਹੀਂ ਹੋ ਸਕਦਾ।,A,"ਪਿੰਟਲ ਹੁੱਕ ਨੂੰ ਕਦੇ ਵੀ ਪਿਛਲੇ ਟ੍ਰੇਲਰ ਦੇ ਹੇਠਾਂ ਡੌਲੀ ਨਾਲ ਅਨਲੌਕ ਨਾ ਕਰੋ। ਇਸ ਨਾਲ ਡੌਲੀ ਟੋ ਬਾਰ ਉੱਡ ਸਕਦਾ ਹੈ, ਸੰਭਵ ਤੌਰ 'ਤੇ ਗੰਭੀਰ ਸੱਟ ਲੱਗ ਸਕਦੀ ਹੈ।"
10242,ਜਦੋਂ ਇੱਕ ਸੁਮੇਲ ਵਾਹਨ ਇੱਕ ਕੋਨੇ ਦੇ ਦੁਆਲੇ ਜਾਂਦਾ ਹੈ:,,ਮੋੜ ਨੂੰ ਜਿੰਨਾ ਸੰਭਵ ਹੋ ਸਕੇ ਕੱਸ ਕੇ ਬਣਾਇਆ ਜਾਣਾ ਚਾਹੀਦਾ ਹੈ.,ਅਗਲੇ ਅਤੇ ਪਿਛਲੇ ਪਹੀਏ ਵੱਖੋ-ਵੱਖਰੇ ਮਾਰਗਾਂ ਵਿੱਚ ਘੁੰਮਦੇ ਹਨ।,ਪਿਛਲੇ ਪਹੀਏ ਕਰਬ ਉੱਤੇ ਚੱਲਣੇ ਚਾਹੀਦੇ ਹਨ।,ਇਹ ਸਵੀਕਾਰਯੋਗ ਹੈ ਕਿ ਜੇਕਰ ਉਹ ਸੜਕ ਦੇ ਬਹੁਤ ਨੇੜੇ ਹਨ ਤਾਂ ਸੜਕ ਦੇ ਚਿੰਨ੍ਹਾਂ ਨੂੰ ਖੜਕਾਇਆ ਜਾਵੇ।,B,"ਜਦੋਂ ਕੋਈ ਵਾਹਨ ਇੱਕ ਕੋਨੇ ਦੇ ਆਲੇ-ਦੁਆਲੇ ਜਾਂਦਾ ਹੈ, ਤਾਂ ਪਿਛਲੇ ਪਹੀਏ ਅਗਲੇ ਪਹੀਆਂ ਨਾਲੋਂ ਵੱਖਰੇ ਮਾਰਗ 'ਤੇ ਚੱਲਦੇ ਹਨ। ਇਸ ਨੂੰ ਆਫ-ਟਰੈਕਿੰਗ ਕਿਹਾ ਜਾਂਦਾ ਹੈ। ਇਹ ਪ੍ਰਭਾਵ ਖਾਸ ਤੌਰ 'ਤੇ ਟਰੇਲਰਾਂ ਵਾਲੇ ਵਾਹਨਾਂ 'ਤੇ ਉਚਾਰਿਆ ਜਾਂਦਾ ਹੈ।"
9076,ਸ਼ੀਸ਼ੇ ਐਡਜਸਟ ਕੀਤੇ ਜਾਣੇ ਚਾਹੀਦੇ ਹਨ:,,ਚਲਦੇ ਹੋਏ.,ਜਦੋਂ ਟ੍ਰੇਲਰ ਸਿੱਧੇ ਹੁੰਦੇ ਹਨ.,ਜਦੋਂ ਤੁਸੀਂ ਗੱਡੀ ਦੇ ਕੋਲ ਖੜ੍ਹੇ ਹੁੰਦੇ ਹੋ।,ਇੱਕ ਸਹਾਇਕ ਦੁਆਰਾ.,B,"ਯਾਤਰਾ ਦੀ ਸ਼ੁਰੂਆਤ ਤੋਂ ਪਹਿਲਾਂ ਸ਼ੀਸ਼ੇ ਦੀ ਜਾਂਚ ਕੀਤੀ ਜਾਣੀ ਚਾਹੀਦੀ ਹੈ। ਟ੍ਰੇਲਰ ਵਾਲੇ ਵਾਹਨ 'ਤੇ, ਸ਼ੀਸ਼ੇ ਦੀ ਵਿਵਸਥਾ ਨੂੰ ਸਿਰਫ਼ ਤਾਂ ਹੀ ਸਹੀ ਢੰਗ ਨਾਲ ਜਾਂਚਿਆ ਜਾ ਸਕਦਾ ਹੈ ਜੇਕਰ ਜੁੜਿਆ ਟ੍ਰੇਲਰ ਸਿੱਧਾ ਹੈ।"
8893,ਟ੍ਰੇਲਰ ਏਅਰ ਸਪਲਾਈ ਕੰਟਰੋਲ ਕਿਸ ਤਰ੍ਹਾਂ ਦਾ ਦਿਖਾਈ ਦਿੰਦਾ ਹੈ?,,ਇਹ ਇੱਕ ਵਰਗਾਕਾਰ ਨੀਲਾ ਨੋਬ ਹੈ।,ਇਹ ਇੱਕ ਤਿਕੋਣੀ ਪੀਲੀ ਗੰਢ ਹੈ।,ਇਹ ਅੱਠ-ਪਾਸੜ ਲਾਲ ਨੋਬ ਹੈ।,ਇਹ ਇੱਕ ਗੋਲਾਕਾਰ ਸੰਤਰੀ ਨੋਬ ਹੈ।,C,"ਨਵੇਂ ਵਾਹਨਾਂ 'ਤੇ, ਟ੍ਰੇਲਰ ਏਅਰ ਸਪਲਾਈ ਕੰਟਰੋਲ ਇੱਕ ਅੱਠ-ਪਾਸੜ ਲਾਲ ਨੋਬ ਹੈ। ਇਸਦੀ ਵਰਤੋਂ ਟਰੈਕਟਰ ਸੁਰੱਖਿਆ ਵਾਲਵ ਨੂੰ ਕੰਟਰੋਲ ਕਰਨ ਲਈ ਕੀਤੀ ਜਾਂਦੀ ਹੈ।"
8809,"ਸੁਰੱਖਿਆ ਦੇ ਉਦੇਸ਼ਾਂ ਲਈ, ਤੁਹਾਨੂੰ ਰਿਟਾਡਰ ਨੂੰ ਕਦੋਂ ਬੰਦ ਕਰਨਾ ਚਾਹੀਦਾ ਹੈ?",,ਜਦੋਂ ਸੜਕਾਂ ਤਿਲਕਣ ਹੁੰਦੀਆਂ ਹਨ,ਜਦੋਂ ਤੁਸੀਂ ਇੱਕ ਯਾਤਰੀ ਨੂੰ ਲੈ ਕੇ ਜਾਂਦੇ ਹੋ,ਜਦੋਂ ਤੁਸੀਂ ਭਾਰੀ ਬੋਝ ਚੁੱਕ ਰਹੇ ਹੋ,ਭਾਰੀ ਟ੍ਰੈਫਿਕ ਵਿੱਚ ਗੱਡੀ ਚਲਾਉਣ ਵੇਲੇ,A,"ਰਿਟਾਰਡਰ ਕੁਝ ਵਾਹਨਾਂ ਵਿੱਚ ਤੰਤਰ ਹੁੰਦੇ ਹਨ ਜੋ ਵਾਹਨ ਨੂੰ ਹੌਲੀ ਕਰਨ ਅਤੇ ਬ੍ਰੇਕ ਲਗਾਉਣ ਦੀ ਲੋੜ ਨੂੰ ਘਟਾਉਣ ਵਿੱਚ ਮਦਦ ਕਰਦੇ ਹਨ। ਹਾਲਾਂਕਿ, ਰੀਟਾਰਡਰ ਦੀ ਵਰਤੋਂ ਕਰਨ ਨਾਲ ਪਹੀਏ ਤਿਲਕਣ ਦਾ ਕਾਰਨ ਬਣ ਸਕਦੇ ਹਨ ਜਦੋਂ ਉਹਨਾਂ ਦਾ ਟ੍ਰੈਕਸ਼ਨ ਖਰਾਬ ਹੁੰਦਾ ਹੈ। ਗਿੱਲੇ, ਬਰਫੀਲੇ, ਜਾਂ ਬਰਫੀਲੇ ਹਾਲਾਤਾਂ ਵਿੱਚ ਯਾਤਰਾ ਕਰਦੇ ਸਮੇਂ ਰਿਟਾਰਡਰ ਬੰਦ ਕਰੋ।"
9105,"ਸਰਦੀਆਂ ਵਿੱਚ ਗੱਡੀ ਚਲਾਉਣ ਦੀ ਤਿਆਰੀ ਕਰਦੇ ਸਮੇਂ, ਜਾਂਚ ਕਰਨਾ ਯਕੀਨੀ ਬਣਾਓ:",,ਕੂਲੈਂਟ ਦਾ ਪੱਧਰ।,ਡੀਫ੍ਰੋਸਟਿੰਗ ਅਤੇ ਹੀਟਿੰਗ ਉਪਕਰਣ.,ਵਿੰਡਸ਼ੀਲਡ ਵਾਈਪਰ।,ਉੱਤੇ ਦਿਤੇ ਸਾਰੇ.,D,"ਸਰਦੀਆਂ ਦੌਰਾਨ ਡਰਾਈਵਿੰਗ ਕਰਨ ਤੋਂ ਪਹਿਲਾਂ, ਆਪਣੇ ਡੀਫ੍ਰੋਸਟਿੰਗ ਅਤੇ ਹੀਟਿੰਗ ਉਪਕਰਣ, ਕੂਲੈਂਟ ਅਤੇ ਐਂਟੀਫਰੀਜ਼ ਦੇ ਪੱਧਰ, ਵਾਈਪਰ ਅਤੇ ਵਾਸ਼ਰ, ਟਾਇਰ ਟ੍ਰੇਡ, ਟਾਇਰ ਚੇਨ, ਲਾਈਟਾਂ, ਰਿਫਲੈਕਟਰ ਅਤੇ ਐਗਜ਼ੌਸਟ ਸਿਸਟਮ ਦੀ ਜਾਂਚ ਕਰਨਾ ਯਕੀਨੀ ਬਣਾਓ। ਸਾਰੀਆਂ ਖਿੜਕੀਆਂ, ਸ਼ੀਸ਼ੇ, ਹੈਂਡ ਹੋਲਡ, ਪੌੜੀਆਂ, ਡੈੱਕ ਪਲੇਟਾਂ ਅਤੇ ਰੇਡੀਏਟਰ ਸ਼ਟਰਾਂ ਤੋਂ ਬਰਫ਼ ਅਤੇ ਬਰਫ਼ ਸਾਫ਼ ਕਰੋ। ਇਹ ਸੁਨਿਸ਼ਚਿਤ ਕਰੋ ਕਿ ਵਿੰਟਰਫ੍ਰੰਟ ਬਹੁਤ ਜ਼ਿਆਦਾ ਕੱਸ ਕੇ ਬੰਦ ਨਹੀਂ ਕੀਤਾ ਗਿਆ ਹੈ।"
9634,ਪੁਲ ਆਮ ਤੌਰ 'ਤੇ:,,"ਫ੍ਰੀਜ਼ ਕਰੋ, ਪਰ ਸਿਰਫ ਇੱਕ ਵਾਰ ਤਾਪਮਾਨ 32 ਡਿਗਰੀ ਫਾਰਨਹੀਟ ਤੋਂ ਹੇਠਾਂ ਕਾਫ਼ੀ ਘੱਟ ਜਾਂਦਾ ਹੈ।",ਸੜਕ ਦੀਆਂ ਹੋਰ ਸਤਹਾਂ ਫ੍ਰੀਜ਼ ਹੋਣ ਤੋਂ ਬਾਅਦ ਫ੍ਰੀਜ਼ ਕਰੋ।,ਸੜਕ ਦੀਆਂ ਹੋਰ ਸਤਹਾਂ ਤੋਂ ਪਹਿਲਾਂ ਫ੍ਰੀਜ਼ ਕਰੋ।,ਉਨ੍ਹਾਂ ਨੂੰ ਠੰਢ ਤੋਂ ਬਚਾਉਣ ਲਈ ਹੀਟਰ ਰੱਖੋ।,C,ਪੁਲ ਆਮ ਤੌਰ 'ਤੇ ਬਾਕੀ ਸੜਕ ਤੋਂ ਪਹਿਲਾਂ ਜੰਮ ਜਾਂਦੇ ਹਨ। ਜੇਕਰ ਤਾਪਮਾਨ ਫ੍ਰੀਜ਼ਿੰਗ ਪੁਆਇੰਟ ਦੇ ਨੇੜੇ ਹੈ ਤਾਂ ਤੁਹਾਨੂੰ ਪੁਲਾਂ ਨੂੰ ਪਾਰ ਕਰਦੇ ਸਮੇਂ ਖਾਸ ਤੌਰ 'ਤੇ ਸਾਵਧਾਨ ਰਹਿਣਾ ਚਾਹੀਦਾ ਹੈ।
9526,"ਜਦੋਂ ਦੂਸਰਿਆਂ ਲਈ ਤੁਹਾਡੇ ਵਾਹਨ ਨੂੰ ਦੇਖਣਾ ਔਖਾ ਹੁੰਦਾ ਹੈ, ਜਿਵੇਂ ਕਿ ਸਵੇਰ ਜਾਂ ਸ਼ਾਮ ਵੇਲੇ, ਤੁਸੀਂ ਇਹਨਾਂ ਦੁਆਰਾ ਹੋਰ ਡਰਾਈਵਰਾਂ ਦੀ ਮਦਦ ਕਰ ਸਕਦੇ ਹੋ:",,ਆਪਣੀਆਂ ਲਾਈਟਾਂ ਬੰਦ ਰੱਖ ਕੇ।,ਤੁਹਾਡੀਆਂ ਲਾਈਟਾਂ ਚਾਲੂ ਕੀਤੀਆਂ ਜਾ ਰਹੀਆਂ ਹਨ।,ਮੋਢੇ 'ਤੇ ਡ੍ਰਾਈਵਿੰਗ.,ਖਿੜਕੀ ਦੇ ਬਾਹਰ ਬਾਂਹ ਹਿਲਾ ਕੇ।,B,"ਕਈ ਵਾਰ ਜਦੋਂ ਦਿਖਣਯੋਗਤਾ ਘੱਟ ਹੁੰਦੀ ਹੈ, ਤੁਹਾਨੂੰ ਆਪਣੀਆਂ ਹੈੱਡਲਾਈਟਾਂ ਨੂੰ ਘੱਟ ਬੀਮ ਸੈਟਿੰਗ 'ਤੇ ਚਾਲੂ ਕਰਨਾ ਚਾਹੀਦਾ ਹੈ। ਜੇ ਤੁਹਾਨੂੰ ਦੂਜਿਆਂ ਨੂੰ ਦੇਖਣ ਵਿੱਚ ਮੁਸ਼ਕਲ ਆ ਰਹੀ ਹੈ, ਤਾਂ ਸ਼ਾਇਦ ਉਹਨਾਂ ਨੂੰ ਤੁਹਾਨੂੰ ਦੇਖਣ ਵਿੱਚ ਮੁਸ਼ਕਲ ਆ ਰਹੀ ਹੈ।"
11566,ਟ੍ਰੇਲਰ ਏਅਰ ਸਪਲਾਈ ਨਿਯੰਤਰਣ ਵਿੱਚ ਧੱਕੋ:,,ਐਮਰਜੈਂਸੀ ਬ੍ਰੇਕਾਂ ਨੂੰ ਸਰਗਰਮ ਕਰੋ।,ਏਅਰ ਬ੍ਰੇਕਾਂ ਨੂੰ ਅਕਿਰਿਆਸ਼ੀਲ ਕਰੋ।,ਸਿੰਗ ਵੱਜੋ.,ਟ੍ਰੇਲਰ ਨੂੰ ਹਵਾ ਨਾਲ ਸਪਲਾਈ ਕਰੋ।,D,ਟ੍ਰੇਲਰ ਨੂੰ ਹਵਾ ਨਾਲ ਸਪਲਾਈ ਕਰਨ ਲਈ ਟ੍ਰੇਲਰ ਏਅਰ ਸਪਲਾਈ ਕੰਟਰੋਲ ਵਿੱਚ ਧੱਕੋ। ਹਵਾ ਦੀ ਸਪਲਾਈ ਬੰਦ ਕਰਨ ਅਤੇ ਐਮਰਜੈਂਸੀ ਬ੍ਰੇਕਾਂ ਨੂੰ ਸਰਗਰਮ ਕਰਨ ਲਈ ਟ੍ਰੇਲਰ ਏਅਰ ਸਪਲਾਈ ਕੰਟਰੋਲ ਨੂੰ ਬਾਹਰ ਕੱਢੋ।
9833,ਗਲਤ ਜੋੜ ਹੈ:,,ਅਸੰਭਵ।,ਕੋਈ ਸਮੱਸਿਆ ਨਹੀਂ।,ਆਸਾਨੀ ਨਾਲ ਖੋਜਿਆ ਨਹੀਂ ਜਾਂਦਾ.,ਬਹੁਤ ਖਤਰਨਾਕ ਹੈ।,D,ਇਹ ਜ਼ਰੂਰੀ ਹੈ ਕਿ ਡਬਲ ਅਤੇ ਟ੍ਰਿਪਲ ਦੇ ਡਰਾਈਵਰ ਆਪਣੇ ਟ੍ਰੇਲਰ ਨੂੰ ਸਹੀ ਢੰਗ ਨਾਲ ਜੋੜਨ ਅਤੇ ਜੋੜਨ ਦੇ ਯੋਗ ਹੋਣ। ਟ੍ਰੇਲਰਾਂ ਨੂੰ ਗਲਤ ਤਰੀਕੇ ਨਾਲ ਜੋੜਨਾ ਅਤੇ ਜੋੜਨਾ ਬਹੁਤ ਖਤਰਨਾਕ ਹੈ।
11686,"ਇੱਕ ਸਥਿਰ ਲੀਕੇਜ ਟੈਸਟ ਦੇ ਦੌਰਾਨ, ਏਅਰ ਬ੍ਰੇਕਾਂ ਵਾਲੇ ਇੱਕ ਵਾਹਨ ਲਈ ਇੱਕ ਮਿੰਟ ਵਿੱਚ ਵੱਧ ਤੋਂ ਵੱਧ ਲੀਕ ਹੋਣ ਦੀ ਦਰ ____ ਹੈ।",,1 psi,2 ਪੀ.ਐੱਸ.ਆਈ,3 psi,4 psi,B,"ਏਅਰ ਬ੍ਰੇਕਾਂ ਵਾਲੇ ਇੱਕ ਵਾਹਨ 'ਤੇ ਸਥਿਰ ਲੀਕੇਜ ਟੈਸਟ ਕਰਨ ਵੇਲੇ, ਲੀਕੇਜ ਦੀ ਦਰ ਇੱਕ ਮਿੰਟ ਵਿੱਚ 2 psi ਤੋਂ ਵੱਧ ਨਹੀਂ ਹੋਣੀ ਚਾਹੀਦੀ। ਜੇਕਰ ਏਅਰ ਬ੍ਰੇਕ ਸਿਸਟਮ ਤੋਂ ਹਵਾ ਤੇਜ਼ ਰਫ਼ਤਾਰ ਨਾਲ ਲੀਕ ਹੁੰਦੀ ਹੈ, ਤਾਂ ਵਾਹਨ ਨੂੰ ਨਹੀਂ ਚਲਾਇਆ ਜਾਣਾ ਚਾਹੀਦਾ ਕਿਉਂਕਿ ਕਿਸੇ ਚੀਜ਼ ਦੀ ਮੁਰੰਮਤ ਕਰਨ ਦੀ ਸੰਭਾਵਨਾ ਹੈ।"
8994,ਸਾਰੇ ਏਅਰ ਟੈਂਕ ਵਿੱਚ ਸ਼ਾਮਲ ਹੋਣਾ ਚਾਹੀਦਾ ਹੈ:,,ਇੱਕ ਡਰੇਨ ਵਾਲਵ।,ਇੱਕ ਤਾਲਾ।,ਇੱਕ ਜਾਲ ਦਾ ਦਰਵਾਜ਼ਾ।,ਇੱਕ ਚੇਤਾਵਨੀ ਸਟਿੱਕਰ।,A,ਏਅਰ ਬ੍ਰੇਕ ਸਿਸਟਮ ਟੈਂਕਾਂ ਵਿੱਚ ਡਰੇਨ ਵਾਲਵ ਹੋਣੇ ਚਾਹੀਦੇ ਹਨ। ਇਹ ਵਾਲਵ ਟੈਂਕਾਂ ਤੋਂ ਇਕੱਠੇ ਹੋਏ ਤੇਲ ਅਤੇ ਪਾਣੀ ਨੂੰ ਕੱਢਣ ਲਈ ਵਰਤੇ ਜਾਂਦੇ ਹਨ ਅਤੇ ਜਾਂ ਤਾਂ ਹੱਥੀਂ ਜਾਂ ਆਪਣੇ ਆਪ ਚਲਾਇਆ ਜਾ ਸਕਦਾ ਹੈ।
9841,ਡਬਲ ਅਤੇ ਟ੍ਰਿਪਲ ਸੰਜੋਗਾਂ ਵਿੱਚ ਟ੍ਰੇਲਰਾਂ ਦੀ ਜਾਂਚ ਕਰਦੇ ਸਮੇਂ:,,ਡਰਾਈਵਰ ਨੂੰ ਟਰੇਲਰਾਂ ਦੇ ਆਲੇ-ਦੁਆਲੇ ਤੁਰਨਾ ਚਾਹੀਦਾ ਹੈ।,ਇੱਕ ਡਰਾਈਵਰ ਨੂੰ ਕੈਬ ਵਿੱਚ ਰਹਿਣਾ ਚਾਹੀਦਾ ਹੈ।,ਡਰਾਈਵਰ ਨੂੰ ਆਪਣੇ ਸ਼ੀਸ਼ੇ ਵਰਤਣੇ ਚਾਹੀਦੇ ਹਨ।,ਇੱਕ ਡਰਾਈਵਰ ਨੂੰ ਹਰੇਕ ਟ੍ਰੇਲਰ ਵਿੱਚ ਸਵਾਰ ਹੋਣਾ ਚਾਹੀਦਾ ਹੈ।,A,ਡਬਲ ਅਤੇ ਤੀਹਰੇ ਸੰਜੋਗਾਂ ਵਿੱਚ ਟ੍ਰੇਲਰਾਂ ਦੀ ਵਾਕ-ਅਰਾਉਂਡ ਨਿਰੀਖਣ ਵਿੱਚ ਜਾਂਚ ਕੀਤੀ ਜਾਣੀ ਚਾਹੀਦੀ ਹੈ।
11612,"ਜੇਕਰ ਤੁਸੀਂ ਟਰੈਕਟਰ ਏਅਰ ਸਪਲਾਈ ਕੰਟਰੋਲ ਨੂੰ ਧੱਕਦੇ ਹੋ ਤਾਂ ਜੇਕਰ ਟ੍ਰੇਲਰ ਦੇ ਸਪਰਿੰਗ ਬ੍ਰੇਕ ਨਹੀਂ ਨਿਕਲਦੇ, ਤਾਂ ਤੁਹਾਨੂੰ ਇਹ ਕਰਨਾ ਚਾਹੀਦਾ ਹੈ:",,ਏਅਰ ਲਾਈਨ ਕਨੈਕਸ਼ਨਾਂ ਦੀ ਜਾਂਚ ਕਰੋ।,ਪਿੰਟਲ ਹੁੱਕ ਨੂੰ ਛੱਡੋ.,ਸਪਰਿੰਗ ਬ੍ਰੇਕਾਂ ਨੂੰ ਬਦਲੋ.,ਬਿਨਾਂ ਕਿਸੇ ਜਾਂਚ ਦੇ ਆਮ ਤੌਰ 'ਤੇ ਗੱਡੀ ਚਲਾਓ।,A,"ਇਹ ਮਹੱਤਵਪੂਰਨ ਹੈ ਕਿ ਤੁਸੀਂ ਯਾਤਰਾ ਸ਼ੁਰੂ ਕਰਨ ਤੋਂ ਪਹਿਲਾਂ ਤੁਹਾਡੇ ਵਾਹਨ ਦੇ ਸਾਰੇ ਉਪਕਰਣ ਸਹੀ ਕੰਮ ਕਰਨ ਦੀ ਸਥਿਤੀ ਵਿੱਚ ਹੋਣ। ਜੇਕਰ ਤੁਸੀਂ ਟਰੈਕਟਰ ਏਅਰ ਸਪਲਾਈ ਕੰਟਰੋਲ ਵਿੱਚ ਧੱਕਦੇ ਹੋ ਤਾਂ ਟ੍ਰੇਲਰ ਦੇ ਸਪਰਿੰਗ ਬ੍ਰੇਕ ਨਹੀਂ ਨਿਕਲਦੇ, ਤਾਂ ਤੁਹਾਨੂੰ ਇਹ ਯਕੀਨੀ ਬਣਾਉਣਾ ਚਾਹੀਦਾ ਹੈ ਕਿ ਏਅਰ ਲਾਈਨ ਦੇ ਕੁਨੈਕਸ਼ਨ ਠੀਕ ਤਰ੍ਹਾਂ ਨਾਲ ਜੁੜੇ ਹੋਏ ਹਨ ਅਤੇ ਸੀਲ ਕੀਤੇ ਹੋਏ ਹਨ।"
11718,"ਜਦੋਂ ਤੁਹਾਨੂੰ ਐਮਰਜੈਂਸੀ ਵਿੱਚ ਰੁਕਣ ਦੀ ਲੋੜ ਹੁੰਦੀ ਹੈ, ਤਾਂ ਤੁਹਾਨੂੰ ਇਹ ਕਰਨਾ ਚਾਹੀਦਾ ਹੈ:",,ਪਹੀਏ ਨੂੰ ਲਾਕ ਕਰੋ ਅਤੇ ਇੱਕ ਸਟਾਪ ਤੇ ਜਾਓ।,ਅਜਿਹੇ ਤਰੀਕੇ ਨਾਲ ਰੁਕੋ ਜੋ ਤੁਹਾਡੇ ਵਾਹਨ ਨੂੰ ਸਿੱਧੀ ਲਾਈਨ ਵਿੱਚ ਰੱਖੇ।,ਆਪਣੇ ਵਾਹਨ ਨੂੰ ਮੋੜਨ ਵਾਲੇ ਤਰੀਕੇ ਨਾਲ ਰੋਕੋ।,ਉਮੀਦ ਕਰੋ ਕਿ ਤੁਹਾਡਾ ਵਾਹਨ ਆਮ ਨਾਲੋਂ ਜ਼ਿਆਦਾ ਤੇਜ਼ੀ ਨਾਲ ਹੌਲੀ ਹੋ ਜਾਵੇਗਾ।,B,"ਜੇਕਰ ਤੁਹਾਨੂੰ ਐਮਰਜੈਂਸੀ ਸਟਾਪ ਕਰਨ ਦੀ ਲੋੜ ਹੈ, ਤਾਂ ਤੁਸੀਂ ਜਾਂ ਤਾਂ ਨਿਯੰਤਰਿਤ ਬ੍ਰੇਕਿੰਗ ਵਿਧੀ ਜਾਂ ਸਟੈਬ ਬ੍ਰੇਕਿੰਗ ਵਿਧੀ ਦੀ ਵਰਤੋਂ ਕਰ ਸਕਦੇ ਹੋ। ਇਸ ਤਰੀਕੇ ਨਾਲ ਬ੍ਰੇਕ ਲਗਾਉਣਾ ਮਹੱਤਵਪੂਰਨ ਹੈ ਕਿ ਤੁਹਾਡੇ ਵਾਹਨ ਨੂੰ ਇੱਕ ਸਿੱਧੀ ਲਾਈਨ ਵਿੱਚ ਸਫ਼ਰ ਕਰਨ ਦੇ ਨਾਲ-ਨਾਲ, ਜੇਕਰ ਲੋੜ ਹੋਵੇ ਤਾਂ ਤੁਹਾਨੂੰ ਮੁੜਨ ਦੀ ਇਜਾਜ਼ਤ ਦਿੱਤੀ ਜਾਵੇ।"
10128,ਰੁਕਣ ਦੀ ਦੂਰੀ ਇਹਨਾਂ ਦੁਆਰਾ ਪ੍ਰਭਾਵਿਤ ਹੋ ਸਕਦੀ ਹੈ:,,ਗਤੀ।,ਤਾਪਮਾਨ.,ਦਿਨ ਦਾ ਸਮਾਂ।,ਆਵਾਜਾਈ।,A,"ਰੁਕਣ ਦੀ ਦੂਰੀ ਵਾਹਨ ਦੀ ਗਤੀ ਦੁਆਰਾ ਪ੍ਰਭਾਵਿਤ ਹੁੰਦੀ ਹੈ। ਜਿੰਨੀ ਤੇਜ਼ੀ ਨਾਲ ਤੁਸੀਂ ਗੱਡੀ ਚਲਾ ਰਹੇ ਹੋ, ਤੁਹਾਡੀ ਰੁਕਣ ਦੀ ਦੂਰੀ ਓਨੀ ਹੀ ਲੰਬੀ ਹੁੰਦੀ ਜਾਵੇਗੀ।"
10133,"ਜੇਕਰ ਤੁਸੀਂ ਯਕੀਨੀ ਨਹੀਂ ਹੋ ਕਿ ਤੁਹਾਡੇ ਵਾਹਨ ਲਈ ਪੁਲ ਦੇ ਹੇਠਾਂ ਸੁਰੱਖਿਅਤ ਢੰਗ ਨਾਲ ਯਾਤਰਾ ਕਰਨ ਲਈ ਲੋੜੀਂਦੀ ਜਗ੍ਹਾ ਹੈ, ਤਾਂ ਤੁਹਾਨੂੰ ਇਹ ਕਰਨਾ ਚਾਹੀਦਾ ਹੈ:",,ਤੇਜ਼ ਕਰੋ।,ਜਦੋਂ ਤੁਸੀਂ ਪੁਲ ਦੇ ਹੇਠਾਂ ਤੋਂ ਲੰਘਦੇ ਹੋ ਤਾਂ ਘੁਮਾਓ।,ਰਫ਼ਤਾਰ ਹੌਲੀ.,ਮੋਢੇ 'ਤੇ ਗੱਡੀ.,C,"ਜੇਕਰ ਤੁਸੀਂ ਯਕੀਨੀ ਨਹੀਂ ਹੋ ਕਿ ਤੁਹਾਡੇ ਵਾਹਨ ਲਈ ਓਵਰਹੈੱਡ ਆਬਜੈਕਟ ਦੇ ਹੇਠਾਂ ਸੁਰੱਖਿਅਤ ਢੰਗ ਨਾਲ ਫਿੱਟ ਕਰਨ ਲਈ ਜਗ੍ਹਾ ਹੈ, ਤਾਂ ਹੌਲੀ ਕਰੋ ਅਤੇ ਜੇਕਰ ਸੰਭਵ ਹੋਵੇ ਤਾਂ ਕੋਈ ਬਦਲਵਾਂ ਰਸਤਾ ਲੱਭੋ।"
8988,"ਆਮ ਰੁਕਣ ਦੀ ਸ਼ਕਤੀ ਨੂੰ ਯਕੀਨੀ ਬਣਾਉਣ ਲਈ, ਫਰੰਟ ਬ੍ਰੇਕ ਸੀਮਤ ਵਾਲਵ ਨਾਲ ਲੈਸ ਵਾਹਨਾਂ ਦੇ ਡਰਾਈਵਰਾਂ ਨੂੰ:",,ਕੰਟਰੋਲ ਨੂੰ ਆਮ 'ਤੇ ਸੈੱਟ ਕਰੋ।,ਕੰਟਰੋਲ ਨੂੰ ਬੰਦ ਸਥਿਤੀ 'ਤੇ ਸੈੱਟ ਕਰੋ।,ਨਿਯੰਤਰਣ ਨੂੰ ਨਿਰਪੱਖ 'ਤੇ ਸੈੱਟ ਕਰੋ।,ਨਿਯੰਤਰਣ ਨੂੰ ਅੱਧੇ ਨਿਸ਼ਾਨ 'ਤੇ ਰੱਖੋ।,A,"1975 ਤੋਂ ਪਹਿਲਾਂ ਦੇ ਕੁਝ ਵਾਹਨਾਂ ਵਿੱਚ ਇੱਕ ਫਰੰਟ ਬ੍ਰੇਕ ਸੀਮਿਤ ਵਾਲਵ ਹੁੰਦਾ ਹੈ, ਜਿਸ ਵਿੱਚ ""ਆਮ"" ਅਤੇ ""ਸਲਿਪਰੀ"" ਸੈਟਿੰਗਾਂ ਹੁੰਦੀਆਂ ਹਨ। ਇਹਨਾਂ ਵਾਲਵ ਦੇ ਪਿੱਛੇ ਦਾ ਵਿਚਾਰ ਇਹ ਸੀ ਕਿ ਤਿਲਕਣ ਵਾਲੀਆਂ ਸਤਹਾਂ 'ਤੇ ਗੱਡੀ ਚਲਾਉਂਦੇ ਸਮੇਂ ਸਾਹਮਣੇ ਵਾਲੇ ਬ੍ਰੇਕਾਂ ਲਈ ਉਪਲਬਧ ਹਵਾ ਦੇ ਦਬਾਅ ਨੂੰ ਸੀਮਤ ਕਰਨਾ, ਅਤੇ ਇਸ ਤਰ੍ਹਾਂ ਫਰੰਟ-ਵ੍ਹੀਲ ਸਕਿਡ ਦੇ ਖ਼ਤਰੇ ਨੂੰ ਘਟਾਉਣਾ ਸੀ। ਅਧਿਐਨ ਨੇ ਪਾਇਆ ਹੈ ਕਿ ਇਹ ਅਸਲ ਵਿੱਚ ਕੋਈ ਚਿੰਤਾ ਨਹੀਂ ਹੈ, ਇਸ ਲਈ ਜੇਕਰ ਤੁਹਾਡੇ ਵਾਹਨ ਵਿੱਚ ਇੱਕ ਫਰੰਟ ਬ੍ਰੇਕ ਸੀਮਿਤ ਵਾਲਵ ਹੈ, ਤਾਂ ਇਸਨੂੰ ""ਆਮ"" ਸਥਿਤੀ ਵਿੱਚ ਛੱਡ ਦਿਓ।"
9354,ਵੱਧ ਤੋਂ ਵੱਧ ਸੁਰੱਖਿਅਤ ਗਤੀ ਨੂੰ ਦਰਸਾਉਂਦਾ ਇੱਕ ਚਿੰਨ੍ਹ:,,"ਡ੍ਰਾਈਵਿੰਗ ਸਪੀਡ ਦਾ ਸੁਝਾਅ ਦੇ ਰਿਹਾ ਹੈ, ਪਰ ਵਾਹਨ ਪੋਸਟ ਕੀਤੀ ਗਤੀ ਨਾਲੋਂ ਤੇਜ਼ ਯਾਤਰਾ ਕਰ ਸਕਦੇ ਹਨ।","ਸਿਰਫ 26,000 ਪੌਂਡ ਤੋਂ ਵੱਧ ਵਜ਼ਨ ਵਾਲੇ ਵਾਹਨਾਂ ਲਈ ਗਤੀ ਸੀਮਾ ਦਾ ਪਾਲਣ ਕਰਨ ਦਾ ਸੁਝਾਅ ਦੇ ਰਿਹਾ ਹੈ।",ਦੀ ਪਾਲਣਾ ਕਰਨੀ ਚਾਹੀਦੀ ਹੈ ਅਤੇ ਕੋਈ ਵੀ ਵਾਹਨ ਤਾਇਨਾਤ ਸਪੀਡ ਤੋਂ ਵੱਧ ਤੇਜ਼ ਨਹੀਂ ਚੱਲਣਾ ਚਾਹੀਦਾ।,ਸਿਰਫ ਆਟੋਮੋਬਾਈਲ 'ਤੇ ਲਾਗੂ ਹੁੰਦਾ ਹੈ।,C,"ਤੁਹਾਨੂੰ ""ਵੱਧ ਤੋਂ ਵੱਧ ਸੁਰੱਖਿਅਤ ਸਪੀਡ"" ਚਿੰਨ੍ਹ 'ਤੇ ਦਿਖਾਈ ਗਈ ਗਤੀ ਨੂੰ ਕਦੇ ਵੀ ਵੱਧ ਨਹੀਂ ਕਰਨਾ ਚਾਹੀਦਾ।"
9558,ਐਮਰਜੈਂਸੀ ਬ੍ਰੇਕ:,,ਟਰੱਕਾਂ 'ਤੇ ਲੋੜੀਂਦੇ ਨਹੀਂ ਹਨ।,ਸਿਰਫ਼ ਟ੍ਰੇਲਰ 'ਤੇ ਲੋੜੀਂਦੇ ਹਨ।,ਟਰੈਕਟਰਾਂ 'ਤੇ ਲੋੜੀਂਦੇ ਹਨ।,ਵਿਕਲਪਿਕ ਹਨ।,C,"ਸਾਰੇ ਟਰੱਕਾਂ, ਟਰੱਕ ਟਰੈਕਟਰਾਂ ਅਤੇ ਬੱਸਾਂ ਨੂੰ ਐਮਰਜੈਂਸੀ ਬ੍ਰੇਕਾਂ ਅਤੇ ਪਾਰਕਿੰਗ ਬ੍ਰੇਕਾਂ ਨਾਲ ਲੈਸ ਹੋਣਾ ਚਾਹੀਦਾ ਹੈ। ਇਹ ਬ੍ਰੇਕਾਂ ਨੂੰ ਮਕੈਨੀਕਲ ਬਲ ਦੁਆਰਾ ਫੜਿਆ ਜਾਣਾ ਚਾਹੀਦਾ ਹੈ."
9520,"ਸਮਰਥਨ ਕਰਦੇ ਸਮੇਂ, ਤੁਹਾਨੂੰ ਇਹ ਕਰਨਾ ਚਾਹੀਦਾ ਹੈ:",,ਦੂਜੇ ਡਰਾਈਵਰਾਂ ਦੇ ਰਸਤੇ ਤੋਂ ਬਾਹਰ ਨਿਕਲਣ ਲਈ ਤੇਜ਼ੀ ਨਾਲ ਅੱਗੇ ਵਧੋ।,ਆਪਣੇ ਸ਼ੀਸ਼ੇ ਦੀ ਵਰਤੋਂ ਨਾ ਕਰਨ ਦੀ ਕੋਸ਼ਿਸ਼ ਕਰੋ।,ਕਿਸੇ ਵੀ ਸਥਿਤੀ ਤੋਂ ਸ਼ੁਰੂ ਕਰੋ.,ਜੇਕਰ ਸੰਭਵ ਹੋਵੇ ਤਾਂ ਇੱਕ ਸਹਾਇਕ ਦੀ ਵਰਤੋਂ ਕਰੋ।,D,"ਇੱਕ ਵੱਡੇ CMV ਦਾ ਸਮਰਥਨ ਕਰਨਾ ਹਮੇਸ਼ਾ ਖ਼ਤਰਨਾਕ ਹੁੰਦਾ ਹੈ ਕਿਉਂਕਿ ਤੁਸੀਂ ਆਪਣੇ ਪਿੱਛੇ ਸਭ ਕੁਝ ਨਹੀਂ ਦੇਖ ਸਕੋਗੇ। ਜੇਕਰ ਤੁਹਾਨੂੰ ਬੈਕਅੱਪ ਲੈਣਾ ਚਾਹੀਦਾ ਹੈ, ਜੇ ਸੰਭਵ ਹੋਵੇ, ਇੱਕ ਸਹਾਇਕ ਦੀ ਵਰਤੋਂ ਕਰੋ।"
9094,ਜੇ ਟ੍ਰੈਫਿਕ ਲਾਈਟ ਲੰਬੇ ਸਮੇਂ ਤੋਂ ਹਰੀ ਹੈ:,,ਇਹ ਸੰਭਵ ਤੌਰ 'ਤੇ ਹਰਾ ਰਹੇਗਾ ਜਦੋਂ ਤੁਸੀਂ ਨੇੜੇ ਹੋਵੋਗੇ.,ਇਹ ਸੰਭਾਵਤ ਤੌਰ 'ਤੇ ਟੁੱਟ ਗਿਆ ਹੈ.,ਇਹ ਸੰਭਾਵਨਾ ਹੈ ਕਿ ਰੌਸ਼ਨੀ ਜਲਦੀ ਹੀ ਪੀਲੇ ਵਿੱਚ ਬਦਲ ਜਾਵੇਗੀ।,ਇਹ ਸੰਭਾਵਨਾ ਹੈ ਕਿ ਰੋਸ਼ਨੀ ਪੀਲੀ ਛੱਡ ਦੇਵੇਗੀ ਅਤੇ ਹਰੇ ਤੋਂ ਲਾਲ ਵਿੱਚ ਬਦਲ ਜਾਵੇਗੀ।,C,"ਜੇਕਰ ਤੁਸੀਂ ਕਿਸੇ ਟ੍ਰੈਫਿਕ ਲਾਈਟ ਦੇ ਨੇੜੇ ਜਾ ਰਹੇ ਹੋ ਜੋ ਲੰਬੇ ਸਮੇਂ ਤੋਂ ਹਰੀ ਹੈ, ਤਾਂ ਤੁਹਾਡੇ ਤੱਕ ਪਹੁੰਚਣ ਤੋਂ ਪਹਿਲਾਂ ਇਹ ਪੀਲੀ ਹੋ ਜਾਣ ਦੀ ਚੰਗੀ ਸੰਭਾਵਨਾ ਹੈ। ਹੌਲੀ ਹੋਣਾ ਸ਼ੁਰੂ ਕਰੋ ਅਤੇ ਰੁਕਣ ਲਈ ਤਿਆਰ ਰਹੋ।"
8869,ਘੱਟ ਹਵਾ ਦੇ ਦਬਾਅ ਦੀ ਚੇਤਾਵਨੀ ਲਾਈਟ ਕਿਹੜਾ ਰੰਗ ਹੈ?,,ਹਰਾ,ਸੰਤਰਾ,ਲਾਲ,ਜਾਮਨੀ,C,ਏਅਰ ਬ੍ਰੇਕ ਵਾਲੇ ਵਾਹਨਾਂ ਵਿੱਚ ਘੱਟ ਹਵਾ ਦੇ ਦਬਾਅ ਦੀ ਚੇਤਾਵਨੀ ਸਿਗਨਲ ਦੀ ਲੋੜ ਹੁੰਦੀ ਹੈ। ਚੇਤਾਵਨੀ ਰੋਸ਼ਨੀ ਆਮ ਤੌਰ 'ਤੇ ਲਾਲ ਹੁੰਦੀ ਹੈ ਅਤੇ ਇੱਕ ਬਜ਼ਰ ਦੇ ਨਾਲ ਹੋ ਸਕਦੀ ਹੈ।
8887,ਵੱਡੇ ਸੁਮੇਲ ਵਾਹਨਾਂ ਨੂੰ ਰੁਕਣ ਵਿੱਚ ਸਭ ਤੋਂ ਵੱਧ ਸਮਾਂ ਲੱਗਦਾ ਹੈ:,,ਜਦੋਂ ਪੂਰੀ ਤਰ੍ਹਾਂ ਲੋਡ ਹੋ ਜਾਂਦਾ ਹੈ।,ਜਦੋਂ ਅੰਸ਼ਕ ਤੌਰ 'ਤੇ ਲੋਡ ਕੀਤਾ ਜਾਂਦਾ ਹੈ।,ਜਦੋਂ ਖਾਲੀ.,ਜਦੋਂ ਜ਼ਿਆਦਾਤਰ ਲੋਡ ਕੀਤਾ ਜਾਂਦਾ ਹੈ।,C,ਵੱਡੇ ਸੁਮੇਲ ਵਾਹਨਾਂ ਨੂੰ ਲੋਡ ਕੀਤੇ ਜਾਣ ਨਾਲੋਂ ਖਾਲੀ ਹੋਣ 'ਤੇ ਰੁਕਣ ਵਿੱਚ ਜ਼ਿਆਦਾ ਸਮਾਂ ਲੱਗਦਾ ਹੈ। ਘਟੇ ਹੋਏ ਵਜ਼ਨ ਕਾਰਨ ਸੜਕ ਦੀ ਸਤ੍ਹਾ 'ਤੇ ਵਾਹਨ ਦੇ ਪਹੀਏ ਘੱਟ ਜਾਂਦੇ ਹਨ।
9064,ਇੰਜਣ ਦੇ ਡੱਬੇ ਦੀ ਜਾਂਚ ਕਰਦੇ ਸਮੇਂ:,,ਪਾਰਕਿੰਗ ਬ੍ਰੇਕ ਨਹੀਂ ਲਗਾਈ ਜਾਣੀ ਚਾਹੀਦੀ।,ਪਹੀਏ ਚੱਕਣੇ ਚਾਹੀਦੇ ਹਨ।,ਇੰਜਣ ਚੱਲਣਾ ਚਾਹੀਦਾ ਹੈ।,ਗੀਅਰਸ਼ਿਫਟ ਪਹਿਲੇ ਗੀਅਰ ਵਿੱਚ ਹੋਣੀ ਚਾਹੀਦੀ ਹੈ।,B,"ਇੰਜਣ ਦੇ ਡੱਬੇ ਦਾ ਮੁਆਇਨਾ ਕਰਨ ਤੋਂ ਪਹਿਲਾਂ, ਯਕੀਨੀ ਬਣਾਓ ਕਿ ਪਾਰਕਿੰਗ ਬ੍ਰੇਕ ਚਾਲੂ ਹਨ ਅਤੇ/ਜਾਂ ਪਹੀਏ ਬੰਦ ਹਨ। ਕੈਬ ਵਿੱਚ ਦਾਖਲ ਹੋਣ ਤੋਂ ਪਹਿਲਾਂ ਅਤੇ ਇੰਜਣ ਚਾਲੂ ਕਰਨ ਤੋਂ ਪਹਿਲਾਂ ਇੰਜਣ ਦੇ ਡੱਬੇ ਦੀ ਜਾਂਚ ਕਰੋ।"
8892,ਇੱਕ ਟਰੈਕਟਰ ਸੁਰੱਖਿਆ ਵਾਲਵ ਹੈ:,,"ਇੱਕ ਯੰਤਰ ਜੋ ਟਰੈਕਟਰ ਜਾਂ ਟਰੱਕ ਦੇ ਬ੍ਰੇਕ ਸਿਸਟਮ ਵਿੱਚ ਹਵਾ ਰੱਖਦਾ ਹੈ, ਕੀ ਟ੍ਰੇਲਰ ਟੁੱਟ ਜਾਵੇ ਜਾਂ ਖਰਾਬ ਲੀਕ ਹੋ ਜਾਵੇ।",ਇੱਕ ਉਪਕਰਣ ਜੋ ਚੋਰੀ ਨੂੰ ਰੋਕਦਾ ਹੈ।,ਇੱਕ ਉਪਕਰਣ ਜੋ ਬਾਲਣ ਦੇ ਪੱਧਰਾਂ ਨੂੰ ਨਿਯੰਤਰਿਤ ਕਰਦਾ ਹੈ।,ਇੱਕ ਡਿਵਾਈਸ ਜੋ ਬੈਟਰੀ ਨੂੰ ਕੁਸ਼ਲਤਾ ਨਾਲ ਰੀਚਾਰਜ ਕਰਨ ਦੀ ਆਗਿਆ ਦਿੰਦੀ ਹੈ।,A,"ਏਅਰ ਬ੍ਰੇਕਾਂ ਵਾਲੇ ਸੰਯੁਕਤ ਵਾਹਨਾਂ 'ਤੇ, ਟਰੈਕਟਰ ਸੁਰੱਖਿਆ ਵਾਲਵ ਟਰੈਕਟਰ ਜਾਂ ਟਰੱਕ ਦੇ ਬ੍ਰੇਕ ਸਿਸਟਮ ਵਿੱਚ ਹਵਾ ਰੱਖਦਾ ਹੈ, ਕੀ ਟ੍ਰੇਲਰ ਵਿੱਚ ਖਰਾਬ ਲੀਕ ਹੋ ਜਾਂਦੀ ਹੈ ਜਾਂ ਟਰੈਕਟਰ ਤੋਂ ਟੁੱਟ ਜਾਂਦਾ ਹੈ।"
9821,"""ਕਰੈਕ-ਦ-ਵਾਈਪ"" ਪ੍ਰਭਾਵ ਦੇ ਕਾਰਨ:",,ਡਬਲ ਅਤੇ ਤੀਹਰੀ ਗੱਡੀਆਂ ਦੇ ਦੂਜੇ ਮਿਸ਼ਰਨ ਵਾਹਨਾਂ ਦੇ ਮੁਕਾਬਲੇ ਉਲਟ ਜਾਣ ਦੀ ਜ਼ਿਆਦਾ ਸੰਭਾਵਨਾ ਹੁੰਦੀ ਹੈ।,ਇੱਕ ਮਿਸ਼ਰਨ ਵਾਹਨ ਇੱਕ ਉੱਚੀ ਸ਼ੋਰ ਪੈਦਾ ਕਰੇਗਾ ਜੇਕਰ ਕਾਫ਼ੀ ਤੇਜ਼ ਚਲਾਇਆ ਜਾਵੇ।,ਵਿਚਕਾਰਲੇ ਟ੍ਰੇਲਰ ਦੇ ਟਾਇਰ ਸਾਰੇ ਸਟਾਪਾਂ 'ਤੇ ਬੰਦ ਹੋ ਜਾਣਗੇ।,ਟਰੱਕ ਦੇ ਮਗਰ ਆਉਣ ਵਾਲੇ ਵਾਹਨ ਆਮ ਨਾਲੋਂ ਤੇਜ਼ੀ ਨਾਲ ਸਫ਼ਰ ਕਰ ਸਕਣਗੇ।,A,"ਡਬਲ ਅਤੇ ਟ੍ਰਿਪਲ ਟ੍ਰੇਲਰ ਸੰਜੋਗ ਹੋਰ ਸੁਮੇਲ ਵਾਹਨਾਂ ਦੇ ਮੁਕਾਬਲੇ ""ਕਰੈਕ-ਦ-ਵ੍ਹਿਪ"" ਪ੍ਰਭਾਵ ਦੇ ਕਾਰਨ ਪਲਟਣ ਦੀ ਜ਼ਿਆਦਾ ਸੰਭਾਵਨਾ ਰੱਖਦੇ ਹਨ। ਡ੍ਰਾਈਵਰਾਂ ਨੂੰ ਆਪਣੇ ਖਾਸ ਵਾਹਨਾਂ ਦੇ ਪਿੱਛੇ ਵੱਲ ਵਧਣ ਬਾਰੇ ਸੁਚੇਤ ਹੋਣਾ ਚਾਹੀਦਾ ਹੈ ਅਤੇ ਉਸ ਅਨੁਸਾਰ ਸਟੀਅਰ ਕਰਨਾ ਚਾਹੀਦਾ ਹੈ।"
8906,"ਡਬਲ ਗੱਡੀ ਚਲਾਉਂਦੇ ਸਮੇਂ, ਸਭ ਤੋਂ ਹਲਕਾ ਟ੍ਰੇਲਰ ਰੱਖਿਆ ਜਾਣਾ ਚਾਹੀਦਾ ਹੈ:",,ਪਹਿਲੀ ਸਥਿਤੀ ਵਿੱਚ.,ਮੱਧ ਸਥਿਤੀ ਵਿੱਚ.,ਪਿਛਲੀ ਸਥਿਤੀ ਵਿੱਚ.,ਕਿਸੇ ਵੀ ਸਥਿਤੀ ਵਿੱਚ.,C,"ਡਬਲ ਜਾਂ ਟ੍ਰਿਪਲ ਕੰਬੀਨੇਸ਼ਨ ਵਾਹਨ ਚਲਾਉਂਦੇ ਸਮੇਂ ਸਭ ਤੋਂ ਸੁਰੱਖਿਅਤ ਹੈਂਡਲਿੰਗ ਲਈ, ਸਭ ਤੋਂ ਜ਼ਿਆਦਾ ਭਾਰ ਵਾਲੇ ਸੈਮੀ-ਟ੍ਰੇਲਰ ਨੂੰ ਟਰੈਕਟਰ ਦੇ ਪਿੱਛੇ ਪਹਿਲੀ ਸਥਿਤੀ ਵਿੱਚ ਰੱਖਿਆ ਜਾਣਾ ਚਾਹੀਦਾ ਹੈ। ਸਭ ਤੋਂ ਹਲਕੇ ਟ੍ਰੇਲਰ ਨੂੰ ਪਿਛਲੀ ਸਥਿਤੀ ਵਿੱਚ ਰੱਖਿਆ ਜਾਣਾ ਚਾਹੀਦਾ ਹੈ।"
11698,"ਸੈਰ-ਸਪਾਟੇ ਦੇ ਨਿਰੀਖਣ ਦੌਰਾਨ, ਯਕੀਨੀ ਬਣਾਓ ਕਿ ਬ੍ਰੇਕ ਡਰੱਮਾਂ 'ਤੇ ਕੋਈ ਦਰਾੜ ਨਹੀਂ ਹੈ ਜੋ ਰਗੜ ਵਾਲੇ ਖੇਤਰ ਦੀ ਚੌੜਾਈ ਦੇ ____ ਤੋਂ ਵੱਧ ਹਨ।",,ਇੱਕ ਅੱਧਾ,ਇੱਕ ਚੌਥਾਈ,ਇੱਕ ਤਿਹਾਈ,ਦਸਵਾਂ ਹਿੱਸਾ,A,"ਇੱਕ ਯਾਤਰਾ ਸ਼ੁਰੂ ਕਰਨ ਤੋਂ ਪਹਿਲਾਂ, ਤੁਹਾਡੇ ਸੈਰ-ਸਪਾਟੇ ਦੇ ਨਿਰੀਖਣ ਦੌਰਾਨ ਬ੍ਰੇਕ ਡਰੱਮਾਂ ਦੀ ਜਾਂਚ ਕਰਨਾ ਮਹੱਤਵਪੂਰਨ ਹੈ। ਗੱਡੀ ਚਲਾਉਣਾ ਅਸੁਰੱਖਿਅਤ ਹੈ ਜੇਕਰ ਕਿਸੇ ਬ੍ਰੇਕ ਡਰੱਮ ਵਿੱਚ ਰਗੜ ਵਾਲੇ ਖੇਤਰ ਦੀ ਚੌੜਾਈ ਦੇ ਅੱਧੇ ਤੋਂ ਵੱਧ ਦਰਾੜ ਹੋਵੇ।"
9541,ਟ੍ਰੇਲਰ ਨੂੰ ਜੋੜਨ ਵੇਲੇ:,,ਖੁਸ਼ੀ ਦੇ ਹੱਥਾਂ ਨਾਲ ਮੇਲ ਖਾਂਦੇ ਜੋੜੇ ਨੂੰ ਯਕੀਨੀ ਬਣਾਓ.,ਕੋਈ ਵੀ ਖੁਸ਼ੀ ਵਾਲਾ ਹੱਥ ਕਿਸੇ ਹੋਰ ਖੁਸ਼ੀ ਦੇ ਹੱਥ ਨਾਲ ਜੁੜਿਆ ਜਾ ਸਕਦਾ ਹੈ.,ਇੱਕ ਖੁਸ਼ਹਾਲ ਹੱਥ ਨੂੰ ਨਿਰਲੇਪ ਛੱਡਣਾ ਸਭ ਤੋਂ ਵਧੀਆ ਹੈ.,ਖੁਸ਼ਹਾਲ ਹੱਥਾਂ ਦਾ ਸਿਰਫ ਇੱਕ ਸਮੂਹ ਜੁੜਿਆ ਹੋਣਾ ਚਾਹੀਦਾ ਹੈ.,A,"ਜੋੜਨ ਵੇਲੇ, ਯਕੀਨੀ ਬਣਾਓ ਕਿ ਤੁਸੀਂ ਖੁਸ਼ੀ ਦੇ ਹੱਥਾਂ ਨਾਲ ਮੇਲ ਖਾਂਦੇ ਹੋ। ਡਰਾਈਵਰਾਂ ਨੂੰ ਗਲਤੀਆਂ ਤੋਂ ਬਚਣ ਵਿੱਚ ਮਦਦ ਕਰਨ ਲਈ ਉਹ ਅਕਸਰ ਰੰਗ-ਕੋਡ ਕੀਤੇ ਜਾਂਦੇ ਹਨ। ਆਮ ਤੌਰ 'ਤੇ, ਨੀਲੇ ਦੀ ਵਰਤੋਂ ਸਰਵਿਸ ਲਾਈਨਾਂ ਲਈ ਕੀਤੀ ਜਾਂਦੀ ਹੈ ਅਤੇ ਲਾਲ ਦੀ ਵਰਤੋਂ ਐਮਰਜੈਂਸੀ ਲਾਈਨਾਂ ਲਈ ਕੀਤੀ ਜਾਂਦੀ ਹੈ।"
9382,"ਜੇਕਰ ਹਵਾ ਦੇ ਦਬਾਅ ਦੀ ਚੇਤਾਵਨੀ ਲਾਈਟ ਆਉਂਦੀ ਹੈ, ਤਾਂ ਤੁਹਾਨੂੰ ਇਹ ਕਰਨਾ ਚਾਹੀਦਾ ਹੈ:",,ਆਮ ਤੌਰ 'ਤੇ ਗੱਡੀ ਚਲਾਉਣਾ ਜਾਰੀ ਰੱਖੋ।,ਆਪਣੀਆਂ ਖਤਰੇ ਵਾਲੀਆਂ ਲਾਈਟਾਂ ਨੂੰ ਸਰਗਰਮ ਕਰੋ ਅਤੇ ਗੱਡੀ ਚਲਾਉਣਾ ਜਾਰੀ ਰੱਖੋ।,ਸਥਾਨਕ ਕਾਨੂੰਨ ਲਾਗੂ ਕਰਨ ਵਾਲੀ ਏਜੰਸੀ ਨੂੰ ਕਾਲ ਕਰੋ।,ਸੜਕ ਤੋਂ ਸੁਰੱਖਿਅਤ ਢੰਗ ਨਾਲ ਬਾਹਰ ਨਿਕਲੋ ਅਤੇ ਰੁਕੋ।,D,"ਜੇਕਰ ਤੁਸੀਂ ਗੱਡੀ ਚਲਾ ਰਹੇ ਹੋਵੋ ਤਾਂ ਜੇਕਰ ਹਵਾ ਦੇ ਦਬਾਅ ਦੀ ਚੇਤਾਵਨੀ ਦੇਣ ਵਾਲੀ ਲਾਈਟ ਜਾਂ ਬਜ਼ਰ ਚੱਲਦਾ ਹੈ, ਤਾਂ ਤੁਹਾਨੂੰ ਤੁਰੰਤ ਵਾਹਨ ਨੂੰ ਰੋਕ ਦੇਣਾ ਚਾਹੀਦਾ ਹੈ ਅਤੇ ਸੁਰੱਖਿਅਤ ਢੰਗ ਨਾਲ ਪਾਰਕ ਕਰਨਾ ਚਾਹੀਦਾ ਹੈ। ਇਹ ਚੇਤਾਵਨੀ ਸੰਕੇਤ ਦਰਸਾਉਂਦਾ ਹੈ ਕਿ ਏਅਰ ਬ੍ਰੇਕ ਸਿਸਟਮ ਵਿੱਚ ਇੱਕ ਸਮੱਸਿਆ ਹੈ ਜਿਸ ਨੂੰ ਠੀਕ ਕਰਨ ਦੀ ਲੋੜ ਹੈ।"
10127,____ ਬਰਫ਼ ਦੀ ਇੱਕ ਪਤਲੀ ਪਰਤ ਹੈ ਜੋ ਸੜਕ ਦੀਆਂ ਸਤਹਾਂ 'ਤੇ ਬਣਦੀ ਹੈ।,,ਚਿੱਟੀ ਬਰਫ਼,ਕਾਲੀ ਬਰਫ਼,ਹਰੀ ਬਰਫ਼,ਨੀਲੀ ਬਰਫ਼,B,ਕਾਲੀ ਬਰਫ਼ ਬਰਫ਼ ਦੀ ਇੱਕ ਪਰਤ ਹੁੰਦੀ ਹੈ ਜੋ ਪਤਲੀ ਅਤੇ ਸਾਫ਼ ਹੁੰਦੀ ਹੈ ਕਿ ਇਸ ਵਿੱਚੋਂ ਸੜਕ ਦਿਖਾਈ ਦੇ ਸਕਦੀ ਹੈ। ਇਸ ਨਾਲ ਸੜਕ ਇਸ ਤਰ੍ਹਾਂ ਦਿਖਾਈ ਦਿੰਦੀ ਹੈ ਜਿਵੇਂ ਕਿ ਇਹ ਸਿਰਫ਼ ਗਿੱਲੀ ਹੈ।
9825,"ਡਬਲ ਜਾਂ ਤੀਹਰੀ ਗੱਡੀ ਚਲਾਉਂਦੇ ਸਮੇਂ, ਇਹ ਯਾਦ ਰੱਖਣਾ ਜ਼ਰੂਰੀ ਹੈ ਕਿ:",,ਵਾਹਨ ਨੂੰ ਜ਼ਿਆਦਾਤਰ ਹੋਰ ਵਾਹਨਾਂ ਨਾਲੋਂ ਜ਼ਿਆਦਾ ਥਾਂ ਦੀ ਲੋੜ ਹੁੰਦੀ ਹੈ।,ਲੋੜ ਪੈਣ 'ਤੇ ਹੋਰ ਡਰਾਈਵਰ ਸੰਭਾਵਤ ਤੌਰ 'ਤੇ ਤੁਹਾਡੇ ਰਸਤੇ ਤੋਂ ਬਾਹਰ ਹੋ ਜਾਣਗੇ।,ਸੰਭਾਵਤ ਤੌਰ 'ਤੇ ਵਾਹਨ ਦਾ ਵਜ਼ਨ ਹੋਰ ਵਾਹਨਾਂ ਦੇ ਬਰਾਬਰ ਹੈ।,ਵਾਹਨ ਆਸਾਨੀ ਨਾਲ ਛੋਟੀਆਂ ਥਾਵਾਂ 'ਤੇ ਫਿੱਟ ਹੋ ਸਕਦਾ ਹੈ।,A,"ਡਬਲ ਅਤੇ ਟ੍ਰਿਪਲ ਨੂੰ ਦੂਜੇ ਵਾਹਨਾਂ ਨਾਲੋਂ ਵਧੇਰੇ ਜਗ੍ਹਾ ਦੀ ਲੋੜ ਹੁੰਦੀ ਹੈ, ਦੋਵੇਂ ਕਿਉਂਕਿ ਉਹ ਦੂਜੇ ਵਾਹਨਾਂ ਨਾਲੋਂ ਲੰਬੇ ਹੁੰਦੇ ਹਨ ਅਤੇ ਕਿਉਂਕਿ ਉਹਨਾਂ ਦਾ ਆਕਾਰ ਅਤੇ ਭਾਰ ਉਹਨਾਂ ਨੂੰ ਅਚਾਨਕ ਮੋੜਨ ਜਾਂ ਰੁਕਣ ਤੋਂ ਰੋਕਦਾ ਹੈ। ਡਬਲ ਜਾਂ ਤੀਹਰੀ ਗੱਡੀ ਚਲਾਉਂਦੇ ਸਮੇਂ, ਹਮੇਸ਼ਾ ਇਹ ਯਕੀਨੀ ਬਣਾਓ ਕਿ ਤੁਹਾਡੇ ਕੋਲ ਟ੍ਰੈਫਿਕ ਵਿੱਚ ਦਾਖਲ ਹੋਣ, ਟ੍ਰੈਫਿਕ ਨੂੰ ਪਾਰ ਕਰਨ, ਜਾਂ ਲੇਨ ਬਦਲਣ ਤੋਂ ਪਹਿਲਾਂ ਕਾਫ਼ੀ ਜਗ੍ਹਾ ਹੈ।"
9835,ਡੌਲੀ ਬ੍ਰੇਕ ਕਿਵੇਂ ਜਾਰੀ ਕੀਤੇ ਜਾਂਦੇ ਹਨ?,,ਏਅਰ ਟੈਂਕ ਪੇਟਕੌਕ ਖੋਲ੍ਹ ਕੇ,ਸਪਲਾਈ ਵਾਲਵ ਨੂੰ ਜਾਰੀ ਕਰਕੇ,ਸਪਲਾਈ ਵਾਲਵ ਨੂੰ ਬੰਦ ਕਰਕੇ,ਰਿਟਾਡਰ ਨੂੰ ਬੰਦ ਕਰਕੇ,A,"ਏਅਰ ਟੈਂਕ ਪੇਟਕੌਕ ਨੂੰ ਖੋਲ੍ਹ ਕੇ ਡੌਲੀ ਬ੍ਰੇਕ ਛੱਡੋ। ਜੇਕਰ ਡੌਲੀ ਕੋਲ ਸਪਰਿੰਗ ਬ੍ਰੇਕ ਹਨ, ਤਾਂ ਡੌਲੀ ਪਾਰਕਿੰਗ ਬ੍ਰੇਕ ਕੰਟਰੋਲ ਦੀ ਵਰਤੋਂ ਕਰੋ।"
8871,ਵਿੱਗ ਵੈਗ ਕੀ ਹੈ?,,ਚੇਤਾਵਨੀ ਸਿਸਟਮ ਦੀ ਇੱਕ ਕਿਸਮ,ਕੰਪ੍ਰੈਸਰ ਤੋਂ ਟੈਂਕ ਤੱਕ ਹਵਾ ਲਿਜਾਣ ਲਈ ਵਰਤੀ ਜਾਂਦੀ ਇੱਕ ਟਿਊਬ,ਵਰਤੇ ਜਾਣ 'ਤੇ ਏਅਰ ਬ੍ਰੇਕਾਂ ਦੁਆਰਾ ਬਣਾਇਆ ਗਿਆ ਇੱਕ ਰੌਲਾ,ਬ੍ਰੇਕਿੰਗ ਯੂਨਿਟ ਦੇ ਅੰਦਰ ਇੱਕ ਹਿੱਸਾ ਜੋ ਹਵਾ ਨੂੰ ਸੁਤੰਤਰ ਰੂਪ ਵਿੱਚ ਜਾਣ ਦਿੰਦਾ ਹੈ,A,ਇੱਕ ਵਿੱਗ ਵੈਗ ਇੱਕ ਏਅਰ ਬ੍ਰੇਕ ਸਿਸਟਮ ਵਿੱਚ ਘੱਟ ਹਵਾ ਦੇ ਦਬਾਅ ਦੀ ਚੇਤਾਵਨੀ ਦੇਣ ਵਾਲਾ ਯੰਤਰ ਹੈ। ਜਦੋਂ ਟੈਂਕ ਵਿੱਚ ਹਵਾ ਦਾ ਦਬਾਅ 60 psi ਤੋਂ ਹੇਠਾਂ ਆਉਂਦਾ ਹੈ ਤਾਂ ਇਹ ਡਰਾਈਵਰ ਦੇ ਦ੍ਰਿਸ਼ ਵਿੱਚ ਇੱਕ ਮਕੈਨੀਕਲ ਬਾਂਹ ਸੁੱਟਦਾ ਹੈ।
9266,"ਜੇਕਰ ਕਿਸੇ ਹਮਲਾਵਰ ਡਰਾਈਵਰ ਦਾ ਸਾਹਮਣਾ ਕਰਨਾ ਪੈਂਦਾ ਹੈ, ਤਾਂ ਤੁਹਾਨੂੰ ਇਹ ਕਰਨਾ ਚਾਹੀਦਾ ਹੈ:",,ਉਹਨਾਂ ਨਾਲ ਬਿਹਤਰ ਸੰਚਾਰ ਕਰਨ ਲਈ ਅੱਖਾਂ ਦਾ ਸੰਪਰਕ ਬਣਾਓ।,ਉਨ੍ਹਾਂ ਦੇ ਇਸ਼ਾਰਿਆਂ ਨੂੰ ਨਜ਼ਰਅੰਦਾਜ਼ ਕਰੋ।,ਉਨ੍ਹਾਂ ਦੇ ਸਫ਼ਰ ਦੇ ਰਸਤੇ ਤੋਂ ਬਾਹਰ ਨਹੀਂ ਜਾਣਾ.,,B,"ਜੇਕਰ ਕਿਸੇ ਹਮਲਾਵਰ ਡਰਾਈਵਰ ਦਾ ਸਾਹਮਣਾ ਕਰਨਾ ਪੈਂਦਾ ਹੈ, ਤਾਂ ਜੇ ਸੰਭਵ ਹੋਵੇ ਤਾਂ ਉਹਨਾਂ ਦੇ ਰਸਤੇ ਤੋਂ ਹਟਣਾ ਸਭ ਤੋਂ ਮਹੱਤਵਪੂਰਨ ਹੁੰਦਾ ਹੈ। ਡਰਾਈਵਰ ਨਾਲ ਅੱਖਾਂ ਦਾ ਸੰਪਰਕ ਨਾ ਕਰੋ, ਕਿਉਂਕਿ ਅਜਿਹਾ ਕਰਨ ਨਾਲ ਉਹ ਭੜਕ ਸਕਦਾ ਹੈ। ਉਨ੍ਹਾਂ ਨੂੰ ਆਪਣੇ ਕੰਮਾਂ ਨਾਲ ਤੁਹਾਨੂੰ ਉਕਸਾਉਣ ਨਾ ਦਿਓ।"
9003,"ਸੰਕਟਕਾਲੀਨ ਸਥਿਤੀ ਵਿੱਚ ਨਿਯੰਤਰਿਤ ਬ੍ਰੇਕਿੰਗ ਵਿਧੀ ਦੀ ਵਰਤੋਂ ਕਰਦੇ ਸਮੇਂ, ਤੁਹਾਨੂੰ ਇਹ ਕਰਨਾ ਚਾਹੀਦਾ ਹੈ:",,ਪਹੀਆਂ ਨੂੰ ਲਾਕ ਕੀਤੇ ਬਿਨਾਂ ਜਿੰਨਾ ਸੰਭਵ ਹੋ ਸਕੇ ਬ੍ਰੇਕ ਲਗਾਓ।,ਆਪਣੇ ਆਮ ਬਲ ਦੇ ਲਗਭਗ ਅੱਧੇ ਨਾਲ ਬ੍ਰੇਕ ਲਗਾਓ।,ਬ੍ਰੇਕ ਲਗਾਓ ਤਾਂ ਕਿ ਪਹੀਏ ਲਾਕ ਹੋ ਜਾਣ।,ਬ੍ਰੇਕਾਂ ਨੂੰ ਘੱਟ ਤੋਂ ਘੱਟ ਦਬਾਅ ਨਾਲ ਲਗਾਓ।,A,ਐਮਰਜੈਂਸੀ ਸਟਾਪਾਂ ਲਈ ਨਿਯੰਤਰਿਤ ਬ੍ਰੇਕਿੰਗ ਵਿਧੀ ਵਿੱਚ ਪਹੀਆਂ ਨੂੰ ਲਾਕ ਕੀਤੇ ਬਿਨਾਂ ਬ੍ਰੇਕਾਂ ਨੂੰ ਜਿੰਨੀ ਸਖਤ ਹੋ ਸਕੇ ਲਾਗੂ ਕਰਨਾ ਸ਼ਾਮਲ ਹੈ। ਇਸ ਤਰੀਕੇ ਨਾਲ ਬ੍ਰੇਕ ਲਗਾਉਣ ਵੇਲੇ ਸਟੀਅਰਿੰਗ ਵ੍ਹੀਲ ਦੀ ਹਰਕਤ ਛੋਟੀ ਰੱਖੋ।
8791,ਕੀ ਹੋ ਸਕਦਾ ਹੈ ਜੇਕਰ ਨਿਕਾਸ ਸਿਸਟਮ ਸਹੀ ਢੰਗ ਨਾਲ ਕੰਮ ਨਹੀਂ ਕਰ ਰਿਹਾ ਹੈ?,,ਜ਼ਹਿਰੀਲੇ ਧੂੰਏਂ ਕੈਬ ਵਿੱਚ ਦਾਖਲ ਹੋ ਸਕਦੇ ਹਨ।,ਜ਼ਹਿਰੀਲੇ ਧੂੰਏ ਮਫਲਰ ਸਿਸਟਮ ਦੇ ਪਿਛਲੇ ਹਿੱਸੇ ਤੋਂ ਬਾਹਰ ਨਿਕਲ ਸਕਦੇ ਹਨ।,ਇਹ ਸਹੀ ਸਟੀਅਰਿੰਗ ਨੂੰ ਰੋਕ ਸਕਦਾ ਹੈ।,ਟ੍ਰੇਲਰ ਪੂਰੀ ਤਰ੍ਹਾਂ ਲੋਡ ਹੋਣ 'ਤੇ ਇਹ ਸਮੱਸਿਆ ਪੈਦਾ ਕਰ ਸਕਦਾ ਹੈ।,A,ਇੱਕ ਟੁੱਟਿਆ ਨਿਕਾਸ ਸਿਸਟਮ ਜ਼ਹਿਰੀਲੇ ਧੂੰਏਂ ਨੂੰ ਵਾਹਨ ਦੀ ਕੈਬ ਜਾਂ ਸਲੀਪਰ ਬਰਥ ਵਿੱਚ ਦਾਖਲ ਹੋਣ ਦੇ ਸਕਦਾ ਹੈ। ਨੁਕਸ ਲਈ ਨਿਯਮਿਤ ਤੌਰ 'ਤੇ ਆਪਣੇ ਐਗਜ਼ੌਸਟ ਸਿਸਟਮ ਦੀ ਜਾਂਚ ਕਰਨਾ ਯਕੀਨੀ ਬਣਾਓ।
8896,ਐਮਰਜੈਂਸੀ ਏਅਰ ਲਾਈਨ ਦਾ ਇੱਕ ਕੰਮ ਇਹ ਹੈ:,,ਐਮਰਜੈਂਸੀ ਬ੍ਰੇਕਾਂ ਨੂੰ ਕੰਟਰੋਲ ਕਰੋ।,ਜਦੋਂ ਹਵਾ ਦਾ ਦਬਾਅ ਇੱਕ ਨਿਸ਼ਚਿਤ psi ਤੋਂ ਹੇਠਾਂ ਹੋਵੇ ਤਾਂ ਫਲੈਸ਼ ਕਰੋ।,ਤੇਜ਼ ਮੋੜ ਲਈ ਆਗਿਆ ਦਿਓ.,ਖ਼ਰਾਬ ਮੌਸਮ ਦੇ ਦੌਰਾਨ ਅਭਿਆਸ ਕਰਨ ਦੀ ਯੋਗਤਾ ਨੂੰ ਨਿਯੰਤਰਿਤ ਕਰੋ।,A,"ਐਮਰਜੈਂਸੀ ਏਅਰ ਲਾਈਨ (ਜਿਸ ਨੂੰ ਸਪਲਾਈ ਲਾਈਨ ਵੀ ਕਿਹਾ ਜਾਂਦਾ ਹੈ) ਦੇ ਦੋ ਕਾਰਜ ਹਨ। ਪਹਿਲਾ ਟ੍ਰੇਲਰ ਏਅਰ ਟੈਂਕਾਂ ਨੂੰ ਹਵਾ ਸਪਲਾਈ ਕਰਨਾ ਹੈ, ਅਤੇ ਦੂਜਾ ਮਿਸ਼ਰਨ ਵਾਹਨਾਂ 'ਤੇ ਐਮਰਜੈਂਸੀ ਬ੍ਰੇਕਾਂ ਨੂੰ ਨਿਯੰਤਰਿਤ ਕਰਨਾ ਹੈ।"
11590,____ ਦੁਰਘਟਨਾ ਨਾਲ ਸਬੰਧਤ ਟਰੱਕ ਡਰਾਈਵਰਾਂ ਦੀਆਂ ਅੱਧੇ ਤੋਂ ਵੱਧ ਮੌਤਾਂ ਦਾ ਕਾਰਨ ਹਨ।,,ਟਰੱਕ ਰੋਲਓਵਰ,ਮੋਟਰਸਾਈਕਲ,ਤਿਲਕਣ ਵਾਲੀਆਂ ਸੜਕਾਂ,ਪੈਦਲ ਚੱਲਣ ਵਾਲੇ,A,"ਦੁਰਘਟਨਾਵਾਂ ਨਾਲ ਸਬੰਧਤ ਟਰੱਕ ਡਰਾਈਵਰਾਂ ਦੀਆਂ ਅੱਧੀਆਂ ਤੋਂ ਵੱਧ ਮੌਤਾਂ ਟਰੱਕ ਦੇ ਰੋਲਓਵਰ ਦੇ ਨਤੀਜੇ ਵਜੋਂ ਹੁੰਦੀਆਂ ਹਨ। ਰੋਲਓਵਰ ਨੂੰ ਰੋਕਣ ਵਿੱਚ ਮਦਦ ਕਰਨ ਲਈ, ਕਾਰਗੋ ਨੂੰ ਜ਼ਮੀਨ 'ਤੇ ਨੀਵਾਂ ਅਤੇ ਆਪਣੇ ਰਿਗ 'ਤੇ ਕੇਂਦਰਿਤ ਕਰਨਾ ਯਕੀਨੀ ਬਣਾਓ। ਕੋਨੇ ਹੌਲੀ ਅਤੇ ਧਿਆਨ ਨਾਲ ਲਓ."
9269,"ਲੰਬੀ ਦੂਰੀ ਦੀ ਯਾਤਰਾ ਕਰਦੇ ਸਮੇਂ, ਤੁਹਾਨੂੰ ਇਹ ਕਰਨਾ ਚਾਹੀਦਾ ਹੈ:",,ਆਰਾਮ ਦੀਆਂ ਛੁੱਟੀਆਂ ਲਓ।,ਜਿੰਨੀ ਜਲਦੀ ਹੋ ਸਕੇ ਗੱਡੀ ਚਲਾਓ।,ਰਾਤ ਨੂੰ ਗੱਡੀ ਚਲਾਓ।,,A,"ਲੰਬੇ ਸਫ਼ਰ 'ਤੇ ਥਕਾਵਟ ਤੋਂ ਬਚਣ ਲਈ, ਤੁਹਾਨੂੰ ਹਰ 100 ਮੀਲ ਜਾਂ ਦੋ ਘੰਟੇ ਦੀ ਡਰਾਈਵਿੰਗ ਤੋਂ ਬਾਅਦ ਬਰੇਕ ਲੈਣਾ ਚਾਹੀਦਾ ਹੈ। ਰਾਤ ਭਰ ਗੱਡੀ ਚਲਾਉਣਾ, ਜਾਂ ਕਿਸੇ ਹੋਰ ਸਮੇਂ ਦੌਰਾਨ ਜਦੋਂ ਤੁਸੀਂ ਆਮ ਤੌਰ 'ਤੇ ਸੌਂ ਰਹੇ ਹੁੰਦੇ ਹੋ, ਥਕਾਵਟ ਦਾ ਖ਼ਤਰਾ ਵਧਾਉਂਦਾ ਹੈ।"
9297,ਕਿਹੜੀ ਰੰਗ ਦੀ ਰੋਸ਼ਨੀ ਦਰਸਾਉਂਦੀ ਹੈ ਕਿ ਵਾਹਨ ਦਾ ABS ਕੰਮ ਨਹੀਂ ਕਰ ਰਿਹਾ ਹੈ?,,ਹਰਾ,ਨੀਲਾ,ਪੀਲਾ,,C,"ਐਂਟੀ-ਲਾਕ ਬ੍ਰੇਕਿੰਗ ਸਿਸਟਮ (ABS) ਵਾਲੇ ਵਾਹਨਾਂ 'ਤੇ, ਪੀਲੇ ਖਰਾਬੀ ਵਾਲੇ ਲੈਂਪ ਡਰਾਈਵਰ ਨੂੰ ABS ਖਰਾਬ ਹੋਣ ਬਾਰੇ ਸੁਚੇਤ ਕਰਦੇ ਹਨ।"
9642,"ਗੱਡੀ ਚਲਾਉਂਦੇ ਸਮੇਂ, ਤੁਹਾਨੂੰ ਇਹ ਕਰਨਾ ਚਾਹੀਦਾ ਹੈ:",,ਕਿਸੇ ਵੀ ਖਤਰਨਾਕ ਸਥਿਤੀ ਤੋਂ ਬਾਹਰ ਨਿਕਲਣ ਲਈ ਯੋਜਨਾਵਾਂ ਤਿਆਰ ਕਰੋ ਜੋ ਪੈਦਾ ਹੋ ਸਕਦੀ ਹੈ।,ਨਜ਼ਾਰਿਆਂ ਦਾ ਆਨੰਦ ਲਓ।,ਕਦੇ ਵੀ ਸ਼ੀਸ਼ੇ ਨਾ ਦੇਖੋ।,ਆਪਣੀ ਖੁਦ ਦੀ ਡਰਾਈਵਿੰਗ 'ਤੇ ਧਿਆਨ ਕੇਂਦਰਤ ਕਰੋ ਅਤੇ ਦੂਜੇ ਡਰਾਈਵਰਾਂ ਦੀ ਚਿੰਤਾ ਨਾ ਕਰੋ।,A,"ਗੱਡੀ ਚਲਾਉਂਦੇ ਸਮੇਂ, ਤੁਹਾਨੂੰ ਖਤਰਿਆਂ ਲਈ ਅੱਗੇ ਦੀ ਸੜਕ ਦੀ ਲਗਾਤਾਰ ਜਾਂਚ ਕਰਨੀ ਚਾਹੀਦੀ ਹੈ। ਪੈਦਾ ਹੋਣ ਵਾਲੇ ਕਿਸੇ ਵੀ ਖਤਰੇ ਨਾਲ ਨਜਿੱਠਣ ਲਈ ਇੱਕ ਯੋਜਨਾ ਤਿਆਰ ਕਰੋ।"
9646,"ਜੇਕਰ ਤੁਹਾਨੂੰ ਕਿਸੇ ਹਮਲਾਵਰ ਡਰਾਈਵਰ ਦਾ ਸਾਹਮਣਾ ਕਰਨਾ ਪੈਂਦਾ ਹੈ, ਤਾਂ ਤੁਹਾਨੂੰ ਇਹ ਕਰਨਾ ਚਾਹੀਦਾ ਹੈ:",,ਡਰਾਈਵਰ ਨਾਲ ਅੱਖਾਂ ਦਾ ਸੰਪਰਕ ਬਣਾਓ।,ਡਰਾਈਵਰ ਦੀ ਲੇਨ ਵਿੱਚ ਰਹੋ।,ਡਰਾਈਵਰ ਨੂੰ ਰੇਸ ਕਰਨ ਦੀ ਕੋਸ਼ਿਸ਼ ਕਰੋ.,ਡਰਾਈਵਰ ਦੇ ਇਸ਼ਾਰਿਆਂ ਨੂੰ ਅਣਡਿੱਠ ਕਰੋ।,D,"ਜੇਕਰ ਕਿਸੇ ਹਮਲਾਵਰ ਡ੍ਰਾਈਵਰ ਦਾ ਸਾਹਮਣਾ ਕਰਨਾ ਪੈਂਦਾ ਹੈ, ਤਾਂ ਤੁਹਾਡੇ ਲਈ ਸਭ ਤੋਂ ਮਹੱਤਵਪੂਰਨ ਕੰਮ ਉਹਨਾਂ ਦੇ ਰਸਤੇ ਤੋਂ ਬਾਹਰ ਹੋਣਾ ਹੈ। ਅੱਖਾਂ ਨਾਲ ਸੰਪਰਕ ਕਰਨ ਤੋਂ ਪਰਹੇਜ਼ ਕਰੋ, ਆਪਣੀ ਗਤੀ ਵਧਾ ਕੇ ਉਨ੍ਹਾਂ ਨੂੰ ਚੁਣੌਤੀ ਨਾ ਦਿਓ, ਅਤੇ ਆਪਣੇ ਆਪ ਨੂੰ ਕਿਸੇ ਵੀ ਗੁੱਸੇ ਦੇ ਇਸ਼ਾਰੇ ਦੁਆਰਾ ਉਕਸਾਉਣ ਨਾ ਦਿਓ ਜੋ ਉਹ ਤੁਹਾਡੇ ਵੱਲ ਸੇਧਿਤ ਕਰਦੇ ਹਨ।"
9262,ਫ਼ੋਨ ਲਈ ਅਸੁਰੱਖਿਅਤ ਤੌਰ 'ਤੇ ਪਹੁੰਚਣਾ ਹੈ:,,ਸਵੀਕਾਰਯੋਗ ਜੇਕਰ ਤੁਸੀਂ ਯਾਤਰੀ ਤੋਂ ਬਿਨਾਂ ਗੱਡੀ ਚਲਾ ਰਹੇ ਹੋ।,ਸਵੀਕਾਰਯੋਗ ਜੇਕਰ ਤੁਸੀਂ ਹੈਂਡਸ-ਫ੍ਰੀ ਵਿਸ਼ੇਸ਼ਤਾ ਦੀ ਵਰਤੋਂ ਕਰਨ ਦੀ ਯੋਜਨਾ ਬਣਾ ਰਹੇ ਹੋ।,ਅਸਵੀਕਾਰਨਯੋਗ ਭਾਵੇਂ ਤੁਸੀਂ ਹੈਂਡਸ-ਫ੍ਰੀ ਵਿਸ਼ੇਸ਼ਤਾ ਦੀ ਵਰਤੋਂ ਕਰਨ ਦੀ ਯੋਜਨਾ ਬਣਾ ਰਹੇ ਹੋ।,,C,"ਜੇਕਰ ਤੁਹਾਨੂੰ ਗੱਡੀ ਚਲਾਉਂਦੇ ਸਮੇਂ ਮੋਬਾਈਲ ਫ਼ੋਨ ਦੀ ਵਰਤੋਂ ਕਰਨੀ ਚਾਹੀਦੀ ਹੈ, ਤਾਂ ਇਹ ਤੁਹਾਡੇ ਨੇੜੇ ਹੋਣਾ ਚਾਹੀਦਾ ਹੈ ਅਤੇ ਤੁਹਾਡੀ ਸੀਟ 'ਤੇ ਸੁਰੱਖਿਅਤ ਢੰਗ ਨਾਲ ਬੰਨ੍ਹੇ ਜਾਣ 'ਤੇ ਆਸਾਨੀ ਨਾਲ ਪਹੁੰਚਯੋਗ ਹੋਣਾ ਚਾਹੀਦਾ ਹੈ। ਮੋਬਾਈਲ ਫ਼ੋਨ ਤੱਕ ਅਸੁਰੱਖਿਅਤ ਤੌਰ 'ਤੇ ਪਹੁੰਚਣਾ ਖ਼ਤਰਨਾਕ ਅਤੇ ਗੈਰ-ਅਨੁਕੂਲ ਹੈ, ਭਾਵੇਂ ਤੁਸੀਂ ਫ਼ੋਨ 'ਤੇ ਬੋਲਦੇ ਸਮੇਂ ਹੈਂਡਸ-ਫ੍ਰੀ ਵਿਸ਼ੇਸ਼ਤਾ ਦੀ ਵਰਤੋਂ ਕਰਨ ਦੀ ਯੋਜਨਾ ਬਣਾ ਰਹੇ ਹੋ।"
9298,ਜਦੋਂ ਤੁਸੀਂ ਆਪਣੇ ਵਾਹਨ ਨੂੰ ਅਣਗੌਲਿਆ ਛੱਡਦੇ ਹੋ:,,ਪਾਰਕਿੰਗ ਬ੍ਰੇਕ ਦੀ ਵਰਤੋਂ ਕਰਨੀ ਚਾਹੀਦੀ ਹੈ।,ਪਾਰਕਿੰਗ ਬ੍ਰੇਕ ਦੀ ਵਰਤੋਂ ਤਾਂ ਹੀ ਕਰਨੀ ਚਾਹੀਦੀ ਹੈ ਜੇਕਰ ਵਾਹਨ ਢਲਾਨ 'ਤੇ ਪਾਰਕ ਕੀਤਾ ਗਿਆ ਹੋਵੇ।,"ਪਾਰਕਿੰਗ ਬ੍ਰੇਕ ਦੀ ਵਰਤੋਂ ਨਹੀਂ ਕਰਨੀ ਚਾਹੀਦੀ, ਕਿਉਂਕਿ ਇਹ ਟਾਇਰਾਂ ਨੂੰ ਨੁਕਸਾਨ ਪਹੁੰਚਾ ਸਕਦੀ ਹੈ।",,A,"ਆਮ ਤੌਰ 'ਤੇ, ਤੁਹਾਨੂੰ ਆਪਣਾ ਵਾਹਨ ਪਾਰਕ ਕਰਨ ਵੇਲੇ ਹਮੇਸ਼ਾ ਪਾਰਕਿੰਗ ਬ੍ਰੇਕ ਦੀ ਵਰਤੋਂ ਕਰਨੀ ਚਾਹੀਦੀ ਹੈ। ਹਾਲਾਂਕਿ, ਜੇ ਤੁਹਾਡੀਆਂ ਬ੍ਰੇਕਾਂ ਬਹੁਤ ਗਰਮ ਹਨ ਜਾਂ ਜੇ ਤੁਹਾਡੀਆਂ ਬ੍ਰੇਕਾਂ ਗਿੱਲੀਆਂ ਹਨ ਅਤੇ ਤਾਪਮਾਨ ਠੰਢ ਤੋਂ ਹੇਠਾਂ ਹੈ ਤਾਂ ਤੁਹਾਨੂੰ ਪਾਰਕਿੰਗ ਬ੍ਰੇਕ ਨਹੀਂ ਲਗਾਉਣੀ ਚਾਹੀਦੀ।"
11441,ਇੱਕ ਕਨਵਰਟਰ ਗੇਅਰ ਹੈ:,,ਟ੍ਰੇਲਰ ਦੇ ਦਰਵਾਜ਼ੇ 'ਤੇ ਇੱਕ ਤਾਲਾ।,ਇੱਕ ਜੋੜਨ ਵਾਲਾ ਯੰਤਰ।,ਇੱਕ ਸੁਮੇਲ ਦੇ ਅੰਤ ਵਿੱਚ ਇੱਕ ਟ੍ਰੇਲਰ।,ਡਬਲਜ਼ ਜਾਂ ਟ੍ਰਿਪਲ 'ਤੇ ਜ਼ਰੂਰੀ ਨਹੀਂ ਹੈ।,B,"ਡੌਲੀ 'ਤੇ ਇੱਕ ਕਨਵਰਟਰ ਗੇਅਰ ਇੱਕ ਜਾਂ ਦੋ ਐਕਸਲ ਅਤੇ ਪੰਜਵੇਂ ਪਹੀਏ ਵਾਲਾ ਇੱਕ ਜੋੜਨ ਵਾਲਾ ਯੰਤਰ ਹੈ, ਜਿਸ 'ਤੇ ਇੱਕ ਸੈਮੀ-ਟ੍ਰੇਲਰ ਨੂੰ ਟਰੈਕਟਰ-ਟ੍ਰੇਲਰ ਸੁਮੇਲ ਦੇ ਪਿਛਲੇ ਪਾਸੇ ਜੋੜਿਆ ਜਾ ਸਕਦਾ ਹੈ।"
9263,ਗੱਡੀ ਚਲਾਉਂਦੇ ਸਮੇਂ ਖਾਣਾ ਇਹ ਹੈ:,,ਸਮਾਂ ਬਚਾਉਣ ਦਾ ਵਧੀਆ ਤਰੀਕਾ।,ਇੱਕ ਖਤਰਨਾਕ ਗਤੀਵਿਧੀ.,ਸਵੀਕਾਰਯੋਗ ਜੇਕਰ ਤੁਸੀਂ ਉਹ ਭੋਜਨ ਖਾ ਰਹੇ ਹੋ ਜੋ ਖਾਣ ਵਿੱਚ ਆਸਾਨ ਹਨ।,,B,"ਸਿਗਰਟਨੋਸ਼ੀ, ਖਾਣਾ, ਜਾਂ ਪੀਣਾ ਧਿਆਨ ਭਟਕਾਉਣ ਵਾਲੀਆਂ ਗਤੀਵਿਧੀਆਂ ਹਨ ਅਤੇ ਜਦੋਂ ਤੁਸੀਂ ਗੱਡੀ ਚਲਾਉਂਦੇ ਹੋ ਤਾਂ ਇਸ ਤੋਂ ਬਚਣਾ ਚਾਹੀਦਾ ਹੈ। ਇਸ ਦੀ ਬਜਾਏ, ਅੱਗੇ ਦੀ ਯੋਜਨਾ ਬਣਾਓ ਅਤੇ ਲੰਮੀ ਯਾਤਰਾ ਕਰਦੇ ਸਮੇਂ ਆਪਣੇ ਆਪ ਨੂੰ ਖਾਣ ਲਈ ਰੁਕਣ ਦਾ ਸਮਾਂ ਦਿਓ।"
9849,"ਡਬਲ ਜਾਂ ਟ੍ਰਿਪਲ ਜੋੜਨ ਵੇਲੇ, ਕਿਹੜੇ ਟ੍ਰੇਲਰ ਨੂੰ ਅਖੀਰ ਵਿੱਚ ਜੋੜਿਆ ਜਾਣਾ ਚਾਹੀਦਾ ਹੈ?",,ਟ੍ਰੇਲਰ ਸਿੱਧਾ ਕੈਬ ਦੇ ਪਿੱਛੇ,ਮੱਧ ਟ੍ਰੇਲਰ,ਪਿਛਲਾ ਟ੍ਰੇਲਰ,ਇਸ ਨਾਲ ਕੋਈ ਫ਼ਰਕ ਨਹੀਂ ਪੈਂਦਾ।,C,"ਜਦੋਂ ਇੱਕ ਡਬਲ ਜਾਂ ਤੀਹਰਾ ਸੁਮੇਲ ਜੋੜਿਆ ਜਾਂਦਾ ਹੈ, ਤਾਂ ਪਿਛਲਾ ਟ੍ਰੇਲਰ ਅੰਤਮ ਟ੍ਰੇਲਰ ਜੁੜਿਆ ਹੋਣਾ ਚਾਹੀਦਾ ਹੈ।"
11240,"ਸਖ਼ਤ ਅਭਿਆਸ ਕਰਦੇ ਸਮੇਂ, ਡਰਾਈਵਰ ਲਈ ਇਹ ਜ਼ਰੂਰੀ ਹੈ:",,ਇੱਕ ਬਿਹਤਰ ਦਿੱਖ ਲਈ ਦਰਵਾਜ਼ਾ ਖੋਲ੍ਹੋ.,ਉਹਨਾਂ ਦੇ ਸ਼ੀਸ਼ੇ ਵਰਤੋ.,ਉਹਨਾਂ ਦੀਆਂ ਹੈੱਡਲਾਈਟਾਂ ਨੂੰ ਫਲੈਸ਼ ਕਰੋ.,ਉਨ੍ਹਾਂ ਦੇ ਮਾਲ ਦਾ ਦਰਵਾਜ਼ਾ ਖੋਲ੍ਹੋ.,B,"ਹਾਲਾਂਕਿ ਨਿਯਮਤ ਸ਼ੀਸ਼ੇ ਦੀ ਜਾਂਚ ਹਮੇਸ਼ਾ ਤੁਹਾਡੀ ਡ੍ਰਾਈਵਿੰਗ ਰੁਟੀਨ ਦਾ ਹਿੱਸਾ ਹੋਣੀ ਚਾਹੀਦੀ ਹੈ, ਤੁਹਾਨੂੰ ਲੇਨ ਬਦਲਣ, ਮੋੜਣ, ਮਿਲਾਉਣ ਜਾਂ ਤੰਗ ਅਭਿਆਸ ਕਰਨ ਵੇਲੇ ਸ਼ੀਸ਼ੇ ਦੀ ਜਾਂਚ ਕਰਨ ਦਾ ਇੱਕ ਖਾਸ ਬਿੰਦੂ ਬਣਾਉਣਾ ਚਾਹੀਦਾ ਹੈ।"
9650,"ਡ੍ਰਾਈਵਿੰਗ ਕਰਦੇ ਸਮੇਂ, ਤੁਹਾਨੂੰ ਬਹੁਤ ਥੱਕਣ ਤੋਂ ਬਚਣ ਲਈ ਰੁਕਣਾ ਚਾਹੀਦਾ ਹੈ ਅਤੇ ਇੱਕ ਬ੍ਰੇਕ ____ ਲੈਣਾ ਚਾਹੀਦਾ ਹੈ।",,ਹਰ ਅੱਧੇ ਘੰਟੇ,ਹਰ ਘੰਟੇ,ਹਰ ਦੋ ਘੰਟੇ,ਹਰ ਛੇ ਘੰਟੇ,C,"ਲੰਬੇ ਸਫ਼ਰ 'ਤੇ ਥਕਾਵਟ ਹੋਣ ਦੀ ਸੰਭਾਵਨਾ ਨੂੰ ਘਟਾਉਣ ਲਈ, ਡਰਾਈਵਰ ਨੂੰ ਘੱਟੋ-ਘੱਟ ਹਰ ਦੋ ਘੰਟਿਆਂ ਜਾਂ 100 ਮੀਲ ਦੀ ਦੂਰੀ 'ਤੇ ਇੱਕ ਵਾਰ ਬਰੇਕ ਲਈ ਰੁਕਣਾ ਚਾਹੀਦਾ ਹੈ।"
11570,"ਇਸਦੀ ""ਐਮਰਜੈਂਸੀ"" ਸਥਿਤੀ ਵਿੱਚ ਇੱਕ ਹਵਾ ਸਪਲਾਈ ਨਿਯੰਤਰਣ ਕਰੇਗਾ:",,ਹਵਾ ਦੀ ਸਪਲਾਈ ਚਾਲੂ ਕਰੋ.,ਟ੍ਰੇਲਰ ਐਮਰਜੈਂਸੀ ਬ੍ਰੇਕਾਂ ਨੂੰ ਲਾਗੂ ਕਰੋ।,ਇੱਕ ਸਕਿਡ ਨੂੰ ਰੋਕੋ.,ਗੱਡੀ ਨੂੰ ਤੇਜ਼ ਕਰੋ।,B,"ਪੁਰਾਣੇ ਵਾਹਨਾਂ ਵਿੱਚ ਟਰੈਕਟਰ ਸੁਰੱਖਿਆ ਨਿਯੰਤਰਣ ਨੌਬਸ ਦੀ ਬਜਾਏ ਲੀਵਰ ਦੁਆਰਾ ਚਲਾਏ ਜਾ ਸਕਦੇ ਹਨ। ਜੇਕਰ ਇੱਕ ਹਵਾ ਸਪਲਾਈ ਨਿਯੰਤਰਣ ਇਸਦੀ ""ਐਮਰਜੈਂਸੀ"" ਸਥਿਤੀ ਵਿੱਚ ਸੈਟ ਕੀਤਾ ਜਾਂਦਾ ਹੈ, ਤਾਂ ਹਵਾ ਦੀ ਸਪਲਾਈ ਬੰਦ ਕਰ ਦਿੱਤੀ ਜਾਵੇਗੀ ਅਤੇ ਟ੍ਰੇਲਰ ਐਮਰਜੈਂਸੀ ਬ੍ਰੇਕਾਂ ਨੂੰ ਲਾਗੂ ਕੀਤਾ ਜਾਵੇਗਾ।"
9514,"ਪੂਰਵ-ਯਾਤਰਾ ਨਿਰੀਖਣ ਦੌਰਾਨ ਵਾਹਨ ਨੂੰ ਸ਼ੁਰੂ ਕਰਦੇ ਸਮੇਂ, ਕੂਲੈਂਟ ਦਾ ਤਾਪਮਾਨ ਹੋਣਾ ਚਾਹੀਦਾ ਹੈ:",,ਘਟਾਓ।,ਹੌਲੀ-ਹੌਲੀ ਉੱਠੋ।,ਸਥਿਰ ਰਹੋ.,ਜਲਦੀ ਛਾਲ ਮਾਰੋ।,B,"ਪ੍ਰੀ-ਟ੍ਰਿਪ ਨਿਰੀਖਣ ਦੌਰਾਨ ਆਪਣੇ ਵਾਹਨ ਨੂੰ ਸਟਾਰਟ ਕਰਨ ਤੋਂ ਬਾਅਦ, ਤੁਹਾਨੂੰ ਗੇਜਾਂ ਨੂੰ ਦੇਖਣਾ ਚਾਹੀਦਾ ਹੈ। ਕੂਲੈਂਟ ਦਾ ਤਾਪਮਾਨ ਹੌਲੀ-ਹੌਲੀ ਇੱਕ ਆਮ ਓਪਰੇਟਿੰਗ ਸੀਮਾ ਤੱਕ ਵਧਣਾ ਚਾਹੀਦਾ ਹੈ।"
9116,ਹਾਈਡ੍ਰੌਲਿਕ ਬ੍ਰੇਕ ਇਹਨਾਂ ਕਾਰਨ ਫੇਲ੍ਹ ਹੋ ਸਕਦੇ ਹਨ:,,ਦਬਾਅ ਦਾ ਨੁਕਸਾਨ.,ਠੰਡਾ ਮੌਸਮ.,ਲੰਬੇ ਸਮੇਂ ਲਈ ਉੱਪਰ ਵੱਲ ਗੱਡੀ ਚਲਾਉਣਾ।,ਰੋਡਵੇਜ਼ ਵਿੱਚ ਟੋਏ।,A,ਹਾਈਡ੍ਰੌਲਿਕ ਬ੍ਰੇਕਾਂ ਦੀ ਅਸਫਲਤਾ ਅਕਸਰ ਹਾਈਡ੍ਰੌਲਿਕ ਦਬਾਅ ਦੇ ਨੁਕਸਾਨ ਕਾਰਨ ਹੁੰਦੀ ਹੈ। ਲੰਬੇ ਡਾਊਨਗ੍ਰੇਡ 'ਤੇ ਜ਼ਿਆਦਾ ਵਰਤੋਂ ਦੇ ਕਾਰਨ ਹਾਈਡ੍ਰੌਲਿਕ ਬ੍ਰੇਕ ਵੀ ਫਿੱਕੇ ਪੈ ਸਕਦੇ ਹਨ।
11722,ਆਦਰਸ਼ ਡਰਾਈਵਿੰਗ ਹਾਲਤਾਂ ਵਿੱਚ 55 ਮੀਲ ਪ੍ਰਤੀ ਘੰਟਾ ਦੀ ਰਫਤਾਰ ਨਾਲ ਯਾਤਰਾ ਕਰਨ ਵਾਲੇ ਇੱਕ ਏਅਰ ਬ੍ਰੇਕ ਨਾਲ ਲੈਸ ਵਾਹਨ ਨੂੰ ਪੂਰੀ ਤਰ੍ਹਾਂ ਰੁਕਣ ਲਈ ਲਗਭਗ ____ ਦੀ ਲੋੜ ਹੋਵੇਗੀ।,,100 ਫੁੱਟ,250 ਫੁੱਟ,300 ਫੁੱਟ,450 ਫੁੱਟ,D,"ਇੱਕ ਵਾਹਨ ਦੀ ਕੁੱਲ ਰੁਕਣ ਦੀ ਦੂਰੀ ਧਾਰਨਾ ਦੂਰੀ, ਪ੍ਰਤੀਕ੍ਰਿਆ ਦੂਰੀ, ਬ੍ਰੇਕ ਲੈਗ ਦੂਰੀ, ਅਤੇ ਬ੍ਰੇਕਿੰਗ ਦੂਰੀ ਤੋਂ ਬਣੀ ਹੁੰਦੀ ਹੈ। ਇਹਨਾਂ ਸਾਰੇ ਕਾਰਕਾਂ ਨੂੰ ਸ਼ਾਮਲ ਕਰਨ ਦੇ ਨਾਲ, ਆਦਰਸ਼ ਡਰਾਈਵਿੰਗ ਹਾਲਤਾਂ ਵਿੱਚ 55 ਮੀਲ ਪ੍ਰਤੀ ਘੰਟਾ ਦੀ ਰਫ਼ਤਾਰ ਨਾਲ ਯਾਤਰਾ ਕਰਨ ਵਾਲੇ ਇੱਕ ਏਅਰ ਬ੍ਰੇਕ ਨਾਲ ਲੈਸ ਵਾਹਨ ਨੂੰ ਪੂਰੀ ਤਰ੍ਹਾਂ ਰੁਕਣ ਲਈ ਲਗਭਗ 450 ਫੁੱਟ ਦੀ ਲੋੜ ਹੋਵੇਗੀ।"
9380,ਜ਼ਿਆਦਾਤਰ ਹੈਵੀ-ਡਿਊਟੀ ਵਾਹਨ ਵਰਤਦੇ ਹਨ:,,ਸਿੰਗਲ ਏਅਰ ਬ੍ਰੇਕ ਸਿਸਟਮ.,ਦੋਹਰੀ ਏਅਰ ਬ੍ਰੇਕ ਸਿਸਟਮ.,ਟ੍ਰਿਪਲ ਏਅਰ ਬ੍ਰੇਕ ਸਿਸਟਮ.,ਚੌਗੁਣਾ ਏਅਰ ਬ੍ਰੇਕ ਸਿਸਟਮ।,B,"ਜ਼ਿਆਦਾਤਰ ਭਾਰੀ-ਡਿਊਟੀ ਵਾਹਨ ਦੋਹਰੀ ਏਅਰ ਬ੍ਰੇਕ ਪ੍ਰਣਾਲੀਆਂ ਦੀ ਵਰਤੋਂ ਕਰਦੇ ਹਨ, ਜਿਸ ਵਿੱਚ ਨਿਯੰਤਰਣ ਦੇ ਇੱਕ ਸਮੂਹ ਦੁਆਰਾ ਸੰਚਾਲਿਤ ਦੋ ਵੱਖ-ਵੱਖ ਬ੍ਰੇਕਿੰਗ ਪ੍ਰਣਾਲੀਆਂ ਹੁੰਦੀਆਂ ਹਨ। ਹਰੇਕ ਸਿਸਟਮ ਬ੍ਰੇਕਾਂ ਨੂੰ ਵੱਖ-ਵੱਖ ਧੁਰਿਆਂ 'ਤੇ ਚਲਾਉਂਦਾ ਹੈ।"
9536,ਸੁਮੇਲ ਵਾਹਨ:,,ਆਮ ਤੌਰ 'ਤੇ ਸਿੰਗਲ ਵਪਾਰਕ ਵਾਹਨਾਂ ਨਾਲੋਂ ਛੋਟੇ ਹੁੰਦੇ ਹਨ।,ਆਮ ਤੌਰ 'ਤੇ ਸਿੰਗਲ ਵਪਾਰਕ ਵਾਹਨਾਂ ਨਾਲੋਂ ਹਲਕੇ ਹੁੰਦੇ ਹਨ।,ਸਿੰਗਲ ਕਮਰਸ਼ੀਅਲ ਵਾਹਨਾਂ ਨਾਲੋਂ ਗੱਡੀ ਚਲਾਉਣ ਲਈ ਵਧੇਰੇ ਹੁਨਰ ਦੀ ਲੋੜ ਹੁੰਦੀ ਹੈ।,ਸਿੰਗਲ ਕਮਰਸ਼ੀਅਲ ਵਾਹਨਾਂ ਨਾਲੋਂ ਗੱਡੀ ਚਲਾਉਣਾ ਆਸਾਨ ਹੈ।,C,"ਮਿਸ਼ਰਨ ਵਾਹਨ ਆਮ ਤੌਰ 'ਤੇ ਸਿੰਗਲ ਵਪਾਰਕ ਵਾਹਨਾਂ ਨਾਲੋਂ ਭਾਰੀ ਅਤੇ ਲੰਬੇ ਹੁੰਦੇ ਹਨ। ਇਹਨਾਂ ਕਾਰਨਾਂ ਕਰਕੇ, ਉਹਨਾਂ ਨੂੰ ਆਮ ਤੌਰ 'ਤੇ ਸਿੰਗਲ ਵਪਾਰਕ ਵਾਹਨਾਂ ਨਾਲੋਂ ਵਧੇਰੇ ਡਰਾਈਵਿੰਗ ਹੁਨਰ ਦੀ ਲੋੜ ਹੁੰਦੀ ਹੈ।"
9652,ਐਂਟੀਫਰੀਜ਼ ਇੰਜਣ ਨੂੰ ਸਹੀ ਢੰਗ ਨਾਲ ਕੰਮ ਕਰਨ ਵਿੱਚ ਮਦਦ ਕਰਦਾ ਹੈ:,,ਪਰ ਸਿਰਫ ਠੰਡੇ ਮੌਸਮ ਵਿੱਚ.,ਪਰ ਸਿਰਫ ਗਰਮ ਮੌਸਮ ਵਿੱਚ.,ਮੌਸਮ ਦੀ ਪਰਵਾਹ ਕੀਤੇ ਬਿਨਾਂ।,ਵਾਹਨ ਦੇ ਬਾਲਣ ਦੀ ਵਰਤੋਂ ਨੂੰ ਘੱਟ ਤੋਂ ਘੱਟ ਕਰਦੇ ਹੋਏ।,C,"ਵਾਹਨ ਦੇ ਕੂਲਿੰਗ ਸਿਸਟਮ ਵਿੱਚ ਲੋੜੀਂਦਾ ਪਾਣੀ ਅਤੇ ਐਂਟੀਫਰੀਜ਼ ਹੋਣਾ ਹਮੇਸ਼ਾ ਮਹੱਤਵਪੂਰਨ ਹੁੰਦਾ ਹੈ। ਨਾਮ ਦੇ ਬਾਵਜੂਦ, ਐਂਟੀਫਰੀਜ਼ ਗਰਮ ਮੌਸਮ ਵਿੱਚ ਵੀ ਇੱਕ ਇੰਜਣ ਲਈ ਲਾਭਦਾਇਕ ਹੈ."
9080,ਹੇਠਾਂ ਦਿੱਤੇ ਵਿੱਚੋਂ ਕਿਹੜਾ ਟਰਨ ਸਿਗਨਲ ਵਰਤਣ ਦਾ ਨਿਯਮ ਨਹੀਂ ਹੈ?,,ਜਲਦੀ ਸਿਗਨਲ.,ਸਿਗਨਲ ਲਗਾਤਾਰ.,ਤੁਹਾਡੀ ਵਾਰੀ ਜਾਂ ਲੇਨ ਦੀ ਤਬਦੀਲੀ ਪੂਰੀ ਹੋਣ ਤੋਂ ਬਾਅਦ ਆਪਣਾ ਸਿਗਨਲ ਰੱਦ ਕਰੋ।,"ਜਦੋਂ ਤੱਕ ਕੋਈ ਹੋਰ ਵਾਹਨ ਨੇੜੇ ਨਾ ਹੋਵੇ, ਸਿਗਨਲ ਨਾ ਦਿਓ।",D,"ਮੋੜ ਜਾਂ ਲੇਨ ਬਦਲਣ ਤੋਂ ਪਹਿਲਾਂ ਹਮੇਸ਼ਾ ਸਿਗਨਲ ਦਿਓ। ਮੂਵਮੈਂਟ ਤੋਂ ਪਹਿਲਾਂ ਹੀ ਸਿਗਨਲ ਦੇਣਾ ਸ਼ੁਰੂ ਕਰੋ ਅਤੇ ਮੋੜ ਦੇ ਦੌਰਾਨ ਸਿਗਨਲ ਨੂੰ ਲਗਾਤਾਰ ਚਾਲੂ ਰੱਖੋ। ਜੇਕਰ ਇਹ ਸਵੈ-ਰੱਦ ਕਰਨ ਵਾਲਾ ਨਹੀਂ ਹੈ, ਤਾਂ ਯਕੀਨੀ ਬਣਾਓ ਕਿ ਤੁਹਾਡੀ ਵਾਰੀ ਜਾਂ ਲੇਨ ਤਬਦੀਲੀ ਪੂਰੀ ਹੋਣ ਤੋਂ ਬਾਅਦ ਆਪਣੇ ਸਿਗਨਲ ਨੂੰ ਬੰਦ ਕਰ ਦਿਓ।"
11458,"ਟ੍ਰੇਲਰ ਨੂੰ ਜੋੜਨ ਵੇਲੇ, ਲੈਂਡਿੰਗ ਗੇਅਰ ਹੋਣਾ ਚਾਹੀਦਾ ਹੈ:",,ਪੂਰੀ ਤਰ੍ਹਾਂ ਉਭਾਰਿਆ ਗਿਆ।,ਅੱਧਾ ਨੀਵਾਂ ਹੋ ਗਿਆ।,ਬੱਸ ਫੁੱਟਪਾਥ ਤੋਂ ਬਾਹਰ।,ਮਜ਼ਬੂਤੀ ਨਾਲ ਜ਼ਮੀਨ 'ਤੇ.,D,"ਲੈਂਡਿੰਗ ਗੇਅਰ, ਜਾਂ ਟ੍ਰੇਲਰ ਸਪੋਰਟ, ਵਾਹਨ ਨੂੰ ਚਲਾਉਣ ਤੋਂ ਪਹਿਲਾਂ ਹਮੇਸ਼ਾ ਪੂਰੀ ਤਰ੍ਹਾਂ ਉੱਚਾ ਹੋਣਾ ਚਾਹੀਦਾ ਹੈ। ਜੋੜਨ ਵੇਲੇ, ਜ਼ਮੀਨ ਦੇ ਨਾਲ ਪੱਕਾ ਸੰਪਰਕ ਬਣਾਉਣ ਲਈ ਲੈਂਡਿੰਗ ਗੀਅਰ ਨੂੰ ਹੇਠਾਂ ਕਰਨਾ ਚਾਹੀਦਾ ਹੈ। ਜੇਕਰ ਇੱਕ ਟ੍ਰੇਲਰ ਲੋਡ ਕੀਤਾ ਜਾਂਦਾ ਹੈ ਜਦੋਂ ਇਸਨੂੰ ਜੋੜਿਆ ਜਾ ਰਿਹਾ ਹੋਵੇ, ਤਾਂ ਤੁਹਾਨੂੰ ਟ੍ਰੇਲਰ ਤੋਂ ਕੁਝ ਭਾਰ ਹਟਾਉਣ ਲਈ ਲੈਂਡਿੰਗ ਗੀਅਰ ਨੂੰ ਘੱਟ ਕਰਨਾ ਚਾਹੀਦਾ ਹੈ ਅਤੇ ਕ੍ਰੈਂਕ ਨੂੰ ਕੁਝ ਵਾਧੂ ਵਾਰ ਮੋੜਨਾ ਚਾਹੀਦਾ ਹੈ।"
8815,"ਸੜਕ ਦੇ ਕਿਨਾਰੇ ਪਾਰਕ ਕੀਤੇ ਜਾਣ 'ਤੇ, ਤੁਹਾਨੂੰ ਇਹ ਕਰਨਾ ਚਾਹੀਦਾ ਹੈ:",,ਸਿਰਫ਼ ਪਿਛਲੀ ਫਲੈਸ਼ਿੰਗ ਲਾਈਟਾਂ ਦੀ ਵਰਤੋਂ ਕਰੋ।,ਵਾਰੀ ਸਿਗਨਲਾਂ ਦੇ ਇੱਕ ਸੈੱਟ ਦੀ ਵਰਤੋਂ ਕਰੋ।,ਆਪਣੀਆਂ ਉੱਚ ਬੀਮ ਹੈੱਡਲਾਈਟਾਂ ਦੀ ਵਰਤੋਂ ਕਰੋ।,ਆਪਣੇ ਚਾਰ-ਪੱਖੀ ਫਲੈਸ਼ਰਾਂ ਦੀ ਵਰਤੋਂ ਕਰੋ।,D,ਜੇਕਰ ਤੁਹਾਨੂੰ ਸੜਕ ਦੇ ਕਿਨਾਰੇ ਪਾਰਕ ਕਰਨਾ ਪਵੇ ਤਾਂ ਆਪਣੇ ਚਾਰ-ਮਾਰਗੀ ਐਮਰਜੈਂਸੀ ਫਲੈਸ਼ਰਾਂ ਨੂੰ ਹਮੇਸ਼ਾ ਚਾਲੂ ਕਰੋ। ਰਾਤ ਨੂੰ ਯਾਤਰਾ ਕਰਨ ਵੇਲੇ ਇਹ ਖਾਸ ਤੌਰ 'ਤੇ ਮਹੱਤਵਪੂਰਨ ਹੁੰਦਾ ਹੈ।
9503,"ਆਪਣੇ ਟਾਇਰਾਂ ਦੀ ਜਾਂਚ ਕਰਦੇ ਸਮੇਂ, ਹੇਠਾਂ ਦਿੱਤੇ ਵਿੱਚੋਂ ਕਿਸ ਨੂੰ ਠੀਕ ਕਰਨ ਲਈ ਕੋਈ ਸਮੱਸਿਆ ਨਹੀਂ ਹੈ?",,ਬਹੁਤ ਜ਼ਿਆਦਾ ਹਵਾ ਦਾ ਦਬਾਅ,ਬਹੁਤ ਘੱਟ ਹਵਾ ਦਾ ਦਬਾਅ,ਰੇਡੀਅਲ ਅਤੇ ਬਿਆਸ-ਪਲਾਈ ਟਾਇਰ ਇਕੱਠੇ ਵਰਤੇ ਜਾਂਦੇ ਹਨ,ਅਗਲੇ ਟਾਇਰਾਂ 'ਤੇ ਘੱਟੋ-ਘੱਟ 4/32 ਇੰਚ ਦੀ ਡੂੰਘਾਈ 'ਤੇ ਚੱਲੋ,D,ਟਾਇਰਾਂ ਦਾ ਮੁਆਇਨਾ ਕਰਦੇ ਸਮੇਂ ਜਾਂਚ ਕਰਨ ਲਈ ਸਮੱਸਿਆਵਾਂ ਵਿੱਚ ਸ਼ਾਮਲ ਹਨ: ਹਵਾ ਦਾ ਦਬਾਅ ਜੋ ਬਹੁਤ ਘੱਟ ਜਾਂ ਬਹੁਤ ਜ਼ਿਆਦਾ ਹੈ; ਰੇਡੀਅਲ ਅਤੇ ਬਾਈਸ-ਪਲਾਈ ਟਾਇਰ ਇਕੱਠੇ ਵਰਤਣਾ; ਅੱਗੇ ਦੇ ਟਾਇਰਾਂ 'ਤੇ ਵੱਡੇ ਖੰਭਿਆਂ ਵਿੱਚ 4/32 ਇੰਚ ਤੋਂ ਘੱਟ ਦੀ ਡੂੰਘਾਈ ਨੂੰ ਚਲਾਓ; ਅਤੇ ਹੋਰ ਸਾਰੇ ਟਾਇਰਾਂ 'ਤੇ ਇਕ ਇੰਚ ਦੇ 2/32 ਤੋਂ ਘੱਟ ਦੀ ਡੂੰਘਾਈ 'ਤੇ ਚੱਲੋ।
10065,"ਜੇਕਰ ਤੁਹਾਨੂੰ ਹਾਈਵੇਅ ਦੇ ਇੱਕ ਪਾਸੇ ਰੁਕਣਾ ਹੈ, ਤਾਂ ਤੁਹਾਡੇ ਵਾਹਨ ਦੇ ਪਿੱਛੇ ਚੇਤਾਵਨੀ ਵਾਲੇ ਯੰਤਰ ਕਿੰਨੇ ਦੂਰ ਰੱਖੇ ਜਾਣੇ ਚਾਹੀਦੇ ਹਨ?",,"5, 15, ਅਤੇ 30 ਫੁੱਟ","10, 25, ਅਤੇ 50 ਫੁੱਟ","10, 100, ਅਤੇ 200 ਫੁੱਟ","100, 200, ਅਤੇ 500 ਫੁੱਟ",C,"ਹਾਈਵੇਅ ਦੇ ਕਿਨਾਰੇ 'ਤੇ ਆਪਣੇ CMV ਨੂੰ ਰੋਕਣ ਵੇਲੇ, ਚੇਤਾਵਨੀ ਉਪਕਰਣਾਂ ਨੂੰ ਵਾਹਨ ਦੇ ਪਿੱਛੇ 10 ਫੁੱਟ, 100 ਫੁੱਟ ਅਤੇ 200 ਫੁੱਟ ਰੱਖਿਆ ਜਾਣਾ ਚਾਹੀਦਾ ਹੈ।"
11588,"ਟ੍ਰੇਲਰ ਸਰਵਿਸ ਬ੍ਰੇਕਾਂ ਦੀ ਜਾਂਚ ਕਰਨ ਲਈ, ਤੁਹਾਨੂੰ ਇਹ ਕਰਨਾ ਚਾਹੀਦਾ ਹੈ:",,ਵਾਹਨ ਨੂੰ ਹੌਲੀ-ਹੌਲੀ ਅੱਗੇ ਵਧਾਓ ਅਤੇ ਬ੍ਰੇਕ ਪੈਡਲ ਨਾਲ ਬ੍ਰੇਕ ਲਗਾਓ।,ਵਾਹਨ ਨੂੰ ਹੌਲੀ-ਹੌਲੀ ਉਲਟਾਓ ਅਤੇ ਹੈਂਡ ਕੰਟਰੋਲ ਨਾਲ ਬ੍ਰੇਕ ਲਗਾਓ।,ਗੱਡੀ ਨੂੰ ਹੌਲੀ-ਹੌਲੀ ਉਲਟਾਓ ਅਤੇ ਬ੍ਰੇਕ ਪੈਡਲ ਨਾਲ ਬ੍ਰੇਕ ਲਗਾਓ।,ਵਾਹਨ ਨੂੰ ਹੌਲੀ-ਹੌਲੀ ਅੱਗੇ ਵਧਾਓ ਅਤੇ ਹੈਂਡ ਕੰਟਰੋਲ ਨਾਲ ਬ੍ਰੇਕ ਲਗਾਓ।,D,"ਟ੍ਰੇਲਰ ਸਰਵਿਸ ਬ੍ਰੇਕਾਂ ਦੀ ਜਾਂਚ ਕਰਨ ਲਈ, ਤੁਹਾਨੂੰ ਪਹਿਲਾਂ ਇਹ ਯਕੀਨੀ ਬਣਾਉਣਾ ਚਾਹੀਦਾ ਹੈ ਕਿ ਬ੍ਰੇਕਿੰਗ ਸਿਸਟਮ ਵਿੱਚ ਹਵਾ ਦੇ ਦਬਾਅ ਦਾ ਪੱਧਰ ਸਧਾਰਨ ਹੈ, ਫਿਰ ਪਾਰਕਿੰਗ ਬ੍ਰੇਕ ਛੱਡ ਦਿਓ। ਫਿਰ ਤੁਹਾਨੂੰ ਵਾਹਨ ਨੂੰ ਹੌਲੀ-ਹੌਲੀ ਅੱਗੇ ਵਧਾਉਣਾ ਚਾਹੀਦਾ ਹੈ ਅਤੇ ਹੈਂਡ ਕੰਟਰੋਲ ਨਾਲ ਬ੍ਰੇਕ ਲਗਾਉਣੀ ਚਾਹੀਦੀ ਹੈ। ਜੇਕਰ ਟ੍ਰੇਲਰ ਸਰਵਿਸ ਬ੍ਰੇਕ ਸਹੀ ਢੰਗ ਨਾਲ ਕੰਮ ਕਰ ਰਹੀਆਂ ਹਨ, ਤਾਂ ਤੁਸੀਂ ਮਹਿਸੂਸ ਕਰੋਗੇ ਕਿ ਬ੍ਰੇਕਾਂ ਸਰਗਰਮ ਹੁੰਦੀਆਂ ਹਨ।"
9137,ਸਰਵਿਸ ਬ੍ਰੇਕਾਂ ਨੂੰ ਚਾਹੀਦਾ ਹੈ:,,ਮਹੀਨੇ ਵਿੱਚ ਇੱਕ ਵਾਰ ਟੈਸਟ ਕਰਵਾਓ।,ਕੇਵਲ ਇੱਕ ਸਿਖਿਅਤ ਮਕੈਨਿਕ ਦੁਆਰਾ ਟੈਸਟ ਕੀਤਾ ਜਾਵੇ।,ਹਰ ਯਾਤਰਾ ਤੋਂ ਪਹਿਲਾਂ ਜਾਂਚ ਕਰੋ।,,C,"ਗੱਡੀ ਚਲਾਉਣ ਤੋਂ ਪਹਿਲਾਂ, ਤੁਹਾਨੂੰ ਹਮੇਸ਼ਾ ਇਹ ਜਾਂਚ ਕਰਨੀ ਚਾਹੀਦੀ ਹੈ ਕਿ ਤੁਹਾਡੀ ਸਰਵਿਸ ਬ੍ਰੇਕ ਚੰਗੀ ਤਰ੍ਹਾਂ ਕੰਮ ਕਰਨ ਦੇ ਕ੍ਰਮ ਵਿੱਚ ਹਨ। ਯਾਤਰਾ ਤੋਂ ਪਹਿਲਾਂ ਬ੍ਰੇਕਾਂ ਦੀ ਜਾਂਚ ਕਰਨਾ ਤੁਹਾਨੂੰ ਸੜਕ 'ਤੇ ਬ੍ਰੇਕ ਲਗਾਉਣ ਦੀ ਜ਼ਰੂਰਤ ਤੋਂ ਪਹਿਲਾਂ ਕਿਸੇ ਵੀ ਸਮੱਸਿਆ ਦਾ ਪਤਾ ਲਗਾਉਣ ਦੀ ਆਗਿਆ ਦਿੰਦਾ ਹੈ।"
11282,"ਧੁੰਦ ਵਿੱਚ ਗੱਡੀ ਚਲਾਉਣ ਵੇਲੇ, ਤੁਹਾਨੂੰ ਇਹ ਕਰਨਾ ਚਾਹੀਦਾ ਹੈ:",,ਵਿੰਡਸ਼ੀਲਡ ਵਾਈਪਰ ਦੀ ਵਰਤੋਂ ਕਰੋ।,ਘੱਟ ਬੀਮ ਵਾਲੀਆਂ ਹੈੱਡਲਾਈਟਾਂ ਦੀ ਵਰਤੋਂ ਕਰੋ।,ਹਾਈ ਬੀਮ ਹੈੱਡਲਾਈਟਾਂ ਦੀ ਵਰਤੋਂ ਕਰੋ।,ਏਅਰ ਕੰਡੀਸ਼ਨਿੰਗ ਦੀ ਵਰਤੋਂ ਕਰੋ.,B,"ਜੇਕਰ ਤੁਹਾਨੂੰ ਧੁੰਦ ਵਿੱਚ ਗੱਡੀ ਚਲਾਉਣੀ ਚਾਹੀਦੀ ਹੈ, ਤਾਂ ਤੁਹਾਨੂੰ ਆਪਣੀਆਂ ਘੱਟ ਬੀਮ ਵਾਲੀਆਂ ਹੈੱਡਲਾਈਟਾਂ ਅਤੇ ਧੁੰਦ ਵਾਲੀਆਂ ਲਾਈਟਾਂ ਦੀ ਵਰਤੋਂ ਕਰਨੀ ਚਾਹੀਦੀ ਹੈ, ਭਾਵੇਂ ਦਿਨ ਵੇਲੇ ਵੀ।"
10939,ਮਲਟੀ-ਸਪੀਡ ਐਕਸਲ ਅਤੇ ਸਹਾਇਕ ਪ੍ਰਸਾਰਣ ਵਰਤੇ ਜਾਂਦੇ ਹਨ:,,ਇੱਕ ਵਾਹਨ ਨੂੰ ਹੋਰ ਸੁਚਾਰੂ ਢੰਗ ਨਾਲ ਚਲਾਉਣ ਲਈ.,ਵਾਧੂ ਗੇਅਰ ਮੁਹੱਈਆ ਕਰਨ ਲਈ.,ਬਿਹਤਰ ਗੈਸ ਮਾਈਲੇਜ ਪ੍ਰਾਪਤ ਕਰਨ ਲਈ।,ਵਾਹਨ ਨੂੰ ਘੱਟ ਰੌਲਾ ਪਾਉਣ ਲਈ।,B,"ਬਹੁਤ ਸਾਰੇ ਵਾਹਨਾਂ 'ਤੇ, ਵਾਧੂ ਗੇਅਰ ਪ੍ਰਦਾਨ ਕਰਨ ਲਈ ਮਲਟੀ-ਸਪੀਡ ਰੀਅਰ ਐਕਸਲ ਅਤੇ ਸਹਾਇਕ ਟ੍ਰਾਂਸਮਿਸ਼ਨ ਦੀ ਵਰਤੋਂ ਕੀਤੀ ਜਾਂਦੀ ਹੈ। ਇਹਨਾਂ ਨੂੰ ਆਮ ਤੌਰ 'ਤੇ ਗੀਅਰਸ਼ਿਫਟ ਲੀਵਰ 'ਤੇ ਚੋਣਕਾਰ ਨੋਬ ਦੁਆਰਾ ਨਿਯੰਤਰਿਤ ਕੀਤਾ ਜਾਂਦਾ ਹੈ।"
8799,"ਜੇਕਰ ਬ੍ਰੇਕ ਇੱਕ ਪਾਸੇ ਜਾਂ ਦੂਜੇ ਪਾਸੇ ""ਖਿੱਚ"" ਜਾਂਦੇ ਹਨ ਜਦੋਂ ਤੁਸੀਂ ਉਹਨਾਂ ਦੀ ਵਰਤੋਂ ਕਰਦੇ ਹੋ, ਤਾਂ ਇਹ ਇੱਕ ਸੰਕੇਤ ਹੈ ਕਿ:",,ਬ੍ਰੇਕ ਠੀਕ ਤਰ੍ਹਾਂ ਕੰਮ ਕਰ ਰਹੇ ਹਨ।,ਬ੍ਰੇਕਾਂ ਦੀ ਜਾਂਚ ਕੀਤੀ ਜਾਣੀ ਚਾਹੀਦੀ ਹੈ.,ਬ੍ਰੇਕ ਨਵੇਂ ਹਨ।,ਬ੍ਰੇਕਾਂ ਵਿੱਚ ਬਹੁਤ ਜ਼ਿਆਦਾ ਰੋਕਣ ਦੀ ਸ਼ਕਤੀ ਹੁੰਦੀ ਹੈ।,B,"ਜੇਕਰ ਬ੍ਰੇਕ ਲਗਾਉਣ ਵੇਲੇ ਤੁਹਾਡਾ ਵਾਹਨ ਇੱਕ ਪਾਸੇ ਵੱਲ ""ਖਿੱਚਦਾ"" ਹੈ, ਤਾਂ ਤੁਹਾਨੂੰ ਬ੍ਰੇਕ ਦੀ ਸਮੱਸਿਆ ਹੋ ਸਕਦੀ ਹੈ। ਜੇਕਰ ਤੁਹਾਡੇ ਬ੍ਰੇਕਾਂ ਵਿੱਚ ਕੋਈ ਸਮੱਸਿਆ ਹੈ, ਤਾਂ ਤੁਹਾਨੂੰ ਗੱਡੀ ਚਲਾਉਣ ਤੋਂ ਪਹਿਲਾਂ ਸਮੱਸਿਆ ਨੂੰ ਠੀਕ ਕਰਨਾ ਚਾਹੀਦਾ ਹੈ। ਅਸੁਰੱਖਿਅਤ ਵਾਹਨ ਚਲਾਉਣਾ ਸੰਘੀ ਅਤੇ ਰਾਜ ਦੇ ਕਾਨੂੰਨਾਂ ਦੇ ਵਿਰੁੱਧ ਹੈ।"
9537,ਪੂਰੀ ਤਰ੍ਹਾਂ ਲੋਡ ਕੀਤੇ ਰਿਗਸ:,,ਖਾਲੀ ਰਿਗਾਂ ਨਾਲੋਂ ਰੋਲ ਓਵਰ ਹੋਣ ਦੀ ਸੰਭਾਵਨਾ ਘੱਟ ਹੈ।,ਖਾਲੀ ਰਿਗਾਂ ਨਾਲੋਂ ਵੱਧ ਰੋਲ ਕਰਨ ਦੀ ਸੰਭਾਵਨਾ ਹੈ.,ਖਾਲੀ ਰਿਗ ਦੇ ਰੂਪ ਵਿੱਚ ਰੋਲ ਓਵਰ ਕਰਨ ਦੀ ਸੰਭਾਵਨਾ ਹੈ.,ਚਲਾਇਆ ਨਹੀਂ ਜਾਣਾ ਚਾਹੀਦਾ।,B,"ਕਿਉਂਕਿ ਕਾਰਗੋ ਦਾ ਭਾਰ ਉਹਨਾਂ ਨੂੰ ਗੰਭੀਰਤਾ ਦਾ ਉੱਚ ਕੇਂਦਰ ਪ੍ਰਦਾਨ ਕਰਦਾ ਹੈ, ਪੂਰੀ ਤਰ੍ਹਾਂ ਨਾਲ ਲੋਡ ਕੀਤੇ ਰਿਗਸ ਖਾਲੀ ਰਿਗਜ਼ ਨਾਲੋਂ ਕਰੈਸ਼ ਵਿੱਚ 10 ਗੁਣਾ ਜ਼ਿਆਦਾ ਘੁੰਮਦੇ ਹਨ।"
9829,"ਮਾੜੇ ਮੌਸਮ ਵਿੱਚ, ਡਬਲ ਜਾਂ ਟ੍ਰਿਪਲ ਦੇ ਡਰਾਈਵਰ ਨੂੰ:",,ਹੋਰ ਡਰਾਈਵਰਾਂ ਲਈ ਰਾਹ ਦੀ ਅਗਵਾਈ ਕਰੋ.,ਸੜਕ ਦੇ ਮੋਢੇ 'ਤੇ ਗੱਡੀ ਚਲਾਓ.,ਪੋਸਟ ਕੀਤੀ ਗਤੀ ਸੀਮਾ ਨੂੰ ਪਾਰ ਕਰੋ।,"ਧਿਆਨ ਨਾਲ ਗੱਡੀ ਚਲਾਓ, ਕਿਉਂਕਿ ਵਾਹਨ ਫਿਸਲਣ ਦਾ ਖ਼ਤਰਾ ਹੈ।",D,"ਪ੍ਰਤੀਕੂਲ ਮੌਸਮ ਵਿੱਚ, ਡਬਲ ਜਾਂ ਤੀਹਰੀ ਗੱਡੀ ਚਲਾਉਂਦੇ ਸਮੇਂ ਖਾਸ ਧਿਆਨ ਰੱਖਣਾ ਚਾਹੀਦਾ ਹੈ। ਉਹ ਖਾਸ ਤੌਰ 'ਤੇ ਸਕਿਡ, ਟ੍ਰੈਕਸ਼ਨ ਦੇ ਨੁਕਸਾਨ, ਅਤੇ ਰੋਲਓਵਰਾਂ ਦਾ ਸ਼ਿਕਾਰ ਹੁੰਦੇ ਹਨ।"
8879,ਜ਼ਿਆਦਾਤਰ ਹੈਵੀ-ਡਿਊਟੀ ਵਾਹਨ ____ ਏਅਰ ਬ੍ਰੇਕ ਸਿਸਟਮ ਦੀ ਵਰਤੋਂ ਕਰਦੇ ਹਨ।,,ਸਿੰਗਲ,ਦੋਹਰਾ,ਟ੍ਰਿਪਲ,ਕਵਾਡ,B,ਜ਼ਿਆਦਾਤਰ ਭਾਰੀ-ਡਿਊਟੀ ਵਾਹਨ ਦੋਹਰੀ ਏਅਰ ਬ੍ਰੇਕ ਪ੍ਰਣਾਲੀਆਂ ਨਾਲ ਲੈਸ ਹੁੰਦੇ ਹਨ।
9388,ਇਹ ਪਛਾਣਨ ਦਾ ਸਭ ਤੋਂ ਆਸਾਨ ਤਰੀਕਾ ਹੈ ਕਿ ਤੁਹਾਡਾ ਟ੍ਰੇਲਰ ਖਿਸਕਣਾ ਸ਼ੁਰੂ ਹੋ ਗਿਆ ਹੈ:,,ਕਿਸੇ ਹੋਰ ਡਰਾਈਵਰ ਨੂੰ ਪੁੱਛੋ।,ਇਹ ਨਿਰਧਾਰਤ ਕਰਨ ਲਈ ਆਪਣੇ ਸ਼ੀਸ਼ੇ ਵਰਤੋ ਕਿ ਕੀ ਟ੍ਰੇਲਰ ਲੇਨ ਨੂੰ ਛੱਡ ਗਿਆ ਹੈ।,ਬ੍ਰੇਕ ਪੈਡਲ ਨੂੰ ਛੱਡੋ ਅਤੇ ਫਿਰ ਇਸਨੂੰ ਦੁਬਾਰਾ ਹੇਠਾਂ ਧੱਕੋ।,ਕੰਟਰੋਲ ਪੈਨਲ 'ਤੇ ਜੈਕਨੀਫ ਚੇਤਾਵਨੀ ਲਾਈਟ ਦੇਖੋ।,B,"ਟ੍ਰੇਲਰ ਸਕਿਡ ਨੂੰ ਲੱਭਣ ਦਾ ਸਭ ਤੋਂ ਆਸਾਨ ਤਰੀਕਾ ਹੈ ਆਪਣੇ ਸ਼ੀਸ਼ੇ ਦੀ ਵਰਤੋਂ ਕਰਨਾ। ਜਦੋਂ ਵੀ ਤੁਸੀਂ ਜ਼ੋਰ ਨਾਲ ਬ੍ਰੇਕ ਲਗਾਉਂਦੇ ਹੋ, ਤਾਂ ਇਹ ਯਕੀਨੀ ਬਣਾਉਣ ਲਈ ਆਪਣੇ ਸ਼ੀਸ਼ੇ ਚੈੱਕ ਕਰੋ ਕਿ ਤੁਹਾਡਾ ਟ੍ਰੇਲਰ ਅਜੇ ਵੀ ਆਪਣੀ ਸਹੀ ਸਥਿਤੀ ਵਿੱਚ ਹੈ।"
9389,ਟ੍ਰੇਲਰ ਹੈਂਡ ਵਾਲਵ ਨੂੰ ਚਾਹੀਦਾ ਹੈ:,,ਪਾਰਕਿੰਗ ਲਈ ਵਰਤਿਆ ਜਾਵੇ।,ਸਿਰਫ ਟ੍ਰੇਲਰ ਬ੍ਰੇਕਾਂ ਦੀ ਜਾਂਚ ਕਰਨ ਲਈ ਵਰਤਿਆ ਜਾ ਸਕਦਾ ਹੈ।,ਬ੍ਰੇਕ ਪੈਡਲ ਦੇ ਨਾਲ ਇਕੱਠੇ ਵਰਤਿਆ ਜਾ.,ਤਿਲਕਣ ਵਾਲੀਆਂ ਸਤਹਾਂ 'ਤੇ ਵਰਤਿਆ ਜਾਵੇ।,B,"ਟ੍ਰੇਲਰ ਹੈਂਡ ਵਾਲਵ ਟ੍ਰੇਲਰ ਬ੍ਰੇਕਾਂ ਦਾ ਕੰਮ ਕਰਦਾ ਹੈ ਪਰ ਉਹਨਾਂ ਦੀ ਜਾਂਚ ਕਰਦੇ ਸਮੇਂ ਹੀ ਵਰਤਿਆ ਜਾਣਾ ਚਾਹੀਦਾ ਹੈ। ਡ੍ਰਾਈਵਿੰਗ ਕਰਦੇ ਸਮੇਂ ਇਸਦੀ ਵਰਤੋਂ ਕਰਨ ਨਾਲ ਸਕਿਡ ਬਣ ਸਕਦਾ ਹੈ। ਪਾਰਕਿੰਗ ਕਰਦੇ ਸਮੇਂ ਕਦੇ ਵੀ ਟ੍ਰੇਲਰ ਹੈਂਡ ਵਾਲਵ ਦੀ ਵਰਤੋਂ ਨਾ ਕਰੋ ਕਿਉਂਕਿ ਅਜਿਹਾ ਕਰਨ ਨਾਲ ਬ੍ਰੇਕਿੰਗ ਸਿਸਟਮ ਤੋਂ ਹਵਾ ਦਾ ਦਬਾਅ ਨਿਕਲ ਸਕਦਾ ਹੈ, ਬ੍ਰੇਕਾਂ ਨੂੰ ਛੱਡ ਸਕਦਾ ਹੈ ਜੋ ਵਾਹਨ ਨੂੰ ਥਾਂ 'ਤੇ ਰੱਖ ਰਹੇ ਹਨ।"
9359,ਐਂਟੀ-ਲਾਕ ਬ੍ਰੇਕਿੰਗ ਸਿਸਟਮ (ABS) ਨਾਲ ਲੈਸ ਵਾਹਨ ਦੀ ਪਛਾਣ ਇਹਨਾਂ ਦੁਆਰਾ ਕੀਤੀ ਜਾ ਸਕਦੀ ਹੈ:,,ਕੰਟਰੋਲ ਪੈਨਲ 'ਤੇ ਇੱਕ ਸਟਿੱਕਰ.,ਇੰਸਟ੍ਰੂਮੈਂਟ ਪੈਨਲ 'ਤੇ ਇੱਕ ਪੀਲਾ ਲੈਂਪ।,"ਬਰੇਕ ਪੈਡਲ 'ਤੇ ਅੱਖਰ ""ABS""।",ਡਰਾਈਵਰ ਦੇ ਪਾਸੇ ਦੇ ਦਰਵਾਜ਼ੇ ਦੇ ਅੰਦਰ ਇੱਕ ਧਾਤ ਦੀ ਪਲੇਟ।,B,ਤੁਸੀਂ ਦੱਸ ਸਕਦੇ ਹੋ ਕਿ ਤੁਹਾਡੀ ਗੱਡੀ ਐਂਟੀ-ਲਾਕ ਬ੍ਰੇਕਿੰਗ ਸਿਸਟਮ (ABS) ਨਾਲ ਲੈਸ ਹੈ ਜੇਕਰ ਇਸ ਦੇ ਇੰਸਟ੍ਰੂਮੈਂਟ ਪੈਨਲ 'ਤੇ ਪੀਲਾ ABS ਖਰਾਬ ਹੋਣ ਵਾਲਾ ਲੈਂਪ ਹੈ।
9100,"ਹਮਲਾਵਰ ਡਰਾਈਵਰ ਬਣਨ ਤੋਂ ਬਚਣ ਲਈ, ਤੁਹਾਨੂੰ ਇਹ ਕਰਨਾ ਚਾਹੀਦਾ ਹੈ:",,ਆਵਾਜਾਈ ਲਈ ਵਾਧੂ ਸਮਾਂ ਨਿਰਧਾਰਤ ਕੀਤੇ ਬਿਨਾਂ ਯਾਤਰਾਵਾਂ ਦੀ ਯੋਜਨਾ ਬਣਾਓ।,ਟੇਲਗੇਟ।,ਖੱਬੇ ਲੇਨ ਵਿੱਚ ਹੌਲੀ-ਹੌਲੀ ਗੱਡੀ ਚਲਾਓ।,ਦੂਜੇ ਡਰਾਈਵਰਾਂ ਨੂੰ ਇਸ਼ਾਰੇ ਨਾ ਕਰੋ।,D,"ਇੱਕ ਹਮਲਾਵਰ ਡ੍ਰਾਈਵਰ ਬਣਨ ਤੋਂ ਬਚਣ ਲਈ, ਟ੍ਰੈਫਿਕ ਦੇਰੀ ਲਈ ਵਾਧੂ ਸਮਾਂ ਦਿੰਦੇ ਹੋਏ, ਯਾਤਰਾ ਵਿੱਚ ਕਿੰਨਾ ਸਮਾਂ ਲੱਗੇਗਾ ਦੀਆਂ ਵਾਸਤਵਿਕ ਉਮੀਦਾਂ ਨਾਲ ਇੱਕ ਯਾਤਰਾ ਸ਼ੁਰੂ ਕਰੋ। ਹੋਰ ਵਾਹਨਾਂ ਨੂੰ ਟੇਲਗੇਟ ਨਾ ਕਰੋ। ਦੂਜੇ ਡਰਾਈਵਰਾਂ ਨੂੰ ਪਰੇਸ਼ਾਨ ਕਰਨ ਤੋਂ ਬਚਣ ਲਈ, ਖੱਬੇ ਲੇਨ ਵਿੱਚ ਹੌਲੀ-ਹੌਲੀ ਗੱਡੀ ਨਾ ਚਲਾਓ ਅਤੇ ਡਰਾਈਵਰਾਂ ਵੱਲ ਇਸ਼ਾਰਾ ਨਾ ਕਰੋ (ਭਾਵੇਂ ਕਿ ਮਾਮੂਲੀ ਤਰੀਕਿਆਂ ਨਾਲ, ਜਿਵੇਂ ਕਿ ਆਪਣਾ ਸਿਰ ਹਿਲਾਉਣਾ)।"
9834,ਇੱਕ ਡਬਲ ਜਾਂ ਤੀਹਰੀ ਸੁਮੇਲ ਵਿੱਚ:,,ਕਾਰਗੋ ਦਾ ਭਾਰ ਸਾਰੇ ਟ੍ਰੇਲਰਾਂ ਵਿਚਕਾਰ ਬਰਾਬਰ ਵੰਡਿਆ ਜਾਣਾ ਚਾਹੀਦਾ ਹੈ।,ਸਭ ਤੋਂ ਭਾਰਾ ਟ੍ਰੇਲਰ ਸਿੱਧੇ ਕੈਬ ਦੇ ਪਿੱਛੇ ਸਥਿਤ ਹੋਣਾ ਚਾਹੀਦਾ ਹੈ।,ਸਭ ਤੋਂ ਭਾਰੀ ਟ੍ਰੇਲਰ ਨੂੰ ਪਿਛਲੇ ਪਾਸੇ ਰੱਖਿਆ ਜਾਣਾ ਚਾਹੀਦਾ ਹੈ।,ਟ੍ਰੇਲਰਾਂ ਦਾ ਭਾਰ ਕੋਈ ਮਾਇਨੇ ਨਹੀਂ ਰੱਖਦਾ।,B,"ਇੱਕ ਡਬਲ ਜਾਂ ਤੀਹਰੀ ਵਿੱਚ, ਜ਼ਿਆਦਾ ਭਾਰ ਵਾਲਾ ਟ੍ਰੇਲਰ ਤੁਰੰਤ ਟਰੈਕਟਰ ਦੇ ਪਿੱਛੇ ਹੋਣਾ ਚਾਹੀਦਾ ਹੈ।"
9082,"ਜਦੋਂ ਹੋਰ ਵਾਹਨਾਂ ਨੂੰ ਸਵੇਰ ਜਾਂ ਸ਼ਾਮ ਵੇਲੇ ਤੁਹਾਨੂੰ ਦੇਖਣ ਵਿੱਚ ਮੁਸ਼ਕਲ ਆਉਂਦੀ ਹੈ, ਤਾਂ ਤੁਸੀਂ ਇਹਨਾਂ ਦੁਆਰਾ ਆਪਣੀ ਦਿੱਖ ਵਧਾ ਸਕਦੇ ਹੋ:",,ਤੁਹਾਡੇ ਚਾਰ-ਪੱਖੀ ਫਲੈਸ਼ਰਾਂ ਨੂੰ ਚਾਲੂ ਕਰਨਾ।,ਆਪਣੇ ਸਿੰਗ ਨੂੰ ਹਾਨਿੰਗ.,ਤੁਹਾਡੀਆਂ ਹੈੱਡਲਾਈਟਾਂ ਨੂੰ ਚਾਲੂ ਕੀਤਾ ਜਾ ਰਿਹਾ ਹੈ।,ਤੁਹਾਡੇ ਵਿੰਡਸ਼ੀਲਡ ਵਾਈਪਰਾਂ ਨੂੰ ਚਾਲੂ ਕਰਨਾ।,C,"ਸਵੇਰ ਜਾਂ ਸ਼ਾਮ ਵੇਲੇ, ਅਤੇ ਬਰਫ਼ਬਾਰੀ ਜਾਂ ਬਰਸਾਤ ਦੀਆਂ ਸਥਿਤੀਆਂ ਵਿੱਚ, ਤੁਹਾਨੂੰ ਆਪਣੀਆਂ ਹੈੱਡਲਾਈਟਾਂ ਨੂੰ ਚਾਲੂ ਕਰਨਾ ਚਾਹੀਦਾ ਹੈ ਤਾਂ ਜੋ ਹੋਰ ਸੜਕ ਉਪਭੋਗਤਾਵਾਂ ਲਈ ਤੁਹਾਡੇ ਵਾਹਨ ਨੂੰ ਦੇਖਣਾ ਆਸਾਨ ਹੋ ਸਕੇ।"
10962,ਇਹ ਪਛਾਣਨ ਦਾ ਸਭ ਤੋਂ ਵਧੀਆ ਤਰੀਕਾ ਹੈ ਕਿ ਤੁਹਾਡਾ ਟ੍ਰੇਲਰ ਖਿਸਕਣਾ ਸ਼ੁਰੂ ਹੋ ਗਿਆ ਹੈ:,,ਹੋਰ ਡਰਾਈਵਰਾਂ ਦੇ ਚਿਹਰੇ ਦੇਖਣਾ।,ਇਸਨੂੰ ਆਪਣੇ ਸ਼ੀਸ਼ੇ ਵਿੱਚ ਦੇਖ ਕੇ।,ਇਸ ਨੂੰ ਮਹਿਸੂਸ ਕਰ ਰਿਹਾ ਹੈ।,ਰੇਡੀਓ ਸੁਣ ਰਿਹਾ ਹੈ।,B,ਟ੍ਰੇਲਰ ਸਕਿਡ ਦੀ ਸ਼ੁਰੂਆਤ ਨੂੰ ਪਛਾਣਨ ਦਾ ਸਭ ਤੋਂ ਪਹਿਲਾ ਅਤੇ ਸਭ ਤੋਂ ਵਧੀਆ ਤਰੀਕਾ ਹੈ ਟ੍ਰੇਲਰ ਨੂੰ ਆਪਣੇ ਸ਼ੀਸ਼ੇ ਵਿੱਚ ਦੇਖਣਾ।
9061,"ਜੇਕਰ ਟਾਇਰ ਰਿਮ ਨੂੰ ਨੁਕਸਾਨ ਪਹੁੰਚਦਾ ਹੈ, ਤਾਂ ਇਹ ਹੋਣਾ ਚਾਹੀਦਾ ਹੈ:",,ਗੱਡੀ 'ਤੇ ਛੱਡ ਦਿੱਤਾ।,ਨੁਕਸਾਨ ਦੀ ਮੁਰੰਮਤ ਕਰਨ ਲਈ welded.,ਬਦਲਿਆ ਗਿਆ।,ਡਰਾਈਵਰ ਤੋਂ ਸਭ ਤੋਂ ਦੂਰ ਐਕਸਲ 'ਤੇ ਪਾਓ।,C,ਵੈਲਡਿੰਗ ਦੀ ਮੁਰੰਮਤ ਵਾਲੇ ਪਹੀਏ ਜਾਂ ਰਿਮ ਸੁਰੱਖਿਅਤ ਨਹੀਂ ਹਨ।
9142,ਬਸ ਲੇਨਾਂ ਨੂੰ ਬਦਲਣ ਨਾਲ ਇਹ ਹੋ ਸਕਦਾ ਹੈ:,,"ਇੱਕ ""ਕਰੈਕ-ਦ-ਵਾਈਪ"" ਪ੍ਰਭਾਵ, ਨਤੀਜੇ ਵਜੋਂ ਇੱਕ ਰੋਲਓਵਰ।",ਸਿੱਧਾ ਕਰਨ ਲਈ ਇੱਕ ਟ੍ਰੇਲਰ।,ਡਰਾਇਵਰ ਕਿਸ ਲੇਨ ਦੀ ਵਰਤੋਂ ਕਰਨ ਦੀ ਉਮੀਦ ਕਰ ਰਿਹਾ ਹੈ ਇਸ ਬਾਰੇ ਉਲਝਣ.,ਹੋਰ ਡਰਾਈਵਰ ਆਪਣੀ ਸਪੀਡ ਘੱਟ ਕਰਨ।,A,"ਪਿੱਛੇ ਵੱਲ ਵਧਣ ਦੇ ਕਾਰਨ ""ਕਰੈਕ-ਦ-ਵ੍ਹਿਪ"" ਪ੍ਰਭਾਵ ਦੇ ਕਾਰਨ, ਇੱਕ ਸੁਮੇਲ ਵਾਹਨ ਵਿੱਚ ਬਹੁਤ ਤੇਜ਼ੀ ਨਾਲ ਲੇਨਾਂ ਬਦਲਣ ਨਾਲ ਰੋਲਓਵਰ ਹੋ ਸਕਦਾ ਹੈ।"
8810,"ਹਾਈਵੇ ਦੀ ਸਪੀਡ 'ਤੇ ਗੱਡੀ ਚਲਾਉਣ ਵੇਲੇ, ਤੁਹਾਨੂੰ ਆਪਣੇ ਵਾਹਨ ਤੋਂ ____ ਅੱਗੇ ਸੜਕ ਨੂੰ ਦੇਖਣਾ ਚਾਹੀਦਾ ਹੈ।",,ਇੱਕ ਬਲਾਕ,100 ਗਜ਼,ਇੱਕ ਚੌਥਾਈ ਮੀਲ,ਇੱਕ ਮੀਲ,C,"ਆਪਣੇ ਵਾਹਨ ਤੋਂ ਘੱਟੋ-ਘੱਟ 12 ਤੋਂ 15 ਸਕਿੰਟ ਅੱਗੇ ਸੜਕ ਨੂੰ ਲਗਾਤਾਰ ਦੇਖਦੇ ਹੋਏ ਆਉਣ ਵਾਲੀਆਂ ਰੁਕਾਵਟਾਂ ਅਤੇ ਖ਼ਤਰਿਆਂ ਤੋਂ ਸੁਚੇਤ ਰਹੋ। ਹਾਈਵੇ ਸਪੀਡ 'ਤੇ ਯਾਤਰਾ ਕਰਦੇ ਸਮੇਂ, ਇਹ ਲਗਭਗ ਇੱਕ ਚੌਥਾਈ ਮੀਲ ਦੇ ਬਰਾਬਰ ਹੁੰਦਾ ਹੈ।"
9069,"ਜੇਕਰ ਪ੍ਰੀ-ਟ੍ਰਿਪ ਨਿਰੀਖਣ ਦੌਰਾਨ ਕੁਝ ਅਸੁਰੱਖਿਅਤ ਪਾਇਆ ਜਾਂਦਾ ਹੈ, ਤਾਂ ਤੁਹਾਨੂੰ ਇਹ ਕਰਨਾ ਚਾਹੀਦਾ ਹੈ:",,ਯਾਤਰਾ ਨੂੰ ਜਾਰੀ ਰੱਖੋ ਅਤੇ ਯਾਤਰਾ ਪੂਰੀ ਹੋਣ ਤੋਂ ਬਾਅਦ ਇੱਕ ਮਕੈਨਿਕ ਨਾਲ ਮੁਲਾਕਾਤ ਕਰੋ।,ਵਧੇਰੇ ਤਜਰਬੇਕਾਰ ਡਰਾਈਵਰ ਨੂੰ ਟਰੱਕ ਦੀ ਵਰਤੋਂ ਕਰਨ ਦਿਓ।,ਸਮੱਸਿਆ ਨੂੰ ਤੁਰੰਤ ਹੱਲ ਕਰੋ।,"ਅਸੁਰੱਖਿਅਤ ਪਾਈਆਂ ਗਈਆਂ ਆਈਟਮਾਂ ਦੀ ਵਰਤੋਂ ਨਾ ਕਰੋ, ਪਰ ਆਮ ਤੌਰ 'ਤੇ ਗੱਡੀ ਚਲਾਉਣਾ ਜਾਰੀ ਰੱਖ ਸਕਦਾ ਹੈ।",C,"ਜੇਕਰ ਪ੍ਰੀ-ਟ੍ਰਿਪ ਨਿਰੀਖਣ ਤੁਹਾਡੇ ਵਾਹਨ ਬਾਰੇ ਕੁਝ ਅਸੁਰੱਖਿਅਤ ਪ੍ਰਗਟ ਕਰਦਾ ਹੈ, ਤਾਂ ਤੁਹਾਨੂੰ ਇਸਦੀ ਮੁਰੰਮਤ ਕਰਨੀ ਚਾਹੀਦੀ ਹੈ। ਅਸੁਰੱਖਿਅਤ ਵਾਹਨ ਚਲਾਉਣਾ ਗੈਰ-ਕਾਨੂੰਨੀ ਹੈ।"
11314,ਐਂਟੀ-ਲਾਕ ਬ੍ਰੇਕਿੰਗ ਸਿਸਟਮ (ABS) ਨਾਲ ਲੈਸ ਇੱਕ ਵਾਹਨ ਇਹ ਚੇਤਾਵਨੀ ਦੇਣ ਲਈ ਇੱਕ ____ ਰੋਸ਼ਨੀ ਦੀ ਵਰਤੋਂ ਕਰਦਾ ਹੈ ਕਿ ਸਿਸਟਮ ਸਹੀ ਢੰਗ ਨਾਲ ਕੰਮ ਨਹੀਂ ਕਰ ਰਿਹਾ ਹੈ।,,ਹਰਾ,ਪੀਲਾ,ਸੰਤਰਾ,ਚਿੱਟਾ,B,"ਐਂਟੀ-ਲਾਕ ਬ੍ਰੇਕਿੰਗ ਸਿਸਟਮ (ABS) ਖਰਾਬ ਹੋਣ ਵਾਲੇ ਲੈਂਪ ਆਮ ਤੌਰ 'ਤੇ ਪੀਲੇ ਹੁੰਦੇ ਹਨ। ਭਾਵੇਂ ABS ਸਹੀ ਢੰਗ ਨਾਲ ਕੰਮ ਨਹੀਂ ਕਰ ਰਿਹਾ ਹੈ, ਫਿਰ ਵੀ ਡਰਾਈਵਰ ਕੋਲ ਵਾਹਨ ਦੇ ਆਮ ਬ੍ਰੇਕਿੰਗ ਫੰਕਸ਼ਨਾਂ ਤੱਕ ਪਹੁੰਚ ਹੋਵੇਗੀ।"
9084,ਬਹੁਤ ਤੇਜ਼ ਗੱਡੀ ਚਲਾਉਣਾ:,,ਘਾਤਕ ਕਰੈਸ਼ਾਂ ਦਾ ਵੱਡਾ ਕਾਰਨ ਹੈ।,ਤੁਹਾਡੀ ਮੰਜ਼ਿਲ 'ਤੇ ਜਲਦੀ ਪਹੁੰਚਣ ਦਾ ਵਧੀਆ ਤਰੀਕਾ ਹੋ ਸਕਦਾ ਹੈ।,ਸਿਰਫ ਤਾਂ ਹੀ ਕੀਤਾ ਜਾਣਾ ਚਾਹੀਦਾ ਹੈ ਜੇਕਰ ਸੜਕ ਸੁੱਕੀ ਹੋਵੇ।,ਹਲਕੇ ਆਵਾਜਾਈ ਵਿੱਚ ਸਵੀਕਾਰਯੋਗ ਹੈ।,A,ਬਹੁਤ ਜ਼ਿਆਦਾ ਰਫ਼ਤਾਰ ਨਾਲ ਗੱਡੀ ਚਲਾਉਣਾ ਘਾਤਕ ਹਾਦਸਿਆਂ ਦਾ ਇੱਕ ਵੱਡਾ ਕਾਰਨ ਹੈ। ਕਦੇ ਵੀ ਪੋਸਟ ਕੀਤੀ ਅਧਿਕਤਮ ਗਤੀ ਸੀਮਾ ਤੋਂ ਉੱਪਰ ਨਾ ਚਲਾਓ ਅਤੇ ਸਥਿਤੀ ਵਿੱਚ ਫਿੱਟ ਹੋਣ ਲਈ ਆਪਣੀ ਗਤੀ ਨੂੰ ਵਿਵਸਥਿਤ ਕਰੋ।
9387,ਕੀ ਹੁੰਦਾ ਹੈ ਜਦੋਂ ਟ੍ਰੇਲਰ ਦੇ ਪਹੀਏ ਬੰਦ ਹੋ ਜਾਂਦੇ ਹਨ?,,ਟ੍ਰੇਲਰ ਆਮ ਤੌਰ 'ਤੇ ਇੱਕ ਸਿੱਧੀ ਲਾਈਨ ਵਿੱਚ ਅੱਗੇ ਵਧਣਾ ਜਾਰੀ ਰੱਖੇਗਾ।,ਟ੍ਰੇਲਰ ਬੰਦ ਹੋ ਜਾਵੇਗਾ।,ਟ੍ਰੇਲਰ ਸੰਭਾਵਤ ਤੌਰ 'ਤੇ ਆਲੇ-ਦੁਆਲੇ ਘੁੰਮ ਜਾਵੇਗਾ।,ਟ੍ਰੇਲਰ ਰੁਕ ਜਾਵੇਗਾ।,C,"ਇੱਕ ਟ੍ਰੇਲਰ ਆਲੇ-ਦੁਆਲੇ ਘੁੰਮਦਾ ਹੈ, ਸੰਭਾਵੀ ਤੌਰ 'ਤੇ ਟ੍ਰੇਲਰ ਜੈਕਨੀਫ ਦੇ ਨਤੀਜੇ ਵਜੋਂ, ਜੇਕਰ ਇਸਦੇ ਪਹੀਏ ਬੰਦ ਹੋ ਜਾਂਦੇ ਹਨ।"
8997,ਬ੍ਰੇਕ ਵਿਵਸਥਾ ਤੋਂ ਬਾਹਰ ਹੋ ਸਕਦੇ ਹਨ:,,ਜੇ ਉਹ ਬਹੁਤ ਗਰਮ ਹਨ।,ਠੰਡੇ ਮੌਸਮ ਵਿੱਚ.,ਜੇਕਰ ਉਹ ਵਰਤੇ ਜਾਂਦੇ ਹਨ।,ਜੇ ਉਹ ਗਿੱਲੇ ਹੋ ਜਾਂਦੇ ਹਨ।,A,"ਬ੍ਰੇਕ ਤੇਜ਼ੀ ਨਾਲ ਅਡਜਸਟਮੈਂਟ ਤੋਂ ਬਾਹਰ ਹੋ ਸਕਦੇ ਹਨ, ਖਾਸ ਤੌਰ 'ਤੇ ਜੇ ਉਹ ਓਵਰਹੀਟਿੰਗ ਦੇ ਬਿੰਦੂ ਲਈ ਵਰਤੇ ਜਾਂਦੇ ਹਨ। ਬ੍ਰੇਕ ਐਡਜਸਟਮੈਂਟ ਦੀ ਅਕਸਰ ਜਾਂਚ ਕੀਤੀ ਜਾਣੀ ਚਾਹੀਦੀ ਹੈ।"
9822,ਮਿਸ਼ਰਨ ਵਾਹਨ ਦਾ ਕਿਹੜਾ ਹਿੱਸਾ ਪਲਟਣ ਦੀ ਸਭ ਤੋਂ ਵੱਧ ਸੰਭਾਵਨਾ ਹੈ?,,ਕੈਬ,ਟ੍ਰੇਲਰ ਤੁਰੰਤ ਕੈਬ ਦੇ ਪਿੱਛੇ,ਮੱਧ ਟ੍ਰੇਲਰ,ਆਖਰੀ ਟ੍ਰੇਲਰ,D,"""ਕਰੈਕ-ਦ-ਵਾਈਪ"" ਪ੍ਰਭਾਵ ਇੱਕ ਸੁਮੇਲ ਵਿੱਚ ਆਖਰੀ ਟ੍ਰੇਲਰ ਨੂੰ ਬਦਲਣ ਦੀ ਸਭ ਤੋਂ ਵੱਧ ਸੰਭਾਵਨਾ ਬਣਾਉਂਦਾ ਹੈ। ਕਿਸੇ ਮੋੜ ਜਾਂ ਕੋਨੇ ਦੇ ਆਲੇ-ਦੁਆਲੇ ਡਬਲ ਜਾਂ ਤੀਹਰੀ ਸੁਮੇਲ ਵਾਹਨ ਚਲਾਉਣ ਵੇਲੇ ਖਾਸ ਤੌਰ 'ਤੇ ਸਾਵਧਾਨ ਰਹੋ।"
9099,"ਭਾਰੀ ਟ੍ਰੈਫਿਕ ਵਿੱਚ ਗੱਡੀ ਚਲਾਉਣ ਵੇਲੇ, ਤੁਹਾਨੂੰ ਇਹ ਕਰਨਾ ਚਾਹੀਦਾ ਹੈ:",,ਹੈਂਡਸ-ਫ੍ਰੀ ਸੈਲੂਲਰ ਡਿਵਾਈਸਾਂ ਦੀ ਵਰਤੋਂ ਕਰੋ।,ਕਾਲ ਕਰਨ ਦੀ ਬਜਾਏ ਟੈਕਸਟ ਕਰਨ ਲਈ ਆਪਣੇ ਸੈੱਲ ਫ਼ੋਨ ਦੀ ਵਰਤੋਂ ਕਰੋ।,ਆਪਣੇ ਸੈੱਲ ਫ਼ੋਨ ਦੀ ਵਰਤੋਂ ਨਾ ਕਰੋ।,ਆਪਣੇ ਸੈੱਲ ਫੋਨ 'ਤੇ ਰਿੰਗਰ ਚਾਲੂ ਕਰੋ.,C,"ਭਾਰੀ ਆਵਾਜਾਈ ਵਾਲੇ ਖੇਤਰ, ਸੜਕ ਨਿਰਮਾਣ, ਪੈਦਲ ਯਾਤਰੀਆਂ ਦੀ ਵੱਡੀ ਗਿਣਤੀ, ਜਾਂ ਗੰਭੀਰ ਮੌਸਮ ਡਰਾਈਵਰ ਤੋਂ ਵਾਧੂ ਧਿਆਨ ਦੀ ਮੰਗ ਕਰਦੇ ਹਨ। ਡਰਾਈਵਰ ਨੂੰ ਅਜਿਹੇ ਖੇਤਰਾਂ ਵਿੱਚ, ਸੈਲ ਫ਼ੋਨ ਦੀ ਵਰਤੋਂ ਸਮੇਤ, ਹਰ ਸੰਭਵ ਭਟਕਣ ਤੋਂ ਬਚਣਾ ਚਾਹੀਦਾ ਹੈ।"
11247,ਤੁਹਾਨੂੰ ਹਮੇਸ਼ਾ ਅੰਦਰ ਰੁਕਣ ਦੇ ਯੋਗ ਹੋਣਾ ਚਾਹੀਦਾ ਹੈ:,,ਤੁਹਾਡੇ ਵਾਹਨ ਦੇ 10 ਫੁੱਟ.,"ਤੁਹਾਡੇ ਵਾਹਨ ਦੇ 1,000 ਫੁੱਟ.",ਅੱਗੇ ਦੀ ਸੜਕ ਬਾਰੇ ਤੁਹਾਡਾ ਦ੍ਰਿਸ਼।,ਬ੍ਰੇਕ ਮਾਰਨ ਦਾ ਇੱਕ ਮਿੰਟ।,C,ਤੁਹਾਨੂੰ ਹਮੇਸ਼ਾ ਇਹ ਯਕੀਨੀ ਬਣਾਉਣਾ ਚਾਹੀਦਾ ਹੈ ਕਿ ਤੁਹਾਡਾ ਵਾਹਨ ਸੜਕ ਦੇ ਉਸ ਖੇਤਰ ਦੇ ਅੰਦਰ ਰੁਕ ਸਕੇਗਾ ਜਿਸ ਨੂੰ ਤੁਸੀਂ ਦੇਖ ਸਕਦੇ ਹੋ। ਇਸਦਾ ਮਤਲਬ ਹੈ ਕਿ ਜਦੋਂ ਵੀ ਸਥਿਤੀਆਂ ਦਿੱਖ ਨੂੰ ਘਟਾਉਂਦੀਆਂ ਹਨ ਤਾਂ ਤੁਹਾਨੂੰ ਹੌਲੀ ਹੋਣਾ ਚਾਹੀਦਾ ਹੈ।
9510,"ਜੇਕਰ ਕਿਸੇ ਵਾਹਨ ਦੀ ਵਾਹਨ ਜਾਂਚ ਰਿਪੋਰਟ ਹੈ, ਤਾਂ ਡਰਾਈਵਰ:",,ਰਿਪੋਰਟ ਨੂੰ ਨਹੀਂ ਦੇਖਣਾ ਚਾਹੀਦਾ ਅਤੇ ਇਸ ਦੀ ਬਜਾਏ ਕਿਸੇ ਵੀ ਮੁੱਦੇ ਨੂੰ ਆਪਣੇ ਆਪ ਲੱਭਣ ਦੀ ਕੋਸ਼ਿਸ਼ ਕਰਨੀ ਚਾਹੀਦੀ ਹੈ।,ਗੱਡੀ ਨੂੰ ਮਕੈਨਿਕ ਕੋਲ ਲੈ ਜਾਣਾ ਚਾਹੀਦਾ ਹੈ।,ਰਿਪੋਰਟ ਦੀ ਸਮੀਖਿਆ ਕਰਨੀ ਚਾਹੀਦੀ ਹੈ।,ਪ੍ਰੀ-ਟ੍ਰਿਪ ਨਿਰੀਖਣ ਨਹੀਂ ਕਰਨਾ ਚਾਹੀਦਾ ਅਤੇ ਸਿਰਫ ਰਿਪੋਰਟ 'ਤੇ ਭਰੋਸਾ ਕਰਨਾ ਚਾਹੀਦਾ ਹੈ।,C,"ਵਾਹਨ ਦੀ ਜਾਂਚ ਦੇ ਪਹਿਲੇ ਪੜਾਅ ਲਈ, ਤੁਹਾਨੂੰ ਆਪਣੇ ਵਾਹਨ ਦੀ ਆਖਰੀ ਜਾਂਚ ਰਿਪੋਰਟ ਦੀ ਸਮੀਖਿਆ ਕਰਨੀ ਚਾਹੀਦੀ ਹੈ, ਜੇਕਰ ਕੋਈ ਹੈ। ਕੈਰੀਅਰ ਨੂੰ ਰਿਪੋਰਟ ਵਿੱਚ ਨੋਟ ਕੀਤੀ ਗਈ ਕਿਸੇ ਵੀ ਸਮੱਸਿਆ ਦੀ ਮੁਰੰਮਤ ਕਰਨੀ ਚਾਹੀਦੀ ਸੀ।"
9073,"ਬੈਕਿੰਗ ਕਰਦੇ ਸਮੇਂ, ਇਹ ਸਭ ਤੋਂ ਵਧੀਆ ਹੈ:",,ਸਿਰਫ਼ ਯਾਤਰੀ ਦੇ ਪਾਸੇ ਦੇ ਸ਼ੀਸ਼ੇ 'ਤੇ ਭਰੋਸਾ ਕਰੋ।,ਜਲਦੀ ਬੈਕਅੱਪ ਲੈਣ ਦੀ ਕੋਸ਼ਿਸ਼ ਕਰੋ।,ਜਦੋਂ ਵੀ ਸੰਭਵ ਹੋਵੇ ਯਾਤਰੀ ਦੇ ਪਾਸੇ ਵੱਲ ਮੁੜੋ।,ਜੇਕਰ ਸੰਭਵ ਹੋਵੇ ਤਾਂ ਇੱਕ ਸਹਾਇਕ ਦੀ ਵਰਤੋਂ ਕਰੋ।,D,"ਜੇਕਰ ਤੁਹਾਨੂੰ ਉਲਟਾ ਗੱਡੀ ਚਲਾਉਣੀ ਚਾਹੀਦੀ ਹੈ, ਤਾਂ ਤੁਹਾਨੂੰ ਹੌਲੀ-ਹੌਲੀ ਬੈਕਅੱਪ ਲੈਣਾ ਚਾਹੀਦਾ ਹੈ ਅਤੇ ਆਪਣੇ ਵਾਹਨ ਦੇ ਦੋਵੇਂ ਪਾਸੇ ਸ਼ੀਸ਼ੇ ਦੀ ਵਰਤੋਂ ਕਰਨੀ ਚਾਹੀਦੀ ਹੈ। ਜਦੋਂ ਵੀ ਸੰਭਵ ਹੋਵੇ ਆਪਣੇ ਅੰਨ੍ਹੇ ਸਥਾਨਾਂ ਦੀ ਨਿਗਰਾਨੀ ਕਰਨ ਲਈ ਇੱਕ ਸਹਾਇਕ ਦੀ ਵਰਤੋਂ ਕਰੋ। ਤੁਹਾਨੂੰ ਅਤੇ ਸਹਾਇਕ ਨੂੰ ""ਰੋਕੋ"" ਲਈ ਸਿਗਨਲ 'ਤੇ ਸਹਿਮਤ ਹੋਣਾ ਚਾਹੀਦਾ ਹੈ।"
11243,ਮੀਂਹ ਪੈਣ ਤੋਂ ਬਾਅਦ ਸੜਕਾਂ ਖਾਸ ਤੌਰ 'ਤੇ ਤਿਲਕਣ ਕਿਉਂ ਹੋ ਜਾਂਦੀਆਂ ਹਨ?,,ਪਾਣੀ ਸੜਕ 'ਤੇ ਤੇਲ ਅਤੇ ਗਰੀਸ ਨਾਲ ਰਲ ਜਾਂਦਾ ਹੈ।,ਸੜਕਾਂ ਕੁਦਰਤੀ ਤੌਰ 'ਤੇ ਤਿਲਕਣ ਵਾਲੀਆਂ ਹਨ।,ਬੱਜਰੀ ਅਕਸਰ ਲੇਨ ਦੇ ਵਿਚਕਾਰ ਤੱਕ ਧੋਤੀ ਜਾਂਦੀ ਹੈ।,ਟਾਇਰ ਆਮ ਤੌਰ 'ਤੇ ਮੀਂਹ ਵਿੱਚ ਗੱਡੀ ਚਲਾਉਣ ਲਈ ਨਹੀਂ ਬਣਾਏ ਜਾਂਦੇ ਹਨ।,A,"ਬਰਸਾਤੀ ਮੌਸਮ ਵਿੱਚ, ਜਦੋਂ ਬਾਰਿਸ਼ ਪਹਿਲੀ ਵਾਰ ਪੈਣੀ ਸ਼ੁਰੂ ਹੁੰਦੀ ਹੈ ਤਾਂ ਸੜਕਾਂ ਅਕਸਰ ਸਭ ਤੋਂ ਤਿਲਕਣ ਹੋ ਜਾਂਦੀਆਂ ਹਨ। ਤਾਜ਼ੇ ਮੀਂਹ ਦਾ ਪਾਣੀ ਸੜਕ 'ਤੇ ਤੇਲ ਅਤੇ ਗਰੀਸ ਨਾਲ ਰਲ ਜਾਂਦਾ ਹੈ ਤਾਂ ਕਿ ਇੱਕ ਤਿਲਕਵੀਂ ਫਿਲਮ ਬਣ ਸਕੇ। ਜਿਵੇਂ ਕਿ ਮੀਂਹ ਜਾਰੀ ਰਹਿੰਦਾ ਹੈ, ਇਹ ਮਿਸ਼ਰਣ ਆਖਰਕਾਰ ਧੋ ਜਾਵੇਗਾ।"
8802,"ਸਟਾਪ ਛੱਡਣ ਲਈ ਜਿੰਨਾ ਸੰਭਵ ਹੋ ਸਕੇ ਸੁਰੱਖਿਅਤ ਬਣਾਉਣ ਲਈ, ਤੁਹਾਨੂੰ ਪਾਰਕ ਕਰਨਾ ਚਾਹੀਦਾ ਹੈ:",,ਇਸ ਲਈ ਤੁਹਾਨੂੰ ਆਪਣੀ ਪਾਰਕਿੰਗ ਥਾਂ ਛੱਡਣ ਲਈ ਬੈਕਅੱਪ ਲੈਣਾ ਚਾਹੀਦਾ ਹੈ।,ਤਾਂ ਜੋ ਤੁਸੀਂ ਆਪਣੀ ਪਾਰਕਿੰਗ ਥਾਂ ਛੱਡਣ ਲਈ ਅੱਗੇ ਵਧ ਸਕੋ।,"ਸੜਕ ਦੇ ਕਿਨਾਰੇ, ਪਾਰਕਿੰਗ ਵਿੱਚ ਨਹੀਂ।",ਇੱਕ ਪਾਰਕਿੰਗ ਸਪੇਸ ਵਿੱਚ ਵਾਪਸ ਆ ਕੇ.,B,"ਪਿੱਠ ਕਰਨਾ ਖ਼ਤਰਨਾਕ ਹੋ ਸਕਦਾ ਹੈ, ਇਸ ਲਈ ਜਦੋਂ ਵੀ ਹੋ ਸਕੇ ਅਜਿਹਾ ਕਰਨ ਤੋਂ ਬਚੋ। ਜੇ ਸੰਭਵ ਹੋਵੇ, ਤਾਂ ਇਸ ਤਰੀਕੇ ਨਾਲ ਪਾਰਕ ਕਰੋ ਜੋ ਤੁਹਾਨੂੰ ਆਪਣੀ ਪਾਰਕਿੰਗ ਥਾਂ ਤੋਂ ਬਾਹਰ ਨਿਕਲਣ ਲਈ ਅੱਗੇ ਖਿੱਚਣ ਦੀ ਇਜਾਜ਼ਤ ਦਿੰਦਾ ਹੈ।"
9077,ਅੰਨ੍ਹੇ ਧੱਬਿਆਂ ਦੀਆਂ ਚੁਣੌਤੀਆਂ ਨੂੰ ਦੂਰ ਕਰਨ ਦਾ ਇੱਕ ਤਰੀਕਾ ਹੈ:,,ਆਲੇ-ਦੁਆਲੇ ਦੇ ਵਾਹਨਾਂ ਨਾਲੋਂ ਤੇਜ਼ੀ ਨਾਲ ਗੱਡੀ ਚਲਾਓ ਤਾਂ ਜੋ ਕੋਈ ਹੋਰ ਡਰਾਈਵਰ ਤੁਹਾਨੂੰ ਲੰਘ ਨਾ ਸਕੇ।,"ਖੱਬੇ ਲੇਨ ਵਿੱਚ ਗੱਡੀ ਚਲਾਓ, ਜਿਸ ਨਾਲ ਤੁਸੀਂ ਸਿਰਫ਼ ਆਪਣੇ ਸੱਜੇ ਪਾਸੇ ਵਾਲੇ ਵਾਹਨਾਂ ਬਾਰੇ ਚਿੰਤਾ ਕਰ ਸਕਦੇ ਹੋ।",ਵਾਰ-ਵਾਰ ਸ਼ੀਸ਼ੇ ਦੀ ਜਾਂਚ ਕਰੋ ਅਤੇ ਆਲੇ-ਦੁਆਲੇ ਦੇ ਵਾਹਨਾਂ ਦੀਆਂ ਸਥਿਤੀਆਂ ਦਾ ਮੁਲਾਂਕਣ ਕਰੋ।,ਆਪਣੇ ਸ਼ੀਸ਼ੇ ਦੀ ਵਰਤੋਂ ਕਰਨ ਤੋਂ ਬਚੋ।,C,ਤੁਹਾਨੂੰ ਆਪਣੇ ਆਲੇ-ਦੁਆਲੇ ਦੇ ਟ੍ਰੈਫਿਕ ਦੀ ਨਿਗਰਾਨੀ ਕਰਨ ਲਈ ਵਾਰ-ਵਾਰ ਸ਼ੀਸ਼ੇ ਦੀ ਜਾਂਚ ਕਰਨੀ ਚਾਹੀਦੀ ਹੈ। ਇਹ ਤੁਹਾਨੂੰ ਧਿਆਨ ਦੇਣ ਵਿੱਚ ਮਦਦ ਕਰੇਗਾ ਕਿ ਕੀ ਆਲੇ-ਦੁਆਲੇ ਦੇ ਵਾਹਨ ਤੁਹਾਡੇ ਅੰਨ੍ਹੇ ਸਥਾਨਾਂ ਵਿੱਚ ਜਾਣ ਲੱਗਦੇ ਹਨ।
10207,"ਜੇਕਰ ਤੁਸੀਂ ਸੜਕ 'ਤੇ ਧਿਆਨ ਭੰਗ ਕਰਨ ਵਾਲੇ ਡਰਾਈਵਰ ਦੀ ਪਛਾਣ ਕਰਦੇ ਹੋ, ਤਾਂ ਤੁਹਾਨੂੰ ਇਹ ਕਰਨਾ ਚਾਹੀਦਾ ਹੈ:",,ਉਨ੍ਹਾਂ ਦੇ ਵਾਹਨ ਦੀ ਨੇੜਿਓਂ ਪਾਲਣਾ ਕਰੋ।,ਉਨ੍ਹਾਂ ਦਾ ਧਿਆਨ ਖਿੱਚਣ ਦੀ ਕੋਸ਼ਿਸ਼ ਕਰੋ।,ਉਨ੍ਹਾਂ ਨੂੰ ਕਾਫ਼ੀ ਥਾਂ ਦਿਓ।,ਉਹਨਾਂ 'ਤੇ ਆਪਣੀਆਂ ਲਾਈਟਾਂ ਫਲੈਸ਼ ਕਰੋ।,C,"ਜੇ ਤੁਸੀਂ ਕਿਸੇ ਵਿਚਲਿਤ ਡਰਾਈਵਰ ਦਾ ਸਾਹਮਣਾ ਕਰਦੇ ਹੋ, ਤਾਂ ਯਕੀਨੀ ਬਣਾਓ ਕਿ ਉਹਨਾਂ ਨੂੰ ਕਾਫ਼ੀ ਥਾਂ ਦਿਓ। ਜੇਕਰ ਤੁਸੀਂ ਉਨ੍ਹਾਂ ਦੇ ਵਾਹਨ ਨੂੰ ਪਾਸ ਕਰਦੇ ਹੋ ਤਾਂ ਬਹੁਤ ਸਾਵਧਾਨ ਰਹੋ ਕਿਉਂਕਿ ਡਰਾਈਵਰ ਤੁਹਾਡੀ ਮੌਜੂਦਗੀ ਤੋਂ ਅਣਜਾਣ ਹੋ ਸਕਦਾ ਹੈ ਅਤੇ ਤੁਹਾਡੀ ਲੇਨ ਵਿੱਚ ਵਹਿ ਸਕਦਾ ਹੈ।"
10947,ਗੱਡੀ ਚਲਾਉਂਦੇ ਸਮੇਂ ਖਾਣਾ:,,ਵੱਧ ਤੋਂ ਵੱਧ ਸਮਾਂ ਕੱਢਣ ਦਾ ਵਧੀਆ ਤਰੀਕਾ ਹੈ।,ਲੰਬੀਆਂ ਯਾਤਰਾਵਾਂ 'ਤੇ ਉਤਸ਼ਾਹਿਤ ਕੀਤਾ ਜਾਂਦਾ ਹੈ।,ਡਰਾਈਵਰ ਲਈ ਇੱਕ ਭਟਕਣਾ ਪੈਦਾ ਕਰਦਾ ਹੈ.,ਲਾਜ਼ਮੀ ਹੈ ਇਸਲਈ ਕਾਰਗੋ ਨੂੰ ਬਿਨਾਂ ਨਿਗਰਾਨੀ ਦੇ ਨਹੀਂ ਛੱਡਿਆ ਜਾਂਦਾ ਹੈ।,C,"ਧਿਆਨ ਭਟਕਾਉਣ ਦੀ ਸੰਭਾਵਨਾ ਨੂੰ ਘਟਾਉਣ ਲਈ, ਤੁਹਾਨੂੰ ਗੱਡੀ ਚਲਾਉਂਦੇ ਸਮੇਂ ਖਾਣ, ਪੀਣ ਜਾਂ ਸਿਗਰਟ ਪੀਣ ਤੋਂ ਪਰਹੇਜ਼ ਕਰਨਾ ਚਾਹੀਦਾ ਹੈ। ਕੋਈ ਵੀ ਚੀਜ਼ ਜੋ ਡਰਾਈਵਿੰਗ ਦੇ ਕੰਮ ਤੋਂ ਧਿਆਨ ਭਟਕਾਉਂਦੀ ਹੈ, ਇੱਕ ਭਟਕਣਾ ਹੈ."
10104,ਟ੍ਰੇਲਰ ਨਾਲ ਬੈਕ ਕਰਨਾ ਖ਼ਤਰਨਾਕ ਹੈ ਕਿਉਂਕਿ:,,ਵਾਹਨ ਦੇ ਪਿੱਛੇ ਦੇਖਣਾ ਮੁਸ਼ਕਲ ਹੈ।,ਬਹੁਤੇ ਟਰੱਕਾਂ ਵਿੱਚ ਉਲਟਾ ਜਾਣ ਦੀ ਸਮਰੱਥਾ ਨਹੀਂ ਹੁੰਦੀ।,ਟ੍ਰੇਲਰ ਤੋਂ ਮਾਲ ਡਿੱਗ ਸਕਦਾ ਹੈ।,ਟ੍ਰੇਲਰ ਦੇ ਅਗਲੇ ਹਿੱਸੇ ਵਿੱਚ ਵਾਧੂ ਭਾਰ ਹੋ ਸਕਦਾ ਹੈ।,A,"ਬੈਕਅੱਪ ਲੈਣਾ ਹਮੇਸ਼ਾ ਖ਼ਤਰਨਾਕ ਹੁੰਦਾ ਹੈ ਕਿਉਂਕਿ ਤੁਹਾਡੇ ਵਾਹਨ ਦੇ ਪਿੱਛੇ ਸਭ ਕੁਝ ਦੇਖਣਾ ਅਸੰਭਵ ਹੁੰਦਾ ਹੈ। ਜੇਕਰ ਤੁਹਾਨੂੰ ਉਲਟਾ ਗੱਡੀ ਚਲਾਉਣੀ ਪਵੇ, ਤਾਂ ਸਹਾਇਕ ਦੀ ਵਰਤੋਂ ਕਰੋ, ਜੇ ਸੰਭਵ ਹੋਵੇ।"
11130,ਪਾਰਕਿੰਗ ਬ੍ਰੇਕ ਕਿਵੇਂ ਜਾਰੀ ਕੀਤੀ ਜਾਂਦੀ ਹੈ?,,ਬ੍ਰੇਕ ਪੈਡਲ 'ਤੇ ਤਿੰਨ ਵਾਰ ਟੈਪ ਕਰਕੇ,ਬ੍ਰੇਕ ਕੰਟਰੋਲ ਨੌਬ ਵਿੱਚ ਧੱਕ ਕੇ,ਐਕਸਲੇਟਰ ਨੂੰ ਜੋੜ ਕੇ,ਐਕਸਲੇਟਰ ਨੂੰ ਦੋ ਵਾਰ ਟੈਪ ਕਰਕੇ,B,"ਏਅਰ ਬ੍ਰੇਕਾਂ ਵਾਲੇ ਨਵੇਂ ਵਾਹਨਾਂ ਵਿੱਚ, ਪਾਰਕਿੰਗ ਬ੍ਰੇਕਾਂ ਨੂੰ ਹੀਰੇ ਦੇ ਆਕਾਰ ਦੇ ਪੀਲੇ ਨੋਬ ਦੁਆਰਾ ਨਿਯੰਤਰਿਤ ਕੀਤਾ ਜਾਂਦਾ ਹੈ। ਪਾਰਕਿੰਗ ਬ੍ਰੇਕਾਂ ਨੂੰ ਐਕਟੀਵੇਟ ਕਰਨ ਲਈ ਨੌਬ ਨੂੰ ਬਾਹਰ ਖਿੱਚੋ ਅਤੇ ਉਹਨਾਂ ਨੂੰ ਛੱਡਣ ਲਈ ਇਸਨੂੰ ਅੰਦਰ ਧੱਕੋ।"
8878,"ਟਰੱਕਾਂ ਅਤੇ ਬੱਸਾਂ 'ਤੇ, ABS ਖਰਾਬ ਹੋਣ ਵਾਲੇ ਲੈਂਪ ਕਿੱਥੇ ਸਥਿਤ ਹਨ?",,ਡਰਾਈਵਰ ਦੇ ਦਰਵਾਜ਼ੇ 'ਤੇ,ਇੰਸਟਰੂਮੈਂਟ ਪੈਨਲ 'ਤੇ,ਯਾਤਰੀ ਦੇ ਦਰਵਾਜ਼ੇ ਦੁਆਰਾ ਵਾਹਨ ਦੇ ਬਾਹਰ,ਹੁੱਡ ਦੇ ਤਹਿਤ,B,"ਐਂਟੀ-ਲਾਕ ਬ੍ਰੇਕਿੰਗ ਸਿਸਟਮ (ABS) ਵਾਲੇ ਟਰੈਕਟਰਾਂ, ਟਰੱਕਾਂ ਅਤੇ ਬੱਸਾਂ ਦੇ ਯੰਤਰ ਪੈਨਲਾਂ 'ਤੇ ਪੀਲੇ ਖਰਾਬ ਹੋਣ ਵਾਲੇ ਲੈਂਪ ਹੁੰਦੇ ਹਨ। ਟ੍ਰੇਲਰਾਂ ਦੇ ਖੱਬੇ ਪਾਸੇ, ਅਗਲੇ ਜਾਂ ਪਿਛਲੇ ਕੋਨੇ 'ਤੇ, ਪੀਲੇ ABS ਖਰਾਬ ਹੋਣ ਵਾਲੇ ਲੈਂਪ ਹੁੰਦੇ ਹਨ।"
9140,ਇੱਕ ਸਿੰਗਲ ਵਾਹਨ ਚਲਾਉਣ ਨਾਲੋਂ ____ ਇੱਕ ਸੁਮੇਲ ਵਾਹਨ ਚਲਾਉਣਾ।,,ਆਸਾਨ ਹੈ,ਹੋਰ ਡਰਾਈਵਿੰਗ ਹੁਨਰ ਦੀ ਲੋੜ ਹੈ,ਸਿਖਲਾਈ ਲਈ ਬਿਹਤਰ ਹੈ,ਖਰਾਬ ਮੌਸਮ ਵਿੱਚ ਸੁਰੱਖਿਅਤ ਹੈ,B,ਇੱਕ ਸੁਮੇਲ ਵਾਹਨ ਚਲਾਉਣ ਲਈ ਆਮ ਤੌਰ 'ਤੇ ਇੱਕ ਵਾਹਨ ਚਲਾਉਣ ਨਾਲੋਂ ਵਧੇਰੇ ਹੁਨਰ ਦੀ ਲੋੜ ਹੁੰਦੀ ਹੈ। ਮਿਸ਼ਰਨ ਵਾਹਨ ਆਮ ਤੌਰ 'ਤੇ ਸਿੰਗਲ ਵਪਾਰਕ ਵਾਹਨਾਂ ਨਾਲੋਂ ਲੰਬੇ ਅਤੇ ਭਾਰੀ ਹੁੰਦੇ ਹਨ।
9828,ਡਬਲ ਅਤੇ ਤੀਹਰੇ:,,ਉਹਨਾਂ ਦੇ ਗੁਰੂਤਾ ਕੇਂਦਰਾਂ ਦੇ ਕਾਰਨ ਆਸਾਨੀ ਨਾਲ ਮੁੜੋ।,ਛੋਟੇ ਵਪਾਰਕ ਵਾਹਨਾਂ ਨਾਲੋਂ ਮੋੜਨਾ ਵਧੇਰੇ ਮੁਸ਼ਕਲ ਹੁੰਦਾ ਹੈ।,ਕਦੇ ਵੀ ਮੋੜਿਆ ਨਹੀਂ ਜਾਣਾ ਚਾਹੀਦਾ।,ਹਮੇਸ਼ਾ ਸਹੀ-ਰਸਤਾ ਰੱਖੋ।,B,"ਉਹਨਾਂ ਦੇ ਆਕਾਰ ਦੇ ਕਾਰਨ, ਡਬਲ ਅਤੇ ਟ੍ਰਿਪਲ ਨੂੰ ਅਚਾਨਕ ਮੋੜਿਆ ਨਹੀਂ ਜਾ ਸਕਦਾ। ਮੋੜਨ ਵੇਲੇ ਰੋਲਓਵਰਾਂ ਤੋਂ ਬਚਣ ਲਈ ਉਹਨਾਂ ਨੂੰ ਵਾਧੂ ਦੇਖਭਾਲ ਦੀ ਲੋੜ ਹੁੰਦੀ ਹੈ।"
8503,ਅੱਗੇ ਦੇ ਟਾਇਰ ਦੇ ਹਰ ਵੱਡੇ ਗਰੋਵ ਵਿੱਚ ____ ਦੀ ਟ੍ਰੇਡ ਡੂੰਘਾਈ ਹੋਣੀ ਚਾਹੀਦੀ ਹੈ।,,ਇੱਕ ਇੰਚ ਦਾ 1/32,ਇੱਕ ਇੰਚ ਦਾ 2/32,ਇੱਕ ਇੰਚ ਦਾ 4/32,,C,"ਸੁਰੱਖਿਅਤ ਸੰਚਾਲਨ ਲਈ, ਇੱਕ ਵਪਾਰਕ ਮੋਟਰ ਵਾਹਨ ਨੂੰ ਅਗਲੇ ਟਾਇਰਾਂ 'ਤੇ ਹਰੇਕ ਵੱਡੇ ਗਰੋਵ ਵਿੱਚ ਇੱਕ ਇੰਚ ਦੇ 4/32 ਦੀ ਡੂੰਘਾਈ, ਅਤੇ ਦੂਜੇ ਟਾਇਰਾਂ 'ਤੇ ਇੱਕ ਇੰਚ ਦੇ 2/32 ਦੀ ਡੂੰਘਾਈ ਦੀ ਲੋੜ ਹੁੰਦੀ ਹੈ।"
8772,ਵੱਡੇ ਵਾਹਨ ਏਅਰ ਬ੍ਰੇਕਾਂ ਦੀ ਵਰਤੋਂ ਕਿਉਂ ਕਰਦੇ ਹਨ?,,ਹੋਰ ਬ੍ਰੇਕ ਸਿਸਟਮ ਬਹੁਤ ਉੱਚੀ ਆਵਾਜ਼ ਵਿੱਚ ਚੀਕਦੇ ਹਨ।,ਏਅਰ ਬ੍ਰੇਕ ਬਹੁਤ ਪ੍ਰਭਾਵਸ਼ਾਲੀ ਸਿਸਟਮ ਹਨ.,ਹੋਰ ਬ੍ਰੇਕਿੰਗ ਪ੍ਰਣਾਲੀਆਂ ਦਾ ਆਉਣਾ ਔਖਾ ਹੈ।,,B,"ਜੇਕਰ ਸਹੀ ਢੰਗ ਨਾਲ ਵਰਤਿਆ ਅਤੇ ਸੰਭਾਲਿਆ ਜਾਵੇ, ਤਾਂ ਏਅਰ ਬ੍ਰੇਕ ਵੱਡੇ, ਭਾਰੀ ਵਾਹਨਾਂ ਨੂੰ ਰੋਕਣ ਦਾ ਇੱਕ ਸੁਰੱਖਿਅਤ ਅਤੇ ਪ੍ਰਭਾਵੀ ਤਰੀਕਾ ਹੈ।"
8555,ਡਰਾਈਵਿੰਗ ਕਰਦੇ ਸਮੇਂ ਟੈਕਸਟ ਕਰਨਾ ਖਾਸ ਤੌਰ 'ਤੇ ਖਤਰਨਾਕ ਹੁੰਦਾ ਹੈ ਕਿਉਂਕਿ:,,ਇਹ ਇੱਕ ਮਾਨਸਿਕ ਅਤੇ ਸਰੀਰਕ ਭਟਕਣਾ ਹੈ।,ਇੱਕ ਸੁਨੇਹਾ ਡਰਾਈਵਰ ਨੂੰ ਪਰੇਸ਼ਾਨ ਕਰ ਸਕਦਾ ਹੈ।,ਲੋਕ ਪੜ੍ਹਨਾ ਪਸੰਦ ਕਰਦੇ ਹਨ ਅਤੇ ਹੋ ਸਕਦਾ ਹੈ ਕਿ ਉਹ ਆਪਣੇ ਫ਼ੋਨ ਵਿੱਚ ਬਹੁਤ ਜ਼ਿਆਦਾ ਰੁੱਝੇ ਹੋਏ ਹੋਣ।,,A,"ਡਰਾਈਵਿੰਗ ਕਰਦੇ ਸਮੇਂ ਟੈਕਸਟ ਕਰਨਾ ਖਾਸ ਤੌਰ 'ਤੇ ਖ਼ਤਰਨਾਕ ਹੁੰਦਾ ਹੈ ਕਿਉਂਕਿ ਇਹ ਡਰਾਈਵਰ ਲਈ ਮਾਨਸਿਕ ਅਤੇ ਸਰੀਰਕ ਭਟਕਣਾ ਵਾਲਾ ਹੁੰਦਾ ਹੈ। ਡਰਾਈਵਰ ਦੇ ਮਾਨਸਿਕ ਧਿਆਨ ਨੂੰ ਸੜਕ ਤੋਂ ਦੂਰ ਕਰਨ ਤੋਂ ਇਲਾਵਾ, ਟੈਕਸਟਿੰਗ ਲਈ ਵਿਅਕਤੀ ਨੂੰ ਵਾਹਨ ਦੇ ਨਿਯੰਤਰਣ ਤੋਂ ਘੱਟੋ-ਘੱਟ ਇੱਕ ਹੱਥ ਹਟਾਉਣ ਦੀ ਲੋੜ ਹੁੰਦੀ ਹੈ।"
11872,ਘੱਟ ਕਲੀਅਰੈਂਸ ਵਾਲੇ ਵਾਹਨਾਂ ਨੂੰ ਚਲਾਉਣਾ ਮੁਸ਼ਕਲ ਹੋ ਸਕਦਾ ਹੈ:,,ਰੇਲਮਾਰਗ ਕ੍ਰਾਸਿੰਗ 'ਤੇ.,ਪੇਂਡੂ ਖੇਤਰਾਂ ਵਿੱਚ.,ਗਿੱਲੀਆਂ ਸੜਕਾਂ 'ਤੇ.,,A,"ਰੇਲਮਾਰਗ-ਹਾਈਵੇ ਕ੍ਰਾਸਿੰਗਾਂ ਨੂੰ ਪਾਰ ਕਰਨਾ ਔਖਾ ਹੋ ਸਕਦਾ ਹੈ ਜਦੋਂ ਇੱਕ ਟ੍ਰੇਲਰ ਨੂੰ ਘੱਟ ਕਲੀਅਰੈਂਸ ਨਾਲ ਖਿੱਚਿਆ ਜਾਂਦਾ ਹੈ। ਖਾਸ ਤੌਰ 'ਤੇ, ਲੰਬੇ ਟ੍ਰੇਲਰਾਂ ਨੂੰ ਖਿੱਚਣ ਵਾਲੇ ਲੋਅ-ਸਲੰਗ ਯੂਨਿਟ ਅਤੇ ਸਿੰਗਲ-ਐਕਸਲ ਟ੍ਰੈਕਟਰ ਦੋਵੇਂ ਉੱਚੇ ਹੋਏ ਕਰਾਸਿੰਗਾਂ 'ਤੇ ਚਲਾਉਣਾ ਖਾਸ ਤੌਰ 'ਤੇ ਚੁਣੌਤੀਪੂਰਨ ਹਨ।"
11865,ਖੁਸ਼ਹਾਲ ਹੱਥ ਸੁਰੱਖਿਅਤ ਢੰਗ ਨਾਲ ਜੁੜੇ ਹੋਣੇ ਚਾਹੀਦੇ ਹਨ:,,ਪੰਜਵਾਂ ਪਹੀਆ।,ਸਹੀ ਏਅਰ ਲਾਈਨਾਂ।,ਕਿੰਗਪਿਨ.,,B,"ਕਨਵਰਟਰ ਡੌਲੀ ਦਾ ਮੁਆਇਨਾ ਕਰਦੇ ਸਮੇਂ, ਯਕੀਨੀ ਬਣਾਓ ਕਿ ਸਾਰੇ ਹਿੱਸੇ ਮੌਜੂਦ ਹਨ ਅਤੇ ਸਹੀ ਕੰਮ ਕਰਨ ਦੀ ਸਥਿਤੀ ਵਿੱਚ ਹਨ। ਏਅਰ ਲਾਈਨਾਂ ਨੂੰ ਸਹੀ ਗਲੇਡ ਹੈਂਡਸ ਨਾਲ ਸੁਰੱਖਿਅਤ ਢੰਗ ਨਾਲ ਜੋੜਿਆ ਜਾਣਾ ਚਾਹੀਦਾ ਹੈ ਅਤੇ ਇਸ ਵਿੱਚ ਕੋਈ ਲੀਕ ਨਹੀਂ ਹੋਣੀ ਚਾਹੀਦੀ। ਉਹਨਾਂ ਨੂੰ ਆਸਾਨੀ ਨਾਲ ਮੋੜਨ ਦੀ ਆਗਿਆ ਦੇਣ ਲਈ ਕਾਫ਼ੀ ਢਿੱਲ ਨਾਲ ਜੋੜਿਆ ਜਾਣਾ ਚਾਹੀਦਾ ਹੈ।"
11862,ਜੇਕਰ ਤੁਸੀਂ ਪਿੰਟਲ ਹੁੱਕ ਨੂੰ ਅਨਲੌਕ ਕਰਨ ਤੋਂ ਪਹਿਲਾਂ ਪਿਛਲੇ ਟ੍ਰੇਲਰ ਦੇ ਹੇਠਾਂ ਤੋਂ ਡੌਲੀ ਨੂੰ ਬਾਹਰ ਨਹੀਂ ਕੱਢਦੇ ਹੋ:,,ਟੋ ਬਾਰ ਉੱਡ ਸਕਦਾ ਹੈ।,ਕਿੰਗਪਿਨ ਟੁੱਟ ਸਕਦਾ ਹੈ।,ਬ੍ਰੇਕਾਂ ਅਨਲੌਕ ਹੋ ਸਕਦੀਆਂ ਹਨ।,,A,"ਪਿੰਟਲ ਹੁੱਕ ਨੂੰ ਕਦੇ ਵੀ ਪਿਛਲੇ ਟ੍ਰੇਲਰ ਦੇ ਹੇਠਾਂ ਡੌਲੀ ਨਾਲ ਅਨਲੌਕ ਨਾ ਕਰੋ। ਇਸ ਨਾਲ ਡੌਲੀ ਟੋ ਬਾਰ ਉੱਡ ਸਕਦਾ ਹੈ, ਸੰਭਵ ਤੌਰ 'ਤੇ ਗੰਭੀਰ ਸੱਟ ਲੱਗ ਸਕਦੀ ਹੈ।"
9277,ਜੇਕਰ ਕਿਸੇ ਵਾਹਨ ਦਾ ਐਂਟੀ-ਲਾਕ ਬ੍ਰੇਕਿੰਗ ਸਿਸਟਮ (ABS) ਖਰਾਬ ਹੈ:,,ਗੱਡੀ ਵਿੱਚ ਕੋਈ ਬ੍ਰੇਕ ਨਹੀਂ ਹੋਵੇਗੀ।,ਵਾਹਨ ਅਜੇ ਵੀ ਬ੍ਰੇਕ ਲਗਾਉਣ ਦੇ ਯੋਗ ਹੋਵੇਗਾ।,ਵਾਹਨ ਆਮ ਨਾਲੋਂ ਤੇਜ਼ ਯਾਤਰਾ ਕਰੇਗਾ।,,B,"ਇੱਕ ਐਂਟੀ-ਲਾਕ ਬ੍ਰੇਕਿੰਗ ਸਿਸਟਮ (ABS) ਬ੍ਰੇਕ ਦੇ ਦਬਾਅ ਨੂੰ ਘਟਾਉਣ ਲਈ ਦਖਲਅੰਦਾਜ਼ੀ ਕਰਦਾ ਹੈ ਜੇਕਰ ਪਹੀਆ ਲਾਕਅੱਪ ਦਾ ਜੋਖਮ ਹੁੰਦਾ ਹੈ। ਜੇਕਰ ABS ਕੰਮ ਨਹੀਂ ਕਰ ਰਿਹਾ ਹੈ, ਤਾਂ ਵਾਹਨ ਦੇ ਬੁਨਿਆਦੀ ਬ੍ਰੇਕਿੰਗ ਫੰਕਸ਼ਨ ਪ੍ਰਭਾਵਿਤ ਨਹੀਂ ਹੁੰਦੇ ਹਨ। ਇੱਕ ਡਰਾਈਵਰ ਨੂੰ ਗੱਡੀ ਚਲਾਉਣਾ ਜਾਰੀ ਰੱਖਣਾ ਚਾਹੀਦਾ ਹੈ ਅਤੇ ਇੱਕ ਆਮ ਤਰੀਕੇ ਨਾਲ ਬ੍ਰੇਕ ਕਰਨਾ ਚਾਹੀਦਾ ਹੈ।"
11875,ਤੁਸੀਂ ਇਹ ਪੁਸ਼ਟੀ ਕਰ ਸਕਦੇ ਹੋ ਕਿ ਟਰੈਕਟਰ ਸੁਰੱਖਿਆ ਵਾਲਵ ਸਹੀ ਢੰਗ ਨਾਲ ਕੰਮ ਕਰ ਰਿਹਾ ਹੈ:,,ਸਾਰੇ ਖੁਸ਼ ਹੱਥਾਂ ਨੂੰ ਡਿਸਕਨੈਕਟ ਕੀਤਾ ਜਾ ਰਿਹਾ ਹੈ।,ਵਾਹਨ ਦੇ ਸਾਰੇ ਬੰਦ-ਬੰਦ ਵਾਲਵ ਖੋਲ੍ਹਣਾ।,ਬ੍ਰੇਕ ਪੈਡਲ ਨਾਲ ਹਵਾ ਛੱਡਣਾ ਅਤੇ ਐਮਰਜੈਂਸੀ ਸਿਗਨਲ ਦੇ ਸਰਗਰਮ ਹੋਣ ਦੀ ਉਡੀਕ ਕਰਨੀ।,,C,"ਤੁਹਾਨੂੰ ਏਅਰ ਸਪਲਾਈ ਨੂੰ ਠੀਕ ਤਰ੍ਹਾਂ ਚਾਰਜ ਕਰਨ ਦੀ ਆਗਿਆ ਦੇ ਕੇ, ਇੰਜਣ ਨੂੰ ਬੰਦ ਕਰਕੇ, ਫਿਰ ਬ੍ਰੇਕ ਪੈਡਲ ਨੂੰ ਕਈ ਵਾਰ ਦਬਾ ਕੇ ਸਿਸਟਮ ਤੋਂ ਹਵਾ ਛੱਡ ਕੇ ਟਰੈਕਟਰ ਸੁਰੱਖਿਆ ਵਾਲਵ ਦੀ ਜਾਂਚ ਕਰਨੀ ਚਾਹੀਦੀ ਹੈ। ਜਦੋਂ psi ਅਸੁਰੱਖਿਅਤ ਪੱਧਰ 'ਤੇ ਡਿੱਗਦਾ ਹੈ ਤਾਂ ਟਰੈਕਟਰ ਸੁਰੱਖਿਆ ਵਾਲਵ ਨੂੰ ਆਪਣੀ ਐਮਰਜੈਂਸੀ ਸਥਿਤੀ ਵਿੱਚ ਜਾਣਾ ਚਾਹੀਦਾ ਹੈ।"
11885,"ਜਦੋਂ ਤੁਸੀਂ ਇੱਕ ਪਹਾੜੀ ਤੋਂ ਹੇਠਾਂ ਸ਼ੁਰੂ ਕਰਨ ਜਾ ਰਹੇ ਹੋ, ਤਾਂ ਤੁਹਾਨੂੰ ਇੱਕ ____ ਗੇਅਰ ਵਿੱਚ ਬਦਲਣਾ ਚਾਹੀਦਾ ਹੈ।",,ਉੱਚਾ,ਹੋਰ ਤੇਜ਼,ਨੀਵਾਂ,,C,"ਇੱਕ ਪਹਾੜੀ ਤੋਂ ਹੇਠਾਂ ਸ਼ੁਰੂ ਕਰਨ ਤੋਂ ਪਹਿਲਾਂ, ਇੱਕ ਘੱਟ ਗੇਅਰ ਵਿੱਚ ਬਦਲਣਾ ਯਕੀਨੀ ਬਣਾਓ। ਜਦੋਂ ਤੁਸੀਂ ਹੇਠਾਂ ਵੱਲ ਸਫ਼ਰ ਕਰਦੇ ਹੋ ਤਾਂ ਗਰੈਵਿਟੀ ਤੁਹਾਡੇ ਵਾਹਨ ਦੀ ਗਤੀ ਵਧਾਏਗੀ।"
11877,ਡਰਾਈਵਰ ਨੂੰ ਟ੍ਰੇਲਰ ਹੈਂਡ ਵਾਲਵ ਦੀ ਵਰਤੋਂ ਕਰਨੀ ਚਾਹੀਦੀ ਹੈ:,,ਟ੍ਰੇਲਰਾਂ ਨੂੰ ਜੋੜੋ।,ਟ੍ਰੇਲਰ ਬ੍ਰੇਕਾਂ ਦੀ ਜਾਂਚ ਕਰੋ।,ਐਮਰਜੈਂਸੀ ਬ੍ਰੇਕ ਲਗਾਓ।,,B,ਡ੍ਰਾਈਵਿੰਗ ਕਰਦੇ ਸਮੇਂ ਟ੍ਰੇਲਰ ਹੈਂਡ ਵਾਲਵ ਦੀ ਵਰਤੋਂ ਕਰਨ ਨਾਲ ਸਕਿਡ ਬਣ ਸਕਦਾ ਹੈ। ਟ੍ਰੇਲਰ ਹੈਂਡ ਵਾਲਵ ਦੀ ਵਰਤੋਂ ਸਿਰਫ ਟ੍ਰੇਲਰ ਬ੍ਰੇਕਾਂ ਦੀ ਜਾਂਚ ਕਰਨ ਵੇਲੇ ਕੀਤੀ ਜਾਣੀ ਚਾਹੀਦੀ ਹੈ।
11319,"ਇੱਕ ਯਾਤਰਾ ਦੇ ਦੌਰਾਨ, ਗੇਜ ਹਨ:",,ਅਕਸਰ ਗੁੰਮਰਾਹਕੁੰਨ.,ਡਰਾਈਵਰ ਵਾਹਨ ਨਾਲ ਸੰਭਾਵੀ ਸਮੱਸਿਆ ਬਾਰੇ ਸਿੱਖਣ ਦਾ ਇੱਕੋ ਇੱਕ ਤਰੀਕਾ ਹੈ।,ਵਾਹਨ ਨਾਲ ਸੰਭਾਵੀ ਸਮੱਸਿਆ ਬਾਰੇ ਸਿੱਖਣ ਦਾ ਇੱਕ ਤਰੀਕਾ।,,C,"ਇੱਕ ਯਾਤਰਾ ਦੇ ਦੌਰਾਨ, ਤੁਹਾਨੂੰ ਮੁਸੀਬਤ ਦੇ ਸੰਕੇਤਾਂ ਲਈ ਗੇਜ ਅਤੇ ਇੰਸਟਰੂਮੈਂਟ ਪੈਨਲਾਂ, ਸ਼ੀਸ਼ੇ, ਟਾਇਰ, ਮਾਲ ਅਤੇ ਲਾਈਟਾਂ ਦੀ ਨਿਯਮਤ ਤੌਰ 'ਤੇ ਜਾਂਚ ਕਰਨੀ ਚਾਹੀਦੀ ਹੈ।"
9264,"ਜੇਕਰ ਧਿਆਨ ਭਟਕਾਉਣ ਵਾਲੇ ਡ੍ਰਾਈਵਰ ਦੇ ਨਾਲ ਕਿਸੇ ਵਾਹਨ ਕੋਲ ਜਾ ਰਹੇ ਹੋ, ਤਾਂ ਤੁਹਾਨੂੰ ਇਹ ਕਰਨਾ ਚਾਹੀਦਾ ਹੈ:",,ਗੱਡੀ ਨੂੰ ਜਲਦੀ ਪਾਸ ਕਰੋ।,ਵਾਹਨ ਤੋਂ ਸੁਰੱਖਿਅਤ ਦੂਰੀ ਬਣਾ ਕੇ ਰੱਖੋ।,ਵਾਹਨ ਦੀ ਨੇੜਿਓਂ ਪਾਲਣਾ ਕਰੋ।,,B,"ਜੇਕਰ ਤੁਸੀਂ ਕੋਈ ਧਿਆਨ ਭਟਕਾਇਆ ਹੋਇਆ ਡਰਾਈਵਰ ਦੇਖਦੇ ਹੋ, ਤਾਂ ਉਹਨਾਂ ਨੂੰ ਕਾਫ਼ੀ ਥਾਂ ਦਿਓ ਅਤੇ ਇੱਕ ਸੁਰੱਖਿਅਤ ਦੂਰੀ ਬਣਾਈ ਰੱਖੋ।"
8577,ਹੇਠ ਲਿਖਿਆਂ ਵਿੱਚੋਂ ਕਿਹੜਾ ਹਾਈਡ੍ਰੌਲਿਕ ਬ੍ਰੇਕ ਫੇਲ ਹੋਣ ਦਾ ਕਾਰਨ ਨਹੀਂ ਹੈ?,,ਹਾਈਡ੍ਰੌਲਿਕ ਦਬਾਅ ਦਾ ਨੁਕਸਾਨ,ਲੰਬੀਆਂ ਪਹਾੜੀਆਂ 'ਤੇ ਬ੍ਰੇਕ ਫੇਡ,ਡਾਊਨਸ਼ਿਫ਼ਟਿੰਗ,,C,"ਹਾਈਡ੍ਰੌਲਿਕ ਬ੍ਰੇਕ ਅਸਫਲਤਾ ਦੇ ਜ਼ਿਆਦਾਤਰ ਮਾਮਲੇ ਦੋ ਕਾਰਨਾਂ ਵਿੱਚੋਂ ਇੱਕ ਕਾਰਨ ਆਉਂਦੇ ਹਨ। ਹਾਈਡ੍ਰੌਲਿਕ ਪ੍ਰੈਸ਼ਰ ਦੇ ਨੁਕਸਾਨ ਜਾਂ ਲੰਬੀਆਂ ਪਹਾੜੀਆਂ 'ਤੇ ਜ਼ਿਆਦਾ ਵਰਤੋਂ ਦੇ ਕਾਰਨ ਬ੍ਰੇਕਾਂ ਫੇਲ ਹੋ ਸਕਦੀਆਂ ਹਨ, ਜਿਸ ਨਾਲ ਬ੍ਰੇਕ ਫਿੱਕੇ ਪੈ ਜਾਂਦੇ ਹਨ।"
9934,"ਹੇਠਾਂ ਦਿੱਤੇ ਵਿੱਚੋਂ, ਮੁਸੀਬਤ ਦੇ ਸੰਭਾਵੀ ਲੱਛਣਾਂ ਨੂੰ ਲੱਭਣ ਦਾ ਕਿਹੜਾ ਤਰੀਕਾ ਸੁਝਾਇਆ ਨਹੀਂ ਹੈ?",,ਗੇਜ ਦੇਖ ਰਿਹਾ ਹੈ,ਆਪਣੀਆਂ ਇੰਦਰੀਆਂ ਦੀ ਵਰਤੋਂ ਕਰਦੇ ਹੋਏ,ਸਿਰਫ਼ ਇੱਕ ਯਾਤਰਾ ਦੇ ਸ਼ੁਰੂ ਅਤੇ ਅੰਤ ਵਿੱਚ ਨਾਜ਼ੁਕ ਚੀਜ਼ਾਂ ਦੀ ਜਾਂਚ ਕਰਨਾ,,C,"ਯਾਤਰਾ ਦੌਰਾਨ, ਤੁਹਾਨੂੰ ਇਹ ਯਕੀਨੀ ਬਣਾਉਣ ਲਈ ਨਿਯਮਿਤ ਤੌਰ 'ਤੇ ਜਾਂਚ ਕਰਨੀ ਚਾਹੀਦੀ ਹੈ ਕਿ ਤੁਹਾਡਾ ਵਾਹਨ ਸਹੀ ਢੰਗ ਨਾਲ ਚੱਲ ਰਿਹਾ ਹੈ। ਇੰਸਟ੍ਰੂਮੈਂਟ ਪੈਨਲ ਅਤੇ ਗੇਜਾਂ ਦੀ ਜਾਂਚ ਕਰੋ; ਆਪਣੇ ਸ਼ੀਸ਼ੇ ਦੇਖੋ; ਅਤੇ ਟਾਇਰਾਂ, ਕਾਰਗੋ ਅਤੇ ਲਾਈਟਾਂ ਦੀ ਜਾਂਚ ਕਰੋ। ਆਪਣੀਆਂ ਸਾਰੀਆਂ ਇੰਦਰੀਆਂ ਦੀ ਵਰਤੋਂ ਕਰੋ ਅਤੇ ਕਿਸੇ ਵੀ ਚੀਜ਼ ਲਈ ਸੁਚੇਤ ਰਹੋ ਜੋ ਮੁਸੀਬਤ ਦਾ ਸ਼ੁਰੂਆਤੀ ਸੰਕੇਤ ਹੋ ਸਕਦਾ ਹੈ।"
9435,ਸੜਕਾਂ ਖਾਸ ਤੌਰ 'ਤੇ ਤਿਲਕਣ ਵਾਲੀਆਂ ਹੁੰਦੀਆਂ ਹਨ ਜਦੋਂ ਪਹਿਲੀ ਵਾਰ ਮੀਂਹ ਪੈਂਦਾ ਹੈ ਕਿਉਂਕਿ:,,ਪਾਣੀ ਹਮੇਸ਼ਾ ਬਹੁਤ ਤਿਲਕਣ ਵਾਲਾ ਹੁੰਦਾ ਹੈ।,ਤਾਜ਼ਾ ਮੀਂਹ ਸੜਕ 'ਤੇ ਤੇਲ ਨਾਲ ਰਲ ਜਾਂਦਾ ਹੈ।,ਪਾਣੀ ਦਾ ਕਿਤੇ ਵੀ ਜਾਣਾ ਨਹੀਂ ਹੈ।,,B,"ਸੜਕਾਂ ਖਾਸ ਤੌਰ 'ਤੇ ਤਿਲਕਣ ਹੋ ਜਾਂਦੀਆਂ ਹਨ ਜਦੋਂ ਇਹ ਪਹਿਲੀ ਵਾਰ ਬਾਰਿਸ਼ ਸ਼ੁਰੂ ਹੁੰਦੀ ਹੈ। ਪਾਣੀ ਸੜਕ 'ਤੇ ਤੇਲ ਦੀਆਂ ਤੁਪਕਿਆਂ ਨਾਲ ਰਲ ਜਾਂਦਾ ਹੈ ਜੋ ਅਜੇ ਤੱਕ ਨਹੀਂ ਧੋਤੇ ਗਏ ਹਨ, ਇੱਕ ਤਿਲਕਣ ਅਤੇ ਖਤਰਨਾਕ ਮਿਸ਼ਰਣ ਬਣਾਉਂਦੇ ਹਨ।"
11827,"ਜੇਕਰ ਤੁਸੀਂ ਟ੍ਰੇਲਰ ਹੈਂਡ ਬ੍ਰੇਕ ਦੀ ਵਰਤੋਂ ਕਰਦੇ ਹੋ ਜਦੋਂ ਤੁਹਾਡਾ ਟ੍ਰੇਲਰ ਖਿਸਕ ਰਿਹਾ ਹੋਵੇ, ਤਾਂ ਇਹ ਹੋਵੇਗਾ:",,ਸਕਿਡ ਨੂੰ ਰੋਕੋ.,ਟ੍ਰੇਲਰ ਨੂੰ ਸਿੱਧਾ ਕਰੋ.,ਸਕਿਡ ਜਾਰੀ ਰੱਖੋ.,,C,"ਜੇਕਰ ਤੁਸੀਂ ਟ੍ਰੇਲਰ ਜੈਕਨਾਈਫ ਦਾ ਅਨੁਭਵ ਕਰ ਰਹੇ ਹੋ, ਤਾਂ ਤੁਸੀਂ ਬ੍ਰੇਕ ਛੱਡ ਕੇ ਆਪਣੇ ਟਾਇਰਾਂ ਨੂੰ ਟ੍ਰੈਕਸ਼ਨ ਮੁੜ ਪ੍ਰਾਪਤ ਕਰਨ ਵਿੱਚ ਮਦਦ ਕਰ ਸਕਦੇ ਹੋ। ਸਕਿਡ ਦਾ ਅਨੁਭਵ ਕਰਦੇ ਸਮੇਂ ਟ੍ਰੇਲਰ ਹੈਂਡ ਬ੍ਰੇਕ ਦੀ ਵਰਤੋਂ ਕਰਨ ਨਾਲ ਸਿਰਫ ਸਕਿਡ ਜਾਰੀ ਰਹੇਗੀ।"
8524,"ਟ੍ਰੇਲਰ ਦੇ ਨਾਲ ਸਮਰਥਨ ਕਰਦੇ ਸਮੇਂ, ਤੁਹਾਨੂੰ ਇਹਨਾਂ ਦੁਆਰਾ ਸ਼ੁਰੂ ਕਰਨਾ ਚਾਹੀਦਾ ਹੈ:",,ਸਟੀਅਰਿੰਗ ਵੀਲ ਨੂੰ ਮੋੜ ਦੀ ਦਿਸ਼ਾ ਵਿੱਚ ਮੋੜਨਾ।,ਸਟੀਅਰਿੰਗ ਵ੍ਹੀਲ ਨੂੰ ਮੋੜ ਦੇ ਉਲਟ ਦਿਸ਼ਾ ਵਿੱਚ ਮੋੜਨਾ।,ਜਿੰਨਾ ਸੰਭਵ ਹੋ ਸਕੇ ਪਹੀਏ ਨੂੰ ਤੇਜ਼ੀ ਨਾਲ ਮੋੜੋ.,,B,"ਟ੍ਰੇਲਰ ਨਾਲ ਬੈਕ ਕਰਦੇ ਸਮੇਂ, ਸਟੀਅਰਿੰਗ ਵ੍ਹੀਲ ਨੂੰ ਮੋੜ ਦੇ ਉਲਟ ਦਿਸ਼ਾ ਵਿੱਚ ਮੋੜ ਕੇ ਸ਼ੁਰੂ ਕਰੋ। ਇੱਕ ਵਾਰ ਜਦੋਂ ਟ੍ਰੇਲਰ ਮੋੜਨਾ ਸ਼ੁਰੂ ਕਰ ਦਿੰਦਾ ਹੈ, ਤਾਂ ਟ੍ਰੇਲਰ ਦਾ ਅਨੁਸਰਣ ਕਰਨ ਲਈ ਸਟੀਅਰਿੰਗ ਵ੍ਹੀਲ ਦੀ ਦਿਸ਼ਾ ਉਲਟਾਓ।"
9426,ਵਾਹਨ ਨਿਰੀਖਣ ਰਿਪੋਰਟ ਕੀ ਕਰਦੀ ਹੈ?,,ਮੋਟਰ ਕੈਰੀਅਰ ਨੂੰ ਉਹਨਾਂ ਸਮੱਸਿਆਵਾਂ ਬਾਰੇ ਸੂਚਿਤ ਕਰੋ ਜਿਹਨਾਂ ਨੂੰ ਠੀਕ ਕਰਨ ਦੀ ਲੋੜ ਹੋ ਸਕਦੀ ਹੈ,ਯਕੀਨੀ ਬਣਾਓ ਕਿ ਵਾਹਨ ਦੀ ਨਿਯਮਤ ਤੌਰ 'ਤੇ ਜਾਂਚ ਕੀਤੀ ਜਾਂਦੀ ਹੈ,ਵਾਹਨ ਦੀ ਜਾਂਚ ਕਰਨ ਲਈ ਲੋਕਾਂ ਨੂੰ ਜਵਾਬਦੇਹ ਰੱਖੋ,,A,ਵਾਹਨ ਨਿਰੀਖਣ ਰਿਪੋਰਟ ਕੈਰੀਅਰ ਨੂੰ ਕਿਸੇ ਵੀ ਸਮੱਸਿਆ ਬਾਰੇ ਸੂਚਿਤ ਕਰਦੀ ਹੈ ਜਿਸ ਨੂੰ ਹੱਲ ਕਰਨ ਦੀ ਲੋੜ ਹੁੰਦੀ ਹੈ।
11267,"ਇੱਕ ਕਰਵ ਵਿੱਚ ਦਾਖਲ ਹੋਣ ਵੇਲੇ, ਤੁਹਾਨੂੰ ਇਹ ਕਰਨਾ ਚਾਹੀਦਾ ਹੈ:",,ਨਿਰਪੱਖ ਵਿੱਚ ਸ਼ਿਫਟ.,ਮੋਢੇ ਦੀ ਵਰਤੋਂ ਕਰੋ.,ਡਾਊਨਸ਼ਿਫਟ।,,C,ਤੁਹਾਨੂੰ ਹਮੇਸ਼ਾ ਇੱਕ ਸੁਰੱਖਿਅਤ ਸਪੀਡ ਵਿੱਚ ਹੌਲੀ ਹੋਣਾ ਚਾਹੀਦਾ ਹੈ ਅਤੇ ਇੱਕ ਕਰਵ ਵਿੱਚ ਦਾਖਲ ਹੋਣ ਤੋਂ ਪਹਿਲਾਂ ਇੱਕ ਹੇਠਲੇ ਗੀਅਰ ਵਿੱਚ ਸ਼ਿਫਟ ਕਰਨਾ ਚਾਹੀਦਾ ਹੈ।
9581,"ਆਪਣੇ ਬ੍ਰੇਕ ਲਗਾਉਣ ਵੇਲੇ, ਵਾਹਨ ਨੂੰ ਇਹ ਕਰਨਾ ਚਾਹੀਦਾ ਹੈ:",,ਇੱਕ ਪਾਸੇ ਵੱਲ ਖਿੱਚੋ.,ਚੀਕਣਾ.,ਕਿਸੇ ਵੀ ਪਾਸੇ ਵੱਲ ਨਾ ਖਿੱਚੋ.,,C,ਜਦੋਂ ਤੁਸੀਂ ਬ੍ਰੇਕ ਲਗਾ ਰਹੇ ਹੋ ਤਾਂ ਤੁਹਾਡਾ ਵਾਹਨ ਇੱਕ ਪਾਸੇ ਜਾਂ ਦੂਜੇ ਪਾਸੇ ਖਿੱਚਣਾ ਬ੍ਰੇਕਾਂ ਨਾਲ ਸਮੱਸਿਆ ਦਾ ਸੰਕੇਤ ਕਰ ਸਕਦਾ ਹੈ।
9433,"ਹੇਠ ਲਿਖੇ ਵਿੱਚੋਂ, ਸਭ ਤੋਂ ਤਿਲਕਣ ਵਾਲੀ ਸਤ੍ਹਾ ਕਿਹੜੀ ਹੈ?",,ਬਰਫ਼ ਜੋ ਸੁੱਕੀ ਹੈ,ਬਰਫ਼ ਜੋ ਗਿੱਲੀ ਹੈ,ਗਿੱਲਾ ਫੁੱਟਪਾਥ,,B,ਬਰਫ਼ ਗਿੱਲੀ ਹੋ ਜਾਂਦੀ ਹੈ ਜਦੋਂ ਮੌਸਮ ਬਰਫ਼ ਨੂੰ ਥੋੜ੍ਹਾ ਜਿਹਾ ਪਿਘਲਣ ਲਈ ਕਾਫ਼ੀ ਗਰਮ ਹੁੰਦਾ ਹੈ। ਗਿੱਲੀ ਬਰਫ਼ ਉਸ ਬਰਫ਼ ਨਾਲੋਂ ਕਿਤੇ ਜ਼ਿਆਦਾ ਤਿਲਕਣ ਵਾਲੀ ਹੁੰਦੀ ਹੈ ਜੋ ਗਿੱਲੀ ਨਹੀਂ ਹੁੰਦੀ।
11887,"ਇੱਕ ਸਥਿਰ ਲੀਕੇਜ ਟੈਸਟ ਦੇ ਦੌਰਾਨ, ਲੀਕੇਜ ਦੀ ਵੱਧ ਤੋਂ ਵੱਧ ਦਰ ਕਿੰਨੀ ਹੈ ਜੋ ਇੱਕ ਡਬਲ ਕੰਬੀਨੇਸ਼ਨ ਵਾਹਨ ਲਈ ਸੁਰੱਖਿਅਤ ਹੈ?",,ਇੱਕ ਮਿੰਟ ਵਿੱਚ 3 ਪੀ.ਐਸ.ਆਈ.,ਇੱਕ ਮਿੰਟ ਵਿੱਚ 6 ਪੀ.ਐਸ.ਆਈ.,ਇੱਕ ਮਿੰਟ ਵਿੱਚ 8 ਪੀ.ਐਸ.ਆਈ.,,A,"ਏਅਰ ਬ੍ਰੇਕਾਂ ਵਾਲੇ ਡਬਲ ਕੰਬੀਨੇਸ਼ਨ ਵਾਹਨ 'ਤੇ ਸਥਿਰ ਲੀਕੇਜ ਟੈਸਟ ਕਰਦੇ ਸਮੇਂ, ਲੀਕੇਜ ਦੀ ਦਰ ਇੱਕ ਮਿੰਟ ਵਿੱਚ 3 psi ਤੋਂ ਵੱਧ ਨਹੀਂ ਹੋਣੀ ਚਾਹੀਦੀ। ਜੇਕਰ ਏਅਰ ਬ੍ਰੇਕ ਸਿਸਟਮ ਤੋਂ ਹਵਾ ਤੇਜ਼ ਰਫ਼ਤਾਰ ਨਾਲ ਲੀਕ ਹੁੰਦੀ ਹੈ, ਤਾਂ ਵਾਹਨ ਨੂੰ ਨਹੀਂ ਚਲਾਇਆ ਜਾਣਾ ਚਾਹੀਦਾ ਕਿਉਂਕਿ ਕਿਸੇ ਚੀਜ਼ ਦੀ ਮੁਰੰਮਤ ਕਰਨ ਦੀ ਸੰਭਾਵਨਾ ਹੈ।"
8754,ਏਅਰ ਕੰਪ੍ਰੈਸਰ ਇਹਨਾਂ ਨਾਲ ਜੁੜਿਆ ਹੋਇਆ ਹੈ:,,ਸੰਚਾਰ.,ਇੰਜਣ.,ਰੇਡੀਏਟਰ।,,B,ਇੱਕ ਏਅਰ ਬ੍ਰੇਕ ਸਿਸਟਮ ਦਾ ਏਅਰ ਕੰਪ੍ਰੈਸਰ ਇੰਜਣ ਨਾਲ ਗੀਅਰਾਂ ਜਾਂ ਇੱਕ ਵੀ-ਬੈਲਟ ਰਾਹੀਂ ਜੁੜਿਆ ਹੁੰਦਾ ਹੈ। ਕੰਪ੍ਰੈਸਰ ਨੂੰ ਏਅਰ-ਕੂਲਡ ਜਾਂ ਇੰਜਣ ਕੂਲਿੰਗ ਸਿਸਟਮ ਦੁਆਰਾ ਠੰਢਾ ਕੀਤਾ ਜਾ ਸਕਦਾ ਹੈ।
11898,"ਜੇਕਰ ਹਵਾ ਦਾ ਦਬਾਅ ____ ਦੇ ਵਿਚਕਾਰ ਇੱਕ ਪੱਧਰ ਤੱਕ ਘੱਟ ਜਾਂਦਾ ਹੈ, ਤਾਂ ਇੱਕ ਵਿਜ਼ੂਅਲ ਘੱਟ ਦਬਾਅ ਚੇਤਾਵਨੀ ਸਿਗਨਲ ਪਹਿਲਾਂ ਹੀ ਕਿਰਿਆਸ਼ੀਲ ਹੋਣਾ ਚਾਹੀਦਾ ਹੈ।",,55 ਅਤੇ 75 ਪੀ.ਐਸ.ਆਈ.,80 ਅਤੇ 95 ਪੀ.ਐਸ.ਆਈ.,65 ਅਤੇ 100 ਪੀ.ਐਸ.ਆਈ.,,A,"ਹਵਾ ਦਾ ਦਬਾਅ 55 ਅਤੇ 75 psi ਦੇ ਵਿਚਕਾਰ ਇੱਕ ਪੱਧਰ ਤੱਕ ਡਿੱਗਣ ਤੋਂ ਪਹਿਲਾਂ ਇੱਕ ਵਿਜ਼ੂਅਲ ਘੱਟ ਦਬਾਅ ਚੇਤਾਵਨੀ ਸਿਗਨਲ ਨੂੰ ਕਿਰਿਆਸ਼ੀਲ ਕਰਨਾ ਚਾਹੀਦਾ ਹੈ। ਇਹ ਸਿਗਨਲ ਇੱਕ ਰੋਸ਼ਨੀ, ਇੱਕ ਬਜ਼ਰ, ਜਾਂ ਇੱਕ ਵਿੱਗ ਵਾਗ ਹੋ ਸਕਦਾ ਹੈ।"
8767,ਹਵਾ ਦਾ ਦਬਾਅ ਇੱਕ ਸਿੰਗਲ ਏਅਰ ਸਿਸਟਮ ਵਿੱਚ ਅੰਦਰ ਹੋਣਾ ਚਾਹੀਦਾ ਹੈ:,,15 ਮਿੰਟ.,12 ਮਿੰਟ.,ਤਿੰਨ ਮਿੰਟ.,,C,"ਸਿੰਗਲ ਏਅਰ ਸਿਸਟਮ ਵਿੱਚ, ਹਵਾ ਦਾ ਦਬਾਅ ਤਿੰਨ ਮਿੰਟਾਂ ਵਿੱਚ ਲਗਭਗ 50 ਤੋਂ 90 psi ਤੱਕ ਬਣ ਜਾਣਾ ਚਾਹੀਦਾ ਹੈ।"
11320,ਕੁਝ ਏਅਰ ਬ੍ਰੇਕ ਸਿਸਟਮ ਸਿਸਟਮ ਵਿੱਚ ਅਲਕੋਹਲ ਪੇਸ਼ ਕਰਦੇ ਹਨ:,,ਬ੍ਰੇਕਾਂ ਨੂੰ ਬਿਨਾਂ ਚੀਕਦੇ ਕੰਮ ਕਰੋ।,ਬਰੇਕ ਸਿਸਟਮ ਵਿੱਚ ਬਰਫ਼ ਨੂੰ ਬਣਨ ਤੋਂ ਰੋਕੋ।,ਲੋਕਾਂ ਨੂੰ ਸਿਸਟਮ ਤੋਂ ਹਵਾ ਸਾਹ ਲੈਣ ਤੋਂ ਰੋਕੋ।,,B,ਕੁਝ ਏਅਰ ਬ੍ਰੇਕ ਪ੍ਰਣਾਲੀਆਂ ਵਿੱਚ ਇੱਕ ਅਲਕੋਹਲ ਵਾਸ਼ਪੀਕਰਨ ਹੁੰਦਾ ਹੈ। ਠੰਡੇ ਮੌਸਮ ਵਿੱਚ ਬਰਫ਼ ਦੇ ਗਠਨ ਨੂੰ ਰੋਕਣ ਵਿੱਚ ਮਦਦ ਕਰਨ ਲਈ ਇੱਕ ਵਾਸ਼ਪੀਕਰਨ ਸਿਸਟਮ ਵਿੱਚ ਅਲਕੋਹਲ ਨੂੰ ਪੇਸ਼ ਕਰਦਾ ਹੈ।
9588,ਜੇਕਰ ਇੱਕ ਟਰੱਕ ਦਾ ਸਮਰਥਨ ਕਰ ਰਹੇ ਹੋ:,,ਤੁਹਾਡੀ ਅਗਵਾਈ ਕਰਨ ਲਈ ਤੁਹਾਨੂੰ ਆਪਣੇ ਸ਼ੀਸ਼ੇ 'ਤੇ ਭਰੋਸਾ ਕਰਨਾ ਚਾਹੀਦਾ ਹੈ।,ਤੁਹਾਨੂੰ ਰੁਕਾਵਟਾਂ ਨਾਲ ਵਧੇਰੇ ਜਾਣੂ ਹੋਣ ਲਈ ਪਹਿਲਾਂ ਖੇਤਰ ਵਿੱਚ ਪੈਦਲ ਜਾਣਾ ਚਾਹੀਦਾ ਹੈ।,ਤੁਹਾਨੂੰ ਸਿੱਧਾ ਅੱਗੇ ਦੇਖਣਾ ਚਾਹੀਦਾ ਹੈ।,,B,"ਜੇਕਰ ਤੁਹਾਨੂੰ ਉਲਟਾ ਗੱਡੀ ਚਲਾਉਣੀ ਚਾਹੀਦੀ ਹੈ, ਤਾਂ ਤੁਹਾਨੂੰ ਯਾਤਰਾ ਦੇ ਰਸਤੇ ਨੂੰ ਦੇਖਣ ਅਤੇ ਰੁਕਾਵਟਾਂ ਦੀ ਜਾਂਚ ਕਰਨ ਲਈ ਪਹਿਲਾਂ ਆਪਣੇ ਵਾਹਨ ਦੇ ਆਲੇ-ਦੁਆਲੇ ਘੁੰਮਣਾ ਚਾਹੀਦਾ ਹੈ। ਕਿਉਂਕਿ ਸ਼ੀਸ਼ੇ 'ਤੇ ਅੰਨ੍ਹੇ ਧੱਬੇ ਹੁੰਦੇ ਹਨ, ਤੁਸੀਂ ਸਿਰਫ਼ ਉਨ੍ਹਾਂ 'ਤੇ ਭਰੋਸਾ ਨਹੀਂ ਕਰ ਸਕਦੇ। ਜਦੋਂ ਵੀ ਸੰਭਵ ਹੋਵੇ ਇੱਕ ਸਹਾਇਕ ਦੀ ਵਰਤੋਂ ਕਰਨ ਦੀ ਸਿਫਾਰਸ਼ ਕੀਤੀ ਜਾਂਦੀ ਹੈ।"
11355,ਟੁੱਟੇ ਮੁਅੱਤਲ ਹਿੱਸੇ:,,ਤੁਰੰਤ ਮੁਰੰਮਤ ਕੀਤੀ ਜਾਵੇ।,"ਮੁਰੰਮਤ ਕੀਤੀ ਜਾਣੀ ਚਾਹੀਦੀ ਹੈ, ਪਰ ਤੁਰੰਤ ਨਹੀਂ.",ਪਛਾਣ ਨਹੀਂ ਕੀਤੀ ਜਾ ਸਕਦੀ।,,A,ਸਸਪੈਂਸ਼ਨ ਸਿਸਟਮ ਐਕਸਲਜ਼ ਨੂੰ ਜਗ੍ਹਾ 'ਤੇ ਰੱਖਦੇ ਹੋਏ ਵਾਹਨ ਅਤੇ ਇਸਦੇ ਲੋਡ ਨੂੰ ਫੜਨ ਦੇ ਮਹੱਤਵਪੂਰਣ ਕਾਰਜ ਕਰਦਾ ਹੈ। ਇਸ ਲਈ ਮੁਅੱਤਲ ਵਿੱਚ ਨੁਕਸ ਬਹੁਤ ਖਤਰਨਾਕ ਹਨ।
11375,"ਜੇਕਰ ਤੁਸੀਂ ਡਰਾਈਵਿੰਗ ਕਰਦੇ ਸਮੇਂ ਥਕਾਵਟ ਮਹਿਸੂਸ ਕਰ ਰਹੇ ਹੋ ਅਤੇ ਬਹੁਤ ਜ਼ਿਆਦਾ ਉਬਾਸੀ ਲੈ ਰਹੇ ਹੋ, ਤਾਂ ਤੁਹਾਨੂੰ ਇਹ ਕਰਨਾ ਚਾਹੀਦਾ ਹੈ:",,ਖਿੱਚੋ ਅਤੇ ਝਪਕੀ ਲਓ।,ਕੁਝ ਕੌਫੀ ਲਓ।,ਤੇਜ਼ ਗੱਡੀ ਚਲਾਓ।,,A,"ਜੇ ਤੁਸੀਂ ਗੱਡੀ ਚਲਾਉਂਦੇ ਸਮੇਂ ਥਕਾਵਟ ਮਹਿਸੂਸ ਕਰਨਾ ਸ਼ੁਰੂ ਕਰਦੇ ਹੋ, ਤਾਂ ਤੁਹਾਨੂੰ ਨੀਂਦ ਲੈਣ ਲਈ ਰੁਕਣਾ ਚਾਹੀਦਾ ਹੈ। ਥੱਕੇ ਹੋਏ ਆਪਣੀ ਮੰਜ਼ਿਲ 'ਤੇ ਪਹੁੰਚਣ ਲਈ ਅੱਗੇ ਵਧਣ ਦੀ ਕੋਸ਼ਿਸ਼ ਕਰਨਾ ਖ਼ਤਰਨਾਕ ਹੈ। ਤੁਹਾਨੂੰ ਜਾਗਦੇ ਰਹਿਣ ਲਈ ਕੈਫੀਨ 'ਤੇ ਭਰੋਸਾ ਨਹੀਂ ਕਰਨਾ ਚਾਹੀਦਾ।"
9599,ਆਪਣੇ ਵਾਹਨ ਵਿੱਚ ਸਵਾਰੀਆਂ ਨਾਲ ਗੱਲ ਕਰਨ ਵਾਲੇ ਡਰਾਈਵਰਾਂ ਨੂੰ ਇਸ ਤਰ੍ਹਾਂ ਦੇਖਿਆ ਜਾਣਾ ਚਾਹੀਦਾ ਹੈ:,,ਜ਼ਿੰਮੇਵਾਰ ਡਰਾਈਵਰ.,ਵਿਚਲਿਤ ਡਰਾਈਵਰ.,ਜਾਣਕਾਰ ਡਰਾਈਵਰ.,,B,"ਡ੍ਰਾਈਵਰ ਜੋ ਯਾਤਰੀਆਂ ਨਾਲ ਗੱਲਬਾਤ ਵਿੱਚ ਰੁੱਝੇ ਹੋਏ ਹਨ, ਡਰਾਈਵਿੰਗ ਦੇ ਕੰਮ ਤੋਂ ਧਿਆਨ ਭਟਕ ਸਕਦੇ ਹਨ। ਧਿਆਨ ਭੰਗ ਕਰਨ ਵਾਲੇ ਡਰਾਈਵਰਾਂ ਦੇ ਨੇੜੇ ਗੱਡੀ ਚਲਾਉਣ ਵੇਲੇ ਵਾਧੂ ਸਾਵਧਾਨੀ ਵਰਤੋ।"
9278,"ਐਂਟੀ-ਲਾਕ ਬ੍ਰੇਕਿੰਗ ਸਿਸਟਮ (ABS) ਨਾਲ ਲੈਸ ਵਾਹਨ ਚਲਾਉਂਦੇ ਸਮੇਂ, ਤੁਹਾਨੂੰ ਇਹ ਕਰਨਾ ਚਾਹੀਦਾ ਹੈ:",,ਬ੍ਰੇਕ ਪੈਡਲ ਨੂੰ ਦਬਾਉਣ ਤੋਂ ਪਹਿਲਾਂ ਹਮੇਸ਼ਾ ਕਈ ਵਾਰ ਬ੍ਰੇਕਾਂ ਨੂੰ ਪੰਪ ਕਰੋ।,ਆਮ ਤੌਰ 'ਤੇ ਬ੍ਰੇਕ ਕਰੋ.,ਹਰ ਵਾਰ ਜਦੋਂ ਤੁਸੀਂ ਹੌਲੀ ਜਾਂ ਰੁਕਦੇ ਹੋ ਤਾਂ ਬ੍ਰੇਕ ਪੈਡਲ ਨੂੰ ਜਿੰਨਾ ਸੰਭਵ ਹੋ ਸਕੇ ਜ਼ੋਰ ਨਾਲ ਦਬਾਓ।,,B,"ABS ਨਾਲ ਲੈਸ ਵਾਹਨਾਂ ਦੇ ਡਰਾਈਵਰਾਂ ਅਤੇ ABS ਤੋਂ ਬਿਨਾਂ ਵਾਹਨਾਂ ਦੇ ਡਰਾਈਵਰਾਂ ਨੂੰ ਮੁਕਾਬਲਤਨ ਉਸੇ ਤਰੀਕੇ ਨਾਲ ਬ੍ਰੇਕ ਲਗਾਉਣੀ ਚਾਹੀਦੀ ਹੈ। ਜਦੋਂ ABS ਸਹੀ ਢੰਗ ਨਾਲ ਕੰਮ ਕਰ ਰਿਹਾ ਹੁੰਦਾ ਹੈ, ਤਾਂ ਇਹ ਸਵੈਚਲਿਤ ਤੌਰ 'ਤੇ ਲਾਗੂ ਹੁੰਦਾ ਹੈ ਜਦੋਂ ਲਾਕਅੱਪ ਬਣਾਉਣ ਵਾਲੀਆਂ ਸਥਿਤੀਆਂ ਵਿੱਚ ਬ੍ਰੇਕਾਂ ਲਗਾਈਆਂ ਜਾਂਦੀਆਂ ਹਨ।"
9594,"ਜਦੋਂ ਦੇਖਣਾ ਔਖਾ ਹੁੰਦਾ ਹੈ, ਜਿਵੇਂ ਕਿ ਸਵੇਰ ਜਾਂ ਸ਼ਾਮ ਵੇਲੇ, ਇੱਕ ਡਰਾਈਵਰ ਆਪਣੇ ਵਾਹਨ ਦੀ ਦਿੱਖ ਨੂੰ ਇਹਨਾਂ ਦੁਆਰਾ ਵਧਾ ਸਕਦਾ ਹੈ:",,ਆਪਣੀਆਂ ਲਾਈਟਾਂ ਦੀ ਵਰਤੋਂ ਕਰਦੇ ਹੋਏ ਡਰਾਈਵਿੰਗ ਕਰਦੇ ਹੋਏ।,ਉਨ੍ਹਾਂ ਦੀਆਂ ਖਿੜਕੀਆਂ ਖੁੱਲ੍ਹੀਆਂ ਰੱਖ ਕੇ ਗੱਡੀ ਚਲਾਉਣਾ।,ਸਮੇਂ-ਸਮੇਂ 'ਤੇ ਉਨ੍ਹਾਂ ਦੀਆਂ ਲਾਈਟਾਂ ਨੂੰ ਫਲੈਸ਼ ਕਰਨਾ.,,A,"ਸਵੇਰ ਵੇਲੇ, ਸ਼ਾਮ ਵੇਲੇ, ਜਾਂ ਖ਼ਰਾਬ ਮੌਸਮ ਵਿੱਚ ਗੱਡੀ ਚਲਾਉਂਦੇ ਸਮੇਂ, ਤੁਹਾਨੂੰ ਆਪਣੀ ਦਿੱਖ ਵਧਾਉਣ ਲਈ ਆਪਣੀਆਂ ਹੈੱਡਲਾਈਟਾਂ ਨੂੰ ਉਹਨਾਂ ਦੀ ਘੱਟ ਬੀਮ ਸੈਟਿੰਗ 'ਤੇ ਵਰਤਣਾ ਚਾਹੀਦਾ ਹੈ।"
9296,ਜੇਕਰ ਏਅਰ ਬ੍ਰੇਕ ਸਿਸਟਮ ਵਿੱਚ ਸੁਰੱਖਿਆ ਰਾਹਤ ਵਾਲਵ ਹਵਾ ਛੱਡ ਰਿਹਾ ਹੈ:,,ਤੁਹਾਨੂੰ ਚਿੰਤਾ ਨਹੀਂ ਕਰਨੀ ਚਾਹੀਦੀ ਕਿਉਂਕਿ ਇਹ ਇੱਕ ਆਮ ਪ੍ਰਕਿਰਿਆ ਹੈ।,ਬ੍ਰੇਕਾਂ ਵਿੱਚ ਕੁਝ ਗੜਬੜ ਹੈ।,ਵਾਲਵ ਚਾਲੂ ਹੈ।,,B,"ਇੱਕ ਏਅਰ ਬ੍ਰੇਕ ਸਿਸਟਮ ਵਿੱਚ ਸੁਰੱਖਿਆ ਰਾਹਤ ਵਾਲਵ ਸਿਸਟਮ ਵਿੱਚ ਦਬਾਅ ਨੂੰ ਬਹੁਤ ਜ਼ਿਆਦਾ ਹੋਣ ਤੋਂ ਰੋਕਣ ਲਈ ਲੋੜ ਪੈਣ 'ਤੇ ਹਵਾ ਛੱਡਦਾ ਹੈ। ਜੇਕਰ ਵਾਲਵ ਹਵਾ ਛੱਡਣਾ ਸ਼ੁਰੂ ਕਰਦਾ ਹੈ, ਤਾਂ ਕੁਝ ਗੜਬੜ ਹੈ। ਕਿਸੇ ਮਕੈਨਿਕ ਨੂੰ ਸਮੱਸਿਆ ਨੂੰ ਹੱਲ ਕਰਨ ਲਈ ਕਹੋ।"
9248,ਤੁਹਾਡੇ ਵਾਹਨ ਅਤੇ ਅੱਗੇ ਵਾਲੇ ਵਾਹਨ ਦੇ ਵਿਚਕਾਰ ਜਗ੍ਹਾ ਦੀ ਇੱਕ ਗੱਦੀ ਬਣਾਈ ਰੱਖਣਾ ਹੈ:,,"ਉਤਸ਼ਾਹਿਤ ਨਹੀਂ ਕੀਤਾ ਜਾਂਦਾ, ਕਿਉਂਕਿ ਇਹ ਆਵਾਜਾਈ ਦੇ ਪ੍ਰਵਾਹ ਨੂੰ ਹੌਲੀ ਕਰਦਾ ਹੈ।","ਉਤਸ਼ਾਹਿਤ, ਕਿਉਂਕਿ ਇਹ ਤੁਹਾਨੂੰ ਅਚਾਨਕ ਖਤਰਿਆਂ 'ਤੇ ਪ੍ਰਤੀਕਿਰਿਆ ਕਰਨ ਦਾ ਸਮਾਂ ਦਿੰਦਾ ਹੈ।",ਜੇਕਰ ਤੁਸੀਂ ਕਿਸੇ ਯਾਤਰੀ ਨਾਲ ਯਾਤਰਾ ਕਰ ਰਹੇ ਹੋ ਤਾਂ ਹੀ ਉਤਸ਼ਾਹਿਤ ਕੀਤਾ ਜਾਂਦਾ ਹੈ।,,B,"ਸੁਰੱਖਿਅਤ ਡਰਾਈਵਿੰਗ ਲਈ, ਇਹ ਜ਼ਰੂਰੀ ਹੈ ਕਿ ਤੁਸੀਂ ਆਪਣੇ ਵਾਹਨ ਦੇ ਸਾਰੇ ਪਾਸਿਆਂ 'ਤੇ ਜਗ੍ਹਾ ਦੇ ਗੱਦੀਆਂ ਬਣਾਈ ਰੱਖੋ। ਇਹ ਯਕੀਨੀ ਬਣਾਉਣ ਵਿੱਚ ਮਦਦ ਕਰਦਾ ਹੈ ਕਿ ਜੇਕਰ ਕੋਈ ਸਮੱਸਿਆ ਪੈਦਾ ਹੁੰਦੀ ਹੈ ਤਾਂ ਤੁਹਾਡੇ ਕੋਲ ਢੁਕਵੀਂ ਕਾਰਵਾਈ ਕਰਨ ਲਈ ਸਮਾਂ ਹੋਵੇਗਾ।"
9878,ਹੌਲੀ-ਹੌਲੀ ਚੱਲਣ ਵਾਲੇ ਵਾਹਨ ਦੇ ਪਿੱਛੇ ਅਕਸਰ ਫਸੇ ਡਰਾਈਵਰ:,,ਵਾਹਨ ਨੂੰ ਬਹੁਤ ਧਿਆਨ ਨਾਲ ਪਾਲਣਾ ਕਰੋ.,ਵਾਹਨ ਨੂੰ ਕਾਫ਼ੀ ਥਾਂ ਦਿਓ।,ਯਾਤਰਾ ਦੀ ਗਤੀ ਤੋਂ ਖੁਸ਼ ਹਨ।,,A,"ਡ੍ਰਾਈਵਰਾਂ ਲਈ ਹੌਲੀ-ਹੌਲੀ ਚੱਲਣ ਵਾਲੇ ਵਾਹਨਾਂ ਨੂੰ ਟੇਲਗੇਟ ਕਰਨਾ ਆਮ ਗੱਲ ਹੈ ਜੋ ਆਲੇ ਦੁਆਲੇ ਦੇ ਟ੍ਰੈਫਿਕ ਦੀ ਗਤੀ ਨਾਲ ਨਹੀਂ ਚੱਲ ਸਕਦੇ। ਜੇਕਰ ਤੁਹਾਨੂੰ ਟੇਲਗੇਟ ਕੀਤਾ ਜਾ ਰਿਹਾ ਹੈ, ਤਾਂ ਦੂਜੇ ਡ੍ਰਾਈਵਰ ਨੂੰ ਤੁਹਾਡੇ ਵਾਹਨ ਨੂੰ ਲੰਘਣ ਦਿਓ।"
10681,ਸੜਕ ਦਾ ਗੁੱਸਾ ਕੀ ਹੈ?,,ਦੂਜਿਆਂ ਨੂੰ ਨੁਕਸਾਨ ਪਹੁੰਚਾਉਣ ਦੇ ਇਰਾਦੇ ਨਾਲ ਮੋਟਰ ਵਾਹਨ ਚਲਾਉਣਾ,ਇੱਕ ਮੋਟਰ ਵਾਹਨ ਚਲਾਉਣਾ ਜੋ ਅਸੁਰੱਖਿਅਤ ਮੰਨਿਆ ਜਾਂਦਾ ਹੈ,ਇੱਕ ਮੋਟਰ ਵਾਹਨ ਚਲਾਉਣਾ ਜਿਸਦਾ ਨਿਰੀਖਣ ਨਹੀਂ ਕੀਤਾ ਗਿਆ ਹੈ,,A,"ਹਮਲਾਵਰ ਡਰਾਈਵਿੰਗ ਨੂੰ ਇੱਕ ਸਵਾਰਥੀ, ਦਲੇਰ, ਜਾਂ ਧੱਕੇਸ਼ਾਹੀ ਢੰਗ ਨਾਲ ਮੋਟਰ ਵਾਹਨ ਚਲਾਉਣ ਵਜੋਂ ਪਰਿਭਾਸ਼ਿਤ ਕੀਤਾ ਗਿਆ ਹੈ। ਸੜਕ ਦੇ ਗੁੱਸੇ ਨੂੰ ਦੂਜਿਆਂ ਨੂੰ ਨੁਕਸਾਨ ਪਹੁੰਚਾਉਣ ਦੇ ਇਰਾਦੇ ਨਾਲ, ਜਾਂ ਕਿਸੇ ਹੋਰ ਡਰਾਈਵਰ ਜਾਂ ਉਹਨਾਂ ਦੇ ਵਾਹਨ 'ਤੇ ਸਰੀਰਕ ਤੌਰ 'ਤੇ ਹਮਲਾ ਕਰਨ ਦੇ ਇਰਾਦੇ ਨਾਲ ਮੋਟਰ ਵਾਹਨ ਚਲਾਉਣ ਦੇ ਰੂਪ ਵਿੱਚ ਪਰਿਭਾਸ਼ਿਤ ਕੀਤਾ ਗਿਆ ਹੈ।"
8597,ਸ਼ਰਾਬ ਪੀਣ ਤੋਂ ਬਾਅਦ ਆਰਾਮ ਕਰਨ ਦਾ ਇੱਕੋ ਇੱਕ ਤਰੀਕਾ ਹੈ:,,ਇੱਕ ਠੰਡਾ ਸ਼ਾਵਰ ਲਵੋ.,ਕਸਰਤ.,ਉਡੀਕ ਕਰੋ।,,C,"ਜ਼ਿਆਦਾਤਰ ਅਲਕੋਹਲ ਨੂੰ ਜਿਗਰ ਦੁਆਰਾ ਸਰੀਰ ਤੋਂ ਹਟਾ ਦਿੱਤਾ ਜਾਂਦਾ ਹੈ, ਜੋ ਇੱਕ ਨਿਸ਼ਚਿਤ ਦਰ 'ਤੇ ਅਲਕੋਹਲ ਦੀ ਪ੍ਰਕਿਰਿਆ ਕਰਦਾ ਹੈ। ਪ੍ਰਸਿੱਧ ਵਿਸ਼ਵਾਸ ਦੇ ਬਾਵਜੂਦ, ਬਲੈਕ ਕੌਫੀ ਪੀਣ ਜਾਂ ਠੰਡਾ ਸ਼ਾਵਰ ਲੈਣ ਵਰਗੀਆਂ ਤਕਨੀਕਾਂ ਇਸ ਪ੍ਰਕਿਰਿਆ ਨੂੰ ਤੇਜ਼ ਨਹੀਂ ਕਰਨਗੀਆਂ। ਸਿਰਫ ਇੱਕ ਚੀਜ਼ ਜੋ ਤੁਸੀਂ ਪੀਣ ਤੋਂ ਬਾਅਦ ਸ਼ਾਂਤ ਬਣਨ ਲਈ ਕਰ ਸਕਦੇ ਹੋ ਉਹ ਹੈ ਤੁਹਾਡੇ ਸਰੀਰ ਨੂੰ ਤੁਹਾਡੇ ਸਿਸਟਮ ਵਿੱਚੋਂ ਅਲਕੋਹਲ ਨੂੰ ਖਤਮ ਕਰਨ ਲਈ ਲੋੜੀਂਦਾ ਸਮਾਂ ਦਿਓ।"
9360,ਜੇਕਰ ਐਂਟੀ-ਲਾਕ ਬ੍ਰੇਕਿੰਗ ਸਿਸਟਮ (ABS) ਖਰਾਬ ਹੋ ਜਾਂਦਾ ਹੈ:,,ਡਰਾਈਵਰ ਨੂੰ ਪਤਾ ਨਹੀਂ ਲੱਗੇਗਾ।,ਕੰਟਰੋਲ ਪੈਨਲ 'ਤੇ ਇੱਕ ਪੀਲਾ ਲੈਂਪ ਚਮਕੇਗਾ।,ਬ੍ਰੇਕਾਂ ਲੌਕ ਹੋ ਜਾਣਗੀਆਂ।,ਬ੍ਰੇਕ ਕੰਮ ਨਹੀਂ ਕਰਨਗੇ।,B,"ABS ਵਾਲੇ ਵਾਹਨ 'ਤੇ, ਜੇਕਰ ਬ੍ਰੇਕਿੰਗ ਸਿਸਟਮ ਕੰਮ ਨਹੀਂ ਕਰ ਰਿਹਾ ਹੈ, ਤਾਂ ਯੰਤਰ ਪੈਨਲ 'ਤੇ ਇੱਕ ਪੀਲਾ ਖਰਾਬੀ ਵਾਲਾ ਲੈਂਪ ਤੁਹਾਨੂੰ ਸੁਚੇਤ ਕਰਨ ਲਈ ਰੌਸ਼ਨ ਕਰੇਗਾ।"
11032,ਗੱਡੀ ਚਲਾਉਣ ਵੇਲੇ:,,ਦੂਜਿਆਂ ਤੋਂ ਆਪਣੇ ਇਰਾਦਿਆਂ ਨੂੰ ਲੁਕਾਉਣਾ ਸਭ ਤੋਂ ਵਧੀਆ ਹੈ.,ਤੁਹਾਨੂੰ ਸਿਰਫ਼ ਮੋੜ ਸਿਗਨਲਾਂ ਦੀ ਵਰਤੋਂ ਕਰਨੀ ਚਾਹੀਦੀ ਹੈ ਜੇਕਰ ਤੁਹਾਡੇ ਨੇੜੇ ਵਾਹਨ ਹਨ।,ਤੁਹਾਨੂੰ ਉਸਾਰੀ ਜ਼ੋਨਾਂ ਵਿੱਚ ਟਰਨ ਸਿਗਨਲਾਂ ਦੀ ਵਰਤੋਂ ਨਹੀਂ ਕਰਨੀ ਚਾਹੀਦੀ।,ਤੁਹਾਨੂੰ ਆਪਣੇ ਇਰਾਦਿਆਂ ਬਾਰੇ ਦੂਜਿਆਂ ਨੂੰ ਚੇਤਾਵਨੀ ਦੇਣ ਲਈ ਹਮੇਸ਼ਾ ਮੋੜ ਦੇ ਸੰਕੇਤਾਂ ਦੀ ਵਰਤੋਂ ਕਰਨੀ ਚਾਹੀਦੀ ਹੈ।,D,"ਸੜਕ 'ਤੇ ਦੂਜਿਆਂ ਨੂੰ ਆਪਣੇ ਇਰਾਦਿਆਂ ਬਾਰੇ ਦੱਸਣਾ ਮਹੱਤਵਪੂਰਨ ਹੈ। ਲੇਨਾਂ ਨੂੰ ਮੋੜਨ ਜਾਂ ਬਦਲਣ ਤੋਂ ਪਹਿਲਾਂ ਸਿਗਨਲ ਦੇਣਾ ਯਕੀਨੀ ਬਣਾਓ, ਭਾਵੇਂ ਕੋਈ ਹੋਰ ਵਾਹਨ ਨੇੜੇ ਨਾ ਹੋਵੇ।"
11710,ਬ੍ਰੇਕ ਪੈਡਲ ਲਗਾਉਣ ਨਾਲ ਇਲੈਕਟ੍ਰਿਕ ਸਵਿੱਚ ਨੂੰ ਸਰਗਰਮ ਕਰਨ ਲਈ ਹਵਾ ਦਾ ਦਬਾਅ ਪੈਂਦਾ ਹੈ ਅਤੇ:,,ਬ੍ਰੇਕ ਲਾਈਟਾਂ ਬੰਦ ਕਰ ਦਿਓ।,ਘੱਟ ਦਬਾਅ ਦੀ ਚੇਤਾਵਨੀ ਲਾਈਟ ਨੂੰ ਚਾਲੂ ਕਰੋ।,ਬ੍ਰੇਕ ਲਾਈਟਾਂ ਨੂੰ ਚਾਲੂ ਕਰੋ।,ਘੱਟ ਦਬਾਅ ਦੀ ਚੇਤਾਵਨੀ ਲਾਈਟ ਬੰਦ ਕਰੋ।,C,"ਏਅਰ ਬ੍ਰੇਕਾਂ ਵਾਲੇ ਵਾਹਨ ਵਿੱਚ, ਬ੍ਰੇਕ ਲਾਈਟਾਂ ਉਦੋਂ ਸਰਗਰਮ ਹੋ ਜਾਂਦੀਆਂ ਹਨ ਜਦੋਂ ਬ੍ਰੇਕ ਪੈਡਲ ਨੂੰ ਧੱਕਿਆ ਜਾਂਦਾ ਹੈ ਅਤੇ ਹਵਾ ਦਾ ਦਬਾਅ ਇੱਕ ਇਲੈਕਟ੍ਰਿਕ ਸਵਿੱਚ ਨੂੰ ਹਿਲਾਉਂਦਾ ਹੈ। ਹਵਾ ਦੇ ਦਬਾਅ ਨੂੰ ਲਾਗੂ ਕਰਨ ਦੇ ਨਾਲ, ਸਵਿੱਚ ਫਿਰ ਬ੍ਰੇਕ ਲਾਈਟਾਂ ਨੂੰ ਚਾਲੂ ਕਰ ਦੇਵੇਗਾ।"
9831,ਇੱਕ ਕਨਵਰਟਰ ਡੌਲੀ ਜਿਸ ਵਿੱਚ ABS ਹੈ ਪਛਾਣਿਆ ਜਾ ਸਕਦਾ ਹੈ:,,ਇੱਕ ਨੀਲੇ ਸਟਿੱਕਰ ਦੁਆਰਾ।,ਇੱਕ ਸੰਤਰੀ ਸਟਿੱਕਰ ਦੁਆਰਾ।,ਡੌਲੀ ਦੇ ਖੱਬੇ ਪਾਸੇ ਇੱਕ ਪੀਲੇ ਦੀਵੇ ਦੁਆਰਾ.,ਟ੍ਰੇਲਰ ਦੇ ਖੱਬੇ ਪਾਸੇ ਇੱਕ ਨੀਲੇ ਲੈਂਪ ਦੁਆਰਾ।,C,"1 ਮਾਰਚ, 1998 ਨੂੰ ਜਾਂ ਇਸ ਤੋਂ ਬਾਅਦ ਤਿਆਰ ਕੀਤੀਆਂ ਡੌਲੀਆਂ ਵਿੱਚ ਐਂਟੀ-ਲਾਕ ਬ੍ਰੇਕਿੰਗ ਸਿਸਟਮ (ABS) ਹੋਣੇ ਚਾਹੀਦੇ ਹਨ। ABS ਵਾਲੀ ਡੌਲੀ ਨੂੰ ਇਸਦੇ ਖੱਬੇ ਪਾਸੇ ਇੱਕ ਪੀਲੇ ਲੈਂਪ ਦੁਆਰਾ ਪਛਾਣਿਆ ਜਾਣਾ ਚਾਹੀਦਾ ਹੈ।"
9088,ਡ੍ਰਾਈਵਿੰਗ ਕਰਦੇ ਸਮੇਂ ਤੁਸੀਂ ਆਪਣੇ ਤਣਾਅ ਨੂੰ ਕਿਵੇਂ ਘਟਾ ਸਕਦੇ ਹੋ?,,ਕੈਫੀਨ ਵਾਲਾ ਪੀਣ ਵਾਲਾ ਪਦਾਰਥ ਪੀਓ,ਆਪਣੇ ਸੈੱਲ ਫੋਨ 'ਤੇ ਗੱਲ ਕਰੋ,ਦੂਜੇ ਡਰਾਈਵਰਾਂ ਵੱਲ ਇਸ਼ਾਰਾ,ਸ਼ਾਂਤ ਕਰਨ ਵਾਲਾ ਸੰਗੀਤ ਸੁਣੋ,D,"ਤਣਾਅ ਵਿੱਚ ਹੋਣ ਕਾਰਨ ਹਮਲਾਵਰ ਡਰਾਈਵਿੰਗ ਹੋ ਸਕਦੀ ਹੈ, ਜੋ ਕਿ ਖ਼ਤਰਨਾਕ ਹੈ। ਜੇਕਰ ਤੁਸੀਂ ਡਰਾਈਵਿੰਗ ਕਰਦੇ ਸਮੇਂ ਤਣਾਅ ਮਹਿਸੂਸ ਕਰ ਰਹੇ ਹੋ ਤਾਂ ਸ਼ਾਂਤ ਸੰਗੀਤ ਚਲਾਉਣਾ ਤੁਹਾਨੂੰ ਵਧੇਰੇ ਆਰਾਮਦਾਇਕ ਬਣਨ ਵਿੱਚ ਮਦਦ ਕਰ ਸਕਦਾ ਹੈ।"
10532,"ਜੇ ਤੁਹਾਡੇ ਬ੍ਰੇਕ ਡਾਊਨਗ੍ਰੇਡ 'ਤੇ ਅਸਫਲ ਹੋ ਜਾਂਦੇ ਹਨ, ਤਾਂ ਰੁਕਣ ਦੀ ਤੁਹਾਡੀ ਸਭ ਤੋਂ ਵਧੀਆ ਉਮੀਦ ਹੈ:",,ਇੱਕ ਬਚਣ ਦਾ ਰੈਂਪ।,ਮੋਢੇ 'ਤੇ ਡ੍ਰਾਈਵਿੰਗ.,ਸੜਕ 'ਤੇ ਰਹੋ.,ਤੁਹਾਡੇ ਸਾਹਮਣੇ ਇੱਕ ਹੌਲੀ ਗੱਡੀ ਨੂੰ ਟੱਕਰ ਮਾਰਨਾ।,A,"ਜੇਕਰ ਤੁਹਾਡੀ ਬ੍ਰੇਕ ਡਾਊਨਗ੍ਰੇਡ 'ਤੇ ਫੇਲ ਹੋ ਜਾਂਦੀ ਹੈ, ਤਾਂ ਤੁਹਾਡਾ ਸਭ ਤੋਂ ਵਧੀਆ ਵਿਕਲਪ ਬਚਣ ਵਾਲੇ ਰੈਂਪ ਦੀ ਵਰਤੋਂ ਕਰਨਾ ਹੈ। ਜੇਕਰ ਕੋਈ ਬਚਣ ਦਾ ਰੈਂਪ ਉਪਲਬਧ ਨਹੀਂ ਹੈ, ਤਾਂ ਇੱਕ ਵੱਖਰਾ ਬਚਣ ਦਾ ਰਸਤਾ ਲੱਭਣਾ ਇੱਕ ਚੰਗਾ ਵਿਚਾਰ ਹੈ, ਜਿਵੇਂ ਕਿ ਇੱਕ ਪਾਸੇ ਵਾਲੀ ਸੜਕ ਜਾਂ ਖੁੱਲ੍ਹਾ ਮੈਦਾਨ।"
10058,"ਖਰਾਬ ਮੌਸਮ ਵਿੱਚ, ਬਹੁਤ ਸਾਰੇ ਡਰਾਈਵਰ:",,ਟਰੱਕਾਂ ਦੇ ਅੱਗੇ ਗੱਡੀ ਚਲਾਉਣਾ ਪਸੰਦ ਕਰਦੇ ਹਨ।,ਟਰੱਕਾਂ ਵਾਲੇ ਪਾਸੇ ਹੋਣਾ ਪਸੰਦ ਹੈ।,ਟਰੱਕਾਂ ਦੀ ਪਾਲਣਾ ਕਰਨਾ ਪਸੰਦ ਕਰੋ.,ਆਪਣੀਆਂ ਲਾਈਟਾਂ ਦੀ ਵਰਤੋਂ ਕੀਤੇ ਬਿਨਾਂ ਗੱਡੀ ਚਲਾਉਣਾ ਪਸੰਦ ਕਰਦੇ ਹਨ।,C,"ਖਰਾਬ ਮੌਸਮ ਵਿੱਚ, ਖਾਸ ਤੌਰ 'ਤੇ ਜਦੋਂ ਦਿੱਖ ਮਾੜੀ ਹੁੰਦੀ ਹੈ, ਤਾਂ ਆਟੋਮੋਬਾਈਲ ਡਰਾਈਵਰਾਂ ਲਈ ਟਰੱਕਾਂ ਦੇ ਪਿੱਛੇ ਨਜ਼ਦੀਕੀ ਨਾਲ ਪਾਲਣਾ ਕਰਨਾ ਆਮ ਗੱਲ ਹੈ। ਜੇਕਰ ਤੁਹਾਡਾ ਬਹੁਤ ਨੇੜਿਓਂ ਅਨੁਸਰਣ ਕੀਤਾ ਜਾ ਰਿਹਾ ਹੈ ਤਾਂ ਆਪਣੇ ਵਾਹਨ ਅਤੇ ਤੁਹਾਡੇ ਸਾਹਮਣੇ ਵਾਲੇ ਵਾਹਨ ਵਿਚਕਾਰ ਦੂਰੀ ਨੂੰ ਖੋਲ੍ਹੋ।"
8876,ਏਅਰ ਬ੍ਰੇਕ ਵਾਲੇ ਟਰੱਕ ਟਰੈਕਟਰ ਜੋ 1 ਮਾਰਚ 1997 ਨੂੰ ਜਾਂ ਇਸ ਤੋਂ ਬਾਅਦ ਬਣਾਏ ਗਏ ਸਨ:,,ਬ੍ਰੇਕਾਂ ਦਾ ਇੱਕ ਵਾਧੂ ਸੈੱਟ।,ਵੌਇਸ-ਐਕਟੀਵੇਟਿਡ ਬ੍ਰੇਕ।,ਕਰੂਜ਼ ਕੰਟਰੋਲ.,ਐਂਟੀ-ਲਾਕ ਬ੍ਰੇਕਿੰਗ ਸਿਸਟਮ (ABS)।,D,"1 ਮਾਰਚ, 1997 ਨੂੰ ਜਾਂ ਇਸ ਤੋਂ ਬਾਅਦ ਨਿਰਮਿਤ ਏਅਰ ਬ੍ਰੇਕਾਂ ਵਾਲੇ ਟਰੱਕ ਟਰੈਕਟਰਾਂ ਨੂੰ ਐਂਟੀ-ਲਾਕ ਬ੍ਰੇਕਿੰਗ ਸਿਸਟਮ (ABS) ਨਾਲ ਲੈਸ ਹੋਣ ਦੀ ਲੋੜ ਹੁੰਦੀ ਹੈ। ਏਅਰ ਬ੍ਰੇਕ ਵਾਲੇ ਕਿਸੇ ਵੀ ਹੋਰ ਕਿਸਮ ਦੇ ਵਾਹਨ ਵਿੱਚ ABS ਦੀ ਲੋੜ ਹੁੰਦੀ ਹੈ ਜੋ 1 ਮਾਰਚ, 1998 ਨੂੰ ਜਾਂ ਇਸ ਤੋਂ ਬਾਅਦ ਤਿਆਰ ਕੀਤੀ ਗਈ ਸੀ।"
10691,ਹੇਠਾਂ ਦਿੱਤੇ ਵਿੱਚੋਂ ਕਿਹੜਾ ਅੱਗ ਲੱਗਣ ਦਾ ਸੰਭਵ ਕਾਰਨ ਨਹੀਂ ਹੈ?,,ਘੱਟ ਫੁੱਲੇ ਹੋਏ ਟਾਇਰ,ਇਲੈਕਟ੍ਰੀਕਲ ਸਿਸਟਮ ਫੇਲ੍ਹ ਹੋਣਾ,ਜਲਣਸ਼ੀਲ ਮਾਲ,ਖਿੜਕੀ ਥੱਲੇ ਰੋਲਿੰਗ,D,"ਵਾਹਨਾਂ ਨੂੰ ਅੱਗ ਲੱਗਣ ਦੇ ਸੰਭਾਵਿਤ ਕਾਰਨਾਂ ਵਿੱਚ ਇੱਕ ਕਰੈਸ਼ ਤੋਂ ਬਾਅਦ ਫੈਲਿਆ ਹੋਇਆ ਈਂਧਨ ਜਾਂ ਫਲੇਅਰਾਂ ਦੀ ਗਲਤ ਵਰਤੋਂ ਸ਼ਾਮਲ ਹੈ; ਘੱਟ ਫੁੱਲੇ ਹੋਏ ਟਾਇਰ ਜਾਂ ਦੋਹਰੇ ਟਾਇਰ ਜੋ ਛੂਹਦੇ ਹਨ; ਬਿਜਲੀ ਸਿਸਟਮ ਵਿੱਚ ਸ਼ਾਰਟ ਸਰਕਟ; ਬਾਲਣ ਦੇ ਆਲੇ-ਦੁਆਲੇ ਸਿਗਰਟਨੋਸ਼ੀ; ਗਲਤ ਬਾਲਣ ਜਾਂ ਢਿੱਲੇ ਈਂਧਨ ਕੁਨੈਕਸ਼ਨ; ਅਤੇ ਮਾਲ ਢੋਣਾ ਜੋ ਜਲਣਸ਼ੀਲ ਹੈ, ਗਲਤ ਤਰੀਕੇ ਨਾਲ ਸੀਲ ਜਾਂ ਲੋਡ ਕੀਤਾ ਗਿਆ ਹੈ, ਜਾਂ ਖਰਾਬ ਹਵਾਦਾਰ ਹੈ।"
11676,ਤੁਹਾਨੂੰ ਘੱਟ ਦਬਾਅ ਵਾਲੇ ਚੇਤਾਵਨੀ ਸਿਗਨਲ ਦੀ ਜਾਂਚ ਕਿਵੇਂ ਕਰਨੀ ਚਾਹੀਦੀ ਹੈ?,,ਪਾਰਕਿੰਗ ਬ੍ਰੇਕ ਨੂੰ ਲਗਾਓ ਅਤੇ ਅਯੋਗ ਕਰੋ।,ਬ੍ਰੇਕ ਪੈਡਲ ਨੂੰ ਤੇਜ਼ੀ ਨਾਲ ਦਬਾਓ ਅਤੇ ਛੱਡੋ।,ਪਿਛਲੇ ਬੰਦ-ਬੰਦ ਵਾਲਵ ਖੋਲ੍ਹੋ.,ਸਾਰੇ ਖੁਸ਼ ਹੱਥ ਜੋੜੋ ਅਤੇ ਦੁਬਾਰਾ ਜੋੜੋ।,B,"ਇਹ ਜ਼ਰੂਰੀ ਹੈ ਕਿ ਤੁਹਾਡੀ ਘੱਟ ਦਬਾਅ ਦੀ ਚੇਤਾਵਨੀ ਰੋਸ਼ਨੀ ਸਹੀ ਢੰਗ ਨਾਲ ਕੰਮ ਕਰੇ। ਸਿਸਟਮ ਨੂੰ ਚਾਰਜ ਕਰਨ ਦੀ ਇਜਾਜ਼ਤ ਦੇਣ ਤੋਂ ਬਾਅਦ, ਤੁਸੀਂ ਬ੍ਰੇਕ ਪੈਡਲ ਨੂੰ ਤੇਜ਼ੀ ਨਾਲ ਲਾਗੂ ਕਰਕੇ ਅਤੇ ਜਾਰੀ ਕਰਕੇ ਚੇਤਾਵਨੀ ਸਿਗਨਲ ਦੀ ਜਾਂਚ ਕਰ ਸਕਦੇ ਹੋ। ਇਹ ਬ੍ਰੇਕਿੰਗ ਸਿਸਟਮ ਤੋਂ ਹਵਾ ਨੂੰ ਛੱਡ ਦੇਵੇਗਾ ਅਤੇ ਜਦੋਂ ਦਬਾਅ ਖਤਰਨਾਕ ਪੱਧਰ ਤੱਕ ਘੱਟ ਜਾਂਦਾ ਹੈ ਤਾਂ ਚੇਤਾਵਨੀ ਸਿਗਨਲ ਆਉਣਾ ਚਾਹੀਦਾ ਹੈ।"
10516,"ਦੁਰਘਟਨਾ ਤੋਂ ਬਾਅਦ, ਫਲੇਅਰਾਂ ਨੂੰ ਸਾਵਧਾਨੀ ਨਾਲ ਵਰਤਿਆ ਜਾਣਾ ਚਾਹੀਦਾ ਹੈ ਕਿਉਂਕਿ:",,ਜ਼ਮੀਨ 'ਤੇ ਡਿੱਗਿਆ ਹੋਇਆ ਈਂਧਨ ਹੋ ਸਕਦਾ ਹੈ ਜੋ ਅੱਗ ਲਗਾ ਸਕਦਾ ਹੈ।,ਹੋ ਸਕਦਾ ਹੈ ਕਿ ਦੂਜੇ ਡਰਾਈਵਰ ਅੱਗ ਦੀਆਂ ਲਪਟਾਂ ਨਾ ਦੇਖ ਸਕਣ।,ਫਲੇਅਰਸ ਮਹਿੰਗੇ ਹਨ।,ਹੋਰ ਡਰਾਈਵਰ ਇਸ ਬਾਰੇ ਉਲਝਣ ਵਿੱਚ ਪੈ ਸਕਦੇ ਹਨ ਕਿ ਕੀ ਹੋ ਰਿਹਾ ਹੈ।,A,"ਦੁਰਘਟਨਾ ਤੋਂ ਬਾਅਦ, ਡਿੱਗੇ ਹੋਏ ਬਾਲਣ ਅਤੇ ਫਲੇਅਰਾਂ ਦੀ ਗਲਤ ਵਰਤੋਂ ਦੇ ਨਤੀਜੇ ਵਜੋਂ ਅੱਗ ਲੱਗ ਸਕਦੀ ਹੈ।"
10194,ਇਸਦੇ ਇੰਜਣ ਵਿੱਚ ਤੇਲ ਤੋਂ ਬਿਨਾਂ:,,ਕੋਈ ਵਾਹਨ ਸੁਚਾਰੂ ਢੰਗ ਨਾਲ ਚੱਲਣ ਦੀ ਸੰਭਾਵਨਾ ਹੈ।,ਗੱਡੀ ਚਲਾਉਂਦੇ ਸਮੇਂ ਇੱਕ ਵਾਹਨ ਤੇਜ਼ ਝਟਕਾ ਦੇਵੇਗਾ।,ਕਿਸੇ ਵਾਹਨ ਦਾ ਇੰਜਣ ਜਲਦੀ ਖਰਾਬ ਹੋ ਸਕਦਾ ਹੈ।,ਕਿਸੇ ਵਾਹਨ ਦੀ ਗੈਸ ਮਾਈਲੇਜ ਵਿੱਚ ਸੁਧਾਰ ਹੋਵੇਗਾ।,C,"ਇੱਕ ਇੰਜਣ ਤੇਜ਼ੀ ਨਾਲ ਨਸ਼ਟ ਹੋ ਸਕਦਾ ਹੈ ਜੇਕਰ ਇਸਨੂੰ ਤੇਲ ਤੋਂ ਬਿਨਾਂ ਚਲਾਇਆ ਜਾਵੇ। ਜੇਕਰ ਇਸਦਾ ਤੇਲ ਪ੍ਰੈਸ਼ਰ ਗੇਜ ਘੱਟ ਜਾਂ ਉਤਰਾਅ-ਚੜ੍ਹਾਅ ਵਾਲਾ ਹੈ, ਤਾਂ ਵਾਹਨ ਨਾ ਚਲਾਓ।"
9992,ਰੇਡੀਅਲ ਅਤੇ ਬਾਈਸ-ਪਲਾਈ ਟਾਇਰ:,,ਸਾਰੇ ਧੁਰੇ 'ਤੇ ਇਕੱਠੇ ਵਰਤਿਆ ਜਾਣਾ ਚਾਹੀਦਾ ਹੈ.,"ਇਕੱਠੇ ਵਰਤਿਆ ਜਾਣਾ ਚਾਹੀਦਾ ਹੈ, ਪਰ ਸਿਰਫ ਪਿਛਲੇ ਐਕਸਲ 'ਤੇ.",ਇਕੱਠੇ ਨਹੀਂ ਵਰਤਿਆ ਜਾਣਾ ਚਾਹੀਦਾ ਹੈ.,,C,"ਆਪਣੇ ਵਾਹਨ ਦੀ ਜਾਂਚ ਕਰਦੇ ਸਮੇਂ, ਇਹ ਯਕੀਨੀ ਬਣਾਓ ਕਿ ਰੇਡੀਅਲ ਅਤੇ ਬਿਆਸ-ਪਲਾਈ ਟਾਇਰ ਇਕੱਠੇ ਨਹੀਂ ਵਰਤੇ ਜਾ ਰਹੇ ਹਨ।"
9348,"ਪ੍ਰੀ-ਟ੍ਰਿਪ ਨਿਰੀਖਣ ਦੌਰਾਨ, ਤੁਹਾਡੀਆਂ ਲਾਈਟਾਂ ਦੀ ਜਾਂਚ ਕਰਨ ਦਾ ਸਭ ਤੋਂ ਵਧੀਆ ਤਰੀਕਾ ਕੀ ਹੈ?",,ਪ੍ਰਤੀਬਿੰਬ ਦੇਖਣ ਲਈ ਸ਼ੀਸ਼ੇ ਦੇ ਨੇੜੇ ਪਾਰਕਿੰਗ,"ਲਾਈਟਾਂ ਨੂੰ ਕਿਰਿਆਸ਼ੀਲ ਕਰਨਾ, ਫਿਰ ਜਾਂਚ ਕਰਨ ਲਈ ਵਾਹਨ ਤੋਂ ਬਾਹਰ ਜਾਣਾ",ਇੰਸਟਰੂਮੈਂਟ ਪੈਨਲ 'ਤੇ ਇਹ ਦੇਖਣ ਲਈ ਕਿ ਕੀ ਕੋਈ ਚੇਤਾਵਨੀ ਲਾਈਟਾਂ ਪ੍ਰਕਾਸ਼ਮਾਨ ਹਨ,ਟ੍ਰੈਫਿਕ ਵਿੱਚ ਗੱਡੀ ਚਲਾਉਣਾ ਅਤੇ ਹੋਰ ਡ੍ਰਾਈਵਰਾਂ ਦੀ ਉਡੀਕ ਕਰਨਾ ਜੋ ਤੁਹਾਨੂੰ ਦੱਸਦਾ ਹੈ ਕਿ ਤੁਹਾਡੀਆਂ ਲਾਈਟਾਂ ਬੰਦ ਹਨ,B,"ਪੂਰਵ-ਯਾਤਰਾ ਦੇ ਨਿਰੀਖਣ ਦੌਰਾਨ, ਤੁਹਾਨੂੰ ਆਪਣੀਆਂ ਲਾਈਟਾਂ ਨੂੰ ਕਿਰਿਆਸ਼ੀਲ ਕਰਨਾ ਚਾਹੀਦਾ ਹੈ, ਫਿਰ ਉਹਨਾਂ ਨੂੰ ਦੇਖਣ ਲਈ ਵਾਹਨ ਤੋਂ ਬਾਹਰ ਨਿਕਲਣਾ ਚਾਹੀਦਾ ਹੈ।"
10944,ਹਾਈਡ੍ਰੋਪਲੇਨਿੰਗ ਆਮ ਤੌਰ 'ਤੇ ਹੁੰਦੀ ਹੈ:,,ਜਦੋਂ ਟਾਇਰਾਂ ਨੂੰ ਸਹੀ ਢੰਗ ਨਾਲ ਫੁੱਲਿਆ ਜਾਂਦਾ ਹੈ।,15 ਮੀਲ ਪ੍ਰਤੀ ਘੰਟਾ ਤੋਂ ਘੱਟ ਸਪੀਡ 'ਤੇ।,ਜਿਨ੍ਹਾਂ ਇਲਾਕਿਆਂ ਵਿੱਚ ਪਾਣੀ ਸੜਕ ਉੱਤੇ ਇਕੱਠਾ ਹੁੰਦਾ ਹੈ।,ਸ਼ਾਮ ਦੇ ਦੌਰਾਨ.,C,"ਉਨ੍ਹਾਂ ਥਾਵਾਂ 'ਤੇ ਜਿੱਥੇ ਸੜਕ 'ਤੇ ਪਾਣੀ ਇਕੱਠਾ ਹੁੰਦਾ ਹੈ, ਉੱਥੇ ਵਾਹਨ ਲਈ ਹਾਈਡ੍ਰੋਪਲੇਨ ਜਾਣਾ ਸੰਭਵ ਹੈ। ਘੱਟ ਟਾਇਰ ਪ੍ਰੈਸ਼ਰ ਜਾਂ ਖਰਾਬ ਟਾਇਰ ਟ੍ਰੇਡ ਇਸ ਨੂੰ ਹੋਣ ਦੀ ਜ਼ਿਆਦਾ ਸੰਭਾਵਨਾ ਬਣਾਉਂਦਾ ਹੈ। ਜੇਕਰ ਸੜਕ ਦੀ ਸਤ੍ਹਾ 'ਤੇ ਕਾਫ਼ੀ ਪਾਣੀ ਹੈ, ਤਾਂ ਹਾਈਡ੍ਰੋਪਲੇਨਿੰਗ 30 ਮੀਲ ਪ੍ਰਤੀ ਘੰਟਾ ਦੀ ਰਫ਼ਤਾਰ ਨਾਲ ਹੋ ਸਕਦੀ ਹੈ।"
10522,"ਰੇਲਮਾਰਗ ਕਰਾਸਿੰਗ ਦੇ ਨੇੜੇ ਪਹੁੰਚਣ ਵੇਲੇ, ਤੁਹਾਨੂੰ ਇਹ ਕਰਨਾ ਚਾਹੀਦਾ ਹੈ:",,ਇਹ ਦਰਸਾਉਣ ਲਈ ਪੋਸਟ ਕੀਤੇ ਸਿਗਨਲਾਂ 'ਤੇ ਭਰੋਸਾ ਕਰੋ ਕਿ ਟ੍ਰੇਨ ਕਦੋਂ ਆ ਰਹੀ ਹੈ।,"ਇਹ ਦਰਸਾਉਣ ਲਈ ਕਿ ਰੇਲਗੱਡੀ ਕਦੋਂ ਨੇੜੇ ਆ ਰਹੀ ਹੈ, ਦੂਜੇ ਵਾਹਨ ਚਾਲਕਾਂ ਦੀਆਂ ਹਰਕਤਾਂ 'ਤੇ ਭਰੋਸਾ ਕਰੋ।",ਇਹ ਦਰਸਾਉਣ ਲਈ ਸਿਗਨਲਾਂ 'ਤੇ ਭਰੋਸਾ ਨਾ ਕਰੋ ਕਿ ਟ੍ਰੇਨ ਕਦੋਂ ਆ ਰਹੀ ਹੈ।,ਇਹ ਦੇਖਣ ਲਈ ਦੇਖੋ ਕਿ ਕੀ ਨੇੜੇ ਦੇ ਪੌਦੇ ਲੰਘ ਰਹੀ ਰੇਲਗੱਡੀ ਦੁਆਰਾ ਬਣਾਈ ਗਈ ਹਵਾ ਤੋਂ ਹਿਲ ਰਹੇ ਹਨ,C,"ਸਾਵਧਾਨੀ ਦੇ ਤੌਰ 'ਤੇ, ਤੁਹਾਨੂੰ ਹਮੇਸ਼ਾ ਇਸ ਧਾਰਨਾ ਦੇ ਤਹਿਤ ਇੱਕ ਰੇਲਮਾਰਗ ਕ੍ਰਾਸਿੰਗ ਤੱਕ ਪਹੁੰਚਣਾ ਚਾਹੀਦਾ ਹੈ ਕਿ ਕੋਈ ਰੇਲਗੱਡੀ ਆ ਰਹੀ ਹੈ। ਇਹ ਦਰਸਾਉਣ ਲਈ ਕਿ ਕੋਈ ਰੇਲਗੱਡੀ ਨੇੜੇ ਆ ਰਹੀ ਹੈ, ਸਿਰਫ਼ ਸਿਗਨਲਾਂ ਜਾਂ ਤੁਹਾਡੀ ਸੁਣਵਾਈ 'ਤੇ ਭਰੋਸਾ ਨਾ ਕਰੋ।"
8837,"ਜਦੋਂ ਇੱਕ ਖੜ੍ਹੀ ਗ੍ਰੇਡ ਹੇਠਾਂ ਗੱਡੀ ਚਲਾਉਂਦੇ ਹੋ, ਤਾਂ ਤੁਹਾਡੀਆਂ ਬ੍ਰੇਕਾਂ ਫਿੱਕੀਆਂ ਹੋ ਸਕਦੀਆਂ ਹਨ। ਜੇਕਰ ਬ੍ਰੇਕ ਫਿੱਕੀ ਹੋ ਜਾਵੇ ਤਾਂ ਕੀ ਹੁੰਦਾ ਹੈ?",,ਉਹ ਸ਼ਾਂਤ ਹੋ ਜਾਂਦੇ ਹਨ।,ਉਹ ਘੱਟ ਪ੍ਰਭਾਵਸ਼ਾਲੀ ਬਣ ਜਾਂਦੇ ਹਨ.,ਉਹ ਆਮ ਨਾਲੋਂ ਬਿਹਤਰ ਕੰਮ ਕਰਦੇ ਹਨ।,ਉਹ ਅੱਗੇ ਤੋਂ ਪਿੱਛੇ ਤੱਕ ਵੱਖਰੇ ਢੰਗ ਨਾਲ ਕੰਮ ਕਰਦੇ ਹਨ।,B,"ਜੇ ਤੁਸੀਂ ਆਪਣੇ ਬ੍ਰੇਕਾਂ ਦੀ ਬਹੁਤ ਜ਼ਿਆਦਾ ਵਰਤੋਂ ਕਰਦੇ ਹੋ ਜਦੋਂ ਤੁਸੀਂ ਇੱਕ ਉੱਚੀ ਡਾਊਨਗ੍ਰੇਡ 'ਤੇ ਸਫ਼ਰ ਕਰਦੇ ਹੋ, ਤਾਂ ਉਹ ਜ਼ਿਆਦਾ ਗਰਮ ਹੋ ਸਕਦੇ ਹਨ ਅਤੇ ਘੱਟ ਅਸਰਦਾਰ ਹੋ ਸਕਦੇ ਹਨ। ਇੱਕ ਉੱਚੀ ਪਹਾੜੀ 'ਤੇ ਤੁਹਾਡੇ ਬ੍ਰੇਕਾਂ ਨੂੰ ਜ਼ਿਆਦਾ ਗਰਮ ਕਰਨ ਤੋਂ ਬਚਣ ਲਈ, ਤੁਹਾਨੂੰ ਇੰਜਣ ਬ੍ਰੇਕਿੰਗ 'ਤੇ ਭਰੋਸਾ ਕਰਨਾ ਚਾਹੀਦਾ ਹੈ।"
9848,"ਇੱਕ ਡਬਲ ਜਾਂ ਤੀਹਰੀ ਪਾਰਕਿੰਗ ਕਰਦੇ ਸਮੇਂ, ਇੱਕ ਪਾਰਕਿੰਗ ਥਾਂ ਦੇਖੋ ਜੋ ਇਹ ਹੈ:",,ਦਾਖਲ ਅਤੇ ਬਾਹਰ ਜਾਣ ਲਈ ਆਸਾਨ.,ਪਾਰਕ ਕੀਤੀਆਂ ਕਾਰਾਂ ਦੇ ਨੇੜੇ.,"ਘਾਹ 'ਤੇ, ਹੋਰ ਵਾਹਨਾਂ ਤੋਂ ਦੂਰ.",ਸਿੱਧਾ ਇੱਕ ਇਮਾਰਤ ਦੇ ਸਾਹਮਣੇ.,A,"ਕਿਉਂਕਿ ਤੁਸੀਂ ਆਪਣੇ ਪਿੱਛੇ ਸਭ ਕੁਝ ਨਹੀਂ ਦੇਖ ਸਕਦੇ, ਪਿੱਠ ਕਰਨਾ ਹਮੇਸ਼ਾ ਖ਼ਤਰਨਾਕ ਹੁੰਦਾ ਹੈ ਅਤੇ ਜਦੋਂ ਵੀ ਸੰਭਵ ਹੋਵੇ ਬਚਣਾ ਚਾਹੀਦਾ ਹੈ। ਪਾਰਕਿੰਗ ਸਥਾਨਾਂ ਦੀ ਚੋਣ ਕਰੋ ਜਿੱਥੋਂ ਤੁਸੀਂ ਬਾਹਰ ਨਿਕਲਣ ਵੇਲੇ ਅੱਗੇ ਖਿੱਚ ਸਕਦੇ ਹੋ।"
10200,ਹਾਈਡ੍ਰੋਪਲੇਨਿੰਗ ਇਸ ਤਰ੍ਹਾਂ ਹੈ:,,ਵਾਟਰ ਸਕੀੰਗ.,ਉੱਡਣਾ।,ਸੁੱਤੇ ਹੋਏ।,ਤੁਰਨਾ।,A,ਹਾਈਡ੍ਰੋਪਲੇਨਿੰਗ ਵਾਟਰ ਸਕੀਇੰਗ ਦੇ ਸਮਾਨ ਹੈ: ਤੁਹਾਡੇ ਵਾਹਨ ਦੇ ਟਾਇਰ ਸੜਕ ਦੀ ਸਤ੍ਹਾ ਦੇ ਨਾਲ ਟ੍ਰੈਕਸ਼ਨ ਕੀਤੇ ਬਿਨਾਂ ਪਾਣੀ ਦੀ ਇੱਕ ਫਿਲਮ 'ਤੇ ਸੜਕ ਦੇ ਨਾਲ-ਨਾਲ ਗਲਾਈਡ ਕਰਦੇ ਹਨ।
11648,"ਜੇਕਰ ਤੁਸੀਂ ਗੱਡੀ ਚਲਾ ਰਹੇ ਹੋ ਅਤੇ ਤੁਹਾਡਾ ਟ੍ਰੇਲਰ ਜੈਕਨੀਫ ਕਰਨਾ ਸ਼ੁਰੂ ਕਰ ਦਿੰਦਾ ਹੈ, ਤਾਂ ਤੁਹਾਨੂੰ ਇਹ ਨਹੀਂ ਕਰਨਾ ਚਾਹੀਦਾ:",,ਬ੍ਰੇਕਾਂ ਨੂੰ ਛੱਡ ਦਿਓ।,ਟ੍ਰੇਲਰ ਨੂੰ ਸਿੱਧਾ ਹੋਣ ਦਿਓ।,ਟ੍ਰੇਲਰ ਹੈਂਡ ਬ੍ਰੇਕ ਲਗਾਓ।,ਪਹੀਆਂ ਨੂੰ ਸੜਕ ਨੂੰ ਫੜਨ ਦਿਓ।,C,"ਜੇਕਰ ਕੋਈ ਟ੍ਰੇਲਰ ਜੈੱਕਨਾਈਫ ਕਰਨਾ ਸ਼ੁਰੂ ਕਰਦਾ ਹੈ, ਤਾਂ ਤੁਹਾਨੂੰ ਬ੍ਰੇਕਾਂ ਨੂੰ ਛੱਡ ਦੇਣਾ ਚਾਹੀਦਾ ਹੈ ਅਤੇ ਟ੍ਰੇਲਰ ਦੇ ਪਹੀਆਂ ਨੂੰ ਸੜਕ ਦੇ ਨਾਲ ਮੁੜ ਤੋਂ ਖਿੱਚਣ ਦੀ ਆਗਿਆ ਦੇਣੀ ਚਾਹੀਦੀ ਹੈ। ਰਿਗ ਨੂੰ ਸਿੱਧਾ ਕਰਨ ਦੀ ਕੋਸ਼ਿਸ਼ ਵਿੱਚ ਟ੍ਰੇਲਰ ਹੈਂਡ ਬ੍ਰੇਕ ਨਾ ਲਗਾਓ ਕਿਉਂਕਿ ਇਹ ਸਿਰਫ ਸਕਿਡ ਨੂੰ ਲੰਮਾ ਕਰੇਗਾ। ਬ੍ਰੇਕਾਂ ਦੀ ਵਰਤੋਂ ਉਹ ਹੈ ਜਿਸ ਕਾਰਨ ਪਹੀਏ ਪਹਿਲਾਂ ਲਾਕ ਹੋ ਜਾਂਦੇ ਹਨ।"
9718,"ਇੱਕ ਸੁਮੇਲ ਰਿਗ ਵਿੱਚ, ਇਹ ਬਣਾਉਣਾ ਸਭ ਤੋਂ ਵਧੀਆ ਹੈ:",,"ਤੇਜ਼, ਅਚਾਨਕ ਰੁਕਣਾ।",ਤਿੱਖੇ ਮੋੜ.,ਤੇਜ਼ ਪ੍ਰਵੇਗ।,"ਹੌਲੀ, ਯੋਜਨਾਬੱਧ ਸਟਾਪ।",D,"ਇੱਕ ਮਿਸ਼ਰਨ ਵਾਹਨ ਚਲਾਉਂਦੇ ਸਮੇਂ, ਅਚਾਨਕ ਰੁਕਣ ਦੀ ਜ਼ਰੂਰਤ ਤੋਂ ਬਚਣ ਲਈ ਪਹਿਲਾਂ ਤੋਂ ਚੰਗੀ ਤਰ੍ਹਾਂ ਬ੍ਰੇਕ ਲਗਾਉਣਾ ਅਤੇ ਆਪਣੇ ਵਾਹਨ ਤੋਂ ਬਹੁਤ ਅੱਗੇ ਵੇਖਣਾ ਮਹੱਤਵਪੂਰਨ ਹੈ। ਇਹਨਾਂ ਕਿਰਿਆਵਾਂ ਦੀਆਂ ਆਦਤਾਂ ਬਣਾਉਣਾ ਤੁਹਾਡੇ ਟ੍ਰੇਲਰ ਨੂੰ ਜੈਕਨਿਫਿੰਗ ਤੋਂ ਰੋਕਣ ਵਿੱਚ ਤੁਹਾਡੀ ਮਦਦ ਕਰੇਗਾ।"
8888,ਇੱਕ ਟ੍ਰੇਲਰ ਦੇ ਆਲੇ-ਦੁਆਲੇ ਘੁੰਮਣ ਦੀ ਸਭ ਤੋਂ ਵੱਧ ਸੰਭਾਵਨਾ ਹੋਵੇਗੀ ਜਦੋਂ:,,ਇਹ ਭਰਿਆ ਹੋਇਆ ਹੈ।,ਇੱਕ ਸਿੱਧੀ ਲਾਈਨ ਵਿੱਚ ਯਾਤਰਾ.,ਇਹ ਖਾਲੀ ਹੈ।,ਪਹੀਏ ਘੁੰਮ ਰਹੇ ਹਨ।,C,"ਇੱਕ ਖਾਲੀ ਟ੍ਰੇਲਰ ਨੂੰ ਲੋਡ ਕੀਤੇ ਟ੍ਰੇਲਰ ਨਾਲੋਂ ਇੱਕ ਲੰਮੀ ਰੁਕਣ ਵਾਲੀ ਦੂਰੀ ਦੀ ਲੋੜ ਹੋਵੇਗੀ। ਇਸ ਤੋਂ ਇਲਾਵਾ, ਇੱਕ ਟ੍ਰੇਲਰ ਹਲਕੀ ਲੋਡ ਜਾਂ ਖਾਲੀ ਹੋਣ 'ਤੇ ਬਾਹਰ ਨਿਕਲਣ ਅਤੇ ਦੂਜੇ ਵਾਹਨਾਂ ਨੂੰ ਟੱਕਰ ਦੇਣ ਦੀ ਸੰਭਾਵਨਾ ਹੈ।"
10744,ਇੱਕ ਖੜ੍ਹੀ ਡਾਊਨਗ੍ਰੇਡ ਹੇਠਾਂ ਯਾਤਰਾ ਕਰਦੇ ਸਮੇਂ:,,ਏਅਰ ਬ੍ਰੇਕ ਦੀ ਵਰਤੋਂ ਕਰਨੀ ਚਾਹੀਦੀ ਹੈ।,"ਇੱਕ ਹੇਠਲੇ ਗੇਅਰ ਵਿੱਚ ਸ਼ਿਫਟ ਕਰੋ, ਫਿਰ ਇੰਜਣ ਦੇ ਬ੍ਰੇਕਿੰਗ ਪ੍ਰਭਾਵ ਨੂੰ ਪੂਰਕ ਕਰਨ ਲਈ ਬ੍ਰੇਕਾਂ ਦੀ ਵਰਤੋਂ ਕਰੋ।",ਬ੍ਰੇਕਾਂ ਦੀ ਵਰਤੋਂ ਕਰਨ ਦੀ ਥਾਂ 'ਤੇ ਵਾਹਨ ਨੂੰ ਲਗਾਤਾਰ ਹੇਠਾਂ ਵੱਲ ਜਾਣਾ ਚਾਹੀਦਾ ਹੈ।,ਗੱਡੀ ਮੋਢੇ 'ਤੇ ਰੱਖ ਕੇ ਚਲਾਈ ਜਾਵੇ।,B,"ਡਾਊਨਗ੍ਰੇਡ 'ਤੇ, ਇੰਜਣ ਦਾ ਬ੍ਰੇਕਿੰਗ ਪ੍ਰਭਾਵ ਗਤੀ ਨੂੰ ਨਿਯੰਤਰਿਤ ਕਰਨ ਦਾ ਤੁਹਾਡਾ ਪ੍ਰਾਇਮਰੀ ਤਰੀਕਾ ਹੋਣਾ ਚਾਹੀਦਾ ਹੈ। ਪਹਾੜੀ ਤੋਂ ਹੇਠਾਂ ਜਾਣ ਤੋਂ ਪਹਿਲਾਂ ਹੇਠਲੇ ਗੀਅਰ 'ਤੇ ਸ਼ਿਫਟ ਕਰੋ ਅਤੇ ਸੜਕ ਜਾਂ ਆਵਾਜਾਈ ਦੀਆਂ ਸਥਿਤੀਆਂ ਦੁਆਰਾ ਲੋੜੀਂਦੇ ਵਾਧੂ ਹੌਲੀ ਜਾਂ ਰੁਕਣ ਲਈ ਬ੍ਰੇਕਾਂ ਨੂੰ ਬਚਾਓ।"
11302,ਹੇਠਾਂ ਦਿੱਤੇ ਵਿੱਚੋਂ ਕਿਹੜਾ ਡਰਾਈਵਿੰਗ ਖਤਰੇ ਦੀ ਉਦਾਹਰਨ ਨਹੀਂ ਹੈ?,,ਰੋਡ 'ਤੇ ਵਾਪਰਿਆ ਹਾਦਸਾ,ਇੱਕ ਖੁੱਲੀ ਸੜਕ,ਸੜਕ ਦੇ ਕਿਨਾਰੇ ਇੱਕ ਵਾਹਨ ਚਾਲਕ ਦੀ ਸਹਾਇਤਾ ਕਰ ਰਹੀ ਇੱਕ ਪੁਲਿਸ ਕਾਰ,ਇੱਕ ਆਈਸ ਕਰੀਮ ਟਰੱਕ,B,"ਦੁਰਘਟਨਾ ਵਾਲੀ ਥਾਂ ਤੋਂ ਲੰਘਣਾ ਖ਼ਤਰਨਾਕ ਹੋ ਸਕਦਾ ਹੈ ਕਿਉਂਕਿ ਹਾਦਸੇ ਵਿੱਚ ਸ਼ਾਮਲ ਲੋਕ ਟ੍ਰੈਫਿਕ ਨੂੰ ਨਹੀਂ ਦੇਖ ਰਹੇ ਹੋ ਸਕਦੇ ਹਨ, ਅਤੇ ਇਹ ਦ੍ਰਿਸ਼ ਆਪਣੇ ਆਪ ਵਿੱਚ ਦੂਜੇ ਲੰਘਣ ਵਾਲੇ ਡਰਾਈਵਰਾਂ ਦਾ ਧਿਆਨ ਭਟਕ ਸਕਦਾ ਹੈ। ਆਈਸ ਕਰੀਮ ਦੇ ਟਰੱਕ ਖਤਰਨਾਕ ਸਥਿਤੀਆਂ ਪੈਦਾ ਕਰ ਸਕਦੇ ਹਨ ਕਿਉਂਕਿ ਉਹ ਉਹਨਾਂ ਬੱਚਿਆਂ ਨੂੰ ਆਕਰਸ਼ਿਤ ਕਰਦੇ ਹਨ ਜੋ ਸ਼ਾਇਦ ਨੇੜੇ ਦੇ ਵਾਹਨਾਂ ਵੱਲ ਧਿਆਨ ਨਹੀਂ ਦਿੰਦੇ। ਰੋਡਵੇਜ਼ ਦੇ ਨੇੜੇ ਦੁਕਾਨਦਾਰ ਅਕਸਰ ਸਟੋਰਾਂ ਵੱਲ ਧਿਆਨ ਦਿੰਦੇ ਹਨ, ਆਵਾਜਾਈ ਨੂੰ ਲੰਘਣ ਤੋਂ ਨਹੀਂ."
11253,ਡਰਾਈਵਰ ਨੂੰ ਹਮੇਸ਼ਾ:,,ਸਹੀ ਲੇਨ ਵਿੱਚ ਰਹੋ.,ਇੱਕ ਐਮਰਜੈਂਸੀ ਯੋਜਨਾ ਬਣਾਓ।,ਖੱਬੇ ਲੇਨ ਵਿੱਚ ਰਹੋ.,ਪੋਸਟ ਕੀਤੀ ਗਤੀ ਸੀਮਾ ਤੋਂ ਵੱਧ ਤੇਜ਼ੀ ਨਾਲ ਗੱਡੀ ਚਲਾਓ।,B,"ਡ੍ਰਾਈਵਿੰਗ ਕਰਦੇ ਸਮੇਂ, ਤੁਹਾਨੂੰ ਸੰਭਾਵੀ ਖਤਰਿਆਂ ਦਾ ਪਤਾ ਲਗਾਉਣ ਲਈ ਪਹਿਲਾਂ ਤੋਂ ਹੀ ਸੜਕ ਨੂੰ ਲਗਾਤਾਰ ਸਕੈਨ ਕਰਨਾ ਚਾਹੀਦਾ ਹੈ। ਖ਼ਤਰਿਆਂ ਨਾਲ ਕਿਵੇਂ ਨਜਿੱਠਣਾ ਹੈ ਜੇਕਰ ਉਹ ਖ਼ਤਰਨਾਕ ਹੋ ਜਾਂਦੇ ਹਨ ਤਾਂ ਇਸ ਲਈ ਸੰਕਟਕਾਲੀਨ ਯੋਜਨਾਵਾਂ ਬਣਾਓ।"
11107,"ਜਦੋਂ ਬ੍ਰੇਕ ਪੈਡਲ ਉਦਾਸ ਹੁੰਦਾ ਹੈ, ਤਾਂ ਏਅਰ ਬ੍ਰੇਕ ਕੰਮ ਕਰਦੇ ਹਨ:",,ਤੁਰੰਤ.,ਥੋੜ੍ਹੀ ਦੇਰ ਬਾਅਦ.,ਲਗਭਗ ਇੱਕ ਮਿੰਟ ਬਾਅਦ.,ਕੇਵਲ ਤਾਂ ਹੀ ਜੇਕਰ ਕੰਟਰੋਲ ਪੈਨਲ 'ਤੇ ਹਰੇ ਲੀਵਰ ਨੂੰ ਹੇਠਾਂ ਧੱਕਿਆ ਜਾਂਦਾ ਹੈ।,B,"ਏਅਰ ਬ੍ਰੇਕਾਂ ਵਾਲੇ ਵਾਹਨ ਵਿੱਚ ਬ੍ਰੇਕ ਪੈਡਲ ਨੂੰ ਹੇਠਾਂ ਧੱਕੇ ਜਾਣ ਤੋਂ ਬਾਅਦ, ਲਾਈਨਾਂ ਵਿੱਚੋਂ ਹਵਾ ਦੇ ਵਹਿਣ ਅਤੇ ਬ੍ਰੇਕਾਂ ਨੂੰ ਕੰਮ ਕਰਨ ਵਿੱਚ ਅੱਧਾ ਸਕਿੰਟ ਜਾਂ ਵੱਧ ਸਮਾਂ ਲੱਗਦਾ ਹੈ। ਇਹ ਕਾਰਾਂ ਅਤੇ ਹਲਕੇ ਅਤੇ ਦਰਮਿਆਨੇ ਟਰੱਕਾਂ ਵਿੱਚ ਵਰਤੀਆਂ ਜਾਂਦੀਆਂ ਹਾਈਡ੍ਰੌਲਿਕ ਬ੍ਰੇਕਾਂ ਨਾਲ ਉਲਟ ਹੈ, ਜੋ ਪੈਡਲ ਨੂੰ ਧੱਕੇ ਜਾਣ 'ਤੇ ਤੁਰੰਤ ਕੰਮ ਕਰਨਾ ਸ਼ੁਰੂ ਕਰ ਦਿੰਦੇ ਹਨ।"
10946,"ਜੇਕਰ ਕੋਈ ਹੋਰ ਡਰਾਈਵਰ ਤੁਹਾਨੂੰ ਟੇਲਗੇਟ ਕਰ ਰਿਹਾ ਹੈ, ਤਾਂ ਤੁਹਾਨੂੰ ਇਹ ਕਰਨਾ ਚਾਹੀਦਾ ਹੈ:",,ਖੱਬੇ ਲੇਨ ਵਿੱਚ ਚਲੇ ਜਾਓ।,ਤੇਜ਼ ਕਰੋ।,ਆਪਣੇ ਵਾਹਨ ਦੇ ਸਾਹਮਣੇ ਜਗ੍ਹਾ ਵਧਾਓ।,ਆਪਣੀਆਂ ਲਾਈਟਾਂ ਨੂੰ ਫਲੈਸ਼ ਕਰੋ।,C,"ਜੇ ਤੁਹਾਨੂੰ ਟੇਲਗੇਟ ਕੀਤਾ ਜਾ ਰਿਹਾ ਹੈ, ਤਾਂ ਇਹ ਸਲਾਹ ਦਿੱਤੀ ਜਾਂਦੀ ਹੈ ਕਿ ਤੁਸੀਂ ਆਪਣੇ ਵਾਹਨ ਦੇ ਅੱਗੇ ਜਗ੍ਹਾ ਖੋਲ੍ਹੋ, ਜਿਸ ਨਾਲ ਟੇਲਗੇਟਰ ਲਈ ਤੁਹਾਡੇ ਆਲੇ-ਦੁਆਲੇ ਘੁੰਮਣਾ ਆਸਾਨ ਹੋ ਜਾਵੇਗਾ। ਸਪੀਡ ਵਧਾਉਣਾ ਪ੍ਰਤੀਕੂਲ ਹੋ ਸਕਦਾ ਹੈ ਕਿਉਂਕਿ ਡ੍ਰਾਈਵਰ ਤੁਹਾਨੂੰ ਤੇਜ਼ ਰਫ਼ਤਾਰ 'ਤੇ ਟੇਲਗੇਟ ਕਰਨਾ ਜਾਰੀ ਰੱਖ ਸਕਦਾ ਹੈ, ਸਿਰਫ ਖ਼ਤਰੇ ਨੂੰ ਵਧਾ ਸਕਦਾ ਹੈ।"
10246,"ਜੇਕਰ ਪਾਰਕ ਕੀਤੇ ਟ੍ਰੇਲਰ ਵਿੱਚ ਸਪਰਿੰਗ ਬ੍ਰੇਕ ਨਹੀਂ ਹਨ, ਤਾਂ ਤੁਹਾਨੂੰ ਟ੍ਰੇਲਰ ਨੂੰ ਅੱਗੇ ਵਧਣ ਤੋਂ ਰੋਕਣਾ ਚਾਹੀਦਾ ਹੈ:",,ਏਅਰ ਬ੍ਰੇਕ ਦੀ ਵਰਤੋਂ ਕਰਦੇ ਹੋਏ.,ਵ੍ਹੀਲ ਚੌਕਸ ਦੀ ਵਰਤੋਂ ਕਰਨਾ.,ਇੱਕ ਕੰਧ ਦੇ ਨੇੜੇ ਪਾਰਕਿੰਗ.,ਇੱਕ ਮਾਮੂਲੀ ਝੁਕਾਅ 'ਤੇ ਪਾਰਕਿੰਗ.,B,"ਜੇਕਰ ਇੱਕ ਪਾਰਕ ਕੀਤੇ ਟ੍ਰੇਲਰ ਵਿੱਚ ਸਪਰਿੰਗ ਬ੍ਰੇਕ ਨਹੀਂ ਹਨ, ਤਾਂ ਇਸਨੂੰ ਹਿੱਲਣ ਤੋਂ ਰੋਕਣ ਲਈ ਵ੍ਹੀਲ ਚੋਕਾਂ ਦੀ ਵਰਤੋਂ ਕੀਤੀ ਜਾਣੀ ਚਾਹੀਦੀ ਹੈ। ਏਅਰ ਬ੍ਰੇਕ ਇੱਕ ਪਾਰਕ ਕੀਤੇ ਟ੍ਰੇਲਰ ਨੂੰ ਉਦੋਂ ਤੱਕ ਹੀ ਰੱਖ ਸਕਦੇ ਹਨ ਜਦੋਂ ਤੱਕ ਏਅਰ ਟੈਂਕ ਵਿੱਚ ਹਵਾ ਦਾ ਦਬਾਅ ਬਾਕੀ ਰਹਿੰਦਾ ਹੈ, ਇਸਲਈ ਪਹੀਏ ਦੇ ਚੱਕਰ ਸੁਰੱਖਿਆ ਨੂੰ ਯਕੀਨੀ ਬਣਾਉਣਗੇ।"
10060,ਹੇਠਾਂ ਦਿੱਤੇ ਵਿੱਚੋਂ ਕਿਹੜਾ ਇਹ ਨਿਰਧਾਰਤ ਕਰਨ ਵਿੱਚ ਤੁਹਾਡੀ ਮਦਦ ਕਰ ਸਕਦਾ ਹੈ ਕਿ ਕਦੋਂ ਅੱਪਸ਼ਿਫਟ ਕਰਨਾ ਹੈ?,,ਸੜਕ ਦੀ ਗਤੀ,ਇੰਜਣ ਦੀ ਗਤੀ,ਉਪਰੋਕਤ ਦੋਵੇਂ,ਉੱਪਰ ਵਾਲਿਆਂ ਵਿਚੋਂ ਕੋਈ ਵੀ ਨਹੀਂ,C,"ਦੋ ਸੂਚਕ ਹਨ ਜੋ ਇਹ ਨਿਰਧਾਰਤ ਕਰਦੇ ਹਨ ਕਿ ਤੁਹਾਨੂੰ ਉੱਚੇ ਗੇਅਰ ਵਿੱਚ ਕਦੋਂ ਸ਼ਿਫਟ ਕਰਨ ਦੀ ਲੋੜ ਹੈ। ਇੱਕ ਸੂਚਕ ਇੰਜਣ ਦੀ ਗਤੀ (rpm) ਹੈ। ਤੁਹਾਨੂੰ ਆਪਣੇ ਵਾਹਨ ਦੀ ਆਰਪੀਐਮ ਰੇਂਜ ਸਿੱਖਣ ਲਈ ਮੈਨੂਅਲ ਪੜ੍ਹਨਾ ਚਾਹੀਦਾ ਹੈ ਅਤੇ ਜਦੋਂ ਤੁਸੀਂ ਉਸ ਰੇਂਜ ਦੇ ਸਿਖਰ 'ਤੇ ਪਹੁੰਚ ਜਾਂਦੇ ਹੋ ਤਾਂ ਉੱਪਰ ਵੱਲ ਸ਼ਿਫਟ ਕਰਨਾ ਚਾਹੀਦਾ ਹੈ। ਦੂਜਾ ਸੂਚਕ ਸੜਕ ਦੀ ਗਤੀ (ਮੀਲ ਪ੍ਰਤੀ ਘੰਟਾ) ਹੈ। ਤੁਹਾਨੂੰ ਇਹ ਸਿੱਖਣਾ ਚਾਹੀਦਾ ਹੈ ਕਿ ਹਰੇਕ ਗੇਅਰ ਕਿਹੜੀ ਗਤੀ ਨੂੰ ਅਨੁਕੂਲਿਤ ਕਰ ਸਕਦਾ ਹੈ, ਫਿਰ ਸਪੀਡੋਮੀਟਰ 'ਤੇ ਨਜ਼ਰ ਰੱਖੋ ਅਤੇ ਲੋੜ ਅਨੁਸਾਰ ਉੱਪਰ ਵੱਲ ਸ਼ਿਫਟ ਕਰੋ।"
8900,ਕਿਸ ਸਾਲ ਤੋਂ ਨਵੇਂ ਨਿਰਮਿਤ ਟ੍ਰੇਲਰਾਂ ਵਿੱਚ ABS ਹੋਣਾ ਜ਼ਰੂਰੀ ਸੀ?,,1972,1987,1998,2004,C,"1 ਮਾਰਚ, 1998 ਨੂੰ ਜਾਂ ਇਸ ਤੋਂ ਬਾਅਦ ਨਿਰਮਿਤ ਸਾਰੇ ਟ੍ਰੇਲਰ ਅਤੇ ਕਨਵਰਟਰ ਡੌਲੀਆਂ ਐਂਟੀ-ਲਾਕ ਬ੍ਰੇਕਿੰਗ ਸਿਸਟਮ (ABS) ਨਾਲ ਲੈਸ ਹੋਣੀਆਂ ਚਾਹੀਦੀਆਂ ਹਨ।"
11696,ਇੱਕ ਸੰਚਾਲਨ ਕੰਟਰੋਲ ਵਾਲਵ ਇਹਨਾਂ ਨੂੰ ਨਿਯੰਤਰਿਤ ਕਰ ਸਕਦਾ ਹੈ:,,ਬਸੰਤ ਬ੍ਰੇਕ.,ਲੈਂਡਿੰਗ ਗੇਅਰ।,ਏਅਰ ਬ੍ਰੇਕ.,ਐਂਟੀ-ਲਾਕ ਬ੍ਰੇਕਿੰਗ ਸਿਸਟਮ (ABS)।,A,"ਇੱਕ ਸੰਚਾਲਨ ਕੰਟਰੋਲ ਵਾਲਵ ਇੱਕ ਡਰਾਈਵਰ ਨੂੰ ਹੌਲੀ-ਹੌਲੀ ਸਪਰਿੰਗ ਬ੍ਰੇਕ ਲਗਾਉਣ ਦੀ ਆਗਿਆ ਦਿੰਦਾ ਹੈ। ਲੈਸ ਵਾਹਨਾਂ ਵਿੱਚ, ਵਾਲਵ ਨੂੰ ਡੈਸ਼ਬੋਰਡ 'ਤੇ ਸਥਿਤ ਇੱਕ ਲੀਵਰ ਦੁਆਰਾ ਨਿਯੰਤਰਿਤ ਕੀਤਾ ਜਾਂਦਾ ਹੈ।"
11459,"ਡਰਾਈਵ ਕਰਨ ਤੋਂ ਪਹਿਲਾਂ, ਇਹ ਯਕੀਨੀ ਬਣਾਓ ਕਿ ਹਵਾ ਸਾਰੇ ਟਰੇਲਰਾਂ ਵਿੱਚ ਇਸ ਦੁਆਰਾ ਵਹਿੰਦੀ ਹੈ:",,ਪਿਛਲੇ ਬੰਦ-ਬੰਦ ਵਾਲਵ ਨੂੰ ਖੋਲ੍ਹਣਾ ਅਤੇ ਹਵਾ ਤੋਂ ਬਚਣ ਲਈ ਸੁਣਨਾ।,ਪਿਛਲੇ ਬੰਦ-ਬੰਦ ਵਾਲਵ ਨੂੰ ਬੰਦ ਕਰਨਾ ਅਤੇ ਹਵਾ ਤੋਂ ਬਚਣ ਲਈ ਸੁਣਨਾ।,ਹਵਾ ਸਪਲਾਈ ਲਾਈਨਾਂ ਨੂੰ ਡਿਸਕਨੈਕਟ ਕਰਨਾ ਅਤੇ ਹਵਾ ਤੋਂ ਬਚਣ ਲਈ ਸੁਣਨਾ।,ਹਰੇਕ ਟ੍ਰੇਲਰ ਨੂੰ ਪਹਾੜੀ ਤੋਂ ਹੇਠਾਂ ਰੋਲ ਕਰਨਾ ਅਤੇ ਬ੍ਰੇਕਾਂ ਦੀ ਜਾਂਚ ਕਰਨਾ।,A,"ਇੱਕ ਯਾਤਰਾ ਤੋਂ ਪਹਿਲਾਂ, ਇਹ ਯਕੀਨੀ ਬਣਾਓ ਕਿ ਏਅਰ ਬ੍ਰੇਕ ਸਿਸਟਮ ਵਿੱਚ ਹਵਾ ਸਾਰੇ ਟਰੇਲਰਾਂ ਤੱਕ ਪਹੁੰਚਦੀ ਹੈ। ਹਵਾ ਦੇ ਦਬਾਅ ਦੇ ਬਣਨ ਦੀ ਉਡੀਕ ਕਰਕੇ, ਫਿਰ ਐਮਰਜੈਂਸੀ ਅਤੇ ਸੇਵਾ ਲਾਈਨਾਂ ਦੋਵਾਂ ਨੂੰ ਹਵਾ ਭੇਜ ਕੇ ਅਤੇ ਆਖਰੀ ਟ੍ਰੇਲਰ ਦੇ ਪਿਛਲੇ ਪਾਸੇ ਬੰਦ-ਬੰਦ ਵਾਲਵ ਖੋਲ੍ਹ ਕੇ ਅਜਿਹਾ ਕਰੋ। ਜੇਕਰ ਸੁਮੇਲ ਦੇ ਪਿਛਲੇ ਹਿੱਸੇ ਵਿੱਚ ਬੰਦ-ਬੰਦ ਵਾਲਵ ਤੋਂ ਹਵਾ ਨਿਕਲ ਜਾਂਦੀ ਹੈ, ਤਾਂ ਹਵਾ ਪੂਰੇ ਵਾਹਨ ਨੂੰ ਸਪਲਾਈ ਕੀਤੀ ਜਾ ਰਹੀ ਹੈ।"
9138,ਜਦੋਂ ਸਿਰਫ ਟਰੈਕਟਰ ਐਂਟੀ-ਲਾਕ ਬ੍ਰੇਕਿੰਗ ਸਿਸਟਮ (ABS) ਨਾਲ ਲੈਸ ਹੁੰਦਾ ਹੈ:,,ਜੈਕਨਿਫਿੰਗ ਦਾ ਘੱਟ ਜੋਖਮ ਹੁੰਦਾ ਹੈ।,ਜੈਕਨੀਫਿੰਗ ਦਾ ਵੱਧ ਖ਼ਤਰਾ ਹੈ।,ਬ੍ਰੇਕਾਂ ਓਨੇ ਪ੍ਰਭਾਵਸ਼ਾਲੀ ਢੰਗ ਨਾਲ ਕੰਮ ਨਹੀਂ ਕਰਨਗੇ ਜਿੰਨੀਆਂ ਉਹ ABS ਤੋਂ ਬਿਨਾਂ ਕਰਨਗੇ।,ਬ੍ਰੇਕ ਜ਼ਿਆਦਾ ਸੰਵੇਦਨਸ਼ੀਲ ਹੋ ਜਾਣਗੇ।,A,"ਜੇਕਰ ਇੱਕ ਟਰੈਕਟਰ ਐਂਟੀ-ਲਾਕ ਬ੍ਰੇਕਿੰਗ ਸਿਸਟਮ (ABS) ਨਾਲ ਲੈਸ ਹੈ ਪਰ ਟ੍ਰੇਲਰ ਨਹੀਂ ਹੈ, ਤਾਂ ਜੈਕਨਿਫਿੰਗ ਦਾ ਜੋਖਮ ਘੱਟ ਜਾਵੇਗਾ ਅਤੇ ਡਰਾਈਵਰ ਨੂੰ ਅਜੇ ਵੀ ਸਟੀਅਰਿੰਗ ਕੰਟਰੋਲ ਬਣਾਈ ਰੱਖਣ ਦੇ ਯੋਗ ਹੋਣਾ ਚਾਹੀਦਾ ਹੈ। ਜੇਕਰ ਸਿਰਫ਼ ਟ੍ਰੇਲਰ ABS ਨਾਲ ਲੈਸ ਹੈ, ਤਾਂ ਇਹ ਘੱਟ ਸੰਭਾਵਨਾ ਹੈ ਕਿ ਟ੍ਰੇਲਰ ਇੱਕ ਪਾਸੇ ਵੱਲ ਸਵਿੰਗ ਕਰੇਗਾ।"
11012,"ਵਾਹਨ ਚਾਲੂ ਹੋਣ ਤੋਂ ਬਾਅਦ, ਚੇਤਾਵਨੀ ਲਾਈਟਾਂ ਅਤੇ ਬੱਜ਼ਰ:",,ਕਈ ਮਿੰਟਾਂ ਲਈ ਰਹਿਣਾ ਚਾਹੀਦਾ ਹੈ.,ਕੁਝ ਸਕਿੰਟਾਂ ਵਿੱਚ ਬੰਦ ਹੋ ਜਾਣਾ ਚਾਹੀਦਾ ਹੈ।,ਹੱਥੀਂ ਬੰਦ ਹੋਣ ਤੱਕ ਚਾਲੂ ਰਹਿਣਾ ਚਾਹੀਦਾ ਹੈ।,'ਤੇ ਰਹਿਣਾ ਚਾਹੀਦਾ ਹੈ।,B,"ਇੰਜਣ ਚਾਲੂ ਕਰਨ ਤੋਂ ਬਾਅਦ, ਚੇਤਾਵਨੀ ਲਾਈਟਾਂ ਅਤੇ ਬਜ਼ਰ ਤੁਰੰਤ ਬਾਹਰ ਚਲੇ ਜਾਣੇ ਚਾਹੀਦੇ ਹਨ। ਜੇਕਰ ਕੋਈ ਲਾਈਟ ਚਾਲੂ ਰਹਿੰਦੀ ਹੈ, ਤਾਂ ਇਹ ਆਮ ਤੌਰ 'ਤੇ ਵਾਹਨ ਨਾਲ ਸਮੱਸਿਆ ਦਾ ਸੰਕੇਤ ਦਿੰਦਾ ਹੈ।"
10535,"ਜੇ ਵਾਹਨ ਨਿਰੀਖਣ ਰਿਪੋਰਟ ਨੂੰ ਲਿਖਤੀ ਰੂਪ ਵਿੱਚ ਪੂਰਾ ਕਰਨ ਦੀ ਲੋੜ ਹੈ, ਤਾਂ ਰਿਪੋਰਟ 'ਤੇ ਦਸਤਖਤ ਕੀਤੇ ਜਾਣੇ ਚਾਹੀਦੇ ਹਨ:",,ਨਿੱਤ.,ਕੇਵਲ ਤਾਂ ਹੀ ਜੇਕਰ ਨੁਕਸ ਨੋਟ ਕੀਤੇ ਗਏ ਹਨ ਅਤੇ ਮੁਰੰਮਤ ਕੀਤੇ ਜਾਣ ਲਈ ਪ੍ਰਮਾਣਿਤ ਕੀਤੇ ਗਏ ਹਨ।,"ਕੇਵਲ ਤਾਂ ਹੀ ਜੇਕਰ ਮੁਰੰਮਤ 'ਤੇ $1,000 ਤੋਂ ਵੱਧ ਖਰਚ ਹੋਣ ਦਾ ਅਨੁਮਾਨ ਹੈ।",ਕੇਵਲ ਤਾਂ ਹੀ ਜੇਕਰ ਕਿਸੇ ਕਾਨੂੰਨ ਲਾਗੂ ਕਰਨ ਵਾਲੇ ਅਧਿਕਾਰੀ ਦੁਆਰਾ ਅਜਿਹਾ ਕਰਨ ਦੀ ਬੇਨਤੀ ਕੀਤੀ ਜਾਂਦੀ ਹੈ।,B,ਤੁਹਾਨੂੰ ਪਿਛਲੀ ਵਾਹਨ ਨਿਰੀਖਣ ਰਿਪੋਰਟ 'ਤੇ ਸਿਰਫ਼ ਉਦੋਂ ਹੀ ਦਸਤਖਤ ਕਰਨੇ ਚਾਹੀਦੇ ਹਨ ਜੇਕਰ ਨੁਕਸ ਨੋਟ ਕੀਤੇ ਗਏ ਹੋਣ ਅਤੇ ਮੁਰੰਮਤ ਕੀਤੇ ਜਾਣ ਜਾਂ ਮੁਰੰਮਤ ਕਰਨ ਦੀ ਲੋੜ ਨਾ ਹੋਣ ਲਈ ਪ੍ਰਮਾਣਿਤ ਹੋਵੇ।
9540,ਸਰਵਿਸ ਲਾਈਨ ਦਾ ਦੂਜਾ ਨਾਮ ਕੀ ਹੈ?,,ਕੰਟਰੋਲ ਲਾਈਨ,ਐਕਸਚੇਂਜ ਲਾਈਨ,ਸਰਪਲੱਸ ਲਾਈਨ,ਸਮਾਨਾਂਤਰ ਲਾਈਨ,A,"ਸਰਵਿਸ ਲਾਈਨ, ਜਿਸ ਨੂੰ ਕੰਟਰੋਲ ਲਾਈਨ ਜਾਂ ਸਿਗਨਲ ਲਾਈਨ ਵੀ ਕਿਹਾ ਜਾਂਦਾ ਹੈ, ਟ੍ਰੇਲਰ ਬ੍ਰੇਕਾਂ ਤੱਕ ਹਵਾ ਲੈ ​​ਕੇ ਜਾਂਦੀ ਹੈ ਅਤੇ ਫੁੱਟ ਬ੍ਰੇਕ ਜਾਂ ਟ੍ਰੇਲਰ ਹੈਂਡ ਬ੍ਰੇਕ ਦੁਆਰਾ ਨਿਯੰਤਰਿਤ ਕੀਤੀ ਜਾਂਦੀ ਹੈ।"
11650,ਘੱਟ ਕਲੀਅਰੈਂਸ ਡਰਾਈਵਿੰਗ ਕਰਦੇ ਸਮੇਂ ਮੁਸ਼ਕਲਾਂ ਪੈਦਾ ਕਰ ਸਕਦੀ ਹੈ:,,ਰੇਲਮਾਰਗ ਕ੍ਰਾਸਿੰਗ 'ਤੇ.,ਬੱਜਰੀ ਵਾਲੀਆਂ ਸੜਕਾਂ 'ਤੇ.,ਕੋਨੇ ਦੁਆਲੇ.,ਪੋਸਟ ਕੀਤੀ ਗਤੀ ਸੀਮਾ 'ਤੇ.,A,"ਰੇਲਮਾਰਗ-ਹਾਈਵੇ ਕ੍ਰਾਸਿੰਗਾਂ ਨੂੰ ਪਾਰ ਕਰਨਾ ਔਖਾ ਹੋ ਸਕਦਾ ਹੈ ਜੇਕਰ ਤੁਸੀਂ ਘੱਟ ਕਲੀਅਰੈਂਸ ਵਾਲੇ ਟ੍ਰੇਲਰ ਨੂੰ ਖਿੱਚ ਰਹੇ ਹੋ। ਖਾਸ ਤੌਰ 'ਤੇ, ਲੰਬੇ ਟ੍ਰੇਲਰਾਂ ਨੂੰ ਖਿੱਚਣ ਵਾਲੇ ਲੋਅ-ਸਲੰਗ ਯੂਨਿਟ ਅਤੇ ਸਿੰਗਲ-ਐਕਸਲ ਟ੍ਰੈਕਟਰ ਦੋਵੇਂ ਉੱਚੇ ਹੋਏ ਕਰਾਸਿੰਗਾਂ 'ਤੇ ਚਲਾਉਣਾ ਖਾਸ ਤੌਰ 'ਤੇ ਚੁਣੌਤੀਪੂਰਨ ਹਨ।"
11233,ਇੱਕ ਟ੍ਰੇਲਰ ਦੇ ਅੰਦਰ ਮਾਲ:,,ਸੁਰੱਖਿਅਤ ਕਰਨ ਦੀ ਲੋੜ ਨਹੀਂ ਹੈ।,ਤਿੰਨ ਫੁੱਟ ਤੋਂ ਵੱਧ ਉੱਚਾ ਨਹੀਂ ਹੋਣਾ ਚਾਹੀਦਾ।,ਅੰਦੋਲਨ ਨੂੰ ਰੋਕਣ ਲਈ ਸੁਰੱਖਿਅਤ ਕੀਤਾ ਜਾਣਾ ਚਾਹੀਦਾ ਹੈ.,ਹਲਕੇ ਵਸਤੂਆਂ ਦੇ ਸਿਖਰ 'ਤੇ ਸਭ ਤੋਂ ਭਾਰੀ ਵਸਤੂਆਂ ਨਾਲ ਲੋਡ ਕੀਤਾ ਜਾਣਾ ਚਾਹੀਦਾ ਹੈ.,C,ਕਾਰਗੋ ਨੂੰ ਆਵਾਜਾਈ ਵਿੱਚ ਜਾਣ ਤੋਂ ਰੋਕਣ ਲਈ ਇਸਨੂੰ ਸਹੀ ਢੰਗ ਨਾਲ ਸੁਰੱਖਿਅਤ ਕਰਨ ਦੀ ਲੋੜ ਹੈ। ਵਾਹਨ ਦੇ ਕੇਂਦਰ ਦੀ ਗੰਭੀਰਤਾ ਨੂੰ ਘੱਟ ਰੱਖਣ ਅਤੇ ਚੰਗੀ ਤਰ੍ਹਾਂ ਵੰਡਣ ਲਈ ਕਾਰਗੋ ਦਾ ਪ੍ਰਬੰਧ ਕੀਤਾ ਜਾਣਾ ਚਾਹੀਦਾ ਹੈ।
11234,ਜਦੋਂ ਇੱਕ ਇੰਜਣ ਚਾਲੂ ਹੁੰਦਾ ਹੈ:,,ਬ੍ਰੇਕਾਂ ਨੂੰ ਲਾਕ ਕੀਤਾ ਜਾਣਾ ਚਾਹੀਦਾ ਹੈ.,ਚੇਤਾਵਨੀ ਲਾਈਟਾਂ ਆਉਣੀਆਂ ਚਾਹੀਦੀਆਂ ਹਨ ਅਤੇ ਫਿਰ ਜਲਦੀ ਬੰਦ ਹੋ ਜਾਣੀਆਂ ਚਾਹੀਦੀਆਂ ਹਨ।,ਕੂਲੈਂਟ ਦਾ ਤਾਪਮਾਨ ਘੱਟ ਜਾਵੇਗਾ।,ਹੁੱਡ ਖੁੱਲ੍ਹਾ ਹੋਣਾ ਚਾਹੀਦਾ ਹੈ.,B,"ਵਾਹਨ ਚਾਲੂ ਹੋਣ ਤੋਂ ਬਾਅਦ, ਚੇਤਾਵਨੀ ਲਾਈਟਾਂ ਅਤੇ ਬਜ਼ਰ ਕੁਝ ਸਕਿੰਟਾਂ ਬਾਅਦ ਬੰਦ ਹੋ ਜਾਣੇ ਚਾਹੀਦੇ ਹਨ। ਜੇਕਰ ਚੇਤਾਵਨੀ ਸਿਗਨਲ ਬੰਦ ਨਹੀਂ ਹੁੰਦੇ ਹਨ, ਤਾਂ ਵਾਹਨ ਵਿੱਚ ਕੁਝ ਗੜਬੜ ਹੋ ਸਕਦੀ ਹੈ।"
11466,"ਇੱਕ ਲਾਗੂ ਲੀਕੇਜ ਟੈਸਟ ਦੇ ਦੌਰਾਨ, ਇੱਕ ਟ੍ਰਿਪਲ ਮਿਸ਼ਰਨ ਵਾਹਨ ਲਈ ਵੱਧ ਤੋਂ ਵੱਧ ਲੀਕੇਜ ਦਰ ਹੈ:",,ਇੱਕ ਮਿੰਟ ਵਿੱਚ 10 psi.,ਇੱਕ ਮਿੰਟ ਵਿੱਚ 8 ਪੀ.ਐਸ.ਆਈ.,ਇੱਕ ਮਿੰਟ ਵਿੱਚ 6 ਪੀ.ਐਸ.ਆਈ.,ਇੱਕ ਮਿੰਟ ਵਿੱਚ 4 ਪੀ.ਐਸ.ਆਈ.,C,ਤੁਹਾਡੇ ਖਾਸ ਵਾਹਨ ਲਈ ਵੱਧ ਤੋਂ ਵੱਧ ਹਵਾ ਦੇ ਨੁਕਸਾਨ ਦੀ ਦਰ ਨੂੰ ਜਾਣਨਾ ਮਹੱਤਵਪੂਰਨ ਹੈ। ਇੱਕ ਲਾਗੂ ਲੀਕੇਜ ਟੈਸਟ ਦੇ ਦੌਰਾਨ ਇੱਕ ਟ੍ਰਿਪਲ ਮਿਸ਼ਰਨ ਦੀ ਲੀਕੇਜ ਦਰ ਇੱਕ ਮਿੰਟ ਵਿੱਚ 6 psi ਤੋਂ ਵੱਧ ਨਹੀਂ ਹੋਣੀ ਚਾਹੀਦੀ।
8845,ਪਲੇਕਾਰਡ ਵਰਤੇ ਜਾਣੇ ਚਾਹੀਦੇ ਹਨ:,,ਕਿਸੇ ਸਮੇਂ ਵੀ ਕੋਈ ਵਾਹਨ ਖਤਰਨਾਕ ਸਮੱਗਰੀ ਲੈ ਕੇ ਜਾ ਰਿਹਾ ਹੈ।,ਜੇਕਰ ਟਰੱਕ ਵਿੱਚ ਖੁੱਲ੍ਹੀ ਥਾਂ ਹੈ।,ਜੇਕਰ ਟਰੱਕ ਵਿੱਚ ਖਤਰਨਾਕ ਸਮੱਗਰੀ ਦੀ ਮਾਤਰਾ 200 ਪੌਂਡ ਤੋਂ ਵੱਧ ਹੈ।,ਜੇਕਰ ਖ਼ਤਰਨਾਕ ਸਮੱਗਰੀ ਸਾਹ ਲੈਣ ਲਈ ਖ਼ਤਰਾ ਪੈਦਾ ਕਰਦੀ ਹੈ।,A,ਖਤਰਨਾਕ ਸਮੱਗਰੀਆਂ ਵਾਲੇ ਵਾਹਨਾਂ ਦੇ ਬਾਹਰ ਪਲੇਕਾਰਡ ਲਗਾਏ ਜਾਣੇ ਚਾਹੀਦੇ ਹਨ। ਉਹ ਵਿਸ਼ੇਸ਼ ਸ਼੍ਰੇਣੀ ਜਾਂ ਸਮੱਗਰੀ ਦੀ ਸ਼੍ਰੇਣੀ ਦੀ ਪਛਾਣ ਕਰਦੇ ਹਨ ਅਤੇ ਹੋਰਾਂ ਨੂੰ ਸੰਬੰਧਿਤ ਖਤਰਿਆਂ ਬਾਰੇ ਚੇਤਾਵਨੀ ਦਿੰਦੇ ਹਨ।
11642,"ਟ੍ਰਿਪਲ ਦੇ ਇੱਕ ਸਮੂਹ ਵਿੱਚ, ਮੱਧ ਟ੍ਰੇਲਰ ਦੇ ਪਿਛਲੇ ਪਾਸੇ ਬੰਦ-ਬੰਦ ਵਾਲਵ ਹੋਣੇ ਚਾਹੀਦੇ ਹਨ:",,ਹਟਾਇਆ ਗਿਆ।,ਬੰਦ.,ਪਾਲਿਸ਼.,ਖੋਲ੍ਹੋ।,D,"ਡਬਲ ਜਾਂ ਤੀਹਰੀ ਸੰਚਾਲਨ ਕਰਦੇ ਸਮੇਂ, ਆਖਰੀ ਟ੍ਰੇਲਰ ਦੇ ਪਿਛਲੇ ਪਾਸੇ ਬੰਦ-ਬੰਦ ਵਾਲਵ ਬੰਦ ਹੋਣੇ ਚਾਹੀਦੇ ਹਨ। ਹੋਰ ਸਾਰੇ ਬੰਦ-ਬੰਦ ਵਾਲਵ ਖੁੱਲ੍ਹੇ ਹੋਣੇ ਚਾਹੀਦੇ ਹਨ।"
9364,ਓਵਰ-ਦੀ-ਕਾਊਂਟਰ ਦਵਾਈ:,,ਡਰਾਈਵਰ ਲਈ ਕੋਈ ਸੁਰੱਖਿਆ ਖਤਰਾ ਨਹੀਂ ਹੈ।,ਪ੍ਰਭਾਵ ਅਧੀਨ ਡ੍ਰਾਈਵਿੰਗ ਸੰਬੰਧੀ ਕਿਸੇ ਕਾਨੂੰਨ ਦੁਆਰਾ ਹਵਾਲਾ ਨਹੀਂ ਦਿੱਤਾ ਗਿਆ ਹੈ।,ਡਰਾਈਵਰ ਨੂੰ ਖਰਾਬ ਨਹੀਂ ਕੀਤਾ ਜਾ ਸਕਦਾ।,ਕਿਸੇ ਵਿਅਕਤੀ ਦੀ ਸੁਰੱਖਿਅਤ ਢੰਗ ਨਾਲ ਗੱਡੀ ਚਲਾਉਣ ਦੀ ਯੋਗਤਾ ਨੂੰ ਪ੍ਰਭਾਵਿਤ ਕਰ ਸਕਦਾ ਹੈ।,D,"ਨੁਸਖ਼ੇ ਅਤੇ ਓਵਰ-ਦੀ-ਕਾਊਂਟਰ ਦਵਾਈਆਂ ਦੇ ਮਾੜੇ ਪ੍ਰਭਾਵ ਹੋ ਸਕਦੇ ਹਨ ਜੋ ਕਿਸੇ ਵਿਅਕਤੀ ਦੀ ਸੁਰੱਖਿਅਤ ਢੰਗ ਨਾਲ ਗੱਡੀ ਚਲਾਉਣ ਦੀ ਸਮਰੱਥਾ ਨੂੰ ਵਿਗਾੜ ਸਕਦੇ ਹਨ। ਸ਼ਰਾਬ ਜਾਂ ਕਿਸੇ ਹੋਰ ਨਿਯੰਤਰਿਤ ਪਦਾਰਥ ਦੇ ਪ੍ਰਭਾਵ ਅਧੀਨ ਮੋਟਰ ਵਾਹਨ ਚਲਾਉਣਾ ਗੈਰ-ਕਾਨੂੰਨੀ ਹੈ, ਜਿਸ ਵਿੱਚ ਕੁਝ ਓਵਰ-ਦੀ-ਕਾਊਂਟਰ ਦਵਾਈਆਂ ਵੀ ਸ਼ਾਮਲ ਹਨ।"
9385,ਰੋਲਓਵਰ ਹੁੰਦੇ ਹਨ ਜਦੋਂ:,,ਇੱਕ ਟਰੱਕ ਡਰਾਈਵਰ ਬਹੁਤ ਤੇਜ਼ ਗੱਡੀ ਚਲਾ ਰਿਹਾ ਹੈ।,ਇੱਕ ਟਰੱਕ ਦੇ ਅੱਗੇ ਇੱਕ ਵਾਹਨ ਦਾ ਡਰਾਈਵਰ ਹੌਲੀ-ਹੌਲੀ ਜਾ ਰਿਹਾ ਹੈ।,ਇੱਕ ਟਰੱਕ ਡਰਾਈਵਰ ਬਹੁਤ ਹੌਲੀ ਗੱਡੀ ਚਲਾ ਰਿਹਾ ਹੈ।,ABS ਪ੍ਰਭਾਵਸ਼ਾਲੀ ਢੰਗ ਨਾਲ ਕੰਮ ਕਰ ਰਿਹਾ ਹੈ।,A,"ਰੋਲਓਵਰ ਉਦੋਂ ਵਾਪਰਦਾ ਹੈ ਜਦੋਂ ਕੋਈ ਵਾਹਨ ਬਹੁਤ ਤੇਜ਼ ਚਲਾਇਆ ਜਾਂਦਾ ਹੈ। ਰੋਲਓਵਰ ਦੇ ਜੋਖਮ ਨੂੰ ਘਟਾਉਣ ਲਈ, ਯਕੀਨੀ ਬਣਾਓ ਕਿ ਮਾਲ ਦਾ ਭਾਰ ਜ਼ਮੀਨ 'ਤੇ ਘੱਟ ਲੋਡ ਕੀਤਾ ਗਿਆ ਹੈ, ਅਤੇ ਇਹ ਕਿ ਤੁਸੀਂ ਹੌਲੀ-ਹੌਲੀ ਮੋੜ ਅਤੇ ਮੋੜ ਲੈਂਦੇ ਹੋ।"
11444,"ਡੌਲੀ ਨੂੰ ਜੋੜਨ ਵੇਲੇ, ਤੁਹਾਨੂੰ ਇਹ ਕਰਨਾ ਚਾਹੀਦਾ ਹੈ:",,ਡੌਲੀ ਨੂੰ ਪਿਛਲੇ ਟ੍ਰੇਲਰ ਦੇ ਹੇਠਾਂ ਤੋਂ ਬਾਹਰ ਲਿਜਾਣ ਤੋਂ ਪਹਿਲਾਂ ਪਿੰਟਲ ਹੁੱਕ ਨੂੰ ਅਨਲੌਕ ਕਰੋ।,ਪਿੰਟਲ ਹੁੱਕ ਨੂੰ ਅਨਲੌਕ ਕਰਨ ਤੋਂ ਪਹਿਲਾਂ ਡੌਲੀ ਨੂੰ ਪਿਛਲੇ ਟ੍ਰੇਲਰ ਦੇ ਹੇਠਾਂ ਤੋਂ ਬਾਹਰ ਲੈ ਜਾਓ।,ਡੌਲੀ ਲੈਂਡਿੰਗ ਗੇਅਰ ਚੁੱਕੋ।,ਜਿੰਨੀ ਜਲਦੀ ਹੋ ਸਕੇ ਡੌਲੀ ਨੂੰ ਹਟਾਓ.,B,"ਪਿੰਟਲ ਹੁੱਕ ਨੂੰ ਕਦੇ ਵੀ ਪਿਛਲੇ ਟ੍ਰੇਲਰ ਦੇ ਹੇਠਾਂ ਡੌਲੀ ਨਾਲ ਅਨਲੌਕ ਨਾ ਕਰੋ। ਇਸ ਨਾਲ ਡੌਲੀ ਟੋ ਬਾਰ ਉੱਡ ਸਕਦਾ ਹੈ, ਸੰਭਵ ਤੌਰ 'ਤੇ ਗੰਭੀਰ ਸੱਟ ਲੱਗ ਸਕਦੀ ਹੈ।"
8986,ਤੁਹਾਨੂੰ ਨਿਯਮਿਤ ਤੌਰ 'ਤੇ ਏਅਰ ਟੈਂਕਾਂ ਨੂੰ ਕੱਢਣ ਦੀ ਲੋੜ ਕਿਉਂ ਹੈ?,,ਕਿਉਂਕਿ ਹਵਾ ਪੁਰਾਣੀ ਹੋ ਜਾਂਦੀ ਹੈ ਅਤੇ ਇਸਨੂੰ ਬਦਲਣ ਦੀ ਲੋੜ ਹੁੰਦੀ ਹੈ,ਕਿਉਂਕਿ ਕੰਪਰੈੱਸਡ ਹਵਾ ਵਿੱਚ ਕੁਝ ਪਾਣੀ ਹੁੰਦਾ ਹੈ ਜਿਸ ਨੂੰ ਟੈਂਕਾਂ ਵਿੱਚੋਂ ਕੱਢਿਆ ਜਾਣਾ ਚਾਹੀਦਾ ਹੈ,ਹਵਾ ਦੇ ਦਬਾਅ ਵਿੱਚ ਤਬਦੀਲੀ ਲਈ ਆਗਿਆ ਦੇਣ ਲਈ,ਟੈਂਕੀਆਂ ਤੋਂ ਖਰਾਬ ਹਵਾ ਨੂੰ ਹਟਾਉਣ ਲਈ,B,ਏਅਰ ਬ੍ਰੇਕ ਸਿਸਟਮ ਵਿੱਚ ਸੰਕੁਚਿਤ ਹਵਾ ਵਿੱਚ ਆਮ ਤੌਰ 'ਤੇ ਪਾਣੀ ਅਤੇ ਕੰਪ੍ਰੈਸਰ ਤੇਲ ਦੀ ਇੱਕ ਨਿਸ਼ਚਿਤ ਮਾਤਰਾ ਹੁੰਦੀ ਹੈ। ਜੇਕਰ ਸਿਸਟਮ ਵਿੱਚ ਇਕੱਠੇ ਹੋਣ ਲਈ ਛੱਡ ਦਿੱਤਾ ਜਾਵੇ ਤਾਂ ਪਾਣੀ ਅਤੇ ਤੇਲ ਬਰੇਕਾਂ ਨੂੰ ਨੁਕਸਾਨ ਪਹੁੰਚਾ ਸਕਦੇ ਹਨ। ਇਸ ਬਿਲਡ-ਅੱਪ ਨੂੰ ਹਟਾਉਣ ਲਈ ਟੈਂਕਾਂ ਨੂੰ ਨਿਯਮਿਤ ਤੌਰ 'ਤੇ ਨਿਕਾਸ ਕੀਤਾ ਜਾਣਾ ਚਾਹੀਦਾ ਹੈ।
9539,ਟਰੈਕਟਰ ਸੁਰੱਖਿਆ ਵਾਲਵ ਕੀ ਹੈ?,,ਬ੍ਰੇਕ ਸਿਸਟਮ ਵਿੱਚ ਹਵਾ ਰੱਖਣ ਲਈ ਇੱਕ ਵਾਲਵ ਖਰਾਬ ਲੀਕ ਹੋਣਾ ਚਾਹੀਦਾ ਹੈ,ਇੱਕ ਵਾਲਵ ਜੋ ਟਰੱਕ ਨੂੰ ਚੋਰੀ ਹੋਣ ਤੋਂ ਰੋਕਦਾ ਹੈ,ਇੱਕ ਵਾਲਵ ਜੋ ਡਰਾਈਵਰ ਨੂੰ ਬਹੁਤ ਤੇਜ਼ ਜਾਣ ਤੋਂ ਰੋਕਦਾ ਹੈ,ਇੱਕ ਵਾਲਵ ਜੋ ਟ੍ਰੇਲਰ ਨੂੰ ਗਲਤੀ ਨਾਲ ਜਾਰੀ ਹੋਣ ਤੋਂ ਰੋਕਦਾ ਹੈ,A,"ਏਅਰ ਬ੍ਰੇਕਾਂ ਦੇ ਨਾਲ ਇੱਕ ਸੁਮੇਲ ਵਾਹਨ ਵਿੱਚ, ਟਰੈਕਟਰ ਸੁਰੱਖਿਆ ਵਾਲਵ ਟ੍ਰੇਲਰ ਦੇ ਟੁੱਟਣ ਜਾਂ ਲੀਕ ਹੋਣ ਦੀ ਸਥਿਤੀ ਵਿੱਚ ਟਰੈਕਟਰ ਜਾਂ ਟਰੱਕ ਬ੍ਰੇਕ ਸਿਸਟਮ ਵਿੱਚ ਹਵਾ ਰੱਖਦਾ ਹੈ।"
10941,ਹੇਠ ਲਿਖੀਆਂ ਸਤਹਾਂ ਵਿੱਚੋਂ ਕਿਹੜੀ ਸਤ੍ਹਾ ਸਭ ਤੋਂ ਘੱਟ ਟ੍ਰੈਕਸ਼ਨ ਪ੍ਰਦਾਨ ਕਰਦੀ ਹੈ?,,ਬਰਫ਼ ਜੋ ਸੁੱਕੀ ਹੈ,ਬਰਫ਼ ਜੋ ਗਿੱਲੀ ਹੈ,ਗਿੱਲਾ ਫੁੱਟਪਾਥ,ਸੁੱਕਾ ਫੁੱਟਪਾਥ,B,ਖਾਸ ਤੌਰ 'ਤੇ ਸਾਵਧਾਨ ਰਹੋ ਜਦੋਂ ਬਰਫ਼ 'ਤੇ ਗੱਡੀ ਚਲਾਉਂਦੇ ਸਮੇਂ ਜੋ ਪਿਘਲਣੀ ਸ਼ੁਰੂ ਹੋ ਗਈ ਹੈ। ਗਿੱਲੀ ਬਰਫ਼ ਸੁੱਕੀ ਬਰਫ਼ ਨਾਲੋਂ ਕਿਤੇ ਜ਼ਿਆਦਾ ਤਿਲਕਣ ਵਾਲੀ ਹੁੰਦੀ ਹੈ।
9343,ਇੱਕ ਪ੍ਰੀ-ਟ੍ਰਿਪ ਨਿਰੀਖਣ ਵਿੱਚ ____ ਬੁਨਿਆਦੀ ਕਦਮ ਸ਼ਾਮਲ ਹੁੰਦੇ ਹਨ।,,ਦੋ,ਚਾਰ,ਸੱਤ,ਨੌ,C,ਪ੍ਰੀ-ਟ੍ਰਿਪ ਨਿਰੀਖਣ ਲਈ ਸੱਤ ਬੁਨਿਆਦੀ ਕਦਮ ਹਨ। ਇਹਨਾਂ ਕਦਮਾਂ ਵਿੱਚ ਵਾਹਨ ਦੀ ਸੰਖੇਪ ਜਾਣਕਾਰੀ ਨੂੰ ਪੂਰਾ ਕਰਨਾ ਸ਼ਾਮਲ ਹੈ; ਇੰਜਣ ਦੇ ਡੱਬੇ ਦੀ ਜਾਂਚ ਕਰਨਾ; ਇੰਜਣ ਨੂੰ ਚਾਲੂ ਕਰਨਾ ਅਤੇ ਕੈਬ ਦੇ ਅੰਦਰ ਨਿਰੀਖਣ ਕਰਨਾ; ਇੰਜਣ ਨੂੰ ਬੰਦ ਕਰਨਾ ਅਤੇ ਲਾਈਟਾਂ ਦੀ ਜਾਂਚ ਕਰਨਾ; ਸੈਰ-ਸਪਾਟੇ ਦਾ ਨਿਰੀਖਣ; ਸਿਗਨਲ ਲਾਈਟਾਂ ਦੀ ਜਾਂਚ ਕਰਨਾ; ਅਤੇ ਇੰਜਣ ਨੂੰ ਚਾਲੂ ਕਰਨਾ ਅਤੇ ਬ੍ਰੇਕਾਂ ਦੀ ਜਾਂਚ ਕਰਨਾ।
11608,ਐਮਰਜੈਂਸੀ ਲਾਈਨ ਵਿੱਚ ਹਵਾ ਦੇ ਦਬਾਅ ਦੇ ਨੁਕਸਾਨ ਦਾ ਕਾਰਨ ਹੋਵੇਗਾ:,,ਸਰਗਰਮ ਕਰਨ ਲਈ ਸੇਵਾ ਬ੍ਰੇਕ.,ਟਰੈਕਟਰ ਸੁਰੱਖਿਆ ਵਾਲਵ ਬੰਦ ਕਰਨ ਲਈ।,ਸੁਮੇਲ ਤੋਂ ਵੱਖ ਕਰਨ ਲਈ ਪਿਛਲਾ ਟ੍ਰੇਲਰ।,ਸਸਪੈਂਸ਼ਨ ਸਪਰਿੰਗਜ਼ ਨੂੰ ਵਧਾਉਣ ਲਈ।,B,ਟਰੈਕਟਰ ਸੁਰੱਖਿਆ ਵਾਲਵ ਟ੍ਰੇਲਰ ਦੇ ਬ੍ਰੇਕਿੰਗ ਸਿਸਟਮ ਵਿੱਚ ਹਵਾ ਰੱਖਦਾ ਹੈ ਜੇਕਰ ਟ੍ਰੇਲਰ ਟੁੱਟ ਜਾਵੇ ਜਾਂ ਲੀਕ ਹੋ ਜਾਵੇ। ਐਮਰਜੈਂਸੀ ਲਾਈਨ ਵਿੱਚ ਹਵਾ ਦੇ ਦਬਾਅ ਵਿੱਚ ਕਮੀ ਕਾਰਨ ਟਰੈਕਟਰ ਸੁਰੱਖਿਆ ਵਾਲਵ ਖੁੱਲ੍ਹ ਜਾਵੇਗਾ ਅਤੇ ਐਮਰਜੈਂਸੀ ਟਰੇਲਰ ਬ੍ਰੇਕ ਸਰਗਰਮ ਹੋ ਜਾਣਗੇ।
10196,"ਇੱਕ ਕਰਵ ਵਿੱਚ ਦਾਖਲ ਹੋਣ ਤੋਂ ਪਹਿਲਾਂ, ਤੁਹਾਨੂੰ ਇਹ ਕਰਨਾ ਚਾਹੀਦਾ ਹੈ:",,ਅੱਪਸ਼ਿਫਟ।,ਤੇਜ਼ ਕਰੋ।,ਮੋਢੇ 'ਤੇ ਗੱਡੀ.,ਡਾਊਨਸ਼ਿਫਟ।,D,ਇੱਕ ਕਰਵ ਵਿੱਚ ਦਾਖਲ ਹੋਣ ਤੋਂ ਪਹਿਲਾਂ ਹਮੇਸ਼ਾਂ ਹੇਠਾਂ ਵੱਲ ਮੁੜੋ। ਕਰਵ ਵਿੱਚ ਦਾਖਲ ਹੋਣ ਤੋਂ ਪਹਿਲਾਂ ਆਪਣੀ ਗਤੀ ਨੂੰ ਘਟਾਉਣ ਨਾਲ ਤੁਸੀਂ ਪੂਰੇ ਕਰਵ ਵਿੱਚ ਵਾਹਨ 'ਤੇ ਬਿਹਤਰ ਨਿਯੰਤਰਣ ਬਣਾ ਸਕਦੇ ਹੋ।
10914,"ਇਹ ਪੁਸ਼ਟੀ ਕਰਨ ਲਈ ਕਿ ਟ੍ਰੇਲਰ ਵਿੱਚ ABS ਹੈ, ਤੁਸੀਂ ਇਹ ਕਰ ਸਕਦੇ ਹੋ:",,ਬ੍ਰੇਕਾਂ ਦੇ ਪਿਛਲੇ ਪਾਸੇ ਤੋਂ ਆਉਣ ਵਾਲੇ ਵ੍ਹੀਲ ਸਪੀਡ ਸੈਂਸਰਾਂ ਲਈ ਟ੍ਰੇਲਰ ਦੇ ਹੇਠਾਂ ਦੇਖੋ।,ABS ਸਟਿੱਕਰ ਲਈ ਹੁੱਡ ਦੇ ਹੇਠਾਂ ਦੇਖੋ।,ਟਾਇਰਾਂ ਨੂੰ ਦੇਖੋ.,ਇੱਕ ਟਾਇਰ ਹਟਾਓ ਅਤੇ ਐਕਸਲ 'ਤੇ ABS ਸੈਂਸਰ ਦੀ ਭਾਲ ਕਰੋ।,A,"ਜੇਕਰ ਤੁਸੀਂ ਨਿਸ਼ਚਿਤ ਨਹੀਂ ਹੋ ਕਿ ਟ੍ਰੇਲਰ ਐਂਟੀ-ਲਾਕ ਬ੍ਰੇਕਿੰਗ ਸਿਸਟਮ (ABS) ਨਾਲ ਲੈਸ ਹੈ, ਤਾਂ ਬ੍ਰੇਕਾਂ ਦੇ ਪਿਛਲੇ ਪਾਸੇ ਤੋਂ ਆਉਣ ਵਾਲੀਆਂ ਇਲੈਕਟ੍ਰਾਨਿਕ ਕੰਟਰੋਲ ਯੂਨਿਟ ਅਤੇ ਵ੍ਹੀਲ ਸਪੀਡ ਸੈਂਸਰ ਤਾਰਾਂ ਲਈ ਵਾਹਨ ਦੇ ਹੇਠਾਂ ਦੇਖੋ।"
11252,ਹੇਠਾਂ ਦਿੱਤੇ ਵਿੱਚੋਂ ਕਿਹੜਾ ਇੱਕ ਧਿਆਨ ਭੰਗ ਵਿਅਕਤੀ ਦੀ ਉਦਾਹਰਣ ਨਹੀਂ ਹੈ ਜਿਸ ਬਾਰੇ ਵਾਹਨ ਚਾਲਕਾਂ ਨੂੰ ਚਿੰਤਤ ਹੋਣਾ ਚਾਹੀਦਾ ਹੈ?,,ਇੱਕ ਡਰਾਈਵਰ ਆਪਣੇ ਵਾਹਨ ਵਿੱਚ ਇੱਕ ਯਾਤਰੀ ਨਾਲ ਗੱਲ ਕਰ ਰਿਹਾ ਹੈ,ਸੜਕ ਦੇ ਕਿਨਾਰੇ ਇੱਕ ਬੱਚਾ,ਸੜਕ ਦੇ ਕਿਨਾਰੇ ਇੱਕ ਉਸਾਰੀ ਮਜ਼ਦੂਰ,ਬੈਂਚ 'ਤੇ ਬੈਠਾ ਇਕ ਵਿਅਕਤੀ ਬੱਸ ਦੀ ਉਡੀਕ ਕਰ ਰਿਹਾ ਹੈ,D,"ਸੜਕ ਵੱਲ ਧਿਆਨ ਨਾ ਦੇਣ ਵਾਲੇ ਲੋਕਾਂ ਦੇ ਨੇੜੇ ਗੱਡੀ ਚਲਾਉਣ ਵੇਲੇ ਸਾਵਧਾਨ ਰਹੋ। ਸੜਕ ਦੇ ਕਰਮਚਾਰੀਆਂ, ਡਰਾਈਵਰਾਂ ਜੋ ਯਾਤਰੀਆਂ ਨਾਲ ਗੱਲਬਾਤ ਵਿੱਚ ਰੁੱਝੇ ਹੋਏ ਹਨ, ਅਤੇ ਸੜਕ ਦੇ ਨੇੜੇ ਬੱਚਿਆਂ ਤੋਂ ਸਾਵਧਾਨ ਰਹੋ।"
8835,ਪੈਸਿਵ ਰੇਲਮਾਰਗ ਕ੍ਰਾਸਿੰਗ:,,ਫਲੈਸ਼ਿੰਗ ਲਾਈਟਾਂ ਦੁਆਰਾ ਨਿਯੰਤਰਿਤ ਕੀਤੇ ਜਾਂਦੇ ਹਨ.,ਕਿਸੇ ਵੀ ਕਿਸਮ ਦੇ ਟ੍ਰੈਫਿਕ ਕੰਟਰੋਲ ਯੰਤਰ ਦੁਆਰਾ ਨਿਯੰਤਰਿਤ ਨਹੀਂ ਹੁੰਦੇ ਹਨ।,ਜਦੋਂ ਰੇਲਗੱਡੀਆਂ ਨੇੜੇ ਆ ਰਹੀਆਂ ਹੋਣ ਤਾਂ ਫਾਟਕ ਘੱਟ ਹੋਣ।,ਇੱਕ CMV ਦੁਆਰਾ ਕਦੇ ਵੀ ਪਾਰ ਨਹੀਂ ਕੀਤਾ ਜਾਣਾ ਚਾਹੀਦਾ ਹੈ।,B,"ਰੇਲਮਾਰਗ ਕ੍ਰਾਸਿੰਗ ਜੋ ਕਿ ਕਿਸੇ ਵੀ ਕਿਸਮ ਦੇ ਟ੍ਰੈਫਿਕ ਨਿਯੰਤਰਣ ਯੰਤਰ ਦੁਆਰਾ ਨਿਯੰਤਰਿਤ ਨਹੀਂ ਹਨ, ਨੂੰ ਪੈਸਿਵ ਕਰਾਸਿੰਗਾਂ ਵਜੋਂ ਜਾਣਿਆ ਜਾਂਦਾ ਹੈ। ਪੈਸਿਵ ਕਰਾਸਿੰਗ 'ਤੇ ਟਰੈਕਾਂ ਦੇ ਪਾਰ ਜਾਣ ਦਾ ਫੈਸਲਾ ਪੂਰੀ ਤਰ੍ਹਾਂ ਡਰਾਈਵਰ 'ਤੇ ਨਿਰਭਰ ਕਰਦਾ ਹੈ।"
11614,"ਟ੍ਰੇਲਰ ਨੂੰ ਜੋੜਨ ਲਈ ਬੈਕਅੱਪ ਲੈਂਦੇ ਸਮੇਂ, ਤੁਹਾਨੂੰ ਟਰੈਕਟਰ ਦੀ ਸਥਿਤੀ ਕਰਨੀ ਚਾਹੀਦੀ ਹੈ:",,ਟ੍ਰੇਲਰ ਦੇ ਸਾਹਮਣੇ 90-ਡਿਗਰੀ ਦੇ ਕੋਣ 'ਤੇ।,ਸਿੱਧਾ ਟ੍ਰੇਲਰ ਦੇ ਸਾਹਮਣੇ।,ਟ੍ਰੇਲਰ ਦੇ ਸਾਹਮਣੇ 30-ਡਿਗਰੀ ਦੇ ਕੋਣ 'ਤੇ।,ਟ੍ਰੇਲਰ ਦੇ ਸਾਹਮਣੇ 60-ਡਿਗਰੀ ਦੇ ਕੋਣ 'ਤੇ।,B,"ਟ੍ਰੇਲਰ ਨੂੰ ਜੋੜਨ ਲਈ ਬੈਕਅੱਪ ਕਰਦੇ ਸਮੇਂ, ਤੁਹਾਨੂੰ ਟਰੈਕਟਰ ਨੂੰ ਸਿੱਧੇ ਟ੍ਰੇਲਰ ਦੇ ਸਾਹਮਣੇ ਰੱਖਣਾ ਚਾਹੀਦਾ ਹੈ। ਕਿਸੇ ਕੋਣ 'ਤੇ ਬੈਕ ਕਰਦੇ ਹੋਏ ਜੋੜੇ ਦੀ ਕੋਸ਼ਿਸ਼ ਕਰਨ ਨਾਲ ਟ੍ਰੇਲਰ ਹਿੱਲ ਸਕਦਾ ਹੈ ਅਤੇ ਲੈਂਡਿੰਗ ਗੀਅਰ ਟੁੱਟ ਸਕਦਾ ਹੈ।"
11447,"ਯਾਤਰਾ ਤੋਂ ਪਹਿਲਾਂ ਕਪਲਿੰਗ ਉਪਕਰਣਾਂ ਦੀ ਜਾਂਚ ਕਰਦੇ ਸਮੇਂ, ਏਅਰ ਲਾਈਨਾਂ ਨੂੰ ਇਹ ਨਹੀਂ ਕਰਨਾ ਚਾਹੀਦਾ:",,ਖੁਸ਼ੀ ਦੇ ਹੱਥਾਂ ਨਾਲ ਜੁੜੇ ਰਹੋ.,ਕੋਈ ਢਿੱਲ ਹੈ।,ਸੁਰੱਖਿਅਤ ਰਹੋ।,ਲੀਕ ਹੋਣਾ।,D,"ਕਨਵਰਟਰ ਡੌਲੀ ਦਾ ਮੁਆਇਨਾ ਕਰਦੇ ਸਮੇਂ, ਯਕੀਨੀ ਬਣਾਓ ਕਿ ਸਾਰੇ ਹਿੱਸੇ ਮੌਜੂਦ ਹਨ ਅਤੇ ਸਹੀ ਕੰਮ ਕਰਨ ਦੀ ਸਥਿਤੀ ਵਿੱਚ ਹਨ। ਉਪਰਲੇ ਅਤੇ ਹੇਠਲੇ ਪੰਜਵੇਂ ਪਹੀਏ, ਏਅਰ ਲਾਈਨਾਂ ਅਤੇ ਇਲੈਕਟ੍ਰਿਕ ਲਾਈਨਾਂ ਦੀ ਜਾਂਚ ਕਰਨਾ ਯਕੀਨੀ ਬਣਾਓ। ਏਅਰ ਲਾਈਨਾਂ ਨੂੰ ਸਹੀ ਗਲੇਡ ਹੈਂਡਸ ਨਾਲ ਸੁਰੱਖਿਅਤ ਢੰਗ ਨਾਲ ਜੋੜਿਆ ਜਾਣਾ ਚਾਹੀਦਾ ਹੈ ਅਤੇ ਇਸ ਵਿੱਚ ਕੋਈ ਲੀਕ ਨਹੀਂ ਹੋਣੀ ਚਾਹੀਦੀ। ਉਹਨਾਂ ਨੂੰ ਆਸਾਨੀ ਨਾਲ ਮੋੜਨ ਦੀ ਆਗਿਆ ਦੇਣ ਲਈ ਕਾਫ਼ੀ ਢਿੱਲ ਨਾਲ ਜੋੜਿਆ ਜਾਣਾ ਚਾਹੀਦਾ ਹੈ।"
10942,"ਜੇਕਰ ਇਹ ਯਕੀਨੀ ਨਾ ਹੋਵੇ ਕਿ ਸੜਕ ਬਰਫੀਲੀ ਹੋ ਰਹੀ ਹੈ, ਤਾਂ ਡਰਾਈਵਰ ਇਹ ਕਰ ਸਕਦਾ ਹੈ:",,ਅੰਦਾਜ਼ਾ ਲਗਾਓ।,ਖਿੜਕੀ ਖੋਲ੍ਹੋ ਅਤੇ ਬਰਫ਼ ਲਈ ਸ਼ੀਸ਼ੇ ਦੇ ਸਾਹਮਣੇ ਦੀ ਜਾਂਚ ਕਰੋ।,ਸੜਕ ਨੂੰ ਨੇੜਿਓਂ ਦੇਖਣ ਦੀ ਕੋਸ਼ਿਸ਼ ਕਰੋ।,ਮੌਸਮ ਦੀ ਭਵਿੱਖਬਾਣੀ ਦੇਖੋ।,B,"ਜੇ ਤੁਸੀਂ ਸੋਚਦੇ ਹੋ ਕਿ ਸੜਕ ਦੀ ਸਤ੍ਹਾ ਬਰਫੀਲੀ ਹੋ ਰਹੀ ਹੈ, ਤਾਂ ਤੁਸੀਂ ਖਿੜਕੀ ਖੋਲ੍ਹ ਕੇ ਅਤੇ ਸਾਈਡ ਮਿਰਰ, ਸ਼ੀਸ਼ੇ ਦੇ ਸਹਾਰੇ, ਜਾਂ ਐਂਟੀਨਾ ਦੇ ਸਾਹਮਣੇ ਮਹਿਸੂਸ ਕਰਕੇ ਆਪਣੇ ਵਾਹਨ 'ਤੇ ਬਰਫ਼ ਦੀ ਜਾਂਚ ਕਰ ਸਕਦੇ ਹੋ। ਜੇਕਰ ਇਹਨਾਂ ਵਿੱਚੋਂ ਕਿਸੇ ਵੀ ਚੀਜ਼ 'ਤੇ ਬਰਫ਼ ਜੰਮ ਜਾਂਦੀ ਹੈ, ਤਾਂ ਸੜਕ ਵੀ ਬਰਫੀਲੀ ਹੋਣ ਦੀ ਸੰਭਾਵਨਾ ਹੈ।"
11301,ਹੇਠਾਂ ਦਿੱਤੇ ਵਿੱਚੋਂ ਕਿਹੜਾ ਡਰਾਈਵਰ ਦੀ ਉਦਾਹਰਨ ਨਹੀਂ ਹੈ ਜੋ ਖ਼ਤਰਾ ਹੋ ਸਕਦਾ ਹੈ?,,ਇੱਕ ਡ੍ਰਾਈਵਰ ਵਿੰਡਸ਼ੀਲਡ ਤੋਂ ਪਹਿਲਾਂ ਬਰਫ਼ ਨੂੰ ਸਕ੍ਰੈਪ ਕੀਤੇ ਬਿਨਾਂ ਇੱਕ ਵਾਹਨ ਚਲਾ ਰਿਹਾ ਹੈ,ਕਿਰਾਏ ਦੇ ਟਰੱਕ ਦਾ ਆਪਰੇਟਰ,ਪਿਛਲੀਆਂ ਖਿੜਕੀਆਂ ਨੂੰ ਢੱਕਣ ਵਾਲੀਆਂ ਚੀਜ਼ਾਂ ਨਾਲ ਸਟੇਸ਼ਨ ਵੈਗਨ ਦਾ ਡਰਾਈਵਰ,ਇੱਕ ਵਿਅਕਤੀ ਇੱਕ ਪਿਕ-ਅੱਪ ਟਰੱਕ ਚਲਾ ਰਿਹਾ ਹੈ,D,ਬਲਾਕ ਨਜ਼ਰ ਵਾਲੇ ਡਰਾਈਵਰ ਸੜਕ 'ਤੇ ਦੂਜਿਆਂ ਲਈ ਖਤਰੇ ਪੈਦਾ ਕਰ ਸਕਦੇ ਹਨ। ਅਜਿਹੇ ਡਰਾਈਵਰਾਂ ਦੀਆਂ ਉਦਾਹਰਨਾਂ ਵਿੱਚ ਉਹ ਸ਼ਾਮਲ ਹਨ ਜਿਨ੍ਹਾਂ ਨੇ ਆਪਣੀਆਂ ਵਿੰਡਸ਼ੀਲਡਾਂ ਤੋਂ ਬਰਫ਼ ਨੂੰ ਖੁਰਚਿਆ ਨਹੀਂ ਹੈ; ਉਹ ਗੱਡੀਆਂ ਜੋ ਵੱਡੀਆਂ ਚੀਜ਼ਾਂ ਨਾਲ ਲੱਦੀਆਂ ਹੋਈਆਂ ਖਿੜਕੀਆਂ ਨੂੰ ਰੋਕਦੀਆਂ ਹਨ; ਅਤੇ ਉਹ ਜਿਹੜੇ ਟਰੱਕ ਦੀ ਸੀਮਤ ਪਿਛਲੀ ਦਿੱਖ ਦੇ ਆਦੀ ਹੋਣ ਤੋਂ ਬਿਨਾਂ ਕਿਰਾਏ ਦੇ ਟਰੱਕ ਚਲਾ ਰਹੇ ਹਨ।
11708,ਦੋਹਰੀ ਏਅਰ ਬ੍ਰੇਕ ਪ੍ਰਣਾਲੀਆਂ ਵਿੱਚ ਦੋਵੇਂ ਸਿਸਟਮ ਸਾਂਝੇ ਕਰਦੇ ਹਨ:,,ਏਅਰ ਟੈਂਕ.,ਹੋਜ਼.,ਏਅਰ ਲਾਈਨਾਂ।,ਇੱਕ ਏਅਰ ਕੰਪ੍ਰੈਸ਼ਰ.,D,"ਦੋਹਰੀ ਏਅਰ ਬ੍ਰੇਕ ਸਿਸਟਮ ਵਿੱਚ ਦੋਵੇਂ ਸਿਸਟਮ ਇੱਕ ਸਿੰਗਲ ਏਅਰ ਕੰਪ੍ਰੈਸਰ ਨੂੰ ਸਾਂਝਾ ਕਰਦੇ ਹਨ। ਜੇਕਰ ਏਅਰ ਕੰਪ੍ਰੈਸਰ ਖਰਾਬ ਹੋ ਜਾਂਦਾ ਹੈ, ਤਾਂ ਕੋਈ ਵੀ ਸਿਸਟਮ ਠੀਕ ਤਰ੍ਹਾਂ ਕੰਮ ਨਹੀਂ ਕਰ ਸਕੇਗਾ।"
9363,ਕਿਹੜਾ ਕਾਰਕ ਵਿਅਕਤੀ ਦੇ ਖੂਨ ਵਿੱਚ ਅਲਕੋਹਲ ਦੀ ਗਾੜ੍ਹਾਪਣ (BAC) 'ਤੇ ਪ੍ਰਭਾਵ ਨਹੀਂ ਪਾਉਂਦਾ ਹੈ?,,ਸ਼ਰਾਬ ਪੀਣ ਵਾਲੇ ਪਦਾਰਥਾਂ ਦੀ ਗਿਣਤੀ,ਕਿੰਨੀ ਜਲਦੀ ਸ਼ਰਾਬ ਪੀ ਲਈ ਸੀ,ਪੀਣ ਵਾਲੇ ਦਾ ਭਾਰ,ਪੀਣ ਦਾ ਤਾਪਮਾਨ,D,"ਤਿੰਨ ਮੁੱਖ ਕਾਰਕ ਜੋ ਇੱਕ ਵਿਅਕਤੀ ਦੇ ਖੂਨ ਵਿੱਚ ਅਲਕੋਹਲ ਦੀ ਗਾੜ੍ਹਾਪਣ (ਬੀਏਸੀ) ਨੂੰ ਨਿਰਧਾਰਤ ਕਰਦੇ ਹਨ, ਖਪਤ ਕੀਤੀ ਗਈ ਅਲਕੋਹਲ ਦੀ ਮਾਤਰਾ, ਕਿੰਨੀ ਜਲਦੀ ਸ਼ਰਾਬ ਪੀਤੀ ਜਾਂਦੀ ਹੈ, ਅਤੇ ਵਿਅਕਤੀ ਦਾ ਭਾਰ।"
9085,ਪਹਾੜੀ ਤੋਂ ਹੇਠਾਂ ਦੀ ਯਾਤਰਾ ਕਰਦੇ ਸਮੇਂ:,,ਤੁਹਾਡੀ ਗਤੀ ਨਹੀਂ ਬਦਲੇਗੀ।,ਤੁਹਾਡੀ ਗਤੀ ਘੱਟ ਜਾਵੇਗੀ।,ਤੁਹਾਡੀ ਗਤੀ ਵਧੇਗੀ।,ਤੁਸੀਂ ਇੱਕ ਸਟਾਪ ਲਈ ਹੌਲੀ ਹੋਵੋਗੇ।,C,"ਜਦੋਂ ਕੋਈ ਵਾਹਨ ਹੇਠਾਂ ਵੱਲ ਦੀ ਢਲਾਣ 'ਤੇ ਸਫ਼ਰ ਕਰ ਰਿਹਾ ਹੁੰਦਾ ਹੈ, ਤਾਂ ਗੁਰੂਤਾ ਬਲ ਇਸਦੀ ਗਤੀ ਨੂੰ ਵਧਾਉਣ ਦਾ ਕਾਰਨ ਬਣਦਾ ਹੈ।"
11232,ਜ਼ਹਿਰੀਲੇ ਧੂੰਏਂ ਇਹਨਾਂ ਕਾਰਨਾਂ ਕਰਕੇ ਕੈਬ ਵਿੱਚ ਦਾਖਲ ਹੋ ਸਕਦੇ ਹਨ:,,ਇੱਕ ਨੁਕਸਦਾਰ ਨਿਕਾਸ ਸਿਸਟਮ.,ਗਲਤ ਕਿਸਮ ਦਾ ਬਾਲਣ ਵਰਤਿਆ ਜਾ ਰਿਹਾ ਹੈ।,ਇੰਜਣ ਵਿੱਚ ਤੇਲ ਦੀ ਕਮੀ.,ਘੱਟ ਫੁੱਲੇ ਹੋਏ ਟਾਇਰ।,A,ਨਿਕਾਸ ਪ੍ਰਣਾਲੀ ਵਿੱਚ ਨੁਕਸ ਬਹੁਤ ਖ਼ਤਰਨਾਕ ਹੁੰਦੇ ਹਨ ਕਿਉਂਕਿ ਇਹ ਕੈਬ ਜਾਂ ਸਲੀਪਰ ਬਰਥ ਵਿੱਚ ਦਾਖਲ ਹੋਣ ਲਈ ਜ਼ਹਿਰੀਲੇ ਧੂੰਏਂ ਦਾ ਕਾਰਨ ਬਣ ਸਕਦੇ ਹਨ।
8814,"ਜੇਕਰ ਤੁਸੀਂ ਹੌਲੀ ਕਰਨ ਦੀ ਯੋਜਨਾ ਬਣਾ ਰਹੇ ਹੋ, ਤਾਂ ਤੁਸੀਂ ਆਪਣੇ ਪਿੱਛੇ ਡਰਾਈਵਰਾਂ ਨੂੰ ਇਹਨਾਂ ਦੁਆਰਾ ਚੇਤਾਵਨੀ ਦੇ ਸਕਦੇ ਹੋ:",,ਬ੍ਰੇਕਾਂ 'ਤੇ ਸਲੈਮਿੰਗ.,ਬ੍ਰੇਕਾਂ ਨੂੰ ਕੁਝ ਵਾਰ ਅਤੇ ਬ੍ਰੇਕ ਲਗਾਉਣ ਤੋਂ ਪਹਿਲਾਂ ਟੈਪ ਕਰੋ।,ਵਾਰੀ ਸਿਗਨਲਾਂ ਦੇ ਇੱਕ ਸੈੱਟ ਨੂੰ ਚਾਲੂ ਕਰਨਾ।,ਡਰਾਈਵਰ ਦੀ ਸਾਈਡ ਦੀ ਖਿੜਕੀ ਤੋਂ ਆਪਣਾ ਹੱਥ ਬਾਹਰ ਕੱਢੋ ਅਤੇ ਹਿਲਾਓ।,B,"ਹੌਲੀ ਹੋਣ ਤੋਂ ਪਹਿਲਾਂ, ਆਪਣੇ ਬ੍ਰੇਕ ਪੈਡਲ ਨੂੰ ਕੁਝ ਵਾਰ ਹਲਕੀ ਟੈਪ ਕਰਕੇ ਆਪਣੀਆਂ ਬ੍ਰੇਕ ਲਾਈਟਾਂ ਨੂੰ ਫਲੈਸ਼ ਕਰਨਾ ਇੱਕ ਚੰਗਾ ਵਿਚਾਰ ਹੈ। ਇਹ ਤੁਹਾਡੇ ਪਿੱਛੇ ਦੇ ਡਰਾਈਵਰਾਂ ਨੂੰ ਤੁਹਾਡੀਆਂ ਹੌਲੀ ਕਰਨ ਦੀਆਂ ਯੋਜਨਾਵਾਂ ਬਾਰੇ ਚੇਤਾਵਨੀ ਦੇਵੇਗਾ।"
11576,1975 ਤੋਂ ਪਹਿਲਾਂ ਬਣਾਏ ਗਏ ਟ੍ਰੇਲਰ ਹਨ:,,ਬਸੰਤ ਬ੍ਰੇਕ ਦੀ ਲੋੜ ਹੈ.,ਬਸੰਤ ਬਰੇਕਾਂ ਦੀ ਲੋੜ ਨਹੀਂ ਹੈ।,ਗੱਡੀ ਚਲਾਉਣ ਲਈ ਅਸੁਰੱਖਿਅਤ।,ਪਬਲਿਕ ਰੋਡਵੇਜ਼ ਤੋਂ ਮਨਾਹੀ ਹੈ।,B,"1975 ਤੋਂ ਪਹਿਲਾਂ ਬਣਾਏ ਗਏ ਟ੍ਰੇਲਰਾਂ ਨੂੰ ਸਪਰਿੰਗ ਬ੍ਰੇਕਾਂ ਦੀ ਲੋੜ ਨਹੀਂ ਹੈ। ਸਪਰਿੰਗ ਬ੍ਰੇਕਾਂ ਤੋਂ ਬਿਨਾਂ ਟ੍ਰੇਲਰ ਪਾਰਕ ਕਰਦੇ ਸਮੇਂ, ਟ੍ਰੇਲਰ ਨੂੰ ਰੋਲਿੰਗ ਤੋਂ ਰੋਕਣ ਲਈ ਵ੍ਹੀਲ ਚੋਕਸ ਦੀ ਵਰਤੋਂ ਕਰਨਾ ਯਕੀਨੀ ਬਣਾਓ।"
9824,ਜੈਕਨਿਫਿੰਗ ਤੋਂ ਬਚਣ ਦਾ ਇੱਕ ਤਰੀਕਾ ਹੈ:,,ਵਾਰ-ਵਾਰ ਘੁਮਾਓ।,ਗਤੀ ਸੀਮਾ ਨੂੰ ਪਾਰ ਕਰੋ.,ਸੰਭਾਵੀ ਖਤਰਿਆਂ ਦੀ ਪਛਾਣ ਕਰਨ ਲਈ ਆਪਣੇ ਵਾਹਨ ਦੇ ਅੱਗੇ ਦੇਖੋ।,ਮੋਢੇ 'ਤੇ ਗੱਡੀ.,C,"ਜੈਕਨਿਫਿੰਗ ਦੇ ਜੋਖਮ ਨੂੰ ਘਟਾਉਣ ਲਈ ਤੁਹਾਨੂੰ ਸੁਚਾਰੂ ਢੰਗ ਨਾਲ ਗੱਡੀ ਚਲਾਉਣੀ ਚਾਹੀਦੀ ਹੈ। ਇਸ ਨੂੰ ਸੰਭਵ ਬਣਾਉਣ ਵਿੱਚ ਮਦਦ ਕਰਨ ਲਈ, ਆਪਣੇ ਵਾਹਨ ਦੇ ਅੱਗੇ ਦੀ ਸੜਕ ਨੂੰ ਸਕੈਨ ਕਰੋ ਤਾਂ ਜੋ ਆਉਣ ਵਾਲੇ ਖ਼ਤਰਿਆਂ ਦੇ ਜਵਾਬ ਵਿੱਚ ਆਪਣੇ ਆਪ ਨੂੰ ਬਹੁਤ ਸਾਰਾ ਸਮਾਂ ਮਿਲ ਸਕੇ।"
8844,ਪ੍ਰਵੇਗ ਕਾਰਨ ਹੋਣ ਵਾਲੀਆਂ ਸਕਿਡਾਂ ਨੂੰ ਆਮ ਤੌਰ 'ਤੇ ਇਹਨਾਂ ਦੁਆਰਾ ਹੱਲ ਕੀਤਾ ਜਾ ਸਕਦਾ ਹੈ:,,ਤੇਜ਼ ਹੋ ਰਿਹਾ ਹੈ।,ਆਪਣੇ ਪੈਰ ਨੂੰ ਐਕਸਲੇਟਰ ਤੋਂ ਉਤਾਰਨਾ।,ਪੂਰੀ ਤਰ੍ਹਾਂ ਰੁਕਣ ਲਈ ਆ ਰਿਹਾ ਹੈ।,ਇੱਕ ਉੱਚ ਗੇਅਰ ਵਿੱਚ ਬਦਲਣਾ.,B,"ਪ੍ਰਵੇਗ ਦੇ ਕਾਰਨ ਹੋਣ ਵਾਲੀਆਂ ਸਕਿਡਾਂ ਨੂੰ ਆਮ ਤੌਰ 'ਤੇ ਐਕਸਲੇਟਰ ਤੋਂ ਤੁਹਾਡਾ ਪੈਰ ਉਤਾਰ ਕੇ ਠੀਕ ਕੀਤਾ ਜਾ ਸਕਦਾ ਹੈ। ਜੇਕਰ ਤੁਸੀਂ ਖਾਸ ਤੌਰ 'ਤੇ ਤਿਲਕਣ ਵਾਲੀ ਸਤ੍ਹਾ 'ਤੇ ਹੋ, ਤਾਂ ਤੁਹਾਨੂੰ ਕਲਚ ਨੂੰ ਅੰਦਰ ਧੱਕਣ ਦੀ ਵੀ ਲੋੜ ਹੋ ਸਕਦੀ ਹੈ।"
11600,"ਹੋਰ ਵਪਾਰਕ ਮੋਟਰ ਵਾਹਨਾਂ ਦੇ ਮੁਕਾਬਲੇ, ਸੁਮੇਲ ਵਾਹਨਾਂ ਨੂੰ ਸੜਕ 'ਤੇ ਵਧੇਰੇ ਥਾਂ ਦੀ ਲੋੜ ਹੁੰਦੀ ਹੈ ਕਿਉਂਕਿ ਉਹ ਲੰਬੇ ਹੁੰਦੇ ਹਨ ਅਤੇ ਉਹ:",,ਮੁੜਨ ਅਤੇ ਰੁਕਣ ਲਈ ਹੋਰ ਥਾਂ ਦੀ ਲੋੜ ਹੈ।,ਹੋਰ ਹੌਲੀ ਗੱਡੀ ਚਲਾਓ।,ਚੌੜਾਈ ਦੇ ਦੁੱਗਣੇ ਹਨ।,ਜ਼ਿਆਦਾ ਵਾਰ ਘੁਮਾਓ।,A,ਕੰਬੀਨੇਸ਼ਨ ਵਾਹਨਾਂ ਨੂੰ ਹੋਰ ਵਪਾਰਕ ਵਾਹਨਾਂ ਨਾਲੋਂ ਸੜਕ 'ਤੇ ਵਧੇਰੇ ਜਗ੍ਹਾ ਦੀ ਲੋੜ ਹੁੰਦੀ ਹੈ ਕਿਉਂਕਿ ਉਹ ਲੰਬੇ ਹੁੰਦੇ ਹਨ ਅਤੇ ਮੁੜਨ ਅਤੇ ਰੁਕਣ ਲਈ ਵਧੇਰੇ ਜਗ੍ਹਾ ਦੀ ਲੋੜ ਹੁੰਦੀ ਹੈ। ਜਦੋਂ ਤੁਸੀਂ ਇੱਕ ਸੁਮੇਲ ਵਾਹਨ ਚਲਾ ਰਹੇ ਹੋਵੋ ਤਾਂ ਸਪੇਸ ਦਾ ਸਹੀ ਢੰਗ ਨਾਲ ਪ੍ਰਬੰਧਨ ਕਰਨਾ ਖਾਸ ਤੌਰ 'ਤੇ ਮਹੱਤਵਪੂਰਨ ਹੁੰਦਾ ਹੈ।
11714,ਇੱਕ ਏਅਰ ਕੰਪ੍ਰੈਸਰ ਗਵਰਨਰ ਕੰਪ੍ਰੈਸਰ ਨੂੰ ਹਵਾ ਪੰਪ ਕਰਨ ਤੋਂ ਰੋਕ ਦੇਵੇਗਾ ਜਦੋਂ ਏਅਰ ਟੈਂਕ ਵਿੱਚ ਹਵਾ ਦਾ ਦਬਾਅ ਪੱਧਰ ਹੁੰਦਾ ਹੈ:,,125 psi.,100 psi.,150 psi.,80 psi.,A,"ਜਦੋਂ ਏਅਰ ਟੈਂਕ 125 psi ਦੇ ਹਵਾ ਦੇ ਦਬਾਅ ਦੇ ਪੱਧਰ 'ਤੇ ਹੁੰਦੇ ਹਨ ਤਾਂ ਇੱਕ ਏਅਰ ਕੰਪ੍ਰੈਸਰ ਗਵਰਨਰ ਕੰਪ੍ਰੈਸਰ ਨੂੰ ਹਵਾ ਪੰਪ ਕਰਨ ਤੋਂ ਰੋਕ ਦੇਵੇਗਾ। ਇਸ ਹਵਾ ਦੇ ਦਬਾਅ ਦੇ ਪੱਧਰ ਨੂੰ ""ਕਟ-ਆਊਟ"" ਪੱਧਰ ਕਿਹਾ ਜਾਂਦਾ ਹੈ।"
11688,"ਡ੍ਰਾਈਵਿੰਗ ਕਰਦੇ ਸਮੇਂ, ਸਪਰਿੰਗ ਬ੍ਰੇਕਾਂ ਨੂੰ ਆਮ ਤੌਰ 'ਤੇ ਇਹਨਾਂ ਦੁਆਰਾ ਰੱਖਿਆ ਜਾਂਦਾ ਹੈ:",,ਹਵਾ ਦਾ ਦਬਾਅ.,ਚੋਕਸ.,ਫਾਊਂਡੇਸ਼ਨ ਬ੍ਰੇਕ.,ਮਜ਼ਬੂਤ ​​ਸਬੰਧ.,A,"ਡ੍ਰਾਈਵਿੰਗ ਕਰਦੇ ਸਮੇਂ, ਸਪਰਿੰਗ ਬ੍ਰੇਕਾਂ ਨੂੰ ਆਮ ਤੌਰ 'ਤੇ ਹਵਾ ਦੇ ਦਬਾਅ ਦੁਆਰਾ ਰੱਖਿਆ ਜਾਂਦਾ ਹੈ। ਜੇਕਰ ਹਵਾ ਦਾ ਦਬਾਅ ਕਾਫ਼ੀ ਘੱਟ ਹੋ ਜਾਂਦਾ ਹੈ, ਤਾਂ ਸਪ੍ਰਿੰਗਸ ਬ੍ਰੇਕਾਂ ਨੂੰ ਸਰਗਰਮ ਕਰ ਦੇਣਗੇ।"
11229,"ਨਿਰੀਖਣ ਕਰਦੇ ਸਮੇਂ, ਯਕੀਨੀ ਬਣਾਓ ਕਿ ਬ੍ਰੇਕ ਪੈਡ ਹਨ:",,ਗਰੀਸ ਨਾਲ ਕਵਰ ਕੀਤਾ.,ਕੂਲੈਂਟ ਨਾਲ ਢੱਕਿਆ ਹੋਇਆ।,ਤੇਲ ਨਾਲ ਢੱਕਿਆ.,ਤੇਲ ਜਾਂ ਗਰੀਸ ਤੋਂ ਮੁਕਤ।,D,"ਵਾਹਨ ਦੇ ਬ੍ਰੇਕਾਂ ਦੀ ਜਾਂਚ ਕਰਦੇ ਸਮੇਂ, ਤੁਹਾਨੂੰ ਇਹ ਯਕੀਨੀ ਬਣਾਉਣਾ ਚਾਹੀਦਾ ਹੈ ਕਿ ਜੁੱਤੀਆਂ ਅਤੇ ਪੈਡਾਂ 'ਤੇ ਤੇਲ, ਗਰੀਸ ਜਾਂ ਬ੍ਰੇਕ ਤਰਲ ਨਾ ਹੋਵੇ।"
9506,"ਜੇਕਰ ਕੋਈ ਵਾਹਨ ਪਾਵਰ ਸਟੀਅਰਿੰਗ ਨਾਲ ਲੈਸ ਹੈ, ਤਾਂ ਹੋਜ਼ਾਂ ਦੀ ਜਾਂਚ ਕੀਤੀ ਜਾਣੀ ਚਾਹੀਦੀ ਹੈ:",,ਲੀਕ ਲਈ.,ਇਹ ਯਕੀਨੀ ਬਣਾਉਣ ਲਈ ਕਿ ਉਹ ਅਜੇ ਵੀ ਸਪਸ਼ਟ ਹਨ.,ਇਹ ਯਕੀਨੀ ਬਣਾਉਣ ਲਈ ਕਿ ਉਹ ਬੈਟਰੀ ਨਾਲ ਜੁੜੇ ਹੋਏ ਹਨ।,ਇਹ ਯਕੀਨੀ ਬਣਾਉਣ ਲਈ ਕਿ ਉਹਨਾਂ ਵਿੱਚ ਖੇਡ ਦੀ ਸਹੀ ਮਾਤਰਾ ਸ਼ਾਮਲ ਹੈ.,A,"ਪਾਵਰ ਸਟੀਅਰਿੰਗ ਵਾਲੇ ਵਾਹਨ ਦੀ ਜਾਂਚ ਕਰਦੇ ਸਮੇਂ, ਤੁਹਾਨੂੰ ਹੋਜ਼ਾਂ, ਪੰਪਾਂ ਅਤੇ ਤਰਲ ਪੱਧਰਾਂ ਦੀ ਜਾਂਚ ਕਰਨੀ ਚਾਹੀਦੀ ਹੈ। ਖਾਸ ਤੌਰ 'ਤੇ ਲੀਕ ਲਈ ਹੋਜ਼ ਦੀ ਜਾਂਚ ਕਰੋ।"
9532,"ਕੰਮ ਦੇ ਖੇਤਰ ਵਿੱਚੋਂ ਲੰਘਦੇ ਸਮੇਂ, ਤੁਹਾਨੂੰ ਇਹ ਕਰਨਾ ਚਾਹੀਦਾ ਹੈ:",,ਰਫ਼ਤਾਰ ਹੌਲੀ.,ਤੇਜ਼ ਕਰੋ।,ਇੱਕ ਸੈੱਲ ਫ਼ੋਨ ਦੀ ਵਰਤੋਂ ਕਰੋ।,ਦੂਜੇ ਹੱਥ ਨੂੰ ਖਾਲੀ ਰੱਖਣ ਲਈ ਇੱਕ ਹੱਥ ਨਾਲ ਸਟੀਅਰ ਕਰੋ।,A,"ਕੰਮ ਦੇ ਖੇਤਰਾਂ ਵਿੱਚ, ਤੁਹਾਨੂੰ ਪੋਸਟ ਕੀਤੀਆਂ ਗਤੀ ਸੀਮਾਵਾਂ ਦੀ ਪਾਲਣਾ ਕਰਨੀ ਚਾਹੀਦੀ ਹੈ। ਜੇ ਸੜਕ ਜਾਂ ਮੌਸਮ ਦੀ ਸਥਿਤੀ ਖਰਾਬ ਹੈ ਤਾਂ ਹੌਲੀ ਕਰੋ, ਅਤੇ ਜੇਕਰ ਕਰਮਚਾਰੀ ਸੜਕ ਦੇ ਨੇੜੇ ਹਨ ਤਾਂ ਵੀ ਹੌਲੀ ਕਰੋ।"
9545,ਡਬਲਜ਼:,,ਸਿੰਗਲਜ਼ ਨਾਲੋਂ ਗੱਡੀ ਚਲਾਉਣਾ ਆਸਾਨ ਹੈ।,ਸਿੰਗਲਜ਼ ਨਾਲੋਂ ਘੱਟ ਰੋਲ ਓਵਰ ਹੋਣ ਦੀ ਸੰਭਾਵਨਾ ਹੈ।,ਸਿੰਗਲਜ਼ ਨਾਲੋਂ ਜੈਕਨੀਫ ਦੀ ਸੰਭਾਵਨਾ ਘੱਟ ਹੈ।,ਸਿੰਗਲਜ਼ ਨਾਲੋਂ ਲੰਬੇ ਪ੍ਰਤੀਕਰਮ ਸਮੇਂ ਦੀ ਲੋੜ ਹੁੰਦੀ ਹੈ।,D,"ਡਬਲ ਅਤੇ ਤੀਹਰੇ ਸੰਜੋਗਾਂ ਨੂੰ ਜੈਕਨਿਫਿੰਗ ਅਤੇ ਰੋਲਿੰਗ ਓਵਰ ਤੋਂ ਬਚਣ ਲਈ ਬਹੁਤ ਸੁਚਾਰੂ ਢੰਗ ਨਾਲ ਚਲਾਇਆ ਜਾਣਾ ਚਾਹੀਦਾ ਹੈ। ਨਿਰਵਿਘਨ ਡ੍ਰਾਈਵਿੰਗ ਵਿੱਚ ਸਹਾਇਤਾ ਕਰਨ ਲਈ, ਤੁਹਾਨੂੰ ਆਪਣੇ ਵਾਹਨ ਤੋਂ ਬਹੁਤ ਅੱਗੇ ਦੇਖਣਾ ਚਾਹੀਦਾ ਹੈ ਤਾਂ ਜੋ ਤੁਹਾਡੇ ਕੋਲ ਖਤਰਿਆਂ ਪ੍ਰਤੀ ਪ੍ਰਤੀਕਿਰਿਆ ਕਰਦੇ ਸਮੇਂ ਢੁਕਵੇਂ ਅਭਿਆਸ ਕਰਨ ਲਈ ਕਾਫ਼ੀ ਸਮਾਂ ਹੋਵੇ।"
9143,"ਜੇਕਰ ਕੋਈ ਟ੍ਰੇਲਰ ਖਿਸਕਣਾ ਸ਼ੁਰੂ ਕਰਦਾ ਹੈ, ਤਾਂ ਡਰਾਈਵਰ ਨੂੰ ਇਹ ਕਰਨਾ ਚਾਹੀਦਾ ਹੈ:",,ਬ੍ਰੇਕਾਂ ਨੂੰ ਲਾਕ ਕਰੋ.,ਬ੍ਰੇਕਾਂ ਨੂੰ ਛੱਡ ਦਿਓ।,ਉਲਟ ਦਿਸ਼ਾ ਵਿੱਚ ਚਲਾਓ.,ਤੇਜ਼ ਕਰੋ.,B,"ਜੇਕਰ ਤੁਹਾਡਾ ਟ੍ਰੇਲਰ ਜਦੋਂ ਤੁਸੀਂ ਬ੍ਰੇਕ ਲਗਾ ਰਹੇ ਹੁੰਦੇ ਹੋ, ਤਾਂ ਤੁਹਾਨੂੰ ਬ੍ਰੇਕ ਛੱਡਣੀ ਚਾਹੀਦੀ ਹੈ ਅਤੇ ਉਹਨਾਂ ਨੂੰ ਟ੍ਰੈਕਸ਼ਨ ਦੁਬਾਰਾ ਸ਼ੁਰੂ ਕਰਨ ਦੇਣਾ ਚਾਹੀਦਾ ਹੈ। ਇੱਕ ਵਾਰ ਜਦੋਂ ਇਸਦੇ ਪਹੀਏ ਸੜਕ 'ਤੇ ਆਪਣੀ ਪਕੜ ਮੁੜ ਪ੍ਰਾਪਤ ਕਰ ਲੈਂਦੇ ਹਨ, ਤਾਂ ਟ੍ਰੇਲਰ ਸਿੱਧਾ ਹੋ ਜਾਵੇਗਾ ਅਤੇ ਟਰੈਕਟਰ ਦਾ ਪਿੱਛਾ ਕਰਨਾ ਸ਼ੁਰੂ ਕਰ ਦੇਵੇਗਾ।"
9840,ਟ੍ਰਿਪਲ ਟ੍ਰੇਲਰ ਰਿਗ ਨੂੰ ਜੋੜਦੇ ਸਮੇਂ:,,ਕੈਬ ਦੇ ਪਿੱਛੇ ਟ੍ਰੇਲਰ ਨੂੰ ਪਹਿਲਾਂ ਜੋੜਿਆ ਜਾਣਾ ਚਾਹੀਦਾ ਹੈ।,ਪਿਛਲਾ ਟ੍ਰੇਲਰ ਪਹਿਲਾਂ ਜੋੜਿਆ ਜਾਣਾ ਚਾਹੀਦਾ ਹੈ।,ਸਭ ਤੋਂ ਹਲਕੇ ਟ੍ਰੇਲਰ ਨੂੰ ਪਹਿਲਾਂ ਜੋੜਿਆ ਜਾਣਾ ਚਾਹੀਦਾ ਹੈ।,ਉਹ ਕ੍ਰਮ ਜਿਸ ਵਿੱਚ ਟ੍ਰੇਲਰ ਜੋੜੇ ਗਏ ਹਨ ਮਹੱਤਵਪੂਰਨ ਨਹੀਂ ਹੈ।,A,"ਟ੍ਰਿਪਲ ਟ੍ਰੇਲਰ ਰਿਗ ਨੂੰ ਜੋੜਦੇ ਸਮੇਂ, ਤੁਹਾਨੂੰ ਪਹਿਲਾਂ ਕੈਬ ਦੇ ਪਿੱਛੇ ਟ੍ਰੇਲਰ ਨੂੰ ਜੋੜਨਾ ਚਾਹੀਦਾ ਹੈ। ਦੂਜੇ ਅਤੇ ਤੀਜੇ ਕਨਵਰਟਰ ਡੌਲੀਆਂ ਅਤੇ ਟ੍ਰੇਲਰਾਂ ਨੂੰ ਕ੍ਰਮ ਵਿੱਚ ਕਨੈਕਟ ਕਰੋ।"
9842,ਜਦੋਂ ਤੁਸੀਂ ਟ੍ਰੇਲਰ ਏਅਰ ਸਪਲਾਈ ਕੰਟਰੋਲ ਨੌਬ ਵਿੱਚ ਧੱਕਦੇ ਹੋ ਤਾਂ ਕੀ ਹੁੰਦਾ ਹੈ?,,ਐਮਰਜੈਂਸੀ ਲਾਈਨਾਂ ਨੂੰ ਹਵਾ ਦੀ ਸਪਲਾਈ ਕੀਤੀ ਜਾਂਦੀ ਹੈ।,ਏਅਰ ਸਿਸਟਮ ਟ੍ਰੇਲਰ ਤੋਂ ਡਿਸਕਨੈਕਟ ਹੋ ਗਿਆ ਹੈ।,ਡਰੇਨ ਵਾਲਵ ਖੋਲ੍ਹਿਆ ਗਿਆ ਹੈ.,ਏਅਰ ਬ੍ਰੇਕ ਲਗਾਏ ਜਾਂਦੇ ਹਨ।,A,"ਐਮਰਜੈਂਸੀ (ਸਪਲਾਈ) ਲਾਈਨਾਂ ਨੂੰ ਹਵਾ ਭੇਜਣ ਲਈ, ਇੱਕ ਡਰਾਈਵਰ ਟ੍ਰੇਲਰ ਏਅਰ ਸਪਲਾਈ ਕੰਟਰੋਲ ਨੌਬ ਵਿੱਚ ਧੱਕ ਸਕਦਾ ਹੈ। ਗੰਢ ਲਾਲ ਅਤੇ ਅੱਠ ਪਾਸਿਆਂ ਵਾਲੀ ਹੁੰਦੀ ਹੈ।"
8805,ਜ਼ਿਆਦਾਤਰ ਭਾਰੀ ਵਾਹਨਾਂ ਨੂੰ ਗੇਅਰ ਬਦਲਣ ਲਈ ____ ਦੀ ਲੋੜ ਹੁੰਦੀ ਹੈ।,,ਡਬਲ ਕਲਚਿੰਗ,ਡਬਲ ਸ਼ਿਫ਼ਟਿੰਗ,ਟ੍ਰਿਪਲ ਕਲਚਿੰਗ,ਟ੍ਰਿਪਲ ਸ਼ਿਫਟਿੰਗ,A,"ਮੈਨੂਅਲ ਟ੍ਰਾਂਸਮਿਸ਼ਨ ਵਾਲੇ ਜ਼ਿਆਦਾਤਰ ਭਾਰੀ ਵਾਹਨਾਂ ਨੂੰ ਗੇਅਰ ਬਦਲਣ ਲਈ ਡਬਲ ਕਲਚਿੰਗ ਦੀ ਲੋੜ ਹੁੰਦੀ ਹੈ। ਇੱਕ ਡਰਾਈਵਰ ਨੂੰ ਐਕਸਲੇਟਰ ਛੱਡਣਾ ਚਾਹੀਦਾ ਹੈ, ਕਲੱਚ ਵਿੱਚ ਧੱਕਣਾ ਚਾਹੀਦਾ ਹੈ, ਅਤੇ ਉਸੇ ਸਮੇਂ ਨਿਊਟਰਲ ਵਿੱਚ ਸ਼ਿਫਟ ਕਰਨਾ ਚਾਹੀਦਾ ਹੈ। ਕਲਚ ਨੂੰ ਛੱਡਣ ਅਤੇ ਵਾਹਨ ਨੂੰ ਲੋੜੀਂਦੀ ਸਪੀਡ ਵਿੱਚ ਬਦਲਣ ਦੀ ਆਗਿਆ ਦੇਣ ਤੋਂ ਬਾਅਦ, ਡਰਾਈਵਰ ਨੂੰ ਕਲੱਚ ਵਿੱਚ ਧੱਕਣਾ ਚਾਹੀਦਾ ਹੈ, ਗੀਅਰਾਂ ਨੂੰ ਸ਼ਿਫਟ ਕਰਨਾ ਚਾਹੀਦਾ ਹੈ, ਫਿਰ ਉਸੇ ਸਮੇਂ ਕਲੱਚ ਨੂੰ ਛੱਡਣਾ ਚਾਹੀਦਾ ਹੈ ਅਤੇ ਤੇਜ਼ ਕਰਨਾ ਚਾਹੀਦਾ ਹੈ।"
10967,ਇੱਕ ਐਂਟੀ-ਲਾਕ ਬ੍ਰੇਕਿੰਗ ਸਿਸਟਮ (ABS):,,ਪਹੀਆਂ ਨੂੰ ਲਾਕ ਕਰਨ ਦੀ ਆਗਿਆ ਦਿੰਦਾ ਹੈ।,ਪਹੀਆਂ ਨੂੰ ਤਾਲਾ ਲੱਗਣ ਤੋਂ ਰੋਕਦਾ ਹੈ।,ਇੱਕ ਵੱਡੇ ਵਾਹਨ ਨੂੰ ਮੋੜਨਾ ਆਸਾਨ ਬਣਾਉਂਦਾ ਹੈ।,ਬ੍ਰੇਕ ਲਾਈਟਾਂ ਦੇ ਸੰਚਾਲਨ ਵਿੱਚ ਸਹਾਇਤਾ ਕਰਦਾ ਹੈ।,B,ਐਂਟੀ-ਲਾਕ ਬ੍ਰੇਕਿੰਗ ਸਿਸਟਮ (ABS) ਦਾ ਕੰਮ ਸਖ਼ਤ ਬ੍ਰੇਕਿੰਗ ਦੌਰਾਨ ਵਾਹਨ ਦੇ ਪਹੀਆਂ ਨੂੰ ਲਾਕ ਹੋਣ ਤੋਂ ਰੋਕਣਾ ਹੈ।
9838,"ਕੀ ਹੁੰਦਾ ਹੈ ਜੇਕਰ, ਟ੍ਰੇਲਰ ਨੂੰ ਜੋੜਨ ਤੋਂ ਬਾਅਦ, ਟ੍ਰੇਲਰ ਦੇ ਬ੍ਰੇਕਾਂ ਵਿੱਚ ਕੋਈ ਹਵਾ ਦਾ ਦਬਾਅ ਨਹੀਂ ਹੈ?",,ਬ੍ਰੇਕ ਕੰਮ ਨਹੀਂ ਕਰਨਗੇ।,ਕੈਬ ਵਿੱਚ ਹਵਾ ਨਹੀਂ ਹੋਵੇਗੀ।,ਲੋਡ ਸਹੀ ਢੰਗ ਨਾਲ ਸਮਰਥਤ ਨਹੀਂ ਹੋਵੇਗਾ।,ਵਿਕਲਪਕ ਬ੍ਰੇਕਾਂ ਦੀ ਵਰਤੋਂ ਕਰਨੀ ਚਾਹੀਦੀ ਹੈ।,A,"ਟ੍ਰੇਲਰਾਂ ਨੂੰ ਜੋੜਨ ਤੋਂ ਬਾਅਦ, ਏਅਰ ਬ੍ਰੇਕਾਂ ਦੀ ਜਾਂਚ ਕਰਨਾ ਯਕੀਨੀ ਬਣਾਓ। ਜੇਕਰ ਹਵਾ ਹਰ ਇੱਕ ਬ੍ਰੇਕ ਲਾਈਨ ਦੇ ਪਿਛਲੇ ਪਾਸੇ ਵੱਲ ਪੂਰੀ ਤਰ੍ਹਾਂ ਨਹੀਂ ਵਹਿੰਦੀ ਹੈ, ਤਾਂ ਬ੍ਰੇਕ ਕੰਮ ਨਹੀਂ ਕਰਨਗੇ।"
11564,ਗੱਡੀ ਚਲਾਉਂਦੇ ਸਮੇਂ ਟ੍ਰੇਲਰ ਹੈਂਡ ਵਾਲਵ ਦੀ ਵਰਤੋਂ ਕਰਨਾ:,,ਸੁਰੱਖਿਅਤ ਢੰਗ ਨਾਲ ਮੁੜਨ ਵਿੱਚ ਤੁਹਾਡੀ ਮਦਦ ਕਰੇਗਾ।,ਤੁਹਾਡੇ ਟ੍ਰੇਲਰ ਨੂੰ ਸੁਰੱਖਿਅਤ ਢੰਗ ਨਾਲ ਰੋਕ ਦੇਵੇਗਾ।,ਸਕਿਡ ਦਾ ਕਾਰਨ ਬਣ ਸਕਦਾ ਹੈ।,ਅਸੰਭਵ ਹੈ।,C,ਆਪਣੇ ਵਾਹਨ ਨੂੰ ਚਲਾਉਂਦੇ ਸਮੇਂ ਕਦੇ ਵੀ ਟ੍ਰੇਲਰ ਹੈਂਡ ਵਾਲਵ ਦੀ ਵਰਤੋਂ ਨਾ ਕਰੋ। ਡ੍ਰਾਈਵਿੰਗ ਕਰਦੇ ਸਮੇਂ ਟ੍ਰੇਲਰ ਹੈਂਡ ਵਾਲਵ ਦੀ ਵਰਤੋਂ ਕਰਨ ਨਾਲ ਤੁਹਾਡਾ ਟ੍ਰੇਲਰ ਫਿਸਲ ਸਕਦਾ ਹੈ।
10507,ਪਲੇਕਾਰਡ ਕੀ ਹਨ?,,ਕਾਰਗੋ ਖਤਰਿਆਂ ਦੀ ਪਛਾਣ ਕਰਨ ਲਈ ਵਾਹਨ 'ਤੇ ਲਗਾਏ ਗਏ ਚਿੰਨ੍ਹ,ਇੱਕ ਕਿਸਮ ਦਾ ਟਾਇਰ ਬਰਫੀਲੇ ਹਾਲਾਤਾਂ ਵਿੱਚ ਵਰਤਿਆ ਜਾਂਦਾ ਹੈ,ਗੱਡੀ ਦੇ ਅੰਦਰ ਰੱਖੇ ਲੌਗ,ਮਾਈਲੇਜ ਲਈ ਰਸਾਲੇ,A,ਪਲੇਕਾਰਡ ਹੀਰੇ ਦੇ ਆਕਾਰ ਦੇ ਚੇਤਾਵਨੀ ਚਿੰਨ੍ਹ ਹੁੰਦੇ ਹਨ ਜੋ ਖਤਰਨਾਕ ਸਮੱਗਰੀਆਂ ਵਾਲੇ ਵਾਹਨਾਂ ਦੇ ਬਾਹਰ ਰੱਖੇ ਜਾਂਦੇ ਹਨ। ਪਲੇਕਾਰਡਾਂ ਦੀ ਵਰਤੋਂ ਮਾਲ ਦੀ ਖਾਸ ਖਤਰੇ ਸ਼੍ਰੇਣੀਆਂ ਦੀ ਪਛਾਣ ਕਰਨ ਲਈ ਕੀਤੀ ਜਾਂਦੀ ਹੈ।
8834,"ਜੇਕਰ ਧੁੰਦ ਵਾਲੇ ਖੇਤਰ ਵਿੱਚ ਗੱਡੀ ਚਲਾ ਰਹੇ ਹੋ, ਤਾਂ ਤੁਹਾਨੂੰ ਇਹ ਨਹੀਂ ਕਰਨਾ ਚਾਹੀਦਾ:",,ਆਪਣੀ ਗਤੀ ਘਟਾਓ.,ਆਪਣੀ ਗਤੀ ਵਧਾਓ।,ਆਪਣੀਆਂ ਘੱਟ ਬੀਮ ਵਾਲੀਆਂ ਹੈੱਡਲਾਈਟਾਂ ਦੀ ਵਰਤੋਂ ਕਰੋ।,ਆਪਣੇ ਚਾਰ-ਪੱਖੀ ਫਲੈਸ਼ਰਾਂ ਨੂੰ ਚਾਲੂ ਕਰੋ।,B,"ਧੁੰਦ ਵਾਲੇ ਖੇਤਰਾਂ ਵਿੱਚ ਗੱਡੀ ਨਾ ਚਲਾਉਣਾ ਸਭ ਤੋਂ ਸੁਰੱਖਿਅਤ ਹੈ। ਹਾਲਾਂਕਿ, ਜੇਕਰ ਤੁਹਾਨੂੰ ਧੁੰਦ ਵਿੱਚ ਗੱਡੀ ਚਲਾਉਣੀ ਚਾਹੀਦੀ ਹੈ, ਤਾਂ ਤੁਹਾਨੂੰ ਹੌਲੀ ਕਰਨੀ ਚਾਹੀਦੀ ਹੈ, ਆਪਣੀਆਂ ਘੱਟ ਬੀਮ ਵਾਲੀਆਂ ਹੈੱਡਲਾਈਟਾਂ ਅਤੇ ਧੁੰਦ ਵਾਲੀਆਂ ਲਾਈਟਾਂ ਦੀ ਵਰਤੋਂ ਕਰਨੀ ਚਾਹੀਦੀ ਹੈ, ਅਤੇ ਆਪਣੇ ਚਾਰ-ਮਾਰਗੀ ਫਲੈਸ਼ਰਾਂ ਨੂੰ ਚਾਲੂ ਕਰਨਾ ਚਾਹੀਦਾ ਹੈ।"
11452,"ਜੋੜਨ ਤੋਂ ਪਹਿਲਾਂ, ਤੁਸੀਂ ਇਹਨਾਂ ਦੁਆਰਾ ਇੱਕ ਦੂਜਾ ਟ੍ਰੇਲਰ ਸੁਰੱਖਿਅਤ ਕਰ ਸਕਦੇ ਹੋ:",,ਇਸਦੇ ਏਅਰ ਟੈਂਕ ਨੂੰ ਖਤਮ ਕਰਨਾ.,ਇੱਕ ਕੰਧ ਦੇ ਨਾਲ ਇਸ ਨੂੰ ਝੁਕਾਅ.,ਇਸਦੀ ਐਮਰਜੈਂਸੀ ਲਾਈਨ ਨੂੰ ਹਟਾਇਆ ਜਾ ਰਿਹਾ ਹੈ।,ਵ੍ਹੀਲ ਚੋਕਸ ਸੈੱਟ ਕਰਨਾ।,D,"ਜੇਕਰ ਤੁਸੀਂ ਇੱਕ ਦੂਜੇ ਟ੍ਰੇਲਰ ਨੂੰ ਇੱਕ ਸੁਮੇਲ ਨਾਲ ਜੋੜ ਰਹੇ ਹੋ ਪਰ ਤੁਹਾਨੂੰ ਟ੍ਰੇਲਰ ਦੇ ਬ੍ਰੇਕਾਂ ਬਾਰੇ ਸ਼ੱਕ ਹੈ, ਤਾਂ ਤੁਹਾਨੂੰ ਜੋੜਨ ਵੇਲੇ ਟ੍ਰੇਲਰ ਨੂੰ ਸੁਰੱਖਿਅਤ ਕਰਨ ਲਈ ਵ੍ਹੀਲ ਚੋਕਸ ਦੀ ਵਰਤੋਂ ਕਰਨੀ ਚਾਹੀਦੀ ਹੈ।"
9379,ਜੇਕਰ ਬ੍ਰੇਕ ਪੈਡ ਬ੍ਰੇਕ ਡਰੱਮਾਂ ਨਾਲ ਰਗੜਦੇ ਹਨ ਅਤੇ ਬਹੁਤ ਜ਼ਿਆਦਾ ਗਰਮੀ ਪੈਦਾ ਕਰਦੇ ਹਨ:,,ਬ੍ਰੇਕ ਚਿਪਕ ਜਾਣਗੇ।,ਬ੍ਰੇਕ ਵਾਧੂ ਸੰਵੇਦਨਸ਼ੀਲ ਬਣ ਜਾਣਗੇ।,ਬ੍ਰੇਕਾਂ ਕੰਮ ਕਰਨਾ ਬੰਦ ਕਰ ਸਕਦੀਆਂ ਹਨ।,ਬ੍ਰੇਕਾਂ ਨੂੰ ਠੰਡਾ ਕਰਨ ਲਈ ਏਅਰ ਕੰਪ੍ਰੈਸ਼ਰ ਚਾਲੂ ਹੋਵੇਗਾ।,C,"ਬਰੇਕ ਵਰਤਣ ਨਾਲ ਗਰਮ ਹੋ ਜਾਂਦੇ ਹਨ। ਜੇਕਰ ਉਹਨਾਂ ਦੀ ਜ਼ਿਆਦਾ ਵਰਤੋਂ ਕੀਤੀ ਜਾਂਦੀ ਹੈ ਅਤੇ ਬਹੁਤ ਜ਼ਿਆਦਾ ਗਰਮ ਹੋ ਜਾਂਦੇ ਹਨ, ਤਾਂ ਵਿਸਤਾਰ ਅਤੇ ਰਸਾਇਣਕ ਤਬਦੀਲੀਆਂ ਉਹਨਾਂ ਨੂੰ ਘੱਟ ਪ੍ਰਭਾਵਸ਼ਾਲੀ ਬਣਾਉਂਦੀਆਂ ਹਨ ਅਤੇ ਅੰਤ ਵਿੱਚ ਉਹਨਾਂ ਨੂੰ ਪੂਰੀ ਤਰ੍ਹਾਂ ਕੰਮ ਕਰਨਾ ਬੰਦ ਕਰ ਦਿੰਦੀਆਂ ਹਨ। ਇਸਨੂੰ ""ਬ੍ਰੇਕ ਫੇਡ"" ਵਜੋਂ ਜਾਣਿਆ ਜਾਂਦਾ ਹੈ।"
9839,ਟ੍ਰਿਪਲ ਟ੍ਰੇਲਰ ਰਿਗ ਨੂੰ ਜੋੜਨ ਵੇਲੇ:,,ਦੂਜੇ ਟ੍ਰੇਲਰ ਨੂੰ ਪਹਿਲਾਂ ਜੋੜਿਆ ਜਾਣਾ ਚਾਹੀਦਾ ਹੈ।,ਤੀਜੇ ਟ੍ਰੇਲਰ ਨੂੰ ਪਹਿਲਾਂ ਜੋੜਿਆ ਜਾਣਾ ਚਾਹੀਦਾ ਹੈ।,ਜੋੜਨ ਦਾ ਕ੍ਰਮ ਮਹੱਤਵਪੂਰਨ ਨਹੀਂ ਹੈ.,ਸਭ ਤੋਂ ਭਾਰੀ ਟ੍ਰੇਲਰ ਨੂੰ ਪਹਿਲਾਂ ਜੋੜਿਆ ਜਾਣਾ ਚਾਹੀਦਾ ਹੈ।,B,"ਟ੍ਰਿਪਲ ਟ੍ਰੇਲਰ ਰਿਗ ਨੂੰ ਜੋੜਦੇ ਸਮੇਂ, ਪਹਿਲਾਂ ਤੀਜੇ ਟ੍ਰੇਲਰ ਨੂੰ ਜੋੜਨਾ ਮਹੱਤਵਪੂਰਨ ਹੁੰਦਾ ਹੈ। ਬਾਕੀ ਬਚੇ ਟ੍ਰੇਲਰਾਂ ਨੂੰ ਜੋੜੋ ਜਿਵੇਂ ਕਿ ਤੁਸੀਂ ਆਮ ਤੌਰ 'ਤੇ ਇੱਕ ਡਬਲ ਨੂੰ ਜੋੜਦੇ ਹੋ।"
8787,ਵ੍ਹੀਲ ਨਟਸ ਦੇ ਆਲੇ ਦੁਆਲੇ ਜੰਗਾਲ ਕੀ ਸੰਕੇਤ ਕਰ ਸਕਦਾ ਹੈ?,,ਕਿ ਗਿਰੀਦਾਰ ਢਿੱਲੇ ਹਨ।,ਕਿ ਗਿਰੀਦਾਰ ਗਿੱਲੇ ਹਨ.,ਕਿ ਗਿਰੀਆਂ ਨੂੰ ਬਦਲਣ ਦੀ ਲੋੜ ਹੈ।,ਕਿ ਗਿਰੀਦਾਰ ਗਲਤ ਆਕਾਰ ਹਨ.,A,"ਵ੍ਹੀਲ ਨਟਸ ਦੇ ਆਲੇ ਦੁਆਲੇ ਜੰਗਾਲ ਇਹ ਸੰਕੇਤ ਕਰ ਸਕਦਾ ਹੈ ਕਿ ਉਹ ਢਿੱਲੇ ਹਨ। ਜੇ ਤੁਸੀਂ ਜੰਗਾਲ ਦੇਖਦੇ ਹੋ, ਤਾਂ ਗਿਰੀਦਾਰਾਂ ਦੀ ਕਠੋਰਤਾ ਦੀ ਜਾਂਚ ਕਰੋ।"
9109,ਬਹੁਤ ਜ਼ਿਆਦਾ ਗਰਮ ਤਾਪਮਾਨ ਕਾਰਨ ਹੋ ਸਕਦਾ ਹੈ:,,ਟਾਇਰ ਫੇਲ੍ਹ ਹੋਣਾ।,ਦੂਰ ਕਰਨ ਲਈ ਇੱਕ ਟ੍ਰੇਲਰ।,ਖਰਾਬ ਹੋਣ ਲਈ ਲਾਈਟਾਂ।,ਵਧੀ ਹੋਈ ਗੈਸ ਮਾਈਲੇਜ।,A,"ਕਿਉਂਕਿ ਹਵਾ ਗਰਮ ਹੋਣ 'ਤੇ ਫੈਲਦੀ ਹੈ, ਤਾਪਮਾਨ ਵਧਣ ਨਾਲ ਟਾਇਰ ਦਾ ਦਬਾਅ ਵਧਦਾ ਹੈ। ਇਸ ਨਾਲ ਕਈ ਵਾਰ ਟਾਇਰ ਫੇਲ ਹੋ ਸਕਦਾ ਹੈ। ਗਰਮ ਮੌਸਮ ਵਿੱਚ ਯਾਤਰਾ ਕਰਦੇ ਸਮੇਂ ਆਪਣੇ ਟਾਇਰ ਪ੍ਰੈਸ਼ਰ ਦੀ ਲਗਾਤਾਰ ਜਾਂਚ ਕਰੋ।"
8897,ਐਮਰਜੈਂਸੀ ਏਅਰ ਲਾਈਨਾਂ ਨੂੰ ਅਕਸਰ ਰੰਗ ਨਾਲ ਕੋਡ ਕੀਤਾ ਜਾਂਦਾ ਹੈ:,,ਹਰਾ.,ਸੰਤਰਾ.,ਪੀਲਾ.,ਲਾਲ।,D,"ਆਮ ਤੌਰ 'ਤੇ, ਸਰਵਿਸ ਏਅਰ ਲਾਈਨ ਦੇ ਹਿੱਸੇ ਨੀਲੇ ਅਤੇ ਐਮਰਜੈਂਸੀ ਏਅਰ ਲਾਈਨ ਦੇ ਹਿੱਸੇ ਲਾਲ ਕੋਡ ਕੀਤੇ ਜਾਂਦੇ ਹਨ।"
9827,"ਉਹਨਾਂ ਦੇ ਆਕਾਰ ਦੇ ਕਾਰਨ, ਡਬਲ ਅਤੇ ਤੀਹਰੇ:",,ਜਲਦੀ ਬੰਦ ਕਰੋ.,ਛੋਟੇ ਵਾਹਨਾਂ ਨਾਲੋਂ ਰੁਕਣ ਲਈ ਵਧੇਰੇ ਕਮਰੇ ਦੀ ਲੋੜ ਹੈ।,ਤੇਜ਼ੀ ਨਾਲ ਤੇਜ਼ ਕਰ ਸਕਦਾ ਹੈ.,ਛੋਟੇ ਵਾਹਨਾਂ ਨਾਲੋਂ ਉੱਚੇ ਡਾਊਨਗ੍ਰੇਡ 'ਤੇ ਚਾਲ ਚੱਲਣਾ ਆਸਾਨ ਹੈ।,B,ਡਬਲ ਜਾਂ ਟ੍ਰਿਪਲ ਮਿਸ਼ਰਨ ਦੇ ਡਰਾਈਵਰ ਨੂੰ ਆਪਣੇ ਵਾਹਨ ਦੇ ਆਲੇ ਦੁਆਲੇ ਦੀ ਜਗ੍ਹਾ ਬਾਰੇ ਖਾਸ ਤੌਰ 'ਤੇ ਸੁਚੇਤ ਹੋਣਾ ਚਾਹੀਦਾ ਹੈ। ਡਬਲ ਅਤੇ ਟ੍ਰਿਪਲ ਨੂੰ ਹੋਰ ਛੋਟੇ ਵਾਹਨਾਂ ਨਾਲੋਂ ਮੁੜਨ ਅਤੇ ਰੁਕਣ ਲਈ ਵਧੇਰੇ ਥਾਂ ਦੀ ਲੋੜ ਹੁੰਦੀ ਹੈ।
8899,"ਜੇਕਰ ਤੁਹਾਡੇ ਵਾਹਨ ਦੀਆਂ ਏਅਰ ਟੈਂਕੀਆਂ ਵਿੱਚ ਤੇਲ ਅਤੇ ਪਾਣੀ ਜਮ੍ਹਾ ਹੋ ਜਾਂਦਾ ਹੈ, ਤਾਂ ਬ੍ਰੇਕ:",,ਹੋ ਸਕਦਾ ਹੈ ਕਿ ਸਹੀ ਢੰਗ ਨਾਲ ਕੰਮ ਨਾ ਕਰੇ।,squishy ਮਹਿਸੂਸ ਕਰ ਸਕਦਾ ਹੈ.,ਵਰਤੇ ਜਾਣ 'ਤੇ ਉੱਚੀ-ਉੱਚੀ ਚੀਕਣਗੇ।,ਬੇਹੱਦ ਸੰਵੇਦਨਸ਼ੀਲ ਹੋਵੇਗਾ।,A,ਪਾਣੀ ਅਤੇ ਤੇਲ ਦੇ ਨਿਰਮਾਣ ਨੂੰ ਹਟਾਉਣ ਲਈ ਏਅਰ ਟੈਂਕਾਂ ਨੂੰ ਰੋਜ਼ਾਨਾ ਨਿਕਾਸ ਕੀਤਾ ਜਾਣਾ ਚਾਹੀਦਾ ਹੈ। ਏਅਰ ਟੈਂਕ ਵਿੱਚ ਤੇਲ ਅਤੇ ਪਾਣੀ ਦੀ ਜ਼ਿਆਦਾ ਮਾਤਰਾ ਸਹੀ ਬ੍ਰੇਕ ਫੰਕਸ਼ਨ ਵਿੱਚ ਵਿਘਨ ਪਾ ਸਕਦੀ ਹੈ।
9060,ਹੇਠਾਂ ਦਿੱਤੇ ਵਿੱਚੋਂ ਕਿਸ ਦੀ ਜਾਂਚ ਅਤੇ ਬਚਣ ਲਈ ਟਾਇਰ ਦੀ ਸਮੱਸਿਆ ਨਹੀਂ ਹੈ?,,ਰੇਡੀਅਲ ਅਤੇ ਬਿਆਸ-ਪਲਾਈ ਟਾਇਰ ਇਕੱਠੇ ਵਰਤੇ ਜਾਂਦੇ ਹਨ,ਸਕੂਲ ਬੱਸ ਦੇ ਮੂਹਰਲੇ ਪਾਸੇ ਮੁੜੇ ਹੋਏ ਟਾਇਰ,ਵੱਖ ਕਰਨਾ,ਸਾਰੇ ਟਾਇਰ ਇੱਕੋ ਕੰਪਨੀ ਦੁਆਰਾ ਬਣਾਏ ਗਏ ਹਨ,D,"ਇੱਕ ਨਿਰੀਖਣ ਦੌਰਾਨ, ਜਾਂਚ ਕਰਨ ਅਤੇ ਬਚਣ ਲਈ ਟਾਇਰਾਂ ਦੀਆਂ ਕਈ ਸਮੱਸਿਆਵਾਂ ਹਨ। ਹਵਾ ਦਾ ਦਬਾਅ ਦੇਖੋ ਜੋ ਬਹੁਤ ਘੱਟ ਜਾਂ ਬਹੁਤ ਜ਼ਿਆਦਾ ਹੈ; ਬਹੁਤ ਜ਼ਿਆਦਾ ਪਹਿਨਣ; ਕੱਟ ਜਾਂ ਹੋਰ ਨੁਕਸਾਨ; ਵੱਖ ਕਰਨਾ; ਦੋਹਰੇ ਟਾਇਰ ਜੋ ਇੱਕ ਦੂਜੇ ਜਾਂ ਵਾਹਨ ਦੇ ਦੂਜੇ ਹਿੱਸਿਆਂ ਦੇ ਸੰਪਰਕ ਵਿੱਚ ਆਉਂਦੇ ਹਨ; ਬੇਮੇਲ ਟਾਇਰ ਆਕਾਰ; ਰੇਡੀਅਲ ਅਤੇ ਬਾਈਸ-ਪਲਾਈ ਟਾਇਰ ਇਕੱਠੇ ਵਰਤੇ ਜਾਂਦੇ ਹਨ; ਕੱਟੇ ਜਾਂ ਫਟੇ ਹੋਏ ਵਾਲਵ ਦੇ ਤਣੇ; ਅਤੇ ਸਕੂਲੀ ਬੱਸ ਦੇ ਅਗਲੇ ਪਹੀਏ 'ਤੇ ਮੁੜ-ਗਰੋਵਡ, ਰੀਕੈਪਡ ਜਾਂ ਰੀਟੇਡ ਕੀਤੇ ਟਾਇਰ।"
9361,"ਡ੍ਰਾਈਵ-ਵ੍ਹੀਲ ਬ੍ਰੇਕਿੰਗ ਸਕਿਡ ਨੂੰ ਠੀਕ ਕਰਨ ਲਈ, ਡਰਾਈਵਰ ਨੂੰ ਹੇਠਾਂ ਦਿੱਤੇ ਸਾਰੇ ਕੰਮ ਕਰਨੇ ਚਾਹੀਦੇ ਹਨ, ਸਿਵਾਏ:",,ਆਪਣੇ ਪੈਰ ਨੂੰ ਬ੍ਰੇਕ ਪੈਡਲ ਤੋਂ ਹਟਾਓ।,ਸਕਿਡ ਦੀ ਦਿਸ਼ਾ ਵਿੱਚ ਤੇਜ਼ੀ ਨਾਲ ਮੁੜੋ.,ਵਾਹਨ ਦੇ ਕੋਰਸ 'ਤੇ ਵਾਪਸ ਆਉਣ ਤੋਂ ਬਾਅਦ ਕਾਊਂਟਰਸਟੀਅਰ।,ਤੇਜ਼ ਕਰੋ.,D,"ਡ੍ਰਾਈਵ-ਵ੍ਹੀਲ ਬ੍ਰੇਕਿੰਗ ਸਕਿਡ ਨੂੰ ਠੀਕ ਕਰਨ ਲਈ, ਤੁਹਾਨੂੰ ਪਹਿਲਾਂ ਆਪਣੇ ਪੈਰ ਨੂੰ ਬ੍ਰੇਕ ਪੈਡਲ ਤੋਂ ਹਟਾਉਣਾ ਚਾਹੀਦਾ ਹੈ ਤਾਂ ਜੋ ਲੌਕ ਕੀਤੇ ਪਹੀਏ ਮੁੜ ਤੋਂ ਰੋਲਿੰਗ ਸ਼ੁਰੂ ਕਰ ਸਕਣ। ਜਿਸ ਦਿਸ਼ਾ ਵਿੱਚ ਤੁਸੀਂ ਜਾਣਾ ਚਾਹੁੰਦੇ ਹੋ ਉਸ ਵੱਲ ਤੇਜ਼ੀ ਨਾਲ ਸਟੀਅਰ ਕਰੋ, ਫਿਰ ਆਪਣੇ ਵਾਹਨ ਨੂੰ ਉਲਟ ਦਿਸ਼ਾ ਵਿੱਚ ਖਿਸਕਣ ਤੋਂ ਰੋਕਣ ਲਈ ਕਾਊਂਟਰਸਟੀਅਰ ਕਰੋ।"
11309,ਬਹੁਤ ਗਰਮ ਮੌਸਮ ਵਿੱਚ ਗੱਡੀ ਚਲਾਉਣਾ:,,ਨਹੀਂ ਕਰਨੀ ਚਾਹੀਦੀ।,ਤੁਹਾਨੂੰ ਇੰਜਣ ਤੋਂ ਤੇਲ ਕੱਢਣ ਦੀ ਲੋੜ ਹੈ।,ਘੱਟ ਕੂਲੈਂਟ ਨਾਲ ਸੁਰੱਖਿਅਤ ਹੈ।,ਟਾਇਰ ਦਾ ਦਬਾਅ ਵਧਾ ਸਕਦਾ ਹੈ।,D,"ਬਹੁਤ ਗਰਮ ਮੌਸਮ ਵਿੱਚ, ਗਰਮੀ ਵਿੱਚ ਹਵਾ ਦੇ ਫੈਲਣ ਕਾਰਨ ਟਾਇਰ ਦਾ ਦਬਾਅ ਖਤਰਨਾਕ ਪੱਧਰ ਤੱਕ ਵਧ ਸਕਦਾ ਹੈ। ਇੰਜਣ ਨੂੰ ਜ਼ਿਆਦਾ ਗਰਮ ਹੋਣ ਤੋਂ ਬਚਾਉਣ ਲਈ, ਇਹ ਜ਼ਰੂਰੀ ਹੈ ਕਿ ਇੰਜਣ ਦੇ ਡੱਬੇ ਵਿੱਚ ਕਾਫ਼ੀ ਤੇਲ ਅਤੇ ਕੂਲੈਂਟ ਹੋਵੇ।"
11235,ਇੰਜਣ ਦੇ ਡੱਬੇ ਵਿੱਚ ਬੈਲਟ ਹੋਣੇ ਚਾਹੀਦੇ ਹਨ:,,ਭੜਕਿਆ.,ਤੰਗ.,ਚਿਕਨਾਈ.,ਸਲਾਈਡ ਬੰਦ ਕਰਨ ਲਈ ਆਸਾਨ.,B,"ਆਪਣੇ ਵਾਹਨ ਦੇ ਇੰਜਣ ਦਾ ਮੁਆਇਨਾ ਕਰਦੇ ਸਮੇਂ, ਬੈਲਟਾਂ ਨੂੰ ਤੰਗ ਅਤੇ ਬਹੁਤ ਜ਼ਿਆਦਾ ਪਹਿਨਣ ਲਈ ਚੈੱਕ ਕਰੋ। ਦਿੱਤੇ ਗਏ ਇੰਜਣ ਵਿੱਚ ਹਰੇਕ ਬੈਲਟ ਲਈ ਸੁਰੱਖਿਅਤ ""ਦੇਣ"" ਦੀ ਮਾਤਰਾ ਵੱਖਰੀ ਹੋਵੇਗੀ, ਇਸਲਈ ਜਾਣੋ ਕਿ ਤੁਹਾਡੇ ਵਾਹਨ ਲਈ ਕੀ ਢੁਕਵਾਂ ਹੈ।"
9516,"ਜਦੋਂ ਤੁਸੀਂ ਆਪਣਾ ਵਾਹਨ ਛੱਡਦੇ ਹੋ, ਤੁਹਾਨੂੰ ਇਹ ਕਰਨਾ ਚਾਹੀਦਾ ਹੈ:",,ਪਾਰਕਿੰਗ ਬ੍ਰੇਕ ਲਗਾਓ।,ਏਅਰ ਬ੍ਰੇਕ ਲਗਾਓ।,ਕੋਈ ਬ੍ਰੇਕ ਨਾ ਲਗਾਓ।,ਦਰਵਾਜ਼ਾ ਖੁੱਲ੍ਹਾ ਛੱਡ ਦਿਓ।,A,ਆਪਣੇ ਵਾਹਨ ਨੂੰ ਛੱਡਣ ਵੇਲੇ ਹਮੇਸ਼ਾ ਪਾਰਕਿੰਗ ਬ੍ਰੇਕ ਲਗਾਓ।
8594,"ਅੱਗ 'ਤੇ ਅੱਗ ਬੁਝਾਉਣ ਵਾਲੇ ਯੰਤਰ ਦੀ ਵਰਤੋਂ ਕਰਦੇ ਸਮੇਂ, ਤੁਹਾਨੂੰ ਇਹ ਕਰਨਾ ਚਾਹੀਦਾ ਹੈ:",,ਜਿੰਨਾ ਸੰਭਵ ਹੋ ਸਕੇ ਅੱਗ ਦੇ ਨੇੜੇ ਜਾਓ.,ਜਿੰਨਾ ਹੋ ਸਕੇ ਅੱਗ ਤੋਂ ਦੂਰ ਖੜ੍ਹੇ ਰਹੋ।,ਅੱਗ ਦੇ ਸਿਖਰ 'ਤੇ ਬੁਝਾਉਣ ਵਾਲੇ ਨੂੰ ਨਿਸ਼ਾਨਾ ਬਣਾਓ।,,B,"ਅੱਗ ਬੁਝਾਉਣ ਵਾਲੇ ਯੰਤਰ ਦੀ ਵਰਤੋਂ ਕਰਦੇ ਸਮੇਂ, ਤੁਹਾਨੂੰ ਅੱਗ ਤੋਂ ਜਿੰਨਾ ਸੰਭਵ ਹੋ ਸਕੇ ਦੂਰ ਖੜ੍ਹਾ ਹੋਣਾ ਚਾਹੀਦਾ ਹੈ। ਅੱਗ ਬੁਝਾਉਣ ਵਾਲੇ ਨੂੰ ਅੱਗ ਦੇ ਅਧਾਰ 'ਤੇ ਨਿਸ਼ਾਨਾ ਬਣਾਓ, ਨਾ ਕਿ ਅੱਗ 'ਤੇ। ਜੇਕਰ ਤੁਸੀਂ ਨਿਸ਼ਚਤ ਨਹੀਂ ਹੋ ਕਿ ਅੱਗ 'ਤੇ ਕਿਸ ਕਿਸਮ ਦਾ ਬੁਝਾਉਣ ਵਾਲਾ ਯੰਤਰ ਵਰਤਿਆ ਜਾਣਾ ਚਾਹੀਦਾ ਹੈ, ਖਾਸ ਤੌਰ 'ਤੇ ਖਤਰਨਾਕ ਸਮੱਗਰੀ ਦੀ ਅੱਗ, ਤਾਂ ਤੁਹਾਨੂੰ ਅੱਗ ਬੁਝਾਉਣ ਵਾਲੇ ਕਰਮਚਾਰੀਆਂ ਦੇ ਆਉਣ ਦੀ ਉਡੀਕ ਕਰਨੀ ਚਾਹੀਦੀ ਹੈ ਅਤੇ ਉਹਨਾਂ ਨੂੰ ਇਸਨੂੰ ਬੁਝਾਉਣ ਦੀ ਇਜਾਜ਼ਤ ਦੇਣੀ ਚਾਹੀਦੀ ਹੈ।"
11851,ਜੇ ਐਮਰਜੈਂਸੀ ਏਅਰ ਲਾਈਨ ਦਬਾਅ ਗੁਆ ਦਿੰਦੀ ਹੈ:,,ਸਰਵਿਸ ਬ੍ਰੇਕ ਐਕਟੀਵੇਟ ਹੋ ਜਾਣਗੇ।,ਟਰੈਕਟਰ ਸੁਰੱਖਿਆ ਵਾਲਵ ਬੰਦ ਹੋ ਜਾਵੇਗਾ।,ਪਿਛਲਾ ਟ੍ਰੇਲਰ ਸੁਮੇਲ ਤੋਂ ਵੱਖ ਹੋ ਜਾਵੇਗਾ।,,B,ਟਰੈਕਟਰ ਸੁਰੱਖਿਆ ਵਾਲਵ ਟ੍ਰੇਲਰ ਦੇ ਬ੍ਰੇਕਿੰਗ ਸਿਸਟਮ ਵਿੱਚ ਹਵਾ ਰੱਖਦਾ ਹੈ ਜੇਕਰ ਟ੍ਰੇਲਰ ਟੁੱਟ ਜਾਵੇ ਜਾਂ ਲੀਕ ਹੋ ਜਾਵੇ। ਐਮਰਜੈਂਸੀ ਲਾਈਨ ਵਿੱਚ ਹਵਾ ਦੇ ਦਬਾਅ ਵਿੱਚ ਕਮੀ ਕਾਰਨ ਟਰੈਕਟਰ ਸੁਰੱਖਿਆ ਵਾਲਵ ਖੁੱਲ੍ਹ ਜਾਵੇਗਾ ਅਤੇ ਐਮਰਜੈਂਸੀ ਟਰੇਲਰ ਬ੍ਰੇਕ ਸਰਗਰਮ ਹੋ ਜਾਣਗੇ।
9383,"ਏਅਰ ਬ੍ਰੇਕ ਦੀ ਵਰਤੋਂ ਕਰਨ ਵਾਲੇ ਵਾਹਨ ਵਿੱਚ ਰੁਕਣ ਲਈ, ਡਰਾਈਵਰ ਨੂੰ:",,ਏਅਰ ਬ੍ਰੇਕ ਲੀਵਰ ਨੂੰ ਖਿੱਚੋ.,ਬ੍ਰੇਕ ਲੀਵਰ ਨੂੰ ਲਗਾਓ।,ਬ੍ਰੇਕ ਪੈਡਲ ਨੂੰ ਹੇਠਾਂ ਵੱਲ ਧੱਕੋ।,ਬ੍ਰੇਕ ਪੈਡਲ ਨੂੰ ਉੱਪਰ ਵੱਲ ਖਿੱਚੋ।,C,"ਏਅਰ ਬ੍ਰੇਕਾਂ ਵਾਲੇ ਵਾਹਨ ਵਿੱਚ ਇੱਕ ਆਮ ਸਟਾਪ ਬਣਾਉਣ ਲਈ, ਬ੍ਰੇਕ ਪੈਡਲ ਨੂੰ ਹੇਠਾਂ ਵੱਲ ਧੱਕੋ। ਪੈਡਲ ਨੂੰ ਜਿੰਨਾ ਔਖਾ ਦਬਾਇਆ ਜਾਂਦਾ ਹੈ, ਓਨਾ ਹੀ ਜ਼ਿਆਦਾ ਹਵਾ ਦਾ ਦਬਾਅ ਜਾਰੀ ਹੁੰਦਾ ਹੈ।"
9524,"ਜੇਕਰ ਤੁਸੀਂ ਇੰਨੀ ਹੌਲੀ ਗੱਡੀ ਚਲਾ ਰਹੇ ਹੋ ਕਿ ਤੁਸੀਂ ਦੂਜੇ ਵਾਹਨਾਂ ਵਿੱਚ ਰੁਕਾਵਟ ਪਾ ਸਕਦੇ ਹੋ, ਤਾਂ ਤੁਹਾਨੂੰ ਇਹ ਕਰਨਾ ਚਾਹੀਦਾ ਹੈ:",,ਖੱਬੇ ਲੇਨ ਵਿੱਚ ਰਹੋ.,ਆਪਣੇ ਐਮਰਜੈਂਸੀ ਫਲੈਸ਼ਰ ਨੂੰ ਸਰਗਰਮ ਕਰਕੇ ਡਰਾਈਵ ਕਰੋ।,ਕਿਸੇ ਵੀ ਲਾਈਟ ਦੀ ਵਰਤੋਂ ਨਾ ਕਰੋ।,ਆਪਣੀ ਖਿੜਕੀ ਦੇ ਬਾਹਰ ਇੱਕ ਬਾਂਹ ਹਿਲਾਓ।,B,"ਜੇਕਰ ਤੁਹਾਨੂੰ ਹੌਲੀ-ਹੌਲੀ ਗੱਡੀ ਚਲਾਉਣੀ ਚਾਹੀਦੀ ਹੈ, ਤਾਂ ਤੁਹਾਨੂੰ ਦੂਜੇ ਡਰਾਈਵਰਾਂ ਨੂੰ ਚੇਤਾਵਨੀ ਦੇਣ ਲਈ ਆਪਣੇ ਐਮਰਜੈਂਸੀ ਫਲੈਸ਼ਰ ਦੀ ਵਰਤੋਂ ਕਰਨੀ ਚਾਹੀਦੀ ਹੈ। ਯਕੀਨੀ ਬਣਾਓ ਕਿ ਐਮਰਜੈਂਸੀ ਫਲੈਸ਼ਰਾਂ ਦੀ ਵਰਤੋਂ ਦੀ ਸਥਾਨਕ ਕਾਨੂੰਨਾਂ ਦੁਆਰਾ ਇਜਾਜ਼ਤ ਦਿੱਤੀ ਗਈ ਹੈ।"
8593,"ਜੇ ਤੁਸੀਂ ਯਕੀਨੀ ਨਹੀਂ ਹੋ ਕਿ ਤੁਹਾਡੇ ਵਾਹਨ ਵਿੱਚ ਅੱਗ ਬੁਝਾਉਣ ਲਈ ਕੀ ਕਰਨਾ ਹੈ, ਤਾਂ ਤੁਹਾਨੂੰ ਇਹ ਕਰਨਾ ਚਾਹੀਦਾ ਹੈ:",,ਪਾਣੀ ਦੀ ਵਰਤੋਂ ਕਰੋ।,ਗੱਡੀ ਦੇ ਅੰਦਰ ਹੀ ਰਹੋ।,ਅੱਗ ਬੁਝਾਉਣ ਵਾਲਿਆਂ ਦੀ ਉਡੀਕ ਕਰੋ.,,C,"ਜੇਕਰ ਤੁਸੀਂ ਯਕੀਨੀ ਨਹੀਂ ਹੋ ਕਿ ਤੁਹਾਡੇ ਵਾਹਨ ਵਿੱਚ ਅੱਗ ਲੱਗਣ 'ਤੇ ਕਿਸ ਕਿਸਮ ਦਾ ਬੁਝਾਉਣ ਵਾਲਾ ਯੰਤਰ ਵਰਤਿਆ ਜਾਣਾ ਚਾਹੀਦਾ ਹੈ, ਖਾਸ ਤੌਰ 'ਤੇ ਖਤਰਨਾਕ ਸਮੱਗਰੀ ਦੀ ਅੱਗ, ਤਾਂ ਤੁਹਾਨੂੰ ਅੱਗ ਬੁਝਾਉਣ ਵਾਲੇ ਕਰਮਚਾਰੀਆਂ ਦੇ ਆਉਣ ਦੀ ਉਡੀਕ ਕਰਨੀ ਚਾਹੀਦੀ ਹੈ ਅਤੇ ਉਹਨਾਂ ਨੂੰ ਇਸਨੂੰ ਬੁਝਾਉਣ ਦੀ ਇਜਾਜ਼ਤ ਦੇਣੀ ਚਾਹੀਦੀ ਹੈ।"
9279,ਇੰਜਣ ਨੂੰ ਅੱਗ ਬੁਝਾਉਣ ਦੀ ਕੋਸ਼ਿਸ਼ ਕਰਨ ਤੋਂ ਪਹਿਲਾਂ:,,ਹੁੱਡ ਨੂੰ ਖੋਲ੍ਹਿਆ ਜਾਣਾ ਚਾਹੀਦਾ ਹੈ.,ਇੰਜਣ ਨੂੰ ਬੰਦ ਕਰ ਦੇਣਾ ਚਾਹੀਦਾ ਹੈ।,ਬਾਕੀ ਬਚੇ ਈਂਧਨ ਦੀ ਵਰਤੋਂ ਕਰਨ ਲਈ ਐਕਸਲੇਟਰ ਨੂੰ ਉਦਾਸ ਹੋਣਾ ਚਾਹੀਦਾ ਹੈ।,,B,"ਜੇਕਰ ਤੁਸੀਂ ਇੰਜਣ ਵਿੱਚ ਅੱਗ ਦਾ ਅਨੁਭਵ ਕਰਦੇ ਹੋ, ਤਾਂ ਤੁਹਾਨੂੰ ਜਿੰਨੀ ਜਲਦੀ ਹੋ ਸਕੇ ਸੁਰੱਖਿਅਤ ਢੰਗ ਨਾਲ ਇੰਜਣ ਬੰਦ ਕਰ ਦੇਣਾ ਚਾਹੀਦਾ ਹੈ। ਅੱਗ ਬੁਝਾਉਣ ਵੇਲੇ ਵਾਹਨ ਦੇ ਹੂਡ ਨੂੰ ਖੋਲ੍ਹਣ ਤੋਂ ਬਚੋ।"
8554,ਇੱਕ ਵਪਾਰਕ ਮੋਟਰ ਵਾਹਨ ਚਾਲਕ:,,ਡ੍ਰਾਈਵਿੰਗ ਕਰਦੇ ਸਮੇਂ ਕਿਸੇ ਵੀ ਸੈੱਲ ਫੋਨ ਦੀ ਵਰਤੋਂ ਕਰ ਸਕਦਾ ਹੈ।,"ਜੇਕਰ ਇਜਾਜ਼ਤ ਹੋਵੇ, ਤਾਂ ਗੱਡੀ ਚਲਾਉਂਦੇ ਸਮੇਂ ਸਿਰਫ਼ ਹੈਂਡਸ-ਫ੍ਰੀ ਸੈੱਲ ਫ਼ੋਨ ਦੀ ਵਰਤੋਂ ਕਰ ਸਕਦੇ ਹੋ।",ਪੇਂਡੂ ਸੜਕਾਂ 'ਤੇ ਗੱਡੀ ਚਲਾਉਂਦੇ ਸਮੇਂ ਸਿਰਫ਼ ਸੈਲ ਫ਼ੋਨ ਦੀ ਵਰਤੋਂ ਕਰ ਸਕਦੇ ਹੋ।,,B,"ਜੇਕਰ ਤੁਸੀਂ CMV ਚਲਾਉਂਦੇ ਸਮੇਂ ਮੋਬਾਈਲ ਫ਼ੋਨ ਦੀ ਵਰਤੋਂ ਕਰਨਾ ਚੁਣਦੇ ਹੋ, ਤਾਂ ਤੁਸੀਂ ਸਿਰਫ਼ ਇੱਕ ਹੈਂਡਸ-ਫ੍ਰੀ ਮੋਬਾਈਲ ਫ਼ੋਨ ਦੀ ਵਰਤੋਂ ਕਰ ਸਕਦੇ ਹੋ ਜੋ ਤੁਹਾਡੇ ਨੇੜੇ ਸਥਿਤ ਹੈ। ਹਾਲਾਂਕਿ, ਹੈਂਡਸ-ਫ੍ਰੀ ਮੋਬਾਈਲ ਫੋਨ ਵੀ ਡਰਾਈਵਿੰਗ ਕਰਦੇ ਸਮੇਂ ਖ਼ਤਰਨਾਕ ਭਟਕਣਾ ਪੈਦਾ ਕਰ ਸਕਦਾ ਹੈ। ਇਹ ਸੁਨਿਸ਼ਚਿਤ ਕਰੋ ਕਿ ਤੁਸੀਂ ਉਸ ਰਾਜ ਦੇ ਸਾਰੇ ਸੈੱਲ ਫ਼ੋਨ ਕਾਨੂੰਨਾਂ ਤੋਂ ਜਾਣੂ ਹੋ ਜਿਸ ਵਿੱਚ ਤੁਸੀਂ ਗੱਡੀ ਚਲਾ ਰਹੇ ਹੋ।"
11568,"ਇੱਕ ਆਟੋਮੈਟਿਕ ਟਰੈਕਟਰ ਸੁਰੱਖਿਆ ਵਾਲਵ ਨਾਲ ਲੈਸ ਵਾਹਨ ਵਿੱਚ, ਵਾਲਵ ਉਦੋਂ ਬਾਹਰ ਆ ਜਾਵੇਗਾ ਜਦੋਂ:",,ਹਵਾ ਦਾ ਦਬਾਅ 20 ਅਤੇ 45 psi ਦੇ ਵਿਚਕਾਰ ਇੱਕ ਪੱਧਰ ਤੱਕ ਘੱਟ ਜਾਂਦਾ ਹੈ।,ਤੁਸੀਂ ਟ੍ਰੇਲਰ ਜੈਕਨੀਫ ਦਾ ਅਨੁਭਵ ਕਰ ਰਹੇ ਹੋ।,ਪਹੀਏ ਸਕਿੱਡ ਤੋਂ ਬਾਅਦ ਮੁੜ ਤੋਂ ਟ੍ਰੈਕਸ਼ਨ ਪ੍ਰਾਪਤ ਕਰਦੇ ਹਨ।,ਹਵਾ ਦਾ ਦਬਾਅ 45 psi ਤੋਂ ਉੱਪਰ ਹੈ।,A,"ਆਟੋਮੈਟਿਕ ਟਰੈਕਟਰ ਸੁਰੱਖਿਆ ਵਾਲਵ ਨਾਲ ਲੈਸ ਵਾਹਨਾਂ ਵਿੱਚ, ਜੇਕਰ ਹਵਾ ਦਾ ਦਬਾਅ 20 ਅਤੇ 45 psi ਦੇ ਵਿਚਕਾਰ ਇੱਕ ਪੱਧਰ ਤੱਕ ਘੱਟ ਜਾਂਦਾ ਹੈ ਤਾਂ ਵਾਲਵ ਬਾਹਰ ਆ ਜਾਵੇਗਾ। ਜਦੋਂ ਵਾਲਵ ਬਾਹਰ ਨਿਕਲਦਾ ਹੈ, ਤਾਂ ਸੁਰੱਖਿਆ ਵਾਲਵ ਬੰਦ ਹੋ ਜਾਵੇਗਾ, ਹਵਾ ਦੇ ਪ੍ਰਵਾਹ ਨੂੰ ਰੋਕਦਾ ਹੈ।"
11660,"ਟ੍ਰੇਲਰ ਏਅਰ ਸਪਲਾਈ ਕੰਟਰੋਲ ਨੂੰ ਬਾਹਰ ਕੱਢੋ, ਜਾਂ ਇਸ ਨੂੰ ""ਐਮਰਜੈਂਸੀ"" ਸਥਿਤੀ ਵਿੱਚ ਸੈੱਟ ਕਰੋ, ਜਦੋਂ ਜਾਂਚ ਕੀਤੀ ਜਾ ਰਹੀ ਹੈ:",,ਟ੍ਰੇਲਰ ਦੀ ਐਮਰਜੈਂਸੀ ਬ੍ਰੇਕ।,ਪਾਰਕਿੰਗ ਬ੍ਰੇਕ.,ਟ੍ਰੇਲਰ ਸੇਵਾ ਬ੍ਰੇਕ.,ਲੈਂਡਿੰਗ ਗੇਅਰ।,A,"ਯਾਤਰਾ ਸ਼ੁਰੂ ਕਰਨ ਤੋਂ ਪਹਿਲਾਂ ਟ੍ਰੇਲਰ ਐਮਰਜੈਂਸੀ ਬ੍ਰੇਕਾਂ ਦੀ ਜਾਂਚ ਕਰਨਾ ਯਕੀਨੀ ਬਣਾਓ। ਇਹ ਯਕੀਨੀ ਬਣਾਉਣ ਤੋਂ ਬਾਅਦ ਕਿ ਟ੍ਰੇਲਰ ਸੁਤੰਤਰ ਰੂਪ ਵਿੱਚ ਰੋਲ ਕਰਦਾ ਹੈ, ਤੁਸੀਂ ਟ੍ਰੇਲਰ ਏਅਰ ਸਪਲਾਈ ਕੰਟਰੋਲ ਨੂੰ ਬਾਹਰ ਕੱਢ ਕੇ, ਜਾਂ ਇਸਨੂੰ ""ਐਮਰਜੈਂਸੀ"" ਸਥਿਤੀ ਵਿੱਚ ਰੱਖ ਕੇ ਐਮਰਜੈਂਸੀ ਬ੍ਰੇਕਾਂ ਦੀ ਜਾਂਚ ਕਰ ਸਕਦੇ ਹੋ। ਟਰੈਕਟਰ ਨਾਲ ਥੋੜ੍ਹਾ ਅੱਗੇ ਖਿੱਚੋ ਅਤੇ ਯਕੀਨੀ ਬਣਾਓ ਕਿ ਟ੍ਰੇਲਰ ਹਿੱਲਦਾ ਨਹੀਂ ਹੈ।"
9578,"ਆਪਣੇ ਵਾਹਨ ਨੂੰ ਚਾਲੂ ਕਰਦੇ ਸਮੇਂ, ਕੂਲੈਂਟ ਦਾ ਤਾਪਮਾਨ ਇਹ ਹੋਣਾ ਚਾਹੀਦਾ ਹੈ:",,ਤਬਦੀਲੀ ਨਹੀਂ।,ਹੌਲੀ-ਹੌਲੀ ਵਧਾਓ।,ਤੇਜ਼ੀ ਨਾਲ ਨੀਵੇਂ ਤੋਂ ਉੱਚੇ ਵੱਲ ਛਾਲ ਮਾਰੋ।,,B,"ਯਾਤਰਾ ਸ਼ੁਰੂ ਕਰਨ ਤੋਂ ਪਹਿਲਾਂ ਆਪਣੇ ਵਾਹਨ ਵਿੱਚ ਗੇਜ ਦੇਖੋ। ਤੁਹਾਡੇ ਵਾਹਨ ਦੇ ਇੰਜਣ ਨੂੰ ਚਾਲੂ ਕਰਨ ਤੋਂ ਬਾਅਦ, ਕੂਲੈਂਟ ਦਾ ਤਾਪਮਾਨ ਆਮ ਓਪਰੇਟਿੰਗ ਰੇਂਜ ਵਿੱਚ ਹੌਲੀ-ਹੌਲੀ ਵਧਣਾ ਸ਼ੁਰੂ ਹੋ ਜਾਣਾ ਚਾਹੀਦਾ ਹੈ।"
11861,"ਇੱਕ ਵਾਰ ਜੋੜਨ ਦਾ ਕੰਮ ਪੂਰਾ ਹੋਣ ਤੋਂ ਬਾਅਦ, ਇੱਥੇ ਹੋਣਾ ਚਾਹੀਦਾ ਹੈ:",,ਉਪਰਲੇ ਅਤੇ ਹੇਠਲੇ ਪੰਜਵੇਂ ਪਹੀਏ ਵਿਚਕਾਰ ਤਿੰਨ ਇੰਚ ਸਪੇਸ।,ਉਪਰਲੇ ਅਤੇ ਹੇਠਲੇ ਪੰਜਵੇਂ ਪਹੀਏ ਵਿੱਚ ਕੋਈ ਥਾਂ ਨਹੀਂ ਹੈ।,ਉਪਰਲੇ ਅਤੇ ਹੇਠਲੇ ਪੰਜਵੇਂ ਪਹੀਏ ਦੇ ਵਿਚਕਾਰ ਇੱਕ ਮੱਧਮ ਮਾਤਰਾ ਵਿੱਚ ਸਪੇਸ।,,B,"ਕਪਲਿੰਗ ਡਿਵਾਈਸਾਂ ਦੀ ਵਿਜ਼ੂਅਲ ਜਾਂਚ ਕਰਦੇ ਸਮੇਂ, ਤੁਹਾਨੂੰ ਇਹ ਯਕੀਨੀ ਬਣਾਉਣਾ ਚਾਹੀਦਾ ਹੈ ਕਿ ਉਪਰਲੇ ਅਤੇ ਹੇਠਲੇ ਪੰਜਵੇਂ ਪਹੀਏ ਦੇ ਵਿਚਕਾਰ ਕੋਈ ਥਾਂ ਨਹੀਂ ਹੈ। ਯਕੀਨੀ ਬਣਾਓ ਕਿ ਕਿੰਗਪਿਨ ਦੇ ਆਲੇ-ਦੁਆਲੇ ਲਾਕਿੰਗ ਜਬਾੜੇ ਸੁਰੱਖਿਅਤ ਢੰਗ ਨਾਲ ਬੰਦ ਹਨ।"
9641,ਠੰਡੇ ਮੌਸਮ ਵਿੱਚ ਇੱਕ ਖੁੱਲੀ ਆਟੋਮੋਬਾਈਲ ਵਿੰਡੋ ਦਰਸਾ ਸਕਦੀ ਹੈ ਕਿ ਡਰਾਈਵਰ ਹੈ:,,ਡਰਾਈਵਿੰਗ ਕਮਜ਼ੋਰ।,ਅਣਉਚਿਤ ਪਹਿਰਾਵੇ.,ਆਪਣੇ ਵਾਹਨ ਦੇ ਅੰਦਰ ਗਰਮੀ ਦੀ ਵਰਤੋਂ ਕਰਦੇ ਹੋਏ.,ਤਾਜ਼ੀ ਹਵਾ ਦਾ ਆਨੰਦ.,A,"ਦੂਜੇ ਡਰਾਈਵਰਾਂ ਦੇ ਵਿਵਹਾਰਾਂ ਨੂੰ ਵੇਖਣਾ ਅਤੇ ਸੁਰਾਗ ਦੀ ਪਛਾਣ ਕਰਨਾ ਮਹੱਤਵਪੂਰਨ ਹੈ ਜੋ ਇਹ ਦਰਸਾਉਂਦੇ ਹਨ ਕਿ ਵਿਅਕਤੀ ਕਦੋਂ ਡ੍ਰਾਈਵਿੰਗ ਕਮਜ਼ੋਰ ਹੋ ਸਕਦਾ ਹੈ। ਜਿਨ੍ਹਾਂ ਡਰਾਈਵਰਾਂ ਨੇ ਬਹੁਤ ਜ਼ਿਆਦਾ ਸ਼ਰਾਬ ਪੀ ਲਈ ਹੈ, ਨੀਂਦ ਆ ਰਹੀ ਹੈ, ਨਸ਼ੇ 'ਤੇ ਹਨ, ਜਾਂ ਬਿਮਾਰ ਹਨ, ਉਹ ਦੂਜੇ ਡਰਾਈਵਰਾਂ ਲਈ ਖਤਰੇ ਪੈਦਾ ਕਰ ਸਕਦੇ ਹਨ। ਠੰਡੇ ਮੌਸਮ ਵਿੱਚ ਆਪਣੀ ਖਿੜਕੀ ਖੋਲ੍ਹ ਕੇ ਗੱਡੀ ਚਲਾਉਣ ਵਾਲਾ ਵਿਅਕਤੀ ਕਮਜ਼ੋਰ ਹੋ ਸਕਦਾ ਹੈ।"
9830,ਡਬਲ ਜਾਂ ਟ੍ਰਿਪਲ ਵਾਹਨ ਪਾਰਕ ਕਰਦੇ ਸਮੇਂ:,,ਤੁਹਾਨੂੰ ਆਪਣੇ ਪਾਰਕਿੰਗ ਸਥਾਨ ਵਿੱਚ ਵਾਪਸ ਜਾਣਾ ਚਾਹੀਦਾ ਹੈ।,ਤੁਹਾਨੂੰ ਸੜਕ 'ਤੇ ਪਾਰਕ ਕਰਨਾ ਚਾਹੀਦਾ ਹੈ।,ਤੁਹਾਨੂੰ ਅਜਿਹੇ ਸਥਾਨ 'ਤੇ ਪਾਰਕ ਕਰਨਾ ਚਾਹੀਦਾ ਹੈ ਜਿੱਥੇ ਤੁਸੀਂ ਬਾਹਰ ਨਿਕਲਣ ਲਈ ਅੱਗੇ ਖਿੱਚ ਸਕਦੇ ਹੋ।,ਤੁਹਾਨੂੰ ਲੋਕਾਂ ਨੂੰ ਆਪਣੇ ਵਾਹਨਾਂ ਨੂੰ ਮੂਵ ਕਰਨ ਲਈ ਕਹਿਣਾ ਚਾਹੀਦਾ ਹੈ।,C,"ਡਬਲ ਜਾਂ ਟ੍ਰਿਪਲ ਪਾਰਕਿੰਗ ਕਰਦੇ ਸਮੇਂ, ਤੁਹਾਨੂੰ ਇੱਕ ਪਾਰਕਿੰਗ ਸਥਾਨ ਚੁਣਨਾ ਚਾਹੀਦਾ ਹੈ ਜਿੱਥੇ ਤੁਸੀਂ ਜਾਣ ਵੇਲੇ ਅੱਗੇ ਖਿੱਚ ਸਕਦੇ ਹੋ। ਲੰਬੇ ਅਤੇ ਮੁਸ਼ਕਲ ਨਿਕਾਸ ਦੀ ਜ਼ਰੂਰਤ ਤੋਂ ਬਚਣ ਲਈ ਪਾਰਕਿੰਗ ਦੀ ਵਿਵਸਥਾ ਬਾਰੇ ਸੁਚੇਤ ਰਹੋ।"
10952,"ਜੇਕਰ ਗੱਡੀ ਚਲਾਉਂਦੇ ਸਮੇਂ ਨੀਂਦ ਆਉਂਦੀ ਹੈ, ਤਾਂ ਤੁਹਾਨੂੰ ਇਹ ਕਰਨਾ ਚਾਹੀਦਾ ਹੈ:",,'ਤੇ ਦਬਾਓ ਅਤੇ ਯਾਤਰਾ ਨੂੰ ਪੂਰਾ ਕਰੋ।,ਆਪਣੀ ਮੰਜ਼ਿਲ 'ਤੇ ਜਲਦੀ ਪਹੁੰਚਣ ਲਈ ਤੇਜ਼ੀ ਨਾਲ ਗੱਡੀ ਚਲਾਓ।,ਸੜਕ ਛੱਡੋ ਅਤੇ ਇੱਕ ਝਪਕੀ ਲਓ.,ਊਰਜਾ ਦੀ ਗੋਲੀ ਲਓ।,C,"ਜੇਕਰ ਤੁਸੀਂ ਡ੍ਰਾਈਵਿੰਗ ਕਰਦੇ ਸਮੇਂ ਨੀਂਦ ਮਹਿਸੂਸ ਕਰਨਾ ਸ਼ੁਰੂ ਕਰ ਦਿੰਦੇ ਹੋ, ਤਾਂ ਇੱਕੋ ਇੱਕ ਸੁਰੱਖਿਅਤ ਜਵਾਬ ਹੈ ਕਿ ਗੱਡੀ ਚਲਾਉਣਾ ਬੰਦ ਕਰੋ ਅਤੇ ਥੋੜ੍ਹੀ ਨੀਂਦ ਲਓ। ਥਕਾਵਟ ਨਾਲ ਲੜਨ ਦੀ ਕੋਸ਼ਿਸ਼ ਖਤਰਨਾਕ ਹੈ ਅਤੇ ਘਾਤਕ ਕਰੈਸ਼ਾਂ ਦਾ ਇੱਕ ਵੱਡਾ ਕਾਰਨ ਹੈ। ਉਤੇਜਕ ਇੱਕ ਸੁਰੱਖਿਅਤ ਹੱਲ ਨਹੀਂ ਹਨ ਕਿਉਂਕਿ ਇਹ ਤੁਹਾਨੂੰ ਜਾਗਦੇ ਰਹਿਣ ਵਿੱਚ ਮਦਦ ਕਰ ਸਕਦੇ ਹਨ ਪਰ ਤੁਹਾਨੂੰ ਵਧੇਰੇ ਸੁਚੇਤ ਨਹੀਂ ਕਰਨਗੇ। ਇੱਕ ਵਾਰ ਉਤੇਜਕ ਬੰਦ ਹੋ ਜਾਣ ਤੇ, ਤੁਸੀਂ ਪਹਿਲਾਂ ਨਾਲੋਂ ਵੀ ਜ਼ਿਆਦਾ ਥੱਕ ਜਾਓਗੇ।"
8591,"ਜੇਕਰ ਤੁਹਾਡੇ ਕੋਲ ਇੰਜਣ ਵਿੱਚ ਅੱਗ ਹੈ, ਤਾਂ ਤੁਹਾਨੂੰ ਇਹ ਕਰਨਾ ਚਾਹੀਦਾ ਹੈ:",,ਜਿੰਨੀ ਜਲਦੀ ਹੋ ਸਕੇ ਹੁੱਡ ਖੋਲ੍ਹੋ.,ਜਿੰਨੀ ਜਲਦੀ ਹੋ ਸਕੇ ਇੰਜਣ ਬੰਦ ਕਰੋ।,ਅੱਗ ਬੁਝਾਉਣ ਵਾਲੇ ਯੰਤਰ ਦੀ ਵਰਤੋਂ ਨਾ ਕਰੋ।,,B,"ਇੰਜਣ ਦੀ ਅੱਗ ਨੂੰ ਫੈਲਣ ਤੋਂ ਰੋਕਣ ਲਈ, ਤੁਹਾਨੂੰ ਜਿੰਨੀ ਜਲਦੀ ਹੋ ਸਕੇ ਵਾਹਨ ਦੇ ਇੰਜਣ ਨੂੰ ਬੰਦ ਕਰ ਦੇਣਾ ਚਾਹੀਦਾ ਹੈ। ਹੁੱਡ ਨਾ ਖੋਲ੍ਹੋ ਜੇ ਤੁਹਾਨੂੰ ਇਹ ਨਹੀਂ ਕਰਨਾ ਪੈਂਦਾ."
11307,ਨੁਕਸਦਾਰ ਨਿਕਾਸ ਪ੍ਰਣਾਲੀ ਦੇ ਕਾਰਨ ਕਿਹੜੀ ਗੈਸ ਚਿੰਤਾ ਦਾ ਕਾਰਨ ਬਣ ਸਕਦੀ ਹੈ?,,ਆਕਸੀਜਨ,ਕਾਰਬਨ ਮੋਨੋਆਕਸਾਈਡ,ਨਾਈਟ੍ਰੋਜਨ,,B,"ਇੱਕ ਲੀਕ ਨਿਕਾਸ ਪ੍ਰਣਾਲੀ ਕਾਰਬਨ ਮੋਨੋਆਕਸਾਈਡ, ਜੋ ਕਿ ਜ਼ਹਿਰੀਲੀ ਹੈ, ਨੂੰ ਕੈਬ ਜਾਂ ਸਲੀਪਰ ਬਰਥ ਵਿੱਚ ਦਾਖਲ ਕਰ ਸਕਦੀ ਹੈ।"
8789,ਸਟੀਅਰਿੰਗ ਵੀਲ ਪਲੇ ਇਸ ਤੋਂ ਵੱਧ ਨਹੀਂ ਹੋਣੀ ਚਾਹੀਦੀ:,,10 ਡਿਗਰੀ.,25 ਡਿਗਰੀ.,50 ਡਿਗਰੀ।,75 ਡਿਗਰੀ,A,10 ਡਿਗਰੀ ਤੋਂ ਵੱਧ ਦਾ ਸਟੀਅਰਿੰਗ ਵ੍ਹੀਲ ਪਲੇ (20-ਇੰਚ ਸਟੀਅਰਿੰਗ ਵ੍ਹੀਲ ਦੇ ਰਿਮ 'ਤੇ ਲਗਭਗ ਦੋ ਇੰਚ ਦੀ ਗਤੀ) ਸਟੀਅਰ ਕਰਨਾ ਮੁਸ਼ਕਲ ਬਣਾ ਸਕਦੀ ਹੈ।
8759,ਇੱਕ ਐਪਲੀਕੇਸ਼ਨ ਪ੍ਰੈਸ਼ਰ ਗੇਜ ਦਿਖਾਉਂਦਾ ਹੈ:,,ਬ੍ਰੇਕਾਂ 'ਤੇ ਹਵਾ ਦਾ ਕਿੰਨਾ ਦਬਾਅ ਪਾਇਆ ਜਾ ਰਿਹਾ ਹੈ।,ਹਵਾ ਦਾ ਦਬਾਅ ਕਿੰਨਾ ਉਪਲਬਧ ਹੈ।,ਵਾਹਨ ਨੂੰ ਰੋਕਣ ਲਈ ਹਵਾ ਦੇ ਦਬਾਅ ਦੀ ਕਿੰਨੀ ਲੋੜ ਹੁੰਦੀ ਹੈ।,,A,"ਜੇਕਰ ਕੋਈ ਵਾਹਨ ਲੈਸ ਹੈ, ਤਾਂ ਇੱਕ ਐਪਲੀਕੇਸ਼ਨ ਪ੍ਰੈਸ਼ਰ ਗੇਜ ਦਰਸਾਉਂਦਾ ਹੈ ਕਿ ਬ੍ਰੇਕਾਂ 'ਤੇ ਕਿੰਨਾ ਹਵਾ ਦਾ ਦਬਾਅ ਲਾਗੂ ਕੀਤਾ ਜਾ ਰਿਹਾ ਹੈ। ਇਹ ਗੇਜ ਡਰਾਈਵਰ ਨੂੰ ਇਹ ਪਛਾਣ ਕਰਨ ਵਿੱਚ ਮਦਦ ਕਰ ਸਕਦਾ ਹੈ ਕਿ ਕੀ ਉਹਨਾਂ ਦੀਆਂ ਬ੍ਰੇਕਾਂ ਫਿੱਕੀਆਂ ਹੋਣ ਲੱਗੀਆਂ ਹਨ।"
11455,ਇੱਕ ਬੰਦ-ਬੰਦ ਵਾਲਵ:,,ਇੱਕ ਟ੍ਰੇਲਰ ਦੇ ਸਾਹਮਣੇ ਸਥਿਤ ਹੈ.,ਇੰਸਟਰੂਮੈਂਟ ਪੈਨਲ 'ਤੇ ਸਥਿਤ ਹੈ।,ਹਵਾ ਨੂੰ ਏਅਰ ਬ੍ਰੇਕ ਸਿਸਟਮ ਤੋਂ ਬਚਣ ਤੋਂ ਰੋਕਦਾ ਹੈ।,ਹਮੇਸ਼ਾ ਖੁੱਲ੍ਹਾ ਹੋਣਾ ਚਾਹੀਦਾ ਹੈ.,C,ਇੱਕ ਟ੍ਰੇਲਰ ਤੋਂ ਦੂਜੇ ਟ੍ਰੇਲਰ ਵਿੱਚ ਹਵਾ ਦੇ ਲੰਘਣ ਨੂੰ ਨਿਯੰਤਰਿਤ ਕਰਨ ਲਈ ਏਅਰ ਸਪਲਾਈ ਲਾਈਨਾਂ ਵਿੱਚ ਬੰਦ-ਬੰਦ ਵਾਲਵ ਦੀ ਵਰਤੋਂ ਕੀਤੀ ਜਾਂਦੀ ਹੈ। ਹਵਾ ਨੂੰ ਬ੍ਰੇਕਿੰਗ ਸਿਸਟਮ ਤੋਂ ਬਾਹਰ ਜਾਣ ਤੋਂ ਰੋਕਣ ਲਈ ਪਿਛਲਾ ਬੰਦ-ਬੰਦ ਵਾਲਵ ਹਮੇਸ਼ਾ ਬੰਦ ਹੋਣਾ ਚਾਹੀਦਾ ਹੈ।
11531,ਤੁਹਾਨੂੰ ਕੀ ਦੱਸਦਾ ਹੈ ਕਿ ਤੁਹਾਡੇ ਵਾਹਨ ਦੇ ਏਅਰ ਟੈਂਕ ਵਿੱਚ ਕਿੰਨਾ ਦਬਾਅ ਹੈ?,,ਸਪਲਾਈ ਪ੍ਰੈਸ਼ਰ ਗੇਜ,ABS ਖਰਾਬ ਹੋਣ ਵਾਲਾ ਲੈਂਪ,ਟਰੈਕਟਰ ਸੁਰੱਖਿਆ ਵਾਲਵ,,A,"ਇੱਕ ਵਾਹਨ ਜੋ ਏਅਰ ਬ੍ਰੇਕਾਂ ਨਾਲ ਲੈਸ ਹੈ, ਇੱਕ ਸਪਲਾਈ ਪ੍ਰੈਸ਼ਰ ਗੇਜ ਨਾਲ ਵੀ ਲੈਸ ਹੋਣਾ ਚਾਹੀਦਾ ਹੈ। ਇਹ ਗੇਜ ਡਰਾਈਵਰ ਨੂੰ ਦੱਸਦਾ ਹੈ ਕਿ ਵਾਹਨ ਦੇ ਹਰੇਕ ਏਅਰ ਟੈਂਕ ਵਿੱਚ ਹਵਾ ਦਾ ਦਬਾਅ ਕਿੰਨਾ ਹੈ।"
11829,ਜਦੋਂ ਤੁਸੀਂ ਗੱਡੀ ਚਲਾਉਂਦੇ ਹੋ ਤਾਂ ਟ੍ਰੇਲਰ ਹੈਂਡ ਵਾਲਵ ਦੀ ਵਰਤੋਂ ਨਹੀਂ ਕੀਤੀ ਜਾਣੀ ਚਾਹੀਦੀ ਕਿਉਂਕਿ:,,ਇਹ ਵਾਹਨ ਤੋਂ ਡਿਸਕਨੈਕਟ ਹੋ ਜਾਵੇਗਾ।,ਤੁਸੀਂ ਗੱਡੀ ਨੂੰ ਬਹੁਤ ਜਲਦੀ ਰੋਕੋਗੇ।,ਇਹ ਸਕਿਡ ਦਾ ਕਾਰਨ ਬਣ ਸਕਦਾ ਹੈ।,,C,ਆਪਣੇ ਵਾਹਨ ਨੂੰ ਚਲਾਉਂਦੇ ਸਮੇਂ ਕਦੇ ਵੀ ਟ੍ਰੇਲਰ ਹੈਂਡ ਵਾਲਵ ਦੀ ਵਰਤੋਂ ਨਾ ਕਰੋ। ਡ੍ਰਾਈਵਿੰਗ ਕਰਦੇ ਸਮੇਂ ਟ੍ਰੇਲਰ ਹੈਂਡ ਵਾਲਵ ਦੀ ਵਰਤੋਂ ਕਰਨ ਨਾਲ ਤੁਹਾਡਾ ਟ੍ਰੇਲਰ ਫਿਸਲ ਸਕਦਾ ਹੈ।
11674,"S-cam ਬ੍ਰੇਕਾਂ 'ਤੇ ਸਲੈਕ ਐਡਜਸਟਰਾਂ ਦੀ ਜਾਂਚ ਕਰਨ ਲਈ, ਤੁਹਾਨੂੰ ਇਹ ਕਰਨ ਦੀ ਲੋੜ ਹੈ:",,ਇੱਕ ਪਹਾੜੀ 'ਤੇ ਪਾਰਕ ਕਰੋ ਅਤੇ ਬ੍ਰੇਕਾਂ ਦੀ ਜਾਂਚ ਕਰੋ।,ਦਸਤਾਨੇ ਪਾਓ ਅਤੇ ਸਲੈਕ ਐਡਜਸਟਰਾਂ ਵਿੱਚ ਧੱਕੋ।,ਡਰੱਮ ਨੂੰ ਹਟਾਓ ਅਤੇ ਅੰਦਰ ਦੇਖੋ.,ਪਹੀਆਂ ਨੂੰ ਚੈਕ ਕਰੋ ਅਤੇ ਪਾਰਕਿੰਗ ਬ੍ਰੇਕ ਨੂੰ ਬੰਦ ਕਰੋ।,D,"ਪੱਧਰੀ ਜ਼ਮੀਨ 'ਤੇ ਪਾਰਕਿੰਗ ਕਰਨ, ਵ੍ਹੀਲ ਚੋਕਸ ਲਗਾਉਣ, ਅਤੇ ਪਾਰਕਿੰਗ ਬ੍ਰੇਕ ਨੂੰ ਬੰਦ ਕਰਨ ਤੋਂ ਬਾਅਦ ਹਰੇਕ ਸਲੈਕ ਐਡਜਸਟਰ ਦੀ ਜਾਂਚ ਕਰੋ। ਇਹ ਯਕੀਨੀ ਬਣਾਉਣ ਲਈ ਸਲੈਕ ਐਡਜਸਟਰਾਂ ਨੂੰ ਖਿੱਚੋ ਕਿ ਉਹ ਲਗਭਗ ਇੱਕ ਇੰਚ ਤੋਂ ਵੱਧ ਨਾ ਜਾਣ ਜਿੱਥੋਂ ਪੁਸ਼ ਰਾਡ ਜੁੜਿਆ ਹੋਵੇ। ਜੇ ਉਹ ਇੱਕ ਇੰਚ ਤੋਂ ਵੱਧ ਜਾਂਦੇ ਹਨ, ਤਾਂ ਉਹ ਸਮਾਯੋਜਨ ਤੋਂ ਬਾਹਰ ਹੋ ਸਕਦੇ ਹਨ ਅਤੇ ਉਹਨਾਂ ਨੂੰ ਠੀਕ ਕਰਨ ਦੀ ਲੋੜ ਹੋਵੇਗੀ।"
8868,ਐਪਲੀਕੇਸ਼ਨ ਪ੍ਰੈਸ਼ਰ ਗੇਜ:,,ਦਰਸਾਉਂਦਾ ਹੈ ਕਿ ਬ੍ਰੇਕਾਂ 'ਤੇ ਕਿੰਨਾ ਹਵਾ ਦਾ ਦਬਾਅ ਲਾਗੂ ਕੀਤਾ ਜਾ ਰਿਹਾ ਹੈ।,ਬ੍ਰੇਕਿੰਗ ਸਿਸਟਮ ਵਿੱਚ ਵਰਤੀ ਜਾ ਰਹੀ ਹਵਾ ਦਾ ਤਾਪਮਾਨ ਦਿਖਾਉਂਦਾ ਹੈ।,ਕੰਪ੍ਰੈਸਰ ਤੋਂ ਆਉਣ ਵਾਲੀ ਹਵਾ ਦਾ ਦਬਾਅ ਦਿਖਾਉਂਦਾ ਹੈ।,ਇਹ ਦਰਸਾਉਂਦਾ ਹੈ ਕਿ ਕਿੰਨੀ ਵਾਰ ਬ੍ਰੇਕਾਂ ਦੀ ਵਰਤੋਂ ਕੀਤੀ ਗਈ ਹੈ।,A,"ਇੱਕ ਏਅਰ ਬ੍ਰੇਕ ਸਿਸਟਮ ਵਿੱਚ, ਐਪਲੀਕੇਸ਼ਨ ਪ੍ਰੈਸ਼ਰ ਗੇਜ ਦਰਸਾਉਂਦਾ ਹੈ ਕਿ ਬ੍ਰੇਕਾਂ 'ਤੇ ਕਿੰਨਾ ਹਵਾ ਦਾ ਦਬਾਅ ਲਾਗੂ ਕੀਤਾ ਜਾ ਰਿਹਾ ਹੈ। ਏਅਰ ਬ੍ਰੇਕ ਸਿਸਟਮ ਵਾਲੇ ਸਾਰੇ ਵਾਹਨਾਂ ਵਿੱਚ ਇਹ ਗੇਜ ਨਹੀਂ ਹੈ।"
11456,ਜੇਕਰ ਟ੍ਰੇਲਰ ਬਹੁਤ ਜ਼ਿਆਦਾ ਹੈ:,,ਜੋੜਨ ਵੇਲੇ ਕੋਈ ਫਰਕ ਨਹੀਂ ਪਵੇਗਾ।,ਹੋ ਸਕਦਾ ਹੈ ਕਿ ਇਹ ਸਹੀ ਤਰ੍ਹਾਂ ਜੋੜੇ ਨਾ।,ਜੋੜੀ ਵਧੇਰੇ ਸੁਰੱਖਿਅਤ ਹੋਵੇਗੀ।,ਜੋੜਨਾ ਆਸਾਨ ਹੋ ਜਾਵੇਗਾ।,B,"ਟਰੈਕਟਰ ਅਤੇ ਟ੍ਰੇਲਰ ਨੂੰ ਜੋੜਨ ਤੋਂ ਪਹਿਲਾਂ, ਤੁਹਾਨੂੰ ਇਹ ਯਕੀਨੀ ਬਣਾਉਣਾ ਚਾਹੀਦਾ ਹੈ ਕਿ ਟ੍ਰੇਲਰ ਸਹੀ ਉਚਾਈ 'ਤੇ ਹੈ। ਜੇਕਰ ਟ੍ਰੇਲਰ ਬਹੁਤ ਘੱਟ ਹੈ, ਤਾਂ ਟ੍ਰੇਲਰ ਦੀ ਨੱਕ ਨੂੰ ਨੁਕਸਾਨ ਹੋ ਸਕਦਾ ਹੈ। ਜੇਕਰ ਟ੍ਰੇਲਰ ਬਹੁਤ ਜ਼ਿਆਦਾ ਹੈ, ਤਾਂ ਹੋ ਸਕਦਾ ਹੈ ਕਿ ਇਹ ਸਹੀ ਢੰਗ ਨਾਲ ਜੋੜਨ ਦੇ ਯੋਗ ਨਾ ਹੋਵੇ।"
9282,ਤੁਹਾਡੇ ਸਿਸਟਮ ਤੋਂ ਅਲਕੋਹਲ ਨੂੰ ਹਟਾਇਆ ਜਾ ਸਕਦਾ ਹੈ:,,ਕਸਰਤ ਕਰ ਕੇ।,ਕੌਫੀ ਪੀ ਕੇ।,ਉਡੀਕ ਕਰਕੇ.,,C,"ਜਿਗਰ ਇੱਕ ਨਿਸ਼ਚਿਤ ਦਰ 'ਤੇ ਸਰੀਰ ਤੋਂ ਅਲਕੋਹਲ ਨੂੰ ਹਟਾ ਦਿੰਦਾ ਹੈ, ਇਸ ਲਈ ਅਲਕੋਹਲ ਦਾ ਸੇਵਨ ਕਰਨ ਤੋਂ ਬਾਅਦ ਆਰਾਮ ਕਰਨ ਦਾ ਇੱਕੋ ਇੱਕ ਤਰੀਕਾ ਹੈ ਕਿ ਤੁਹਾਡੇ ਸਰੀਰ ਨੂੰ ਅਲਕੋਹਲ ਨੂੰ ਆਪਣੇ ਆਪ ਹਟਾਉਣ ਲਈ ਸਮਾਂ ਦਿਓ।"
8642,ਸੰਚਾਲਿਤ ਮਿਸ਼ਰਨ ਵਾਹਨਾਂ ਲਈ ਆਮ ਤੌਰ 'ਤੇ ____ ਸੰਚਾਲਿਤ ਸਿੰਗਲ ਵਾਹਨਾਂ ਦੀ ਲੋੜ ਹੁੰਦੀ ਹੈ।,,ਨਾਲੋਂ ਘੱਟ ਹੁਨਰ,ਹੁਨਰ ਦੇ ਉਸੇ ਪੱਧਰ ਬਾਰੇ,ਤੋਂ ਵੱਧ ਹੁਨਰ,,C,ਮਿਸ਼ਰਨ ਵਾਹਨ ਆਮ ਤੌਰ 'ਤੇ ਸਿੰਗਲ ਕੰਬੀਨੇਸ਼ਨ ਵਾਹਨਾਂ ਨਾਲੋਂ ਭਾਰੀ ਅਤੇ ਲੰਬੇ ਹੁੰਦੇ ਹਨ। ਇੱਕ ਸੁਮੇਲ ਵਾਹਨ ਚਲਾਉਣ ਲਈ ਇੱਕ ਵਪਾਰਕ ਵਾਹਨ ਚਲਾਉਣ ਨਾਲੋਂ ਉੱਚ ਪੱਧਰੀ ਡਰਾਈਵਿੰਗ ਹੁਨਰ ਦੀ ਲੋੜ ਹੁੰਦੀ ਹੈ।
8523,"ਜੇਕਰ ਤੁਹਾਨੂੰ ਡ੍ਰਾਈਵਰ ਸਾਈਡ ਬੈਕਿੰਗ ਦੀ ਵਰਤੋਂ ਕਰਦੇ ਹੋਏ, ਉਲਟਾ ਗੱਡੀ ਚਲਾਉਣੀ ਚਾਹੀਦੀ ਹੈ:",,ਹਮੇਸ਼ਾ ਉਤਸ਼ਾਹਿਤ ਕੀਤਾ ਜਾਂਦਾ ਹੈ।,ਨਿਰਾਸ਼ ਕੀਤਾ ਜਾਂਦਾ ਹੈ।,ਸਿਰਫ ਤਾਂ ਹੀ ਸਿਫਾਰਸ਼ ਕੀਤੀ ਜਾਂਦੀ ਹੈ ਜੇਕਰ ਬਾਰਸ਼ ਹੋ ਰਹੀ ਹੈ.,,A,"ਜੇਕਰ ਤੁਹਾਨੂੰ ਬੈਕਅੱਪ ਲੈਣਾ ਚਾਹੀਦਾ ਹੈ, ਤਾਂ ਵਾਹਨ ਦੇ ਡਰਾਈਵਰ ਵਾਲੇ ਪਾਸੇ ਵੱਲ ਵਾਪਸ ਜਾਣਾ ਸਭ ਤੋਂ ਸੁਰੱਖਿਅਤ ਹੈ। ਇਸ ਤਰ੍ਹਾਂ, ਡਰਾਈਵਰ ਦੇ ਤੌਰ 'ਤੇ, ਤੁਹਾਡੇ ਕੋਲ ਯਾਤਰਾ ਦੇ ਆਪਣੇ ਮਾਰਗ ਦਾ ਸਭ ਤੋਂ ਵਧੀਆ ਸੰਭਵ ਦ੍ਰਿਸ਼ ਹੋਵੇਗਾ।"
8570,"ਜਦੋਂ ਤੁਸੀਂ ਇੱਕ ਉੱਚੇ ਗ੍ਰੇਡ ਹੇਠਾਂ ਸਫ਼ਰ ਕਰਦੇ ਹੋ, ਤਾਂ ਤੁਸੀਂ ਹੇਠਲੇ ਗੇਅਰ ਵਿੱਚ ਸਵਿਚ ਕਰਦੇ ਹੋ:",,ਗ੍ਰੇਡ ਸ਼ੁਰੂ ਕਰਨ ਤੋਂ ਪਹਿਲਾਂ।,ਜਦੋਂ ਤੁਸੀਂ ਪਹਿਲਾਂ ਹੀ ਗ੍ਰੇਡ ਸ਼ੁਰੂ ਕਰ ਚੁੱਕੇ ਹੋ।,ਜਿੰਨਾ ਸੰਭਵ ਹੋ ਸਕੇ ਗ੍ਰੇਡ ਹੇਠਾਂ.,,A,ਹੇਠਾਂ ਵੱਲ ਦੇਖਣ ਤੋਂ ਪਹਿਲਾਂ ਤੁਹਾਨੂੰ ਆਪਣੇ ਵਾਹਨ ਦੇ ਟ੍ਰਾਂਸਮਿਸ਼ਨ ਨੂੰ ਘੱਟ ਗੇਅਰ ਵਿੱਚ ਬਦਲਣਾ ਚਾਹੀਦਾ ਹੈ। ਹੇਠਾਂ ਵੱਲ ਯਾਤਰਾ ਕਰਦੇ ਸਮੇਂ ਆਪਣੇ ਵਾਹਨ ਦੀ ਗਤੀ ਵਧਾਉਣ ਲਈ ਗੰਭੀਰਤਾ ਲਈ ਤਿਆਰ ਰਹੋ।
10055,"ਟ੍ਰੇਲਰ ਨਾਲ ਬੈਕ ਕਰਦੇ ਸਮੇਂ, ਡਰਾਈਵਰ ਦੇ ਪਾਸੇ ਵੱਲ ਮੁੜਨ ਨੂੰ ਉਤਸ਼ਾਹਿਤ ਕੀਤਾ ਜਾਂਦਾ ਹੈ ਕਿਉਂਕਿ:",,ਡਰਾਈਵਰ ਕੋਲ ਸਭ ਤੋਂ ਵਧੀਆ ਸੰਭਵ ਦ੍ਰਿਸ਼ ਹੋਵੇਗਾ।,ਬਿਜਲੀ ਦੀਆਂ ਲਾਈਨਾਂ ਯਾਤਰੀਆਂ ਦੇ ਪਾਸੇ ਹੋਣੀਆਂ ਚਾਹੀਦੀਆਂ ਹਨ।,ਹੋਰ ਡਰਾਈਵਰ ਯਾਤਰੀ ਦੇ ਪਾਸੇ 'ਤੇ ਸਹਾਇਤਾ ਦੀ ਪੇਸ਼ਕਸ਼ ਕਰ ਸਕਦੇ ਹਨ।,,A,"ਉਲਟਾ ਗੱਡੀ ਚਲਾਉਣ ਵੇਲੇ, ਇਹ ਹਮੇਸ਼ਾ ਸਿਫਾਰਸ਼ ਕੀਤੀ ਜਾਂਦੀ ਹੈ ਕਿ ਇੱਕ ਡਰਾਈਵਰ ਆਪਣੇ ਵਾਹਨ ਨੂੰ ਇਸਦੇ ਖੱਬੇ ਪਾਸੇ ਵੱਲ ਪਿੱਛੇ ਕਰੇ। ਇਹ ਡ੍ਰਾਈਵਰ ਨੂੰ ਆਪਣੇ ਵਾਹਨ ਦੇ ਪਿਛਲੇ ਪਾਸੇ ਦਾ ਸਭ ਤੋਂ ਵਧੀਆ ਸੰਭਾਵਿਤ ਦ੍ਰਿਸ਼ ਦੇਖਣ ਦੀ ਆਗਿਆ ਦੇਵੇਗਾ।"
9571,ਦੋਹਰੇ ਟਾਇਰਾਂ ਨੂੰ ਚਾਹੀਦਾ ਹੈ:,,ਹਮੇਸ਼ਾ ਇੱਕ ਦੂਜੇ ਦੇ ਸੰਪਰਕ ਵਿੱਚ ਆਓ।,ਨਿਯਮਿਤ ਤੌਰ 'ਤੇ ਇੱਕ ਦੂਜੇ ਦੇ ਸੰਪਰਕ ਵਿੱਚ ਆਓ।,ਇੱਕ ਦੂਜੇ ਦੇ ਸੰਪਰਕ ਵਿੱਚ ਨਹੀਂ ਆਉਂਦੇ।,,C,"ਕਿਸੇ ਵਾਹਨ ਦੀ ਜਾਂਚ ਕਰਦੇ ਸਮੇਂ, ਤੁਹਾਨੂੰ ਇਹ ਤਸਦੀਕ ਕਰਨਾ ਚਾਹੀਦਾ ਹੈ ਕਿ ਤੁਹਾਡੇ ਦੋਹਰੇ ਟਾਇਰ ਇੱਕ ਦੂਜੇ ਦੇ ਸੰਪਰਕ ਵਿੱਚ ਨਹੀਂ ਆਉਂਦੇ ਹਨ, ਜਾਂ ਵਾਹਨ ਦੇ ਕਿਸੇ ਹੋਰ ਹਿੱਸੇ ਨਾਲ ਨਹੀਂ ਆਉਂਦੇ ਹਨ।"
8631,"1 ਮਾਰਚ, 1997 ਨੂੰ ਜਾਂ ਇਸ ਤੋਂ ਬਾਅਦ ਬਣੇ ਏਅਰ ਬ੍ਰੇਕਾਂ ਵਾਲੇ ਟਰੱਕ ਟਰੈਕਟਰਾਂ ਕੋਲ ਇਹ ਹੋਣਾ ਚਾਹੀਦਾ ਹੈ:",,ਇੱਕ ਐਂਟੀ-ਲਾਕ ਬ੍ਰੇਕਿੰਗ ਸਿਸਟਮ (ABS)।,ਬਲੂਟੁੱਥ।,GPS ਨੂੰ.,,A,"1 ਮਾਰਚ, 1997 ਨੂੰ ਜਾਂ ਇਸ ਤੋਂ ਬਾਅਦ ਬਣੇ ਏਅਰ ਬ੍ਰੇਕਾਂ ਵਾਲੇ ਟਰੱਕ ਟਰੈਕਟਰ, ਅਤੇ 1 ਮਾਰਚ, 1998 ਨੂੰ ਜਾਂ ਇਸ ਤੋਂ ਬਾਅਦ ਬਣੇ ਏਅਰ ਬ੍ਰੇਕਾਂ ਵਾਲੇ ਹੋਰ ਵਾਹਨ, ਐਂਟੀ-ਲਾਕ ਬ੍ਰੇਕਾਂ ਨਾਲ ਲੈਸ ਹੋਣੇ ਚਾਹੀਦੇ ਹਨ।"
8533,ਤੁਹਾਨੂੰ ਆਪਣੇ ਸ਼ੀਸ਼ੇ ਦੀ ਜਾਂਚ ਅਤੇ ਵਿਵਸਥਿਤ ਕਰਨਾ ਚਾਹੀਦਾ ਹੈ:,,ਗੱਡੀ ਚਲਾਉਣ ਤੋਂ ਪਹਿਲਾਂ।,ਗੱਡੀ ਚਲਾਉਂਦੇ ਹੋਏ।,ਗੱਡੀ ਚਲਾਉਣ ਤੋਂ ਬਾਅਦ.,,A,ਡਰਾਈਵ ਸ਼ੁਰੂ ਕਰਨ ਤੋਂ ਪਹਿਲਾਂ ਆਪਣੇ ਸ਼ੀਸ਼ੇ ਜ਼ਰੂਰ ਚੈੱਕ ਕਰੋ। ਤੁਹਾਡਾ ਮੁਦਰਾ ਦਿਨ ਪ੍ਰਤੀ ਦਿਨ ਬਦਲ ਸਕਦਾ ਹੈ ਅਤੇ ਤੁਹਾਡੇ ਸ਼ੀਸ਼ੇ ਐਡਜਸਟ ਕਰਨ ਦੀ ਲੋੜ ਹੋ ਸਕਦੀ ਹੈ।
9271,"ਗੱਡੀ ਚਲਾਉਂਦੇ ਸਮੇਂ ਸੁਚੇਤ ਰਹਿਣ ਲਈ, ਤੁਹਾਨੂੰ ਇਹ ਕਰਨਾ ਚਾਹੀਦਾ ਹੈ:",,ਆਪਣੀ ਯਾਤਰਾ ਸ਼ੁਰੂ ਕਰਨ ਤੋਂ ਪਹਿਲਾਂ ਭਾਰੀ ਭੋਜਨ ਖਾਓ।,ਕੈਬ ਨੂੰ ਗਰਮ ਰੱਖੋ।,ਕਿਸੇ ਦੂਜੇ ਵਿਅਕਤੀ ਨਾਲ ਸਵਾਰੀ ਕਰੋ ਜੋ ਡਰਾਈਵਿੰਗ ਦੀਆਂ ਜ਼ਿੰਮੇਵਾਰੀਆਂ ਸਾਂਝੀਆਂ ਕਰ ਸਕਦਾ ਹੈ।,,C,ਦੂਜੇ ਡਰਾਈਵਰ ਨਾਲ ਡਰਾਈਵਿੰਗ ਦੀਆਂ ਜ਼ਿੰਮੇਵਾਰੀਆਂ ਵੰਡਣ ਨਾਲ ਇਹ ਸੰਭਾਵਨਾ ਘੱਟ ਜਾਂਦੀ ਹੈ ਕਿ ਤੁਹਾਡੇ ਵਿੱਚੋਂ ਕੋਈ ਵੀ ਥਕਾਵਟ ਦੇ ਦੌਰਾਨ ਗੱਡੀ ਚਲਾਵੇਗਾ। ਤੁਸੀਂ ਭਾਰੀ ਭੋਜਨਾਂ ਤੋਂ ਪਰਹੇਜ਼ ਕਰਕੇ ਅਤੇ ਕੈਬ ਦੇ ਅੰਦਰਲੇ ਹਿੱਸੇ ਨੂੰ ਠੰਡਾ ਰੱਖ ਕੇ ਥਕਾਵਟ ਦੇ ਜੋਖਮ ਨੂੰ ਵੀ ਘਟਾ ਸਕਦੇ ਹੋ।
9241,"ਆਪਣੇ ਵਾਹਨ ਨੂੰ ਪਿੱਛੇ ਵੱਲ ਜਾਣ ਤੋਂ ਰੋਕਣ ਲਈ ਜਦੋਂ ਤੁਸੀਂ ਅੱਗੇ ਵਧਣਾ ਸ਼ੁਰੂ ਕਰਦੇ ਹੋ, ਤੁਸੀਂ ਇਹ ਕਰ ਸਕਦੇ ਹੋ:",,ਬ੍ਰੇਕ ਪੈਡਲ ਤੋਂ ਆਪਣਾ ਪੈਰ ਉਤਾਰਨ ਤੋਂ ਪਹਿਲਾਂ ਕਲਚ ਨੂੰ ਅੰਸ਼ਕ ਤੌਰ 'ਤੇ ਲਗਾਓ।,ਵਾਹਨ ਨੂੰ ਦੂਜੇ ਗੀਅਰ ਵਿੱਚ ਰੱਖੋ।,ਰੁਕਣ ਵੇਲੇ ਪਾਰਕਿੰਗ ਬ੍ਰੇਕ ਦੀ ਵਰਤੋਂ ਕਰੋ।,,A,"ਇਹ ਸੁਨਿਸ਼ਚਿਤ ਕਰਨ ਲਈ ਕਿ ਜਦੋਂ ਤੁਹਾਡਾ ਵਾਹਨ ਇੱਕ ਸਟਾਪ ਤੋਂ ਬਾਅਦ ਅੱਗੇ ਵਧਣਾ ਸ਼ੁਰੂ ਕਰਦਾ ਹੈ ਤਾਂ ਪਿੱਛੇ ਵੱਲ ਨਾ ਜਾਵੇ, ਤੁਹਾਨੂੰ ਬ੍ਰੇਕ ਪੈਡਲ ਤੋਂ ਆਪਣੇ ਸੱਜੇ ਪੈਰ ਨੂੰ ਹਟਾਉਣ ਤੋਂ ਪਹਿਲਾਂ ਕਲੱਚ ਨੂੰ ਅੰਸ਼ਕ ਤੌਰ 'ਤੇ ਜੋੜਨਾ ਚਾਹੀਦਾ ਹੈ।"
9606,"ਜੇਕਰ ਘੱਟ ਹਵਾ ਦਾ ਦਬਾਅ ਚੇਤਾਵਨੀ ਸਿਗਨਲ ਆਉਂਦਾ ਹੈ, ਤਾਂ ਤੁਹਾਨੂੰ ਇਹ ਕਰਨਾ ਚਾਹੀਦਾ ਹੈ:",,"ਗੱਡੀ ਚਲਾਉਣਾ ਜਾਰੀ ਰੱਖੋ, ਪਰ ਇੱਕ ਹਫ਼ਤੇ ਦੇ ਅੰਦਰ ਬ੍ਰੇਕਾਂ ਦੀ ਮੁਰੰਮਤ ਕਰਵਾਓ।",ਉੱਪਰ ਖਿੱਚੋ ਅਤੇ ਬ੍ਰੇਕਾਂ ਦੀ ਜਾਂਚ ਕਰੋ।,ਗੱਡੀ ਚਲਾਉਂਦੇ ਸਮੇਂ ਮਕੈਨਿਕ ਨੂੰ ਫ਼ੋਨ ਕਰੋ।,,B,"ਜੇਕਰ ਤੁਸੀਂ ਏਅਰ ਬ੍ਰੇਕਾਂ ਨਾਲ ਵਾਹਨ ਚਲਾ ਰਹੇ ਹੋ ਤਾਂ ਘੱਟ ਹਵਾ ਦੇ ਦਬਾਅ ਦਾ ਚੇਤਾਵਨੀ ਸਿਗਨਲ ਆਉਂਦਾ ਹੈ, ਤਾਂ ਤੁਹਾਨੂੰ ਤੁਰੰਤ ਵਾਹਨ ਨੂੰ ਸੁਰੱਖਿਅਤ ਸਟਾਪ 'ਤੇ ਲਿਆਉਣਾ ਚਾਹੀਦਾ ਹੈ ਜਦੋਂ ਤੱਕ ਤੁਸੀਂ ਅਜੇ ਵੀ ਬ੍ਰੇਕਾਂ ਨੂੰ ਕੰਟਰੋਲ ਕਰਨ ਦੇ ਯੋਗ ਹੋ। ਜਿੰਨੀ ਜਲਦੀ ਹੋ ਸਕੇ ਬ੍ਰੇਕਾਂ ਦੀ ਜਾਂਚ ਅਤੇ ਮੁਰੰਮਤ ਕਰੋ।"
9879,"ਖੱਬੇ ਮੋੜ ਲੈਂਦੇ ਸਮੇਂ, ਤੁਹਾਨੂੰ ਮੋੜ ਸ਼ੁਰੂ ਕਰਨਾ ਚਾਹੀਦਾ ਹੈ:",,ਚੌਰਾਹੇ ਦੇ ਕੇਂਦਰ ਵਿੱਚ ਪਹੁੰਚਣ ਤੋਂ ਪਹਿਲਾਂ.,ਨਹਿਂ ਤ੍ਵਂ ਦ੍ਵਿਤੀਯਂ ਸਂਸ੍ਥਿਤਂ ਚ ।,ਤੁਹਾਡੇ ਪਿਛਲੇ ਪਹੀਏ ਚੌਰਾਹੇ ਦੇ ਕੇਂਦਰ ਤੋਂ ਲੰਘਣ ਤੋਂ ਬਾਅਦ।,,B,"ਜਦੋਂ ਖੱਬੇ ਮੋੜ ਲੈਂਦੇ ਹੋ, ਤਾਂ ਤੁਹਾਨੂੰ ਅਸਲ ਵਿੱਚ ਮੁੜਨਾ ਸ਼ੁਰੂ ਕਰਨ ਤੋਂ ਪਹਿਲਾਂ ਚੌਰਾਹੇ ਦੇ ਕੇਂਦਰ ਵਿੱਚ ਪਹੁੰਚਣ ਤੱਕ ਉਡੀਕ ਕਰਨੀ ਚਾਹੀਦੀ ਹੈ। ਔਫ-ਟਰੈਕਿੰਗ ਦੇ ਕਾਰਨ, ਜੇਕਰ ਤੁਸੀਂ ਬਹੁਤ ਜਲਦੀ ਮੋੜਨਾ ਸ਼ੁਰੂ ਕਰਦੇ ਹੋ ਤਾਂ ਤੁਹਾਡੇ ਵਾਹਨ ਦਾ ਖੱਬਾ ਪਾਸਾ ਕਿਸੇ ਹੋਰ ਡਰਾਈਵਰ ਨੂੰ ਮਾਰ ਸਕਦਾ ਹੈ।"
8648,"ਡਬਲ ਅਤੇ ਟ੍ਰਿਪਲ ਲਈ ""ਕਰੈਕ-ਦ-ਵਾਈਪ"" ਪ੍ਰਭਾਵ ਹੈ:",,ਕੋਈ ਸਮੱਸਿਆ ਨਹੀਂ।,ਸਿਰਫ ਇੱਕ ਸਮੱਸਿਆ ਜਦੋਂ ਬਾਰਿਸ਼ ਹੁੰਦੀ ਹੈ।,ਇੱਕ ਗੰਭੀਰ ਚਿੰਤਾ.,,C,"ਦੂਜੇ ਵਾਹਨਾਂ ਦੇ ਮੁਕਾਬਲੇ ""ਕਰੈਕ-ਦ-ਵ੍ਹਿਪ"" ਪ੍ਰਭਾਵ ਦੇ ਕਾਰਨ ਡਬਲ ਅਤੇ ਟ੍ਰਿਪਲ ਟ੍ਰੇਲਰ ਸੰਜੋਗ ਦੇ ਉਲਟ ਜਾਣ ਦੀ ਜ਼ਿਆਦਾ ਸੰਭਾਵਨਾ ਹੁੰਦੀ ਹੈ। ਡ੍ਰਾਈਵਰਾਂ ਨੂੰ ਟ੍ਰੇਲਰ ਖਿੱਚਣ ਵੇਲੇ ਹੌਲੀ ਹੌਲੀ ਚੱਲਣ ਦੀ ਲੋੜ ਹੈ।"
11369,ਇੱਕ ਵਿਚਲਿਤ ਡਰਾਈਵਰ:,,ਆਮ ਤੌਰ 'ਤੇ ਸੜਕ ਦੇ ਨਿਯਮਾਂ ਦੀ ਪਾਲਣਾ ਕਰਦਾ ਹੈ.,ਆਮ ਤੌਰ 'ਤੇ ਧਾਰਨਾ ਹੌਲੀ ਹੁੰਦੀ ਹੈ.,ਦੀ ਪਾਲਣਾ ਕਰਨ ਲਈ ਇੱਕ ਚੰਗਾ ਵਿਅਕਤੀ ਹੈ.,,B,"ਧਿਆਨ ਭਟਕਾਉਣ ਵਾਲੇ ਡ੍ਰਾਈਵਰ ਸੜਕ 'ਤੇ ਖ਼ਤਰਿਆਂ ਨੂੰ ਧਿਆਨ ਕੇਂਦਰਿਤ ਕਰਨ ਵਾਲੇ ਡਰਾਈਵਰਾਂ ਨਾਲੋਂ ਜ਼ਿਆਦਾ ਹੌਲੀ-ਹੌਲੀ ਸਮਝਦੇ ਹਨ, ਜਾਂ ਉਹ ਖਤਰਿਆਂ ਨੂੰ ਬਿਲਕੁਲ ਵੀ ਨਹੀਂ ਸਮਝਦੇ।"
8584,"ABS ਨਾਲ ਬ੍ਰੇਕ ਕਰਦੇ ਸਮੇਂ, ਤੁਹਾਨੂੰ ਇਹ ਕਰਨਾ ਚਾਹੀਦਾ ਹੈ:",,ਬ੍ਰੇਕ ਪੈਡਲ ਨੂੰ ਪੰਪ ਕਰੋ.,ਆਮ ਤੌਰ 'ਤੇ ਬ੍ਰੇਕ ਕਰੋ.,ਕਿਸੇ ਵੱਖਰੇ ਬ੍ਰੇਕਿੰਗ ਸਿਸਟਮ ਨਾਲ ਤੁਹਾਡੇ ਨਾਲੋਂ ਜ਼ਿਆਦਾ ਸਖ਼ਤ ਬ੍ਰੇਕ ਕਰੋ।,,B,"ਐਂਟੀ-ਲਾਕ ਬ੍ਰੇਕਿੰਗ ਸਿਸਟਮ (ABS) ਨਾਲ ਲੈਸ ਕਿਸੇ ਵਾਹਨ ਨੂੰ ਬ੍ਰੇਕ ਲਗਾਉਂਦੇ ਸਮੇਂ, ਤੁਹਾਨੂੰ ਕਿਸੇ ਵੱਖਰੇ ਬ੍ਰੇਕਿੰਗ ਸਿਸਟਮ ਨਾਲ ਵਾਹਨ ਚਲਾਉਣ ਵੇਲੇ ਤੁਹਾਡੇ ਨਾਲੋਂ ਵੱਖਰੇ ਤੌਰ 'ਤੇ ਬ੍ਰੇਕ ਨਹੀਂ ਲਗਾਉਣੀ ਚਾਹੀਦੀ।"
11274,"ਬਰਫ਼ ਦੀ ਇੱਕ ਪਤਲੀ ਪਰਤ ਜੋ ਸੜਕ ਦੀ ਸਤ੍ਹਾ 'ਤੇ ਬਣਦੀ ਹੈ, ਨੂੰ ਕਿਹਾ ਜਾਂਦਾ ਹੈ:",,ਚਿੱਟੀ ਬਰਫ਼.,ਕਾਲੀ ਬਰਫ਼.,ਨੀਲੀ ਬਰਫ਼.,,B,ਕਾਲੀ ਬਰਫ਼ ਬਰਫ਼ ਦੀ ਇੱਕ ਪਤਲੀ ਪਰਤ ਹੈ ਜੋ ਸੜਕ ਦੀ ਸਤ੍ਹਾ ਨੂੰ ਇਸ ਵਿੱਚੋਂ ਦੇਖੇ ਜਾਣ ਲਈ ਕਾਫ਼ੀ ਸਾਫ਼ ਹੈ। ਕਾਲੀ ਬਰਫ਼ ਨਾਲ ਢੱਕੀ ਹੋਈ ਸੜਕ ਇਸ ਤਰ੍ਹਾਂ ਲੱਗ ਸਕਦੀ ਹੈ ਜਿਵੇਂ ਇਹ ਸਿਰਫ਼ ਗਿੱਲੀ ਹੈ। ਜਦੋਂ ਤਾਪਮਾਨ ਠੰਢ ਤੋਂ ਹੇਠਾਂ ਹੁੰਦਾ ਹੈ ਅਤੇ ਸੜਕ ਗਿੱਲੀ ਦਿਖਾਈ ਦਿੰਦੀ ਹੈ ਤਾਂ ਤੁਹਾਨੂੰ ਬਹੁਤ ਸਾਵਧਾਨ ਰਹਿਣਾ ਚਾਹੀਦਾ ਹੈ।
8548,ਇੱਕ ਕਾਰਗੋ ਵੈਨ ਹੈ:,,ਆਮ ਤੌਰ 'ਤੇ ਲੋਡ ਦੇ ਨਾਲ ਜਾਂ ਬਿਨਾਂ ਇੱਕੋ ਹੀ ਉਚਾਈ।,ਆਮ ਤੌਰ 'ਤੇ ਹਲਕੇ ਲੋਡ ਦੇ ਮੁਕਾਬਲੇ ਭਾਰੀ ਲੋਡ ਨਾਲ ਲੰਬਾ।,ਆਮ ਤੌਰ 'ਤੇ ਹਲਕੇ ਲੋਡ ਨਾਲੋਂ ਭਾਰੀ ਲੋਡ ਨਾਲ ਛੋਟਾ ਹੁੰਦਾ ਹੈ।,,C,"ਭਾਰੀ ਲੋਡ ਦਾ ਵਾਧੂ ਭਾਰ ਵਾਹਨ ਨੂੰ ਆਮ ਨਾਲੋਂ ਘੱਟ ਬੈਠਾ ਦੇਵੇਗਾ। ਇੱਕ ਵਾਹਨ ਅਕਸਰ ਇੱਕ ਭਾਰਾ ਭਾਰ ਚੁੱਕਣ ਨਾਲੋਂ ਹਲਕਾ ਭਾਰ ਚੁੱਕਣ ਵੇਲੇ ਉੱਚਾ ਹੁੰਦਾ ਹੈ। ਜੇਕਰ ਤੁਹਾਡਾ ਵਾਹਨ ਪੂਰਾ ਭਾਰ ਚੁੱਕਦੇ ਹੋਏ ਓਵਰਪਾਸ ਦੇ ਹੇਠਾਂ ਫਿੱਟ ਹੋ ਜਾਂਦਾ ਹੈ, ਤਾਂ ਇਸ ਗੱਲ ਦੀ ਗਰੰਟੀ ਨਹੀਂ ਹੈ ਕਿ ਜੇਕਰ ਇਹ ਖਾਲੀ ਹੈ ਤਾਂ ਇਹ ਉਸੇ ਓਵਰਪਾਸ ਦੇ ਹੇਠਾਂ ਫਿੱਟ ਹੋਵੇਗਾ।"
11836,ਪੰਜਵੇਂ ਪਹੀਏ ਦੇ ਪਿਛਲੇ ਪਾਸੇ ਦੇਖੋ:,,ਤੁਹਾਡੇ ਏਅਰ ਬ੍ਰੇਕਾਂ ਦੀ ਜਾਂਚ ਕਰਦੇ ਸਮੇਂ.,ਜੇਕਰ ਤੁਹਾਡਾ ਵਾਹਨ ਖਿਸਕਣਾ ਸ਼ੁਰੂ ਕਰ ਦਿੰਦਾ ਹੈ।,ਇੱਕ ਕਪਲਿੰਗ ਦਾ ਮੁਆਇਨਾ ਕਰਦੇ ਸਮੇਂ.,,C,"ਇੱਕ ਕਪਲਿੰਗ ਦਾ ਮੁਆਇਨਾ ਕਰਦੇ ਸਮੇਂ, ਤੁਹਾਨੂੰ ਟ੍ਰੇਲਰ ਦੇ ਹੇਠਾਂ ਜਾਣਾ ਚਾਹੀਦਾ ਹੈ ਅਤੇ ਪੰਜਵੇਂ ਪਹੀਏ ਦੇ ਪਿਛਲੇ ਪਾਸੇ ਵੱਲ ਦੇਖਣਾ ਚਾਹੀਦਾ ਹੈ। ਇਹ ਸੁਨਿਸ਼ਚਿਤ ਕਰੋ ਕਿ ਪੰਜਵੇਂ ਪਹੀਏ ਦੇ ਜਬਾੜੇ ਕਿੰਗਪਿਨ ਦੇ ਸ਼ੰਕ ਦੇ ਦੁਆਲੇ ਸੁਰੱਖਿਅਤ ਹਨ।"
11357,"ਵਾਹਨ ਨਿਰੀਖਣ ਟੈਸਟ ਦੇ ਹਿੱਸੇ ਵਜੋਂ, ਤੁਹਾਨੂੰ ਇਹ ਕਰਨ ਲਈ ਕਿਹਾ ਜਾਵੇਗਾ:",,ਦੱਸੋ ਕਿ ਤੁਹਾਨੂੰ ਉਹਨਾਂ ਆਈਟਮਾਂ ਦੀ ਜਾਂਚ ਕਿਉਂ ਕਰਨੀ ਚਾਹੀਦੀ ਹੈ ਜਿਨ੍ਹਾਂ ਦੀ ਤੁਸੀਂ ਜਾਂਚ ਕਰ ਰਹੇ ਹੋ।,ਕੂਲੈਂਟ ਨੂੰ ਬਦਲੋ.,ਇੱਕ ਹੈੱਡਲਾਈਟ ਬਦਲੋ.,,A,"ਵਾਹਨ ਨਿਰੀਖਣ ਟੈਸਟ ਦੌਰਾਨ, ਤੁਹਾਨੂੰ ਤੁਹਾਡੇ ਵਾਹਨ ਦੀ ਪੂਰੀ ਜਾਂਚ ਕਰਨ ਲਈ ਕਿਹਾ ਜਾਵੇਗਾ। ਤੁਹਾਨੂੰ ਇਹ ਦੱਸਣ ਦੀ ਲੋੜ ਹੋਵੇਗੀ ਕਿ ਤੁਸੀਂ ਕਿਸ ਚੀਜ਼ ਦੀ ਜਾਂਚ ਕਰ ਰਹੇ ਹੋ ਅਤੇ ਕਿਉਂ।"
9948,ਪੁਰਾਣੇ ਟ੍ਰੇਲਰ ਸਪਰਿੰਗ ਬ੍ਰੇਕਾਂ ਨਾਲ ਲੈਸ ਨਹੀਂ ਹਨ। ਇਸਦਾ ਮਤਲਬ ਹੈ ਕਿ ਜੇਕਰ ਕਿਸੇ ਵਾਹਨ ਦੇ ਏਅਰ ਬ੍ਰੇਕਿੰਗ ਸਿਸਟਮ ਲਈ ਹਵਾ ਦੀ ਸਪਲਾਈ ਲੀਕ ਹੋ ਜਾਂਦੀ ਹੈ:,,ਟ੍ਰੇਲਰ ਆਮ ਤੌਰ 'ਤੇ ਬੰਦ ਹੋ ਜਾਵੇਗਾ।,ਟ੍ਰੇਲਰ ਵਿੱਚ ਬ੍ਰੇਕ ਨਹੀਂ ਹੋਣਗੇ।,ਟ੍ਰੇਲਰ ਦੀ ਰਫ਼ਤਾਰ ਤੇਜ਼ ਹੋ ਜਾਵੇਗੀ।,,B,"ਪੁਰਾਣੇ ਟ੍ਰੇਲਰਾਂ ਵਿੱਚ ਸਪਰਿੰਗ ਬ੍ਰੇਕ ਨਹੀਂ ਹੁੰਦੇ ਹਨ। ਇਸਦਾ ਮਤਲਬ ਇਹ ਹੈ ਕਿ ਜੇਕਰ ਕਿਸੇ ਪੁਰਾਣੇ ਟ੍ਰੇਲਰ ਦੇ ਏਅਰ ਟੈਂਕ ਵਿੱਚ ਹਵਾ ਦੀ ਸਪਲਾਈ ਲੀਕ ਹੋ ਗਈ ਹੈ, ਤਾਂ ਟ੍ਰੇਲਰ ਨਾਲ ਕੋਈ ਕੰਮ ਕਰਨ ਵਾਲੀ ਬ੍ਰੇਕ ਨਹੀਂ ਹੋਵੇਗੀ ਅਤੇ ਇਸਦੇ ਪਹੀਏ ਖੁੱਲ੍ਹ ਕੇ ਘੁੰਮਣਗੇ।"
8529,ਗੇਅਰਾਂ ਨੂੰ ਸ਼ਿਫਟ ਕਰਨ ਦੇ ਆਪਣੇ ਫੈਸਲੇ ਨੂੰ ਇਸ 'ਤੇ ਅਧਾਰਤ ਨਾ ਕਰੋ:,,ਤੁਹਾਡੇ ਇੰਜਣ ਦੀ ਗਤੀ (rpm)।,ਸੜਕ ਦੀ ਗਤੀ (ਮੀਲ ਪ੍ਰਤੀ ਘੰਟਾ)।,ਤੁਹਾਡੇ ਅੱਗੇ ਵਾਹਨ ਦੀਆਂ ਕਾਰਵਾਈਆਂ।,,C,ਇਹ ਜਾਣਨ ਦਾ ਇੱਕ ਤਰੀਕਾ ਹੈ ਕਿ ਗੀਅਰਾਂ ਨੂੰ ਬਦਲਣ ਦਾ ਸਮਾਂ ਕਦੋਂ ਹੈ ਤੁਹਾਡੇ ਵਾਹਨ ਦੀ ਓਪਰੇਟਿੰਗ ਆਰਪੀਐਮ ਰੇਂਜ ਨੂੰ ਸਿੱਖਣਾ। ਜਦੋਂ ਤੁਹਾਡਾ ਇੰਜਣ ਉਸ ਰੇਂਜ ਦੇ ਸਿਖਰ 'ਤੇ ਪਹੁੰਚ ਜਾਂਦਾ ਹੈ ਤਾਂ ਤੁਹਾਨੂੰ ਉੱਪਰ ਜਾਣਾ ਚਾਹੀਦਾ ਹੈ। ਤੁਸੀਂ ਇਹ ਵੀ ਸਿੱਖ ਸਕਦੇ ਹੋ ਕਿ ਤੁਹਾਡੇ ਸਪੀਡੋਮੀਟਰ ਦੇ ਆਧਾਰ 'ਤੇ ਹਰੇਕ ਗੇਅਰ ਕਿਸ ਸਪੀਡ ਲਈ ਵਧੀਆ ਹੈ ਅਤੇ ਸ਼ਿਫਟ ਕਰ ਸਕਦੇ ਹੋ।
11349,ਇੱਕ ਕਲਾਸ 1 ਖਤਰਨਾਕ ਸਮੱਗਰੀ ਹੈ:,,ਇੱਕ ਵਿਸਫੋਟਕ.,ਤਰਲ.,ਖੋਰ.,,A,ਵਿਸਫੋਟਕ ਖਤਰਨਾਕ ਸਮੱਗਰੀ ਕਲਾਸ 1 ਵਿੱਚ ਰੱਖੇ ਜਾਂਦੇ ਹਨ।
8501,ਇਹ ਯਕੀਨੀ ਬਣਾਉਣ ਲਈ ਵਾਹਨ ਦੀ ਰੁਟੀਨ ਜਾਂਚ ਕੀਤੀ ਜਾਣੀ ਚਾਹੀਦੀ ਹੈ:,,ਸੁਰੱਖਿਆ।,ਵਧੀਆ ਗੈਸ ਮਾਈਲੇਜ.,ਆਰਾਮ.,,A,ਤੁਹਾਡੇ ਵਾਹਨ ਦਾ ਮੁਆਇਨਾ ਕਰਨ ਦਾ ਸਭ ਤੋਂ ਮਹੱਤਵਪੂਰਨ ਕਾਰਨ ਆਪਣੀ ਅਤੇ ਹੋਰ ਸੜਕ ਉਪਭੋਗਤਾਵਾਂ ਦੀ ਸੁਰੱਖਿਆ ਨੂੰ ਯਕੀਨੀ ਬਣਾਉਣਾ ਹੈ।
8559,ਇਹਨਾਂ ਵਿੱਚੋਂ ਕਿਹੜਾ ਥਕਾਵਟ ਦੀ ਨਿਸ਼ਾਨੀ ਨਹੀਂ ਹੈ?,,"ਫੋਕਸ ਕਰਨ ਵਿੱਚ ਮੁਸ਼ਕਲ, ਅਕਸਰ ਝਪਕਦੇ ਹੋਏ",ਵਾਰ-ਵਾਰ ਉਬਾਲਣਾ ਜਾਂ ਅੱਖਾਂ ਨੂੰ ਰਗੜਨਾ,ਆਪਣੀ ਲੇਨ ਵਿੱਚ ਰਹਿਣਾ,,C,"ਥਕਾਵਟ ਦੇ ਸੰਭਾਵੀ ਚੇਤਾਵਨੀ ਸੰਕੇਤਾਂ ਵਿੱਚ ਫੋਕਸ ਕਰਨ ਵਿੱਚ ਮੁਸ਼ਕਲ, ਵਾਰ-ਵਾਰ ਝਪਕਣਾ, ਜਾਂ ਭਾਰੀ ਪਲਕਾਂ ਸ਼ਾਮਲ ਹਨ; ਵਾਰ-ਵਾਰ ਉਬਾਸੀ ਲੈਣਾ ਜਾਂ ਆਪਣੀਆਂ ਅੱਖਾਂ ਨੂੰ ਰਗੜਨਾ; ਦਿਨ ਦੇ ਸੁਪਨੇ ਦੇਖਣਾ; ਭਟਕਣਾ ਜਾਂ ਡਿਸਕਨੈਕਟ ਕੀਤੇ ਵਿਚਾਰ; ਤੁਹਾਡੇ ਦੁਆਰਾ ਚਲਾਏ ਗਏ ਪਿਛਲੇ ਕੁਝ ਮੀਲ ਨੂੰ ਯਾਦ ਕਰਨ ਵਿੱਚ ਮੁਸ਼ਕਲ; ਗੁੰਮ ਨਿਕਾਸ ਜਾਂ ਟ੍ਰੈਫਿਕ ਚਿੰਨ੍ਹ; ਆਪਣੇ ਸਿਰ ਨੂੰ ਉੱਪਰ ਰੱਖਣ ਵਿੱਚ ਮੁਸ਼ਕਲ ਆ ਰਹੀ ਹੈ; ਤੁਹਾਡੀ ਲੇਨ ਤੋਂ ਵਹਿਣਾ; ਬਹੁਤ ਨੇੜਿਓਂ ਪਾਲਣਾ; ਇੱਕ ਮੋਢੇ ਦੀ ਰੰਬਲ ਪੱਟੀ ਨੂੰ ਮਾਰਨਾ; ਜਾਂ ਬੇਚੈਨ ਅਤੇ ਚਿੜਚਿੜਾ ਮਹਿਸੂਸ ਕਰਨਾ।"
11900,ਦੋਹਰੀ ਏਅਰ ਬ੍ਰੇਕ ਸਿਸਟਮ ਦੇ ਦੋ ਸਿਸਟਮ ਕੀ ਸਾਂਝੇ ਕਰਦੇ ਹਨ?,,ਹੋਜ਼,ਇੱਕ ਏਅਰ ਕੰਪ੍ਰੈਸ਼ਰ,ਏਅਰ ਟੈਂਕ,,B,"ਦੋਹਰੀ ਏਅਰ ਬ੍ਰੇਕ ਪ੍ਰਣਾਲੀਆਂ ਵਿੱਚ ਦੋਵੇਂ ਸਿਸਟਮ ਇੱਕ ਸਿੰਗਲ ਏਅਰ ਕੰਪ੍ਰੈਸਰ ਨੂੰ ਸਾਂਝਾ ਕਰਦੇ ਹਨ। ਜੇਕਰ ਏਅਰ ਕੰਪ੍ਰੈਸਰ ਖਰਾਬ ਹੋ ਜਾਂਦਾ ਹੈ, ਤਾਂ ਕੋਈ ਵੀ ਸਿਸਟਮ ਠੀਕ ਤਰ੍ਹਾਂ ਕੰਮ ਨਹੀਂ ਕਰ ਸਕੇਗਾ।"
8564,"ਜੇਕਰ ਕੂਲੈਂਟ ਤਾਪਮਾਨ ਗੇਜ ਸਭ ਤੋਂ ਵੱਧ ਸੁਰੱਖਿਅਤ ਤਾਪਮਾਨ ਤੋਂ ਉੱਪਰ ਜਾਂਦਾ ਹੈ, ਤਾਂ ਤੁਹਾਨੂੰ ਇਹ ਕਰਨਾ ਚਾਹੀਦਾ ਹੈ:",,ਗੱਡੀ ਚਲਾਉਣਾ ਜਾਰੀ ਰੱਖੋ।,ਖਿੱਚੋ ਅਤੇ ਪਤਾ ਲਗਾਓ ਕਿ ਕੀ ਗਲਤ ਹੈ.,ਏਅਰ ਕੰਡੀਸ਼ਨਰ ਚਲਾਓ.,,B,"ਜੇਕਰ ਕੂਲੈਂਟ ਤਾਪਮਾਨ ਗੇਜ ਸਭ ਤੋਂ ਵੱਧ ਸੁਰੱਖਿਅਤ ਤਾਪਮਾਨ ਤੋਂ ਉੱਪਰ ਜਾਂਦਾ ਹੈ, ਤਾਂ ਤੁਹਾਨੂੰ ਜਿੰਨੀ ਜਲਦੀ ਹੋ ਸਕੇ ਗੱਡੀ ਚਲਾਉਣਾ ਬੰਦ ਕਰ ਦੇਣਾ ਚਾਹੀਦਾ ਹੈ ਅਤੇ ਇਹ ਪਤਾ ਲਗਾਉਣ ਦੀ ਕੋਸ਼ਿਸ਼ ਕਰਨੀ ਚਾਹੀਦੀ ਹੈ ਕਿ ਕੀ ਗਲਤ ਹੈ। ਤੁਹਾਡੇ ਵਾਹਨ ਵਿੱਚ ਕੋਈ ਸਮੱਸਿਆ ਹੋ ਸਕਦੀ ਹੈ ਜਿਸ ਕਾਰਨ ਇੰਜਣ ਫੇਲ੍ਹ ਹੋ ਸਕਦਾ ਹੈ ਅਤੇ ਸੰਭਵ ਤੌਰ 'ਤੇ ਅੱਗ ਲੱਗ ਸਕਦੀ ਹੈ।"
9254,"ਇੱਕ ਚੌਰਾਹੇ ਦੇ ਕੇਂਦਰ ਵਿੱਚ ਪਹੁੰਚਣ ਤੋਂ ਪਹਿਲਾਂ ਇੱਕ ਖੱਬਾ ਮੋੜ ਸ਼ੁਰੂ ਕਰਕੇ, ਤੁਸੀਂ:",,ਸੰਭਾਵਤ ਤੌਰ 'ਤੇ ਵਾਰੀ ਨੂੰ ਤਸੱਲੀਬਖਸ਼ ਢੰਗ ਨਾਲ ਪੂਰਾ ਕਰੇਗਾ।,ਤੁਹਾਡੇ ਵਾਹਨ ਦੇ ਖੱਬੇ ਪਾਸੇ ਨਾਲ ਹੋਰ ਵਾਹਨਾਂ ਨੂੰ ਟੱਕਰ ਮਾਰ ਸਕਦੀ ਹੈ।,ਹੋਰ ਡਰਾਈਵਰ ਤੁਹਾਡੀ ਵਾਰੀ ਦੇ ਅਨੁਕੂਲ ਹੋਣ ਲਈ ਆਪਣੇ ਵਾਹਨਾਂ ਨੂੰ ਮੂਵ ਕਰਨ ਦੀ ਉਮੀਦ ਕਰ ਸਕਦੇ ਹਨ।,,B,"ਜਦੋਂ ਕਿਸੇ ਚੌਰਾਹੇ 'ਤੇ ਖੱਬੇ ਪਾਸੇ ਮੁੜਨ ਦੀ ਯੋਜਨਾ ਬਣਾ ਰਹੇ ਹੋ, ਤਾਂ ਇਹ ਯਕੀਨੀ ਬਣਾਓ ਕਿ ਤੁਸੀਂ ਮੋੜ ਸ਼ੁਰੂ ਕਰਨ ਤੋਂ ਪਹਿਲਾਂ ਚੌਰਾਹੇ ਦੇ ਕੇਂਦਰ 'ਤੇ ਪਹੁੰਚ ਗਏ ਹੋ। ਜੇਕਰ ਤੁਸੀਂ ਬਹੁਤ ਜਲਦੀ ਮੁੜਦੇ ਹੋ, ਤਾਂ ਔਫ-ਟਰੈਕਿੰਗ ਕਾਰਨ ਤੁਹਾਡੇ ਵਾਹਨ ਦਾ ਖੱਬਾ ਪਾਸਾ ਕਿਸੇ ਹੋਰ ਵਾਹਨ ਨਾਲ ਟਕਰਾ ਸਕਦਾ ਹੈ।"
11893,"ਦੋਹਰੀ ਪਾਰਕਿੰਗ ਕੰਟਰੋਲ ਵਾਲਵ ਵਾਲੇ ਵਾਹਨ ਵਿੱਚ, ਇੱਕ ਵੱਖਰੀ ਏਅਰ ਟੈਂਕ ਦੀ ਵਰਤੋਂ ਕੀਤੀ ਜਾ ਸਕਦੀ ਹੈ:",,ਏਅਰ ਬ੍ਰੇਕ ਨੂੰ ਹੋਰ ਪ੍ਰਭਾਵਸ਼ਾਲੀ ਢੰਗ ਨਾਲ ਕੰਮ ਕਰਨ ਲਈ.,ਅਸਥਾਈ ਤੌਰ 'ਤੇ ਸਪਰਿੰਗ ਬ੍ਰੇਕਾਂ ਨੂੰ ਛੱਡਣ ਲਈ।,ਪਿਛਲੇ ਟ੍ਰੇਲਰ 'ਤੇ ਬ੍ਰੇਕਾਂ ਨੂੰ ਚਾਰਜ ਕਰਨ ਲਈ।,,B,"ਦੋਹਰੀ ਪਾਰਕਿੰਗ ਨਿਯੰਤਰਣ ਵਾਲਵ ਵਾਲੇ ਵਾਹਨ ਵਿੱਚ, ਇੱਕ ਵੱਖਰੀ ਏਅਰ ਟੈਂਕ ਹੁੰਦੀ ਹੈ ਜਿਸਦੀ ਵਰਤੋਂ ਅਸਥਾਈ ਤੌਰ 'ਤੇ ਸਪਰਿੰਗ ਬ੍ਰੇਕਾਂ ਨੂੰ ਛੱਡਣ ਲਈ ਕੀਤੀ ਜਾ ਸਕਦੀ ਹੈ ਜੇਕਰ ਉਹ ਘੱਟ ਹਵਾ ਦੇ ਦਬਾਅ ਕਾਰਨ ਸਰਗਰਮ ਹੋ ਗਏ ਹਨ। ਸਹੀ ਨਿਯੰਤਰਣ ਵਿੱਚ ਧੱਕਣ ਨਾਲ ਥੋੜ੍ਹੇ ਸਮੇਂ ਲਈ ਸਪਰਿੰਗ ਬ੍ਰੇਕਾਂ ਜਾਰੀ ਹੋ ਜਾਣਗੀਆਂ, ਜਿਸ ਨਾਲ ਡਰਾਈਵਰ ਐਮਰਜੈਂਸੀ ਵਿੱਚ ਵਾਹਨ ਨੂੰ ਹਿਲਾ ਸਕਦਾ ਹੈ।"
11304,"ਰਾਤ ਨੂੰ ਡ੍ਰਾਈਵਿੰਗ ਕਰਦੇ ਸਮੇਂ, ਤੁਹਾਨੂੰ ਹੇਠਾਂ ਦਿੱਤੇ ਸਾਰੇ ਕੰਮ ਕਰਨੇ ਚਾਹੀਦੇ ਹਨ, ਸਿਵਾਏ:",,ਯਕੀਨੀ ਬਣਾਓ ਕਿ ਤੁਸੀਂ ਆਰਾਮ ਕਰ ਰਹੇ ਹੋ।,ਯਕੀਨੀ ਬਣਾਓ ਕਿ ਤੁਹਾਡੀਆਂ ਐਨਕਾਂ ਸਾਫ਼ ਹਨ।,ਸਨਗਲਾਸ ਪਹਿਨੋ.,,C,"ਇਹ ਯਕੀਨੀ ਬਣਾਉਣ ਲਈ ਕਿ ਤੁਸੀਂ ਜਿੰਨਾ ਸੰਭਵ ਹੋ ਸਕੇ ਦੇਖ ਸਕਦੇ ਹੋ, ਰਾਤ ​​ਨੂੰ ਡਰਾਈਵਿੰਗ ਕਰਦੇ ਸਮੇਂ ਧੁੱਪ ਦੀਆਂ ਐਨਕਾਂ ਨਾ ਪਹਿਨੋ। ਜੇ ਤੁਸੀਂ ਐਨਕਾਂ ਲਗਾਉਂਦੇ ਹੋ, ਤਾਂ ਇਹ ਯਕੀਨੀ ਬਣਾਓ ਕਿ ਉਹ ਸਾਫ਼ ਅਤੇ ਖੁਰਚੀਆਂ ਨਹੀਂ ਹਨ। ਰਾਤ ਨੂੰ ਗੱਡੀ ਚਲਾਉਣ ਤੋਂ ਪਹਿਲਾਂ ਇਹ ਯਕੀਨੀ ਬਣਾਓ ਕਿ ਤੁਸੀਂ ਅਰਾਮ ਕਰਦੇ ਹੋ ਅਤੇ ਸੁਚੇਤ ਹੋ।"
8649,"ਡਬਲ ਜਾਂ ਟ੍ਰਿਪਲ ਚਲਾਉਣ ਵੇਲੇ ਟ੍ਰੈਫਿਕ ਵਿੱਚ ਦਾਖਲ ਹੋਣ ਵੇਲੇ, ਇੱਕ ਡਰਾਈਵਰ ਨੂੰ:",,ਮੰਨ ਲਓ ਕਿ ਦੂਜੇ ਡਰਾਈਵਰ ਆਪਣੇ ਵਾਹਨ ਨੂੰ ਆਵਾਜਾਈ ਵਿੱਚ ਸੁਰੱਖਿਅਤ ਢੰਗ ਨਾਲ ਅਭੇਦ ਕਰਨ ਲਈ ਲੋੜੀਂਦੀ ਥਾਂ ਬਣਾ ਦੇਣਗੇ।,ਇੱਕ ਪਾੜੇ ਦੀ ਉਡੀਕ ਕਰੋ ਜੋ ਉਹਨਾਂ ਦੇ ਪੂਰੇ ਵਾਹਨ ਲਈ ਟ੍ਰੈਫਿਕ ਵਿੱਚ ਸੁਰੱਖਿਅਤ ਰੂਪ ਵਿੱਚ ਅਭੇਦ ਹੋਣ ਲਈ ਕਾਫੀ ਵੱਡਾ ਹੋਵੇ।,ਉਹਨਾਂ ਦੀ ਹੇਠਲੀ ਦੂਰੀ ਘਟਾਓ।,,B,"ਡਬਲ ਅਤੇ ਟ੍ਰਿਪਲ ਹੋਰ ਵਪਾਰਕ ਵਾਹਨਾਂ ਨਾਲੋਂ ਜ਼ਿਆਦਾ ਜਗ੍ਹਾ ਲੈਂਦੇ ਹਨ। ਡਬਲ ਜਾਂ ਤੀਹਰੀ ਗੱਡੀ ਚਲਾਉਂਦੇ ਸਮੇਂ ਟ੍ਰੈਫਿਕ ਵਿੱਚ ਦਾਖਲ ਹੋਣ ਜਾਂ ਪਾਰ ਕਰਨ ਤੋਂ ਪਹਿਲਾਂ, ਯਕੀਨੀ ਬਣਾਓ ਕਿ ਤੁਹਾਡੇ ਪੂਰੇ ਵਾਹਨ ਨੂੰ ਬਿਨਾਂ ਕਿਸੇ ਟਕਰਾਅ ਦੇ ਚਲਾਉਣ ਲਈ ਕਾਫ਼ੀ ਜਗ੍ਹਾ ਹੈ।"
9585,ਇੱਕ ਸਟੀਅਰਿੰਗ ਵੀਲ ਹੋਣਾ ਚਾਹੀਦਾ ਹੈ:,,ਇੱਕ ਹੱਥ ਨਾਲ ਫੜਿਆ ਹੋਇਆ ਹੈ ਜਦੋਂ ਕਿ ਦੂਜਾ ਹੱਥ ਆਰਾਮ ਕਰਦਾ ਹੈ.,ਢੁਕਵੀਂ ਪਕੜ ਯਕੀਨੀ ਬਣਾਉਣ ਲਈ ਦੋਵਾਂ ਹੱਥਾਂ ਨਾਲ ਫੜੋ।,ਜੇਕਰ ਵਾਹਨ ਬੰਪ ਦੇ ਨੇੜੇ ਆ ਰਿਹਾ ਹੋਵੇ ਤਾਂ ਛੱਡਿਆ ਜਾਂਦਾ ਹੈ।,,B,ਸਟੀਅਰਿੰਗ ਵ੍ਹੀਲ ਨੂੰ ਪਹੀਏ ਦੇ ਉਲਟ ਪਾਸਿਆਂ 'ਤੇ ਹਰੇਕ ਹੱਥ ਨਾਲ ਮਜ਼ਬੂਤੀ ਨਾਲ ਫੜਿਆ ਜਾਣਾ ਚਾਹੀਦਾ ਹੈ।
8637,"ਜੇਕਰ ਇੱਕ ਏਅਰ ਕੰਪ੍ਰੈਸਰ ਬੈਲਟ ਦੁਆਰਾ ਚਲਾਇਆ ਜਾਂਦਾ ਹੈ, ਤਾਂ ਇਹ ਯਕੀਨੀ ਬਣਾਉਣ ਲਈ ਕਿ ਇਹ ਹੈ: ਬੈਲਟ ਦੀ ਨਿਯਮਤ ਤੌਰ 'ਤੇ ਜਾਂਚ ਕੀਤੀ ਜਾਣੀ ਚਾਹੀਦੀ ਹੈ:",,ਪਤਲਾ.,ਸਹੀ ਢੰਗ ਨਾਲ ਕੱਸਿਆ.,ਫਟਿਆ.,,B,"ਜੇਕਰ ਤੁਹਾਡੇ ਵਾਹਨ ਵਿੱਚ ਏਅਰ ਬ੍ਰੇਕ ਹਨ, ਤਾਂ ਹਰ ਡਰਾਈਵ ਤੋਂ ਪਹਿਲਾਂ ਏਅਰ ਕੰਪ੍ਰੈਸਰ ਡਰਾਈਵ ਬੈਲਟ ਦੀ ਜਾਂਚ ਕੀਤੀ ਜਾਣੀ ਚਾਹੀਦੀ ਹੈ। ਬੈਲਟ ਦੀ ਕਠੋਰਤਾ ਦੀ ਜਾਂਚ ਕਰੋ ਅਤੇ ਪੁਸ਼ਟੀ ਕਰੋ ਕਿ ਇਹ ਚੰਗੀ ਸਥਿਤੀ ਵਿੱਚ ਹੈ।"
11824,ਕਾਰਗੋ ਨੂੰ ਘੱਟ ਰੱਖਣ ਨਾਲ:,,ਇੱਕ ਰੋਲਓਵਰ ਨੂੰ ਰੋਕੋ.,ਤੇਜ਼ ਗੱਡੀ ਚਲਾਉਣ ਵਿੱਚ ਤੁਹਾਡੀ ਮਦਦ ਕਰੋ।,ਮੋੜਾਂ ਨੂੰ ਹੋਰ ਖ਼ਤਰਨਾਕ ਬਣਾਓ।,,A,"ਰੋਲਓਵਰ ਉਦੋਂ ਹੋ ਸਕਦਾ ਹੈ ਜਦੋਂ ਇੱਕ ਮਿਸ਼ਰਨ ਵਾਹਨ ਬਹੁਤ ਤੇਜ਼ੀ ਨਾਲ ਮੋੜਿਆ ਜਾਂਦਾ ਹੈ। ਰੋਲਓਵਰ ਦੇ ਖਤਰੇ ਨੂੰ ਰੋਕਣ ਵਿੱਚ ਮਦਦ ਕਰਨ ਲਈ, ਜਿੰਨਾ ਸੰਭਵ ਹੋ ਸਕੇ ਜ਼ਮੀਨ ਦੇ ਨੇੜੇ ਕਾਰਗੋ ਲੋਡ ਕਰਕੇ ਵਾਹਨ ਦੇ ਗੰਭੀਰਤਾ ਦੇ ਕੇਂਦਰ ਨੂੰ ਘੱਟ ਰੱਖਣਾ ਮਹੱਤਵਪੂਰਨ ਹੈ।"
8571,"ਜਦੋਂ ਇੱਕ ਲੰਬੀ ਢਲਾਣ ਢਲਾਨ 'ਤੇ ਗੱਡੀ ਚਲਾਉਂਦੇ ਹੋ, ਤਾਂ ਤੁਹਾਨੂੰ ਇਹਨਾਂ ਦੁਆਰਾ ਬ੍ਰੇਕ ਲਗਾਉਣੀ ਚਾਹੀਦੀ ਹੈ:",,ਸਿਰਫ਼ ਬ੍ਰੇਕਾਂ ਦੀ ਵਰਤੋਂ ਕਰਦੇ ਹੋਏ।,ਜ਼ਿਆਦਾਤਰ ਬ੍ਰੇਕਾਂ ਦੀ ਵਰਤੋਂ ਕਰਦੇ ਹੋਏ ਅਤੇ ਕਦੇ-ਕਦਾਈਂ ਡਾਊਨਸ਼ਿਫਟ ਕਰਨਾ।,ਡਾਊਨਸ਼ਿਫਟ ਕਰਨਾ ਅਤੇ ਫਿਰ ਬ੍ਰੇਕਾਂ ਦੀ ਵਰਤੋਂ ਕਰਨਾ।,,C,"ਲੰਬੇ ਡਾਊਨਗ੍ਰੇਡ ਤੱਕ ਪਹੁੰਚਣ 'ਤੇ, ਤੁਹਾਨੂੰ ਹੇਠਲੇ ਗੇਅਰ ਵਿੱਚ ਸ਼ਿਫਟ ਕਰਨਾ ਚਾਹੀਦਾ ਹੈ ਅਤੇ ਫਿਰ ਸਹੀ ਬ੍ਰੇਕਿੰਗ ਤਕਨੀਕਾਂ ਦੀ ਵਰਤੋਂ ਕਰਨੀ ਚਾਹੀਦੀ ਹੈ। ਇਕੱਲੇ ਬ੍ਰੇਕਾਂ ਦੀ ਵਰਤੋਂ ਕਰਨ ਨਾਲ ਉਹ ਜ਼ਿਆਦਾ ਗਰਮ ਹੋ ਸਕਦੇ ਹਨ ਅਤੇ ਅਸਫਲ ਹੋ ਸਕਦੇ ਹਨ। ਇੰਜਣ ਦੀ ਬ੍ਰੇਕਿੰਗ ਪਾਵਰ, ਜੋ ਕਿ ਹੇਠਲੇ ਗੇਅਰ ਵਿੱਚ ਹੋਣ ਕਰਕੇ ਵੱਧ ਤੋਂ ਵੱਧ ਕੀਤੀ ਜਾਂਦੀ ਹੈ, ਇੱਕ ਡਾਊਨਗ੍ਰੇਡ 'ਤੇ ਤੁਹਾਡੀ ਗਤੀ ਨੂੰ ਕੰਟਰੋਲ ਕਰਨ ਦਾ ਮੁੱਖ ਤਰੀਕਾ ਹੋਵੇਗਾ।"
9274,ਸੜਕ 'ਤੇ ਖਤਰੇ ਨਾਲ ਟਕਰਾਉਣ ਤੋਂ ਬਚਣ ਲਈ:,,ਤੁਹਾਨੂੰ ਹਮੇਸ਼ਾ ਰੋਕਣ ਦੀ ਕੋਸ਼ਿਸ਼ ਕਰਨੀ ਚਾਹੀਦੀ ਹੈ।,ਰੁਕਣ ਨਾਲੋਂ ਸਵਰਵਿੰਗ ਇੱਕ ਸੁਰੱਖਿਅਤ ਵਿਕਲਪ ਹੋ ਸਕਦਾ ਹੈ।,ਤੁਹਾਨੂੰ ਕਦੇ ਵੀ ਭਟਕਣਾ ਨਹੀਂ ਚਾਹੀਦਾ।,,B,ਖਤਰੇ ਦੇ ਰਸਤੇ ਤੋਂ ਹਟਣਾ ਕਈ ਵਾਰ ਖ਼ਤਰੇ ਤੱਕ ਪਹੁੰਚਣ ਤੋਂ ਪਹਿਲਾਂ ਰੋਕਣ ਦੀ ਕੋਸ਼ਿਸ਼ ਕਰਨ ਨਾਲੋਂ ਸੁਰੱਖਿਅਤ ਹੁੰਦਾ ਹੈ। ਤੁਸੀਂ ਆਮ ਤੌਰ 'ਤੇ ਕਿਸੇ ਚੀਜ਼ ਤੋਂ ਜ਼ਿਆਦਾ ਤੇਜ਼ੀ ਨਾਲ ਮੂੰਹ ਮੋੜ ਸਕਦੇ ਹੋ ਜਿੰਨਾ ਤੁਸੀਂ ਪੂਰੀ ਤਰ੍ਹਾਂ ਰੁਕ ਸਕਦੇ ਹੋ।
8586,ਓਵਰ-ਐਕਸਲਰੇਸ਼ਨ ਕਾਰਨ ਹੋਣ ਵਾਲੇ ਸਕਿਡਸ ਨੂੰ ਆਮ ਤੌਰ 'ਤੇ ਇਹਨਾਂ ਦੁਆਰਾ ਹੱਲ ਕੀਤਾ ਜਾ ਸਕਦਾ ਹੈ:,,ਐਕਸਲੇਟਰ ਤੋਂ ਆਪਣੇ ਪੈਰ ਨੂੰ ਹਟਾਉਣਾ।,ਬ੍ਰੇਕਿੰਗ।,ਸੱਜੇ ਪਾਸੇ ਵੱਲ ਮੁੜਨਾ।,,A,ਓਵਰ-ਐਕਸਲੇਰੇਸ਼ਨ ਕਾਰਨ ਹੋਈ ਸਕਿਡ ਨੂੰ ਐਕਸਲੇਟਰ ਤੋਂ ਤੁਹਾਡੇ ਪੈਰ ਨੂੰ ਹਟਾ ਕੇ ਹੱਲ ਕੀਤਾ ਜਾ ਸਕਦਾ ਹੈ। ਇਸ ਪ੍ਰਕਿਰਤੀ ਦੇ ਸਕਿਡਜ਼ ਬਰਫ਼ ਜਾਂ ਬਰਫ਼ ਨਾਲ ਢੱਕੀਆਂ ਸਤਹਾਂ 'ਤੇ ਅਕਸਰ ਵਾਪਰਦੇ ਹਨ।
9444,"ਜੇਕਰ ਗੱਡੀ ਚਲਾਉਂਦੇ ਸਮੇਂ ਸੁਸਤੀ ਮਹਿਸੂਸ ਹੁੰਦੀ ਹੈ, ਤਾਂ ਤੁਹਾਨੂੰ ਇਹ ਕਰਨਾ ਚਾਹੀਦਾ ਹੈ:",,'ਤੇ ਦਬਾਓ ਅਤੇ ਯਾਤਰਾ ਨੂੰ ਪੂਰਾ ਕਰੋ।,ਆਪਣੀ ਮੰਜ਼ਿਲ 'ਤੇ ਹੋਰ ਤੇਜ਼ੀ ਨਾਲ ਪਹੁੰਚਣ ਲਈ ਤੇਜ਼ ਗੱਡੀ ਚਲਾਓ।,ਸੁਰੱਖਿਅਤ ਢੰਗ ਨਾਲ ਸੜਕ ਛੱਡੋ ਅਤੇ ਇੱਕ ਝਪਕੀ ਲਓ।,,C,"ਜੇ ਤੁਸੀਂ ਗੱਡੀ ਚਲਾਉਂਦੇ ਸਮੇਂ ਸੁਸਤੀ ਮਹਿਸੂਸ ਕਰਨਾ ਸ਼ੁਰੂ ਕਰ ਦਿੰਦੇ ਹੋ, ਤਾਂ ਸਭ ਤੋਂ ਵਧੀਆ ਗੱਲ ਇਹ ਹੈ ਕਿ ਰੁਕੋ ਅਤੇ ਥੋੜੀ ਨੀਂਦ ਲਓ। ਥਕਾਵਟ ਦੇ ਦੌਰਾਨ ਇੱਕ ਡ੍ਰਾਈਵਰ ਨੂੰ ਅੱਗੇ ਵਧਾਉਣ ਅਤੇ ਯਾਤਰਾ ਨੂੰ ਪੂਰਾ ਕਰਨ ਦੀ ਕੋਸ਼ਿਸ਼ ਕਰਨਾ ਘਾਤਕ ਹਾਦਸਿਆਂ ਦਾ ਇੱਕ ਵੱਡਾ ਕਾਰਨ ਹੈ।"
9421,"ਵਾਹਨ ਨਿਰੀਖਣ ਟੈਸਟ ਦੌਰਾਨ, ਤੁਹਾਨੂੰ ਇਹ ਕਰਨ ਲਈ ਕਿਹਾ ਜਾਵੇਗਾ:",,ਇੱਕ ਟਾਇਰ ਬਦਲੋ.,ਪਰੀਖਿਅਕ ਨੂੰ ਸਮਝਾਓ ਕਿ ਤੁਸੀਂ ਕੀ ਨਿਰੀਖਣ ਕਰ ਰਹੇ ਹੋ ਅਤੇ ਕਿਉਂ।,ਟ੍ਰੇਲਰ 'ਤੇ ਲੋਡ ਦੇ ਭਾਰ ਦਾ ਅੰਦਾਜ਼ਾ ਲਗਾਓ।,,B,"ਵਾਹਨ ਨਿਰੀਖਣ ਟੈਸਟ ਦੌਰਾਨ, ਤੁਹਾਨੂੰ ਤੁਹਾਡੇ ਵਾਹਨ ਦੀ ਪੂਰੀ ਜਾਂਚ ਕਰਨ ਲਈ ਕਿਹਾ ਜਾਵੇਗਾ। ਤੁਹਾਨੂੰ ਇਹ ਦੱਸਣ ਦੀ ਲੋੜ ਹੋਵੇਗੀ ਕਿ ਤੁਸੀਂ ਕਿਸ ਚੀਜ਼ ਦੀ ਜਾਂਚ ਕਰ ਰਹੇ ਹੋ ਅਤੇ ਕਿਉਂ।"
11883,"ਇੱਕ ਨਿਰੀਖਣ ਦੌਰਾਨ, S-cam ਬ੍ਰੇਕਾਂ 'ਤੇ ਢਿੱਲੇ ਐਡਜਸਟਰਾਂ ਨੂੰ ਇਸ ਤੋਂ ਵੱਧ ਨਹੀਂ ਹਿੱਲਣਾ ਚਾਹੀਦਾ:",,ਇੱਕ ਪੈਰ.,ਇੱਕ ਸੈਂਟੀਮੀਟਰ।,ਇੱਕ ਇੰਚ.,,C,"ਪੱਧਰੀ ਜ਼ਮੀਨ 'ਤੇ ਪਾਰਕਿੰਗ ਕਰਨ, ਵ੍ਹੀਲ ਚੋਕਸ ਲਗਾਉਣ, ਅਤੇ ਪਾਰਕਿੰਗ ਬ੍ਰੇਕ ਨੂੰ ਬੰਦ ਕਰਨ ਤੋਂ ਬਾਅਦ ਹਰੇਕ ਸਲੈਕ ਐਡਜਸਟਰ ਦੀ ਜਾਂਚ ਕਰੋ। ਇਹ ਯਕੀਨੀ ਬਣਾਉਣ ਲਈ ਸਲੈਕ ਐਡਜਸਟਰਾਂ ਨੂੰ ਖਿੱਚੋ ਕਿ ਉਹ ਲਗਭਗ ਇੱਕ ਇੰਚ ਤੋਂ ਵੱਧ ਨਾ ਜਾਣ ਜਿੱਥੋਂ ਪੁਸ਼ ਰਾਡ ਜੁੜਿਆ ਹੋਵੇ। ਜੇ ਉਹ ਇੱਕ ਇੰਚ ਤੋਂ ਵੱਧ ਜਾਂਦੇ ਹਨ, ਤਾਂ ਉਹ ਸਮਾਯੋਜਨ ਤੋਂ ਬਾਹਰ ਹੋ ਸਕਦੇ ਹਨ ਅਤੇ ਉਹਨਾਂ ਨੂੰ ਠੀਕ ਕਰਨ ਦੀ ਲੋੜ ਹੋਵੇਗੀ।"
11873,ਇੱਕ ਟ੍ਰੇਲਰ ਜੋ ਸਹੀ ਉਚਾਈ 'ਤੇ ਨਹੀਂ ਹੈ:,,ਬਿਨਾਂ ਕਿਸੇ ਸਮੱਸਿਆ ਦੇ ਜੋੜੇਗਾ.,ਸਹੀ ਢੰਗ ਨਾਲ ਜੋੜੇ ਦੀ ਸੰਭਾਵਨਾ ਹੈ.,ਸਹੀ ਢੰਗ ਨਾਲ ਜੋੜਾ ਨਹੀਂ ਕਰੇਗਾ.,,C,"ਟਰੈਕਟਰ ਅਤੇ ਟ੍ਰੇਲਰ ਨੂੰ ਜੋੜਨ ਤੋਂ ਪਹਿਲਾਂ, ਤੁਹਾਨੂੰ ਇਹ ਯਕੀਨੀ ਬਣਾਉਣਾ ਚਾਹੀਦਾ ਹੈ ਕਿ ਟ੍ਰੇਲਰ ਸਹੀ ਉਚਾਈ 'ਤੇ ਹੈ। ਜੇਕਰ ਟ੍ਰੇਲਰ ਬਹੁਤ ਘੱਟ ਹੈ, ਤਾਂ ਟ੍ਰੇਲਰ ਦੀ ਨੱਕ ਨੂੰ ਨੁਕਸਾਨ ਹੋ ਸਕਦਾ ਹੈ। ਜੇਕਰ ਟ੍ਰੇਲਰ ਬਹੁਤ ਜ਼ਿਆਦਾ ਹੈ, ਤਾਂ ਹੋ ਸਕਦਾ ਹੈ ਕਿ ਇਹ ਸਹੀ ਢੰਗ ਨਾਲ ਜੋੜਨ ਦੇ ਯੋਗ ਨਾ ਹੋਵੇ।"
9871,"ਪ੍ਰੀ-ਟ੍ਰਿਪ ਨਿਰੀਖਣ ਦੌਰਾਨ ਪਾਵਰ ਸਟੀਅਰਿੰਗ ਹੋਜ਼ ਦੀ ਜਾਂਚ ਕਰਦੇ ਸਮੇਂ, ਤੁਹਾਨੂੰ ਇਹ ਦੇਖਣਾ ਚਾਹੀਦਾ ਹੈ:",,ਲੀਕ.,ਬੈਟਰੀ ਨਾਲ ਸੁਰੱਖਿਅਤ ਕਨੈਕਸ਼ਨ।,ਮੁਰੰਮਤ ਲਈ ਵਾਧੂ ਹੋਜ਼ ਦੇ ਟੁਕੜੇ ਉਪਲਬਧ ਹਨ।,,A,"ਪਾਵਰ ਸਟੀਅਰਿੰਗ ਵਾਲੇ ਵਾਹਨ 'ਤੇ ਪ੍ਰੀ-ਟ੍ਰਿਪ ਨਿਰੀਖਣ ਕਰਦੇ ਸਮੇਂ, ਹੋਜ਼, ਪੰਪ ਅਤੇ ਤਰਲ ਪੱਧਰ ਦੀ ਜਾਂਚ ਕਰਨਾ ਯਕੀਨੀ ਬਣਾਓ। ਖਾਸ ਤੌਰ 'ਤੇ, ਤੁਹਾਨੂੰ ਲੀਕ ਲਈ ਹੋਜ਼ ਦੀ ਜਾਂਚ ਕਰਨੀ ਚਾਹੀਦੀ ਹੈ."
11299,ਰੋਡਵੇਅ 'ਤੇ ਇੱਕ ਗੱਤੇ ਦਾ ਡੱਬਾ:,,ਰੋਡਵੇਅ 'ਤੇ ਹੋਣ ਦੀ ਉਮੀਦ ਕੀਤੀ ਜਾਣੀ ਚਾਹੀਦੀ ਹੈ।,ਆਮ ਤੌਰ 'ਤੇ ਖਾਲੀ ਅਤੇ ਨੁਕਸਾਨ ਰਹਿਤ ਹੁੰਦਾ ਹੈ।,ਇਸ ਵਿੱਚ ਕੋਈ ਭਾਰੀ ਵਸਤੂ ਸ਼ਾਮਲ ਹੋ ਸਕਦੀ ਹੈ ਜੋ ਵਾਹਨਾਂ ਨੂੰ ਨੁਕਸਾਨ ਪਹੁੰਚਾ ਸਕਦੀ ਹੈ।,,C,"ਸੜਕ 'ਤੇ ਲਗਭਗ ਕੋਈ ਵੀ ਵਿਦੇਸ਼ੀ ਵਸਤੂ ਕੁਝ ਸੰਭਾਵੀ ਖ਼ਤਰਾ ਪੈਦਾ ਕਰਦੀ ਹੈ। ਉਦਾਹਰਨ ਲਈ, ਗੱਤੇ ਦੇ ਡੱਬੇ ਵਰਗੀ ਨੁਕਸਾਨਦੇਹ ਪ੍ਰਤੀਤ ਹੋਣ ਵਾਲੀ ਕੋਈ ਚੀਜ਼ ਵਿੱਚ ਵੀ ਕੋਈ ਸਖ਼ਤ ਜਾਂ ਭਾਰੀ ਵਸਤੂ ਹੋ ਸਕਦੀ ਹੈ ਜੋ ਤੁਹਾਡੇ ਵਾਹਨ ਨੂੰ ਨੁਕਸਾਨ ਪਹੁੰਚਾ ਸਕਦੀ ਹੈ।"
11844,ਅੱਗੇ ਦੀ ਸੜਕ ਨੂੰ ਦੇਖਦੇ ਹੋਏ:,,ਸਿਰਫ਼ ਆਪਣੇ ਸ਼ੀਸ਼ੇ ਦੇਖਣ ਨਾਲੋਂ ਜ਼ਿਆਦਾ ਖ਼ਤਰਨਾਕ ਹੈ।,ਜ਼ਿਆਦਾ ਸੁਰੱਖਿਅਤ ਢੰਗ ਨਾਲ ਗੱਡੀ ਚਲਾਉਣ ਵਿੱਚ ਤੁਹਾਡੀ ਮਦਦ ਨਹੀਂ ਕਰਦਾ।,ਅਚਾਨਕ ਲੇਨ ਤਬਦੀਲੀਆਂ ਦੀ ਲੋੜ ਤੋਂ ਬਚਣ ਵਿੱਚ ਤੁਹਾਡੀ ਮਦਦ ਕਰ ਸਕਦਾ ਹੈ।,,C,ਮਿਸ਼ਰਨ ਵਾਹਨ ਚਲਾਉਂਦੇ ਸਮੇਂ ਅਚਾਨਕ ਲੇਨ ਬਦਲਣਾ ਖਤਰਨਾਕ ਹੋ ਸਕਦਾ ਹੈ। ਤੁਸੀਂ ਆਉਣ ਵਾਲੀਆਂ ਰੁਕਾਵਟਾਂ ਲਈ ਸੜਕ ਦੇ ਹੇਠਾਂ ਦੇਖ ਕੇ ਅਚਾਨਕ ਲੈਂਜ ਬਦਲਣ ਦੀ ਜ਼ਰੂਰਤ ਤੋਂ ਬਚ ਸਕਦੇ ਹੋ ਜਿਸ ਲਈ ਤੁਹਾਨੂੰ ਲੇਨ ਬਦਲਣ ਦੀ ਲੋੜ ਹੋਵੇਗੀ।
8535,ਟਰਨ ਸਿਗਨਲ ਦੀ ਵਰਤੋਂ ਕਰਦੇ ਸਮੇਂ ਹੇਠ ਲਿਖਿਆਂ ਵਿੱਚੋਂ ਕਿਹੜਾ ਇੱਕ ਚੰਗਾ ਨਿਯਮ ਨਹੀਂ ਹੈ?,,ਜਲਦੀ ਸਿਗਨਲ. ਮੋੜ ਜਾਂ ਲੇਨ ਬਦਲਣ ਤੋਂ ਪਹਿਲਾਂ ਚੰਗੀ ਤਰ੍ਹਾਂ ਸੰਕੇਤ ਕਰੋ।,ਸਿਗਨਲ ਲਗਾਤਾਰ. ਵਾਰੀ ਪੂਰੀ ਹੋਣ ਤੱਕ ਸਿਗਨਲ ਨੂੰ ਰੱਦ ਨਾ ਕਰੋ।,"ਓਵਰ-ਸਿਗਨਲ ਨਾ ਕਰੋ. ਜੇ ਕੋਈ ਤੁਹਾਡੇ ਨੇੜੇ ਨਹੀਂ ਹੈ, ਤਾਂ ਸੰਕੇਤ ਦੇਣ ਦੀ ਕੋਈ ਲੋੜ ਨਹੀਂ ਹੈ.",,C,"ਆਪਣੇ ਵਾਰੀ ਸਿਗਨਲਾਂ ਦੀ ਵਰਤੋਂ ਕਰਦੇ ਸਮੇਂ, ਤੁਹਾਨੂੰ ਮੋੜ ਜਾਂ ਲੇਨ ਬਦਲਣ ਤੋਂ ਪਹਿਲਾਂ ਚੰਗੀ ਤਰ੍ਹਾਂ ਸਿਗਨਲ ਦੇਣਾ ਚਾਹੀਦਾ ਹੈ, ਪੂਰੇ ਮੋੜ ਜਾਂ ਲੇਨ ਬਦਲਣ ਦੇ ਦੌਰਾਨ ਲਗਾਤਾਰ ਸਿਗਨਲ ਦੇਣਾ ਚਾਹੀਦਾ ਹੈ, ਅਤੇ ਆਪਣੀ ਚਾਲ ਪੂਰੀ ਕਰਨ ਤੋਂ ਬਾਅਦ ਸਿਗਨਲ ਨੂੰ ਰੱਦ ਕਰਨਾ ਚਾਹੀਦਾ ਹੈ।"
9586,"ਸਟਾਪ 'ਤੇ ਆਉਂਦੇ ਸਮੇਂ, ਤੁਹਾਨੂੰ ਬ੍ਰੇਕ ਪੈਡਲ ਨੂੰ ਇਸ ਤਰ੍ਹਾਂ ਲਾਗੂ ਕਰਨਾ ਚਾਹੀਦਾ ਹੈ:",,ਹੌਲੀ-ਹੌਲੀ ਹੇਠਾਂ ਵੱਲ ਧੱਕਣਾ।,ਤੇਜ਼ੀ ਨਾਲ ਹੇਠਾਂ ਵੱਲ ਧੱਕਣਾ.,ਹੌਲੀ-ਹੌਲੀ ਉੱਪਰ ਵੱਲ ਖਿੱਚ ਰਿਹਾ ਹੈ।,,A,"ਰੁਕਣ ਵੇਲੇ, ਤੁਹਾਨੂੰ ਬ੍ਰੇਕ ਪੈਡਲ ਨੂੰ ਹੌਲੀ-ਹੌਲੀ ਹੇਠਾਂ ਵੱਲ ਧੱਕਣਾ ਚਾਹੀਦਾ ਹੈ। ਹੌਲੀ-ਹੌਲੀ ਬ੍ਰੇਕ ਲਗਾਉਣਾ ਤੁਹਾਡੇ ਵਾਹਨ ਦਾ ਸਹੀ ਨਿਯੰਤਰਣ ਬਣਾਏ ਰੱਖਣ ਵਿੱਚ ਤੁਹਾਡੀ ਮਦਦ ਕਰੇਗਾ।"
9442,ਲੋਕ ਆਮ ਤੌਰ 'ਤੇ ਸਭ ਤੋਂ ਘੱਟ ਸੁਚੇਤ ਕਦੋਂ ਹੁੰਦੇ ਹਨ?,,ਸਵੇਰੇ ਵਿੱਚ,ਛੇਤੀ ਸ਼ਾਮ ਨੂੰ,ਦੇਰ ਰਾਤ ਨੂੰ,,C,"ਜ਼ਿਆਦਾਤਰ ਡਰਾਈਵਰ ਰਾਤ ਨੂੰ ਸਭ ਤੋਂ ਘੱਟ ਸੁਚੇਤ ਹੁੰਦੇ ਹਨ, ਖਾਸ ਕਰਕੇ ਅੱਧੀ ਰਾਤ ਤੋਂ ਬਾਅਦ। ਇਸ ਲਈ, ਦਿਨ ਦੇ ਕਿਸੇ ਵੀ ਸਮੇਂ ਨਾਲੋਂ ਰਾਤ ਨੂੰ ਥੱਕੇ ਹੋਏ ਡਰਾਈਵਿੰਗ ਕਾਰਨ ਦੁਰਘਟਨਾਵਾਂ ਦੀ ਸੰਭਾਵਨਾ ਜ਼ਿਆਦਾ ਹੁੰਦੀ ਹੈ।"
9875,ਤੁਹਾਨੂੰ ਇੱਕ ਕਰਵ ਲਈ ਕਦੋਂ ਹੌਲੀ ਕਰਨਾ ਚਾਹੀਦਾ ਹੈ?,,ਕਰਵ ਵਿੱਚ ਦਾਖਲ ਹੋਣ ਤੋਂ ਪਹਿਲਾਂ,"ਕਰਵ ਵਿੱਚ, ਜਦਕਿ",ਕਰਵ ਦੇ ਬਾਅਦ,,A,ਇੱਕ ਕਰਵ ਵਿੱਚ ਦਾਖਲ ਹੋਣ ਤੋਂ ਪਹਿਲਾਂ ਤੁਹਾਨੂੰ ਹਮੇਸ਼ਾ ਇੱਕ ਸੁਰੱਖਿਅਤ ਗਤੀ ਵਿੱਚ ਹੌਲੀ ਹੋਣਾ ਚਾਹੀਦਾ ਹੈ। ਕਰਵ ਦੇ ਅੰਦਰ ਹੋਣ ਵੇਲੇ ਹੌਲੀ ਹੋਣ ਨਾਲ ਸਕਿਡ ਹੋ ਸਕਦਾ ਹੈ।
10032,"ਪਾਰਕਿੰਗ ਕਰਦੇ ਸਮੇਂ, ਤੁਹਾਨੂੰ ਇਹ ਕਰਨਾ ਚਾਹੀਦਾ ਹੈ:",,ਆਟੋਮੋਬਾਈਲਜ਼ ਨਾਲ ਇੱਕ ਪਾਰਕਿੰਗ ਸਥਾਨ ਸਾਂਝਾ ਕਰੋ।,ਅਜਿਹੇ ਤਰੀਕੇ ਨਾਲ ਪਾਰਕ ਕਰੋ ਜੋ ਤੁਹਾਨੂੰ ਬੈਕਅੱਪ ਲੈਣ ਤੋਂ ਰੋਕੇ।,ਛੋਟੇ ਵਾਹਨਾਂ ਦੇ ਡਰਾਈਵਰਾਂ ਨੂੰ ਜਾਣ ਲਈ ਕਹੋ।,,B,"ਪਿੱਠ ਕਰਨਾ ਹਮੇਸ਼ਾ ਖ਼ਤਰਨਾਕ ਹੁੰਦਾ ਹੈ ਅਤੇ ਜਦੋਂ ਵੀ ਸੰਭਵ ਹੋਵੇ ਬਚਣਾ ਚਾਹੀਦਾ ਹੈ। ਪਾਰਕਿੰਗ ਕਰਦੇ ਸਮੇਂ, ਤੁਹਾਨੂੰ ਅਜਿਹੀ ਜਗ੍ਹਾ ਦੀ ਭਾਲ ਕਰਨੀ ਚਾਹੀਦੀ ਹੈ ਜੋ ਤੁਹਾਨੂੰ ਬਾਹਰ ਨਿਕਲਣ ਵੇਲੇ ਅੱਗੇ ਖਿੱਚਣ ਦੀ ਆਗਿਆ ਦਿੰਦੀ ਹੈ। ਛੋਟੀਆਂ ਗੱਡੀਆਂ ਦੇ ਨੇੜੇ ਪਾਰਕ ਨਾ ਕਰਨ ਦੀ ਕੋਸ਼ਿਸ਼ ਕਰੋ ਤਾਂ ਜੋ ਤੁਹਾਨੂੰ ਚਾਲਬਾਜ਼ੀ ਦੀਆਂ ਸਮੱਸਿਆਵਾਂ ਤੋਂ ਬਚਣ ਵਿੱਚ ਮਦਦ ਮਿਲ ਸਕੇ।"
8638,ਏਅਰ ਬ੍ਰੇਕ ਸਿਸਟਮ ਟੈਂਕ ਵਿੱਚ ਹਵਾ ਦਾ ਦਬਾਅ 55 psi ਤੋਂ ਹੇਠਾਂ ਆਉਣ ਤੋਂ ਪਹਿਲਾਂ ਕੀ ਹੋਣਾ ਚਾਹੀਦਾ ਹੈ?,,ਚੇਤਾਵਨੀ ਲਾਈਟ ਨੂੰ ਕਿਰਿਆਸ਼ੀਲ ਕਰਨਾ ਚਾਹੀਦਾ ਹੈ।,ਵਾਹਨ ਗੇਅਰ ਤੋਂ ਬਾਹਰ ਸ਼ਿਫਟ ਕਰਨ ਵਿੱਚ ਅਸਮਰੱਥ ਹੋਵੇਗਾ।,ਸਾਹਮਣੇ ਦੀਆਂ ਲਾਈਟਾਂ ਫਲੈਸ਼ ਹੋਣੀਆਂ ਚਾਹੀਦੀਆਂ ਹਨ।,,A,"ਏਅਰ ਟੈਂਕ ਵਿੱਚ ਹਵਾ ਦੀ ਸਪਲਾਈ ਦਾ ਦਬਾਅ 55 psi ਤੋਂ ਘੱਟ ਜਾਣ ਤੋਂ ਪਹਿਲਾਂ ਘੱਟ ਹਵਾ ਦੇ ਦਬਾਅ ਦੀ ਚੇਤਾਵਨੀ ਸਿਗਨਲ ਨੂੰ ਕਿਰਿਆਸ਼ੀਲ ਕਰਨਾ ਚਾਹੀਦਾ ਹੈ। ਜੇਕਰ ਜਾਂਚ ਦੌਰਾਨ ਜਾਂਚ ਕੀਤੇ ਜਾਣ 'ਤੇ ਚੇਤਾਵਨੀ ਸਿਗਨਲ ਚਾਲੂ ਨਹੀਂ ਹੁੰਦਾ ਹੈ, ਤਾਂ ਵਾਹਨ ਚਲਾਉਣ ਲਈ ਸੁਰੱਖਿਅਤ ਨਹੀਂ ਹੈ।"
9466,ਟ੍ਰੇਲਰ ਹੈਂਡ ਵਾਲਵ ਦੀ ਵਰਤੋਂ ਕੀਤੀ ਜਾਣੀ ਚਾਹੀਦੀ ਹੈ:,,ਟ੍ਰੇਲਰ ਬ੍ਰੇਕ ਦੀ ਜਾਂਚ ਕਰਨ ਲਈ.,ਟ੍ਰੇਲਰ ਅਤੇ ਟਰੈਕਟਰ ਦੇ ਵਿਚਕਾਰ ਕਨੈਕਸ਼ਨ ਦੀ ਜਾਂਚ ਕਰਨ ਲਈ।,ਤੇਜ਼ ਕਰਨ ਲਈ.,,A,"ਟ੍ਰੇਲਰ ਹੈਂਡ ਵਾਲਵ (ਜਿਸਨੂੰ ""ਟਰਾਲੀ ਵਾਲਵ"" ਜਾਂ ""ਜਾਨਸਨ ਬਾਰ"" ਵੀ ਕਿਹਾ ਜਾਂਦਾ ਹੈ) ਟ੍ਰੇਲਰ ਬ੍ਰੇਕਾਂ ਦਾ ਕੰਮ ਕਰਦਾ ਹੈ ਅਤੇ ਉਹਨਾਂ ਦੀ ਜਾਂਚ ਕਰਨ ਵੇਲੇ ਹੀ ਵਰਤਿਆ ਜਾਣਾ ਚਾਹੀਦਾ ਹੈ। ਡ੍ਰਾਈਵਿੰਗ ਕਰਦੇ ਸਮੇਂ ਟ੍ਰੇਲਰ ਹੈਂਡ ਵਾਲਵ ਦੀ ਵਰਤੋਂ ਕਰਨ ਨਾਲ ਸਕਿਡ ਹੋ ਸਕਦਾ ਹੈ।"
11846,ਬੌਬਟੇਲ ਟਰੈਕਟਰ ਪੂਰੇ ਸੈਮੀਟ੍ਰੇਲਰਾਂ ਨਾਲ ਜੁੜੇ ਟਰੈਕਟਰਾਂ ਨਾਲੋਂ ____ ਰੁਕਣ ਲਈ ਹਨ।,,ਤੇਜ਼,ਸੁਖੱਲਾ,ਹੋਰ ਮੁਸ਼ਕਲ,,C,"ਬੌਬਟੇਲ ਟਰੈਕਟਰ ਉਹ ਟਰੈਕਟਰ ਹੁੰਦੇ ਹਨ ਜੋ ਕਿਸੇ ਵੀ ਸੈਮੀਟਰੇਲਰ ਨਾਲ ਜੁੜੇ ਨਹੀਂ ਹੁੰਦੇ। ਬੋਬਟੇਲ ਚਲਾਉਂਦੇ ਸਮੇਂ, ਤੁਹਾਨੂੰ ਇਹ ਧਿਆਨ ਰੱਖਣਾ ਚਾਹੀਦਾ ਹੈ ਕਿ ਰੁਕਣਾ ਮੁਸ਼ਕਲ ਹੋ ਸਕਦਾ ਹੈ ਅਤੇ ਇਹ ਕਿ ਇੱਕ ਲੋਡ ਕੀਤੇ ਸੈਮੀਟ੍ਰੇਲਰ ਨਾਲ ਜੁੜੇ ਟਰੈਕਟਰ ਨਾਲੋਂ ਇੱਕ ਪੂਰੀ ਸਟਾਪ 'ਤੇ ਆਉਣ ਲਈ ਲੰਮੀ ਦੂਰੀ ਲਵੇਗੀ।"
11271,"ਲੇਨ ਬਦਲਣ ਲਈ, ਤੁਹਾਨੂੰ ਇਹ ਕਰਨਾ ਚਾਹੀਦਾ ਹੈ:",,ਜਲਦੀ ਹਿਲਾਓ।,ਹੌਲੀ ਅਤੇ ਸੁਚਾਰੂ ਢੰਗ ਨਾਲ ਅੱਗੇ ਵਧੋ.,ਆਪਣੇ ਸਿੰਗ ਨੂੰ ਦਬਾ ਕੇ ਰੱਖੋ.,,B,"ਲੇਨਾਂ ਨੂੰ ਹਮੇਸ਼ਾ ਹੌਲੀ ਅਤੇ ਸੁਚਾਰੂ ਢੰਗ ਨਾਲ ਬਦਲੋ। ਜੇ ਤੁਸੀਂ ਉਹਨਾਂ ਡਰਾਈਵਰਾਂ ਨੂੰ ਨਹੀਂ ਦੇਖਿਆ ਜੋ ਪਹਿਲਾਂ ਹੀ ਉਸ ਲੇਨ ਦੀ ਵਰਤੋਂ ਕਰ ਰਹੇ ਹਨ ਜਿਸ 'ਤੇ ਤੁਸੀਂ ਕਬਜ਼ਾ ਕਰਨਾ ਚਾਹੁੰਦੇ ਹੋ, ਤਾਂ ਇਹ ਉਹਨਾਂ ਨੂੰ ਤੁਹਾਡੇ ਰਸਤੇ ਤੋਂ ਬਾਹਰ ਨਿਕਲਣ ਦਾ ਮੌਕਾ ਦੇਵੇਗਾ ਜਾਂ ਤੁਹਾਨੂੰ ਚੇਤਾਵਨੀ ਦੇਣ ਲਈ ਆਪਣੇ ਸਿੰਗ ਵਜਾ ਦੇਵੇਗਾ। ਲੇਨ ਬਦਲਦੇ ਸਮੇਂ ਹਮੇਸ਼ਾ ਸਿਗਨਲ ਦਿਓ।"
9299,"ਜਦੋਂ ਇੱਕ ਸਮਤਲ ਸਤ੍ਹਾ 'ਤੇ ਪਾਰਕ ਕੀਤਾ ਜਾਂਦਾ ਹੈ, ਤਾਂ ਤੁਹਾਨੂੰ ਇਹ ਕਰਨਾ ਚਾਹੀਦਾ ਹੈ:",,ਆਪਣੇ ਵਾਹਨ ਨੂੰ ਚੱਲਣ ਤੋਂ ਰੋਕਣ ਲਈ ਵ੍ਹੀਲ ਚੋਕਾਂ ਦੀ ਵਰਤੋਂ ਕਰੋ।,ਵ੍ਹੀਲ ਚੌਕਸ ਦੀ ਵਰਤੋਂ ਨਾ ਕਰੋ।,"ਵ੍ਹੀਲ ਚੌਕਸ ਦੀ ਵਰਤੋਂ ਕਰੋ, ਪਰ ਸਿਰਫ ਤਾਂ ਹੀ ਜੇਕਰ ਤੁਸੀਂ ਪਾਰਕਿੰਗ ਬ੍ਰੇਕ ਲਗਾਈ ਹੈ।",,A,"ਇੱਕ ਪੱਧਰੀ ਸਤਹ 'ਤੇ ਪਾਰਕਿੰਗ ਕਰਦੇ ਸਮੇਂ, ਤੁਹਾਨੂੰ ਵ੍ਹੀਲ ਚੋਕਸ ਦੀ ਵਰਤੋਂ ਕਰਨੀ ਚਾਹੀਦੀ ਹੈ। ਜੇਕਰ ਵਾਹਨ ਸਪਰਿੰਗ ਬ੍ਰੇਕਾਂ ਨਾਲ ਲੈਸ ਨਹੀਂ ਹੈ, ਤਾਂ ਟ੍ਰੇਲਰ ਨੂੰ ਅੱਗੇ ਵਧਣ ਤੋਂ ਰੋਕਣ ਲਈ ਇਹ ਜ਼ਰੂਰੀ ਹੈ।"
11368,"ਗੱਡੀ ਚਲਾਉਂਦੇ ਸਮੇਂ, ਇਹ ਮਹੱਤਵਪੂਰਨ ਹੈ ਕਿ ਤੁਸੀਂ:",,ਸੰਭਾਵੀ ਤੌਰ 'ਤੇ ਖਤਰਨਾਕ ਸਥਿਤੀਆਂ ਤੋਂ ਬਾਹਰ ਨਿਕਲਣ ਲਈ ਯੋਜਨਾਵਾਂ ਤਿਆਰ ਕਰੋ।,ਨਜ਼ਾਰਿਆਂ ਦਾ ਆਨੰਦ ਲਓ।,ਸ਼ੀਸ਼ੇ ਦੀ ਵਰਤੋਂ ਕਰਨ ਦੀ ਬਜਾਏ ਆਪਣੇ ਸਿਰ ਨੂੰ ਸਾਰੇ ਪਾਸੇ ਘੁੰਮਾਓ।,,A,"ਡ੍ਰਾਈਵਿੰਗ ਕਰਦੇ ਸਮੇਂ, ਤੁਹਾਨੂੰ ਸੰਭਾਵਿਤ ਖ਼ਤਰਿਆਂ ਲਈ ਸੜਕ ਨੂੰ ਲਗਾਤਾਰ ਸਕੈਨ ਕਰਨਾ ਚਾਹੀਦਾ ਹੈ। ਜੇਕਰ ਖ਼ਤਰੇ ਐਮਰਜੈਂਸੀ ਵਿੱਚ ਵਿਕਸਤ ਹੋ ਜਾਂਦੇ ਹਨ ਤਾਂ ਤੁਸੀਂ ਕੀ ਕਰੋਗੇ ਇਸ ਬਾਰੇ ਯੋਜਨਾਵਾਂ ਬਣਾਓ।"
11323,ਲਾਈਟਾਂ ਜੋ ਦਰਸਾਉਂਦੀਆਂ ਹਨ ਕਿ ਐਂਟੀ-ਲਾਕ ਬ੍ਰੇਕ ਕੰਮ ਨਹੀਂ ਕਰ ਰਹੀਆਂ ਹਨ:,,ਸਲੇਟੀ।,ਨੀਲਾ।,ਪੀਲਾ.,,C,ਐਂਟੀ-ਲਾਕ ਬ੍ਰੇਕਿੰਗ ਸਿਸਟਮ (ABS) ਨਾਲ ਲੈਸ ਵਾਹਨਾਂ ਵਿੱਚ ਬ੍ਰੇਕਿੰਗ ਸਿਸਟਮ ਵਿੱਚ ਸਮੱਸਿਆਵਾਂ ਨੂੰ ਦਰਸਾਉਣ ਲਈ ਪੀਲੀਆਂ ਖਰਾਬ ਲਾਈਟਾਂ ਹੁੰਦੀਆਂ ਹਨ।
11326,"ਸਮਤਲ ਸਤਹਾਂ 'ਤੇ, ਵ੍ਹੀਲ ਚੌਕਸ:",,ਪਾਰਕ ਕੀਤੇ ਵਾਹਨ ਨੂੰ ਅੱਗੇ ਵਧਣ ਤੋਂ ਰੋਕਣ ਲਈ ਵਰਤਿਆ ਜਾ ਸਕਦਾ ਹੈ।,ਪਾਰਕ ਕੀਤੇ ਵਾਹਨ ਲਈ ਰੋਲ ਕਰਨਾ ਆਸਾਨ ਬਣਾਓ।,ਸਿਰਫ ਸਾਹਮਣੇ ਵਾਲੇ ਡਰਾਈਵਰ ਦੇ ਸਾਈਡ ਟਾਇਰ 'ਤੇ ਹੀ ਵਰਤਿਆ ਜਾਣਾ ਚਾਹੀਦਾ ਹੈ।,,A,"ਉਹਨਾਂ ਸਥਿਤੀਆਂ ਵਿੱਚ ਜਿੱਥੇ ਇੱਕ ਡਰਾਈਵਰ ਪਾਰਕਿੰਗ ਬ੍ਰੇਕ ਦੀ ਵਰਤੋਂ ਨਹੀਂ ਕਰ ਸਕਦਾ ਹੈ, ਇੱਕ ਪੱਧਰੀ ਸਤਹ 'ਤੇ ਪਾਰਕ ਕੀਤੇ ਵਾਹਨ ਨੂੰ ਰੱਖਣ ਲਈ ਵ੍ਹੀਲ ਚੋਕਾਂ ਦੀ ਵਰਤੋਂ ਕੀਤੀ ਜਾ ਸਕਦੀ ਹੈ।"
8765,ਦੋਹਰੀ ਏਅਰ ਬ੍ਰੇਕ ਸਿਸਟਮ ਵਿੱਚ:,,ਏਅਰ ਟੈਂਕ ਦੋਵਾਂ ਪ੍ਰਣਾਲੀਆਂ ਵਿਚਕਾਰ ਸਾਂਝੇ ਕੀਤੇ ਗਏ ਹਨ.,ਹਰੇਕ ਸਿਸਟਮ ਦੀਆਂ ਆਪਣੀਆਂ ਏਅਰ ਟੈਂਕੀਆਂ ਹੁੰਦੀਆਂ ਹਨ।,ਤੁਹਾਨੂੰ ਇਹ ਨਿਰਧਾਰਤ ਕਰਨਾ ਚਾਹੀਦਾ ਹੈ ਕਿ ਤੁਸੀਂ ਕਿਹੜਾ ਸਿਸਟਮ ਵਰਤ ਰਹੇ ਹੋ।,,B,"ਡੁਅਲ ਏਅਰ ਬ੍ਰੇਕ ਸਿਸਟਮ ਵਿੱਚ ਦੋ ਏਅਰ ਬ੍ਰੇਕ ਸਿਸਟਮ ਹਨ। ਸਿਸਟਮ ਬ੍ਰੇਕ ਨਿਯੰਤਰਣਾਂ ਦਾ ਇੱਕ ਸਮੂਹ ਸਾਂਝਾ ਕਰਦੇ ਹਨ, ਪਰ ਹਰੇਕ ਸਿਸਟਮ ਦੀਆਂ ਆਪਣੀਆਂ ਟੈਂਕੀਆਂ, ਹੋਜ਼ਾਂ ਅਤੇ ਲਾਈਨਾਂ ਹੁੰਦੀਆਂ ਹਨ।"
9933,ਪ੍ਰੀ-ਟ੍ਰਿਪ ਨਿਰੀਖਣ ਹਨ:,,ਸਿਫ਼ਾਰਿਸ਼ ਕੀਤੀ।,ਸਿਰਫ਼ 100 ਮੀਲ ਤੋਂ ਵੱਧ ਲੰਬੀਆਂ ਯਾਤਰਾਵਾਂ ਲਈ ਲੋੜੀਂਦਾ ਹੈ।,ਕਾਨੂੰਨ ਦੁਆਰਾ ਲੋੜੀਂਦਾ ਹੈ।,,C,ਸੰਘੀ ਅਤੇ ਰਾਜ ਦੇ ਕਾਨੂੰਨਾਂ ਅਨੁਸਾਰ ਡਰਾਈਵਰਾਂ ਨੂੰ ਹਰ ਯਾਤਰਾ ਤੋਂ ਪਹਿਲਾਂ ਆਪਣੇ ਵਾਹਨਾਂ ਦੀ ਲੰਬਾਈ ਦੀ ਪਰਵਾਹ ਕੀਤੇ ਬਿਨਾਂ ਜਾਂਚ ਕਰਨ ਦੀ ਲੋੜ ਹੁੰਦੀ ਹੈ।
9892,ਜ਼ਿਆਦਾਤਰ ਨਵੇਂ ਹੈਵੀ-ਡਿਊਟੀ ਟਰੱਕ ਕਿਸ ਕਿਸਮ ਦੀਆਂ ਬ੍ਰੇਕਾਂ ਦੀ ਵਰਤੋਂ ਕਰਦੇ ਹਨ?,,ਸਿੰਗਲ ਏਅਰ ਬ੍ਰੇਕ,ਡੁਅਲ ਏਅਰ ਬ੍ਰੇਕ,ਟ੍ਰਿਪਲ ਏਅਰ ਬ੍ਰੇਕ,,B,ਜ਼ਿਆਦਾਤਰ ਨਵੇਂ ਹੈਵੀ-ਡਿਊਟੀ ਵਾਹਨ ਦੋਹਰੀ ਏਅਰ ਬ੍ਰੇਕ ਪ੍ਰਣਾਲੀਆਂ ਦੀ ਵਰਤੋਂ ਕਰਦੇ ਹਨ। ਇੱਕ ਡੁਅਲ ਏਅਰ ਬ੍ਰੇਕ ਸਿਸਟਮ ਵਿੱਚ ਦੋ ਵੱਖਰੇ ਏਅਰ ਬ੍ਰੇਕ ਸਿਸਟਮ ਹੁੰਦੇ ਹਨ ਜੋ ਬ੍ਰੇਕ ਨਿਯੰਤਰਣ ਦੇ ਇੱਕ ਸੈੱਟ ਦੀ ਵਰਤੋਂ ਕਰਦੇ ਹਨ।
8592,"ਬਿਜਲੀ ਦੀ ਅੱਗ ਬੁਝਾਉਣ ਦੀ ਕੋਸ਼ਿਸ਼ ਕਰਦੇ ਸਮੇਂ, ਤੁਹਾਨੂੰ ਇਹ ਕਰਨਾ ਚਾਹੀਦਾ ਹੈ:",,ਪਾਣੀ ਦੀ ਵਰਤੋਂ ਕਰੋ।,B:C ਬੁਝਾਉਣ ਵਾਲੇ ਯੰਤਰ ਦੀ ਵਰਤੋਂ ਕਰੋ।,ਇੱਕ X ਬੁਝਾਉਣ ਵਾਲਾ ਵਰਤੋ।,,B,B:C ਅੱਗ ਬੁਝਾਉਣ ਵਾਲੇ ਯੰਤਰ ਬਿਜਲੀ ਦੀਆਂ ਅੱਗਾਂ ਅਤੇ ਜਲਣ ਵਾਲੇ ਤਰਲਾਂ 'ਤੇ ਕੰਮ ਕਰਨ ਲਈ ਤਿਆਰ ਕੀਤੇ ਗਏ ਹਨ। ਬਿਜਲੀ ਦੀ ਅੱਗ 'ਤੇ ਪਾਣੀ ਨਾ ਡੋਲ੍ਹੋ।
11828,"ਜੇਕਰ ਤੁਸੀਂ ਆਪਣੇ ਟ੍ਰੇਲਰ ਨੂੰ ਸਿੱਧੇ ਰਸਤੇ ਵਿੱਚ ਨਹੀਂ ਬਦਲ ਸਕਦੇ, ਤਾਂ ਤੁਹਾਨੂੰ ਇਹ ਕਰਨਾ ਚਾਹੀਦਾ ਹੈ:",,ਪਿੱਠ ਕਰਦੇ ਸਮੇਂ ਅੱਗੇ-ਪਿੱਛੇ ਘੁੰਮਾਓ।,ਡਰਾਈਵਰ ਦੇ ਪਾਸੇ ਵੱਲ ਵਾਪਸ।,ਵਾਪਸ ਯਾਤਰੀ ਦੇ ਪਾਸੇ ਵੱਲ.,,B,"ਜੇ ਤੁਹਾਨੂੰ ਆਪਣੇ ਟ੍ਰੇਲਰ ਨੂੰ ਬੈਕਅੱਪ ਕਰਨ ਦੀ ਲੋੜ ਹੈ ਪਰ ਸਿੱਧੇ ਰਸਤੇ ਵਿੱਚ ਬੈਕਅੱਪ ਨਹੀਂ ਲੈ ਸਕਦੇ, ਤਾਂ ਤੁਹਾਨੂੰ ਵਾਹਨ ਦੇ ਡਰਾਈਵਰ ਵਾਲੇ ਪਾਸੇ ਵੱਲ ਇੱਕ ਵਕਰ ਮਾਰਗ 'ਤੇ ਵਾਪਸ ਜਾਣਾ ਚਾਹੀਦਾ ਹੈ। ਇਹ ਤੁਹਾਨੂੰ ਬੈਕਿੰਗ ਕਰਦੇ ਸਮੇਂ ਸਭ ਤੋਂ ਵਧੀਆ ਸੰਭਵ ਦਿੱਖ ਪ੍ਰਦਾਨ ਕਰੇਗਾ।"
9894,ਐਡਜਸਟਮੈਂਟ ਤੋਂ ਬਾਹਰ ਬ੍ਰੇਕ:,,ਸਹੀ ਢੰਗ ਨਾਲ ਕੰਮ ਕਰੋ.,ਕੁਝ ਬ੍ਰੇਕਾਂ ਨੂੰ ਜ਼ਿਆਦਾ ਕੰਮ ਕਰਨ ਅਤੇ ਖਰਾਬ ਹੋਣ ਦਾ ਕਾਰਨ ਬਣੋ।,ਬਿਹਤਰ ਪ੍ਰਵੇਗ ਦੀ ਆਗਿਆ ਦਿਓ।,,B,ਅਡਜਸਟਮੈਂਟ ਤੋਂ ਬਾਹਰ ਬ੍ਰੇਕ ਉਹਨਾਂ ਤੋਂ ਪਹਿਲਾਂ ਫਿੱਕੇ ਪੈ ਜਾਣਗੇ ਜੋ ਸਹੀ ਢੰਗ ਨਾਲ ਐਡਜਸਟ ਕੀਤੇ ਗਏ ਹਨ. ਬ੍ਰੇਕ ਦੀਆਂ ਸਮੱਸਿਆਵਾਂ ਨੂੰ ਰੋਕਣ ਵਿੱਚ ਮਦਦ ਲਈ ਬ੍ਰੇਕ ਐਡਜਸਟਮੈਂਟ ਦੀ ਅਕਸਰ ਜਾਂਚ ਕੀਤੀ ਜਾਣੀ ਚਾਹੀਦੀ ਹੈ।
11519,"""ਕਰੈਕ-ਦ-ਵਾਈਪ"" ਪ੍ਰਭਾਵ ਕਾਰਨ ਹੁੰਦਾ ਹੈ:",,ਪਿੱਛੇ ਵੱਲ ਵਧਣਾ.,ਗਤੀ ਸੀਮਾ ਤੋਂ ਹੇਠਾਂ ਗੱਡੀ ਚਲਾਉਣਾ।,ਭਾਰੀ ਆਵਾਜਾਈ।,,A,"ਟ੍ਰੇਲਰ ਵਾਲੇ ਵਾਹਨ ""ਕਰੈਕ-ਦ-ਵਾਈਪ"" ਪ੍ਰਭਾਵ ਦੇ ਕਾਰਨ ਰੋਲਓਵਰ ਲਈ ਕਮਜ਼ੋਰ ਹੁੰਦੇ ਹਨ, ਜੋ ਕਿ ਪਿੱਛੇ ਵੱਲ ਵਧਣ ਕਾਰਨ ਹੁੰਦਾ ਹੈ। ਰਿਅਰਵਰਡ ਐਂਪਲੀਫਿਕੇਸ਼ਨ ਵਾਹਨ ਤੋਂ ਵਾਹਨ ਤੱਕ ਵੱਖ-ਵੱਖ ਹੁੰਦਾ ਹੈ, ਇਸਲਈ ਇਹ ਮਹੱਤਵਪੂਰਨ ਹੈ ਕਿ ਡਰਾਈਵਰ ਆਪਣੇ ਖਾਸ ਵਾਹਨਾਂ ਦੇ ਪਿੱਛੇ ਵੱਲ ਵਧਣ ਬਾਰੇ ਜਾਣੂ ਹੋਣ।"
11515,"ਯਾਤਰਾ ਤੋਂ ਪਹਿਲਾਂ, ਯਕੀਨੀ ਬਣਾਓ ਕਿ ਪੰਜਵਾਂ ਪਹੀਆ ਹੈ:",,ਗਰੀਸ ਤੋਂ ਮੁਕਤ.,ਤਾਲੇ ਜਬਾੜੇ ਨੂੰ ਨਾ ਛੂਹਣਾ.,ਸੁਰੱਖਿਅਤ ਢੰਗ ਨਾਲ ਮਾਊਂਟ ਕੀਤਾ ਗਿਆ।,,C,"ਕਨਵਰਟਰ ਡੌਲੀ ਦਾ ਮੁਆਇਨਾ ਕਰਦੇ ਸਮੇਂ, ਯਕੀਨੀ ਬਣਾਓ ਕਿ ਸਾਰੇ ਹਿੱਸੇ ਮੌਜੂਦ ਹਨ ਅਤੇ ਸਹੀ ਕੰਮ ਕਰਨ ਦੀ ਸਥਿਤੀ ਵਿੱਚ ਹਨ। ਉਪਰਲੇ ਅਤੇ ਹੇਠਲੇ ਪੰਜਵੇਂ ਪਹੀਏ, ਏਅਰ ਲਾਈਨਾਂ ਅਤੇ ਇਲੈਕਟ੍ਰਿਕ ਲਾਈਨਾਂ ਦੀ ਜਾਂਚ ਕਰਨਾ ਯਕੀਨੀ ਬਣਾਓ। ਪੰਜਵੇਂ ਪਹੀਏ ਨੂੰ ਚੰਗੀ ਤਰ੍ਹਾਂ ਗਰੀਸ ਕੀਤਾ ਜਾਣਾ ਚਾਹੀਦਾ ਹੈ ਅਤੇ ਸੁਰੱਖਿਅਤ ਢੰਗ ਨਾਲ ਮਾਊਂਟ ਕੀਤਾ ਜਾਣਾ ਚਾਹੀਦਾ ਹੈ."
