id,question,image,option_a,option_b,option_c,option_d,correct_answer,explanation
9878,ਹੌਲੀ-ਹੌਲੀ ਚੱਲਣ ਵਾਲੇ ਵਾਹਨ ਦੇ ਪਿੱਛੇ ਅਕਸਰ ਫਸੇ ਡਰਾਈਵਰ:,,ਵਾਹਨ ਨੂੰ ਬਹੁਤ ਧਿਆਨ ਨਾਲ ਪਾਲਣਾ ਕਰੋ.,ਵਾਹਨ ਨੂੰ ਕਾਫ਼ੀ ਥਾਂ ਦਿਓ।,ਯਾਤਰਾ ਦੀ ਗਤੀ ਤੋਂ ਖੁਸ਼ ਹਨ।,,A,"ਡ੍ਰਾਈਵਰਾਂ ਲਈ ਹੌਲੀ-ਹੌਲੀ ਚੱਲਣ ਵਾਲੇ ਵਾਹਨਾਂ ਨੂੰ ਟੇਲਗੇਟ ਕਰਨਾ ਆਮ ਗੱਲ ਹੈ ਜੋ ਆਲੇ ਦੁਆਲੇ ਦੇ ਟ੍ਰੈਫਿਕ ਦੀ ਗਤੀ ਨਾਲ ਨਹੀਂ ਚੱਲ ਸਕਦੇ। ਜੇਕਰ ਤੁਹਾਨੂੰ ਟੇਲਗੇਟ ਕੀਤਾ ਜਾ ਰਿਹਾ ਹੈ, ਤਾਂ ਦੂਜੇ ਡ੍ਰਾਈਵਰ ਨੂੰ ਤੁਹਾਡੇ ਵਾਹਨ ਨੂੰ ਲੰਘਣ ਦਿਓ।"
9237,ਵ੍ਹੀਲ ਨਟਸ ਦੇ ਆਲੇ ਦੁਆਲੇ ਜੰਗਾਲ ਦਾ ਮਤਲਬ ਹੋ ਸਕਦਾ ਹੈ:,,ਹਾਲ ਹੀ ਵਿੱਚ ਮੀਂਹ ਪਿਆ।,ਗਿਰੀਦਾਰ ਢਿੱਲੇ ਹਨ.,ਗਿਰੀਦਾਰ ਬਹੁਤ ਤੰਗ ਹਨ.,,B,ਹਰ ਡਰਾਈਵ ਤੋਂ ਪਹਿਲਾਂ ਆਪਣੇ ਟਾਇਰਾਂ ਦੀ ਜਾਂਚ ਕਰਨਾ ਮਹੱਤਵਪੂਰਨ ਹੈ। ਵ੍ਹੀਲ ਨਟਸ ਦੇ ਆਲੇ ਦੁਆਲੇ ਜੰਗਾਲ ਇਹ ਸੰਕੇਤ ਕਰ ਸਕਦਾ ਹੈ ਕਿ ਉਹ ਢਿੱਲੇ ਹਨ।
9591,ਸ਼ੀਸ਼ੇ ਦੀ ਜਾਂਚ ਕੀਤੀ ਜਾਣੀ ਚਾਹੀਦੀ ਹੈ:,,ਹਰ ਲੇਨ ਬਦਲਣ ਤੋਂ ਪਹਿਲਾਂ.,"ਲੇਨ ਬਦਲਣ ਵੇਲੇ, ਪਰ ਸਿਰਫ਼ ਉਦੋਂ ਜਦੋਂ ਹੋਰ ਵਾਹਨ ਨੇੜੇ ਹੋਣ।","ਲੇਨ ਬਦਲਣ ਵੇਲੇ, ਪਰ ਸਿਰਫ ਤਾਂ ਹੀ ਜੇ ਬਾਹਰ ਹਨੇਰਾ ਹੋਵੇ।",,A,ਲੇਨ ਬਦਲਣ ਤੋਂ ਪਹਿਲਾਂ ਹਮੇਸ਼ਾਂ ਆਪਣੇ ਸ਼ੀਸ਼ਿਆਂ ਵਿੱਚ ਆਵਾਜਾਈ ਦੀ ਜਾਂਚ ਕਰੋ। ਵਾਰ-ਵਾਰ ਸ਼ੀਸ਼ੇ ਦੀ ਜਾਂਚ ਤੁਹਾਡੀ ਆਮ ਸਕੈਨਿੰਗ ਰੁਟੀਨ ਦਾ ਹਿੱਸਾ ਹੋਣੀ ਚਾਹੀਦੀ ਹੈ।
8491,"CDL ਲਈ ਅਰਜ਼ੀ ਦੇਣ ਲਈ, ਇੱਕ ਬਿਨੈਕਾਰ ਘੱਟੋ-ਘੱਟ:",,15 ਸਾਲ ਦੀ ਉਮਰ,18 ਸਾਲ ਦੀ ਉਮਰ,21 ਸਾਲ ਦੀ ਉਮਰ.,,B,"ਕੈਲੀਫੋਰਨੀਆ ਵਿੱਚ, ਵਪਾਰਕ ਡ੍ਰਾਈਵਰ ਲਾਇਸੈਂਸ ਲਈ ਅਰਜ਼ੀ ਦੇਣ ਲਈ ਤੁਹਾਡੀ ਉਮਰ ਘੱਟੋ-ਘੱਟ 18 ਸਾਲ ਹੋਣੀ ਚਾਹੀਦੀ ਹੈ।"
9430,"ਜੇਕਰ ਤੁਸੀਂ ਉਸ ਖੇਤਰ ਤੋਂ ਅਣਜਾਣ ਹੋ ਜਿਸ ਵਿੱਚ ਤੁਹਾਨੂੰ ਬੈਕਅੱਪ ਲੈਣਾ ਚਾਹੀਦਾ ਹੈ, ਤਾਂ ਤੁਹਾਨੂੰ ਇਹ ਕਰਨਾ ਚਾਹੀਦਾ ਹੈ:",,ਆਪਣੇ ਵਾਹਨ ਤੋਂ ਬਾਹਰ ਨਿਕਲੋ ਅਤੇ ਇਸਦੇ ਨਾਲ ਹੋਰ ਜਾਣੂ ਹੋਣ ਲਈ ਖੇਤਰ ਦੇ ਆਲੇ-ਦੁਆਲੇ ਸੈਰ ਕਰੋ।,ਦੋਵੇਂ ਪਾਸੇ ਦੇ ਸ਼ੀਸ਼ੇ ਨਾ ਵਰਤੋ ਕਿਉਂਕਿ ਇਹ ਧਿਆਨ ਭਟਕਾਉਣ ਵਾਲਾ ਹੋ ਸਕਦਾ ਹੈ।,ਖੇਤਰ ਵਿੱਚ ਕਿਸੇ ਹੋਰ ਦੇ ਬੈਕਅੱਪ ਲਈ ਉਡੀਕ ਕਰੋ ਤਾਂ ਜੋ ਤੁਸੀਂ ਦੇਖ ਸਕੋ ਕਿ ਉਹ ਇਹ ਕਿਵੇਂ ਕਰਦੇ ਹਨ।,,A,"ਬੈਕਅੱਪ ਲੈਣ ਤੋਂ ਪਹਿਲਾਂ, ਤੁਹਾਨੂੰ ਆਪਣੇ ਵਾਹਨ ਤੋਂ ਬਾਹਰ ਨਿਕਲਣਾ ਚਾਹੀਦਾ ਹੈ ਅਤੇ ਆਪਣੀ ਯਾਤਰਾ ਦੀ ਲਾਈਨ ਨੂੰ ਦੇਖਣਾ ਚਾਹੀਦਾ ਹੈ। ਪਾਸਿਆਂ ਅਤੇ ਓਵਰਹੈੱਡ ਲਈ ਆਪਣੀ ਕਲੀਅਰੈਂਸ ਦੀ ਜਾਂਚ ਕਰੋ।"
11894,A ____ ਇੱਕ ਡਰਾਈਵਰ ਨੂੰ ਹੌਲੀ ਹੌਲੀ ਸਪਰਿੰਗ ਬ੍ਰੇਕ ਲਗਾਉਣ ਦੀ ਆਗਿਆ ਦਿੰਦਾ ਹੈ।,,ਨਿਯੰਤਰਣ ਵਾਲਵ ਨੂੰ ਮੋਡਿਊਲ ਕਰਨਾ,ਟ੍ਰੇਲਰ ਏਅਰ ਸਪਲਾਈ ਕੰਟਰੋਲ,ਰੀਲੇਅ ਵਾਲਵ,,A,"ਇੱਕ ਸੰਚਾਲਨ ਕੰਟਰੋਲ ਵਾਲਵ ਇੱਕ ਡਰਾਈਵਰ ਨੂੰ ਹੌਲੀ-ਹੌਲੀ ਸਪਰਿੰਗ ਬ੍ਰੇਕ ਲਗਾਉਣ ਦੀ ਆਗਿਆ ਦਿੰਦਾ ਹੈ। ਲੈਸ ਵਾਹਨਾਂ ਵਿੱਚ, ਵਾਲਵ ਨੂੰ ਡੈਸ਼ਬੋਰਡ 'ਤੇ ਸਥਿਤ ਇੱਕ ਲੀਵਰ ਦੁਆਰਾ ਨਿਯੰਤਰਿਤ ਕੀਤਾ ਜਾਂਦਾ ਹੈ।"
8609,ਕਾਰਗੋ ਵਿੱਚ ਹਰ ____ ਕਾਰਗੋ ਲਈ ਇੱਕ ਟਾਈ-ਡਾਊਨ ਹੋਣਾ ਚਾਹੀਦਾ ਹੈ।,,ਪੰਜ ਫੁੱਟ,10 ਫੁੱਟ,20 ਫੁੱਟ,,B,"ਕਾਰਗੋ ਨੂੰ ਹਰ 10 ਫੁੱਟ ਕਾਰਗੋ ਲਈ ਘੱਟੋ-ਘੱਟ ਇੱਕ ਟਾਈ-ਡਾਊਨ ਦੁਆਰਾ ਰੋਕਿਆ ਜਾਣਾ ਚਾਹੀਦਾ ਹੈ। ਹਾਲਾਂਕਿ, ਸਾਰੇ ਕਾਰਗੋ ਵਿੱਚ ਘੱਟੋ-ਘੱਟ ਦੋ ਟਾਈ-ਡਾਊਨ ਹੋਣੇ ਚਾਹੀਦੇ ਹਨ, ਭਾਵੇਂ ਮਾਲ ਦਾ ਆਕਾਰ ਕੋਈ ਵੀ ਹੋਵੇ।"
8522,"ਮੈਨੂਅਲ ਟ੍ਰਾਂਸਮਿਸ਼ਨ ਵਾਹਨ ਨੂੰ ਰੋਕਣ ਵੇਲੇ, ਤੁਹਾਨੂੰ ਇਹ ਕਰਨਾ ਚਾਹੀਦਾ ਹੈ:",,ਜਦੋਂ ਇੰਜਣ ਵਿਹਲੇ ਹੋਣ ਦੇ ਨੇੜੇ ਹੋਵੇ ਤਾਂ ਕਲਚ ਨੂੰ ਅੰਦਰ ਧੱਕੋ।,ਜਦੋਂ ਇੰਜਣ ਵਿਹਲੇ ਹੋਣ ਦੇ ਨੇੜੇ ਹੋਵੇ ਤਾਂ ਕਲੱਚ ਨੂੰ ਬਾਹਰ ਧੱਕੋ।,ਜਦੋਂ ਇੰਜਣ ਨਿਸ਼ਕਿਰਿਆ ਦੇ ਨੇੜੇ ਹੋਵੇ ਤਾਂ ਨਿਰਪੱਖ ਵਿੱਚ ਸ਼ਿਫਟ ਕਰੋ।,,A,"ਰੁਕਣ ਵੇਲੇ, ਬ੍ਰੇਕ ਪੈਡਲ 'ਤੇ ਹੌਲੀ-ਹੌਲੀ ਦਬਾਅ ਪਾਓ ਅਤੇ ਸੁਚਾਰੂ ਢੰਗ ਨਾਲ ਰੁਕੋ। ਜੇਕਰ ਮੈਨੂਅਲ ਟਰਾਂਸਮਿਸ਼ਨ ਵਾਹਨ ਨੂੰ ਰੋਕ ਰਹੇ ਹੋ, ਤਾਂ ਇੰਜਣ ਬੇਕਾਰ ਹੋਣ ਦੇ ਨੇੜੇ ਹੋਣ 'ਤੇ ਕਲਚ ਨੂੰ ਅੰਦਰ ਧੱਕੋ।"
9449,ਮਾੜਾ ਭਾਰ ਸੰਤੁਲਨ:,,ਸੰਭਾਲਣ ਵਿੱਚ ਸੁਧਾਰ ਕਰਦਾ ਹੈ।,ਹੈਂਡਲ ਕਰਨਾ ਵਧੇਰੇ ਮੁਸ਼ਕਲ ਬਣਾਉਂਦਾ ਹੈ।,ਡਰਾਈਵਰ ਦੀ ਸਟੀਅਰ ਕਰਨ ਦੀ ਸਮਰੱਥਾ ਨੂੰ ਵਧਾਉਂਦਾ ਹੈ।,,B,ਮਾੜਾ ਸੰਤੁਲਿਤ ਲੋਡ ਅਸੁਰੱਖਿਅਤ ਹੈਂਡਲਿੰਗ ਦਾ ਕਾਰਨ ਬਣ ਸਕਦਾ ਹੈ। ਵਾਹਨ ਨੂੰ ਲੋਡ ਕਰਨ ਵੇਲੇ ਕਾਰਗੋ ਦੇ ਭਾਰ ਨੂੰ ਸਹੀ ਢੰਗ ਨਾਲ ਵੰਡਣਾ ਮਹੱਤਵਪੂਰਨ ਹੈ।
9245,ਗਿੱਲੀਆਂ ਸੜਕਾਂ ਦੀਆਂ ਸਤਹਾਂ 'ਤੇ ਹਾਈਡ੍ਰੋਪਲੇਨਿੰਗ ਨੂੰ ਰੋਕਣ ਦਾ ਇੱਕ ਤਰੀਕਾ ਹੈ:,,ਯਕੀਨੀ ਬਣਾਓ ਕਿ ਤੁਹਾਡੇ ਟਾਇਰਾਂ ਦੀ ਡੂੰਘਾਈ ਚੰਗੀ ਹੈ।,ਆਪਣੇ ਟਾਇਰਾਂ ਨੂੰ ਘਟਾਓ।,ਆਮ ਨਾਲੋਂ ਤੇਜ਼ ਗੱਡੀ ਚਲਾਓ।,,A,"ਜਦੋਂ ਇੱਕ ਗਿੱਲੀ ਸੜਕ ਦੀ ਸਤ੍ਹਾ 'ਤੇ ਗੱਡੀ ਚਲਾਉਂਦੇ ਹੋ, ਹਾਈਡ੍ਰੋਪਲੇਨਿੰਗ ਦਾ ਜੋਖਮ ਵਧ ਜਾਂਦਾ ਹੈ ਜੇਕਰ ਤੁਹਾਡਾ ਟਾਇਰ ਪ੍ਰੈਸ਼ਰ ਬਹੁਤ ਘੱਟ ਹੈ ਜਾਂ ਤੁਹਾਡਾ ਟਾਇਰ ਟ੍ਰੇਡ ਬਹੁਤ ਖਰਾਬ ਹੈ। ਜੇਕਰ ਤੁਸੀਂ ਹਾਈਡ੍ਰੋਪਲੇਨ ਨੂੰ ਚਲਾਉਣਾ ਸ਼ੁਰੂ ਕਰਦੇ ਹੋ, ਤਾਂ ਐਕਸਲੇਟਰ ਨੂੰ ਛੱਡੋ ਅਤੇ ਹੌਲੀ ਕਰਨ ਲਈ ਕਲੱਚ ਵਿੱਚ ਧੱਕੋ।"
11377,ਧੁੰਦ ਵਿੱਚ ਗੱਡੀ ਚਲਾਉਣ ਲਈ ਹੇਠ ਲਿਖਿਆਂ ਵਿੱਚੋਂ ਕਿਹੜੀ ਸਲਾਹ ਸਭ ਤੋਂ ਵਧੀਆ ਹੈ?,,ਧੁੰਦ ਵਿੱਚ ਗੱਡੀ ਨਾ ਚਲਾਉਣ ਦੀ ਕੋਸ਼ਿਸ਼ ਕਰੋ।,ਆਪਣੀਆਂ ਉੱਚ ਬੀਮ ਹੈੱਡਲਾਈਟਾਂ ਦੀ ਵਰਤੋਂ ਕਰੋ।,ਆਪਣੀਆਂ ਲਾਈਟਾਂ ਬੰਦ ਕਰੋ।,,A,"ਧੁੰਦ ਵਿੱਚ ਗੱਡੀ ਚਲਾਉਣਾ ਹਮੇਸ਼ਾ ਖ਼ਤਰਨਾਕ ਹੁੰਦਾ ਹੈ ਅਤੇ ਜੇਕਰ ਸੰਭਵ ਹੋਵੇ ਤਾਂ ਇਸ ਤੋਂ ਪੂਰੀ ਤਰ੍ਹਾਂ ਬਚਣਾ ਚਾਹੀਦਾ ਹੈ। ਜੇਕਰ ਤੁਹਾਨੂੰ ਧੁੰਦ ਵਿੱਚ ਗੱਡੀ ਚਲਾਉਣੀ ਚਾਹੀਦੀ ਹੈ, ਤਾਂ ਆਪਣੀਆਂ ਘੱਟ ਬੀਮ ਵਾਲੀਆਂ ਹੈੱਡਲਾਈਟਾਂ ਅਤੇ ਧੁੰਦ ਦੀਆਂ ਲਾਈਟਾਂ ਨੂੰ ਚਾਲੂ ਕਰਨਾ ਯਕੀਨੀ ਬਣਾਓ, ਭਾਵੇਂ ਦਿਨ ਵੇਲੇ ਵੀ।"
8568,ਤੁਹਾਨੂੰ ਕੀ ਕਰਨਾ ਚਾਹੀਦਾ ਹੈ ਜੇਕਰ ਤੁਹਾਡਾ ਵਾਹਨ ਰੇਲਮਾਰਗ ਦੀਆਂ ਪਟੜੀਆਂ 'ਤੇ ਫਸ ਜਾਂਦਾ ਹੈ?,,ਗੱਡੀ ਵਿੱਚ ਹੀ ਰਹੋ।,ਵਾਹਨ ਤੋਂ ਬਾਹਰ ਨਿਕਲੋ ਅਤੇ ਸਹਾਇਤਾ ਲਈ ਕਾਲ ਕਰੋ।,ਆਪਣੇ ਵਾਹਨ ਨੂੰ ਪਟੜੀ ਤੋਂ ਉਤਾਰਨ ਦੀ ਕੋਸ਼ਿਸ਼ ਜਾਰੀ ਰੱਖੋ ਜਦੋਂ ਤੱਕ ਤੁਸੀਂ ਸਫਲ ਨਹੀਂ ਹੋ ਜਾਂਦੇ।,,B,"ਜੇਕਰ ਤੁਹਾਡੀ CMV ਰੇਲਮਾਰਗ ਦੀਆਂ ਪਟੜੀਆਂ 'ਤੇ ਫਸ ਜਾਂਦੀ ਹੈ, ਤਾਂ ਤੁਹਾਨੂੰ ਤੁਰੰਤ ਵਾਹਨ ਨੂੰ ਛੱਡ ਦੇਣਾ ਚਾਹੀਦਾ ਹੈ ਅਤੇ ਪਟੜੀਆਂ ਤੋਂ ਦੂਰ ਜਾਣਾ ਚਾਹੀਦਾ ਹੈ। ਐਮਰਜੈਂਸੀ ਸੰਪਰਕ ਜਾਣਕਾਰੀ ਲਈ ਕਰਾਸਿੰਗ 'ਤੇ ਸਾਈਨਪੋਸਟਾਂ ਜਾਂ ਸਿਗਨਲ ਹਾਊਸਿੰਗ ਦੀ ਜਾਂਚ ਕਰੋ ਅਤੇ 911, ਜਾਂ ਕਿਸੇ ਹੋਰ ਉਚਿਤ ਐਮਰਜੈਂਸੀ ਨੰਬਰ 'ਤੇ ਕਾਲ ਕਰੋ।"
11707,"ਜੇਕਰ ਤੁਸੀਂ ਡਰਾਈਵਿੰਗ ਕਰਦੇ ਸਮੇਂ ਘੱਟ ਦਬਾਅ ਚੇਤਾਵਨੀ ਸਿਗਨਲ ਸਰਗਰਮ ਹੋ ਜਾਂਦਾ ਹੈ, ਤਾਂ ਤੁਹਾਨੂੰ ਇਹ ਕਰਨਾ ਚਾਹੀਦਾ ਹੈ:",,ਆਮ ਤੌਰ 'ਤੇ ਗੱਡੀ ਚਲਾਉਣਾ ਜਾਰੀ ਰੱਖੋ।,ਸੜਕ ਤੋਂ ਬਾਹਰ ਨਿਕਲੋ ਅਤੇ ਜਿੰਨੀ ਜਲਦੀ ਹੋ ਸਕੇ ਸੁਰੱਖਿਅਤ ਢੰਗ ਨਾਲ ਪਾਰਕ ਕਰੋ।,ਜਿੱਥੇ ਤੁਸੀਂ ਹੋ ਉੱਥੇ ਰੁਕੋ ਅਤੇ ਪਾਰਕ ਕਰੋ।,,B,"ਜੇਕਰ ਤੁਸੀਂ ਗੱਡੀ ਚਲਾ ਰਹੇ ਹੋ ਤਾਂ ਘੱਟ ਦਬਾਅ ਦਾ ਚੇਤਾਵਨੀ ਸਿਗਨਲ ਕਿਰਿਆਸ਼ੀਲ ਹੋ ਜਾਂਦਾ ਹੈ, ਇਹ ਮਹੱਤਵਪੂਰਨ ਹੈ ਕਿ ਤੁਸੀਂ ਜਿੰਨੀ ਜਲਦੀ ਹੋ ਸਕੇ ਸੜਕ ਤੋਂ ਸੁਰੱਖਿਅਤ ਢੰਗ ਨਾਲ ਬਾਹਰ ਨਿਕਲੋ ਅਤੇ ਆਪਣਾ ਵਾਹਨ ਪਾਰਕ ਕਰੋ। ਜੇਕਰ ਹਵਾ ਦਾ ਦਬਾਅ ਬਹੁਤ ਘੱਟ ਹੋ ਜਾਂਦਾ ਹੈ, ਤਾਂ ਬ੍ਰੇਕ ਹੁਣ ਤੁਹਾਡੇ ਲਈ ਸੁਰੱਖਿਅਤ ਢੰਗ ਨਾਲ ਰੁਕਣ ਲਈ ਇੰਨੇ ਵਧੀਆ ਕੰਮ ਨਹੀਂ ਕਰਨਗੇ।"
8523,"ਜੇਕਰ ਤੁਹਾਨੂੰ ਡ੍ਰਾਈਵਰ ਸਾਈਡ ਬੈਕਿੰਗ ਦੀ ਵਰਤੋਂ ਕਰਦੇ ਹੋਏ, ਉਲਟਾ ਗੱਡੀ ਚਲਾਉਣੀ ਚਾਹੀਦੀ ਹੈ:",,ਹਮੇਸ਼ਾ ਉਤਸ਼ਾਹਿਤ ਕੀਤਾ ਜਾਂਦਾ ਹੈ।,ਨਿਰਾਸ਼ ਕੀਤਾ ਜਾਂਦਾ ਹੈ।,ਸਿਰਫ ਤਾਂ ਹੀ ਸਿਫਾਰਸ਼ ਕੀਤੀ ਜਾਂਦੀ ਹੈ ਜੇਕਰ ਬਾਰਸ਼ ਹੋ ਰਹੀ ਹੈ.,,A,"ਜੇਕਰ ਤੁਹਾਨੂੰ ਬੈਕਅੱਪ ਲੈਣਾ ਚਾਹੀਦਾ ਹੈ, ਤਾਂ ਵਾਹਨ ਦੇ ਡਰਾਈਵਰ ਵਾਲੇ ਪਾਸੇ ਵੱਲ ਵਾਪਸ ਜਾਣਾ ਸਭ ਤੋਂ ਸੁਰੱਖਿਅਤ ਹੈ। ਇਸ ਤਰ੍ਹਾਂ, ਡਰਾਈਵਰ ਦੇ ਤੌਰ 'ਤੇ, ਤੁਹਾਡੇ ਕੋਲ ਯਾਤਰਾ ਦੇ ਆਪਣੇ ਮਾਰਗ ਦਾ ਸਭ ਤੋਂ ਵਧੀਆ ਸੰਭਵ ਦ੍ਰਿਸ਼ ਹੋਵੇਗਾ।"
9573,ਰੀਗਰੂਵਡ ਟਾਇਰ ਹਨ:,,ਸਿਰਫ਼ ਬੱਸ ਦੇ ਮੂਹਰਲੇ ਪਾਸੇ ਦੀ ਇਜਾਜ਼ਤ ਹੈ।,ਬੱਸ ਦੇ ਪਿਛਲੇ ਪਾਸੇ ਹੀ ਆਗਿਆ ਹੈ।,ਬੱਸ 'ਤੇ ਕਿਤੇ ਵੀ ਇਜਾਜ਼ਤ ਨਹੀਂ ਹੈ।,,B,"ਬੱਸ ਦੇ ਮੂਹਰਲੇ ਪਾਸੇ ਮੁੜ-ਗਰੋਵਡ, ਰੀਕੈਪਡ ਜਾਂ ਰੀਟੇਡ ਕੀਤੇ ਟਾਇਰਾਂ ਦੀ ਵਰਤੋਂ ਕਰਨ ਦੀ ਇਜਾਜ਼ਤ ਨਹੀਂ ਹੈ।"
9890,ਬ੍ਰੇਕਾਂ ਨੂੰ ਕੰਮ ਕਰਨ ਲਈ ਏਅਰ ਬ੍ਰੇਕ ਕੀ ਵਰਤਦੇ ਹਨ?,,ਕੰਪਰੈੱਸਡ ਹਵਾ,ਬਾਹਰੀ ਹਵਾ,ਗੈਰ-ਸੰਕੁਚਿਤ ਹਵਾ,,A,ਬਹੁਤ ਸਾਰੇ ਵੱਡੇ CMV ਏਅਰ ਬ੍ਰੇਕ ਨਾਲ ਲੈਸ ਹਨ. ਇੱਕ ਏਅਰ ਬ੍ਰੇਕਿੰਗ ਸਿਸਟਮ ਕੰਮ ਕਰਨ ਲਈ ਕੰਪਰੈੱਸਡ ਹਵਾ ਦੀ ਵਰਤੋਂ ਕਰਦਾ ਹੈ।
11356,"ਵਾਹਨ ਨਿਰੀਖਣ ਟੈਸਟ ਦੇ ਹਿੱਸੇ ਵਜੋਂ, ਤੁਹਾਨੂੰ ਇਹ ਕਰਨ ਲਈ ਕਿਹਾ ਜਾਵੇਗਾ:",,ਦੱਸੋ ਕਿ ਤੁਸੀਂ ਕਿਸ ਚੀਜ਼ ਦੀ ਜਾਂਚ ਕਰੋਗੇ ਅਤੇ ਕਿਉਂ।,ਇੱਕ ਇਲੈਕਟ੍ਰੀਕਲ ਫਿਊਜ਼ ਨੂੰ ਬਦਲੋ.,ਟ੍ਰੇਲਰ ਨੂੰ ਅਨਲੋਡ ਕਰੋ।,,A,"ਵਾਹਨ ਨਿਰੀਖਣ ਟੈਸਟ ਦੇ ਦੌਰਾਨ, ਤੁਹਾਨੂੰ ਆਪਣੇ ਵਾਹਨ ਦੀ ਪੂਰੀ ਜਾਂਚ ਕਰਨ ਦੀ ਲੋੜ ਹੋਵੇਗੀ। ਇਸ ਨਿਰੀਖਣ ਦੌਰਾਨ, ਤੁਹਾਨੂੰ ਪਰੀਖਿਅਕ ਨੂੰ ਇਹ ਦੱਸਣਾ ਚਾਹੀਦਾ ਹੈ ਕਿ ਤੁਸੀਂ ਕੀ ਨਿਰੀਖਣ ਕਰ ਰਹੇ ਹੋ ਅਤੇ ਤੁਸੀਂ ਉਹਨਾਂ ਚੀਜ਼ਾਂ ਦਾ ਨਿਰੀਖਣ ਕਿਉਂ ਕਰ ਰਹੇ ਹੋ।"
9228,ਜੇਕਰ ਤੁਸੀਂ ਗੱਡੀ ਚਲਾਉਣ ਤੋਂ ਅਯੋਗ ਹੋ:,,ਤੁਹਾਡੇ ਰੁਜ਼ਗਾਰਦਾਤਾ ਨੂੰ ਰਾਜ ਦੁਆਰਾ ਸੂਚਿਤ ਕੀਤਾ ਜਾਵੇਗਾ।,ਤੁਹਾਨੂੰ ਦੋ ਕਾਰੋਬਾਰੀ ਦਿਨਾਂ ਦੇ ਅੰਦਰ ਆਪਣੇ ਮਾਲਕ ਨੂੰ ਸੂਚਿਤ ਕਰਨਾ ਚਾਹੀਦਾ ਹੈ।,ਤੁਹਾਨੂੰ ਇੱਕ ਮਹੀਨੇ ਦੇ ਅੰਦਰ ਆਪਣੇ ਮਾਲਕ ਨੂੰ ਸੂਚਿਤ ਕਰਨਾ ਚਾਹੀਦਾ ਹੈ।,,B,"ਜੇਕਰ ਤੁਹਾਡਾ ਲਾਇਸੰਸ ਮੁਅੱਤਲ, ਰੱਦ, ਜਾਂ ਰੱਦ ਕੀਤਾ ਗਿਆ ਹੈ, ਜਾਂ ਜੇਕਰ ਤੁਹਾਨੂੰ ਡਰਾਈਵਿੰਗ ਤੋਂ ਅਯੋਗ ਕਰ ਦਿੱਤਾ ਗਿਆ ਹੈ, ਤਾਂ ਤੁਹਾਨੂੰ ਦੋ ਕਾਰੋਬਾਰੀ ਦਿਨਾਂ ਦੇ ਅੰਦਰ ਆਪਣੇ ਮਾਲਕ ਨੂੰ ਸੂਚਿਤ ਕਰਨਾ ਚਾਹੀਦਾ ਹੈ।"
8590,"ਜੇਕਰ ਤੁਹਾਡੇ ਵਾਹਨ ਵਿੱਚ ਅੱਗ ਲੱਗ ਜਾਂਦੀ ਹੈ, ਤਾਂ ਤੁਹਾਨੂੰ ਇਹ ਨਹੀਂ ਕਰਨਾ ਚਾਹੀਦਾ:",,"ਇਮਾਰਤਾਂ, ਰੁੱਖਾਂ, ਬੁਰਸ਼ ਅਤੇ ਹੋਰ ਵਾਹਨਾਂ ਤੋਂ ਦੂਰ ਕਿਸੇ ਖੇਤਰ ਵਿੱਚ ਪਾਰਕ ਕਰੋ।",ਇੱਕ ਸਰਵਿਸ ਸਟੇਸ਼ਨ ਵਿੱਚ ਖਿੱਚੋ.,ਆਪਣੀ ਸਮੱਸਿਆ ਅਤੇ ਤੁਹਾਡੇ ਸਥਾਨ ਬਾਰੇ ਐਮਰਜੈਂਸੀ ਸੇਵਾਵਾਂ ਨੂੰ ਸੂਚਿਤ ਕਰੋ।,,B,"ਵਾਹਨ ਨੂੰ ਅੱਗ ਲੱਗਣ ਦੀ ਸਥਿਤੀ ਵਿੱਚ, ਤੁਹਾਨੂੰ ਸੜਕ ਛੱਡ ਕੇ ਇੱਕ ਖੁੱਲੇ ਖੇਤਰ ਵਿੱਚ ਰੁਕਣਾ ਚਾਹੀਦਾ ਹੈ। ਸਰਵਿਸ ਸਟੇਸ਼ਨ ਵਿੱਚ ਨਾ ਖਿੱਚੋ ਕਿਉਂਕਿ ਸਰਵਿਸ ਸਟੇਸ਼ਨ 'ਤੇ ਈਂਧਨ ਅੱਗ ਫੜ ਸਕਦਾ ਹੈ। ਅੱਗ ਅਤੇ ਆਪਣੇ ਸਥਾਨ ਦੀ ਐਮਰਜੈਂਸੀ ਸੇਵਾਵਾਂ ਨੂੰ ਰਿਪੋਰਟ ਕਰੋ।"
9441,ਰਾਤ ਨੂੰ ਗੱਡੀ ਚਲਾਉਣਾ ਹੈ:,,ਦਿਨ ਦੇ ਦੌਰਾਨ ਡਰਾਈਵਿੰਗ ਨਾਲੋਂ ਸੁਰੱਖਿਅਤ।,ਦਿਨ ਵੇਲੇ ਡ੍ਰਾਈਵਿੰਗ ਜਿੰਨਾ ਸੁਰੱਖਿਅਤ ਹੈ।,ਦਿਨ ਵੇਲੇ ਡ੍ਰਾਈਵਿੰਗ ਕਰਨ ਨਾਲੋਂ ਜ਼ਿਆਦਾ ਖਤਰਨਾਕ ਹੈ।,,C,ਰਾਤ ਨੂੰ ਡ੍ਰਾਈਵਿੰਗ ਕਰਨਾ ਦਿਨ ਦੇ ਸਮੇਂ ਡਰਾਈਵਿੰਗ ਨਾਲੋਂ ਜ਼ਿਆਦਾ ਖਤਰਨਾਕ ਹੈ ਕਿਉਂਕਿ ਖ਼ਤਰੇ ਹਨੇਰੇ ਵਿੱਚ ਦੇਖਣਾ ਵਧੇਰੇ ਮੁਸ਼ਕਲ ਹੋ ਜਾਂਦਾ ਹੈ।
8572,"ਖ਼ਤਰੇ ਤੋਂ ਬਚਣ ਲਈ, ਤੁਸੀਂ:",,ਹਮੇਸ਼ਾ ਇੱਕ ਮੁਕੰਮਲ ਰੋਕ 'ਤੇ ਆਉਣਾ ਚਾਹੀਦਾ ਹੈ.,ਤੁਹਾਡੇ ਵਾਹਨ ਨੂੰ ਰਸਤੇ ਤੋਂ ਦੂਰ ਕਰਨ ਦੀ ਲੋੜ ਹੋ ਸਕਦੀ ਹੈ।,ਬਿਨਾਂ ਦੇਖੇ ਲੇਨ ਬਦਲ ਦੇਣੀ ਚਾਹੀਦੀ ਹੈ।,,B,"ਖ਼ਤਰੇ ਤੋਂ ਬਚਣ ਲਈ ਰੁਕਣਾ ਹਮੇਸ਼ਾ ਸਭ ਤੋਂ ਵਧੀਆ ਤਰੀਕਾ ਨਹੀਂ ਹੁੰਦਾ। ਜੇਕਰ ਤੁਹਾਡੇ ਕੋਲ ਖਤਰੇ ਦੇ ਸੰਪਰਕ ਵਿੱਚ ਆਉਣ ਤੋਂ ਬਚਣ ਲਈ ਰੁਕਣ ਲਈ ਲੋੜੀਂਦੀ ਜਗ੍ਹਾ ਨਹੀਂ ਹੈ, ਤਾਂ ਰਸਤੇ ਤੋਂ ਹਟਣਾ ਤੁਹਾਡਾ ਸਭ ਤੋਂ ਸੁਰੱਖਿਅਤ ਵਿਕਲਪ ਹੋ ਸਕਦਾ ਹੈ।"
9876,"ਧੁੰਦ ਵਿੱਚ ਗੱਡੀ ਚਲਾਉਣ ਵੇਲੇ, ਤੁਹਾਨੂੰ ਇਹ ਕਰਨਾ ਚਾਹੀਦਾ ਹੈ:",,ਰਫ਼ਤਾਰ ਹੌਲੀ.,ਤੇਜ਼ ਕਰੋ।,ਮੋਢੇ 'ਤੇ ਗੱਡੀ.,,A,"ਧੁੰਦ ਵਿੱਚ ਗੱਡੀ ਚਲਾਉਣ ਤੋਂ ਪਰਹੇਜ਼ ਕਰਨਾ ਸਭ ਤੋਂ ਵਧੀਆ ਹੈ। ਹਾਲਾਂਕਿ, ਜੇਕਰ ਤੁਹਾਨੂੰ ਧੁੰਦ ਵਾਲੀਆਂ ਸਥਿਤੀਆਂ ਵਿੱਚ ਗੱਡੀ ਚਲਾਉਣੀ ਚਾਹੀਦੀ ਹੈ, ਤਾਂ ਆਪਣੀ ਗਤੀ ਨੂੰ ਘਟਾਉਣਾ ਯਕੀਨੀ ਬਣਾਓ।"
8552,ਡ੍ਰਾਈਵਿੰਗ ਕਰਦੇ ਸਮੇਂ ਸੈਲ ਫ਼ੋਨ 'ਤੇ ਗੱਲ ਕਰਨਾ ਡ੍ਰਾਈਵਿੰਗ ਦੇ ਕੰਮ ਤੋਂ ਲਗਭਗ ____ ਵਿਅਕਤੀ ਦਾ ਧਿਆਨ ਹਟਾ ਦਿੰਦਾ ਹੈ।,,10 ਪ੍ਰਤੀਸ਼ਤ,39 ਫੀਸਦੀ,82 ਫੀਸਦੀ ਹੈ,,B,ਵਿਚਲਿਤ ਡਰਾਈਵਿੰਗ ਹਮੇਸ਼ਾ ਖ਼ਤਰਨਾਕ ਹੁੰਦੀ ਹੈ। ਸੈਲ ਫ਼ੋਨ 'ਤੇ ਗੱਲ ਕਰਨ ਨਾਲ ਵਿਅਕਤੀ ਦੀ ਮਾਨਸਿਕ ਊਰਜਾ ਦਾ ਲਗਭਗ 39 ਪ੍ਰਤੀਸ਼ਤ ਹਿੱਸਾ ਖੋਹ ਲਿਆ ਜਾਂਦਾ ਹੈ ਜੋ ਕਿ ਨਹੀਂ ਤਾਂ ਡਰਾਈਵਿੰਗ ਲਈ ਸਮਰਪਿਤ ਹੋਵੇਗਾ।
8636,ਏਅਰ-ਬ੍ਰੇਕ ਵਾਲੇ ਵਾਹਨਾਂ ਵਾਲੇ ਸਾਰੇ ਏਅਰ ਟੈਂਕਾਂ 'ਤੇ ਕੀ ਹੋਣਾ ਚਾਹੀਦਾ ਹੈ?,,ਇੱਕ ਚੈੱਕ ਵਾਲਵ,ਇੱਕ ਤਾਲਾ,ਇੱਕ ਜਾਲ ਦਾ ਦਰਵਾਜ਼ਾ,,A,ਏਅਰ-ਬ੍ਰੇਕ ਵਾਲੇ ਵਾਹਨਾਂ ਦੀਆਂ ਸਾਰੀਆਂ ਏਅਰ ਟੈਂਕਾਂ ਵਿੱਚ ਏਅਰ ਕੰਪ੍ਰੈਸਰ ਅਤੇ ਪਹਿਲੇ ਭੰਡਾਰ ਦੇ ਵਿਚਕਾਰ ਸਥਿਤ ਇੱਕ ਚੈੱਕ ਵਾਲਵ ਹੋਣਾ ਚਾਹੀਦਾ ਹੈ। ਵਾਲਵ ਹਵਾ ਨੂੰ ਸਿਰਫ਼ ਇੱਕ ਦਿਸ਼ਾ ਵਿੱਚ ਵਹਿਣ ਦੀ ਇਜਾਜ਼ਤ ਦਿੰਦਾ ਹੈ ਅਤੇ ਜੇਕਰ ਕੰਪ੍ਰੈਸਰ ਵਿੱਚ ਲੀਕ ਹੋ ਜਾਂਦੀ ਹੈ ਤਾਂ ਹਵਾ ਨੂੰ ਏਅਰ ਕੰਪ੍ਰੈਸਰ ਨੂੰ ਛੱਡਣ ਤੋਂ ਰੋਕਣ ਵਿੱਚ ਮਦਦ ਕਰਦਾ ਹੈ।
9593,"ਲੇਨ ਬਦਲਦੇ ਸਮੇਂ, ਮੋੜ ਸਿਗਨਲ:",,ਦੀ ਵਰਤੋਂ ਨਹੀਂ ਕਰਨੀ ਚਾਹੀਦੀ।,ਜੇਕਰ ਕੋਈ ਵਾਹਨ ਤੁਹਾਡੇ ਨੇੜੇ ਹੋਵੇ ਤਾਂ ਹੀ ਵਰਤਿਆ ਜਾਣਾ ਚਾਹੀਦਾ ਹੈ।,ਹਰ ਵਾਰ ਵਰਤਿਆ ਜਾਣਾ ਚਾਹੀਦਾ ਹੈ.,,C,ਲੇਨਾਂ ਨੂੰ ਮੋੜਨ ਜਾਂ ਬਦਲਣ ਤੋਂ ਪਹਿਲਾਂ ਹਮੇਸ਼ਾ ਆਪਣੇ ਇਰਾਦਿਆਂ ਦਾ ਸੰਕੇਤ ਦਿਓ। ਇਹ ਨਾ ਸੋਚੋ ਕਿ ਦੂਜੇ ਡ੍ਰਾਈਵਰ ਤੁਹਾਡੇ ਰਸਤੇ ਤੋਂ ਹਟ ਜਾਣਗੇ ਕਿਉਂਕਿ ਤੁਸੀਂ ਮੁੜਨ ਦਾ ਸੰਕੇਤ ਦੇ ਰਹੇ ਹੋ।
8585,ਜੇਕਰ ਤੁਹਾਡੇ ਵਾਹਨ ਦਾ ABS ਕੰਮ ਨਹੀਂ ਕਰ ਰਿਹਾ ਹੈ ਤਾਂ ਤੁਹਾਨੂੰ ਬ੍ਰੇਕ ਕਿਵੇਂ ਲਗਾਉਣੀ ਚਾਹੀਦੀ ਹੈ?,,"ਆਮ ਤੌਰ 'ਤੇ ਬ੍ਰੇਕ ਕਰੋ, ਕਿਉਂਕਿ ਤੁਹਾਡੇ ਕੋਲ ਅਜੇ ਵੀ ਕੰਮ ਕਰਨ ਵਾਲੇ ਬ੍ਰੇਕ ਹੋਣਗੇ।",ਬ੍ਰੇਕ ਨੂੰ ਵਾਰ-ਵਾਰ ਪੰਪ ਕਰੋ।,ਬ੍ਰੇਕ ਪੈਡਲ ਨੂੰ ਜਿੰਨਾ ਹੋ ਸਕੇ ਹੇਠਾਂ ਦਬਾਓ।,,A,"ਕਾਰਜਸ਼ੀਲ ਐਂਟੀ-ਲਾਕ ਬ੍ਰੇਕਿੰਗ ਸਿਸਟਮ (ABS) ਤੋਂ ਬਿਨਾਂ, ਤੁਹਾਡੇ ਵਾਹਨ ਵਿੱਚ ਅਜੇ ਵੀ ਆਮ ਬ੍ਰੇਕ ਫੰਕਸ਼ਨ ਰਹੇਗਾ। ਡ੍ਰਾਈਵ ਕਰਨਾ ਅਤੇ ਬ੍ਰੇਕ ਕਰਨਾ ਜਾਰੀ ਰੱਖੋ ਜਿਵੇਂ ਤੁਸੀਂ ਆਮ ਤੌਰ 'ਤੇ ਕਰਦੇ ਹੋ ਅਤੇ ਜਿੰਨੀ ਜਲਦੀ ਹੋ ਸਕੇ ਆਪਣੇ ABS ਦੀ ਸਰਵਿਸ ਕਰਵਾਓ।"
11883,"ਇੱਕ ਨਿਰੀਖਣ ਦੌਰਾਨ, S-cam ਬ੍ਰੇਕਾਂ 'ਤੇ ਢਿੱਲੇ ਐਡਜਸਟਰਾਂ ਨੂੰ ਇਸ ਤੋਂ ਵੱਧ ਨਹੀਂ ਹਿੱਲਣਾ ਚਾਹੀਦਾ:",,ਇੱਕ ਪੈਰ.,ਇੱਕ ਸੈਂਟੀਮੀਟਰ।,ਇੱਕ ਇੰਚ.,,C,"ਪੱਧਰੀ ਜ਼ਮੀਨ 'ਤੇ ਪਾਰਕਿੰਗ ਕਰਨ, ਵ੍ਹੀਲ ਚੋਕਸ ਲਗਾਉਣ, ਅਤੇ ਪਾਰਕਿੰਗ ਬ੍ਰੇਕ ਨੂੰ ਬੰਦ ਕਰਨ ਤੋਂ ਬਾਅਦ ਹਰੇਕ ਸਲੈਕ ਐਡਜਸਟਰ ਦੀ ਜਾਂਚ ਕਰੋ। ਇਹ ਯਕੀਨੀ ਬਣਾਉਣ ਲਈ ਸਲੈਕ ਐਡਜਸਟਰਾਂ ਨੂੰ ਖਿੱਚੋ ਕਿ ਉਹ ਲਗਭਗ ਇੱਕ ਇੰਚ ਤੋਂ ਵੱਧ ਨਾ ਜਾਣ ਜਿੱਥੋਂ ਪੁਸ਼ ਰਾਡ ਜੁੜਿਆ ਹੋਵੇ। ਜੇ ਉਹ ਇੱਕ ਇੰਚ ਤੋਂ ਵੱਧ ਜਾਂਦੇ ਹਨ, ਤਾਂ ਉਹ ਸਮਾਯੋਜਨ ਤੋਂ ਬਾਹਰ ਹੋ ਸਕਦੇ ਹਨ ਅਤੇ ਉਹਨਾਂ ਨੂੰ ਠੀਕ ਕਰਨ ਦੀ ਲੋੜ ਹੋਵੇਗੀ।"
9578,"ਆਪਣੇ ਵਾਹਨ ਨੂੰ ਚਾਲੂ ਕਰਦੇ ਸਮੇਂ, ਕੂਲੈਂਟ ਦਾ ਤਾਪਮਾਨ ਇਹ ਹੋਣਾ ਚਾਹੀਦਾ ਹੈ:",,ਤਬਦੀਲੀ ਨਹੀਂ।,ਹੌਲੀ-ਹੌਲੀ ਵਧਾਓ।,ਤੇਜ਼ੀ ਨਾਲ ਨੀਵੇਂ ਤੋਂ ਉੱਚੇ ਵੱਲ ਛਾਲ ਮਾਰੋ।,,B,"ਯਾਤਰਾ ਸ਼ੁਰੂ ਕਰਨ ਤੋਂ ਪਹਿਲਾਂ ਆਪਣੇ ਵਾਹਨ ਵਿੱਚ ਗੇਜ ਦੇਖੋ। ਤੁਹਾਡੇ ਵਾਹਨ ਦੇ ਇੰਜਣ ਨੂੰ ਚਾਲੂ ਕਰਨ ਤੋਂ ਬਾਅਦ, ਕੂਲੈਂਟ ਦਾ ਤਾਪਮਾਨ ਆਮ ਓਪਰੇਟਿੰਗ ਰੇਂਜ ਵਿੱਚ ਹੌਲੀ-ਹੌਲੀ ਵਧਣਾ ਸ਼ੁਰੂ ਹੋ ਜਾਣਾ ਚਾਹੀਦਾ ਹੈ।"
11320,ਕੁਝ ਏਅਰ ਬ੍ਰੇਕ ਸਿਸਟਮ ਸਿਸਟਮ ਵਿੱਚ ਅਲਕੋਹਲ ਪੇਸ਼ ਕਰਦੇ ਹਨ:,,ਬ੍ਰੇਕਾਂ ਨੂੰ ਬਿਨਾਂ ਚੀਕਦੇ ਕੰਮ ਕਰੋ।,ਬਰੇਕ ਸਿਸਟਮ ਵਿੱਚ ਬਰਫ਼ ਨੂੰ ਬਣਨ ਤੋਂ ਰੋਕੋ।,ਲੋਕਾਂ ਨੂੰ ਸਿਸਟਮ ਤੋਂ ਹਵਾ ਸਾਹ ਲੈਣ ਤੋਂ ਰੋਕੋ।,,B,ਕੁਝ ਏਅਰ ਬ੍ਰੇਕ ਪ੍ਰਣਾਲੀਆਂ ਵਿੱਚ ਇੱਕ ਅਲਕੋਹਲ ਵਾਸ਼ਪੀਕਰਨ ਹੁੰਦਾ ਹੈ। ਠੰਡੇ ਮੌਸਮ ਵਿੱਚ ਬਰਫ਼ ਦੇ ਗਠਨ ਨੂੰ ਰੋਕਣ ਵਿੱਚ ਮਦਦ ਕਰਨ ਲਈ ਇੱਕ ਵਾਸ਼ਪੀਕਰਨ ਸਿਸਟਮ ਵਿੱਚ ਅਲਕੋਹਲ ਨੂੰ ਪੇਸ਼ ਕਰਦਾ ਹੈ।
11342,"ਜੇਕਰ ਤੁਸੀਂ ਡਰਾਈਵਿੰਗ ਟੈਸਟ ਦੇ ਰਹੇ ਹੋ ਅਤੇ ਰੂਟ ਵਿੱਚ ਰੇਲਮਾਰਗ ਕਰਾਸਿੰਗ ਸ਼ਾਮਲ ਨਹੀਂ ਹੈ, ਤਾਂ ਤੁਸੀਂ:",,ਕਰਾਸਿੰਗ ਨਾਲ ਸਬੰਧਤ ਕੁਝ ਨਹੀਂ ਕਰਨਾ ਪਵੇਗਾ।,ਤੁਹਾਨੂੰ ਇਹ ਦੱਸਣਾ ਪੈ ਸਕਦਾ ਹੈ ਕਿ ਤੁਸੀਂ ਰੇਲਮਾਰਗ ਦੀਆਂ ਪਟੜੀਆਂ ਨੂੰ ਕਿਵੇਂ ਪਾਰ ਕਰੋਗੇ।,ਕੋਈ ਵੱਖਰਾ ਰਸਤਾ ਲੈਣਾ ਪਵੇਗਾ।,,B,"ਆਨ-ਰੋਡ ਡਰਾਈਵਿੰਗ ਟੈਸਟ ਦੇ ਦੌਰਾਨ, ਜੇਕਰ ਤੁਹਾਡੇ ਰੂਟ ਵਿੱਚ ਰੇਲਮਾਰਗ ਕ੍ਰਾਸਿੰਗ ਸ਼ਾਮਲ ਨਹੀਂ ਹੈ, ਤਾਂ ਪਰੀਖਿਅਕ ਤੁਹਾਨੂੰ ਸਿਮੂਲੇਟਡ ਸਥਾਨ 'ਤੇ ਲੋੜੀਂਦੀਆਂ ਪ੍ਰਕਿਰਿਆਵਾਂ ਦੀ ਵਿਆਖਿਆ ਕਰਨ ਅਤੇ ਪ੍ਰਦਰਸ਼ਿਤ ਕਰਨ ਲਈ ਕਹਿ ਸਕਦਾ ਹੈ।"
9420,ਹਰ ਵਾਰ ਪੂਰਵ-ਯਾਤਰਾ ਨਿਰੀਖਣ ਦੇ ਕਦਮਾਂ ਨੂੰ ਹਮੇਸ਼ਾ ਉਸੇ ਕ੍ਰਮ ਵਿੱਚ ਕਰੋ ਕਿਉਂਕਿ:,,ਤੁਹਾਨੂੰ ਕੁਝ ਭੁੱਲਣ ਦੀ ਸੰਭਾਵਨਾ ਘੱਟ ਹੋਵੇਗੀ।,ਤੁਹਾਡੇ ਕੋਲ ਨਿਰੀਖਣ ਪੂਰਾ ਕਰਨ ਲਈ ਹੋਰ ਸਮਾਂ ਹੋਵੇਗਾ।,ਇਹ ਕਾਨੂੰਨ ਦੁਆਰਾ ਲੋੜੀਂਦਾ ਹੈ.,,A,"ਹਰ ਯਾਤਰਾ ਤੋਂ ਪਹਿਲਾਂ ਵਾਹਨ ਦੇ ਨਿਰੀਖਣ ਦੇ ਕਦਮਾਂ ਨੂੰ ਉਸੇ ਕ੍ਰਮ ਵਿੱਚ ਪੂਰਾ ਕਰਨਾ ਇਹ ਸਿੱਖਣ ਵਿੱਚ ਸਹਾਇਤਾ ਕਰਦਾ ਹੈ ਕਿ ਸਹੀ ਕਦਮ ਕੀ ਹਨ। ਇਸ ਤੋਂ ਇਲਾਵਾ, ਇੱਕ ਨਿਰਧਾਰਤ ਕ੍ਰਮ ਵਿੱਚ ਚੈਕਲਿਸਟ ਵਿੱਚੋਂ ਲੰਘਦੇ ਸਮੇਂ ਤੁਹਾਡੇ ਇੱਕ ਕਦਮ ਨੂੰ ਭੁੱਲਣ ਦੀ ਸੰਭਾਵਨਾ ਘੱਟ ਹੋਵੇਗੀ।"
8582,"ਜੇਕਰ ਟਾਇਰ ਫੇਲ ਹੋ ਜਾਂਦਾ ਹੈ, ਤਾਂ ਤੁਹਾਨੂੰ ਇਹ ਕਰਨਾ ਚਾਹੀਦਾ ਹੈ:",,ਬ੍ਰੇਕਾਂ ਦੀ ਵਰਤੋਂ ਕਰੋ.,ਬਰੇਕਾਂ ਤੋਂ ਦੂਰ ਰਹੋ।,ਸਵਰਵ.,,B,"ਟਾਇਰ ਦੇ ਫੇਲ ਹੋਣ ਤੋਂ ਬਾਅਦ ਬ੍ਰੇਕ ਲਗਾਉਣ ਨਾਲ ਕੰਟਰੋਲ ਖਤਮ ਹੋ ਸਕਦਾ ਹੈ। ਜੇ ਸੰਭਵ ਹੋਵੇ ਤਾਂ ਆਪਣੀਆਂ ਬ੍ਰੇਕਾਂ ਬੰਦ ਰੱਖੋ, ਜਦੋਂ ਤੱਕ ਤੁਹਾਡਾ ਵਾਹਨ ਕਾਫ਼ੀ ਹੌਲੀ ਨਾ ਹੋ ਜਾਵੇ।"
11465,"ਇੱਕ ਲਾਗੂ ਲੀਕੇਜ ਟੈਸਟ ਦੇ ਦੌਰਾਨ, ਇੱਕ ਡਬਲ ਮਿਸ਼ਰਨ ਵਾਹਨ ਲਈ ਵੱਧ ਤੋਂ ਵੱਧ ਲੀਕੇਜ ਦਰ ਹੈ:",,ਇੱਕ ਮਿੰਟ ਵਿੱਚ 10 psi.,ਇੱਕ ਮਿੰਟ ਵਿੱਚ 8 ਪੀ.ਐਸ.ਆਈ.,ਇੱਕ ਮਿੰਟ ਵਿੱਚ 6 ਪੀ.ਐਸ.ਆਈ.,ਇੱਕ ਮਿੰਟ ਵਿੱਚ 4 ਪੀ.ਐਸ.ਆਈ.,D,ਤੁਹਾਡੇ ਖਾਸ ਵਾਹਨ ਲਈ ਵੱਧ ਤੋਂ ਵੱਧ ਹਵਾ ਦੇ ਨੁਕਸਾਨ ਦੀ ਦਰ ਨੂੰ ਜਾਣਨਾ ਮਹੱਤਵਪੂਰਨ ਹੈ। ਇੱਕ ਲਾਗੂ ਲੀਕੇਜ ਟੈਸਟ ਦੌਰਾਨ ਇੱਕ ਡਬਲ ਕੰਬੀਨੇਸ਼ਨ ਵਾਹਨ ਦੀ ਲੀਕੇਜ ਦਰ ਇੱਕ ਮਿੰਟ ਵਿੱਚ 4 psi ਤੋਂ ਵੱਧ ਨਹੀਂ ਹੋਣੀ ਚਾਹੀਦੀ।
11338,"ਡਰਾਈਵਿੰਗ ਟੈਸਟ ਦੇ ਦੌਰਾਨ, ਪਰੀਖਿਅਕ ਤੁਹਾਨੂੰ ਇਸ 'ਤੇ ਸਕੋਰ ਦੇਵੇਗਾ:",,ਰਵੱਈਆ.,ਤੁਸੀਂ ਕਿੰਨੀ ਜਲਦੀ ਆਪਣੀ ਮੰਜ਼ਿਲ 'ਤੇ ਪਹੁੰਚਦੇ ਹੋ।,ਤੁਹਾਡਾ ਆਮ ਡਰਾਈਵਿੰਗ ਵਿਵਹਾਰ।,,C,"ਆਨ-ਰੋਡ ਡਰਾਈਵਿੰਗ ਟੈਸਟ ਦੇ ਦੌਰਾਨ, ਪਰੀਖਿਅਕ ਤੁਹਾਨੂੰ ਖਾਸ ਡਰਾਈਵਿੰਗ ਅਭਿਆਸਾਂ ਦੇ ਨਾਲ-ਨਾਲ ਤੁਹਾਡੇ ਆਮ ਡਰਾਈਵਿੰਗ ਵਿਵਹਾਰ 'ਤੇ ਸਕੋਰ ਦੇਵੇਗਾ।"
9276,"ਜੇਕਰ ਤੁਹਾਡੇ ਬ੍ਰੇਕ ਫੇਲ ਹੋ ਜਾਂਦੇ ਹਨ ਜਦੋਂ ਤੁਸੀਂ ਹੇਠਾਂ ਵੱਲ ਸਫ਼ਰ ਕਰ ਰਹੇ ਹੋ ਅਤੇ ਕੋਈ ਬਚਣ ਵਾਲਾ ਰੈਂਪ ਉਪਲਬਧ ਨਹੀਂ ਹੈ, ਤਾਂ ਤੁਹਾਨੂੰ ਇਹ ਕਰਨਾ ਚਾਹੀਦਾ ਹੈ:",,ਬ੍ਰੇਕਾਂ ਨੂੰ ਪੰਪ ਕਰਦੇ ਰਹੋ।,ਗੱਡੀ ਬੰਦ ਕਰ ਦਿਓ।,ਇੱਕ ਖੁੱਲ੍ਹੇ ਮੈਦਾਨ ਵਿੱਚ ਗੱਡੀ ਚਲਾਓ.,,C,"ਜੇ ਤੁਸੀਂ ਹੇਠਾਂ ਵੱਲ ਗੱਡੀ ਚਲਾ ਰਹੇ ਹੋ ਤਾਂ ਤੁਹਾਡੀਆਂ ਬ੍ਰੇਕਾਂ ਫੇਲ ਹੋ ਜਾਂਦੀਆਂ ਹਨ, ਤਾਂ ਤੁਹਾਨੂੰ ਪਹਿਲਾਂ ਆਪਣੇ ਵਾਹਨ ਨੂੰ ਰੋਕਣ ਲਈ ਇੱਕ ਬਚਣ ਵਾਲੇ ਰੈਂਪ ਦੀ ਭਾਲ ਕਰਨੀ ਚਾਹੀਦੀ ਹੈ। ਜੇਕਰ ਕੋਈ ਰੈਂਪ ਉਪਲਬਧ ਨਹੀਂ ਹੈ, ਤਾਂ ਤੁਹਾਨੂੰ ਆਪਣੇ ਵਾਹਨ ਨੂੰ ਸਟਾਪ 'ਤੇ ਲਿਆਉਣ ਲਈ ਇੱਕ ਵਿਕਲਪਿਕ ਜਗ੍ਹਾ ਦੀ ਭਾਲ ਕਰਨੀ ਚਾਹੀਦੀ ਹੈ, ਜਿਵੇਂ ਕਿ ਇੱਕ ਖੁੱਲ੍ਹਾ ਮੈਦਾਨ ਜਾਂ ਸਾਈਡ ਵਾਲੀ ਸੜਕ ਜੋ ਸਮਤਲ ਜਾਂ ਉੱਪਰ ਵੱਲ ਮੁੜਦੀ ਹੈ।"
8625,ਏਅਰ ਸਟੋਰੇਜ ਟੈਂਕ:,,ਇੱਕ ਬ੍ਰੇਕਿੰਗ ਚੱਕਰ ਲਈ ਸਿਰਫ ਲੋੜੀਂਦੀ ਹਵਾ ਰੱਖੋ।,ਜੇ ਕੰਪ੍ਰੈਸਰ ਕੰਮ ਕਰਨਾ ਬੰਦ ਕਰ ਦਿੰਦਾ ਹੈ ਤਾਂ ਬਰੇਕਾਂ ਨੂੰ ਕਈ ਵਾਰ ਵਰਤਣ ਲਈ ਲੋੜੀਂਦੀ ਹਵਾ ਰੱਖੋ।,ਜਦੋਂ ਤੱਕ ਕੋਈ ਐਮਰਜੈਂਸੀ ਨਾ ਹੋਵੇ ਉਦੋਂ ਤੱਕ ਹਵਾ ਨਾ ਰੱਖੋ।,,B,ਇੱਕ ਏਅਰ ਬ੍ਰੇਕ ਸਿਸਟਮ ਵਿੱਚ ਏਅਰ ਸਟੋਰੇਜ ਟੈਂਕ ਬ੍ਰੇਕਿੰਗ ਲਈ ਵਰਤੇ ਜਾਣ ਲਈ ਕੰਪਰੈੱਸਡ ਹਵਾ ਨੂੰ ਸਟੋਰ ਕਰਦੇ ਹਨ। ਜੇ ਕੰਪ੍ਰੈਸਰ ਕੰਮ ਕਰਨਾ ਬੰਦ ਕਰ ਦਿੰਦਾ ਹੈ ਤਾਂ ਉਹ ਬਰੇਕਾਂ ਨੂੰ ਕਈ ਵਾਰ ਵਰਤੇ ਜਾਣ ਲਈ ਕਾਫ਼ੀ ਹਵਾ ਰੱਖਦੇ ਹਨ।
8560,"ਸਰਦੀਆਂ ਵਿੱਚ ਡ੍ਰਾਈਵਿੰਗ ਕਰਦੇ ਸਮੇਂ, ਪ੍ਰੀ-ਟ੍ਰਿਪ ਨਿਰੀਖਣ ਵਿੱਚ ਇਹਨਾਂ ਵਿੱਚੋਂ ਕਿਸ ਨੂੰ ਵਾਧੂ ਧਿਆਨ ਦੇਣਾ ਚਾਹੀਦਾ ਹੈ?",,ਕੂਲੈਂਟ ਅਤੇ ਐਂਟੀਫਰੀਜ਼ ਦੇ ਪੱਧਰ,ਏਅਰ ਕੰਡੀਸ਼ਨਿੰਗ ਯੂਨਿਟ,ਤੇਲ ਦਾ ਦਬਾਅ,,A,"ਸਰਦੀਆਂ ਦੇ ਦੌਰਾਨ ਪ੍ਰੀ-ਟ੍ਰਿਪ ਨਿਰੀਖਣ ਕਰਦੇ ਸਮੇਂ, ਤੁਹਾਨੂੰ ਕੂਲੈਂਟ ਪੱਧਰ ਅਤੇ ਐਂਟੀਫਰੀਜ਼ ਦੀ ਮਾਤਰਾ ਵੱਲ ਵਧੇਰੇ ਧਿਆਨ ਦੇਣਾ ਚਾਹੀਦਾ ਹੈ; ਡੀਫ੍ਰੋਸਟਿੰਗ ਅਤੇ ਹੀਟਿੰਗ ਉਪਕਰਣ; ਵਾਈਪਰ ਬਲੇਡ ਅਤੇ ਵਿੰਡਸ਼ੀਲਡ ਵਾਸ਼ਰ; ਟਾਇਰ ਅਤੇ ਟਾਇਰ ਚੇਨ; ਲਾਈਟਾਂ ਅਤੇ ਰਿਫਲੈਕਟਰ; ਵਿੰਡੋਜ਼ ਅਤੇ ਸ਼ੀਸ਼ੇ; ਹੱਥ ਫੜੀ, ਕਦਮ, ਅਤੇ ਡੇਕ ਪਲੇਟ; ਰੇਡੀਏਟਰ ਸ਼ਟਲ ਅਤੇ ਵਿੰਟਰਫਰੰਟ; ਅਤੇ ਨਿਕਾਸ ਸਿਸਟਮ."
11372,"ਜੇਕਰ ਤੁਹਾਨੂੰ ਕਿਸੇ ਹਮਲਾਵਰ ਡਰਾਈਵਰ ਦਾ ਸਾਹਮਣਾ ਕਰਨਾ ਪੈਂਦਾ ਹੈ, ਤਾਂ ਤੁਹਾਨੂੰ ਇਹ ਕਰਨਾ ਚਾਹੀਦਾ ਹੈ:",,ਅੱਖਾਂ ਨਾਲ ਸੰਪਰਕ ਕਰੋ.,ਉਨ੍ਹਾਂ ਦੇ ਇਸ਼ਾਰਿਆਂ ਨੂੰ ਨਜ਼ਰਅੰਦਾਜ਼ ਕਰੋ।,ਦੌੜ ਦੀ ਕੋਸ਼ਿਸ਼ ਕਰੋ.,,B,"ਜੇਕਰ ਤੁਸੀਂ ਕਿਸੇ ਹਮਲਾਵਰ ਡਰਾਈਵਰ ਦਾ ਸਾਹਮਣਾ ਕਰਦੇ ਹੋ, ਤਾਂ ਤੁਹਾਨੂੰ ਆਪਣੇ ਆਪ ਨੂੰ ਕਿਸੇ ਵੀ ਗੁੱਸੇ ਵਾਲੇ ਇਸ਼ਾਰੇ ਦੁਆਰਾ ਆਪਣੇ ਆਪ ਨੂੰ ਉਕਸਾਉਣ ਨਹੀਂ ਦੇਣਾ ਚਾਹੀਦਾ ਜੋ ਉਹ ਤੁਹਾਡੇ ਵੱਲ ਕਰਦੇ ਹਨ। ਦੂਜੇ ਡਰਾਈਵਰ ਨਾਲ ਅੱਖਾਂ ਦੇ ਸੰਪਰਕ ਵਿੱਚ ਆਉਣ ਤੋਂ ਪਰਹੇਜ਼ ਕਰੋ ਅਤੇ ਉਹਨਾਂ ਨੂੰ ਦੌੜਨ ਦੀ ਕੋਸ਼ਿਸ਼ ਨਾ ਕਰੋ।"
8600,"ਜੇਕਰ ਕੋਈ ਵਾਹਨ ਖਤਰਨਾਕ ਮਾਲ ਲੈ ਕੇ ਜਾ ਰਿਹਾ ਹੈ, ਤਾਂ ਪਲੇਕਾਰਡ ਲਗਾਏ ਜਾਣੇ ਚਾਹੀਦੇ ਹਨ:",,ਸਿਰਫ ਵਾਹਨ ਦੇ ਅਗਲੇ ਪਾਸੇ.,"ਵਾਹਨ ਦੇ ਅਗਲੇ, ਪਿਛਲੇ ਅਤੇ ਪਾਸੇ.",ਸਿਰਫ ਵਾਹਨ ਦੇ ਡਰਾਈਵਰ ਵਾਲੇ ਪਾਸੇ.,,B,"ਖ਼ਤਰਨਾਕ ਮਾਲ ਢੋਣ ਵਾਲੇ ਵਾਹਨ ਦੇ ਅੱਗੇ, ਪਿਛਲੇ ਅਤੇ ਦੋਵੇਂ ਪਾਸੇ ਪਲੇਕਾਰਡ ਲਗਾਏ ਜਾਣੇ ਚਾਹੀਦੇ ਹਨ। ਉਹ ਕਿਸੇ ਵੀ ਦਿਸ਼ਾ ਤੋਂ ਪੜ੍ਹਨਯੋਗ ਹੋਣੇ ਚਾਹੀਦੇ ਹਨ."
9279,ਇੰਜਣ ਨੂੰ ਅੱਗ ਬੁਝਾਉਣ ਦੀ ਕੋਸ਼ਿਸ਼ ਕਰਨ ਤੋਂ ਪਹਿਲਾਂ:,,ਹੁੱਡ ਨੂੰ ਖੋਲ੍ਹਿਆ ਜਾਣਾ ਚਾਹੀਦਾ ਹੈ.,ਇੰਜਣ ਨੂੰ ਬੰਦ ਕਰ ਦੇਣਾ ਚਾਹੀਦਾ ਹੈ।,ਬਾਕੀ ਬਚੇ ਈਂਧਨ ਦੀ ਵਰਤੋਂ ਕਰਨ ਲਈ ਐਕਸਲੇਟਰ ਨੂੰ ਉਦਾਸ ਹੋਣਾ ਚਾਹੀਦਾ ਹੈ।,,B,"ਜੇਕਰ ਤੁਸੀਂ ਇੰਜਣ ਵਿੱਚ ਅੱਗ ਦਾ ਅਨੁਭਵ ਕਰਦੇ ਹੋ, ਤਾਂ ਤੁਹਾਨੂੰ ਜਿੰਨੀ ਜਲਦੀ ਹੋ ਸਕੇ ਸੁਰੱਖਿਅਤ ਢੰਗ ਨਾਲ ਇੰਜਣ ਬੰਦ ਕਰ ਦੇਣਾ ਚਾਹੀਦਾ ਹੈ। ਅੱਗ ਬੁਝਾਉਣ ਵੇਲੇ ਵਾਹਨ ਦੇ ਹੂਡ ਨੂੰ ਖੋਲ੍ਹਣ ਤੋਂ ਬਚੋ।"
11489,"ਇੱਕ ਬੁਨਿਆਦੀ ਵਾਹਨ ਨਿਯੰਤਰਣ ਹੁਨਰ ਟੈਸਟ ਦੇ ਦੌਰਾਨ, ਇੱਕ ਨਜ਼ਰ ਇਹ ਹੈ ਜਦੋਂ:",,ਇੱਕ ਡਰਾਈਵਰ ਆਪਣੇ ਇੰਸਟ੍ਰੂਮੈਂਟ ਪੈਨਲ 'ਤੇ ਗੇਜਾਂ ਦੀ ਜਾਂਚ ਕਰਦਾ ਹੈ।,ਇੱਕ ਡਰਾਈਵਰ ਉਹਨਾਂ ਦੇ ਅੰਨ੍ਹੇ ਸਥਾਨਾਂ ਦੀ ਜਾਂਚ ਕਰਦਾ ਹੈ।,ਇੱਕ ਡਰਾਈਵਰ ਆਪਣੀ ਸਥਿਤੀ ਦੀ ਜਾਂਚ ਕਰਨ ਲਈ ਆਪਣੇ ਵਾਹਨ ਦੇ ਪਿਛਲੇ ਪਾਸੇ ਜਾਂਦਾ ਹੈ।,,C,"ਇੱਕ ਡ੍ਰਾਈਵਰ ਇੱਕ ਨਜ਼ਰ ਦੀ ਵਰਤੋਂ ਕਰਦਾ ਹੈ ਜਦੋਂ ਉਹ ਆਪਣਾ ਦਰਵਾਜ਼ਾ ਖੋਲ੍ਹਦਾ ਹੈ, ਆਪਣੀ ਬੈਠੀ ਸਥਿਤੀ ਨੂੰ ਛੱਡ ਦਿੰਦਾ ਹੈ, ਅਤੇ ਉਸਦੀ ਸਥਿਤੀ ਦੀ ਜਾਂਚ ਕਰਨ ਲਈ ਵਾਹਨ ਦੇ ਪਿਛਲੇ ਪਾਸੇ ਤੁਰਦਾ ਹੈ। ਸਿੱਧੀ ਲਾਈਨ ਬੈਕਿੰਗ ਕਸਰਤ ਦੇ ਦੌਰਾਨ, ਇੱਕ ਡਰਾਈਵਰ ਇੱਕ ਨਜ਼ਰ ਤੋਂ ਵੱਧ ਨਹੀਂ ਹੋ ਸਕਦਾ। ਕਿਸੇ ਹੋਰ ਕਸਰਤ ਦੌਰਾਨ, ਇੱਕ ਡਰਾਈਵਰ ਦੋ ਦਿੱਖਾਂ ਤੋਂ ਵੱਧ ਨਹੀਂ ਹੋ ਸਕਦਾ।"
11907,ਜੇਕਰ ਇਹ ਆਦਰਸ਼ ਡਰਾਈਵਿੰਗ ਹਾਲਤਾਂ ਵਿੱਚ 55 ਮੀਲ ਪ੍ਰਤੀ ਘੰਟਾ ਦੀ ਰਫ਼ਤਾਰ ਨਾਲ ਯਾਤਰਾ ਕਰ ਰਿਹਾ ਹੈ ਤਾਂ ਏਅਰ ਬ੍ਰੇਕ ਨਾਲ ਲੈਸ ਵਾਹਨ ਨੂੰ ਪੂਰੀ ਤਰ੍ਹਾਂ ਰੁਕਣ ਲਈ ਕਿੰਨੀ ਦੂਰੀ ਦੀ ਲੋੜ ਹੋਵੇਗੀ?,,300 ਫੁੱਟ,100 ਫੁੱਟ,450 ਫੁੱਟ,,C,"ਇੱਕ ਵਾਹਨ ਦੀ ਕੁੱਲ ਰੁਕਣ ਦੀ ਦੂਰੀ ਧਾਰਨਾ ਦੂਰੀ, ਪ੍ਰਤੀਕ੍ਰਿਆ ਦੂਰੀ, ਬ੍ਰੇਕ ਲੈਗ ਦੂਰੀ, ਅਤੇ ਬ੍ਰੇਕਿੰਗ ਦੂਰੀ ਤੋਂ ਬਣੀ ਹੁੰਦੀ ਹੈ। ਇਹਨਾਂ ਸਾਰੇ ਕਾਰਕਾਂ ਨੂੰ ਸ਼ਾਮਲ ਕਰਨ ਦੇ ਨਾਲ, ਆਦਰਸ਼ ਡਰਾਈਵਿੰਗ ਹਾਲਤਾਂ ਵਿੱਚ 55 ਮੀਲ ਪ੍ਰਤੀ ਘੰਟਾ ਦੀ ਰਫ਼ਤਾਰ ਨਾਲ ਯਾਤਰਾ ਕਰਨ ਵਾਲੇ ਇੱਕ ਏਅਰ ਬ੍ਰੇਕ ਨਾਲ ਲੈਸ ਵਾਹਨ ਨੂੰ ਪੂਰੀ ਤਰ੍ਹਾਂ ਰੁਕਣ ਲਈ ਲਗਭਗ 450 ਫੁੱਟ ਦੀ ਲੋੜ ਹੋਵੇਗੀ।"
8762,ਐਮਰਜੈਂਸੀ ਬ੍ਰੇਕ ਨੂੰ ਇਹਨਾਂ ਦੁਆਰਾ ਨਿਯੰਤਰਿਤ ਕੀਤਾ ਜਾਣਾ ਚਾਹੀਦਾ ਹੈ:,,ਮਕੈਨੀਕਲ ਫੋਰਸ.,ਹਵਾ ਦਾ ਦਬਾਅ.,ਗੰਭੀਰਤਾ.,,A,"ਸਾਰੇ ਟਰੱਕਾਂ, ਟਰੱਕ ਟਰੈਕਟਰਾਂ ਅਤੇ ਬੱਸਾਂ ਨੂੰ ਐਮਰਜੈਂਸੀ ਬ੍ਰੇਕਾਂ ਅਤੇ ਪਾਰਕਿੰਗ ਬ੍ਰੇਕਾਂ ਨਾਲ ਲੈਸ ਹੋਣਾ ਚਾਹੀਦਾ ਹੈ। ਕਿਉਂਕਿ ਹਵਾ ਦਾ ਦਬਾਅ ਅੰਤ ਵਿੱਚ ਲੀਕ ਹੋ ਸਕਦਾ ਹੈ, ਐਮਰਜੈਂਸੀ ਅਤੇ ਪਾਰਕਿੰਗ ਬ੍ਰੇਕਾਂ ਨੂੰ ਮਕੈਨੀਕਲ ਫੋਰਸ ਦੁਆਰਾ ਫੜਿਆ ਜਾਣਾ ਚਾਹੀਦਾ ਹੈ।"
8587,ਇੱਕ ਵੱਡਾ ਟਰੱਕ ਚਲਾਉਂਦੇ ਸਮੇਂ ਖ਼ਤਰੇ ਤੋਂ ਬਚਣ ਲਈ ਘੁੰਮਣ ਦਾ ਖ਼ਤਰਾ ਇਹ ਹੈ:,,ਟਰੱਕ ਵਸਤੂ ਨੂੰ ਗੁਆ ਸਕਦਾ ਹੈ.,ਟਰੱਕ ਪਲਟ ਸਕਦਾ ਹੈ।,ਟਰੱਕ ਇੱਕੋ ਲੇਨ ਵਿੱਚ ਰੁਕ ਸਕਦਾ ਹੈ।,,B,"ਹਾਲਾਂਕਿ ਸੜਕ 'ਤੇ ਕਿਸੇ ਖਤਰੇ ਨੂੰ ਸੰਭਾਲਣ ਲਈ ਕਈ ਵਾਰ ਸਵਰਵਿੰਗ ਕਰਨਾ ਸਭ ਤੋਂ ਸੁਰੱਖਿਅਤ ਤਰੀਕਾ ਹੋ ਸਕਦਾ ਹੈ, ਅਜਿਹਾ ਕਰਨਾ ਜੋਖਮ ਤੋਂ ਬਿਨਾਂ ਨਹੀਂ ਹੈ। ਇੱਕ ਤੋਂ ਵੱਧ ਟਰੇਲਰਾਂ ਵਾਲੇ ਟਾਪ-ਹੈਵੀ ਵਾਹਨ ਅਤੇ ਟਰੈਕਟਰ ਇੱਕ ਉਲਟਫੇਰ ਵਿੱਚ ਪਲਟ ਸਕਦੇ ਹਨ।"
8755,ਇੱਕ ਏਅਰ ਕੰਪ੍ਰੈਸਰ ਗਵਰਨਰ ਕੰਟਰੋਲ ਕਰਦਾ ਹੈ:,,ਜਦੋਂ ਏਅਰ ਕੰਪ੍ਰੈਸਰ ਹਵਾ ਨੂੰ ਏਅਰ ਸਟੋਰੇਜ ਟੈਂਕਾਂ ਵਿੱਚ ਪੰਪ ਕਰਦਾ ਹੈ।,ਏਅਰ ਸਟੋਰੇਜ਼ ਟੈਂਕਾਂ ਵਿੱਚ ਹਵਾ ਕਿੰਨੀ ਤੇਜ਼ੀ ਨਾਲ ਪੰਪ ਕੀਤੀ ਜਾਂਦੀ ਹੈ।,ਹਵਾ ਦਾ ਤਾਪਮਾਨ ਹਵਾ ਸਟੋਰੇਜ਼ ਟੈਂਕਾਂ ਵਿੱਚ ਪੰਪ ਕੀਤਾ ਜਾਂਦਾ ਹੈ।,,A,"ਇੱਕ ਏਅਰ ਬ੍ਰੇਕ ਸਿਸਟਮ ਵਿੱਚ, ਏਅਰ ਕੰਪ੍ਰੈਸਰ ਗਵਰਨਰ ਕੰਟਰੋਲ ਕਰਦਾ ਹੈ ਜਦੋਂ ਏਅਰ ਕੰਪ੍ਰੈਸਰ ਹਵਾ ਨੂੰ ਏਅਰ ਸਟੋਰੇਜ ਟੈਂਕਾਂ ਵਿੱਚ ਪੰਪ ਕਰਦਾ ਹੈ।"
11488,"ਸਿੱਧੀ ਲਾਈਨ ਬੈਕਿੰਗ ਕਸਰਤ ਦੇ ਅਪਵਾਦ ਦੇ ਨਾਲ, ਇੱਕ ਡਰਾਈਵਰ ਆਪਣੇ ਵਾਹਨ ਤੋਂ ਬਾਹਰ ਨਿਕਲ ਸਕਦਾ ਹੈ ਅਤੇ ਟੈਸਟਿੰਗ ਅਭਿਆਸਾਂ ਦੌਰਾਨ ਇਸਦੀ ਸਥਿਤੀ ਦੀ ਜਾਂਚ ਕਰ ਸਕਦਾ ਹੈ:",,ਇੱਕ ਵਾਰ.,ਦੋ ਵਾਰ.,ਤਿੰਨ ਵਾਰ.,,B,"ਕਿਸੇ ਵੀ ਬੁਨਿਆਦੀ ਵਾਹਨ ਨਿਯੰਤਰਣ ਹੁਨਰ ਟੈਸਟ ਅਭਿਆਸ ਦੌਰਾਨ ਡਰਾਈਵਰ ਨੂੰ ਆਪਣੀ ਸਥਿਤੀ ਦੀ ਜਾਂਚ ਕਰਨ ਲਈ ਆਪਣੇ ਵਾਹਨ ਤੋਂ ਬਾਹਰ ਜਾਣ ਦੀ ਇਜਾਜ਼ਤ ਦਿੱਤੀ ਜਾਂਦੀ ਹੈ। ਇਸ ਕਾਰਵਾਈ ਨੂੰ ""ਦਿੱਖ"" ਕਿਹਾ ਜਾਂਦਾ ਹੈ। ਸਿੱਧੀ ਲਾਈਨ ਬੈਕਿੰਗ ਕਸਰਤ ਦੇ ਦੌਰਾਨ, ਇੱਕ ਡਰਾਈਵਰ ਇੱਕ ਨਜ਼ਰ ਤੋਂ ਵੱਧ ਨਹੀਂ ਹੋ ਸਕਦਾ। ਕਿਸੇ ਹੋਰ ਕਸਰਤ ਦੌਰਾਨ, ਇੱਕ ਡਰਾਈਵਰ ਦੋ ਦਿੱਖਾਂ ਤੋਂ ਵੱਧ ਨਹੀਂ ਹੋ ਸਕਦਾ।"
8532,ਕੈਲੀਫੋਰਨੀਆ ਵਿੱਚ ਰਜਿਸਟਰਡ ਹਰੇਕ ਵਾਹਨ ਵਿੱਚ ਘੱਟੋ-ਘੱਟ:,,ਇੱਕ ਸ਼ੀਸ਼ਾ.,ਦੋ ਸ਼ੀਸ਼ੇ.,ਤਿੰਨ ਸ਼ੀਸ਼ੇ.,,B,"ਕੈਲੀਫੋਰਨੀਆ ਵਿੱਚ, ਹਰੇਕ ਰਜਿਸਟਰਡ ਮੋਟਰ ਵਾਹਨ ਵਿੱਚ ਘੱਟੋ-ਘੱਟ ਦੋ ਸ਼ੀਸ਼ੇ ਹੋਣੇ ਚਾਹੀਦੇ ਹਨ, ਜਿਸ ਵਿੱਚ ਇੱਕ ਵਾਹਨ ਦੇ ਖੱਬੇ ਪਾਸੇ ਨਾਲ ਜੁੜਿਆ ਹੁੰਦਾ ਹੈ ਅਤੇ ਘੱਟੋ-ਘੱਟ 200 ਫੁੱਟ ਦੀ ਦੂਰੀ ਤੱਕ ਸੜਕ ਦੇ ਪਿਛਲੇ ਪਾਸੇ ਦਾ ਸਪਸ਼ਟ ਦ੍ਰਿਸ਼ ਦੇਣ ਲਈ ਸਥਿਤ ਹੁੰਦਾ ਹੈ।"
9448,"ਟ੍ਰੇਲਰ ਲੋਡ ਕਰਦੇ ਸਮੇਂ, ਭਾਰ ਹੋਣਾ ਚਾਹੀਦਾ ਹੈ:",,ਜਿੰਨਾ ਸੰਭਵ ਹੋ ਸਕੇ ਉੱਚਾ ਰੱਖਿਆ ਗਿਆ.,ਜਿੰਨਾ ਹੋ ਸਕੇ ਘੱਟ ਰੱਖਿਆ ਜਾਵੇ।,ਜਿੰਨਾ ਸੰਭਵ ਹੋ ਸਕੇ ਖੱਬੇ ਪਾਸੇ ਰੱਖਿਆ ਗਿਆ।,,B,"ਗੁਰੂਤਾਕਰਸ਼ਣ ਦੇ ਉੱਚ ਕੇਂਦਰ ਵਾਲਾ ਕਾਰਗੋ ਇੱਕ ਵਾਹਨ ਨੂੰ ਗਰੈਵਿਟੀ ਦੇ ਨੀਵੇਂ ਕੇਂਦਰ ਵਾਲੇ ਕਾਰਗੋ ਨਾਲੋਂ ਜ਼ਿਆਦਾ ਟਿਪ ਕਰਨ ਦੀ ਸੰਭਾਵਨਾ ਬਣਾਉਂਦਾ ਹੈ। ਇਸ ਕਾਰਨ ਕਰਕੇ, ਇਹ ਜ਼ਰੂਰੀ ਹੈ ਕਿ ਮਾਲ ਦਾ ਭਾਰ ਜਿੰਨਾ ਸੰਭਵ ਹੋ ਸਕੇ ਘੱਟ ਵੰਡਿਆ ਜਾਵੇ।"
9877,"ਜੇਕਰ ਤੁਸੀਂ ਕਿਸੇ ਉਸਾਰੀ ਖੇਤਰ ਵਿੱਚ ਘੱਟ ਗਤੀ ਨਾਲ ਗੱਡੀ ਚਲਾ ਰਹੇ ਹੋ, ਜਦੋਂ ਤੁਸੀਂ ਸੜਕ ਦੇ ਨੇੜੇ ਇੱਕ ਉਸਾਰੀ ਕਰਮਚਾਰੀ ਨੂੰ ਦੇਖਦੇ ਹੋ, ਤਾਂ ਤੁਹਾਨੂੰ ਇਹ ਕਰਨਾ ਚਾਹੀਦਾ ਹੈ:",,ਤੇਜ਼ ਕਰੋ।,ਆਪਣੀ ਮੌਜੂਦਾ ਗਤੀ 'ਤੇ ਰਹੋ।,ਆਪਣੀ ਗਤੀ ਨੂੰ ਹੋਰ ਘਟਾਓ।,,C,ਉਸਾਰੀ ਖੇਤਰ ਵਿੱਚੋਂ ਲੰਘਦੇ ਸਮੇਂ ਹਮੇਸ਼ਾ ਆਪਣੀ ਗਤੀ ਘਟਾਓ। ਜੇਕਰ ਰੋਡਵੇਅ 'ਤੇ ਜਾਂ ਨੇੜੇ ਮਜ਼ਦੂਰ ਹਨ ਤਾਂ ਵੀ ਹੌਲੀ ਕਰੋ।
8577,ਹੇਠ ਲਿਖਿਆਂ ਵਿੱਚੋਂ ਕਿਹੜਾ ਹਾਈਡ੍ਰੌਲਿਕ ਬ੍ਰੇਕ ਫੇਲ ਹੋਣ ਦਾ ਕਾਰਨ ਨਹੀਂ ਹੈ?,,ਹਾਈਡ੍ਰੌਲਿਕ ਦਬਾਅ ਦਾ ਨੁਕਸਾਨ,ਲੰਬੀਆਂ ਪਹਾੜੀਆਂ 'ਤੇ ਬ੍ਰੇਕ ਫੇਡ,ਡਾਊਨਸ਼ਿਫ਼ਟਿੰਗ,,C,"ਹਾਈਡ੍ਰੌਲਿਕ ਬ੍ਰੇਕ ਅਸਫਲਤਾ ਦੇ ਜ਼ਿਆਦਾਤਰ ਮਾਮਲੇ ਦੋ ਕਾਰਨਾਂ ਵਿੱਚੋਂ ਇੱਕ ਕਾਰਨ ਆਉਂਦੇ ਹਨ। ਹਾਈਡ੍ਰੌਲਿਕ ਪ੍ਰੈਸ਼ਰ ਦੇ ਨੁਕਸਾਨ ਜਾਂ ਲੰਬੀਆਂ ਪਹਾੜੀਆਂ 'ਤੇ ਜ਼ਿਆਦਾ ਵਰਤੋਂ ਦੇ ਕਾਰਨ ਬ੍ਰੇਕਾਂ ਫੇਲ ਹੋ ਸਕਦੀਆਂ ਹਨ, ਜਿਸ ਨਾਲ ਬ੍ਰੇਕ ਫਿੱਕੇ ਪੈ ਜਾਂਦੇ ਹਨ।"
8595,ਤੁਸੀਂ ਡਿਊਟੀ 'ਤੇ ਜਾਣ ਦੇ ____ ਦੇ ਅੰਦਰ ਸ਼ਰਾਬ ਨਹੀਂ ਪੀ ਸਕਦੇ।,,ਇੱਕ ਘੰਟਾ,ਦੋ ਘੰਟੇ,ਚਾਰ ਘੰਟੇ,,C,"ਵਪਾਰਕ ਵਾਹਨ ਚਾਲਕਾਂ ਨੂੰ ਡਿਊਟੀ 'ਤੇ ਜਾਣ ਦੇ ਚਾਰ ਘੰਟਿਆਂ ਦੇ ਅੰਦਰ ਕੋਈ ਵੀ ਨਸ਼ੀਲੇ ਪਦਾਰਥ ਦਾ ਸੇਵਨ ਕਰਨ ਦੀ ਮਨਾਹੀ ਹੈ, ਚਾਹੇ ਉਸ ਵਿੱਚ ਅਲਕੋਹਲ ਦੀ ਮਾਤਰਾ ਹੋਵੇ।"
9939,ਮਾੜਾ ਭਾਰ ਸੰਤੁਲਨ:,,ਸੰਭਾਲਣ ਵਿੱਚ ਸੁਧਾਰ ਕਰਦਾ ਹੈ।,ਹੈਂਡਲਿੰਗ ਨੂੰ ਨਕਾਰਾਤਮਕ ਤੌਰ 'ਤੇ ਪ੍ਰਭਾਵਿਤ ਕਰ ਸਕਦਾ ਹੈ।,ਬਾਲਣ ਦੀ ਖਪਤ ਨੂੰ ਘੱਟ ਕਰੇਗਾ।,,B,ਖਰਾਬ ਸੰਤੁਲਿਤ ਕਾਰਗੋ ਕਾਰਨ ਵਾਹਨ ਨੂੰ ਸੰਭਾਲਣਾ ਮੁਸ਼ਕਲ ਹੋ ਸਕਦਾ ਹੈ। ਕਾਰਗੋ ਲੋਡ ਕਰਨ ਵੇਲੇ ਭਾਰ ਦੀ ਵੰਡ ਨੂੰ ਧਿਆਨ ਵਿੱਚ ਰੱਖੋ।
11895,ਜੇਕਰ ਕਿਸੇ ਬ੍ਰੇਕ ਡਰੱਮ ਵਿੱਚ ਤਰੇੜਾਂ ਹਨ ਜੋ ਰਗੜ ਖੇਤਰ ਦੀ ਚੌੜਾਈ ਦੇ ____ ਤੋਂ ਵੱਧ ਹਨ ਤਾਂ ਵਾਹਨ ਨਾ ਚਲਾਓ।,,ਇੱਕ ਅੱਧਾ,ਇੱਕ ਤਿਹਾਈ,ਇੱਕ ਪੰਜਵਾਂ,,A,"ਇੱਕ ਯਾਤਰਾ ਸ਼ੁਰੂ ਕਰਨ ਤੋਂ ਪਹਿਲਾਂ, ਤੁਹਾਡੇ ਸੈਰ-ਸਪਾਟੇ ਦੇ ਨਿਰੀਖਣ ਦੌਰਾਨ ਬ੍ਰੇਕ ਡਰੱਮਾਂ ਦੀ ਜਾਂਚ ਕਰਨਾ ਮਹੱਤਵਪੂਰਨ ਹੈ। ਗੱਡੀ ਚਲਾਉਣਾ ਅਸੁਰੱਖਿਅਤ ਹੈ ਜੇਕਰ ਕਿਸੇ ਬ੍ਰੇਕ ਡਰੱਮ ਵਿੱਚ ਰਗੜ ਵਾਲੇ ਖੇਤਰ ਦੀ ਚੌੜਾਈ ਦੇ ਅੱਧੇ ਤੋਂ ਵੱਧ ਦਰਾੜ ਹੋਵੇ।"
10385,ਰੇਡੀਏਟਰ ਕੈਪ:,,ਕੂਲੈਂਟ ਗਰਮ ਹੋਣ 'ਤੇ ਇਸ ਨੂੰ ਨਹੀਂ ਹਟਾਇਆ ਜਾਣਾ ਚਾਹੀਦਾ।,ਕੂਲੈਂਟ ਗਰਮ ਹੋਣ 'ਤੇ ਹਟਾਇਆ ਜਾ ਸਕਦਾ ਹੈ।,ਆਮ ਡ੍ਰਾਈਵਿੰਗ ਹਾਲਤਾਂ ਵਿੱਚ ਛੂਹਣ ਲਈ ਠੰਡਾ ਹੋਣਾ ਚਾਹੀਦਾ ਹੈ।,,A,"ਰੇਡੀਏਟਰ ਕੈਪ ਜਾਂ ਦਬਾਅ ਵਾਲੇ ਕੂਲਿੰਗ ਸਿਸਟਮ ਦੇ ਕਿਸੇ ਵੀ ਹਿੱਸੇ ਨੂੰ ਉਦੋਂ ਤੱਕ ਨਾ ਹਟਾਓ ਜਦੋਂ ਤੱਕ ਇਹ ਠੰਡਾ ਨਹੀਂ ਹੋ ਜਾਂਦਾ। ਜਦੋਂ ਸਿਸਟਮ ਬਹੁਤ ਗਰਮ ਹੁੰਦਾ ਹੈ ਤਾਂ ਕੈਪ ਨੂੰ ਖੋਲ੍ਹਣ ਨਾਲ ਭਾਫ਼ ਅਤੇ ਉਬਲਦਾ ਪਾਣੀ ਨਿਕਲ ਸਕਦਾ ਹੈ ਜੋ ਤੁਹਾਨੂੰ ਬੁਰੀ ਤਰ੍ਹਾਂ ਸਾੜ ਸਕਦਾ ਹੈ। ਜੇਕਰ ਰੇਡੀਏਟਰ ਕੈਪ ਛੋਹਣ ਲਈ ਠੰਡਾ ਹੈ, ਤਾਂ ਸਿਸਟਮ ਤੁਹਾਡੇ ਲਈ ਕੈਪ ਨੂੰ ਖੋਲ੍ਹਣ ਲਈ ਕਾਫ਼ੀ ਠੰਡਾ ਹੈ।"
9577,ਡਰਾਈਵਰ ਨੂੰ ਵਾਹਨ ਦੀ ਜਾਂਚ ਰਿਪੋਰਟ 'ਤੇ ਕਦੋਂ ਦਸਤਖਤ ਕਰਨੇ ਚਾਹੀਦੇ ਹਨ?,,ਹਰ ਯਾਤਰਾ ਦੇ ਬਾਅਦ,ਜੇ ਨੋਟ ਕੀਤੇ ਨੁਕਸ ਦੀ ਮੁਰੰਮਤ ਕੀਤੀ ਜਾਂਦੀ ਹੈ,ਹਰ ਬਾਲਣ ਦੇ ਬਾਅਦ,,B,ਤੁਹਾਨੂੰ ਵਾਹਨ ਨਿਰੀਖਣ ਰਿਪੋਰਟ 'ਤੇ ਸਿਰਫ਼ ਉਦੋਂ ਹੀ ਦਸਤਖਤ ਕਰਨੇ ਚਾਹੀਦੇ ਹਨ ਜੇਕਰ ਨੁਕਸ ਨੋਟ ਕੀਤੇ ਗਏ ਹੋਣ ਅਤੇ ਜਾਂ ਤਾਂ ਮੁਰੰਮਤ ਕੀਤੇ ਜਾਣ ਲਈ ਪ੍ਰਮਾਣਿਤ ਹੋਵੇ ਜਾਂ ਮੁਰੰਮਤ ਕਰਨ ਦੀ ਲੋੜ ਨਾ ਹੋਣ ਵਜੋਂ ਪ੍ਰਮਾਣਿਤ ਹੋਵੇ।
11534,"ਇੱਕ ਲਾਗੂ ਲੀਕੇਜ ਟੈਸਟ ਦੇ ਦੌਰਾਨ, ਇੱਕ ਡਬਲ ਮਿਸ਼ਰਨ ਵਾਹਨ ਲਈ ਵੱਧ ਤੋਂ ਵੱਧ ਲੀਕੇਜ ਦਰ ਇੱਕ ਮਿੰਟ ਵਿੱਚ ____ ਹੈ।",,2 ਪੀ.ਐੱਸ.ਆਈ,4 psi,6 psi,,B,ਤੁਹਾਡੇ ਖਾਸ ਵਾਹਨ ਲਈ ਵੱਧ ਤੋਂ ਵੱਧ ਹਵਾ ਦੇ ਨੁਕਸਾਨ ਦੀ ਦਰ ਨੂੰ ਜਾਣਨਾ ਮਹੱਤਵਪੂਰਨ ਹੈ। ਇੱਕ ਲਾਗੂ ਲੀਕੇਜ ਟੈਸਟ ਦੌਰਾਨ ਇੱਕ ਡਬਲ ਕੰਬੀਨੇਸ਼ਨ ਵਾਹਨ ਦੀ ਲੀਕੇਜ ਦਰ ਇੱਕ ਮਿੰਟ ਵਿੱਚ 4 psi ਤੋਂ ਵੱਧ ਨਹੀਂ ਹੋਣੀ ਚਾਹੀਦੀ।
11367,ਠੰਡੇ ਮੌਸਮ ਵਿੱਚ ਖੁੱਲ੍ਹੀ ਖਿੜਕੀ ਨਾਲ ਗੱਡੀ ਚਲਾਉਣ ਵਾਲਾ ਵਿਅਕਤੀ ਇਹ ਹੋ ਸਕਦਾ ਹੈ:,,ਇੱਕ ਵਿਚਲਿਤ ਡਰਾਈਵਰ.,ਇੱਕ ਵਿਅਕਤੀ ਜਿਸਨੇ ਅਣਉਚਿਤ ਕੱਪੜੇ ਪਾਏ ਹੋਏ ਹਨ।,ਇੱਕ ਵਿਅਕਤੀ ਜੋ ਤਾਜ਼ੀ ਹਵਾ ਨੂੰ ਪਸੰਦ ਕਰਦਾ ਹੈ.,,A,"ਹੋਰ ਡਰਾਈਵਰਾਂ ਦੀਆਂ ਕਾਰਵਾਈਆਂ ਨੂੰ ਦੇਖਣਾ ਅਤੇ ਸੁਰਾਗ ਦੀ ਪਛਾਣ ਕਰਨਾ ਮਹੱਤਵਪੂਰਨ ਹੈ ਕਿ ਕੋਈ ਵਿਅਕਤੀ ਕਮਜ਼ੋਰ ਡਰਾਈਵਿੰਗ ਕਰ ਸਕਦਾ ਹੈ। ਜਿਨ੍ਹਾਂ ਡਰਾਈਵਰਾਂ ਨੇ ਬਹੁਤ ਜ਼ਿਆਦਾ ਸ਼ਰਾਬ ਪੀ ਲਈ ਹੈ, ਨੀਂਦ ਆ ਰਹੀ ਹੈ, ਨਸ਼ੇ 'ਤੇ ਹਨ, ਜਾਂ ਬਿਮਾਰ ਹਨ, ਉਹ ਦੂਜੇ ਡਰਾਈਵਰਾਂ ਲਈ ਖਤਰੇ ਪੈਦਾ ਕਰ ਸਕਦੇ ਹਨ। ਇੱਕ ਸੰਕੇਤ ਕਿ ਇੱਕ ਡਰਾਈਵਰ ਕਮਜ਼ੋਰ ਹੋ ਸਕਦਾ ਹੈ ਇਹ ਹੈ ਕਿ ਉਹਨਾਂ ਨੇ ਠੰਡੇ ਮੌਸਮ ਵਿੱਚ ਆਪਣੀਆਂ ਖਿੜਕੀਆਂ ਨੂੰ ਹੇਠਾਂ ਰੋਲਿਆ ਹੋਇਆ ਹੈ।"
9462,ਜਦੋਂ ਏਅਰ ਟੈਂਕ ਨੂੰ ਨਿਕਾਸ ਕੀਤਾ ਜਾਂਦਾ ਹੈ ਤਾਂ ਕੀ ਹਟਾਇਆ ਜਾਂਦਾ ਹੈ?,,ਪਾਣੀ ਅਤੇ ਤੇਲ,ਅਮੋਨੀਆ,ਤਰਲ ਕਲੀਨਰ,,A,"ਇੱਕ ਏਅਰ ਬ੍ਰੇਕ ਸਿਸਟਮ ਵਿੱਚ, ਏਅਰ ਟੈਂਕਾਂ ਵਿੱਚ ਪਾਣੀ ਅਤੇ ਕੰਪ੍ਰੈਸਰ ਤੇਲ ਦੇ ਸੰਚਵ ਨੂੰ ਹਟਾਉਣ ਲਈ ਨਾਲੀਆਂ ਹੁੰਦੀਆਂ ਹਨ। ਸਿਸਟਮ ਵਿੱਚ ਪਾਣੀ ਅਤੇ ਤੇਲ ਨੂੰ ਇਕੱਠਾ ਹੋਣ ਦੇਣ ਨਾਲ ਬ੍ਰੇਕਾਂ ਨੂੰ ਨੁਕਸਾਨ ਹੋ ਸਕਦਾ ਹੈ।"
11462,____ ਇੱਕ ਡਰਾਈਵਰ ਨੂੰ ਦੱਸਦਾ ਹੈ ਕਿ ਏਅਰ ਟੈਂਕ ਵਿੱਚ ਕਿੰਨਾ ਦਬਾਅ ਹੈ।,,ਐਪਲੀਕੇਸ਼ਨ ਦਬਾਅ ਗੇਜ,ਏਅਰ ਕੰਪ੍ਰੈਸਰ ਗਵਰਨਰ,ਸਪਲਾਈ ਪ੍ਰੈਸ਼ਰ ਗੇਜ,ਡਰੱਮ ਬ੍ਰੇਕ,C,"ਇੱਕ ਵਾਹਨ ਜੋ ਏਅਰ ਬ੍ਰੇਕਾਂ ਨਾਲ ਲੈਸ ਹੈ, ਇੱਕ ਸਪਲਾਈ ਪ੍ਰੈਸ਼ਰ ਗੇਜ ਨਾਲ ਵੀ ਲੈਸ ਹੋਣਾ ਚਾਹੀਦਾ ਹੈ। ਇਹ ਗੇਜ ਡਰਾਈਵਰ ਨੂੰ ਦੱਸਦਾ ਹੈ ਕਿ ਵਾਹਨ ਦੇ ਹਰੇਕ ਏਅਰ ਟੈਂਕ ਵਿੱਚ ਹਵਾ ਦਾ ਦਬਾਅ ਕਿੰਨਾ ਹੈ।"
9601,ਕੰਟੇਨਰਾਈਜ਼ਡ ਲੋਡ ਵਰਤੇ ਜਾਂਦੇ ਹਨ:,,ਜਦੋਂ ਕਾਰਗੋ ਟਰੱਕ 'ਤੇ ਫਿੱਟ ਕਰਨ ਲਈ ਬਹੁਤ ਵੱਡਾ ਹੁੰਦਾ ਹੈ।,ਜਦੋਂ ਮਾਲ ਨੂੰ ਰੇਲਗੱਡੀ ਦੁਆਰਾ ਲਿਜਾਇਆ ਗਿਆ ਹੈ ਜਾਂ ਕੀਤਾ ਜਾਵੇਗਾ।,ਜਦੋਂ ਕਾਰਗੋ ਇੱਕ ਤਰਲ ਹੁੰਦਾ ਹੈ.,,B,"ਕੰਟੇਨਰਾਈਜ਼ਡ ਲੋਡ ਆਮ ਤੌਰ 'ਤੇ ਉਦੋਂ ਵਰਤੇ ਜਾਂਦੇ ਹਨ ਜਦੋਂ ਰੇਲ ਜਾਂ ਸਮੁੰਦਰੀ ਜਹਾਜ਼ ਦੁਆਰਾ ਮਾਲ ਢੋਇਆ ਜਾਂਦਾ ਹੈ। ਸੀਲਬੰਦ ਸਮੱਗਰੀ ਦੀ ਜਾਂਚ ਨਹੀਂ ਕੀਤੀ ਜਾ ਸਕਦੀ, ਪਰ ਇੱਕ ਡਰਾਈਵਰ ਨੂੰ ਇਹ ਯਕੀਨੀ ਬਣਾਉਣਾ ਚਾਹੀਦਾ ਹੈ ਕਿ ਡੱਬੇ ਸੁਰੱਖਿਅਤ ਅਤੇ ਕਾਨੂੰਨੀ ਵਜ਼ਨ ਸੀਮਾ ਤੋਂ ਵੱਧ ਨਾ ਹੋਣ।"
9250,"ਜੇਕਰ ਟੇਲਗੇਟ ਕੀਤਾ ਜਾ ਰਿਹਾ ਹੈ, ਤਾਂ ਤੁਹਾਨੂੰ ਇਹ ਕਰਨਾ ਚਾਹੀਦਾ ਹੈ:",,ਆਪਣੀ ਗਤੀ ਵਧਾਓ।,ਆਪਣੇ ਵਾਹਨ ਅਤੇ ਤੁਹਾਡੇ ਸਾਹਮਣੇ ਵਾਲੇ ਵਾਹਨ ਵਿਚਕਾਰ ਥਾਂ ਦੀ ਮਾਤਰਾ ਵਧਾਓ।,ਤੇਜ਼ ਅੰਦੋਲਨ ਕਰੋ.,,B,"ਜੇਕਰ ਤੁਹਾਨੂੰ ਟੇਲਗੇਟ ਕੀਤਾ ਜਾ ਰਿਹਾ ਹੈ, ਤਾਂ ਤੁਹਾਨੂੰ ਆਪਣੇ ਵਾਹਨ ਅਤੇ ਤੁਹਾਡੇ ਅੱਗੇ ਵਾਹਨ ਵਿਚਕਾਰ ਦੂਰੀ ਵਧਾਉਣੀ ਚਾਹੀਦੀ ਹੈ। ਇਹ ਤੁਹਾਡੇ ਲਈ ਗਤੀ ਜਾਂ ਦਿਸ਼ਾ ਵਿੱਚ ਅਚਾਨਕ ਤਬਦੀਲੀਆਂ ਕਰਨ ਦੀ ਜ਼ਰੂਰਤ ਨੂੰ ਘਟਾਉਂਦਾ ਹੈ ਜਦੋਂ ਕਿ ਟੇਲਗੇਟਰ ਲਈ ਤੁਹਾਡੇ ਵਾਹਨ ਨੂੰ ਲੰਘਣਾ ਸੌਖਾ ਬਣਾਉਂਦਾ ਹੈ।"
8496,ਮੁੱਖ ਉਲੰਘਣਾਵਾਂ ਲਈ ਉਲੰਘਣਾ ਪੁਆਇੰਟ ਇਹਨਾਂ ਲਈ ਡਰਾਈਵਿੰਗ ਰਿਕਾਰਡ ਵਿੱਚ ਬਰਕਰਾਰ ਰੱਖੇ ਜਾਂਦੇ ਹਨ:,,ਤਿੰਨ ਸਾਲ.,10 ਸਾਲ।,55 ਸਾਲ.,,C,"ਵਪਾਰਕ ਮੋਟਰ ਵਾਹਨ ਚਲਾਉਂਦੇ ਸਮੇਂ, ਜਾਂ ਜਦੋਂ ਤੁਸੀਂ ਇੱਕ CDL ਧਾਰਕ ਹੋ, ਤਾਂ ਹੋਣ ਵਾਲੀਆਂ ਵੱਡੀਆਂ ਉਲੰਘਣਾਵਾਂ ਲਈ ਅੰਕ ਤੁਹਾਡੇ ਰਿਕਾਰਡ ਵਿੱਚ 55 ਸਾਲਾਂ ਲਈ ਬਰਕਰਾਰ ਰੱਖੇ ਜਾਣਗੇ।"
11496,"ਡ੍ਰਾਈਵਰ ਦੀ ਸਾਈਡ ਪੈਰਲਲ ਪਾਰਕਿੰਗ ਚਾਲ ਨੂੰ ਪੂਰਾ ਕਰਦੇ ਸਮੇਂ, ਤੁਹਾਨੂੰ ਇਹ ਕਰਨਾ ਚਾਹੀਦਾ ਹੈ:",,ਪਾਰਕਿੰਗ ਸਪੇਸ ਵਿੱਚ ਸਿੱਧਾ ਅੱਗੇ ਖਿੱਚੋ।,"ਪਾਰਕਿੰਗ ਸਪੇਸ ਦੇ ਪਿਛਲੇ ਪਾਸੇ ਬੈਕਅੱਪ ਕਰੋ, ਫਿਰ ਇਸ ਵਿੱਚ ਅੱਗੇ ਖਿੱਚੋ।","ਪਾਰਕਿੰਗ ਸਪੇਸ ਤੋਂ ਅੱਗੇ ਵੱਲ ਖਿੱਚੋ, ਫਿਰ ਇਸ ਵਿੱਚ ਵਾਪਸ ਜਾਓ।",,C,ਤੁਹਾਨੂੰ ਤੁਹਾਡੇ ਵਾਹਨ ਦੇ ਖੱਬੇ ਪਾਸੇ ਵਾਲੀ ਪਾਰਕਿੰਗ ਥਾਂ ਵਿੱਚ ਸਮਾਨਾਂਤਰ ਪਾਰਕਿੰਗ ਅਭਿਆਸ ਨੂੰ ਪੂਰਾ ਕਰਨ ਲਈ ਕਿਹਾ ਜਾ ਸਕਦਾ ਹੈ। ਤੁਹਾਨੂੰ ਆਪਣੇ ਵਾਹਨ ਦੇ ਪਿਛਲੇ ਹਿੱਸੇ ਨੂੰ ਜਿੰਨਾ ਸੰਭਵ ਹੋ ਸਕੇ ਸਪੇਸ ਦੇ ਪਿਛਲੇ ਹਿੱਸੇ ਦੇ ਨੇੜੇ ਲਿਆਉਂਦੇ ਹੋਏ ਇਸ ਵਿੱਚ ਜਾਣ ਤੋਂ ਪਹਿਲਾਂ ਪਾਰਕਿੰਗ ਵਾਲੀ ਥਾਂ ਤੋਂ ਲੰਘਣਾ ਚਾਹੀਦਾ ਹੈ। ਤੁਹਾਡਾ ਵਾਹਨ ਪੂਰੀ ਤਰ੍ਹਾਂ ਸਪੇਸ ਦੀਆਂ ਸੀਮਾਵਾਂ ਦੇ ਅੰਦਰ ਹੋਣਾ ਚਾਹੀਦਾ ਹੈ।
11904,"ਇੱਕ ਡਾਊਨਗ੍ਰੇਡ 'ਤੇ ਕੰਮ ਕਰਦੇ ਸਮੇਂ, ਤੁਹਾਨੂੰ ਉਦੋਂ ਤੱਕ ਬ੍ਰੇਕ ਲਗਾਉਣੀ ਚਾਹੀਦੀ ਹੈ ਜਦੋਂ ਤੱਕ ਤੁਸੀਂ ਇੱਕ ਗਤੀ ਤੱਕ ਨਹੀਂ ਪਹੁੰਚ ਜਾਂਦੇ ਹੋ:",,ਤੁਹਾਡੀ ਸੁਰੱਖਿਅਤ ਗਤੀ ਤੋਂ 5 ਮੀਲ ਪ੍ਰਤੀ ਘੰਟਾ ਹੇਠਾਂ।,ਤੁਹਾਡੀ ਸੁਰੱਖਿਅਤ ਗਤੀ ਤੋਂ ਘੱਟ 10 ਮੀਲ ਪ੍ਰਤੀ ਘੰਟਾ।,ਤੁਹਾਡੀ ਸੁਰੱਖਿਅਤ ਗਤੀ ਤੋਂ 15 ਮੀਲ ਪ੍ਰਤੀ ਘੰਟਾ ਹੇਠਾਂ।,,A,"ਹੇਠਾਂ ਵੱਲ ਗੱਡੀ ਚਲਾਉਂਦੇ ਸਮੇਂ, ਤੁਹਾਨੂੰ ਬ੍ਰੇਕ ਪੈਡਲ ਨੂੰ ਉਦੋਂ ਤੱਕ ਦਬਾ ਕੇ ਰੱਖਣਾ ਚਾਹੀਦਾ ਹੈ ਜਦੋਂ ਤੱਕ ਤੁਹਾਡਾ ਵਾਹਨ ਤੁਹਾਡੀ ਸੁਰੱਖਿਅਤ ਸਪੀਡ ਤੋਂ 5 mph ਦੀ ਸਪੀਡ 'ਤੇ ਨਹੀਂ ਪਹੁੰਚ ਜਾਂਦਾ, ਫਿਰ ਬ੍ਰੇਕ ਪੈਡਲ ਨੂੰ ਛੱਡ ਦਿਓ। ਇਸ ਪ੍ਰਕਿਰਿਆ ਨੂੰ ਦੁਹਰਾਓ."
9434,"ਜੇਕਰ ਇਹ ਦੱਸਣ ਵਿੱਚ ਅਸਮਰੱਥ ਹੈ ਕਿ ਕੀ ਸੜਕ ਬਰਫੀਲੀ ਅਤੇ ਤਿਲਕਣ ਹੋ ਰਹੀ ਹੈ, ਤਾਂ ਇੱਕ ਡਰਾਈਵਰ:",,ਅਨੁਮਾਨ ਲਗਾਉਣ ਦੀ ਕੋਸ਼ਿਸ਼ ਕਰਨੀ ਚਾਹੀਦੀ ਹੈ।,ਉਹਨਾਂ ਦੀ ਖਿੜਕੀ ਖੋਲ੍ਹ ਸਕਦੀ ਹੈ ਅਤੇ ਬਰਫ਼ ਲਈ ਸਾਈਡ ਸ਼ੀਸ਼ੇ ਦੇ ਸਾਹਮਣੇ ਮਹਿਸੂਸ ਕਰ ਸਕਦੀ ਹੈ।,ਸੜਕ ਨੂੰ ਨੇੜਿਓਂ ਦੇਖਣਾ ਚਾਹੀਦਾ ਹੈ।,,B,"ਜੇ ਤੁਸੀਂ ਸੋਚਦੇ ਹੋ ਕਿ ਸੜਕ ਦੀ ਸਤ੍ਹਾ ਬਰਫੀਲੀ ਹੋ ਰਹੀ ਹੈ ਪਰ ਤੁਸੀਂ ਨਿਸ਼ਚਿਤ ਨਹੀਂ ਹੋ, ਤਾਂ ਤੁਸੀਂ ਆਪਣੀ ਖਿੜਕੀ ਖੋਲ੍ਹ ਸਕਦੇ ਹੋ ਅਤੇ ਸਾਈਡ ਮਿਰਰ, ਸ਼ੀਸ਼ੇ ਦੇ ਸਹਾਰੇ, ਜਾਂ ਐਂਟੀਨਾ ਦੇ ਸਾਹਮਣੇ ਮਹਿਸੂਸ ਕਰ ਸਕਦੇ ਹੋ। ਜੇਕਰ ਇਹਨਾਂ ਵਿੱਚੋਂ ਕਿਸੇ ਵੀ ਚੀਜ਼ 'ਤੇ ਬਰਫ਼ ਜੰਮ ਜਾਂਦੀ ਹੈ, ਤਾਂ ਸੜਕ ਵੀ ਬਰਫੀਲੀ ਹੋਣ ਦੀ ਸੰਭਾਵਨਾ ਹੈ।"
8771,"ਪਾਰਕਿੰਗ ਕਰਦੇ ਸਮੇਂ, ਤੁਹਾਨੂੰ ਪਾਰਕਿੰਗ ਬ੍ਰੇਕ ਦੀ ਵਰਤੋਂ ਨਹੀਂ ਕਰਨੀ ਚਾਹੀਦੀ ਜੇਕਰ:",,ਬ੍ਰੇਕ ਬਹੁਤ ਗਰਮ ਹਨ।,ਬ੍ਰੇਕ ਬਹੁਤ ਠੰਡੇ ਹਨ.,ਜ਼ਮੀਨ 'ਤੇ ਬਰਫ਼ ਹੈ।,,A,"ਜੇਕਰ ਤੁਹਾਡੇ ਬ੍ਰੇਕ ਇੱਕ ਉੱਚੇ ਦਰਜੇ ਤੋਂ ਹੇਠਾਂ ਆਉਣ ਤੋਂ ਬਾਅਦ ਗਰਮ ਹਨ, ਤਾਂ ਤੁਹਾਨੂੰ ਪਾਰਕਿੰਗ ਕਰਦੇ ਸਮੇਂ ਆਪਣੀ ਪਾਰਕਿੰਗ ਬ੍ਰੇਕ ਦੀ ਵਰਤੋਂ ਨਹੀਂ ਕਰਨੀ ਚਾਹੀਦੀ। ਪਾਰਕਿੰਗ ਬ੍ਰੇਕ ਲਗਾਉਣ ਤੋਂ ਪਹਿਲਾਂ ਆਪਣੇ ਬ੍ਰੇਕਾਂ ਨੂੰ ਠੰਡਾ ਹੋਣ ਦਿਓ ਜਾਂ ਬ੍ਰੇਕਾਂ ਨੂੰ ਨੁਕਸਾਨ ਪਹੁੰਚਾਉਣ ਦਾ ਖਤਰਾ ਹੈ।"
9872,"ਜਦੋਂ ਰੁਕੀ ਹੋਈ ਸਥਿਤੀ ਤੋਂ ਅੱਗੇ ਵਧਣਾ ਸ਼ੁਰੂ ਹੁੰਦਾ ਹੈ ਤਾਂ ਵਾਹਨ ਨੂੰ ਪਿੱਛੇ ਵੱਲ ਜਾਣ ਤੋਂ ਰੋਕਣ ਲਈ, ਤੁਹਾਨੂੰ:",,ਇੰਜਣ ਬੰਦ ਕਰੋ।,ਅੰਸ਼ਕ ਤੌਰ 'ਤੇ ਕਲਚ ਨੂੰ ਸ਼ਾਮਲ ਕਰੋ।,ਐਮਰਜੈਂਸੀ ਬ੍ਰੇਕ ਲਗਾਓ।,,B,"ਜਦੋਂ ਤੁਸੀਂ ਰੁਕੀ ਹੋਈ ਸਥਿਤੀ ਤੋਂ ਅੱਗੇ ਵਧਣਾ ਸ਼ੁਰੂ ਕਰਦੇ ਹੋ ਤਾਂ ਮੈਨੂਅਲ ਟ੍ਰਾਂਸਮਿਸ਼ਨ ਵਾਲੇ ਵਾਹਨ ਨੂੰ ਪਿੱਛੇ ਵੱਲ ਜਾਣ ਤੋਂ ਰੋਕਣ ਲਈ, ਤੁਸੀਂ ਬ੍ਰੇਕ ਪੈਡਲ ਤੋਂ ਆਪਣੇ ਪੈਰ ਨੂੰ ਹਟਾਉਣ ਤੋਂ ਪਹਿਲਾਂ ਕਲਚ ਨੂੰ ਅੰਸ਼ਕ ਤੌਰ 'ਤੇ ਜੋੜ ਸਕਦੇ ਹੋ।"
8640,ਸਿਰਫ਼ ਇੱਕ ਐਕਸਲ 'ਤੇ ABS ਹੋਣਾ:,,ਖਤਰਨਾਕ ਹੋ ਸਕਦਾ ਹੈ।,ਬ੍ਰੇਕ ਲਗਾਉਣ ਵੇਲੇ ਵੀ ਤੁਹਾਨੂੰ ਵਾਧੂ ਨਿਯੰਤਰਣ ਦੀ ਆਗਿਆ ਦਿੰਦਾ ਹੈ।,"ਵਾਹਨ ਨੂੰ ਹੌਲੀ ਕਰਦਾ ਹੈ, ਪਰ ਇਸਨੂੰ ਰੋਕ ਨਹੀਂ ਸਕਦਾ।",,B,"ਜੇਕਰ ਤੁਹਾਡੇ ਕੋਲ ਸਿਰਫ਼ ਟਰੈਕਟਰ, ਸਿਰਫ਼ ਟ੍ਰੇਲਰ, ਜਾਂ ਸਿਰਫ਼ ਇੱਕ ਐਕਸਲ 'ਤੇ ਐਂਟੀ-ਲਾਕ ਬ੍ਰੇਕਿੰਗ ਸਿਸਟਮ (ABS) ਹੈ, ਤਾਂ ਵੀ ABS ਤੋਂ ਬਿਨਾਂ ਬ੍ਰੇਕ ਲਗਾਉਣ ਵੇਲੇ ਵਾਹਨ 'ਤੇ ਤੁਹਾਡਾ ਜ਼ਿਆਦਾ ਕੰਟਰੋਲ ਹੋਵੇਗਾ। ਤੁਹਾਨੂੰ ਆਮ ਤੌਰ 'ਤੇ ਬ੍ਰੇਕ ਲਗਾਉਣੀ ਚਾਹੀਦੀ ਹੈ।"
8630,"ਜੇਕਰ ਸਪਰਿੰਗ ਬ੍ਰੇਕ ਚਾਲੂ ਹਨ, ਤਾਂ ਤੁਹਾਨੂੰ ਇਹ ਕਰਨਾ ਚਾਹੀਦਾ ਹੈ:",,ਬ੍ਰੇਕ ਪੈਡਲ ਦੀ ਵਰਤੋਂ ਨਾ ਕਰੋ।,ਐਕਸਲੇਟਰ ਦਬਾਓ।,ਸਟੀਅਰਿੰਗ ਵ੍ਹੀਲ ਨੂੰ ਹਿਲਾਓ।,,A,ਸਪਰਿੰਗ ਬ੍ਰੇਕ ਚਾਲੂ ਹੋਣ 'ਤੇ ਬ੍ਰੇਕ ਪੈਡਲ ਦੀ ਵਰਤੋਂ ਨਾ ਕਰੋ। ਇਹ ਬ੍ਰੇਕਾਂ ਨੂੰ ਸਪ੍ਰਿੰਗਜ਼ ਅਤੇ ਹਵਾ ਦੇ ਦਬਾਅ ਦੀਆਂ ਸੰਯੁਕਤ ਸ਼ਕਤੀਆਂ ਦੇ ਅਧੀਨ ਕਰਕੇ ਨੁਕਸਾਨ ਪਹੁੰਚਾ ਸਕਦਾ ਹੈ।
10681,ਸੜਕ ਦਾ ਗੁੱਸਾ ਕੀ ਹੈ?,,ਦੂਜਿਆਂ ਨੂੰ ਨੁਕਸਾਨ ਪਹੁੰਚਾਉਣ ਦੇ ਇਰਾਦੇ ਨਾਲ ਮੋਟਰ ਵਾਹਨ ਚਲਾਉਣਾ,ਇੱਕ ਮੋਟਰ ਵਾਹਨ ਚਲਾਉਣਾ ਜੋ ਅਸੁਰੱਖਿਅਤ ਮੰਨਿਆ ਜਾਂਦਾ ਹੈ,ਇੱਕ ਮੋਟਰ ਵਾਹਨ ਚਲਾਉਣਾ ਜਿਸਦਾ ਨਿਰੀਖਣ ਨਹੀਂ ਕੀਤਾ ਗਿਆ ਹੈ,,A,"ਹਮਲਾਵਰ ਡਰਾਈਵਿੰਗ ਨੂੰ ਇੱਕ ਸਵਾਰਥੀ, ਦਲੇਰ, ਜਾਂ ਧੱਕੇਸ਼ਾਹੀ ਢੰਗ ਨਾਲ ਮੋਟਰ ਵਾਹਨ ਚਲਾਉਣ ਵਜੋਂ ਪਰਿਭਾਸ਼ਿਤ ਕੀਤਾ ਗਿਆ ਹੈ। ਸੜਕ ਦੇ ਗੁੱਸੇ ਨੂੰ ਦੂਜਿਆਂ ਨੂੰ ਨੁਕਸਾਨ ਪਹੁੰਚਾਉਣ ਦੇ ਇਰਾਦੇ ਨਾਲ, ਜਾਂ ਕਿਸੇ ਹੋਰ ਡਰਾਈਵਰ ਜਾਂ ਉਹਨਾਂ ਦੇ ਵਾਹਨ 'ਤੇ ਸਰੀਰਕ ਤੌਰ 'ਤੇ ਹਮਲਾ ਕਰਨ ਦੇ ਇਰਾਦੇ ਨਾਲ ਮੋਟਰ ਵਾਹਨ ਚਲਾਉਣ ਦੇ ਰੂਪ ਵਿੱਚ ਪਰਿਭਾਸ਼ਿਤ ਕੀਤਾ ਗਿਆ ਹੈ।"
11697,ਇੱਕ ਸੰਚਾਲਨ ਕੰਟਰੋਲ ਵਾਲਵ ਇਹਨਾਂ ਨੂੰ ਨਿਯੰਤਰਿਤ ਕਰ ਸਕਦਾ ਹੈ:,,ਬਸੰਤ ਬ੍ਰੇਕ.,ਲੈਂਡਿੰਗ ਗੇਅਰ।,ਏਅਰ ਬ੍ਰੇਕ.,,A,"ਇੱਕ ਸੰਚਾਲਨ ਕੰਟਰੋਲ ਵਾਲਵ ਇੱਕ ਡਰਾਈਵਰ ਨੂੰ ਹੌਲੀ-ਹੌਲੀ ਸਪਰਿੰਗ ਬ੍ਰੇਕ ਲਗਾਉਣ ਦੀ ਆਗਿਆ ਦਿੰਦਾ ਹੈ। ਲੈਸ ਵਾਹਨਾਂ ਵਿੱਚ, ਵਾਲਵ ਨੂੰ ਡੈਸ਼ਬੋਰਡ 'ਤੇ ਸਥਿਤ ਇੱਕ ਲੀਵਰ ਦੁਆਰਾ ਨਿਯੰਤਰਿਤ ਕੀਤਾ ਜਾਂਦਾ ਹੈ।"
8632,ਐਂਟੀ-ਲਾਕ ਬ੍ਰੇਕਿੰਗ ਸਿਸਟਮ (ABS) ਨਾਲ ਲੈਸ ਵਾਹਨਾਂ ਵਿੱਚ ABS ਦੇ ਕੰਮ ਨਾ ਕਰਨ ਦਾ ਸੰਕੇਤ ਦੇਣ ਲਈ ____ ਖਰਾਬੀ ਵਾਲੇ ਲੈਂਪ ਹੁੰਦੇ ਹਨ।,,ਹਰਾ,ਨੀਲਾ,ਪੀਲਾ,,C,ABS ਵਾਲੇ ਵਾਹਨਾਂ ਵਿੱਚ ਡਰਾਈਵਰਾਂ ਨੂੰ ਚੇਤਾਵਨੀ ਦੇਣ ਲਈ ਪੀਲੇ ਖਰਾਬੀ ਵਾਲੇ ਲੈਂਪ ਹੁੰਦੇ ਹਨ ਜਦੋਂ ਬ੍ਰੇਕਿੰਗ ਸਿਸਟਮ ਕੰਮ ਨਹੀਂ ਕਰ ਰਹੇ ਹੁੰਦੇ ਹਨ। ਇੱਕ ਯਾਤਰਾ ਸ਼ੁਰੂ ਕਰਨ ਤੋਂ ਪਹਿਲਾਂ ਯਕੀਨੀ ਬਣਾਓ ਕਿ ਤੁਹਾਨੂੰ ਪਤਾ ਹੈ ਕਿ ਤੁਹਾਡੇ ਵਾਹਨ ਵਿੱਚ ਖਰਾਬ ਹੋਣ ਵਾਲਾ ਲੈਂਪ ਕਿੱਥੇ ਹੈ।
8573,ਜੇਕਰ ਖ਼ਤਰੇ ਤੋਂ ਬਚਣ ਲਈ ਮੁੜ ਰਹੇ ਹੋ:,,ਤੁਹਾਨੂੰ ਸਖ਼ਤ ਬ੍ਰੇਕ ਲਗਾਉਣੀ ਚਾਹੀਦੀ ਹੈ।,ਤੁਹਾਨੂੰ ਬ੍ਰੇਕ ਨਹੀਂ ਲਗਾਉਣੀ ਚਾਹੀਦੀ ਕਿਉਂਕਿ ਇਸ ਨਾਲ ਪਹੀਏ ਲਾਕ ਹੋ ਸਕਦੇ ਹਨ।,ਤੁਹਾਨੂੰ ਬਹੁਤ ਤੇਜ਼ੀ ਨਾਲ ਮੁੜਨਾ ਚਾਹੀਦਾ ਹੈ।,,B,ਖ਼ਤਰੇ ਤੋਂ ਬਚਣ ਲਈ ਤੁਹਾਨੂੰ ਤੇਜ਼ ਮੋੜ ਲੈਂਦੇ ਸਮੇਂ ਬ੍ਰੇਕ ਨਹੀਂ ਲਗਾਉਣੀ ਚਾਹੀਦੀ। ਅਜਿਹਾ ਕਰਨ ਨਾਲ ਤੁਹਾਡੇ ਪਹੀਏ ਲਾਕ ਹੋ ਸਕਦੇ ਹਨ ਅਤੇ ਤੁਹਾਡਾ ਵਾਹਨ ਕੰਟਰੋਲ ਤੋਂ ਬਾਹਰ ਹੋ ਸਕਦਾ ਹੈ।
8534,ਯਾਤਰਾ ਤੋਂ ਪਹਿਲਾਂ ਆਪਣੇ ਸ਼ੀਸ਼ੇ ਨੂੰ ਅਨੁਕੂਲ ਕਰਦੇ ਸਮੇਂ:,,ਤੁਹਾਡੇ ਵਾਹਨ ਦਾ ਕੋਈ ਵੀ ਹਿੱਸਾ ਕਿਸੇ ਵੀ ਸ਼ੀਸ਼ੇ ਵਿੱਚ ਦਿਖਾਈ ਨਹੀਂ ਦੇਣਾ ਚਾਹੀਦਾ।,ਤੁਹਾਡੇ ਵਾਹਨ ਦਾ ਕੁਝ ਹਿੱਸਾ ਸ਼ੀਸ਼ਿਆਂ ਵਿੱਚ ਦਿਖਾਈ ਦੇਣਾ ਚਾਹੀਦਾ ਹੈ।,ਹਰੇਕ ਸ਼ੀਸ਼ੇ ਦੇ ਅੱਧੇ ਤੋਂ ਵੱਧ ਵਾਹਨ ਨੂੰ ਦਿਖਾਉਣਾ ਚਾਹੀਦਾ ਹੈ.,,B,"ਸਹੀ ਢੰਗ ਨਾਲ ਐਡਜਸਟ ਕੀਤੇ ਜਾਣ 'ਤੇ, ਤੁਹਾਡੇ ਸ਼ੀਸ਼ੇ ਹਰੇਕ ਨੂੰ ਤੁਹਾਡੇ ਵਾਹਨ ਦਾ ਕੁਝ ਹਿੱਸਾ ਦਿਖਾਉਣਾ ਚਾਹੀਦਾ ਹੈ। ਤੁਹਾਡੇ ਆਪਣੇ ਵਾਹਨ ਨੂੰ ਆਪਣੇ ਸ਼ੀਸ਼ੇ ਵਿੱਚ ਦੇਖਣ ਦੇ ਯੋਗ ਹੋਣਾ ਤੁਹਾਨੂੰ ਦੂਜੀਆਂ ਵਸਤੂਆਂ ਦੀਆਂ ਸਥਿਤੀਆਂ ਦਾ ਨਿਰਣਾ ਕਰਨ ਵੇਲੇ ਇੱਕ ਸੰਦਰਭ ਪ੍ਰਦਾਨ ਕਰੇਗਾ।"
8570,"ਜਦੋਂ ਤੁਸੀਂ ਇੱਕ ਉੱਚੇ ਗ੍ਰੇਡ ਹੇਠਾਂ ਸਫ਼ਰ ਕਰਦੇ ਹੋ, ਤਾਂ ਤੁਸੀਂ ਹੇਠਲੇ ਗੇਅਰ ਵਿੱਚ ਸਵਿਚ ਕਰਦੇ ਹੋ:",,ਗ੍ਰੇਡ ਸ਼ੁਰੂ ਕਰਨ ਤੋਂ ਪਹਿਲਾਂ।,ਜਦੋਂ ਤੁਸੀਂ ਪਹਿਲਾਂ ਹੀ ਗ੍ਰੇਡ ਸ਼ੁਰੂ ਕਰ ਚੁੱਕੇ ਹੋ।,ਜਿੰਨਾ ਸੰਭਵ ਹੋ ਸਕੇ ਗ੍ਰੇਡ ਹੇਠਾਂ.,,A,ਹੇਠਾਂ ਵੱਲ ਦੇਖਣ ਤੋਂ ਪਹਿਲਾਂ ਤੁਹਾਨੂੰ ਆਪਣੇ ਵਾਹਨ ਦੇ ਟ੍ਰਾਂਸਮਿਸ਼ਨ ਨੂੰ ਘੱਟ ਗੇਅਰ ਵਿੱਚ ਬਦਲਣਾ ਚਾਹੀਦਾ ਹੈ। ਹੇਠਾਂ ਵੱਲ ਯਾਤਰਾ ਕਰਦੇ ਸਮੇਂ ਆਪਣੇ ਵਾਹਨ ਦੀ ਗਤੀ ਵਧਾਉਣ ਲਈ ਗੰਭੀਰਤਾ ਲਈ ਤਿਆਰ ਰਹੋ।
11881,ਬ੍ਰੇਕਿੰਗ ਮਕੈਨਿਜ਼ਮ ਅੰਦਰ ਸਥਿਤ ਹਨ:,,ਪੰਜਵਾਂ ਪਹੀਆ।,ਇੱਕ ਬ੍ਰੇਕ ਡਰੱਮ.,ਲੈਂਡਿੰਗ ਗੇਅਰ।,,B,"ਡਰੱਮ ਬ੍ਰੇਕ ਪਹੀਆਂ ਨਾਲ ਜੁੜੇ ਹੁੰਦੇ ਹਨ ਅਤੇ ਵਾਹਨ ਦੇ ਧੁਰੇ 'ਤੇ ਸਥਿਤ ਹੁੰਦੇ ਹਨ। ਬ੍ਰੇਕਿੰਗ ਵਿਧੀ ਜੋ ਵਾਹਨ ਦੇ ਰੁਕਣ ਦਾ ਕਾਰਨ ਬਣਦੀ ਹੈ, ਇੱਕ ਡਰੱਮ ਬ੍ਰੇਕ ਦੇ ਅੰਦਰ ਲੱਭੀ ਜਾ ਸਕਦੀ ਹੈ।"
11379,ਇੱਕ ਟ੍ਰੇਲਰ ਵਿੱਚ ਲਟਕਦੇ ਮੀਟ ਦੇ ਮਾਲ ਨਾਲ ਗੱਡੀ ਚਲਾਉਣਾ:,,ਗਰਮੀਆਂ ਦੇ ਮਹੀਨਿਆਂ ਦੌਰਾਨ ਨਿਰਾਸ਼ ਕੀਤਾ ਜਾਂਦਾ ਹੈ।,ਸਮੱਸਿਆ ਹੋ ਸਕਦੀ ਹੈ ਕਿਉਂਕਿ ਜਾਨਵਰ ਮਾਸ ਦੀ ਗੰਧ ਵੱਲ ਆਕਰਸ਼ਿਤ ਹੁੰਦੇ ਹਨ।,ਚੁਣੌਤੀਪੂਰਨ ਹੈ ਕਿਉਂਕਿ ਲੋਡ ਵਿੱਚ ਗੰਭੀਰਤਾ ਦਾ ਉੱਚ ਕੇਂਦਰ ਹੈ।,,C,"ਲਟਕਦੇ ਮੀਟ ਦੇ ਮਾਲ ਦੀ ਢੋਆ-ਢੁਆਈ ਕਰਦੇ ਸਮੇਂ ਇੱਕ ਆਪਰੇਟਰ ਨੂੰ ਸਾਵਧਾਨੀ ਨਾਲ ਗੱਡੀ ਚਲਾਉਣੀ ਚਾਹੀਦੀ ਹੈ। ਅਜਿਹਾ ਲੋਡ ਅਸਥਿਰ ਹੁੰਦਾ ਹੈ, ਦੋਵੇਂ ਕਿਉਂਕਿ ਇਸ ਵਿੱਚ ਗੰਭੀਰਤਾ ਦਾ ਉੱਚ ਕੇਂਦਰ ਹੁੰਦਾ ਹੈ ਅਤੇ ਕਿਉਂਕਿ ਮੀਟ ਦਾ ਝੂਲਣਾ ਵਾਹਨ ਦੇ ਡਰਾਈਵਰ ਦੇ ਪ੍ਰਬੰਧਨ ਨੂੰ ਪ੍ਰਭਾਵਿਤ ਕਰ ਸਕਦਾ ਹੈ।"
9432,ਮਿਰਰ ਐਡਜਸਟਮੈਂਟ ਦੀ ਸਹੀ ਢੰਗ ਨਾਲ ਜਾਂਚ ਕੀਤੀ ਜਾ ਸਕਦੀ ਹੈ ਜੇਕਰ:,,ਟ੍ਰੇਲਰ ਸਿੱਧਾ ਹੈ।,ਕੋਈ ਟ੍ਰੇਲਰ ਨਹੀਂ ਹੈ।,ਗੱਡੀ ਥੋੜੀ ਮੋੜ 'ਤੇ ਹੈ।,,A,"ਇੱਕ ਜਾਂ ਇੱਕ ਤੋਂ ਵੱਧ ਟ੍ਰੇਲਰਾਂ ਵਾਲੇ ਵਾਹਨ 'ਤੇ, ਸ਼ੀਸ਼ੇ ਦੀ ਵਿਵਸਥਾ ਦੀ ਸਹੀ ਜਾਂਚ ਤਾਂ ਹੀ ਕੀਤੀ ਜਾ ਸਕਦੀ ਹੈ ਜੇਕਰ ਟ੍ਰੇਲਰ ਸਿੱਧੇ ਹਨ। ਹਰ ਯਾਤਰਾ ਦੀ ਸ਼ੁਰੂਆਤ ਤੋਂ ਪਹਿਲਾਂ ਸ਼ੀਸ਼ੇ ਦੀ ਵਿਵਸਥਾ ਦੀ ਜਾਂਚ ਕੀਤੀ ਜਾਣੀ ਚਾਹੀਦੀ ਹੈ।"
8545,ਜਦੋਂ ਤੁਸੀਂ 40 ਮੀਲ ਪ੍ਰਤੀ ਘੰਟਾ ਤੋਂ ਵੱਧ ਹੌਲੀ ਸਫ਼ਰ ਕਰ ਰਹੇ ਹੋਵੋ ਤਾਂ ਤੁਹਾਨੂੰ ਆਪਣੇ ਵਾਹਨ ਦੇ ਹਰ 10 ਫੁੱਟ ਪ੍ਰਤੀ ਘੱਟ ਤੋਂ ਘੱਟ ____ ਹੇਠਲੀ ਦੂਰੀ ਬਣਾਈ ਰੱਖਣੀ ਚਾਹੀਦੀ ਹੈ।,,ਇੱਕ ਸਕਿੰਟ,ਦੋ ਸਕਿੰਟ,ਤਿੰਨ ਸਕਿੰਟ,,A,"40 ਮੀਲ ਪ੍ਰਤੀ ਘੰਟਾ ਤੋਂ ਘੱਟ ਦੀ ਸਪੀਡ 'ਤੇ, ਤੁਹਾਨੂੰ ਆਪਣੇ ਵਾਹਨ ਦੇ ਹਰ 10 ਫੁੱਟ ਲਈ ਹੇਠਾਂ ਦਿੱਤੀ ਦੂਰੀ ਦੇ ਘੱਟੋ-ਘੱਟ ਇੱਕ ਸਕਿੰਟ ਦੀ ਇਜਾਜ਼ਤ ਦੇਣੀ ਚਾਹੀਦੀ ਹੈ। ਤੇਜ਼ ਰਫ਼ਤਾਰ 'ਤੇ ਯਾਤਰਾ ਕਰਦੇ ਸਮੇਂ ਉਸੇ ਫਾਰਮੂਲੇ ਦੀ ਪਾਲਣਾ ਕਰੋ, ਫਿਰ ਆਪਣੀ ਨਿਮਨਲਿਖਤ ਦੂਰੀ ਵਿੱਚ ਇੱਕ ਵਾਧੂ ਸਕਿੰਟ ਜੋੜੋ। ਯਾਦ ਰੱਖੋ ਕਿ ਵੱਡੇ ਵਾਹਨਾਂ ਨੂੰ ਛੋਟੇ ਵਾਹਨਾਂ ਦੇ ਮੁਕਾਬਲੇ ਰੁਕਣ ਲਈ ਵਧੇਰੇ ਥਾਂ ਦੀ ਲੋੜ ਹੁੰਦੀ ਹੈ।"
8517,ਤੁਸੀਂ ਹਾਈਡ੍ਰੌਲਿਕ ਬ੍ਰੇਕਾਂ ਵਿੱਚ ਲੀਕ ਦੀ ਜਾਂਚ ਕਿਵੇਂ ਕਰ ਸਕਦੇ ਹੋ?,,"ਬ੍ਰੇਕ ਪੈਡਲ ਨੂੰ ਤਿੰਨ ਵਾਰ ਪੰਪ ਕਰੋ, ਫਿਰ ਪੈਡਲ ਨੂੰ ਪੰਜ ਸਕਿੰਟਾਂ ਲਈ ਦਬਾ ਕੇ ਰੱਖੋ। ਜੇਕਰ ਪੈਡਲ ਹਿਲਦਾ ਹੈ, ਤਾਂ ਕੋਈ ਸਮੱਸਿਆ ਹੋ ਸਕਦੀ ਹੈ।","ਬ੍ਰੇਕ ਪੈਡਲ ਨੂੰ ਜਿੱਥੋਂ ਤੱਕ ਹੋ ਸਕੇ ਹੇਠਾਂ ਵੱਲ ਧੱਕੋ ਅਤੇ ਛੱਡੋ। ਜੇਕਰ ਬ੍ਰੇਕ ਪੈਡਲ ਆਪਣੀ ਆਮ ਸਥਿਤੀ 'ਤੇ ਵਾਪਸ ਆ ਜਾਂਦਾ ਹੈ, ਤਾਂ ਕੋਈ ਸਮੱਸਿਆ ਹੋ ਸਕਦੀ ਹੈ।","ਬ੍ਰੇਕ ਪੈਡਲ ਨੂੰ ਜਿੱਥੋਂ ਤੱਕ ਹੋ ਸਕੇ ਹੇਠਾਂ ਵੱਲ ਧੱਕੋ ਅਤੇ ਛੱਡੋ। ਜੇਕਰ ਬ੍ਰੇਕ ਚੀਕਦੀ ਹੈ, ਤਾਂ ਕੋਈ ਸਮੱਸਿਆ ਹੋ ਸਕਦੀ ਹੈ।",,A,"ਪੰਜ ਸਕਿੰਟਾਂ ਲਈ ਪੈਡਲ 'ਤੇ ਮਜ਼ਬੂਤ ​​ਦਬਾਅ ਪਾਉਣ ਤੋਂ ਪਹਿਲਾਂ ਬ੍ਰੇਕ ਪੈਡਲ ਨੂੰ ਤਿੰਨ ਵਾਰ ਪੰਪ ਕਰਕੇ ਹਾਈਡ੍ਰੌਲਿਕ ਬ੍ਰੇਕਾਂ ਦੀ ਜਾਂਚ ਕਰੋ। ਪੈਡਲ ਨੂੰ ਹਿਲਾਉਣਾ ਨਹੀਂ ਚਾਹੀਦਾ। ਜੇਕਰ ਅਜਿਹਾ ਹੁੰਦਾ ਹੈ, ਤਾਂ ਬ੍ਰੇਕਿੰਗ ਸਿਸਟਮ ਵਿੱਚ ਲੀਕ ਜਾਂ ਕੋਈ ਹੋਰ ਸਮੱਸਿਆ ਹੋ ਸਕਦੀ ਹੈ।"
8504,____ ਦੀ ਇੱਕ ਟ੍ਰੇਡ ਡੂੰਘਾਈ ਇੱਕ ਟਾਇਰ ਦੇ ਹਰ ਵੱਡੇ ਗਰੋਵ ਵਿੱਚ ਹੋਣੀ ਚਾਹੀਦੀ ਹੈ ਜੋ ਕਿ ਵਪਾਰਕ ਮੋਟਰ ਵਾਹਨ ਦੇ ਸਾਹਮਣੇ ਨਹੀਂ ਹੈ।,,ਇੱਕ ਇੰਚ ਦਾ 1/32,ਇੱਕ ਇੰਚ ਦਾ 2/32,ਇੱਕ ਇੰਚ ਦਾ 4/32,,B,"ਸੁਰੱਖਿਅਤ ਸੰਚਾਲਨ ਲਈ, ਇੱਕ ਵਪਾਰਕ ਮੋਟਰ ਵਾਹਨ ਨੂੰ ਅਗਲੇ ਟਾਇਰਾਂ 'ਤੇ ਹਰੇਕ ਵੱਡੇ ਗਰੋਵ ਵਿੱਚ ਇੱਕ ਇੰਚ ਦੇ 4/32 ਦੀ ਡੂੰਘਾਈ, ਅਤੇ ਦੂਜੇ ਟਾਇਰਾਂ 'ਤੇ ਇੱਕ ਇੰਚ ਦੇ 2/32 ਦੀ ਡੂੰਘਾਈ ਦੀ ਲੋੜ ਹੁੰਦੀ ਹੈ।"
9255,ਰੈਂਪ ਦੀ ਪੋਸਟ ਕੀਤੀ ਗਤੀ ਸੀਮਾ:,,ਸਾਰੇ ਵਾਹਨਾਂ ਲਈ ਢੁਕਵਾਂ ਹੈ।,"ਕੁਝ ਵਾਹਨਾਂ ਲਈ ਢੁਕਵਾਂ ਹੈ, ਪਰ ਇੱਕ ਵੱਡੇ CMV ਲਈ ਬਹੁਤ ਤੇਜ਼ ਹੋ ਸਕਦਾ ਹੈ।",ਸਿਰਫ਼ ਇੱਕ ਸੁਝਾਅ ਹੈ ਅਤੇ ਇਸ ਤੋਂ ਵੱਧ ਹੋ ਸਕਦਾ ਹੈ।,,B,"ਬਾਹਰ ਨਿਕਲਣ ਅਤੇ ਪ੍ਰਵੇਸ਼ ਦੁਆਰ ਰੈਂਪਾਂ 'ਤੇ ਪੋਸਟ ਕੀਤੀਆਂ ਗਤੀ ਸੀਮਾਵਾਂ ਅਕਸਰ ਸਪੀਡ ਦਿਖਾਉਂਦੀਆਂ ਹਨ ਜੋ ਕਾਰਾਂ ਦੁਆਰਾ ਚਲਾਉਣ ਲਈ ਸੁਰੱਖਿਅਤ ਹਨ। ਹਾਲਾਂਕਿ, ਇਹ ਸਪੀਡ ਸੀਮਾ ਵੱਡੇ ਜਾਂ ਭਾਰੀ-ਲੋਡ ਵਾਲੇ ਵਾਹਨਾਂ ਲਈ ਬਹੁਤ ਤੇਜ਼ ਹੋ ਸਕਦੀ ਹੈ ਅਤੇ CMV ਡਰਾਈਵਰਾਂ ਨੂੰ ਸੰਭਾਵਤ ਤੌਰ 'ਤੇ ਪੋਸਟ ਕੀਤੀ ਗਈ ਸੀਮਾ ਤੋਂ ਹੇਠਾਂ ਦੀ ਗਤੀ ਨੂੰ ਹੌਲੀ ਕਰਨ ਦੀ ਲੋੜ ਹੋਵੇਗੀ।"
9234,ਹੇਠਾਂ ਦਿੱਤੇ ਵਾਹਨਾਂ ਵਿੱਚੋਂ ਕਿਸ ਨੂੰ ਡਰਾਈਵਰ ਨੂੰ CDL ਰੱਖਣ ਦੀ ਲੋੜ ਵਿੱਚ ਛੋਟ ਨਹੀਂ ਦਿੱਤੀ ਗਈ ਹੈ?,,ਇੱਕ ਫੌਜੀ ਵਾਹਨ,ਇੱਕ ਸਕੂਲ ਬੱਸ,ਇੱਕ ਐਮਰਜੈਂਸੀ ਵਾਹਨ,,B,"ਕੁਝ ਸ਼ਰਤਾਂ ਦੇ ਅਧੀਨ, ਇੱਕ CDL ਨੂੰ ਫੌਜੀ ਵਾਹਨਾਂ, ਅਧਿਕਾਰਤ ਐਮਰਜੈਂਸੀ ਵਾਹਨਾਂ, ਫਾਰਮ ਉਪਕਰਣਾਂ, ਜਾਂ ਮਨੋਰੰਜਨ ਵਾਹਨਾਂ ਨੂੰ ਚਲਾਉਣ ਦੀ ਲੋੜ ਨਹੀਂ ਹੈ। ਇੱਕ ਸਿੱਧੇ ਟਰੱਕ ਨੂੰ ਚਲਾਉਣ ਲਈ ਵੀ ਇਸਦੀ ਲੋੜ ਨਹੀਂ ਹੈ ਜਿਸ ਵਿੱਚ ਸਿਰਫ਼ ਤੁਹਾਡੀ ਨਿੱਜੀ ਜਾਇਦਾਦ ਹੈ ਜੋ ਤੁਸੀਂ ਨਹੀਂ ਵੇਚ ਰਹੇ ਹੋ।"
8589,"ਦੁਰਘਟਨਾ ਤੋਂ ਬਾਅਦ, ਫਲੇਅਰਾਂ ਨੂੰ ਸਾਵਧਾਨੀ ਨਾਲ ਵਰਤਿਆ ਜਾਣਾ ਚਾਹੀਦਾ ਹੈ ਕਿਉਂਕਿ:",,ਹੋ ਸਕਦਾ ਹੈ ਕਿ ਜ਼ਮੀਨ 'ਤੇ ਡਿੱਗਿਆ ਬਾਲਣ ਹੋਵੇ ਜੋ ਅੱਗ ਨੂੰ ਫੜ ਸਕਦਾ ਹੈ।,ਜੇਕਰ ਮੌਸਮ ਧੁੱਪ ਵਾਲਾ ਹੋਵੇ ਤਾਂ ਹੋਰ ਡਰਾਈਵਰਾਂ ਨੂੰ ਅੱਗ ਦੀਆਂ ਲਪਟਾਂ ਨਜ਼ਰ ਨਹੀਂ ਆਉਂਦੀਆਂ।,ਫਲੇਅਰਸ ਮਹਿੰਗੇ ਹਨ।,,A,ਦੁਰਘਟਨਾ ਦੇ ਬਾਅਦ ਵਾਹਨਾਂ ਨੂੰ ਅੱਗ ਲੱਗਣ ਦਾ ਇੱਕ ਆਮ ਕਾਰਨ ਫੈਲੇ ਹੋਏ ਬਾਲਣ ਦੇ ਨੇੜੇ ਫਲੇਅਰਾਂ ਦੀ ਗਲਤ ਵਰਤੋਂ ਹੈ। ਸਾਵਧਾਨੀ ਨਾਲ ਫਲੇਅਰਸ ਦੀ ਵਰਤੋਂ ਕਰੋ।
11906,"ਜੇਕਰ ਤੁਸੀਂ ਸੁੱਕੇ ਫੁੱਟਪਾਥ 'ਤੇ 55 ਮੀਲ ਪ੍ਰਤੀ ਘੰਟਾ ਦੀ ਰਫ਼ਤਾਰ ਨਾਲ ਸਫ਼ਰ ਕਰਦੇ ਹੋਏ ਬ੍ਰੇਕ ਲਗਾ ਰਹੇ ਹੋ, ਤਾਂ ਬ੍ਰੇਕ ਲੈਗ ਤੁਹਾਡੀ ਸਮੁੱਚੀ ਸਟਾਪਿੰਗ ਦੂਰੀ ਨੂੰ ਕਿੰਨੀ ਦੂਰੀ ਵਧਾਏਗੀ?",,32 ਫੁੱਟ,45 ਫੁੱਟ,20 ਫੁੱਟ,,A,"ਏਅਰ ਬ੍ਰੇਕਾਂ ਨਾਲ ਲੈਸ ਵਾਹਨਾਂ ਲਈ ਕੁੱਲ ਰੁਕਣ ਦੀ ਦੂਰੀ ਚਾਰ ਕਾਰਕਾਂ ਨਾਲ ਬਣੀ ਹੈ: ਧਾਰਨਾ ਦੂਰੀ, ਪ੍ਰਤੀਕ੍ਰਿਆ ਦੂਰੀ, ਬ੍ਰੇਕ ਲੈਗ ਦੂਰੀ, ਅਤੇ ਬ੍ਰੇਕਿੰਗ ਦੂਰੀ। ਜਦੋਂ ਸੁੱਕੇ ਫੁੱਟਪਾਥ 'ਤੇ ਗੱਡੀ ਚਲਾਉਂਦੇ ਹੋਏ 55 mph ਦੀ ਰਫਤਾਰ ਨਾਲ ਬ੍ਰੇਕ ਲਗਾਉਂਦੇ ਹੋ, ਤਾਂ ਬ੍ਰੇਕ ਲੈਗ ਵਾਹਨ ਦੀ ਕੁੱਲ ਰੁਕਣ ਦੀ ਦੂਰੀ ਵਿੱਚ ਲਗਭਗ 32 ਫੁੱਟ ਜੋੜ ਸਕਦੀ ਹੈ।"
9605,ਬ੍ਰੇਕ ਲਗਾਉਣ ਵੇਲੇ ਵ੍ਹੀਲ ਲਾਕਅਪ ਨੂੰ ਰੋਕਣ ਵਿੱਚ ਕੀ ਮਦਦ ਕਰਦਾ ਹੈ?,,ਇੱਕ ਐਂਟੀ-ਲਾਕ ਬ੍ਰੇਕਿੰਗ ਸਿਸਟਮ (ABS),ਏਅਰ ਬ੍ਰੇਕ,ਇੱਕ ਵਿਕਲਪਕ,,A,ਐਂਟੀ-ਲਾਕ ਬ੍ਰੇਕਿੰਗ ਸਿਸਟਮ (ਏ.ਬੀ.ਐੱਸ.) ਦਾ ਉਦੇਸ਼ ਬ੍ਰੇਕਾਂ ਦੇ ਲਾਗੂ ਹੋਣ ਦੌਰਾਨ ਵ੍ਹੀਲ ਲਾਕਅੱਪ ਨੂੰ ਰੋਕਣਾ ਹੈ।
11691,"ਇੱਕ ਦੋਹਰੀ ਏਅਰ ਬ੍ਰੇਕ ਸਿਸਟਮ ਵਿੱਚ, ਇੱਕ ਸਿਸਟਮ ਵਿੱਚ ਇੱਕ ਲੀਕ:",,ਹਮੇਸ਼ਾ ਦਾ ਮਤਲਬ ਹੈ ਕਿ ਦੋਵਾਂ ਪ੍ਰਣਾਲੀਆਂ ਵਿੱਚ ਲੀਕ ਹਨ।,ਦੂਜੇ ਸਿਸਟਮ ਨੂੰ ਪ੍ਰਭਾਵਿਤ ਨਹੀਂ ਕਰ ਸਕਦਾ।,ਚਿੰਤਾ ਕਰਨ ਵਾਲੀ ਕੋਈ ਚੀਜ਼ ਨਹੀਂ ਹੈ।,,B,"ਇੱਕ ਡੁਅਲ ਏਅਰ ਬ੍ਰੇਕ ਸਿਸਟਮ ਦੋ ਵੱਖ-ਵੱਖ ਏਅਰ ਬ੍ਰੇਕ ਪ੍ਰਣਾਲੀਆਂ ਦਾ ਬਣਿਆ ਹੁੰਦਾ ਹੈ। ਜੇ ਇੱਕ ਸਿਸਟਮ ਵਿੱਚ ਹਵਾ ਦਾ ਲੀਕ ਹੁੰਦਾ ਹੈ, ਤਾਂ ਇਹ ਦੂਜੇ ਨੂੰ ਪ੍ਰਭਾਵਿਤ ਨਹੀਂ ਕਰ ਸਕਦਾ ਹੈ।"
8524,"ਟ੍ਰੇਲਰ ਦੇ ਨਾਲ ਸਮਰਥਨ ਕਰਦੇ ਸਮੇਂ, ਤੁਹਾਨੂੰ ਇਹਨਾਂ ਦੁਆਰਾ ਸ਼ੁਰੂ ਕਰਨਾ ਚਾਹੀਦਾ ਹੈ:",,ਸਟੀਅਰਿੰਗ ਵੀਲ ਨੂੰ ਮੋੜ ਦੀ ਦਿਸ਼ਾ ਵਿੱਚ ਮੋੜਨਾ।,ਸਟੀਅਰਿੰਗ ਵ੍ਹੀਲ ਨੂੰ ਮੋੜ ਦੇ ਉਲਟ ਦਿਸ਼ਾ ਵਿੱਚ ਮੋੜਨਾ।,ਜਿੰਨਾ ਸੰਭਵ ਹੋ ਸਕੇ ਪਹੀਏ ਨੂੰ ਤੇਜ਼ੀ ਨਾਲ ਮੋੜੋ.,,B,"ਟ੍ਰੇਲਰ ਨਾਲ ਬੈਕ ਕਰਦੇ ਸਮੇਂ, ਸਟੀਅਰਿੰਗ ਵ੍ਹੀਲ ਨੂੰ ਮੋੜ ਦੇ ਉਲਟ ਦਿਸ਼ਾ ਵਿੱਚ ਮੋੜ ਕੇ ਸ਼ੁਰੂ ਕਰੋ। ਇੱਕ ਵਾਰ ਜਦੋਂ ਟ੍ਰੇਲਰ ਮੋੜਨਾ ਸ਼ੁਰੂ ਕਰ ਦਿੰਦਾ ਹੈ, ਤਾਂ ਟ੍ਰੇਲਰ ਦਾ ਅਨੁਸਰਣ ਕਰਨ ਲਈ ਸਟੀਅਰਿੰਗ ਵ੍ਹੀਲ ਦੀ ਦਿਸ਼ਾ ਉਲਟਾਓ।"
9226,ਜੇਕਰ ਤੁਹਾਡਾ ਨਿੱਜੀ ਵਾਹਨ ਚਲਾਉਣ ਦਾ ਲਾਇਸੈਂਸ ਰੱਦ ਜਾਂ ਮੁਅੱਤਲ ਕੀਤਾ ਗਿਆ ਹੈ:,,ਤੁਸੀਂ ਇੱਕ CMV ਨੂੰ ਚਲਾਉਣ ਲਈ ਇੱਕ ਮੁਸ਼ਕਲ ਲਾਇਸੈਂਸ ਪ੍ਰਾਪਤ ਕਰ ਸਕਦੇ ਹੋ।,ਤੁਸੀਂ CMV ਨੂੰ ਚਲਾਉਣ ਲਈ ਹਾਰਡਸ਼ਿਪ ਲਾਇਸੰਸ ਪ੍ਰਾਪਤ ਨਹੀਂ ਕਰ ਸਕਦੇ ਹੋ।,ਤੁਹਾਡਾ CDL ਪ੍ਰਭਾਵਿਤ ਨਹੀਂ ਹੋਵੇਗਾ।,,B,"ਜੇਕਰ ਤੁਹਾਡੇ ਨਿੱਜੀ ਵਾਹਨ ਨੂੰ ਚਲਾਉਣ ਲਈ ਤੁਹਾਡਾ ਲਾਇਸੰਸ ਰੱਦ, ਰੱਦ ਜਾਂ ਮੁਅੱਤਲ ਕਰ ਦਿੱਤਾ ਜਾਂਦਾ ਹੈ, ਤਾਂ ਹੋ ਸਕਦਾ ਹੈ ਕਿ ਤੁਸੀਂ CMV ਚਲਾਉਣ ਲਈ ਹਾਰਡਸ਼ਿਪ ਲਾਇਸੈਂਸ ਪ੍ਰਾਪਤ ਨਾ ਕਰੋ।"
8498,ਲੋਡ ਦੀ ਅਧਿਕਤਮ ਉਚਾਈ ਹੈ:,,ਅੱਠ ਫੁੱਟ.,10 ਫੁੱਟ.,14 ਫੁੱਟ.,,C,"ਕੈਲੀਫੋਰਨੀਆ ਵਿੱਚ, ਇੱਕ ਵਾਹਨ ਅਤੇ/ਜਾਂ ਲੋਡ ਲਈ ਅਧਿਕਤਮ ਉਚਾਈ 14 ਫੁੱਟ ਹੈ, ਜਿਵੇਂ ਕਿ ਸੜਕ ਦੀ ਸਤ੍ਹਾ ਤੋਂ ਮਾਪਿਆ ਜਾਂਦਾ ਹੈ। ਫਾਰਮ ਉਪਕਰਣ ਜੋ ਇਤਫਾਕ ਨਾਲ ਹਾਈਵੇਅ ਦੇ ਪਾਰ ਚਲਾਏ ਜਾਂਦੇ ਹਨ ਇਸ ਅਧਿਕਤਮ ਤੋਂ ਵੱਧ ਹੋ ਸਕਦੇ ਹਨ। ਡਬਲ-ਡੈਕ ਬੱਸਾਂ ਸੜਕ ਦੀ ਸਤ੍ਹਾ ਤੋਂ 14 ਫੁੱਟ, 3 ਇੰਚ ਮਾਪ ਸਕਦੀਆਂ ਹਨ।"
8627,ਜੇਕਰ ਏਅਰ ਬ੍ਰੇਕ ਸਿਸਟਮ ਵਿੱਚ ਹਵਾ ਦਾ ਦਬਾਅ ਬਹੁਤ ਘੱਟ ਹੋ ਜਾਵੇ ਤਾਂ ਕੀ ਹੋ ਸਕਦਾ ਹੈ?,,ਬ੍ਰੇਕ ਚੀਕ ਸਕਦੇ ਹਨ।,ਬ੍ਰੇਕਾਂ ਕੰਮ ਕਰਨਾ ਬੰਦ ਕਰ ਸਕਦੀਆਂ ਹਨ।,ਬ੍ਰੇਕ ਸੁਸਤ ਹੋ ਸਕਦੇ ਹਨ।,,B,ਬ੍ਰੇਕ ਪੈਡਲ ਨੂੰ ਬੇਲੋੜੇ ਤੌਰ 'ਤੇ ਦਬਾਉਣ ਅਤੇ ਛੱਡਣ ਨਾਲ ਬ੍ਰੇਕਿੰਗ ਸਿਸਟਮ ਤੋਂ ਹਵਾ ਨੂੰ ਕੰਪ੍ਰੈਸਰ ਦੀ ਥਾਂ ਲੈਣ ਨਾਲੋਂ ਤੇਜ਼ੀ ਨਾਲ ਬਾਹਰ ਨਿਕਲ ਸਕਦਾ ਹੈ। ਜੇਕਰ ਦਬਾਅ ਬਹੁਤ ਘੱਟ ਹੋ ਜਾਂਦਾ ਹੈ ਤਾਂ ਏਅਰ ਬ੍ਰੇਕ ਪ੍ਰਭਾਵਸ਼ਾਲੀ ਢੰਗ ਨਾਲ ਕੰਮ ਕਰਨਾ ਬੰਦ ਕਰ ਸਕਦੇ ਹਨ।
9258,"ਜਦੋਂ ਡਰਾਈਵਰ ਮੁੜਦੇ ਹਨ, ਉਹ ਆਮ ਤੌਰ 'ਤੇ:",,ਮੋੜ ਦੀ ਦਿਸ਼ਾ ਵੱਲ ਦੇਖੋ।,ਮੋੜ ਦੇ ਉਲਟ ਦਿਸ਼ਾ ਵੱਲ ਦੇਖੋ।,ਉਨ੍ਹਾਂ ਦੀਆਂ ਗੱਡੀਆਂ ਦੇ ਪਿੱਛੇ ਦੇਖੋ।,,A,"ਮੋੜਨ ਵੇਲੇ, ਡਰਾਈਵਰ ਆਮ ਤੌਰ 'ਤੇ ਆਪਣੀ ਵਾਰੀ ਦੀ ਦਿਸ਼ਾ ਵੱਲ ਦੇਖਦੇ ਹਨ। ਜੇਕਰ ਕੋਈ ਡਰਾਈਵਰ ਮੋੜ ਜਾਂ ਲੇਨ ਬਦਲਣ ਤੋਂ ਪਹਿਲਾਂ ਸਿਗਨਲ ਦੇਣ ਵਿੱਚ ਅਸਫਲ ਰਹਿੰਦਾ ਹੈ, ਤਾਂ ਉਹਨਾਂ ਦੇ ਸਰੀਰ ਦੀਆਂ ਹਰਕਤਾਂ ਅਜੇ ਵੀ ਇੱਕ ਸੁਰਾਗ ਪ੍ਰਦਾਨ ਕਰ ਸਕਦੀਆਂ ਹਨ ਕਿ ਉਹ ਮੋੜਨ ਦੀ ਯੋਜਨਾ ਬਣਾ ਰਹੇ ਹਨ।"
9270,ਗੱਡੀ ਚਲਾਉਂਦੇ ਸਮੇਂ ਸੁਸਤੀ ਨੂੰ ਰੋਕਣ ਦਾ ਇੱਕ ਤਰੀਕਾ ਹੈ:,,ਇਕੱਲੇ ਗੱਡੀ ਚਲਾਓ।,ਨਿਯਮਤ ਕਸਰਤ ਤੋਂ ਪਰਹੇਜ਼ ਕਰੋ।,ਯਾਤਰਾ ਤੋਂ ਪਹਿਲਾਂ ਰਾਤ ਨੂੰ ਲੋੜੀਂਦੀ ਨੀਂਦ ਲਓ।,,C,ਥਕਾਵਟ ਦੇ ਦੌਰਾਨ ਗੱਡੀ ਚਲਾਉਣਾ ਬਹੁਤ ਖਤਰਨਾਕ ਹੋ ਸਕਦਾ ਹੈ। ਗੱਡੀ ਚਲਾਉਂਦੇ ਸਮੇਂ ਸੁਸਤੀ ਨੂੰ ਰੋਕਣ ਲਈ ਰਣਨੀਤੀਆਂ ਵਿੱਚ ਯਾਤਰਾ ਤੋਂ ਪਹਿਲਾਂ ਪੂਰੀ ਰਾਤ ਦੀ ਨੀਂਦ ਲੈਣਾ ਸ਼ਾਮਲ ਹੈ; ਕਿਸੇ ਨੂੰ ਤੁਹਾਡੇ ਨਾਲ ਸਵਾਰ ਹੋਣਾ; ਉਹਨਾਂ ਸਮਿਆਂ ਲਈ ਯਾਤਰਾਵਾਂ ਦਾ ਸਮਾਂ ਨਿਯਤ ਕਰਨਾ ਜਿਸ ਦੌਰਾਨ ਤੁਸੀਂ ਆਮ ਤੌਰ 'ਤੇ ਜਾਗਦੇ ਹੋ; ਅਤੇ ਦਵਾਈਆਂ ਤੋਂ ਪਰਹੇਜ਼ ਕਰਨਾ ਜੋ ਸੁਸਤੀ ਦਾ ਕਾਰਨ ਬਣ ਸਕਦੀਆਂ ਹਨ। ਨਿਯਮਿਤ ਤੌਰ 'ਤੇ ਕਸਰਤ ਕਰਨ ਨਾਲ ਤੁਹਾਡੇ ਊਰਜਾ ਦੇ ਪੱਧਰਾਂ ਵਿੱਚ ਵਾਧਾ ਹੋ ਸਕਦਾ ਹੈ ਅਤੇ ਗੱਡੀ ਚਲਾਉਣ ਦੌਰਾਨ ਤੁਹਾਨੂੰ ਥੱਕੇ ਹੋਣ ਦੀ ਸੰਭਾਵਨਾ ਘੱਟ ਹੋ ਸਕਦੀ ਹੈ।
8559,ਇਹਨਾਂ ਵਿੱਚੋਂ ਕਿਹੜਾ ਥਕਾਵਟ ਦੀ ਨਿਸ਼ਾਨੀ ਨਹੀਂ ਹੈ?,,"ਫੋਕਸ ਕਰਨ ਵਿੱਚ ਮੁਸ਼ਕਲ, ਅਕਸਰ ਝਪਕਦੇ ਹੋਏ",ਵਾਰ-ਵਾਰ ਉਬਾਲਣਾ ਜਾਂ ਅੱਖਾਂ ਨੂੰ ਰਗੜਨਾ,ਆਪਣੀ ਲੇਨ ਵਿੱਚ ਰਹਿਣਾ,,C,"ਥਕਾਵਟ ਦੇ ਸੰਭਾਵੀ ਚੇਤਾਵਨੀ ਸੰਕੇਤਾਂ ਵਿੱਚ ਫੋਕਸ ਕਰਨ ਵਿੱਚ ਮੁਸ਼ਕਲ, ਵਾਰ-ਵਾਰ ਝਪਕਣਾ, ਜਾਂ ਭਾਰੀ ਪਲਕਾਂ ਸ਼ਾਮਲ ਹਨ; ਵਾਰ-ਵਾਰ ਉਬਾਸੀ ਲੈਣਾ ਜਾਂ ਆਪਣੀਆਂ ਅੱਖਾਂ ਨੂੰ ਰਗੜਨਾ; ਦਿਨ ਦੇ ਸੁਪਨੇ ਦੇਖਣਾ; ਭਟਕਣਾ ਜਾਂ ਡਿਸਕਨੈਕਟ ਕੀਤੇ ਵਿਚਾਰ; ਤੁਹਾਡੇ ਦੁਆਰਾ ਚਲਾਏ ਗਏ ਪਿਛਲੇ ਕੁਝ ਮੀਲ ਨੂੰ ਯਾਦ ਕਰਨ ਵਿੱਚ ਮੁਸ਼ਕਲ; ਗੁੰਮ ਨਿਕਾਸ ਜਾਂ ਟ੍ਰੈਫਿਕ ਚਿੰਨ੍ਹ; ਆਪਣੇ ਸਿਰ ਨੂੰ ਉੱਪਰ ਰੱਖਣ ਵਿੱਚ ਮੁਸ਼ਕਲ ਆ ਰਹੀ ਹੈ; ਤੁਹਾਡੀ ਲੇਨ ਤੋਂ ਵਹਿਣਾ; ਬਹੁਤ ਨੇੜਿਓਂ ਪਾਲਣਾ; ਇੱਕ ਮੋਢੇ ਦੀ ਰੰਬਲ ਪੱਟੀ ਨੂੰ ਮਾਰਨਾ; ਜਾਂ ਬੇਚੈਨ ਅਤੇ ਚਿੜਚਿੜਾ ਮਹਿਸੂਸ ਕਰਨਾ।"
11681,"ਇੱਕ ਲਾਗੂ ਲੀਕੇਜ ਟੈਸਟ ਦੇ ਦੌਰਾਨ, ਏਅਰ ਬ੍ਰੇਕਾਂ ਵਾਲੇ ਇੱਕ ਵਾਹਨ ਲਈ ਵੱਧ ਤੋਂ ਵੱਧ ਲੀਕੇਜ ਦਰ ਹੈ:",,ਇੱਕ ਮਿੰਟ ਵਿੱਚ 3 ਪੀ.ਐਸ.ਆਈ.,ਇੱਕ ਮਿੰਟ ਵਿੱਚ 6 ਪੀ.ਐਸ.ਆਈ.,ਇੱਕ ਮਿੰਟ ਵਿੱਚ 8 ਪੀ.ਐਸ.ਆਈ.,,A,ਤੁਹਾਡੇ ਖਾਸ ਵਾਹਨ ਲਈ ਵੱਧ ਤੋਂ ਵੱਧ ਹਵਾ ਦੇ ਨੁਕਸਾਨ ਦੀ ਦਰ ਨੂੰ ਜਾਣਨਾ ਮਹੱਤਵਪੂਰਨ ਹੈ। ਏਅਰ ਬ੍ਰੇਕ ਵਾਲੇ ਇੱਕ ਵਾਹਨ ਦੀ ਇੱਕ ਲਾਗੂ ਲੀਕੇਜ ਟੈਸਟ ਦੌਰਾਨ ਇੱਕ ਮਿੰਟ ਵਿੱਚ ਲੀਕੇਜ ਦੀ ਦਰ 3 psi ਤੋਂ ਵੱਧ ਨਹੀਂ ਹੋਣੀ ਚਾਹੀਦੀ।
gk_wz_001,"ਹਾਈਵੇਅ ਵਰਕ ਜ਼ੋਨ ਤੱਕ ਪਹੁੰਚਣ ਵੇਲੇ, ਤੁਹਾਨੂੰ ਇਹ ਕਰਨਾ ਚਾਹੀਦਾ ਹੈ:",,ਹੌਲੀ ਕਰੋ ਅਤੇ ਆਪਣੀ ਹੇਠਲੀ ਦੂਰੀ ਵਧਾਓ।,ਟ੍ਰੈਫਿਕ ਦੇ ਪ੍ਰਵਾਹ ਵਿੱਚ ਵਿਘਨ ਤੋਂ ਬਚਣ ਲਈ ਆਪਣੀ ਗਤੀ ਬਣਾਈ ਰੱਖੋ।,ਸਿਰਫ਼ ਖੱਬੇ ਲੇਨ ਵਿੱਚ ਚਲੇ ਜਾਓ ਜੇਕਰ ਕਰਮਚਾਰੀ ਦਿਖਾਈ ਦੇਣ।,,A,"ਕੰਮ ਵਾਲੇ ਖੇਤਰਾਂ ਨੂੰ ਵਾਧੂ ਸਾਵਧਾਨੀ ਦੀ ਲੋੜ ਹੈ। ਤੁਹਾਨੂੰ ਹੌਲੀ ਹੋ ਜਾਣਾ ਚਾਹੀਦਾ ਹੈ, ਆਪਣੀ ਨਿਮਨਲਿਖਤ ਦੂਰੀ ਨੂੰ ਵਧਾਉਣਾ ਚਾਹੀਦਾ ਹੈ, ਅਤੇ ਕਰਮਚਾਰੀਆਂ, ਸਾਜ਼ੋ-ਸਾਮਾਨ, ਜਾਂ ਸੜਕ ਦੀਆਂ ਸਥਿਤੀਆਂ ਵਿੱਚ ਤਬਦੀਲੀਆਂ ਲਈ ਅਚਾਨਕ ਰੁਕਣ ਲਈ ਤਿਆਰ ਰਹਿਣਾ ਚਾਹੀਦਾ ਹੈ।"
gk_wz_002,"ਹਾਈਵੇਅ ਵਰਕ ਜ਼ੋਨ ਵਿੱਚ, ਪੋਸਟ ਕੀਤੀ ਗਤੀ ਸੀਮਾ:",,"ਸਿਰਫ਼ ਯਾਤਰੀ ਵਾਹਨਾਂ ਲਈ ਇੱਕ ਸੁਝਾਅ ਹੈ, ਵਪਾਰਕ ਟਰੱਕਾਂ ਲਈ ਨਹੀਂ।",ਵਪਾਰਕ ਟਰੱਕਾਂ ਸਮੇਤ ਸਾਰੇ ਵਾਹਨਾਂ 'ਤੇ ਲਾਗੂ ਹੁੰਦਾ ਹੈ।,ਜੇਕਰ ਕੰਮ ਖੇਤਰ ਖਾਲੀ ਹੈ ਤਾਂ 10 ਮੀਲ ਪ੍ਰਤੀ ਘੰਟਾ ਤੋਂ ਵੱਧ ਹੋ ਸਕਦਾ ਹੈ।,,B,ਪੋਸਟ ਕੀਤੀ ਗਈ ਵਰਕ ਜ਼ੋਨ ਸਪੀਡ ਸੀਮਾ ਵੱਡੇ ਵਪਾਰਕ ਟਰੱਕਾਂ ਸਮੇਤ ਸਾਰੇ ਵਾਹਨਾਂ 'ਤੇ ਲਾਗੂ ਹੁੰਦੀ ਹੈ। ਕੈਲੀਫੋਰਨੀਆ ਵਿੱਚ ਕੰਮ ਵਾਲੇ ਖੇਤਰਾਂ ਵਿੱਚ ਤੇਜ਼ ਰਫ਼ਤਾਰ ਲਈ ਜੁਰਮਾਨੇ ਆਮ ਤੌਰ 'ਤੇ ਦੁੱਗਣੇ ਕੀਤੇ ਜਾਂਦੇ ਹਨ।
gk_wz_003,ਕੰਮ ਵਾਲੇ ਖੇਤਰ ਵਿੱਚ ਫਲੈਗਰ ਟ੍ਰੈਫਿਕ ਨੂੰ ਰੋਕਣ ਲਈ ਕੀ ਵਰਤਦਾ ਹੈ?,,ਇੱਕ ਲਾਲ ਝੰਡਾ ਜਾਂ ਇੱਕ ਪਾਸੇ STOP ਵਾਲਾ ਚਿੰਨ੍ਹ।,ਸਿਰਫ਼ ਇੱਕ ਪੀਲੀ ਵੇਸਟ ਅਤੇ ਹੱਥ ਦੇ ਸੰਕੇਤ।,ਇੱਕ ਬੁਲਹੌਰਨ ਅਤੇ ਟ੍ਰੈਫਿਕ ਕੋਨ।,,A,ਫਲੈਗਰ ਇੱਕ ਲਾਲ ਝੰਡੇ ਜਾਂ ਪੈਡਲ-ਕਿਸਮ ਦੇ ਚਿੰਨ੍ਹ ਦੀ ਵਰਤੋਂ ਕਰਦੇ ਹਨ ਜਿਸ ਵਿੱਚ ਇੱਕ ਪਾਸੇ STOP ਅਤੇ ਦੂਜੇ ਪਾਸੇ ਹੌਲੀ ਕੰਮ ਹੁੰਦਾ ਹੈ।
gk_wz_004,"ਜਦੋਂ ਤੁਸੀਂ ਕੰਮ ਦੇ ਖੇਤਰ ਵਿੱਚ ਸੰਤਰੀ ਨਿਰਮਾਣ ਚਿੰਨ੍ਹ ਅਤੇ ਸ਼ੰਕੂ ਤੁਹਾਡੀ ਲੇਨ ਨੂੰ ਤੰਗ ਕਰਦੇ ਦੇਖਦੇ ਹੋ, ਤਾਂ ਤੁਹਾਨੂੰ ਇਹ ਕਰਨਾ ਚਾਹੀਦਾ ਹੈ:",,ਜਿੰਨੀ ਜਲਦੀ ਹੋ ਸਕੇ ਜ਼ੋਨ ਵਿੱਚੋਂ ਲੰਘਣ ਲਈ ਤੇਜ਼ੀ ਨਾਲ ਤੇਜ਼ ਕਰੋ।,"ਗਤੀ ਘਟਾਓ, ਜਲਦੀ ਮਿਲਾਓ, ਅਤੇ ਧਿਆਨ ਨਾਲ ਅੱਗੇ ਵਧੋ।",ਵਰਕਰਾਂ ਨੂੰ ਚੇਤਾਵਨੀ ਦੇਣ ਲਈ ਵਾਰ-ਵਾਰ ਆਪਣੇ ਸਿੰਗ ਦੀ ਵਰਤੋਂ ਕਰੋ।,,B,"ਜਦੋਂ ਕੰਸਟਰਕਸ਼ਨ ਕੋਨਾਂ ਅਤੇ ਚਿੰਨ੍ਹਾਂ ਕਾਰਨ ਲੇਨ ਤੰਗ ਹੋ ਜਾਂਦੀ ਹੈ, ਤਾਂ ਗਤੀ ਘਟਾਓ ਅਤੇ ਜਲਦੀ ਮਿਲਾਓ। ਵਰਕ ਜ਼ੋਨਾਂ ਵਿੱਚ ਅਚਾਨਕ ਲੇਨ ਵਿੱਚ ਤਬਦੀਲੀ ਮਜ਼ਦੂਰਾਂ ਅਤੇ ਹੋਰ ਡਰਾਈਵਰਾਂ ਲਈ ਖ਼ਤਰਨਾਕ ਹੈ।"
gk_wz_005,ਵੱਡੇ ਟਰੱਕਾਂ ਨੂੰ ਸ਼ਾਮਲ ਕਰਨ ਵਾਲੇ ਵਰਕ ਜ਼ੋਨ ਹਾਦਸਿਆਂ ਬਾਰੇ ਹੇਠ ਲਿਖਿਆਂ ਵਿੱਚੋਂ ਕਿਹੜਾ ਸੱਚ ਹੈ?,,ਉਹ ਦੁਰਲੱਭ ਹਨ ਕਿਉਂਕਿ ਟਰੱਕਾਂ ਨੂੰ ਦੇਖਣਾ ਆਸਾਨ ਹੈ।,ਉਹ ਟਰੱਕ ਦੇ ਆਕਾਰ ਅਤੇ ਰੁਕਣ ਦੀ ਦੂਰੀ ਦੇ ਕਾਰਨ ਵਰਕ ਜ਼ੋਨ ਦੀਆਂ ਮੌਤਾਂ ਦੇ ਇੱਕ ਅਨੁਪਾਤਕ ਹਿੱਸੇ ਲਈ ਜ਼ਿੰਮੇਵਾਰ ਹਨ।,ਵਰਕ ਜ਼ੋਨ ਦੇ ਕਾਨੂੰਨ ਵਪਾਰਕ ਵਾਹਨਾਂ 'ਤੇ ਲਾਗੂ ਨਹੀਂ ਹੁੰਦੇ ਹਨ।,,B,"ਵੱਡੇ ਟਰੱਕ ਉਹਨਾਂ ਦੀਆਂ ਲੰਬੀਆਂ ਰੁਕਣ ਵਾਲੀਆਂ ਦੂਰੀਆਂ, ਅੰਨ੍ਹੇ ਧੱਬਿਆਂ, ਅਤੇ ਚੌੜੇ ਮੋੜ ਵਾਲੇ ਰੇਡੀਏ ਦੇ ਕਾਰਨ ਵਰਕ ਜ਼ੋਨ ਦੀਆਂ ਮੌਤਾਂ ਵਿੱਚ ਮਹੱਤਵਪੂਰਨ ਯੋਗਦਾਨ ਪਾਉਂਦੇ ਹਨ। ਵਾਧੂ ਸਾਵਧਾਨੀ ਜ਼ਰੂਰੀ ਹੈ।"
gk_wz_006,ਵਰਕ ਜ਼ੋਨ ਵਿੱਚੋਂ ਲੰਘਦੇ ਸਮੇਂ ਤੁਹਾਨੂੰ ਵਾਹਨ ਦੇ ਪਿੱਛੇ ਕਿੰਨੀ ਵਾਧੂ ਦੂਰੀ ਬਣਾਈ ਰੱਖਣੀ ਚਾਹੀਦੀ ਹੈ?,,ਕੋਈ ਵਾਧੂ ਹੇਠਲੀ ਦੂਰੀ ਦੀ ਲੋੜ ਨਹੀਂ ਹੈ।,ਘੱਟੋ-ਘੱਟ ਤੁਹਾਡੀ ਆਮ ਦੂਰੀ ਨੂੰ ਦੁੱਗਣਾ ਕਰੋ।,ਵਾਧੂ ਥਾਂ ਦੀ ਘੱਟੋ-ਘੱਟ ਇੱਕ ਕਾਰ ਦੀ ਲੰਬਾਈ।,,B,"ਕੰਮ ਦੇ ਖੇਤਰਾਂ ਵਿੱਚ, ਤੁਹਾਨੂੰ ਘੱਟੋ-ਘੱਟ ਆਪਣੀ ਆਮ ਹੇਠਲੀ ਦੂਰੀ ਦੁੱਗਣੀ ਕਰਨੀ ਚਾਹੀਦੀ ਹੈ। ਫਲੈਗਰਾਂ, ਹੌਲੀ-ਹੌਲੀ ਚੱਲਣ ਵਾਲੇ ਸਾਜ਼ੋ-ਸਾਮਾਨ, ਅਤੇ ਅਚਾਨਕ ਲੇਨ ਸ਼ਿਫਟਾਂ ਕਾਰਨ ਅਚਾਨਕ ਰੁਕਣਾ ਆਮ ਗੱਲ ਹੈ।"
gk_wz_007,ਕੰਮ ਦੇ ਖੇਤਰ ਵਿੱਚ ਇੱਕ ਸਥਿਰ ਸੰਤਰੀ ਹੀਰੇ ਦੇ ਆਕਾਰ ਦਾ ਚਿੰਨ੍ਹ ਕੀ ਦਰਸਾਉਂਦਾ ਹੈ?,,ਅੱਗੇ ਇੱਕ ਸਥਾਈ ਖਤਰੇ ਦੀ ਚੇਤਾਵਨੀ।,ਉਸਾਰੀ ਜਾਂ ਰੱਖ-ਰਖਾਅ ਨਾਲ ਸਬੰਧਤ ਇੱਕ ਅਸਥਾਈ ਆਵਾਜਾਈ ਨਿਯੰਤਰਣ ਸਥਿਤੀ।,ਸਕੂਲ ਜ਼ੋਨ ਦੀ ਗਤੀ ਸੀਮਾ।,,B,"ਸੰਤਰੀ ਹੀਰੇ ਦੇ ਆਕਾਰ ਦੇ ਚਿੰਨ੍ਹ ਆਰਜ਼ੀ ਟਰੈਫਿਕ ਨਿਯੰਤਰਣ ਚਿੰਨ੍ਹ ਹਨ ਜੋ ਕੰਮ ਦੇ ਖੇਤਰਾਂ ਵਿੱਚ ਉਸਾਰੀ, ਰੱਖ-ਰਖਾਅ, ਜਾਂ ਉਪਯੋਗਤਾ ਗਤੀਵਿਧੀਆਂ ਦੇ ਡਰਾਈਵਰਾਂ ਨੂੰ ਚੇਤਾਵਨੀ ਦੇਣ ਲਈ ਵਰਤੇ ਜਾਂਦੇ ਹਨ।"
gk_wz_008,"ਕੰਮ ਦੇ ਖੇਤਰ ਨੂੰ ਪਾਸ ਕਰਦੇ ਸਮੇਂ, ਤੁਹਾਨੂੰ ਇਨ੍ਹਾਂ 'ਤੇ ਨੇੜਿਓਂ ਨਜ਼ਰ ਰੱਖਣੀ ਚਾਹੀਦੀ ਹੈ:",,ਸਿਰਫ਼ ਲੇਨ ਦੇ ਨਿਸ਼ਾਨ।,"ਵਰਕਰ, ਸਾਜ਼ੋ-ਸਾਮਾਨ, ਅਤੇ ਸੜਕ ਦੇ ਹਾਲਾਤ ਬਦਲਦੇ ਹਨ।",ਸਿਰਫ਼ ਤੁਹਾਡੇ ਅੱਗੇ ਗੱਡੀ।,,B,"ਵਰਕ ਜ਼ੋਨਾਂ ਵਿੱਚ ਕਈ ਖਤਰੇ ਹੁੰਦੇ ਹਨ: ਪੈਦਲ ਕੰਮ ਕਰਨ ਵਾਲੇ ਕਾਮੇ, ਭਾਰੀ ਸਾਜ਼ੋ-ਸਾਮਾਨ ਅਚਾਨਕ ਚੱਲਣਾ, ਅਸਮਾਨ ਫੁੱਟਪਾਥ, ਅਤੇ ਅਸਥਾਈ ਲੇਨ ਦੇ ਨਿਸ਼ਾਨ। ਇਹ ਸਭ ਦੇਖੋ."
gk_wz_009,ਇੱਕ ਵਰਕ ਜ਼ੋਨ ਵਿੱਚ ਇੱਕ ਟ੍ਰੈਫਿਕ ਨਿਯੰਤਰਣ ਯੰਤਰ ਦਾ ਅਰਥ ਹੈ ਕਿ ਫਲੈਸ਼ਿੰਗ ਲਾਈਟਾਂ ਬਦਲਦੀਆਂ ਹਨ:,,ਆਪਣੀ ਆਮ ਗਤੀ 'ਤੇ ਅੱਗੇ ਵਧੋ।,ਹੌਲੀ ਕਰੋ ਅਤੇ ਰੁਕਣ ਲਈ ਤਿਆਰ ਰਹੋ।,ਕਾਰਜ ਖੇਤਰ ਅਕਿਰਿਆਸ਼ੀਲ ਹੈ ਅਤੇ ਕੋਈ ਕਰਮਚਾਰੀ ਮੌਜੂਦ ਨਹੀਂ ਹੈ।,,B,ਵਰਕ ਜ਼ੋਨਾਂ ਵਿੱਚ ਬਦਲਦੀਆਂ ਫਲੈਸ਼ਿੰਗ ਲਾਈਟਾਂ (ਤੀਰ ਬੋਰਡ ਜਾਂ ਚੇਤਾਵਨੀ ਲਾਈਟਾਂ) ਸਾਵਧਾਨੀ ਨੂੰ ਦਰਸਾਉਂਦੀਆਂ ਹਨ। ਹੌਲੀ ਕਰੋ ਅਤੇ ਕਾਮਿਆਂ ਜਾਂ ਉਪਕਰਣਾਂ ਲਈ ਰੁਕਣ ਲਈ ਤਿਆਰ ਰਹੋ।
gk_wz_010,"ਕੈਲੀਫੋਰਨੀਆ ਵਿੱਚ, ਪੋਸਟ ਕੀਤੇ ਕੰਮ ਵਾਲੇ ਖੇਤਰਾਂ ਵਿੱਚ ਉਲੰਘਣਾ ਕਰਨ ਲਈ ਜੁਰਮਾਨੇ ਹਨ:",,ਗੈਰ-ਕਾਰਜ ਖੇਤਰਾਂ ਵਿੱਚ ਉਲੰਘਣਾਵਾਂ ਵਾਂਗ ਹੀ।,ਜੇਕਰ ਕੋਈ ਕਰਮਚਾਰੀ ਮੌਜੂਦ ਨਾ ਹੋਵੇ ਤਾਂ ਮੁਆਫ ਕਰ ਦਿੱਤਾ ਜਾਵੇਗਾ।,ਕੰਮ ਦੇ ਖੇਤਰਾਂ ਤੋਂ ਬਾਹਰ ਦੀਆਂ ਉਲੰਘਣਾਵਾਂ ਦੇ ਮੁਕਾਬਲੇ ਦੁੱਗਣਾ.,,C,ਕੈਲੀਫੋਰਨੀਆ ਦਾ ਕਾਨੂੰਨ ਹਾਈਵੇਅ ਵਰਕਰਾਂ ਦੀ ਸੁਰੱਖਿਆ ਅਤੇ ਡਰਾਈਵਰ ਦੀ ਪਾਲਣਾ ਨੂੰ ਵਧਾਉਣ ਲਈ ਤਾਇਨਾਤ ਕੀਤੇ ਕੰਮ ਵਾਲੇ ਖੇਤਰਾਂ ਵਿੱਚ ਕੀਤੀ ਗਈ ਉਲੰਘਣਾਵਾਂ ਲਈ ਟਰੈਫਿਕ ਜੁਰਮਾਨੇ ਨੂੰ ਦੁੱਗਣਾ ਕਰਦਾ ਹੈ।
gk_wz_011,ਇੱਕ ਵਪਾਰਕ ਡ੍ਰਾਈਵਰ ਨੂੰ ਵਰਕ ਜ਼ੋਨ ਚੇਤਾਵਨੀ ਚਿੰਨ੍ਹ ਦੇਖਣ 'ਤੇ ਹੌਲੀ ਹੋਣਾ ਕਦੋਂ ਸ਼ੁਰੂ ਕਰਨਾ ਚਾਹੀਦਾ ਹੈ?,,ਸਿਰਫ਼ ਉਦੋਂ ਹੀ ਜਦੋਂ ਅਸਲ ਕਾਰਜ ਖੇਤਰ ਦਿਸਦਾ ਹੈ।,ਤੁਰੰਤ ਜਦੋਂ ਪਹਿਲਾ ਚੇਤਾਵਨੀ ਚਿੰਨ੍ਹ ਦੇਖਿਆ ਜਾਂਦਾ ਹੈ।,ਪਹਿਲਾ ਸੰਤਰੀ ਕੋਨ ਪਾਸ ਕਰਨ ਤੋਂ ਬਾਅਦ.,,B,ਜਿਵੇਂ ਹੀ ਤੁਸੀਂ ਪਹਿਲੀ ਵਰਕ ਜ਼ੋਨ ਚੇਤਾਵਨੀ ਚਿੰਨ੍ਹ ਦੇਖਦੇ ਹੋ ਤਾਂ ਗਤੀ ਘਟਾਉਣਾ ਸ਼ੁਰੂ ਕਰੋ। ਯਾਤਰੀ ਕਾਰਾਂ ਦੇ ਮੁਕਾਬਲੇ ਵੱਡੇ ਵਾਹਨਾਂ ਨੂੰ ਸੁਰੱਖਿਅਤ ਢੰਗ ਨਾਲ ਹੌਲੀ ਹੋਣ ਲਈ ਬਹੁਤ ਜ਼ਿਆਦਾ ਦੂਰੀ ਦੀ ਲੋੜ ਹੁੰਦੀ ਹੈ।
gk_wz_012,"ਜਦੋਂ ਕਿਸੇ ਵਰਕ ਜ਼ੋਨ ਵਿੱਚ 'ਰੋਡ ਵਰਕ ਅਹੇਡ' ਚਿੰਨ੍ਹ ਹੁੰਦਾ ਹੈ, ਤਾਂ ਹੇਠਾਂ ਦਿੱਤੇ ਵਿੱਚੋਂ ਕਿਹੜਾ ਜਵਾਬ ਸਹੀ ਹੈ?",,ਉਸੇ ਰਫ਼ਤਾਰ ਨਾਲ ਜਾਰੀ ਰੱਖੋ ਪਰ ਸੁਚੇਤ ਰਹੋ।,ਸਪੀਡ ਨੂੰ ਘਟਾਉਣਾ ਸ਼ੁਰੂ ਕਰੋ ਅਤੇ ਸੜਕ ਦੇ ਬਦਲੇ ਹਾਲਾਤਾਂ ਲਈ ਤਿਆਰੀ ਕਰੋ।,ਆਪਣੇ ਵਾਹਨ ਨੂੰ ਤੁਰੰਤ ਰੋਕੋ।,,B,"'ਰੋਡ ਵਰਕ ਅਗੇਡ' ਇੱਕ ਅਗਾਊਂ ਚੇਤਾਵਨੀ ਚਿੰਨ੍ਹ ਹੈ। ਸੁਚਾਰੂ ਢੰਗ ਨਾਲ ਹੌਲੀ ਕਰਨਾ ਸ਼ੁਰੂ ਕਰੋ ਅਤੇ ਲੇਨ ਬੰਦ ਕਰਨ, ਫਲੈਗਰ, ਨਿਰਮਾਣ ਉਪਕਰਣ, ਜਾਂ ਘਟੀ ਹੋਈ ਗਤੀ ਸੀਮਾ ਲਈ ਤਿਆਰੀ ਕਰੋ।"
gk_wz_013,"ਜੇਕਰ ਕਿਸੇ ਕਾਰਜ ਖੇਤਰ ਵਿੱਚ ਇੱਕ ਫਲੈਗਰ ਤੁਹਾਨੂੰ ਹੌਲੀ ਪੈਡਲ ਨਾਲ ਹੌਲੀ ਹੋਣ ਦਾ ਸੰਕੇਤ ਦਿੰਦਾ ਹੈ, ਤਾਂ ਤੁਹਾਨੂੰ ਇਹ ਕਰਨਾ ਚਾਹੀਦਾ ਹੈ:",,ਆਪਣੀ ਮੌਜੂਦਾ ਗਤੀ 'ਤੇ ਅੱਗੇ ਵਧੋ।,ਗਤੀ ਘਟਾਓ ਅਤੇ ਨਿਰਦੇਸ਼ ਅਨੁਸਾਰ ਸਾਵਧਾਨੀ ਨਾਲ ਅੱਗੇ ਵਧੋ।,ਆਪਣੇ ਵਾਹਨ ਨੂੰ ਤੁਰੰਤ ਰੋਕੋ।,,B,ਫਲੈਗਰ ਤੋਂ ਇੱਕ ਹੌਲੀ ਪੈਡਲ ਦਾ ਮਤਲਬ ਹੈ ਆਪਣੀ ਗਤੀ ਘਟਾਓ ਅਤੇ ਧਿਆਨ ਨਾਲ ਅੱਗੇ ਵਧੋ। ਸਾਰੀਆਂ ਫਲੈਗਰ ਹਿਦਾਇਤਾਂ ਦੀ ਪਾਲਣਾ ਕਰੋ—ਉਨ੍ਹਾਂ ਕੋਲ ਕਾਰਜ ਖੇਤਰਾਂ ਰਾਹੀਂ ਆਵਾਜਾਈ ਨੂੰ ਨਿਰਦੇਸ਼ਤ ਕਰਨ ਦਾ ਅਧਿਕਾਰ ਹੈ।
gk_wz_014,ਕੰਮ ਦੇ ਖੇਤਰ ਵਿੱਚ 'ਟੇਪਰ' ਕੀ ਹੈ?,,ਉਹ ਭਾਗ ਜਿੱਥੇ ਲੇਨ ਹੌਲੀ-ਹੌਲੀ ਤੰਗ ਜਾਂ ਅਭੇਦ ਹੋ ਜਾਂਦੀ ਹੈ।,ਕੰਮ ਦੇ ਖੇਤਰ ਦੀ ਸ਼ੁਰੂਆਤ 'ਤੇ ਗਤੀ ਸੀਮਾ ਦੇ ਚਿੰਨ੍ਹ.,ਇੱਕ ਕਿਸਮ ਦੀ ਚੇਤਾਵਨੀ ਕੋਨ ਸਿਰਫ ਰਾਤ ਨੂੰ ਵਰਤੀ ਜਾਂਦੀ ਹੈ।,,A,"ਇੱਕ 'ਟੇਪਰ' ਉਹ ਖੇਤਰ ਹੈ ਜਿੱਥੇ ਟ੍ਰੈਫਿਕ ਲੇਨਾਂ ਹੌਲੀ-ਹੌਲੀ ਤੰਗ ਹੋ ਜਾਂਦੀਆਂ ਹਨ ਜਾਂ ਕੋਨ ਜਾਂ ਬੈਰਲ ਦੀ ਇੱਕ ਲੜੀ ਦੀ ਵਰਤੋਂ ਕਰਕੇ ਘੱਟ ਲੇਨਾਂ ਵਿੱਚ ਮਿਲ ਜਾਂਦੀਆਂ ਹਨ। ਮਿਲਾਨ ਟੇਪਰ ਤੋਂ ਪਹਿਲਾਂ ਹੋਣਾ ਚਾਹੀਦਾ ਹੈ, ਇਸਦੇ ਅੰਤ ਵਿੱਚ ਨਹੀਂ."
gk_wz_015,"ਕੰਮ ਦੇ ਖੇਤਰ ਵਿੱਚ ਰਾਤ ਨੂੰ, ਤੁਹਾਨੂੰ ਇਹ ਕਰਨਾ ਚਾਹੀਦਾ ਹੈ:",,ਦਿਨ ਦੇ ਸਮੇਂ ਵਾਂਗ ਉਸੇ ਰਫ਼ਤਾਰ ਨਾਲ ਗੱਡੀ ਚਲਾਓ।,ਸਪੀਡ ਨੂੰ ਹੋਰ ਘਟਾਓ ਅਤੇ ਆਪਣੀਆਂ ਘੱਟ-ਬੀਮ ਹੈੱਡਲਾਈਟਾਂ ਦੀ ਵਰਤੋਂ ਕਰੋ।,ਕਰਮਚਾਰੀਆਂ ਨੂੰ ਬਿਹਤਰ ਦੇਖਣ ਲਈ ਆਪਣੀਆਂ ਉੱਚ-ਬੀਮ ਹੈੱਡਲਾਈਟਾਂ ਦੀ ਵਰਤੋਂ ਕਰੋ।,,B,ਨਾਈਟ ਵਰਕ ਜ਼ੋਨ ਖਾਸ ਕਰਕੇ ਖ਼ਤਰਨਾਕ ਹੁੰਦੇ ਹਨ। ਗਤੀ ਘਟਾਓ ਅਤੇ ਘੱਟ ਬੀਮ ਵਾਲੀਆਂ ਹੈੱਡਲਾਈਟਾਂ ਦੀ ਵਰਤੋਂ ਕਰੋ (ਉੱਚ ਬੀਮ ਕਾਮਿਆਂ ਨੂੰ ਅੰਨ੍ਹਾ ਕਰ ਸਕਦੀ ਹੈ)। ਵਧੇਰੇ ਸਾਵਧਾਨ ਰਹੋ ਕਿਉਂਕਿ ਕਰਮਚਾਰੀ ਦੀ ਦਿੱਖ ਬਹੁਤ ਘੱਟ ਗਈ ਹੈ।
gk_wz_016,ਵਰਕ ਜ਼ੋਨ ਵਿੱਚ 'ਲੇਨ ਬੰਦ ਅੱਗੇ' ਚਿੰਨ੍ਹ ਦਾ ਮਤਲਬ ਹੈ:,,ਤੁਹਾਨੂੰ ਤੁਰੰਤ ਰੁਕਣਾ ਚਾਹੀਦਾ ਹੈ ਅਤੇ ਉਡੀਕ ਕਰਨੀ ਚਾਹੀਦੀ ਹੈ।,ਆਪਣੀ ਲੇਨ ਬਦਲਣ ਦੀ ਯੋਜਨਾ ਪਹਿਲਾਂ ਤੋਂ ਸ਼ੁਰੂ ਕਰੋ।,ਸੜਕ ਪੱਕੇ ਤੌਰ 'ਤੇ ਬੰਦ ਹੈ।,,B,"ਜਦੋਂ ਤੁਸੀਂ 'ਅੱਗੇ ਬੰਦ ਲੇਨ' ਦੇਖਦੇ ਹੋ, ਤਾਂ ਜਿੰਨੀ ਜਲਦੀ ਹੋ ਸਕੇ ਓਪਨ ਲੇਨ ਵੱਲ ਵਧਣਾ ਸ਼ੁਰੂ ਕਰੋ। ਆਖਰੀ ਪਲ ਤੱਕ ਇੰਤਜ਼ਾਰ ਨਾ ਕਰੋ—ਆਖਰੀ-ਮਿੰਟ ਦਾ ਅਭੇਦ ਹੋਣਾ ਕੰਮ ਦੇ ਖੇਤਰ ਦੇ ਟਕਰਾਅ ਦਾ ਇੱਕ ਵੱਡਾ ਕਾਰਨ ਹੈ।"
gk_wz_017,ਕਿਸ ਕਿਸਮ ਦਾ ਚਿੰਨ੍ਹ ਆਮ ਤੌਰ 'ਤੇ ਕੰਮ ਦੇ ਖੇਤਰ ਦੇ ਅੰਤ ਨੂੰ ਦਰਸਾਉਂਦਾ ਹੈ?,,ਸਧਾਰਣ ਗਤੀ ਨੂੰ ਦਰਸਾਉਂਦਾ ਹਰਾ ਚਿੰਨ੍ਹ ਮੁੜ ਸ਼ੁਰੂ ਹੋ ਸਕਦਾ ਹੈ।,'ਐਂਡ ਰੋਡ ਵਰਕ' ਜਾਂ 'ਐਂਡ ਕੰਸਟਰੱਕਸ਼ਨ' ਦਾ ਚਿੰਨ੍ਹ।,ਇੱਕ ਲਾਲ STOP ਚਿੰਨ੍ਹ।,,B,ਇੱਕ 'ਐਂਡ ਰੋਡ ਵਰਕ' ਜਾਂ 'ਐਂਡ ਕੰਸਟਰਕਸ਼ਨ' ਚਿੰਨ੍ਹ ਵਰਕ ਜ਼ੋਨ ਦੀ ਸਮਾਪਤੀ ਨੂੰ ਦਰਸਾਉਂਦਾ ਹੈ। ਸਧਾਰਣ ਗਤੀ ਸੀਮਾਵਾਂ ਇਸ ਬਿੰਦੂ ਤੋਂ ਅੱਗੇ ਮੁੜ ਸ਼ੁਰੂ ਹੁੰਦੀਆਂ ਹਨ।
gk_wz_018,ਹੇਠਾਂ ਦਿੱਤੇ ਵਿੱਚੋਂ ਕਿਹੜਾ ਇੱਕ ਆਮ ਖ਼ਤਰਾ ਹੈ ਜੋ ਕਿ ਇੱਕ ਵੱਡੇ ਟਰੱਕ ਨੂੰ ਇੱਕ ਵਰਕ ਜ਼ੋਨ ਰਾਹੀਂ ਚਲਾਉਣ ਲਈ ਖਾਸ ਹੈ?,,"ਟਰੱਕ ਬਹੁਤ ਜ਼ਿਆਦਾ ਦਿਖਾਈ ਦੇ ਰਿਹਾ ਹੈ, ਜੋ ਧਿਆਨ ਭਟਕਾਉਣ ਵਾਲਾ ਹੋ ਸਕਦਾ ਹੈ।",ਘਟੀ ਹੋਈ ਲੇਨ ਦੀ ਚੌੜਾਈ ਚੌੜੇ ਵਾਹਨਾਂ ਲਈ ਕਲੀਅਰੈਂਸ ਸਮੱਸਿਆਵਾਂ ਦਾ ਕਾਰਨ ਬਣ ਸਕਦੀ ਹੈ।,ਵੱਡੇ ਟਰੱਕਾਂ ਨੂੰ ਕਾਰਜ ਖੇਤਰ ਦੀ ਗਤੀ ਸੀਮਾ ਤੋਂ ਛੋਟ ਹੈ।,,B,"ਵਰਕ ਜ਼ੋਨ ਅਕਸਰ ਲੇਨਾਂ ਨੂੰ ਕਾਫ਼ੀ ਤੰਗ ਕਰਦੇ ਹਨ। ਵੱਡੇ ਵਪਾਰਕ ਟਰੱਕਾਂ ਨੂੰ ਤੰਗ ਕੰਮ ਵਾਲੇ ਖੇਤਰਾਂ ਵਿੱਚ ਸੁਰੱਖਿਅਤ ਕਲੀਅਰੈਂਸ ਬਰਕਰਾਰ ਰੱਖਣ ਵਿੱਚ ਮੁਸ਼ਕਲ ਹੋ ਸਕਦੀ ਹੈ, ਖਾਸ ਕਰਕੇ ਜਦੋਂ ਆਉਣ ਵਾਲੇ ਵਾਹਨਾਂ ਨੂੰ ਮਿਲਦੇ ਹੋ।"
gk_wz_019,"ਜੇਕਰ ਤੁਹਾਨੂੰ ਕੰਮ ਦੇ ਖੇਤਰ ਵਿੱਚ ਅਚਾਨਕ ਰੁਕਣਾ ਚਾਹੀਦਾ ਹੈ ਅਤੇ ਚੇਤਾਵਨੀ ਡਿਵਾਈਸਾਂ ਨੂੰ ਰੱਖਣਾ ਚਾਹੀਦਾ ਹੈ, ਤਾਂ ਉਹਨਾਂ ਨੂੰ ਕਿੱਥੇ ਜਾਣਾ ਚਾਹੀਦਾ ਹੈ?",,ਸਿਰਫ਼ ਸਿੱਧੇ ਵਾਹਨ ਦੇ ਪਿੱਛੇ।,ਆਉਣ ਵਾਲੇ ਡਰਾਈਵਰਾਂ ਨੂੰ ਚੇਤਾਵਨੀ ਦੇਣ ਲਈ ਯਾਤਰਾ ਦੀ ਲੇਨ ਵਿੱਚ ਢੁਕਵੀਂ ਦੂਰੀ 'ਤੇ।,ਵਰਕ ਜ਼ੋਨ ਕਾਨੂੰਨਾਂ ਤੋਂ ਛੋਟ ਨੇ ਟਰੱਕਾਂ ਨੂੰ ਚੇਤਾਵਨੀ ਯੰਤਰ ਲਗਾਉਣ ਤੋਂ ਰੋਕਿਆ।,,B,"ਜੇਕਰ ਤੁਸੀਂ ਕਿਸੇ ਵਰਕ ਜ਼ੋਨ ਵਿੱਚ ਜਾਂ ਨੇੜੇ ਰੁਕਦੇ ਹੋ, ਤਾਂ ਸੜਕ ਕਿਨਾਰੇ ਕਿਸੇ ਵੀ ਸਟਾਪ ਵਾਂਗ ਹੀ ਨਿਯਮਾਂ ਦੀ ਪਾਲਣਾ ਕਰਦੇ ਹੋਏ, ਨੇੜੇ ਆਉਣ ਵਾਲੇ ਟ੍ਰੈਫਿਕ ਨੂੰ ਚੇਤਾਵਨੀ ਦੇਣ ਲਈ ਆਪਣੇ ਵਾਹਨ ਦੇ ਪਿੱਛੇ ਢੁਕਵੀਂ ਦੂਰੀ 'ਤੇ ਪ੍ਰਤੀਬਿੰਬਤ ਤਿਕੋਣ ਜਾਂ ਫਲੇਅਰਸ ਰੱਖੋ।"
gk_wz_020,ਵਰਕ ਜ਼ੋਨ ਦੇ ਪ੍ਰਵੇਸ਼ ਦੁਆਰ 'ਤੇ ਰੰਬਲ ਪੱਟੀਆਂ ਨੂੰ ਇਸ ਲਈ ਤਿਆਰ ਕੀਤਾ ਗਿਆ ਹੈ:,,ਸੰਕੇਤ ਕਰੋ ਕਿ ਲੇਨ ਬੰਦ ਹੈ।,ਵਿਚਲਿਤ ਜਾਂ ਸੁਸਤ ਡਰਾਈਵਰਾਂ ਨੂੰ ਸੁਚੇਤ ਕਰੋ ਕਿ ਉਹ ਕੰਮ ਦੇ ਖੇਤਰ ਵੱਲ ਆ ਰਹੇ ਹਨ।,ਬਹੁਤ ਜ਼ਿਆਦਾ ਵਾਈਬ੍ਰੇਸ਼ਨ ਪੈਦਾ ਕਰਕੇ ਵਾਹਨ ਹੌਲੀ ਕਰੋ ਜੋ ਟਾਇਰਾਂ ਨੂੰ ਨੁਕਸਾਨ ਪਹੁੰਚਾਉਂਦੇ ਹਨ।,,B,ਰੰਬਲ ਪੱਟੀਆਂ ਡਰਾਈਵਰਾਂ ਨੂੰ ਸੁਚੇਤ ਕਰਨ ਲਈ ਸ਼ੋਰ ਅਤੇ ਵਾਈਬ੍ਰੇਸ਼ਨ ਪੈਦਾ ਕਰਦੀਆਂ ਹਨ-ਖਾਸ ਤੌਰ 'ਤੇ ਵਿਚਲਿਤ ਜਾਂ ਥੱਕੇ ਹੋਏ-ਕਿ ਉਹ ਕੰਮ ਦੇ ਖੇਤਰ ਦੇ ਨੇੜੇ ਆ ਰਹੇ ਹਨ ਜਾਂ ਹੌਲੀ ਹੋ ਜਾਣੇ ਚਾਹੀਦੇ ਹਨ।
gk_cu_001,"ਟ੍ਰੇਲਰ ਨੂੰ ਟਰੈਕਟਰ ਨਾਲ ਜੋੜਨ ਤੋਂ ਪਹਿਲਾਂ, ਤੁਹਾਨੂੰ ਇਹ ਯਕੀਨੀ ਬਣਾਉਣ ਲਈ ਪੰਜਵੇਂ ਪਹੀਏ ਦੀ ਜਾਂਚ ਕਰਨੀ ਚਾਹੀਦੀ ਹੈ:",,ਕਿੰਗਪਿਨ ਟ੍ਰੇਲਰ ਲਈ ਸਹੀ ਆਕਾਰ ਹੈ।,ਇਹ ਸਹੀ ਢੰਗ ਨਾਲ ਲੁਬਰੀਕੇਟ ਕੀਤਾ ਗਿਆ ਹੈ ਅਤੇ ਲਾਕਿੰਗ ਜਬਾੜੇ ਖੁੱਲ੍ਹੇ ਹਨ.,ਟ੍ਰੇਲਰ ਦੇ ਬ੍ਰੇਕ ਪੂਰੀ ਤਰ੍ਹਾਂ ਜਾਰੀ ਕੀਤੇ ਗਏ ਹਨ।,,B,"ਜੋੜਨ ਤੋਂ ਪਹਿਲਾਂ, ਪੰਜਵੇਂ ਪਹੀਏ ਦਾ ਮੁਆਇਨਾ ਕਰੋ: ਇਸ ਨੂੰ ਚੰਗੀ ਤਰ੍ਹਾਂ ਗਰੀਸ ਕੀਤਾ ਜਾਣਾ ਚਾਹੀਦਾ ਹੈ, ਮਾਉਂਟਿੰਗ ਸੁਰੱਖਿਅਤ ਹੋਣੀ ਚਾਹੀਦੀ ਹੈ, ਅਤੇ ਕਿੰਗਪਿਨ ਨੂੰ ਸਵੀਕਾਰ ਕਰਨ ਲਈ ਲਾਕਿੰਗ ਜਬਾੜੇ ਖੁੱਲ੍ਹੇ ਹੋਣੇ ਚਾਹੀਦੇ ਹਨ।"
gk_cu_002,"ਜੋੜਨ ਤੋਂ ਬਾਅਦ, ਇਹ ਜਾਂਚ ਕਰਨ ਦਾ ਕਿਹੜਾ ਤਰੀਕਾ ਸਹੀ ਹੈ ਕਿ ਕੀ ਟ੍ਰੇਲਰ ਸੁਰੱਖਿਅਤ ਢੰਗ ਨਾਲ ਜੋੜਿਆ ਗਿਆ ਹੈ?",,ਲੌਕ ਕੀਤੇ ਟ੍ਰੇਲਰ ਬ੍ਰੇਕਾਂ ਦੇ ਵਿਰੁੱਧ ਹੌਲੀ-ਹੌਲੀ ਅੱਗੇ ਵਧੋ।,ਟ੍ਰੇਲਰ ਦੇ ਹੇਠਾਂ ਦੇਖੋ ਕਿ ਕੀ ਕਿੰਗਪਿਨ ਦਿਖਾਈ ਦੇ ਰਿਹਾ ਹੈ।,ਜਾਂਚ ਕਰੋ ਕਿ ਏਅਰ ਗੇਜ 100 psi ਤੋਂ ਵੱਧ ਪੜ੍ਹ ਰਹੇ ਹਨ।,,A,"ਜੋੜਨ ਤੋਂ ਬਾਅਦ, ਇੱਕ ਟੱਗ ਟੈਸਟ ਕਰੋ: ਲੱਗੇ ਹੋਏ ਟ੍ਰੇਲਰ ਬ੍ਰੇਕਾਂ ਦੇ ਨਾਲ ਹੌਲੀ ਹੌਲੀ ਅੱਗੇ ਖਿੱਚੋ। ਜੇਕਰ ਕਪਲਿੰਗ ਹੋਲਡ ਹੁੰਦੀ ਹੈ, ਤਾਂ ਟ੍ਰੇਲਰ ਨੂੰ ਸਹੀ ਢੰਗ ਨਾਲ ਟਰੈਕਟਰ ਨਾਲ ਸੁਰੱਖਿਅਤ ਕੀਤਾ ਜਾਂਦਾ ਹੈ।"
gk_cu_003,ਟਰੈਕਟਰ ਨੂੰ ਅਰਧ-ਟ੍ਰੇਲਰ ਨਾਲ ਜੋੜਨ ਵੇਲੇ ਸਹੀ ਕ੍ਰਮ ਇਸ ਨਾਲ ਸ਼ੁਰੂ ਹੁੰਦਾ ਹੈ:,,ਪਹਿਲਾਂ ਹਵਾ ਅਤੇ ਬਿਜਲੀ ਦੀਆਂ ਲਾਈਨਾਂ ਨੂੰ ਜੋੜਨਾ।,ਟ੍ਰੇਲਰ ਦੇ ਆਲੇ-ਦੁਆਲੇ ਦੇ ਖੇਤਰ ਦਾ ਮੁਆਇਨਾ ਕਰਨਾ ਅਤੇ ਟ੍ਰੇਲਰ ਦੀ ਉਚਾਈ ਦੀ ਜਾਂਚ ਕਰਨਾ।,ਕਿਸੇ ਵੀ ਹੋਰ ਕਦਮ ਤੋਂ ਪਹਿਲਾਂ ਲੈਂਡਿੰਗ ਗੇਅਰ ਨੂੰ ਪੂਰੀ ਤਰ੍ਹਾਂ ਚੁੱਕਣਾ।,,B,"ਜੋੜਨ ਦੇ ਪਹਿਲੇ ਕਦਮ ਟ੍ਰੇਲਰ ਦੇ ਆਲੇ ਦੁਆਲੇ ਦੇ ਖੇਤਰ ਦਾ ਮੁਆਇਨਾ ਕਰਨਾ, ਟ੍ਰੇਲਰ ਦੀ ਉਚਾਈ ਦੀ ਜਾਂਚ ਕਰਨਾ, ਅਤੇ ਪੰਜਵੇਂ ਪਹੀਏ ਦਾ ਮੁਆਇਨਾ ਕਰਨਾ ਹੈ। ਟ੍ਰੇਲਰ ਦੇ ਹੇਠਾਂ ਬੈਕ ਕਰਨ ਤੋਂ ਪਹਿਲਾਂ ਸਹੀ ਸੈਟਅਪ ਜੋੜਨ ਦੀਆਂ ਅਸਫਲਤਾਵਾਂ ਨੂੰ ਰੋਕਦਾ ਹੈ।"
gk_cu_004,ਟ੍ਰੇਲਰ ਜੋੜਨ ਤੋਂ ਪਹਿਲਾਂ ਸਹੀ ਉਚਾਈ 'ਤੇ ਹੋਣਾ ਚਾਹੀਦਾ ਹੈ ਤਾਂ ਜੋ:,,ਪੰਜਵਾਂ ਵ੍ਹੀਲ ਪਲੇਟ ਟ੍ਰੇਲਰ ਦੇ ਕਿੰਗਪਿਨ ਨਾਲੋਂ ਉੱਚੀ ਹੈ।,ਟ੍ਰੇਲਰ ਦੀ ਨੱਕ ਥੋੜੀ ਉੱਚੀ ਹੋਵੇਗੀ ਜਦੋਂ ਟਰੈਕਟਰ ਇਸਦੇ ਹੇਠਾਂ ਆ ਜਾਵੇਗਾ।,ਕਿੰਗਪਿਨ ਟਰੈਕਟਰ ਦੇ ਹੁੱਡ ਦੇ ਨਾਲ ਲੈਵਲ ਹੈ।,,B,ਟ੍ਰੇਲਰ ਇੰਨਾ ਨੀਵਾਂ ਹੋਣਾ ਚਾਹੀਦਾ ਹੈ ਕਿ ਟਰੈਕਟਰ ਦਾ ਪੰਜਵਾਂ ਪਹੀਆ ਟ੍ਰੇਲਰ ਦੇ ਹੇਠਲੇ ਹਿੱਸੇ ਨਾਲ ਸੰਪਰਕ ਕਰੇਗਾ ਅਤੇ ਇਸ ਨੂੰ ਥੋੜ੍ਹਾ ਜਿਹਾ ਉੱਚਾ ਕਰੇਗਾ ਜਿਵੇਂ ਤੁਸੀਂ ਹੇਠਾਂ ਆਉਂਦੇ ਹੋ। ਇਹ ਸਹੀ ਜੋੜਨ ਦੀ ਉਚਾਈ ਦੀ ਪੁਸ਼ਟੀ ਕਰਦਾ ਹੈ।
gk_cu_005,ਕਪਲਿੰਗ ਦੌਰਾਨ ਤੁਹਾਨੂੰ ਏਅਰ ਲਾਈਨਾਂ ਨੂੰ ਕਦੋਂ ਜੋੜਨਾ ਚਾਹੀਦਾ ਹੈ?,,ਟ੍ਰੇਲਰ ਦੇ ਹੇਠਾਂ ਟਰੈਕਟਰ ਨੂੰ ਬੈਕ ਕਰਨ ਤੋਂ ਪਹਿਲਾਂ.,ਟਰੈਕਟਰ ਨੂੰ ਟ੍ਰੇਲਰ ਦੇ ਹੇਠਾਂ ਅਤੇ ਅੰਤਮ ਕਪਲਿੰਗ ਤੋਂ ਪਹਿਲਾਂ ਰੱਖਿਆ ਗਿਆ ਹੈ।,ਪੰਜਵੇਂ ਪਹੀਏ ਤੋਂ ਬਾਅਦ ਲਾਕਿੰਗ ਜਬਾੜੇ ਕਿੰਗਪਿਨ ਦੇ ਦੁਆਲੇ ਬੰਦ ਹੋ ਗਏ ਹਨ.,,C,"ਏਅਰ ਲਾਈਨਾਂ (ਸੇਵਾ ਅਤੇ ਐਮਰਜੈਂਸੀ) ਆਮ ਤੌਰ 'ਤੇ ਕਿੰਗਪਿਨ ਦੇ ਆਲੇ ਦੁਆਲੇ ਪੰਜਵੇਂ ਪਹੀਏ ਦੇ ਬੰਦ ਹੋਣ ਤੋਂ ਬਾਅਦ ਜੁੜੀਆਂ ਹੁੰਦੀਆਂ ਹਨ, ਪਰ ਇਸ ਤੋਂ ਪਹਿਲਾਂ ਕਿ ਤੁਸੀਂ ਲੈਂਡਿੰਗ ਗੀਅਰ ਨੂੰ ਚੁੱਕੋ ਅਤੇ ਖਿੱਚੋ।"
gk_cu_006,"ਜੋੜਨ ਤੋਂ ਬਾਅਦ, ਤੁਸੀਂ ਕਿਵੇਂ ਪੁਸ਼ਟੀ ਕਰਦੇ ਹੋ ਕਿ ਟ੍ਰੇਲਰ ਪੰਜਵੇਂ ਪਹੀਏ 'ਤੇ ਸਹੀ ਤਰ੍ਹਾਂ ਲਾਕ ਹੈ?",,ਇੱਕ ਕਲਿੱਕ ਦੀ ਆਵਾਜ਼ ਨਾਲ ਸੁਰੱਖਿਆ ਲੈਚ ਆਪਣੇ ਆਪ ਬੰਦ ਹੋ ਜਾਂਦੀ ਹੈ।,ਜਾਂਚ ਕਰੋ ਕਿ ਤਾਲਾ ਲਗਾਉਣ ਵਾਲੇ ਜਬਾੜੇ ਕਿੰਗਪਿਨ (ਸਿਰ ਦੇ ਨਹੀਂ) ਦੇ ਸ਼ੰਕ ਦੇ ਦੁਆਲੇ ਬੰਦ ਹਨ।,ਪੁਸ਼ਟੀ ਕਰੋ ਕਿ ਕਿੰਗਪਿਨ ਪੰਜਵੇਂ ਵ੍ਹੀਲ ਪਲੇਟ ਦੇ ਉੱਪਰ ਦਿਖਾਈ ਦੇ ਰਿਹਾ ਹੈ।,,B,"ਜੋੜਨ ਤੋਂ ਬਾਅਦ, ਕਿੰਗਪਿਨ ਦੇ ਸ਼ੰਕ (ਸਿਰ ਨਹੀਂ) ਦੇ ਦੁਆਲੇ ਲਾਕਿੰਗ ਜਬਾੜੇ ਬੰਦ ਹੋਣ ਦੀ ਪੁਸ਼ਟੀ ਕਰਨ ਲਈ ਪਾਸੇ ਤੋਂ ਪੰਜਵੇਂ ਪਹੀਏ ਦੀ ਜਾਂਚ ਕਰੋ। ਲਾਕਿੰਗ ਹੈਂਡਲ ਵੀ ਤਾਲਾਬੰਦ ਸਥਿਤੀ ਵਿੱਚ ਹੋਣਾ ਚਾਹੀਦਾ ਹੈ।"
gk_cu_007,ਟ੍ਰੇਲਰ ਨੂੰ ਜੋੜਨ ਦੇ ਸੰਦਰਭ ਵਿੱਚ 'ਖੁਸ਼ਹਾਲ ਹੱਥ' ਕੀ ਹੈ?,,ਪੰਜਵਾਂ ਪਹੀਆ ਲਾਕ ਕਰਨ ਵਾਲਾ ਯੰਤਰ ਦੀ ਇੱਕ ਕਿਸਮ।,ਕਪਲਿੰਗ ਯੰਤਰ ਜੋ ਟਰੈਕਟਰ ਅਤੇ ਟ੍ਰੇਲਰ ਵਿਚਕਾਰ ਏਅਰ ਲਾਈਨਾਂ ਨੂੰ ਜੋੜਦਾ ਹੈ।,ਹੈਂਡਲ ਟ੍ਰੇਲਰ ਦੇ ਲੈਂਡਿੰਗ ਗੇਅਰ ਨੂੰ ਕ੍ਰੈਂਕ ਕਰਨ ਲਈ ਵਰਤਿਆ ਜਾਂਦਾ ਹੈ।,,B,ਖੁਸ਼ਹਾਲ ਹੱਥ ਜੋੜਨ ਵਾਲੇ ਯੰਤਰ ਹਨ ਜੋ ਸੇਵਾ ਅਤੇ ਐਮਰਜੈਂਸੀ ਏਅਰ ਲਾਈਨਾਂ ਨੂੰ ਟਰੈਕਟਰ ਅਤੇ ਟ੍ਰੇਲਰ ਵਿਚਕਾਰ ਜੋੜਦੇ ਹਨ। ਸਰਵਿਸ ਲਾਈਨਾਂ ਬ੍ਰੇਕਾਂ ਨੂੰ ਨਿਯੰਤਰਿਤ ਕਰਦੀਆਂ ਹਨ; ਐਮਰਜੈਂਸੀ ਲਾਈਨਾਂ ਟ੍ਰੇਲਰ ਏਅਰ ਟੈਂਕਾਂ ਦੀ ਸਪਲਾਈ ਕਰਦੀਆਂ ਹਨ।
gk_cu_008,ਟ੍ਰੇਲਰ ਤੋਂ ਟਰੈਕਟਰ ਨੂੰ ਡਿਸਕਨੈਕਟ ਕਰਨ (ਅਨਕਪਲਿੰਗ) ਲਈ ਸਹੀ ਪ੍ਰਕਿਰਿਆ ਕੀ ਹੈ?,,ਪੰਜਵੇਂ ਵ੍ਹੀਲ ਰੀਲੀਜ਼ ਹੈਂਡਲ ਨੂੰ ਖਿੱਚੋ ਅਤੇ ਅੱਗੇ ਚਲਾਓ।,"ਵਾਹਨ ਨੂੰ ਸਥਿਤੀ ਵਿੱਚ ਰੱਖੋ, ਟ੍ਰੇਲਰ ਬ੍ਰੇਕ ਲਗਾਓ, ਹੇਠਲੇ ਲੈਂਡਿੰਗ ਗੀਅਰ, ਲਾਈਨਾਂ ਨੂੰ ਡਿਸਕਨੈਕਟ ਕਰੋ, ਪੰਜਵਾਂ ਪਹੀਆ ਅਨਲੌਕ ਕਰੋ, ਫਿਰ ਸਾਫ਼ ਕਰੋ।","ਪਹਿਲਾਂ ਏਅਰ ਲਾਈਨਾਂ ਨੂੰ ਡਿਸਕਨੈਕਟ ਕਰੋ, ਫਿਰ ਪੰਜਵੇਂ ਪਹੀਏ ਨੂੰ ਅਨਲੌਕ ਕਰੋ।",,B,"ਸਹੀ ਅਨਕੂਲਿੰਗ ਕ੍ਰਮ: (1) ਸਥਿਤੀ ਅਤੇ ਲੈਵਲ ਵਾਹਨ, (2) ਟ੍ਰੇਲਰ ਬ੍ਰੇਕ ਲਗਾਓ, (3) ਹੇਠਲੇ ਲੈਂਡਿੰਗ ਗੀਅਰ, (4) ਹਵਾ ਅਤੇ ਬਿਜਲੀ ਦੀਆਂ ਲਾਈਨਾਂ ਨੂੰ ਡਿਸਕਨੈਕਟ ਕਰੋ, (5) ਪੰਜਵੇਂ ਪਹੀਏ ਨੂੰ ਅਨਲੌਕ ਕਰੋ, (6) ਟਰੈਕਟਰ ਨੂੰ ਅੰਸ਼ਕ ਤੌਰ 'ਤੇ ਸਾਫ਼ ਕਰੋ, (7) ਟ੍ਰੇਲਰ ਦੀ ਸਹਾਇਤਾ ਦੀ ਜਾਂਚ ਕਰੋ, (8) ਪੂਰੀ ਤਰ੍ਹਾਂ ਸਾਫ਼ ਕਰੋ।"
gk_cu_009,ਤੁਹਾਨੂੰ ਜੋੜਨ ਤੋਂ ਪਹਿਲਾਂ ਟ੍ਰੇਲਰ ਦੇ ਪਹੀਆਂ ਨੂੰ ਕਿਉਂ ਬੰਦ ਕਰਨਾ ਚਾਹੀਦਾ ਹੈ?,,ਟਰੈਕਟਰ ਨੂੰ ਪਿੱਛੇ ਵੱਲ ਰੋਲਣ ਤੋਂ ਰੋਕਣ ਲਈ।,ਟਰੈਕਟਰ ਦੇ ਡਿਸਕਨੈਕਟ ਹੋਣ ਤੋਂ ਬਾਅਦ ਟ੍ਰੇਲਰ ਨੂੰ ਘੁੰਮਣ ਤੋਂ ਰੋਕਣ ਲਈ।,ਜੇਕਰ ਟ੍ਰੇਲਰ ਵਿੱਚ ਸਪਰਿੰਗ ਬ੍ਰੇਕ ਹਨ ਤਾਂ ਚੋਕਿੰਗ ਵਿਕਲਪਿਕ ਹੈ।,,B,"ਟ੍ਰੈਕਟਰ ਨੂੰ ਹਟਾਏ ਜਾਣ ਤੋਂ ਬਾਅਦ ਵ੍ਹੀਲ ਚੋਕਸ ਟ੍ਰੇਲਰ ਨੂੰ ਘੁੰਮਣ ਤੋਂ ਰੋਕਦੇ ਹਨ। ਜਦੋਂ ਤੱਕ ਤੁਸੀਂ ਨਿਸ਼ਚਤ ਨਹੀਂ ਹੋ ਕਿ ਟ੍ਰੇਲਰ ਵਿੱਚ ਸਪਰਿੰਗ ਬ੍ਰੇਕ ਹਨ, ਹਮੇਸ਼ਾ ਜੋੜਨ ਤੋਂ ਪਹਿਲਾਂ ਪਹੀਆਂ ਨੂੰ ਚੈਕ ਕਰੋ।"
gk_cu_010,ਅਰਧ-ਟ੍ਰੇਲਰ 'ਤੇ ਲੈਂਡਿੰਗ ਗੇਅਰ ਦੀ ਵਰਤੋਂ ਇਸ ਲਈ ਕੀਤੀ ਜਾਂਦੀ ਹੈ:,,ਟ੍ਰੇਲਰ ਦੇ ਏਅਰ ਬ੍ਰੇਕਾਂ ਨੂੰ ਕੰਟਰੋਲ ਕਰਨ ਵਿੱਚ ਮਦਦ ਕਰੋ।,ਟ੍ਰੇਲਰ ਦੇ ਅਗਲੇ ਹਿੱਸੇ ਨੂੰ ਸਪੋਰਟ ਕਰੋ ਜਦੋਂ ਇਹ ਟਰੈਕਟਰ ਨਾਲ ਨਾ ਜੁੜਿਆ ਹੋਵੇ।,ਟ੍ਰੇਲਰ ਦੇ ਸਸਪੈਂਸ਼ਨ ਨੂੰ ਕੰਟਰੋਲ ਕਰੋ।,,B,ਲੈਂਡਿੰਗ ਗੇਅਰ (ਜਿਸ ਨੂੰ ਡੌਲੀ ਲੈਗਜ਼ ਵੀ ਕਿਹਾ ਜਾਂਦਾ ਹੈ) ਟ੍ਰੇਲਰ ਦੇ ਅਗਲੇ ਹਿੱਸੇ ਦੇ ਹੇਠਾਂ ਵਾਪਸ ਲੈਣ ਯੋਗ ਸਪੋਰਟ ਲੱਤਾਂ ਹਨ। ਉਹ ਟ੍ਰੇਲਰ ਦੇ ਨੱਕ ਨੂੰ ਫੜ ਕੇ ਰੱਖਦੇ ਹਨ ਜਦੋਂ ਇਹ ਟਰੈਕਟਰ ਤੋਂ ਜੋੜਿਆ ਜਾਂਦਾ ਹੈ।
gk_cu_011,"ਜੋੜਨ ਤੋਂ ਪਹਿਲਾਂ, ਤੁਹਾਨੂੰ ਪੰਜਵੇਂ ਪਹੀਏ ਦੇ ਤਾਲੇ ਵਾਲੇ ਜਬਾੜੇ ਦੇ ਦਬਾਅ ਨੂੰ ਘੱਟ ਕਿਉਂ ਕਰਨਾ ਚਾਹੀਦਾ ਹੈ?",,ਰੀਲੀਜ਼ ਹੈਂਡਲ ਨੂੰ ਖਿੱਚਣਾ ਆਸਾਨ ਬਣਾਉਣ ਲਈ।,ਟਰੈਕਟਰ ਦੇ ਫਰੇਮ ਨੂੰ ਉੱਗਣ ਤੋਂ ਰੋਕਣ ਲਈ ਅਤੇ ਟ੍ਰੇਲਰ ਨੂੰ ਬਿਨਾਂ ਜੋੜਨ 'ਤੇ ਨੁਕਸਾਨ ਪਹੁੰਚਾਉਣ ਤੋਂ ਰੋਕਣ ਲਈ।,ਏਅਰ ਲਾਈਨਾਂ ਨੂੰ ਸੁਰੱਖਿਅਤ ਢੰਗ ਨਾਲ ਡਿਸਕਨੈਕਟ ਕਰਨ ਦੀ ਇਜਾਜ਼ਤ ਦੇਣ ਲਈ।,,B,"ਪੰਜਵੇਂ ਪਹੀਏ ਦੀ ਰੀਲੀਜ਼ ਨੂੰ ਖਿੱਚਣ ਤੋਂ ਪਹਿਲਾਂ, ਜਬਾੜੇ ਦੇ ਦਬਾਅ ਨੂੰ ਘੱਟ ਕਰਨ ਲਈ ਹੌਲੀ ਹੌਲੀ ਅੱਗੇ ਖਿੱਚੋ। ਇਹ ਟ੍ਰੈਕਟਰ ਦੇ ਫਰੇਮ ਨੂੰ ਦਬਾਅ ਛੱਡਣ 'ਤੇ ਵਧਣ ਤੋਂ ਰੋਕਦਾ ਹੈ, ਜੋ ਟ੍ਰੇਲਰ ਨੂੰ ਨੁਕਸਾਨ ਪਹੁੰਚਾ ਸਕਦਾ ਹੈ ਜਾਂ ਅਚਾਨਕ ਡਿੱਗ ਸਕਦਾ ਹੈ।"
gk_cu_012,"ਲੈਂਡਿੰਗ ਗੀਅਰ ਨੂੰ ਜੋੜਨ ਤੋਂ ਪਹਿਲਾਂ ਘੱਟ ਕਰਦੇ ਸਮੇਂ, ਤੁਹਾਨੂੰ ਇਸਨੂੰ ਕਿੰਨੀ ਦੂਰ ਤੱਕ ਘੱਟ ਕਰਨਾ ਚਾਹੀਦਾ ਹੈ?",,ਜਦੋਂ ਤੱਕ ਇਹ ਜ਼ਮੀਨ ਨੂੰ ਛੂਹਦਾ ਹੈ.,ਜਦੋਂ ਤੱਕ ਇਹ ਜ਼ਮੀਨ ਨਾਲ ਪੱਕਾ ਸੰਪਰਕ ਨਹੀਂ ਕਰਦਾ; ਲੋਡ ਕੀਤੇ ਟ੍ਰੇਲਰ ਲਈ ਕੁਝ ਵਾਧੂ ਮੋੜ।,ਲੋਡ ਦੀ ਪਰਵਾਹ ਕੀਤੇ ਬਿਨਾਂ ਇਸਨੂੰ ਪੂਰੀ ਤਰ੍ਹਾਂ ਹੇਠਾਂ ਪੂਰੀ ਤਰ੍ਹਾਂ ਹੇਠਾਂ ਕਰੋ।,,B,"ਲੈਂਡਿੰਗ ਗੀਅਰ ਨੂੰ ਉਦੋਂ ਤੱਕ ਹੇਠਾਂ ਕਰੋ ਜਦੋਂ ਤੱਕ ਇਹ ਜ਼ਮੀਨ ਨਾਲ ਪੱਕਾ ਸੰਪਰਕ ਨਹੀਂ ਕਰਦਾ। ਲੋਡ ਕੀਤੇ ਟ੍ਰੇਲਰ ਲਈ, ਜੋੜਨ ਤੋਂ ਪਹਿਲਾਂ ਲੈਂਡਿੰਗ ਗੀਅਰ 'ਤੇ ਕੁਝ ਭਾਰ ਪਾਉਣ ਲਈ ਕੁਝ ਵਾਧੂ ਮੋੜ ਸ਼ਾਮਲ ਕਰੋ।"
gk_cu_013,ਇੱਕ ਟਰੈਕਟਰ-ਟ੍ਰੇਲਰ ਸੁਮੇਲ ਵਿੱਚ ਐਮਰਜੈਂਸੀ (ਸਪਲਾਈ) ਏਅਰ ਲਾਈਨ ਦਾ ਕੀ ਮਕਸਦ ਹੈ?,,ਟ੍ਰੇਲਰ ਦੇ ਸਰਵਿਸ ਬ੍ਰੇਕਾਂ ਨੂੰ ਚਲਾਉਣ ਲਈ ਹਵਾ ਦੀ ਸਪਲਾਈ ਕਰਨ ਲਈ।,ਟ੍ਰੇਲਰ ਏਅਰ ਟੈਂਕ ਦੀ ਸਪਲਾਈ ਕਰਨ ਅਤੇ ਟ੍ਰੇਲਰ ਦੇ ਐਮਰਜੈਂਸੀ ਬ੍ਰੇਕਾਂ ਨੂੰ ਨਿਯੰਤਰਿਤ ਕਰਨ ਲਈ।,ਟਰੈਕਟਰ ਦੇ ਪ੍ਰਾਇਮਰੀ ਬ੍ਰੇਕ ਸਰਕਟ ਲਈ ਬੈਕਅੱਪ ਏਅਰ ਪ੍ਰੈਸ਼ਰ ਪ੍ਰਦਾਨ ਕਰਨ ਲਈ।,,B,"ਐਮਰਜੈਂਸੀ (ਸਪਲਾਈ) ਲਾਈਨ ਟ੍ਰੇਲਰ ਦੇ ਏਅਰ ਟੈਂਕਾਂ ਨੂੰ ਹਵਾ ਪ੍ਰਦਾਨ ਕਰਦੀ ਹੈ ਅਤੇ ਟ੍ਰੇਲਰ ਦੇ ਐਮਰਜੈਂਸੀ ਬ੍ਰੇਕਾਂ ਨੂੰ ਨਿਯੰਤਰਿਤ ਕਰਦੀ ਹੈ। ਜੇਕਰ ਇਹ ਲਾਈਨ ਦਬਾਅ (ਬ੍ਰੇਕ) ਗੁਆ ਦਿੰਦੀ ਹੈ, ਤਾਂ ਟ੍ਰੇਲਰ ਦੇ ਸਪਰਿੰਗ ਬ੍ਰੇਕ ਆਪਣੇ ਆਪ ਲਾਗੂ ਹੋ ਜਾਂਦੇ ਹਨ।"
gk_cu_014,"ਜੋੜਨ ਤੋਂ ਬਾਅਦ, ਤੁਸੀਂ ਟ੍ਰੇਲਰ ਬ੍ਰੇਕ ਲਗਾ ਕੇ ਟਰੈਕਟਰ ਨੂੰ ਅੱਗੇ ਖਿੱਚਣ ਦੀ ਕੋਸ਼ਿਸ਼ ਕਰਕੇ ਕੁਨੈਕਸ਼ਨ ਦੀ ਜਾਂਚ ਕਰਦੇ ਹੋ। ਜੇਕਰ ਕੁਨੈਕਸ਼ਨ ਚੰਗਾ ਹੈ, ਤਾਂ ਟਰੱਕ ਨੂੰ:",,ਆਸਾਨੀ ਨਾਲ ਅੱਗੇ ਵਧੋ ਕਿਉਂਕਿ ਪੰਜਵਾਂ ਪਹੀਆ ਸਲਾਈਡ ਕਰਨ ਲਈ ਤਿਆਰ ਕੀਤਾ ਗਿਆ ਹੈ।,ਹਿੱਲਣਾ ਨਹੀਂ - ਕਪਲਿੰਗ ਨੂੰ ਟਰੈਕਟਰ ਦੀ ਖਿੱਚ ਦੇ ਵਿਰੁੱਧ ਫੜਨਾ ਚਾਹੀਦਾ ਹੈ।,ਜੋੜਨ ਦੇ ਜੁੜਣ ਤੋਂ ਪਹਿਲਾਂ 1-2 ਫੁੱਟ ਅੱਗੇ ਵਧੋ।,,B,"'ਟਗ ਟੈਸਟ' ਇੱਕ ਸੁਰੱਖਿਅਤ ਜੋੜੀ ਦੀ ਪੁਸ਼ਟੀ ਕਰਦਾ ਹੈ। ਟ੍ਰੇਲਰ ਬ੍ਰੇਕਾਂ ਨੂੰ ਲਾਗੂ ਕਰਨ ਦੇ ਨਾਲ, ਹੌਲੀ-ਹੌਲੀ ਅੱਗੇ ਖਿੱਚੋ - ਸੁਮੇਲ ਨੂੰ ਹਿੱਲਣਾ ਨਹੀਂ ਚਾਹੀਦਾ। ਜੇਕਰ ਟ੍ਰੇਲਰ ਵੱਖ ਹੋ ਜਾਂਦਾ ਹੈ, ਤਾਂ ਕਪਲਿੰਗ ਸਹੀ ਢੰਗ ਨਾਲ ਪੂਰਾ ਨਹੀਂ ਹੋਇਆ ਸੀ।"
gk_cu_015,ਜੇਕਰ ਤੁਸੀਂ ਟ੍ਰੇਲਰ ਨੂੰ ਹਿਲਾਉਣ ਦੀ ਕੋਸ਼ਿਸ਼ ਕਰਦੇ ਹੋ ਤਾਂ ਕੀ ਹੁੰਦਾ ਹੈ ਜੇਕਰ ਐਮਰਜੈਂਸੀ ਏਅਰ ਲਾਈਨ ਕਨੈਕਟ ਨਹੀਂ ਹੁੰਦੀ ਹੈ?,,ਟਰੈਕਟਰ ਦੀਆਂ ਬਰੇਕਾਂ ਫੇਲ ਹੋ ਜਾਣਗੀਆਂ।,"ਟ੍ਰੇਲਰ ਦੇ ਸਪਰਿੰਗ ਬ੍ਰੇਕ ਲਾਗੂ ਰਹਿਣਗੇ, ਅੰਦੋਲਨ ਨੂੰ ਰੋਕਦੇ ਹੋਏ।",ਟ੍ਰੇਲਰ ਦੇ ਪਹੀਏ ਸੁਤੰਤਰ ਤੌਰ 'ਤੇ ਘੁੰਮਣਗੇ।,,B,"ਐਮਰਜੈਂਸੀ ਏਅਰ ਲਾਈਨ ਨਾਲ ਜੁੜੇ ਅਤੇ ਦਬਾਅ ਦੇ ਬਿਨਾਂ, ਟ੍ਰੇਲਰ ਦੇ ਸਪਰਿੰਗ ਬ੍ਰੇਕ ਲਾਗੂ ਸਥਿਤੀ ਵਿੱਚ ਰਹਿੰਦੇ ਹਨ। ਤੁਸੀਂ ਏਅਰ ਲਾਈਨਾਂ ਨੂੰ ਕਨੈਕਟ ਅਤੇ ਚਾਰਜ ਕੀਤੇ ਬਿਨਾਂ ਟ੍ਰੇਲਰ ਨੂੰ ਹਿਲਾਉਣ ਦੇ ਯੋਗ ਨਹੀਂ ਹੋਵੋਗੇ।"
gk_cu_016,"ਜੋੜਨ ਤੋਂ ਪਹਿਲਾਂ ਟ੍ਰੇਲਰ ਦੇ ਕਿੰਗਪਿਨ ਦੀ ਜਾਂਚ ਕਰਦੇ ਸਮੇਂ, ਡਰਾਈਵਰ ਨੂੰ ਇਹ ਜਾਂਚ ਕਰਨੀ ਚਾਹੀਦੀ ਹੈ:",,ਕਿ ਕਿੰਗਪਿਨ ਚੰਗੀ ਤਰ੍ਹਾਂ ਤੇਲ ਵਾਲਾ ਹੈ ਅਤੇ ਥੋੜ੍ਹਾ ਹੇਠਾਂ ਵੱਲ ਕੋਣ ਵਾਲਾ ਹੈ।,"ਨੁਕਸਾਨ, ਮੋੜ, ਜਾਂ ਗਲਤ ਆਕਾਰ ਜੋ ਸੁਰੱਖਿਅਤ ਜੋੜਨ ਨੂੰ ਰੋਕਦਾ ਹੈ।",ਕੀ ਕਿੰਗਪਿਨ ਸਟੇਨਲੈੱਸ ਸਟੀਲ ਦਾ ਬਣਿਆ ਹੈ।,,B,"ਨੁਕਸਾਨ, ਚੀਰ ਜਾਂ ਮੋੜ ਲਈ ਕਿੰਗਪਿਨ ਦੀ ਜਾਂਚ ਕਰੋ। ਇਹ ਵੀ ਪੁਸ਼ਟੀ ਕਰੋ ਕਿ ਇਹ ਤੁਹਾਡੇ ਪੰਜਵੇਂ ਪਹੀਏ ਲਈ ਸਹੀ ਆਕਾਰ ਹੈ। ਖਰਾਬ ਜਾਂ ਗਲਤ ਆਕਾਰ ਦਾ ਕਿੰਗਪਿਨ ਖਤਰਨਾਕ ਜੋੜੀ ਅਸਫਲਤਾ ਦਾ ਨਤੀਜਾ ਹੋ ਸਕਦਾ ਹੈ।"
gk_cu_017,ਟਰੈਕਟਰ-ਟ੍ਰੇਲਰ ਸੁਮੇਲ 'ਤੇ ਸੇਵਾ ਏਅਰ ਲਾਈਨ ਦੀ ਪਛਾਣ ਆਮ ਤੌਰ 'ਤੇ ਇਹਨਾਂ ਦੁਆਰਾ ਕੀਤੀ ਜਾਂਦੀ ਹੈ:,,ਇੱਕ ਨੀਲਾ ਰੰਗ.,ਇੱਕ ਲਾਲ ਰੰਗ.,ਇਹ ਕਲਰ ਕੋਡਿਡ ਨਹੀਂ ਹੈ—ਆਪਣੇ ਵਾਹਨ ਮੈਨੂਅਲ ਦੀ ਜਾਂਚ ਕਰੋ।,,A,"ਕਨਵੈਨਸ਼ਨ ਦੁਆਰਾ, ਸਰਵਿਸ ਏਅਰ ਲਾਈਨ ਗਲੇਡ ਹੈਂਡ ਨੀਲਾ ਹੈ ਅਤੇ ਸਰਵਿਸ ਬ੍ਰੇਕ ਸਰਕਟ ਨਾਲ ਜੁੜਦਾ ਹੈ। ਐਮਰਜੈਂਸੀ/ਸਪਲਾਈ ਲਾਈਨ ਲਾਲ ਹੈ। ਸਹੀ ਬ੍ਰੇਕ ਫੰਕਸ਼ਨ ਨੂੰ ਯਕੀਨੀ ਬਣਾਉਣ ਲਈ ਉਹਨਾਂ ਨੂੰ ਹਮੇਸ਼ਾ ਸਹੀ ਢੰਗ ਨਾਲ ਕਨੈਕਟ ਕਰੋ।"
gk_cu_018,ਤੁਹਾਨੂੰ ਕੀ ਕਰਨਾ ਚਾਹੀਦਾ ਹੈ ਜੇਕਰ ਟ੍ਰੇਲਰ ਬਹੁਤ ਉੱਚਾ ਹੈ ਜਦੋਂ ਤੁਸੀਂ ਜੋੜਨ ਦੇ ਦੌਰਾਨ ਇਸਦੇ ਹੇਠਾਂ ਵਾਪਸ ਆਉਂਦੇ ਹੋ?,,ਕਿਸੇ ਵੀ ਤਰ੍ਹਾਂ ਇਸਦੇ ਹੇਠਾਂ ਵਾਪਸ - ਪੰਜਵਾਂ ਪਹੀਆ ਇਸ ਨੂੰ ਉੱਪਰ ਵੱਲ ਧੱਕੇਗਾ।,ਟ੍ਰੇਲਰ ਨੂੰ ਸਹੀ ਉਚਾਈ ਤੱਕ ਘੱਟ ਕਰਨ ਲਈ ਲੈਂਡਿੰਗ ਗੇਅਰ ਨੂੰ ਉੱਚਾ ਕਰੋ।,ਇਸ ਦੀ ਬਜਾਏ ਟਰੈਕਟਰ ਦੇ ਪੰਜਵੇਂ ਪਹੀਏ ਦੀ ਉਚਾਈ ਨੂੰ ਵਿਵਸਥਿਤ ਕਰੋ।,,B,"ਜੇਕਰ ਟ੍ਰੇਲਰ ਬਹੁਤ ਉੱਚਾ ਹੈ, ਤਾਂ ਟ੍ਰੇਲਰ ਦੀ ਨੱਕ ਨੂੰ ਢੁਕਵੀਂ ਕਪਲਿੰਗ ਉਚਾਈ ਤੱਕ ਘੱਟ ਕਰਨ ਲਈ ਲੈਂਡਿੰਗ ਗੀਅਰ ਨੂੰ ਹੇਠਾਂ ਕਰੋ। ਜੇਕਰ ਉਚਾਈ ਮੇਲ ਨਹੀਂ ਖਾਂਦੀ ਤਾਂ ਕਪਲਿੰਗ ਨੂੰ ਕਦੇ ਵੀ ਜ਼ਬਰਦਸਤੀ ਨਾ ਕਰੋ - ਇਹ ਪੰਜਵੇਂ ਪਹੀਏ ਨੂੰ ਨੁਕਸਾਨ ਪਹੁੰਚਾ ਸਕਦਾ ਹੈ ਜਾਂ ਸਹੀ ਢੰਗ ਨਾਲ ਲਾਕ ਕਰਨ ਵਿੱਚ ਅਸਫਲ ਹੋ ਸਕਦਾ ਹੈ।"
gk_cu_019,"ਟ੍ਰੇਲਰ ਨੂੰ ਪੂਰੀ ਤਰ੍ਹਾਂ ਜੋੜਨ ਤੋਂ ਬਾਅਦ ਅਤੇ ਗੱਡੀ ਚਲਾਉਣ ਤੋਂ ਪਹਿਲਾਂ, ਤੁਹਾਨੂੰ ਇਹ ਕਰਨਾ ਚਾਹੀਦਾ ਹੈ:",,"ਜਾਂਚ ਕਰੋ ਕਿ ਏਅਰ ਲਾਈਨਾਂ ਅਤੇ ਬਿਜਲੀ ਦੇ ਕੁਨੈਕਸ਼ਨ ਸੁਰੱਖਿਅਤ ਹਨ, ਅਤੇ ਲੈਂਡਿੰਗ ਗੀਅਰ ਨੂੰ ਪੂਰੀ ਤਰ੍ਹਾਂ ਵਧਾਓ।",ਵਾਧੂ ਸਥਿਰਤਾ ਲਈ ਲੈਂਡਿੰਗ ਗੀਅਰ ਨੂੰ ਥੋੜ੍ਹਾ ਹੇਠਾਂ ਛੱਡੋ।,ਕਪਲਿੰਗ ਦੀ ਜਾਂਚ ਕਰਨ ਲਈ 100 ਫੁੱਟ ਦੀ ਗੱਡੀ ਚਲਾਉਣ ਤੋਂ ਬਾਅਦ ਹੀ ਲੈਂਡਿੰਗ ਗੀਅਰ ਨੂੰ ਵਧਾਓ।,,A,"ਜੋੜਨ ਤੋਂ ਬਾਅਦ, ਏਅਰ ਲਾਈਨਾਂ ਅਤੇ ਬਿਜਲੀ ਕੁਨੈਕਸ਼ਨਾਂ ਨੂੰ ਸੁਰੱਖਿਅਤ ਕਰੋ, ਫਿਰ ਗੱਡੀ ਚਲਾਉਣ ਤੋਂ ਪਹਿਲਾਂ ਲੈਂਡਿੰਗ ਗੀਅਰ ਨੂੰ ਪੂਰੀ ਤਰ੍ਹਾਂ ਜ਼ਮੀਨ ਤੋਂ ਚੁੱਕੋ। ਘੱਟ ਲਟਕਣ ਵਾਲੇ ਲੈਂਡਿੰਗ ਗੀਅਰ ਰੁਕਾਵਟਾਂ ਨੂੰ ਫੜ ਸਕਦੇ ਹਨ ਅਤੇ ਗੰਭੀਰ ਨੁਕਸਾਨ ਪਹੁੰਚਾ ਸਕਦੇ ਹਨ।"
gk_cu_020,"'ਹਾਈ-ਰਾਈਡ' ਕਪਲਿੰਗ ਦਾ ਕੀ ਖ਼ਤਰਾ ਹੈ, ਜਿੱਥੇ ਪੰਜਵਾਂ ਪਹੀਆ ਬਹੁਤ ਉੱਚਾ ਹੈ ਅਤੇ ਟ੍ਰੇਲਰ ਨੂੰ ਸਹੀ ਬਿੰਦੂ ਦੀ ਬਜਾਏ ਟਰੈਕਟਰ ਦੇ ਪਿਛਲੇ ਪਾਸੇ ਜੋੜਿਆ ਗਿਆ ਹੈ?",,ਇਹ ਟ੍ਰੇਲਰ ਦੇ ਪਿਛਲੇ ਐਕਸਲ 'ਤੇ ਬਹੁਤ ਜ਼ਿਆਦਾ ਭਾਰ ਪਾਉਂਦਾ ਹੈ।,ਇਹ ਗੱਡੀ ਚਲਾਉਣ ਵੇਲੇ ਟ੍ਰੇਲਰ ਨੂੰ ਡਿਸਕਨੈਕਟ ਕਰਨ ਦਾ ਕਾਰਨ ਬਣ ਸਕਦਾ ਹੈ।,ਇਹ ਉੱਚ ਕਰਾਸਵਿੰਡਾਂ ਵਿੱਚ ਸਥਿਰਤਾ ਵਿੱਚ ਸੁਧਾਰ ਕਰਦਾ ਹੈ।,,B,"ਇੱਕ ਉੱਚ-ਰਾਈਡ ਕਪਲਿੰਗ (ਸਹੀ ਸਥਿਤੀ ਦੇ ਪਿੱਛੇ ਜੋੜਨਾ) ਬਹੁਤ ਖਤਰਨਾਕ ਹੈ। ਕਿੰਗਪਿਨ ਜਬਾੜੇ ਵਿੱਚ ਨਹੀਂ ਹੈ ਪਰ ਪਲੇਟ ਦੇ ਕਿਨਾਰੇ 'ਤੇ ਆਰਾਮ ਕਰ ਰਿਹਾ ਹੈ, ਅਤੇ ਟ੍ਰੇਲਰ ਕਿਸੇ ਵੀ ਸਮੇਂ ਬਿਨਾਂ ਚੇਤਾਵਨੀ ਦੇ ਡਿਸਕਨੈਕਟ ਕਰ ਸਕਦਾ ਹੈ।"
gk_cu_021,ਟ੍ਰੇਲਰ ਨੂੰ ਜੋੜਦੇ ਸਮੇਂ ਤੁਹਾਨੂੰ ਖੁਸ਼ੀ ਦੇ ਹੱਥਾਂ (ਏਅਰ ਲਾਈਨ ਕਪਲਰਸ) ਨੂੰ ਕਿਵੇਂ ਜੋੜਨਾ ਚਾਹੀਦਾ ਹੈ?,,ਇੱਕ ਚੌਥਾਈ ਮੋੜ ਨੂੰ ਧੱਕੋ ਅਤੇ ਘੁੰਮਾਓ ਜਦੋਂ ਤੱਕ ਉਹ ਇਕੱਠੇ ਕਲਿੱਕ ਅਤੇ ਲਾਕ ਨਹੀਂ ਕਰਦੇ।,ਉਹਨਾਂ ਨੂੰ ਇਕੱਠੇ ਸਲਾਈਡ ਕਰੋ ਅਤੇ ਡਿਸਕਨੈਕਸ਼ਨ ਨੂੰ ਰੋਕਣ ਲਈ ਉਹਨਾਂ ਨੂੰ ਟੇਪ ਕਰੋ।,ਸਿਰਫ ਰੰਗ ਦੁਆਰਾ ਲਾਲ ਨੂੰ ਲਾਲ ਅਤੇ ਨੀਲੇ ਤੋਂ ਨੀਲੇ ਨੂੰ ਕਨੈਕਟ ਕਰੋ - ਕਿਸੇ ਮੋੜ ਦੀ ਲੋੜ ਨਹੀਂ।,,A,"ਖੁਸ਼ਹਾਲ ਹੱਥ ਉਹਨਾਂ ਨੂੰ ਇਕੱਠੇ ਧੱਕ ਕੇ ਅਤੇ ਇੱਕ ਚੌਥਾਈ ਮੋੜ ਨੂੰ ਘੁਮਾ ਕੇ ਉਦੋਂ ਤੱਕ ਜੁੜੇ ਹੁੰਦੇ ਹਨ ਜਦੋਂ ਤੱਕ ਉਹ ਲਾਕ ਨਹੀਂ ਹੋ ਜਾਂਦੇ। ਇਹ ਇੱਕ ਸੁਰੱਖਿਅਤ, ਏਅਰਟਾਈਟ ਕਨੈਕਸ਼ਨ ਬਣਾਉਂਦਾ ਹੈ। ਸੇਵਾ ਲਾਈਨ (ਨੀਲਾ) ਸੇਵਾ ਨਾਲ ਜੁੜਦੀ ਹੈ, ਅਤੇ ਸੰਕਟਕਾਲੀਨ (ਲਾਲ) ਐਮਰਜੈਂਸੀ ਨਾਲ।"
gk_cu_022,"ਜੇਕਰ ਤੁਸੀਂ ਇੱਕ ਟ੍ਰੇਲਰ ਨੂੰ ਜੋੜ ਰਹੇ ਹੋ ਜਿਸ ਵਿੱਚ ਕੋਈ ਸਪਰਿੰਗ ਬ੍ਰੇਕ ਨਹੀਂ ਹੈ, ਤਾਂ ਤੁਹਾਨੂੰ ਜੋੜਨ ਤੋਂ ਪਹਿਲਾਂ ਕੀ ਕਰਨਾ ਚਾਹੀਦਾ ਹੈ?",,ਕੁਝ ਖਾਸ ਨਹੀਂ - ਬਸੰਤ ਬ੍ਰੇਕਾਂ ਦੀ ਲੋੜ ਨਹੀਂ ਹੈ।,ਟ੍ਰੇਲਰ ਨੂੰ ਰੋਲਿੰਗ ਤੋਂ ਰੋਕਣ ਲਈ ਪਹੀਆਂ ਨੂੰ ਚੱਕ ਦਿਓ।,ਦੋਵੇਂ ਵਾਹਨਾਂ ਨੂੰ ਫੜਨ ਲਈ ਟਰੈਕਟਰ ਪਾਰਕਿੰਗ ਬ੍ਰੇਕ ਲਗਾਓ।,,B,"ਸਪਰਿੰਗ ਬ੍ਰੇਕਾਂ ਤੋਂ ਬਿਨਾਂ, ਇੱਕ ਟ੍ਰੇਲਰ ਕੋਲ ਜੋੜਨ ਤੋਂ ਬਾਅਦ ਆਪਣੇ ਆਪ ਨੂੰ ਰੋਲਿੰਗ ਤੋਂ ਰੋਕਣ ਦਾ ਕੋਈ ਤਰੀਕਾ ਨਹੀਂ ਹੈ। ਭੂਮੀ ਦੀ ਪਰਵਾਹ ਕੀਤੇ ਬਿਨਾਂ, ਟ੍ਰੇਲਰ ਨੂੰ ਘੁੰਮਣ ਤੋਂ ਰੋਕਣ ਲਈ ਤੁਹਾਨੂੰ ਹਮੇਸ਼ਾ ਪਹੀਆਂ ਨੂੰ ਚੱਕਣਾ ਚਾਹੀਦਾ ਹੈ।"
gk_cu_023,"ਪਿੰਟਲ ਹੁੱਕ ਟ੍ਰੇਲਰ (ਕਨਵਰਟਰ ਡੌਲੀ) ਨੂੰ ਖਿੱਚਦੇ ਸਮੇਂ, ਤੁਹਾਨੂੰ ਇਹ ਕਰਨਾ ਚਾਹੀਦਾ ਹੈ:",,"ਸਿਰਫ਼ ਇੱਕ ਸੁਰੱਖਿਆ ਚੇਨ ਦੀ ਵਰਤੋਂ ਕਰੋ, ਕਿਉਂਕਿ ਇੱਕ ਸਿੰਗਲ ਚੇਨ ਕਾਫ਼ੀ ਹੈ।",ਪਿੰਟਲ ਹੁੱਕ ਨੂੰ ਲਾਕ ਕਰੋ ਅਤੇ ਜੀਭ ਦੇ ਹੇਠਾਂ ਸੁਰੱਖਿਆ ਚੇਨਾਂ ਨੂੰ ਪਾਰ ਕਰੋ।,ਪਿੰਟਲ ਹੁੱਕ ਕਪਲਿੰਗ 'ਤੇ ਕਦੇ ਵੀ ਸੁਰੱਖਿਆ ਚੇਨਾਂ ਦੀ ਵਰਤੋਂ ਨਾ ਕਰੋ।,,B,"ਪਿੰਟਲ ਹੁੱਕ ਕਪਲਿੰਗ ਦੇ ਨਾਲ, ਹੁੱਕ ਨੂੰ ਟ੍ਰੇਲਰ ਦੀ ਲੂਨੇਟ ਅੱਖ ਦੇ ਦੁਆਲੇ ਲਾਕ ਕੀਤਾ ਜਾਣਾ ਚਾਹੀਦਾ ਹੈ। ਜੇ ਕਪਲਿੰਗ ਫੇਲ ਹੋ ਜਾਂਦੀ ਹੈ ਤਾਂ ਜੀਭ ਨੂੰ ਫੜਨ ਲਈ ਸੁਰੱਖਿਆ ਚੇਨਾਂ ਨੂੰ ਜੀਭ ਦੇ ਹੇਠਾਂ 'X' ਪੈਟਰਨ ਵਿੱਚ ਪਾਰ ਕੀਤਾ ਜਾਣਾ ਚਾਹੀਦਾ ਹੈ।"
gk_cu_024,"ਜੇਕਰ ਟਗ ਟੈਸਟ ਤੋਂ ਬਾਅਦ ਕਪਲਿੰਗ ਵਿੱਚ ਢਿੱਲ ਹੈ, ਤਾਂ ਤੁਹਾਨੂੰ ਕੀ ਕਰਨਾ ਚਾਹੀਦਾ ਹੈ?",,ਮਾਮੂਲੀ ਢਿੱਲ ਨੂੰ ਸਵੀਕਾਰ ਕਰੋ - ਇਹ ਪੰਜਵੇਂ ਪਹੀਏ ਦੇ ਜੋੜ ਵਿੱਚ ਆਮ ਗੱਲ ਹੈ।,ਗੱਡੀ ਨਾ ਚਲਾਓ। ਨੁਕਸਾਨ ਲਈ ਪੰਜਵੇਂ ਪਹੀਏ ਨੂੰ ਦੁਬਾਰਾ ਜੋੜੋ ਅਤੇ ਜਾਂਚ ਕਰੋ।,ਲੱਕੜ ਦੇ ਸ਼ਿਮਜ਼ ਨਾਲ ਪਾੜੇ ਨੂੰ ਭਰੋ.,,B,"ਕਪਲਿੰਗ ਵਿੱਚ ਕੋਈ ਢਿੱਲ ਇੱਕ ਗਲਤ ਕੁਨੈਕਸ਼ਨ ਨੂੰ ਦਰਸਾਉਂਦੀ ਹੈ। ਵਾਹਨ ਨਾ ਚਲਾਓ। ਜੋੜੋ, ਨੁਕਸਾਨ ਜਾਂ ਗਲਤ ਅਲਾਈਨਮੈਂਟ ਲਈ ਪੰਜਵੇਂ ਪਹੀਏ ਅਤੇ ਕਿੰਗਪਿਨ ਦਾ ਮੁਆਇਨਾ ਕਰੋ, ਅਤੇ ਸਹੀ ਢੰਗ ਨਾਲ ਦੁਬਾਰਾ ਜੋੜੋ।"
gk_cu_025,ਜਦੋਂ ਤੁਸੀਂ ਟੱਗ ਟੈਸਟ ਤੋਂ ਬਾਅਦ ਕਪਲਿੰਗ ਦਾ ਮੁਆਇਨਾ ਕਰਨ ਲਈ ਬਾਹਰ ਨਿਕਲਦੇ ਹੋ ਤਾਂ ਤੁਹਾਨੂੰ ਸਭ ਤੋਂ ਪਹਿਲਾਂ ਕਿਹੜੀ ਚੀਜ਼ ਦੀ ਜਾਂਚ ਕਰਨੀ ਚਾਹੀਦੀ ਹੈ?,,ਕੀ ਪੰਜਵੇਂ ਪਹੀਏ ਦੀ ਪਲੇਟ ਨੂੰ ਗਰੀਸ ਕੀਤਾ ਗਿਆ ਹੈ।,ਕਿ ਲਾਕਿੰਗ ਜਬਾੜੇ ਬੰਦ ਹਨ ਅਤੇ ਰੀਲੀਜ਼ ਹੈਂਡਲ ਤਾਲਾਬੰਦ ਸਥਿਤੀ ਵਿੱਚ ਹੈ.,ਕਿ ਟ੍ਰੇਲਰ ਦੇ ਟਾਇਰ ਪੂਰੀ ਤਰ੍ਹਾਂ ਫੁੱਲੇ ਹੋਏ ਹਨ।,,B,"ਟੱਗ ਟੈਸਟ ਤੋਂ ਬਾਅਦ, ਟ੍ਰੇਲਰ ਦੇ ਹੇਠਾਂ ਸਰੀਰਕ ਤੌਰ 'ਤੇ ਜਾਂਚ ਕਰੋ ਕਿ ਪੰਜਵੇਂ ਪਹੀਏ ਦੇ ਜਬਾੜੇ ਕਿੰਗਪਿਨ ਸ਼ੰਕ ਦੇ ਦੁਆਲੇ ਪੂਰੀ ਤਰ੍ਹਾਂ ਬੰਦ ਹਨ ਅਤੇ ਇਹ ਕਿ ਰੀਲੀਜ਼/ਸੁਰੱਖਿਆ ਲੈਚ ਲਾਕ ਸਥਿਤੀ ਵਿੱਚ ਹੈ।"
gk_hm_001,ਖਤਰਨਾਕ ਸਮੱਗਰੀ ਦੀ ਢੋਆ-ਢੁਆਈ ਕਰਨ ਵਾਲੇ ਵਪਾਰਕ ਡਰਾਈਵਰ ਕੋਲ ਆਪਣੇ CDL 'ਤੇ ਕਿਹੜਾ ਸਮਰਥਨ ਹੋਣਾ ਚਾਹੀਦਾ ਹੈ?,,ਇੱਕ 'H' ਜਾਂ 'X' ਸਮਰਥਨ।,A 'P' ਸਮਰਥਨ।,ਇੱਕ 'ਟੀ' ਸਮਰਥਨ।,,A,"ਖ਼ਤਰਨਾਕ ਸਮੱਗਰੀਆਂ ਦੀ ਢੋਆ-ਢੁਆਈ ਕਰਨ ਵਾਲੇ ਡ੍ਰਾਈਵਰਾਂ ਨੂੰ ਪਲੇਕਾਰਡ ਦੀ ਲੋੜ ਹੁੰਦੀ ਹੈ, ਉਹਨਾਂ ਦੇ CDL 'ਤੇ 'H' (HazMat) ਸਮਰਥਨ ਹੋਣਾ ਚਾਹੀਦਾ ਹੈ। ਇੱਕ 'X' ਸਮਰਥਨ ਹੈਜ਼ਮੈਟ ਅਤੇ ਟੈਂਕਰ ਦੋਵਾਂ ਨੂੰ ਕਵਰ ਕਰਦਾ ਹੈ।"
gk_hm_002,ਕਿਹੜੀ ਸਰਕਾਰੀ ਏਜੰਸੀ ਸੜਕ ਦੁਆਰਾ ਖਤਰਨਾਕ ਸਮੱਗਰੀ ਦੀ ਢੋਆ-ਢੁਆਈ ਲਈ ਨਿਯਮ ਤੈਅ ਕਰਦੀ ਹੈ?,,ਵਾਤਾਵਰਣ ਸੁਰੱਖਿਆ ਏਜੰਸੀ (ਈਪੀਏ)।,ਫੈਡਰਲ ਮੋਟਰ ਕੈਰੀਅਰ ਸੇਫਟੀ ਐਡਮਿਨਿਸਟ੍ਰੇਸ਼ਨ (FMCSA) ਅਤੇ ਡਿਪਾਰਟਮੈਂਟ ਆਫ ਟ੍ਰਾਂਸਪੋਰਟੇਸ਼ਨ (DOT)।,ਆਕੂਪੇਸ਼ਨਲ ਸੇਫਟੀ ਐਂਡ ਹੈਲਥ ਐਡਮਿਨਿਸਟ੍ਰੇਸ਼ਨ (OSHA)।,,B,"DOT, FMCSA ਅਤੇ ਪਾਈਪਲਾਈਨ ਅਤੇ ਖਤਰਨਾਕ ਸਮੱਗਰੀ ਸੁਰੱਖਿਆ ਪ੍ਰਸ਼ਾਸਨ (PHMSA) ਦੁਆਰਾ, ਹਾਈਵੇ ਦੁਆਰਾ ਖਤਰਨਾਕ ਸਮੱਗਰੀ ਦੀ ਆਵਾਜਾਈ ਲਈ ਨਿਯਮ ਨਿਰਧਾਰਤ ਕਰਦਾ ਹੈ।"
gk_hm_003,ਵਾਹਨ 'ਤੇ ਖਤਰਨਾਕ ਸਮੱਗਰੀ ਵਾਲੇ ਪਲੇਕਾਰਡ ਦੀ ਕਦੋਂ ਲੋੜ ਹੁੰਦੀ ਹੈ?,,"ਸਿਰਫ਼ 1,000 ਗੈਲਨ ਤੋਂ ਵੱਧ ਤਰਲ ਪਦਾਰਥ ਲਿਜਾਣ ਵੇਲੇ।",ਪਲੇਕਾਰਡਿੰਗ ਦੀ ਲੋੜ ਵਾਲੇ ਥ੍ਰੈਸ਼ਹੋਲਡ ਨੂੰ ਪੂਰਾ ਕਰਨ ਜਾਂ ਵੱਧ ਹੋਣ ਵਾਲੀ ਮਾਤਰਾ ਵਿੱਚ ਸਮੱਗਰੀ ਨੂੰ ਟ੍ਰਾਂਸਪੋਰਟ ਕਰਦੇ ਸਮੇਂ।,"ਸਿਰਫ਼ ਵਿਸਫੋਟਕ ਸਮੱਗਰੀ ਲਈ, ਮਾਤਰਾ ਦੀ ਪਰਵਾਹ ਕੀਤੇ ਬਿਨਾਂ।",,B,ਪਲੇਕਾਰਡ ਦੀ ਲੋੜ ਹੁੰਦੀ ਹੈ ਜਦੋਂ ਖ਼ਤਰਨਾਕ ਸਾਮੱਗਰੀ DOT ਨਿਯਮਾਂ ਦੁਆਰਾ ਨਿਰਧਾਰਤ ਕੁਝ ਮਾਤਰਾ ਥ੍ਰੈਸ਼ਹੋਲਡ ਨੂੰ ਪੂਰਾ ਕਰਦੀ ਹੈ। ਕੁਝ ਸਮੱਗਰੀਆਂ ਨੂੰ ਕਿਸੇ ਵੀ ਮਾਤਰਾ ਵਿੱਚ ਪਲੇਕਾਰਡ ਦੀ ਲੋੜ ਹੁੰਦੀ ਹੈ; ਦੂਜਿਆਂ ਦਾ ਖਾਸ ਭਾਰ ਜਾਂ ਵਾਲੀਅਮ ਥ੍ਰੈਸ਼ਹੋਲਡ ਹੁੰਦਾ ਹੈ।
gk_hm_004,ਖਤਰਨਾਕ ਸਮੱਗਰੀ ਵਾਲੇ ਪਲੇਕਾਰਡ 'ਤੇ ਚਾਰ-ਅੰਕ ਵਾਲੇ ਨੰਬਰ ਨੂੰ ਕਿਹਾ ਜਾਂਦਾ ਹੈ:,,UN/NA ਪਛਾਣ ਨੰਬਰ।,ਐਮਰਜੈਂਸੀ ਜਵਾਬ ਕੋਡ।,ਖਤਰੇ ਦੀ ਸ਼੍ਰੇਣੀ ਦੀ ਰੇਟਿੰਗ।,,A,ਪਲੇਕਾਰਡ ਜਾਂ ਸੰਤਰੀ ਪੈਨਲ 'ਤੇ ਚਾਰ-ਅੰਕ ਦਾ ਨੰਬਰ ਸੰਯੁਕਤ ਰਾਸ਼ਟਰ (ਸੰਯੁਕਤ ਰਾਸ਼ਟਰ) ਜਾਂ NA (ਉੱਤਰੀ ਅਮਰੀਕਾ) ਪਛਾਣ ਨੰਬਰ ਹੁੰਦਾ ਹੈ ਜੋ ਲਿਜਾਈ ਜਾ ਰਹੀ ਖਾਸ ਖਤਰਨਾਕ ਸਮੱਗਰੀ ਦੀ ਪਛਾਣ ਕਰਨ ਲਈ ਵਰਤਿਆ ਜਾਂਦਾ ਹੈ।
gk_hm_005,ਖਤਰਨਾਕ ਸਮੱਗਰੀ ਦੀ ਢੋਆ-ਢੁਆਈ ਕਰਦੇ ਸਮੇਂ ਡਰਾਈਵਰ ਕੋਲ ਕਿਹੜਾ ਦਸਤਾਵੇਜ਼ ਹੋਣਾ ਚਾਹੀਦਾ ਹੈ?,,ਵਾਹਨ ਦਾ ਬੀਮਾ ਸਰਟੀਫਿਕੇਟ।,ਸਮੱਗਰੀ ਦਾ ਵਰਣਨ ਕਰਨ ਵਾਲਾ ਇੱਕ ਪੂਰਾ ਸ਼ਿਪਿੰਗ ਪੇਪਰ (ਖਤਰਨਾਕ ਸਮੱਗਰੀ ਦਾ ਪ੍ਰਗਟਾਵਾ)।,ਸ਼ਿਪਰ ਤੋਂ ਇੱਕ ਹਸਤਾਖਰਿਤ ਬਿਆਨ ਕਿ ਸਮੱਗਰੀ ਸੁਰੱਖਿਅਤ ਹੈ।,,B,"ਖ਼ਤਰਨਾਕ ਸਮੱਗਰੀ ਦੀ ਢੋਆ-ਢੁਆਈ ਕਰਦੇ ਸਮੇਂ, ਡਰਾਈਵਰ ਕੋਲ ਸ਼ਿਪਿੰਗ ਕਾਗਜ਼ (ਲੈਡਿੰਗ ਦੇ ਬਿੱਲ ਜਾਂ ਹੈਜ਼ਮੈਟ ਮੈਨੀਫੈਸਟ) ਹੋਣੇ ਚਾਹੀਦੇ ਹਨ। ਇਹ ਸਮੱਗਰੀ, ਮਾਤਰਾ, ਅਤੇ ਸੰਕਟਕਾਲੀਨ ਸੰਪਰਕ ਜਾਣਕਾਰੀ ਦਾ ਵਰਣਨ ਕਰਦੇ ਹਨ।"
gk_hm_006,ਡ੍ਰਾਈਵਿੰਗ ਕਰਦੇ ਸਮੇਂ ਖਤਰਨਾਕ ਸਮੱਗਰੀ ਦੇ ਸ਼ਿਪਿੰਗ ਕਾਗਜ਼ ਕਿੱਥੇ ਰੱਖੇ ਜਾਣੇ ਚਾਹੀਦੇ ਹਨ?,,ਸਮੱਗਰੀ ਦੇ ਨਾਲ ਕਾਰਗੋ ਖੇਤਰ ਵਿੱਚ.,"ਡ੍ਰਾਈਵਰ ਦੀ ਪਹੁੰਚ ਦੇ ਅੰਦਰ ਜਦੋਂ ਉਹ ਗੱਡੀ ਚਲਾ ਰਹੇ ਹੁੰਦੇ ਹਨ, ਜਾਂ ਡਰਾਈਵਰ ਦੇ ਦਰਵਾਜ਼ੇ ਦੇ ਥੈਲੇ ਵਿੱਚ ਹੁੰਦੇ ਹਨ।",ਕੈਬ ਦੇ ਦਸਤਾਨੇ ਵਾਲੇ ਡੱਬੇ ਵਿੱਚ ਹੀ।,,B,"ਡ੍ਰਾਈਵਿੰਗ ਕਰਦੇ ਸਮੇਂ ਸ਼ਿਪਿੰਗ ਦੇ ਕਾਗਜ਼ਾਤ ਡਰਾਈਵਰ ਦੀ ਪਹੁੰਚ ਦੇ ਅੰਦਰ ਹੋਣੇ ਚਾਹੀਦੇ ਹਨ ਅਤੇ ਜਦੋਂ ਡਰਾਈਵਰ ਵਾਹਨ ਤੋਂ ਬਾਹਰ ਹੁੰਦਾ ਹੈ ਤਾਂ ਹੋਰ ਕਾਗਜ਼ਾਂ ਦੇ ਉੱਪਰ ਹੋਣਾ ਚਾਹੀਦਾ ਹੈ। ਕਿਸੇ ਦੁਰਘਟਨਾ ਵਿੱਚ, ਐਮਰਜੈਂਸੀ ਜਵਾਬ ਦੇਣ ਵਾਲਿਆਂ ਨੂੰ ਉਹਨਾਂ ਦੀ ਤੁਰੰਤ ਲੋੜ ਹੁੰਦੀ ਹੈ।"
gk_hm_007,ਡ੍ਰਾਈਵਰ ਦੇ ਵਾਹਨ ਤੋਂ ਬਾਹਰ ਹੋਣ 'ਤੇ ਖਤਰਨਾਕ ਸਮੱਗਰੀ ਦੇ ਸ਼ਿਪਿੰਗ ਕਾਗਜ਼ ਕਿੱਥੇ ਰੱਖੇ ਜਾਣੇ ਚਾਹੀਦੇ ਹਨ?,,ਡਰਾਈਵਰ ਦੀ ਸੀਟ 'ਤੇ.,"ਡਰਾਈਵਰ ਦੇ ਦਰਵਾਜ਼ੇ 'ਤੇ ਇੱਕ ਥੈਲੀ ਵਿੱਚ, ਸੰਕਟਕਾਲੀਨ ਜਵਾਬ ਦੇਣ ਵਾਲਿਆਂ ਨੂੰ ਦਿਖਾਈ ਦਿੰਦਾ ਹੈ।",ਸੁਰੱਖਿਆ ਲਈ ਨਜ਼ਰ ਤੋਂ ਬਾਹਰ ਸੀਟ ਦੇ ਹੇਠਾਂ.,,B,"ਜਦੋਂ ਡ੍ਰਾਈਵਰ ਵਾਹਨ ਤੋਂ ਦੂਰ ਹੁੰਦਾ ਹੈ, ਤਾਂ ਸ਼ਿਪਿੰਗ ਦੇ ਕਾਗਜ਼ਾਤ ਡ੍ਰਾਈਵਰ ਦੇ ਦਰਵਾਜ਼ੇ ਦੇ ਪਾਊਚ ਵਿੱਚ ਹੋਣੇ ਚਾਹੀਦੇ ਹਨ ਜਾਂ ਡਰਾਈਵਰ ਦੀ ਸੀਟ 'ਤੇ ਛੱਡੇ ਜਾਣੇ ਚਾਹੀਦੇ ਹਨ, ਜੋ ਸਪਸ਼ਟ ਤੌਰ 'ਤੇ ਦਿਖਾਈ ਦਿੰਦਾ ਹੈ। ਐਮਰਜੈਂਸੀ ਜਵਾਬ ਦੇਣ ਵਾਲੇ ਉਹਨਾਂ ਨੂੰ ਜਲਦੀ ਲੱਭਣ ਦੇ ਯੋਗ ਹੋਣੇ ਚਾਹੀਦੇ ਹਨ।"
gk_hm_008,"ਖ਼ਤਰਨਾਕ ਸਮੱਗਰੀ ਦੀ ਢੋਆ-ਢੁਆਈ ਕਰਦੇ ਸਮੇਂ, ਕਿਸ ਚੀਜ਼ ਨੂੰ ਲੋਡ ਤੋਂ ਦੂਰ ਰੱਖਿਆ ਜਾਣਾ ਚਾਹੀਦਾ ਹੈ?",,ਹੋਰ ਮੋਟਰ ਕੈਰੀਅਰ।,ਖੁੱਲ੍ਹੀਆਂ ਅੱਗਾਂ ਅਤੇ ਸਿਗਰਟ ਪੀਣ ਵਾਲੀਆਂ ਸਮੱਗਰੀਆਂ।,ਏਅਰ ਬ੍ਰੇਕ ਸਿਸਟਮ ਵਾਲੇ ਵਾਹਨ।,,B,"ਖ਼ਤਰਨਾਕ ਸਮੱਗਰੀਆਂ ਦੇ ਭਾਰ ਦੇ ਨੇੜੇ ਖੁੱਲ੍ਹੀਆਂ ਅੱਗਾਂ ਅਤੇ ਸਿਗਰਟਨੋਸ਼ੀ ਦੀ ਮਨਾਹੀ ਹੈ। ਬਹੁਤ ਸਾਰੀਆਂ ਖਤਰਨਾਕ ਸਮੱਗਰੀਆਂ ਜਲਣਸ਼ੀਲ ਹੁੰਦੀਆਂ ਹਨ, ਅਤੇ ਅੱਗ ਜਾਂ ਧਮਾਕੇ ਨੂੰ ਰੋਕਣ ਲਈ ਇਗਨੀਸ਼ਨ ਸਰੋਤਾਂ ਨੂੰ ਸਾਫ਼ ਰੱਖਣਾ ਚਾਹੀਦਾ ਹੈ।"
gk_hm_009,ਐਮਰਜੈਂਸੀ ਰਿਸਪਾਂਸ ਗਾਈਡਬੁੱਕ (ERG) ਕਿਸ ਲਈ ਵਰਤੀ ਜਾਂਦੀ ਹੈ?,,ਖ਼ਤਰਨਾਕ ਸਮੱਗਰੀ ਦੀ ਆਵਾਜਾਈ ਵਾਲੇ ਵਾਹਨਾਂ ਲਈ ਸਹੀ ਟਾਇਰ ਪ੍ਰੈਸ਼ਰ ਦੀ ਪਛਾਣ ਕਰਨ ਲਈ।,ਆਪਣੇ ਆਪ ਨੂੰ ਅਤੇ ਜਨਤਾ ਨੂੰ ਖਤਰਨਾਕ ਸਮੱਗਰੀ ਦੀਆਂ ਘਟਨਾਵਾਂ ਤੋਂ ਬਚਾਉਣ ਲਈ ਪਹਿਲੇ ਜਵਾਬ ਦੇਣ ਵਾਲਿਆਂ ਨੂੰ ਮਾਰਗਦਰਸ਼ਨ ਪ੍ਰਦਾਨ ਕਰਨਾ।,ਡ੍ਰਾਈਵਰ ਦੇ ਖਤਰਨਾਕ ਸਮਗਰੀ ਦੀ ਸਿਖਲਾਈ ਦੇ ਘੰਟਿਆਂ ਨੂੰ ਲੌਗ ਕਰਨ ਲਈ.,,B,DOT ਐਮਰਜੈਂਸੀ ਰਿਸਪਾਂਸ ਗਾਈਡਬੁੱਕ (ERG) ਦੀ ਵਰਤੋਂ ਪਹਿਲੇ ਜਵਾਬ ਦੇਣ ਵਾਲਿਆਂ ਦੁਆਰਾ ਖਤਰਨਾਕ ਸਮੱਗਰੀ ਦੀ ਤੇਜ਼ੀ ਨਾਲ ਪਛਾਣ ਕਰਨ ਅਤੇ ਸੰਕਟਕਾਲ ਵਿੱਚ ਸ਼ੁਰੂਆਤੀ ਸੁਰੱਖਿਆ ਕਾਰਵਾਈਆਂ ਨੂੰ ਨਿਰਧਾਰਤ ਕਰਨ ਲਈ ਕੀਤੀ ਜਾਂਦੀ ਹੈ। ਡਰਾਈਵਰਾਂ ਨੂੰ ਵੀ ਇਸ ਨੂੰ ਚੁੱਕਣਾ ਚਾਹੀਦਾ ਹੈ।
gk_hm_010,ਵਿਸਫੋਟਕ ਸਮੱਗਰੀ ਨੂੰ ਦਰਸਾਉਣ ਵਾਲੇ ਖਤਰਨਾਕ ਸਮਗਰੀ ਵਾਲੇ ਪਲੇਕਾਰਡ ਲਈ ਕਿਹੜਾ ਰੰਗ ਵਰਤਿਆ ਜਾਂਦਾ ਹੈ?,,ਲਾਲ।,ਸੰਤਰਾ.,ਪੀਲਾ.,,B,"ਵਿਸਫੋਟਕ ਪਲੇਕਾਰਡ (ਕਲਾਸ 1) ਸੰਤਰੀ ਰੰਗ ਦੇ ਹੁੰਦੇ ਹਨ। ਵੱਖ-ਵੱਖ ਖਤਰੇ ਵਾਲੀਆਂ ਸ਼੍ਰੇਣੀਆਂ ਵੱਖ-ਵੱਖ ਰੰਗਾਂ ਦੀ ਵਰਤੋਂ ਕਰਦੀਆਂ ਹਨ: ਜਲਣਸ਼ੀਲ ਲਈ ਲਾਲ, ਜ਼ਹਿਰੀਲੀ ਗੈਸ ਲਈ ਚਿੱਟਾ, ਆਕਸੀਡਾਈਜ਼ਰ ਲਈ ਪੀਲਾ, ਆਦਿ।"
gk_hm_011,"ਜੇਕਰ ਕੋਈ ਖਤਰਨਾਕ ਸਮੱਗਰੀ ਦੀ ਘਟਨਾ ਵਾਪਰਦੀ ਹੈ, ਤਾਂ ਡਰਾਈਵਰ ਨੂੰ ਇਹ ਕਰਨਾ ਚਾਹੀਦਾ ਹੈ:",,ਦੂਜਿਆਂ ਲਈ ਜੋਖਮ ਨੂੰ ਘੱਟ ਕਰਨ ਲਈ ਨਿੱਜੀ ਤੌਰ 'ਤੇ ਫੈਲਣ ਨੂੰ ਸੰਭਾਲੋ।,ਸੰਕਟਕਾਲੀਨ ਪ੍ਰਤੀਕਿਰਿਆ ਕਰਮਚਾਰੀਆਂ ਨਾਲ ਸੰਪਰਕ ਕਰੋ ਅਤੇ ਲੋੜ ਅਨੁਸਾਰ ਘਟਨਾ ਦੀ ਰਿਪੋਰਟ ਕਰੋ।,ਸਭ ਤੋਂ ਪਹਿਲਾਂ ਨਜ਼ਦੀਕੀ ਸੁਰੱਖਿਅਤ ਸਹੂਲਤ ਤੱਕ ਗੱਡੀ ਚਲਾਉਣਾ ਜਾਰੀ ਰੱਖੋ।,,B,"ਖ਼ਤਰਨਾਕ ਸਮੱਗਰੀ ਦੀ ਘਟਨਾ ਵਿੱਚ, ਡਰਾਈਵਰ ਨੂੰ ਐਮਰਜੈਂਸੀ ਪ੍ਰਤੀਕਿਰਿਆ ਕਰਨ ਵਾਲੇ ਕਰਮਚਾਰੀਆਂ ਨਾਲ ਸੰਪਰਕ ਕਰਨਾ ਚਾਹੀਦਾ ਹੈ, ਦੂਜਿਆਂ ਨੂੰ ਚੇਤਾਵਨੀ ਦੇਣਾ ਚਾਹੀਦਾ ਹੈ, ਅਤੇ ਸਮਗਰੀ ਦੇ ਉੱਪਰ ਬਣੇ ਰਹਿਣਾ ਚਾਹੀਦਾ ਹੈ। ਉਚਿਤ ਅਧਿਕਾਰੀਆਂ ਨੂੰ ਘਟਨਾਵਾਂ ਦੀ ਰਿਪੋਰਟ ਕਰਨਾ ਇੱਕ ਕਾਨੂੰਨੀ ਲੋੜ ਹੈ।"
gk_hm_012,ਨਿਮਨਲਿਖਤ ਵਿੱਚੋਂ ਕਿਹੜਾ ਰਸਤਾ ਆਮ ਤੌਰ 'ਤੇ ਕੁਝ ਖਤਰਨਾਕ ਸਮੱਗਰੀਆਂ ਨੂੰ ਲਿਜਾਣ ਵਾਲੇ ਵਾਹਨਾਂ ਲਈ ਵਰਜਿਤ ਹੈ?,,ਸੰਘੀ ਅੰਤਰਰਾਜੀ।,ਸੁਰੰਗਾਂ ਅਤੇ ਕੁਝ ਪ੍ਰਤਿਬੰਧਿਤ ਰਸਤੇ।,55 ਮੀਲ ਪ੍ਰਤੀ ਘੰਟਾ ਤੋਂ ਵੱਧ ਸਪੀਡ ਸੀਮਾ ਵਾਲੇ ਰਾਜ ਮਾਰਗ।,,B,"ਬਹੁਤ ਸਾਰੀਆਂ ਸੁਰੰਗਾਂ ਕੁਝ ਖਤਰਨਾਕ ਸਮੱਗਰੀਆਂ, ਖਾਸ ਤੌਰ 'ਤੇ ਵਿਸਫੋਟਕ ਅਤੇ ਜਲਣਸ਼ੀਲ ਸਮੱਗਰੀਆਂ 'ਤੇ ਪਾਬੰਦੀ ਜਾਂ ਪਾਬੰਦੀ ਲਗਾਉਂਦੀਆਂ ਹਨ। ਖਤਰਨਾਕ ਮਾਲ ਦੀ ਢੋਆ-ਢੁਆਈ ਤੋਂ ਪਹਿਲਾਂ ਡਰਾਈਵਰਾਂ ਨੂੰ ਰੂਟ ਦੀਆਂ ਪਾਬੰਦੀਆਂ ਦੀ ਜਾਂਚ ਕਰਨੀ ਚਾਹੀਦੀ ਹੈ।"
gk_hm_013,ਸ਼ਿਪਿੰਗ ਤੋਂ ਪਹਿਲਾਂ ਖਤਰਨਾਕ ਸਮੱਗਰੀ ਨੂੰ ਸਹੀ ਢੰਗ ਨਾਲ ਪੈਕ ਕਰਨ ਲਈ ਕੌਣ ਜ਼ਿੰਮੇਵਾਰ ਹੈ?,,ਵਪਾਰਕ ਵਾਹਨ ਦਾ ਡਰਾਈਵਰ।,ਸ਼ਿਪਰ ਜੋ ਆਵਾਜਾਈ ਲਈ ਸਮੱਗਰੀ ਦੀ ਪੇਸ਼ਕਸ਼ ਕਰਦਾ ਹੈ।,ਮਾਲ ਦੀ ਢੋਆ-ਢੁਆਈ ਕਰਨ ਵਾਲਾ ਕੈਰੀਅਰ।,,B,"ਢੋਆ-ਢੁਆਈ ਲਈ ਪੇਸ਼ ਕਰਨ ਤੋਂ ਪਹਿਲਾਂ ਖਤਰਨਾਕ ਸਮੱਗਰੀਆਂ ਨੂੰ ਸਹੀ ਢੰਗ ਨਾਲ ਪੈਕ ਕਰਨ, ਮਾਰਕ ਕਰਨ ਅਤੇ ਲੇਬਲ ਕਰਨ ਲਈ ਸ਼ਿਪਰ ਜ਼ਿੰਮੇਵਾਰ ਹੈ। ਹਾਲਾਂਕਿ, ਡਰਾਈਵਰ ਨੂੰ ਅਜਿਹੀ ਸ਼ਿਪਮੈਂਟ ਤੋਂ ਇਨਕਾਰ ਕਰਨਾ ਚਾਹੀਦਾ ਹੈ ਜੋ ਗਲਤ ਤਰੀਕੇ ਨਾਲ ਤਿਆਰ ਦਿਖਾਈ ਦਿੰਦਾ ਹੈ।"
gk_hm_014,"ਜੇਕਰ ਤੁਹਾਨੂੰ ਡਰਾਈਵਿੰਗ ਕਰਦੇ ਸਮੇਂ ਕਿਸੇ ਖਤਰਨਾਕ ਸਮੱਗਰੀ ਦੇ ਕੰਟੇਨਰ ਵਿੱਚ ਲੀਕ ਹੋਣ ਦਾ ਪਤਾ ਲੱਗਦਾ ਹੈ, ਤਾਂ ਤੁਹਾਨੂੰ ਕੀ ਕਰਨਾ ਚਾਹੀਦਾ ਹੈ?",,ਆਪਣੀ ਮੰਜ਼ਿਲ 'ਤੇ ਗੱਡੀ ਚਲਾਉਣਾ ਜਾਰੀ ਰੱਖੋ ਅਤੇ ਪਹੁੰਚਣ 'ਤੇ ਲੀਕ ਦੀ ਰਿਪੋਰਟ ਕਰੋ।,"ਸੜਕ ਨੂੰ ਸੁਰੱਖਿਅਤ ਢੰਗ ਨਾਲ ਹਟਾਓ, ਲੋਕਾਂ ਤੋਂ ਦੂਰ ਪਾਰਕ ਕਰੋ, ਵਾਹਨ ਨੂੰ ਸੁਰੱਖਿਅਤ ਕਰੋ, ਅਤੇ ਐਮਰਜੈਂਸੀ ਸੇਵਾਵਾਂ ਨਾਲ ਸੰਪਰਕ ਕਰੋ।",ਮਦਦ ਲਈ ਕਾਲ ਕਰਨ ਤੋਂ ਪਹਿਲਾਂ ਆਪਣੇ ਆਪ ਲੀਕ ਨੂੰ ਪਲੱਗ ਕਰਨ ਦੀ ਕੋਸ਼ਿਸ਼ ਕਰੋ।,,B,"ਖ਼ਤਰਨਾਕ ਸਮੱਗਰੀ ਦੇ ਕੰਟੇਨਰ ਦਾ ਲੀਕ ਹੋਣਾ ਇੱਕ ਗੰਭੀਰ ਐਮਰਜੈਂਸੀ ਹੈ। ਸੁਰੱਖਿਅਤ ਢੰਗ ਨਾਲ ਸੜਕ ਤੋਂ ਉਤਰੋ, ਲੋਕਾਂ ਅਤੇ ਇਮਾਰਤਾਂ ਤੋਂ ਦੂਰ ਪਾਰਕ ਕਰੋ, ਵਾਹਨ ਨੂੰ ਸੁਰੱਖਿਅਤ ਕਰੋ, ਉੱਪਰ ਵੱਲ ਰਹੋ, ਅਤੇ ਤੁਰੰਤ ਐਮਰਜੈਂਸੀ ਸੇਵਾਵਾਂ ਨਾਲ ਸੰਪਰਕ ਕਰੋ।"
gk_hm_015,"ਜਦੋਂ ਪਲੇਕਾਰਡ ਵਾਲਾ ਵਾਹਨ ਪਾਰਕ ਕੀਤਾ ਜਾਂਦਾ ਹੈ, ਤਾਂ ਇਹ ਕਿਸੇ ਪੁਲ, ਸੁਰੰਗ ਜਾਂ ਇਮਾਰਤ ਤੋਂ ਘੱਟੋ ਘੱਟ ਕਿੰਨੀ ਦੂਰ ਹੋਣਾ ਚਾਹੀਦਾ ਹੈ?",,100 ਫੁੱਟ.,300 ਫੁੱਟ.,500 ਫੁੱਟ.,,B,"ਜਦੋਂ ਪਲੇਕਾਰਡ ਵਾਲਾ ਵਾਹਨ ਪਾਰਕ ਕੀਤਾ ਜਾਂਦਾ ਹੈ, ਤਾਂ ਇਹ ਪੁਲਾਂ, ਸੁਰੰਗਾਂ ਜਾਂ ਇਮਾਰਤਾਂ ਤੋਂ ਘੱਟੋ-ਘੱਟ 300 ਫੁੱਟ ਦੀ ਦੂਰੀ 'ਤੇ ਹੋਣਾ ਚਾਹੀਦਾ ਹੈ (ਜਦੋਂ ਤੱਕ ਕਿ ਕੋਈ ਵਾਜਬ ਵਿਕਲਪ ਨਾ ਹੋਵੇ) ਤਾਂ ਜੋ ਬੁਨਿਆਦੀ ਢਾਂਚੇ ਅਤੇ ਯਾਤਰੀਆਂ ਲਈ ਜੋਖਮ ਨੂੰ ਘੱਟ ਕੀਤਾ ਜਾ ਸਕੇ।"
gk_hm_016,ਕਿਸ ਕਿਸਮ ਦੀ ਖਤਰਨਾਕ ਸਮੱਗਰੀ ਵਿੱਚ ਜਲਣਸ਼ੀਲ ਤਰਲ ਪਲੇਕਾਰਡ ਹੁੰਦਾ ਹੈ?,,"ਗੈਸੋਲੀਨ, ਡੀਜ਼ਲ ਬਾਲਣ, ਅਤੇ ਈਥਾਨੌਲ।",ਤਰਲ ਨਾਈਟ੍ਰੋਜਨ ਅਤੇ ਸੰਕੁਚਿਤ ਆਕਸੀਜਨ।,ਕਲੋਰੀਨ ਅਤੇ ਅਮੋਨੀਆ.,,A,"ਜਲਣਸ਼ੀਲ ਤਰਲ ਪਦਾਰਥ (ਕਲਾਸ 3) ਵਿੱਚ ਗੈਸੋਲੀਨ, ਡੀਜ਼ਲ, ਈਥਾਨੌਲ, ਅਤੇ ਸਮਾਨ ਪੈਟਰੋਲੀਅਮ ਉਤਪਾਦ ਸ਼ਾਮਲ ਹਨ। ਥ੍ਰੈਸ਼ਹੋਲਡ ਮਾਤਰਾ ਵਿੱਚ ਲਿਜਾਣ ਵੇਲੇ ਉਹਨਾਂ ਨੂੰ ਇੱਕ ਲਾਲ 'ਫਲਾਮੇਬਲ' ਪਲੇਕਾਰਡ ਦੀ ਲੋੜ ਹੁੰਦੀ ਹੈ।"
gk_hm_017,ਖਤਰਨਾਕ ਸਮੱਗਰੀ ਦੀ ਢੋਆ-ਢੁਆਈ ਕਰਨ ਵਾਲੇ ਡਰਾਈਵਰ ਨੂੰ ਸਿਖਲਾਈ ਦਿੱਤੀ ਜਾਣੀ ਚਾਹੀਦੀ ਹੈ:,,ਸਿਰਫ਼ ਇੱਕ ਵਾਰ ਜਦੋਂ ਉਹ ਪਹਿਲੀ ਵਾਰ ਆਪਣਾ ਹੈਜ਼ਮੈਟ ਸਮਰਥਨ ਪ੍ਰਾਪਤ ਕਰਦੇ ਹਨ।,"ਹਰ ਤਿੰਨ ਸਾਲਾਂ ਬਾਅਦ, ਜਾਂ ਜਦੋਂ ਨੌਕਰੀ ਦੇ ਕੰਮ ਬਦਲਦੇ ਹਨ।",ਹਰ ਕੈਲੰਡਰ ਸਾਲ ਦੇ ਪਹਿਲੇ ਦਿਨ ਸਾਲਾਨਾ।,,B,"HazMat ਸਿਖਲਾਈ ਸ਼ੁਰੂਆਤੀ HazMat ਆਵਾਜਾਈ ਤੋਂ ਪਹਿਲਾਂ ਅਤੇ ਉਸ ਤੋਂ ਬਾਅਦ ਹਰ ਤਿੰਨ ਸਾਲਾਂ ਬਾਅਦ ਹੋਣੀ ਚਾਹੀਦੀ ਹੈ। ਇਹ ਉਦੋਂ ਵੀ ਵਾਪਰਨਾ ਚਾਹੀਦਾ ਹੈ ਜਦੋਂ ਨੌਕਰੀ ਦੇ ਕਾਰਜ ਬਦਲਦੇ ਹਨ, ਨਿਯਮ ਬਦਲਦੇ ਹਨ, ਜਾਂ ਕਿਸੇ ਖਤਰਨਾਕ ਸਮੱਗਰੀ ਦੀ ਘਟਨਾ ਤੋਂ ਬਾਅਦ।"
gk_hm_018,ਖਤਰਨਾਕ ਸਮੱਗਰੀ ਲਈ 'ਉਚਿਤ ਸ਼ਿਪਿੰਗ ਨਾਮ' ਇਸ 'ਤੇ ਦਿਖਾਈ ਦੇਣਾ ਚਾਹੀਦਾ ਹੈ:,,ਗੱਡੀ ਦੇ ਬਾਹਰ ਪਲੇਕਾਰਡ.,ਸ਼ਿਪਿੰਗ ਕਾਗਜ਼.,ਡਰਾਈਵਰ ਦਾ CDL ਐਂਡੋਰਸਮੈਂਟ ਕਾਰਡ।,,B,"ਸਹੀ ਸ਼ਿਪਿੰਗ ਨਾਮ (ਸਮੱਗਰੀ ਲਈ ਅਧਿਕਾਰਤ DOT ਨਾਮ) ਸ਼ਿਪਿੰਗ ਕਾਗਜ਼ਾਂ 'ਤੇ ਖਤਰੇ ਦੀ ਸ਼੍ਰੇਣੀ, ਪੈਕਿੰਗ ਸਮੂਹ, ਅਤੇ UN/NA ਪਛਾਣ ਨੰਬਰ ਦੇ ਨਾਲ ਦਿਖਾਈ ਦੇਣਾ ਚਾਹੀਦਾ ਹੈ।"
gk_hm_019,ਕਿਹੜੀ ਖਤਰਨਾਕ ਸਮੱਗਰੀ ਦੀ ਸ਼੍ਰੇਣੀ ਵਿੱਚ ਛੂਤ ਵਾਲੇ ਪਦਾਰਥ ਅਤੇ ਜੀਵ-ਵਿਗਿਆਨਕ ਏਜੰਟ ਸ਼ਾਮਲ ਹਨ?,,ਕਲਾਸ 6 (ਜ਼ਹਿਰੀਲੇ ਅਤੇ ਛੂਤ ਵਾਲੇ ਪਦਾਰਥ)।,ਕਲਾਸ 8 (ਖੋਰੀ).,ਕਲਾਸ 5 (ਆਕਸੀਡਾਈਜ਼ਰ)।,,A,"ਕਲਾਸ 6 ਜ਼ਹਿਰੀਲੇ (ਜ਼ਹਿਰੀਲੇ) ਪਦਾਰਥਾਂ ਅਤੇ ਛੂਤ ਵਾਲੀ ਸਮੱਗਰੀ (ਡਿਵੀਜ਼ਨ 6.1 ਅਤੇ 6.2) ਨੂੰ ਕਵਰ ਕਰਦੀ ਹੈ। ਇਹਨਾਂ ਨੂੰ ਆਵਾਜਾਈ ਲਈ ਵਿਸ਼ੇਸ਼ ਹੈਂਡਲਿੰਗ, ਲੇਬਲਿੰਗ, ਅਤੇ ਅਕਸਰ ਵਾਧੂ ਪਰਮਿਟਾਂ ਦੀ ਲੋੜ ਹੁੰਦੀ ਹੈ।"
gk_hm_020,ਵਾਹਨ 'ਤੇ ਖਤਰਨਾਕ ਸਮੱਗਰੀ ਵਾਲੇ ਪਲੇਕਾਰਡ ਲਈ ਘੱਟੋ-ਘੱਟ ਪਲੇਕਾਰਡ ਦਾ ਆਕਾਰ ਕਿੰਨਾ ਜ਼ਰੂਰੀ ਹੈ?,,6 ਇੰਚ ਗੁਣਾ 6 ਇੰਚ।,ਹਰੇਕ ਪਾਸੇ 10.75 ਇੰਚ (273 ਮਿਲੀਮੀਟਰ)।,12 ਇੰਚ ਗੁਣਾ 12 ਇੰਚ।,,B,DOT ਨਿਯਮਾਂ ਲਈ ਖਤਰਨਾਕ ਸਮੱਗਰੀ ਵਾਲੇ ਪਲੇਕਾਰਡ ਹਰ ਪਾਸੇ ਘੱਟੋ-ਘੱਟ 10.75 ਇੰਚ (273 ਮਿਲੀਮੀਟਰ) ਹੋਣੇ ਚਾਹੀਦੇ ਹਨ। ਉਹ ਵਾਹਨ ਦੇ ਚਾਰੇ ਪਾਸਿਆਂ 'ਤੇ ਦਿਖਾਈ ਦੇਣ ਅਤੇ ਰੱਖੇ ਜਾਣੇ ਚਾਹੀਦੇ ਹਨ।
gk_st_001,ਜੇਕਰ ਤੁਸੀਂ ਇੱਕ ਵੱਡਾ ਟਰੱਕ ਚਲਾਉਂਦੇ ਸਮੇਂ ਪਾਵਰ ਸਟੀਅਰਿੰਗ ਗੁਆ ਬੈਠਦੇ ਹੋ ਤਾਂ ਤੁਹਾਨੂੰ ਕੀ ਕਰਨਾ ਚਾਹੀਦਾ ਹੈ?,,ਗਤੀ ਬਰਕਰਾਰ ਰੱਖਣ ਲਈ ਤੇਜ਼ ਕਰੋ ਤਾਂ ਕਿ ਵਾਹਨ ਆਪਣੇ ਆਪ ਚੱਲੇ।,"ਹੌਲੀ-ਹੌਲੀ ਗਤੀ ਘਟਾਓ, ਪਹੀਏ ਨੂੰ ਮਜ਼ਬੂਤੀ ਨਾਲ ਪਕੜੋ, ਅਤੇ ਇੱਕ ਸੁਰੱਖਿਅਤ ਸਟਾਪ ਲਈ ਅਭਿਆਸ ਕਰੋ।",ਪਾਵਰ ਸਟੀਅਰਿੰਗ ਸਹਾਇਤਾ ਦੀ ਨਕਲ ਕਰਨ ਲਈ ਪਹੀਏ ਨੂੰ ਤੇਜ਼ੀ ਨਾਲ ਘੁਮਾਓ।,,B,"ਪਾਵਰ ਸਟੀਅਰਿੰਗ ਤੋਂ ਬਿਨਾਂ, ਪਹੀਏ ਨੂੰ ਮੋੜਨਾ ਬਹੁਤ ਔਖਾ ਹੋ ਜਾਂਦਾ ਹੈ, ਖਾਸ ਕਰਕੇ ਘੱਟ ਸਪੀਡ 'ਤੇ। ਹੌਲੀ-ਹੌਲੀ ਗਤੀ ਘਟਾਓ, ਪਹੀਏ 'ਤੇ ਮਜ਼ਬੂਤ ​​ਪਕੜ ਬਣਾਈ ਰੱਖੋ, ਅਤੇ ਰੁਕਣ ਅਤੇ ਮਦਦ ਪ੍ਰਾਪਤ ਕਰਨ ਲਈ ਕਿਸੇ ਸੁਰੱਖਿਅਤ ਸਥਾਨ 'ਤੇ ਜਾਓ।"
gk_st_002,"ਸਟੀਅਰਿੰਗ ਸਿਸਟਮ ਦੇ ਪ੍ਰੀ-ਟ੍ਰਿਪ ਨਿਰੀਖਣ ਦੌਰਾਨ, ਤੁਹਾਨੂੰ ਸਟੀਅਰਿੰਗ ਵੀਲ ਦੀ ਜਾਂਚ ਕਰਨੀ ਚਾਹੀਦੀ ਹੈ:",,ਚਾਹੇ ਇਹ ਚਮੜੇ ਨਾਲ ਲਪੇਟਿਆ ਹੋਵੇ ਜਾਂ ਨਾ।,ਬਹੁਤ ਜ਼ਿਆਦਾ ਮੁਫਤ ਖੇਡ (ਵਿਰੋਧ ਮਹਿਸੂਸ ਹੋਣ ਤੋਂ ਪਹਿਲਾਂ ਖੇਡੋ)।,ਕੀ ਸਿੰਗ ਬਟਨ ਚੱਕਰ ਵਿੱਚ ਕੇਂਦਰਿਤ ਹੈ।,,B,"ਬਹੁਤ ਜ਼ਿਆਦਾ ਮੁਫਤ ਖੇਡਣ ਲਈ ਸਟੀਅਰਿੰਗ ਵੀਲ ਦੀ ਜਾਂਚ ਕਰੋ। ਥੋੜਾ ਜਿਹਾ ਖੇਡਣਾ ਆਮ ਗੱਲ ਹੈ, ਪਰ ਬਹੁਤ ਜ਼ਿਆਦਾ ਖੇਡਣਾ ਖਰਾਬ ਸਟੀਅਰਿੰਗ ਕੰਪੋਨੈਂਟਸ ਨੂੰ ਦਰਸਾ ਸਕਦਾ ਹੈ ਅਤੇ ਗੱਡੀ ਚਲਾਉਣ ਤੋਂ ਪਹਿਲਾਂ ਠੀਕ ਕੀਤਾ ਜਾਣਾ ਚਾਹੀਦਾ ਹੈ।"
gk_st_003,ਇੱਕ ਵਪਾਰਕ ਵਾਹਨ ਲਈ ਆਮ ਤੌਰ 'ਤੇ ਸਟੀਅਰਿੰਗ ਵ੍ਹੀਲ ਪਲੇ (ਪ੍ਰਤੀਰੋਧ ਤੋਂ ਪਹਿਲਾਂ ਮੁਫਤ ਖੇਡਣਾ) ਕਿੰਨਾ ਸਵੀਕਾਰਯੋਗ ਹੈ?,,ਪਾਵਰ ਸਟੀਅਰਿੰਗ ਵਾਲੇ ਵਾਹਨ ਲਈ 2 ਇੰਚ ਤੱਕ।,ਕਿਸੇ ਵੀ ਵਾਹਨ ਲਈ 10 ਇੰਚ ਤੱਕ ਦੀ ਖੇਡ।,ਕੋਈ ਨਹੀਂ - ਜ਼ੀਰੋ ਮੁਫ਼ਤ ਖੇਡ ਨਹੀਂ ਹੋਣੀ ਚਾਹੀਦੀ।,,A,"ਪਾਵਰ ਸਟੀਅਰਿੰਗ ਵਾਲੇ ਵਾਹਨ ਲਈ, ਸਟੀਅਰਿੰਗ ਵ੍ਹੀਲ ਦੇ ਰਿਮ 'ਤੇ ਲਗਭਗ 2 ਇੰਚ ਤੱਕ ਮੁਫਤ ਖੇਡਣਾ ਆਮ ਤੌਰ 'ਤੇ ਸਵੀਕਾਰਯੋਗ ਹੁੰਦਾ ਹੈ। ਇਸ ਤੋਂ ਵੱਧ ਜਾਂਚ ਦੀ ਲੋੜ ਵਾਲੀ ਸਮੱਸਿਆ ਦਾ ਸੰਕੇਤ ਦੇ ਸਕਦੀ ਹੈ।"
gk_st_004,ਪ੍ਰੀ-ਟ੍ਰਿਪ ਨਿਰੀਖਣ ਦੌਰਾਨ ਪਾਵਰ ਸਟੀਅਰਿੰਗ ਤਰਲ ਦੀ ਜਾਂਚ ਕਰਦੇ ਸਮੇਂ:,,ਭੰਡਾਰ ਦੇ ਪੱਧਰ ਦੀ ਜਾਂਚ ਕਰੋ-ਇਹ ਪੂਰੇ ਨਿਸ਼ਾਨ ਦੇ ਨੇੜੇ ਜਾਂ ਨੇੜੇ ਹੋਣਾ ਚਾਹੀਦਾ ਹੈ।,ਤਰਲ ਪੱਧਰ ਦੀ ਜਾਂਚ ਕਰਨ ਦੀ ਲੋੜ ਨਹੀਂ ਹੈ - ਇਹ ਸੀਲ ਕੀਤਾ ਗਿਆ ਹੈ।,ਪਾਵਰ ਸਟੀਅਰਿੰਗ ਤਰਲ ਦੀ ਜਾਂਚ ਸਿਰਫ਼ ਨਿਰਧਾਰਿਤ ਰੱਖ-ਰਖਾਅ ਦੇ ਅੰਤਰਾਲਾਂ 'ਤੇ ਕੀਤੀ ਜਾਣੀ ਚਾਹੀਦੀ ਹੈ।,,A,ਪਾਵਰ ਸਟੀਅਰਿੰਗ ਤਰਲ ਪ੍ਰੀ-ਟ੍ਰਿਪ ਇੰਜਣ ਕੰਪਾਰਟਮੈਂਟ ਨਿਰੀਖਣ ਦਾ ਹਿੱਸਾ ਹੈ। ਸਰੋਵਰ ਦੇ ਪੱਧਰ ਅਤੇ ਸਥਿਤੀ ਦੀ ਜਾਂਚ ਕਰੋ। ਘੱਟ ਤਰਲ ਪਦਾਰਥ ਸਟੀਅਰਿੰਗ ਸਮੱਸਿਆਵਾਂ ਜਾਂ ਪੂਰੀ ਪਾਵਰ ਸਟੀਅਰਿੰਗ ਅਸਫਲਤਾ ਦਾ ਨਤੀਜਾ ਹੋ ਸਕਦਾ ਹੈ।
gk_st_005,"ਇੱਕ ਵੱਡੇ ਟਰੱਕ ਨੂੰ ਇੱਕ ਤੰਗ ਸੱਜੇ ਮੋੜ ਰਾਹੀਂ ਸਟੀਅਰਿੰਗ ਕਰਦੇ ਸਮੇਂ, ਤੁਹਾਨੂੰ ਇਹ ਕਰਨਾ ਚਾਹੀਦਾ ਹੈ:",,"ਜਿਵੇਂ ਹੀ ਤੁਸੀਂ ਕੋਨਾ ਦੇਖਦੇ ਹੋ, ਸੱਜੇ ਪਾਸੇ ਸਟੀਅਰਿੰਗ ਕਰਕੇ ਜਲਦੀ ਮੋੜ ਸ਼ੁਰੂ ਕਰੋ।",ਪਿਛਲੇ ਪਹੀਆਂ ਨੂੰ ਸਹੀ ਢੰਗ ਨਾਲ ਟਰੈਕ ਕਰਨ ਲਈ ਸੱਜੇ ਮੁੜਨ ਤੋਂ ਪਹਿਲਾਂ ਖੱਬੇ ਪਾਸੇ ਜਾਓ।,ਸਿਰਫ਼ ਅੰਦਰਲੀ ਲੇਨ ਤੋਂ ਹੀ ਚੱਲੋ।,,B,"ਇੱਕ ਵੱਡੇ ਟਰੱਕ ਦੇ ਪਿਛਲੇ ਪਹੀਏ ਨੇ ਕੋਨਾ ਕੱਟ ਦਿੱਤਾ। ਜਦੋਂ ਸੱਜਾ ਮੋੜ ਲੈਂਦੇ ਹੋ, ਤਾਂ ਕਰਬ ਨੂੰ ਜੰਪ ਕੀਤੇ ਬਿਨਾਂ ਪਿਛਲੇ ਪਹੀਆਂ ਨੂੰ ਕੋਨੇ ਦੇ ਆਲੇ-ਦੁਆਲੇ ਟਰੈਕ ਕਰਨ ਲਈ ਥੋੜ੍ਹਾ ਜਿਹਾ ਖੱਬੇ ਪਾਸੇ (ਤੁਹਾਡੀ ਲੇਨ ਦੇ ਅੰਦਰ) ਜਾਓ।"
gk_st_006,ਸਕਿਡ ਰਾਹੀਂ ਗੱਡੀ ਚਲਾਉਣ ਵੇਲੇ ਕਿਹੜੀ ਸਟੀਅਰਿੰਗ ਤਕਨੀਕ ਦੀ ਸਿਫ਼ਾਰਸ਼ ਕੀਤੀ ਜਾਂਦੀ ਹੈ?,,"ਜਿਸ ਦਿਸ਼ਾ ਵਿੱਚ ਤੁਸੀਂ ਜਾਣਾ ਚਾਹੁੰਦੇ ਹੋ, ਪਹੀਏ ਨੂੰ ਤੇਜ਼ੀ ਨਾਲ ਮੋੜੋ।",ਜਿਸ ਦਿਸ਼ਾ ਵਿੱਚ ਤੁਸੀਂ ਜਾਣਾ ਚਾਹੁੰਦੇ ਹੋ ਉਸ ਵਿੱਚ ਹੌਲੀ ਹੌਲੀ ਚੱਲੋ; ਜ਼ਿਆਦਾ ਠੀਕ ਕਰਨ ਤੋਂ ਬਚੋ।,ਸਟੀਅਰਿੰਗ ਵ੍ਹੀਲ ਨੂੰ ਸਿੱਧਾ ਫੜੋ ਅਤੇ ਸਕਿਡ ਦੇ ਰੁਕਣ ਦੀ ਉਡੀਕ ਕਰੋ।,,B,"ਇੱਕ ਸਕਿਡ ਵਿੱਚ, ਜਿਸ ਦਿਸ਼ਾ ਵਿੱਚ ਤੁਸੀਂ ਜਾਣਾ ਚਾਹੁੰਦੇ ਹੋ ਉਸ ਦਿਸ਼ਾ ਵਿੱਚ ਹੌਲੀ ਹੌਲੀ ਚੱਲੋ। ਜ਼ਿਆਦਾ ਠੀਕ ਕਰਨ ਵਾਲੇ ਜਾਂ ਤਿੱਖੇ ਸਟੀਅਰਿੰਗ ਇਨਪੁਟਸ ਸਕਿਡ ਨੂੰ ਵਿਗੜ ਸਕਦੇ ਹਨ ਜਾਂ ਵਾਹਨ ਨੂੰ ਉਲਟ ਦਿਸ਼ਾ ਵਿੱਚ ਘੁੰਮਣ ਦਾ ਕਾਰਨ ਬਣ ਸਕਦੇ ਹਨ।"
gk_st_007,ਪੂਰਵ-ਯਾਤਰਾ ਦੇ ਨਿਰੀਖਣ ਦੌਰਾਨ ਸਟੀਅਰਿੰਗ ਸਿਸਟਮ ਨਾਲ ਸੰਭਾਵਿਤ ਸਮੱਸਿਆ ਦਾ ਸੰਕੇਤ ਕਰਦਾ ਹੈ?,,ਸਟੀਅਰਿੰਗ ਵ੍ਹੀਲ ਮਾਮੂਲੀ ਪ੍ਰਤੀਰੋਧ ਦੇ ਨਾਲ ਸੁਚਾਰੂ ਢੰਗ ਨਾਲ ਮੁੜਦਾ ਹੈ।,ਜਦੋਂ ਸਟੀਅਰਿੰਗ ਵ੍ਹੀਲ ਮੋੜਿਆ ਜਾਂਦਾ ਹੈ ਤਾਂ ਇੱਕ ਖੜਕਦੀ ਜਾਂ ਖੜਕਦੀ ਆਵਾਜ਼।,ਸਟੀਅਰਿੰਗ ਵ੍ਹੀਲ ਇੱਕ ਮੋੜ ਤੋਂ ਬਾਅਦ ਆਪਣੇ ਆਪ ਹੀ ਕੇਂਦਰ ਵਿੱਚ ਵਾਪਸ ਆ ਜਾਂਦਾ ਹੈ।,,B,"ਸਟੀਅਰਿੰਗ ਵ੍ਹੀਲ ਨੂੰ ਮੋੜਦੇ ਸਮੇਂ ਖੜਕਣ ਜਾਂ ਖੜਕਣ ਵਾਲੀਆਂ ਆਵਾਜ਼ਾਂ ਖਰਾਬ ਟਾਈ ਰਾਡਾਂ, ਢਿੱਲੇ ਸਟੀਅਰਿੰਗ ਹਿੱਸੇ, ਜਾਂ ਖਰਾਬ ਹੋਏ ਬਾਲ ਜੋੜਾਂ ਨੂੰ ਦਰਸਾ ਸਕਦੀਆਂ ਹਨ - ਸਾਰੇ ਗੰਭੀਰ ਸੁਰੱਖਿਆ ਨੁਕਸ ਜਿਨ੍ਹਾਂ ਨੂੰ ਤੁਰੰਤ ਮੁਰੰਮਤ ਦੀ ਲੋੜ ਹੁੰਦੀ ਹੈ।"
gk_st_008,"ਜੇਕਰ ਤੁਹਾਡੇ ਅਗਲੇ ਪਹੀਏ ਓਵਰਲੋਡ ਹੁੰਦੇ ਹਨ, ਤਾਂ ਇਹ ਸਟੀਅਰਿੰਗ ਨੂੰ ਕਿਵੇਂ ਪ੍ਰਭਾਵਿਤ ਕਰਦਾ ਹੈ?",,ਇਹ ਸਟੀਅਰਿੰਗ ਨੂੰ ਆਸਾਨ ਬਣਾਉਂਦਾ ਹੈ ਕਿਉਂਕਿ ਜ਼ਿਆਦਾ ਭਾਰ ਟ੍ਰੈਕਸ਼ਨ ਨੂੰ ਬਿਹਤਰ ਬਣਾਉਂਦਾ ਹੈ।,ਇਹ ਸਟੀਅਰਿੰਗ ਨੂੰ ਸਖ਼ਤ ਬਣਾਉਂਦਾ ਹੈ ਅਤੇ ਹੈਂਡਲਿੰਗ ਸਮੱਸਿਆਵਾਂ ਦਾ ਕਾਰਨ ਬਣ ਸਕਦਾ ਹੈ।,ਓਵਰਲੋਡਡ ਫਰੰਟ ਐਕਸਲਜ਼ ਦਾ ਸਟੀਅਰਿੰਗ 'ਤੇ ਕੋਈ ਅਸਰ ਨਹੀਂ ਹੁੰਦਾ।,,B,"ਸਾਹਮਣੇ ਵਾਲੇ ਪਹੀਆਂ ਨੂੰ ਓਵਰਲੋਡ ਕਰਨ ਨਾਲ ਸਟੀਅਰਿੰਗ ਐਕਸਲ 'ਤੇ ਭਾਰ ਇਸਦੀ ਰੇਟਿੰਗ ਤੋਂ ਵੱਧ ਜਾਂਦਾ ਹੈ, ਜਿਸ ਨਾਲ ਸਟੀਅਰਿੰਗ ਮੁਸ਼ਕਲ ਹੋ ਜਾਂਦੀ ਹੈ ਅਤੇ ਹੈਂਡਲਿੰਗ ਪ੍ਰਭਾਵਿਤ ਹੁੰਦੀ ਹੈ। ਇਹ ਬਹੁਤ ਜ਼ਿਆਦਾ ਟਾਇਰ ਵੀਅਰ ਦਾ ਕਾਰਨ ਬਣਦਾ ਹੈ ਅਤੇ ਕਾਨੂੰਨੀ ਵਜ਼ਨ ਸੀਮਾ ਤੋਂ ਵੱਧ ਸਕਦਾ ਹੈ।"
gk_st_009,ਲੋਡ ਕੀਤੇ ਟਰੱਕ ਦੇ ਅਗਲੇ ਐਕਸਲ 'ਤੇ ਬਹੁਤ ਘੱਟ ਭਾਰ ਕਾਰਨ ਹੋ ਸਕਦਾ ਹੈ:,,ਬਿਹਤਰ ਈਂਧਨ ਦੀ ਆਰਥਿਕਤਾ ਅਤੇ ਬਿਹਤਰ ਕਾਰਨਰਿੰਗ।,"ਲਾਈਟ ਸਟੀਅਰਿੰਗ ਜਿਸ ਨੂੰ ਨਿਯੰਤਰਿਤ ਕਰਨਾ ਮੁਸ਼ਕਲ ਹੈ, ਖਾਸ ਤੌਰ 'ਤੇ ਉੱਚ ਗਤੀ 'ਤੇ।",ਸਿਰਫ ਅਗਲੇ ਟਾਇਰਾਂ 'ਤੇ ਬਹੁਤ ਜ਼ਿਆਦਾ ਟਾਇਰ ਵੀਅਰ.,,B,"ਸਟੀਅਰਿੰਗ ਐਕਸਲ 'ਤੇ ਬਹੁਤ ਘੱਟ ਭਾਰ ਕਾਰਨ ਰੌਸ਼ਨੀ, ਭਟਕਣ ਵਾਲੀ ਸਟੀਅਰਿੰਗ ਦਾ ਕਾਰਨ ਬਣਦਾ ਹੈ ਜਿਸ ਨੂੰ ਕੰਟਰੋਲ ਕਰਨਾ ਮੁਸ਼ਕਲ ਹੁੰਦਾ ਹੈ। ਸਾਹਮਣੇ ਵਾਲੇ ਟਾਇਰ ਸੜਕ ਦੀ ਸਤ੍ਹਾ ਨਾਲ ਸਹੀ ਸੰਪਰਕ ਗੁਆ ਦਿੰਦੇ ਹਨ, ਖਾਸ ਤੌਰ 'ਤੇ ਹਾਈਵੇਅ ਦੀ ਗਤੀ 'ਤੇ।"
gk_ms_001,"60 ਫੁੱਟ ਲੰਬੇ ਵਾਹਨ ਵਿੱਚ 55 ਮੀਲ ਪ੍ਰਤੀ ਘੰਟਾ ਦੀ ਰਫਤਾਰ ਨਾਲ, ਤੁਹਾਨੂੰ ਹੇਠਾਂ ਦਿੱਤੀ ਦੂਰੀ ਦੇ ਕਿੰਨੇ ਸਕਿੰਟਾਂ ਦੀ ਦੂਰੀ ਬਣਾਈ ਰੱਖਣੀ ਚਾਹੀਦੀ ਹੈ?",,6 ਸਕਿੰਟ (ਇਕ ਸਕਿੰਟ ਪ੍ਰਤੀ 10 ਫੁੱਟ ਵਾਹਨ ਦੀ ਲੰਬਾਈ ਅਤੇ ਇੱਕ ਵਾਧੂ ਸਕਿੰਟ)।,"4 ਸਕਿੰਟ (ਪਹਿਲੇ 40 ਫੁੱਟ ਲਈ ਦੋ ਸਕਿੰਟ, ਬਾਕੀ ਦੇ ਲਈ ਦੋ ਹੋਰ)।","3 ਸਕਿੰਟ, ਇੱਕ ਯਾਤਰੀ ਕਾਰ ਦੇ ਸਮਾਨ।",,A,"40 ਮੀਲ ਪ੍ਰਤੀ ਘੰਟਾ ਤੋਂ ਵੱਧ ਦੀ ਗਤੀ 'ਤੇ, ਵਾਹਨ ਦੀ ਲੰਬਾਈ ਦੇ ਹਰ 10 ਫੁੱਟ ਲਈ ਇੱਕ ਸਕਿੰਟ ਪਲੱਸ ਇੱਕ ਵਾਧੂ ਸਕਿੰਟ ਦਿਓ। 60-ਫੁੱਟ ਵਾਹਨ ਲਈ: 6 ਸਕਿੰਟ + 1 = ਕੁੱਲ 7 ਸਕਿੰਟ। 55 mph ਤੇ ਤੁਹਾਨੂੰ ਘੱਟੋ-ਘੱਟ 7 ਸਕਿੰਟ ਦੀ ਲੋੜ ਹੈ।"
gk_ms_002,ਤੁਹਾਡੇ ਟਰੱਕ ਦੇ ਪਾਸਿਆਂ ਲਈ ਜਗ੍ਹਾ ਦਾ ਪ੍ਰਬੰਧਨ ਕਰਨਾ ਮਹੱਤਵਪੂਰਨ ਕਿਉਂ ਹੈ?,,ਕਿਉਂਕਿ ਟਰੱਕਾਂ ਦੇ ਸ਼ੀਸ਼ੇ ਤੰਗ ਹੁੰਦੇ ਹਨ ਅਤੇ ਉਹਨਾਂ ਦੇ ਨਾਲ ਨਹੀਂ ਦੇਖ ਸਕਦੇ।,ਕਿਉਂਕਿ ਟਰੱਕ ਚੌੜੇ ਹੁੰਦੇ ਹਨ ਅਤੇ ਕਰਵ ਜਾਂ ਹਵਾ ਵਿੱਚ ਨਾਲ ਲੱਗਦੀਆਂ ਲੇਨਾਂ ਵਿੱਚ ਵਹਿ ਸਕਦੇ ਹਨ।,ਵਪਾਰਕ ਟਰੱਕਾਂ ਲਈ ਸਾਈਡ ਸਪੇਸ ਪ੍ਰਬੰਧਨ ਮਹੱਤਵਪੂਰਨ ਨਹੀਂ ਹੈ।,,B,Trucks are wide vehicles that can drift in crosswinds or when the road curves. Maintaining adequate space on the sides helps prevent side-swipe accidents.
gk_ms_003,"ਜਦੋਂ ਇੱਕ ਵੱਡੇ ਟਰੱਕ ਦੇ ਨੇੜੇ ਗੱਡੀ ਚਲਾਉਂਦੇ ਹੋਏ, ਯਾਤਰੀ ਕਾਰ ਡਰਾਈਵਰ ਅਕਸਰ ਟਰੱਕ ਡਰਾਈਵਰ ਨੂੰ ਨਹੀਂ ਦੇਖ ਸਕਦੇ। ਹੇਠਾਂ ਦਿੱਤੇ ਅੰਨ੍ਹੇ ਸਥਾਨਾਂ ਵਿੱਚੋਂ ਕਿਹੜਾ ਸਭ ਤੋਂ ਵੱਡਾ ਹੈ?",,ਸਿੱਧਾ ਟਰੱਕ ਕੈਬ ਦੇ ਸਾਹਮਣੇ ਵਾਲਾ ਖੇਤਰ।,ਟ੍ਰੇਲਰ ਦੇ ਸੱਜੇ ਪਾਸੇ ਦਾ ਖੇਤਰ।,ਡਰਾਈਵਰ ਦੇ ਦਰਵਾਜ਼ੇ ਦੇ ਖੱਬੇ ਪਾਸੇ ਸਿੱਧਾ ਖੇਤਰ।,,B,ਟਰੈਕਟਰ-ਟ੍ਰੇਲਰ ਲਈ ਸਭ ਤੋਂ ਵੱਡਾ ਅੰਨ੍ਹਾ ਸਥਾਨ ਸੱਜੇ ਪਾਸੇ ਦਾ ਪਿਛਲਾ ਤਿਮਾਹੀ ਹੈ - ਸੱਜੇ ਪਾਸੇ ਟ੍ਰੇਲਰ ਦੀ ਲੰਬਾਈ ਨੂੰ ਚਲਾਉਂਦਾ ਹੈ। ਇਸ ਅੰਨ੍ਹੇਵਾਹ ਥਾਂ 'ਤੇ ਬੈਠਣ ਵਾਲੇ ਵਾਹਨ ਟਰੱਕ ਡਰਾਈਵਰ ਨੂੰ ਨਜ਼ਰ ਨਹੀਂ ਆਉਂਦੇ।
gk_ms_004,ਤੁਹਾਨੂੰ ਆਪਣੇ ਟ੍ਰੇਲਰ ਅਤੇ ਓਵਰਹੈੱਡ ਰੁਕਾਵਟਾਂ ਜਿਵੇਂ ਕਿ ਪੁਲਾਂ ਜਾਂ ਚਿੰਨ੍ਹਾਂ ਵਿਚਕਾਰ ਘੱਟੋ-ਘੱਟ ਕਲੀਅਰੈਂਸ ਕੀ ਰੱਖਣਾ ਚਾਹੀਦਾ ਹੈ?,,ਪੋਸਟ ਕੀਤੀ ਕਲੀਅਰੈਂਸ ਉਚਾਈ ਤੋਂ 1 ਇੰਚ ਉੱਪਰ।,ਕਾਫ਼ੀ ਹੈ ਕਿ ਤੁਹਾਡੇ ਵਾਹਨ ਦੀ ਉਚਾਈ ਪੋਸਟ ਕੀਤੀ ਅਧਿਕਤਮ ਕਲੀਅਰੈਂਸ ਦੇ ਅੰਦਰ ਹੈ।,ਪੋਸਟ ਕੀਤੀ ਕਲੀਅਰੈਂਸ ਉਚਾਈ ਤੋਂ 2 ਫੁੱਟ ਹੇਠਾਂ।,,B,ਤੁਹਾਡਾ ਵਾਹਨ ਪੁਲਾਂ ਅਤੇ ਅੰਡਰਪਾਸਾਂ ਦੀ ਪੋਸਟ ਕੀਤੀ ਅਧਿਕਤਮ ਕਲੀਅਰੈਂਸ ਉਚਾਈ ਦੇ ਅੰਦਰ ਫਿੱਟ ਹੋਣਾ ਚਾਹੀਦਾ ਹੈ। ਆਪਣੇ ਵਾਹਨ ਦੀ ਉਚਾਈ ਨੂੰ ਹਮੇਸ਼ਾ ਜਾਣੋ। ਬਰਫ਼ ਜਾਂ ਕਾਰਗੋ ਸ਼ਿਫਟ ਤੁਹਾਡੇ ਵਾਹਨ ਦੀ ਉਚਾਈ ਨੂੰ ਬਦਲ ਸਕਦੇ ਹਨ।
gk_ms_005,"ਕਿਸੇ ਪੁਲ ਜਾਂ ਓਵਰਪਾਸ ਦੇ ਹੇਠਾਂ ਗੱਡੀ ਚਲਾਉਣ ਤੋਂ ਪਹਿਲਾਂ, ਤੁਹਾਨੂੰ ਇਹ ਕਰਨਾ ਚਾਹੀਦਾ ਹੈ:",,ਪੋਸਟ ਕੀਤੀ ਕਲੀਅਰੈਂਸ ਸੀਮਾ ਦੇ ਵਿਰੁੱਧ ਆਪਣੇ ਵਾਹਨ ਦੀ ਉਚਾਈ ਦੀ ਜਾਂਚ ਕਰੋ।,ਸਿਰਫ਼ ਤਾਂ ਹੀ ਅੱਗੇ ਵਧੋ ਜੇਕਰ ਤੁਸੀਂ ਅੰਡਰਪਾਸ ਦਾ ਦੂਜਾ ਪਾਸਾ ਦੇਖ ਸਕਦੇ ਹੋ।,ਗਤੀ ਘਟਾਓ ਪਰ ਕਲੀਅਰੈਂਸ ਸੀਮਾ ਦੀ ਪਰਵਾਹ ਕੀਤੇ ਬਿਨਾਂ ਅੱਗੇ ਵਧੋ।,,A,ਹਮੇਸ਼ਾ ਆਪਣੇ ਵਾਹਨ ਦੀ ਲੋਡ ਕੀਤੀ ਉਚਾਈ ਨੂੰ ਜਾਣੋ ਅਤੇ ਇਸਦੀ ਪੋਸਟ ਕਲੀਅਰੈਂਸ ਸੀਮਾਵਾਂ ਨਾਲ ਤੁਲਨਾ ਕਰੋ। ਇੱਥੋਂ ਤੱਕ ਕਿ ਇੱਕ ਛੋਟਾ ਜਿਹਾ ਅੰਤਰ ਵੀ ਘਾਤਕ ਹੋ ਸਕਦਾ ਹੈ। ਬਰਫ਼ ਜਾਂ ਅਸਾਧਾਰਨ ਮਾਲ ਤੁਹਾਡੇ ਵਾਹਨ ਦੀ ਉਚਾਈ ਨੂੰ ਵਧਾ ਸਕਦਾ ਹੈ।
gk_ms_006,"ਜੇਕਰ ਤੁਹਾਨੂੰ ਕਿਸੇ ਹੋਰ ਵਾਹਨ ਦੁਆਰਾ ਕੱਟਿਆ ਜਾ ਰਿਹਾ ਹੈ ਜੋ ਤੁਹਾਡੀ ਲੇਨ ਵਿੱਚ ਅਭੇਦ ਹੋ ਜਾਂਦਾ ਹੈ, ਤਾਂ ਸਭ ਤੋਂ ਵਧੀਆ ਜਵਾਬ ਕੀ ਹੋਵੇਗਾ?",,ਆਪਣਾ ਸਿੰਗ ਵਜਾਓ ਅਤੇ ਆਪਣੀ ਸਥਿਤੀ ਨੂੰ ਮੁੜ ਪ੍ਰਾਪਤ ਕਰਨ ਲਈ ਤੇਜ਼ ਕਰੋ।,ਹੌਲੀ ਹੌਲੀ ਬ੍ਰੇਕ ਕਰੋ ਅਤੇ ਸੁਰੱਖਿਆ ਸਪੇਸ ਮੁੜ ਪ੍ਰਾਪਤ ਕਰਨ ਲਈ ਆਪਣੀ ਹੇਠਲੀ ਦੂਰੀ ਵਧਾਓ।,ਵਾਹਨ ਤੋਂ ਬਚਣ ਲਈ ਤੁਰੰਤ ਨਾਲ ਲੱਗਦੀ ਲੇਨ ਵਿੱਚ ਚਲੇ ਜਾਓ।,,B,"ਜਦੋਂ ਕੱਟਿਆ ਜਾਂਦਾ ਹੈ, ਸਭ ਤੋਂ ਸੁਰੱਖਿਅਤ ਜਵਾਬ ਹੌਲੀ-ਹੌਲੀ ਬ੍ਰੇਕ ਕਰਨਾ ਅਤੇ ਹੇਠਾਂ ਦਿੱਤੀ ਦੂਰੀ ਨੂੰ ਵਧਾਉਣਾ ਹੈ। ਹਾਰਨ ਵਜਾਉਣਾ ਜਾਂ ਹਮਲਾਵਰ ਲੇਨ ਤਬਦੀਲੀਆਂ ਸਥਿਤੀ ਨੂੰ ਵਧਾ ਸਕਦੀਆਂ ਹਨ ਅਤੇ ਨਵੇਂ ਖ਼ਤਰੇ ਪੈਦਾ ਕਰ ਸਕਦੀਆਂ ਹਨ।"
gk_ms_007,"ਜਦੋਂ ਤੁਹਾਨੂੰ ਕਿਸੇ ਐਮਰਜੈਂਸੀ ਵਿੱਚ ਸੜਕ 'ਤੇ ਰੁਕਣ ਦੀ ਲੋੜ ਹੁੰਦੀ ਹੈ (ਬ੍ਰੇਕਡਾਊਨ ਲੇਨ ਵਿੱਚ ਨਹੀਂ), ਤਾਂ ਤੁਹਾਨੂੰ ਆਪਣੇ ਵਾਹਨ ਦੇ ਆਲੇ-ਦੁਆਲੇ ਦੀ ਜਗ੍ਹਾ ਬਾਰੇ ਕੀ ਕਰਨਾ ਚਾਹੀਦਾ ਹੈ?",,ਆਪਣੇ ਵਾਹਨ ਨੂੰ ਤੁਰੰਤ ਛੱਡ ਦਿਓ ਅਤੇ ਆਵਾਜਾਈ ਤੋਂ ਦੂਰ ਚਲੇ ਜਾਓ।,ਆਉਣ ਵਾਲੇ ਟ੍ਰੈਫਿਕ ਨੂੰ ਚੇਤਾਵਨੀ ਦੇਣ ਲਈ 10 ਮਿੰਟਾਂ ਦੇ ਅੰਦਰ ਚੇਤਾਵਨੀ ਉਪਕਰਣ (ਤਿਕੋਣ/ਫਲਾਰ) ਸੈੱਟ ਕਰੋ।,ਸਿਰਫ਼ ਆਪਣੀਆਂ ਖਤਰੇ ਵਾਲੀਆਂ ਲਾਈਟਾਂ ਨੂੰ ਫਲੈਸ਼ ਕਰੋ-ਕਿਸੇ ਹੋਰ ਚੇਤਾਵਨੀ ਉਪਕਰਣ ਦੀ ਲੋੜ ਨਹੀਂ ਹੈ।,,B,ਫੈਡਰਲ ਨਿਯਮਾਂ ਲਈ ਰੋਡਵੇਅ 'ਤੇ ਰੁਕਣ ਦੇ 10 ਮਿੰਟਾਂ ਦੇ ਅੰਦਰ ਚੇਤਾਵਨੀ ਉਪਕਰਣ ਲਗਾਉਣ ਦੀ ਲੋੜ ਹੁੰਦੀ ਹੈ। ਨੇੜੇ ਆਉਣ ਵਾਲੇ ਡਰਾਈਵਰਾਂ ਨੂੰ ਚੇਤਾਵਨੀ ਦੇਣ ਲਈ ਤੁਹਾਡੇ ਵਾਹਨ ਦੇ ਪਿੱਛੇ ਖਾਸ ਦੂਰੀ 'ਤੇ ਤਿਕੋਣ ਲਗਾਏ ਜਾਣੇ ਚਾਹੀਦੇ ਹਨ।
gk_ms_008,"ਦੋ-ਮਾਰਗੀ ਸੜਕ 'ਤੇ, ਟੁੱਟਣ ਤੋਂ ਬਾਅਦ ਤਿਕੋਣ ਕਿਹੜੇ ਸਥਾਨਾਂ 'ਤੇ ਰੱਖੇ ਜਾਣੇ ਚਾਹੀਦੇ ਹਨ?",,"10, 50, ਅਤੇ 100 ਫੁੱਟ ਪਿਛਲੇ ਪਾਸੇ.","100, 200, ਅਤੇ 300 ਫੁੱਟ ਪਿਛਲੇ ਪਾਸੇ.","10, 100, ਅਤੇ 200 ਫੁੱਟ ਪਿਛਲੇ ਪਾਸੇ.",,A,"ਦੋ-ਲੇਨ ਵਾਲੀ ਸੜਕ 'ਤੇ, ਇੱਕ ਤਿਕੋਣ ਨੂੰ 10 ਫੁੱਟ ਪਿੱਛੇ (ਇੱਕ ਨਜ਼ਦੀਕੀ ਚੇਤਾਵਨੀ ਵਜੋਂ), ਇੱਕ 100 ਫੁੱਟ ਪਿੱਛੇ, ਅਤੇ ਇੱਕ 100 ਫੁੱਟ ਵਾਹਨ ਤੋਂ ਅੱਗੇ, ਜਾਂ ਉਹਨਾਂ ਨੂੰ 10, 100, ਅਤੇ 200 ਫੁੱਟ ਪਿੱਛੇ ਰੱਖੋ।"
gk_ms_009,"ਹਾਈਵੇਅ 'ਤੇ ਹਾਈ ਸਪੀਡ ਸੀਮਾ ਦੇ ਨਾਲ ਗੱਡੀ ਚਲਾਉਣ ਵੇਲੇ, ਟੁੱਟਣ ਤੋਂ ਬਾਅਦ ਚੇਤਾਵਨੀ ਤਿਕੋਣਾਂ ਨੂੰ ਕਿੱਥੇ ਰੱਖਿਆ ਜਾਣਾ ਚਾਹੀਦਾ ਹੈ?",,ਉਹੀ ਸਥਾਨ ਜਿਵੇਂ ਦੋ-ਮਾਰਗੀ ਸੜਕ 'ਤੇ।,"ਟ੍ਰੈਫਿਕ ਵਾਲੇ ਪਾਸੇ ਵਾਹਨ ਦੇ ਪਿੱਛੇ 100, 200 ਅਤੇ 300 ਫੁੱਟ.","ਸਿਰਫ ਵਾਹਨ ਦੇ ਪਿੱਛੇ, 500 ਫੁੱਟ ਦੀ ਦੂਰੀ ਤੱਕ.",,B,"55 ਮੀਲ ਪ੍ਰਤੀ ਘੰਟਾ ਤੋਂ ਵੱਧ ਦੀ ਸਪੀਡ ਸੀਮਾ ਵਾਲੀ ਇੱਕ ਵਿਭਾਜਿਤ ਹਾਈਵੇਅ ਜਾਂ ਇੱਕ ਪਾਸੇ ਵਾਲੀ ਸੜਕ 'ਤੇ, ਤੇਜ਼ੀ ਨਾਲ ਨੇੜੇ ਆਉਣ ਵਾਲੇ ਟ੍ਰੈਫਿਕ ਨੂੰ ਲੋੜੀਂਦੀ ਚੇਤਾਵਨੀ ਦੇਣ ਲਈ 100, 200, ਅਤੇ 300 ਫੁੱਟ ਪਿੱਛੇ ਤਿਕੋਣ ਲਗਾਓ।"
gk_ms_010,ਹੇਠਾਂ ਦਿੱਤੇ ਵਿੱਚੋਂ ਕਿਹੜਾ ਸੁੱਕੇ ਫੁੱਟਪਾਥ 'ਤੇ 55 ਮੀਲ ਪ੍ਰਤੀ ਘੰਟਾ ਦੀ ਰਫਤਾਰ ਨਾਲ ਪੂਰੀ ਤਰ੍ਹਾਂ ਲੋਡ ਕੀਤੇ ਟਰੈਕਟਰ-ਟ੍ਰੇਲਰ ਦੀ ਰੁਕਣ ਦੀ ਦੂਰੀ ਦਾ ਸਭ ਤੋਂ ਵਧੀਆ ਵਰਣਨ ਕਰਦਾ ਹੈ?,,ਇੱਕ ਯਾਤਰੀ ਕਾਰ ਦੇ ਸਮਾਨ - ਲਗਭਗ 200 ਫੁੱਟ.,ਮਹੱਤਵਪੂਰਨ ਤੌਰ 'ਤੇ ਇੱਕ ਯਾਤਰੀ ਕਾਰ ਤੋਂ ਵੱਧ - ਸੰਭਾਵੀ ਤੌਰ 'ਤੇ 400 ਫੁੱਟ ਤੋਂ ਵੱਧ।,ਏਅਰ ਬ੍ਰੇਕ ਸਿਸਟਮ ਦੇ ਕਾਰਨ ਕਾਰ ਤੋਂ ਘੱਟ।,,B,55 ਮੀਲ ਪ੍ਰਤੀ ਘੰਟਾ ਦੀ ਰਫਤਾਰ ਨਾਲ ਇੱਕ ਪੂਰੀ ਤਰ੍ਹਾਂ ਲੋਡ ਕੀਤੇ ਟਰੈਕਟਰ-ਟ੍ਰੇਲਰ ਨੂੰ ਸੁੱਕੇ ਫੁੱਟਪਾਥ 'ਤੇ ਰੁਕਣ ਲਈ 400+ ਫੁੱਟ ਤੱਕ ਦੀ ਲੋੜ ਹੁੰਦੀ ਹੈ - ਇੱਕ ਯਾਤਰੀ ਕਾਰ ਨਾਲੋਂ ਕਿਤੇ ਜ਼ਿਆਦਾ। ਇਸ ਲਈ ਟਰੱਕ ਡਰਾਈਵਰਾਂ ਲਈ ਹੇਠਲੀ ਦੂਰੀ ਅਤੇ ਸਪੀਡ ਪ੍ਰਬੰਧਨ ਮਹੱਤਵਪੂਰਨ ਹਨ।
gk_ms_011,"ਜਦੋਂ ਇੱਕ ਟਰੱਕ ਖਾਲੀ ਹੁੰਦਾ ਹੈ, ਤਾਂ ਪੂਰੀ ਤਰ੍ਹਾਂ ਲੋਡ ਹੋਣ ਦੀ ਤੁਲਨਾ ਵਿੱਚ ਇਸਦੀ ਰੁਕਣ ਦੀ ਦੂਰੀ ਹੁੰਦੀ ਹੈ:",,"ਛੋਟਾ, ਕਿਉਂਕਿ ਹੌਲੀ ਕਰਨ ਲਈ ਘੱਟ ਭਾਰ ਹੈ.",ਲੋਡ ਦੀ ਪਰਵਾਹ ਕੀਤੇ ਬਿਨਾਂ ਉਸੇ ਬਾਰੇ.,"ਸੰਭਾਵੀ ਤੌਰ 'ਤੇ ਲੰਬਾ, ਕਿਉਂਕਿ ਖਾਲੀ ਟਰੱਕਾਂ ਨੇ ਟਾਇਰ ਟ੍ਰੈਕਸ਼ਨ ਨੂੰ ਘਟਾ ਦਿੱਤਾ ਹੈ।",,C,"ਇੱਕ ਖਾਲੀ ਟਰੱਕ ਅਸਲ ਵਿੱਚ ਇੱਕ ਲੋਡ ਟਰੱਕ ਨਾਲੋਂ ਰੁਕਣ ਵਿੱਚ ਜ਼ਿਆਦਾ ਸਮਾਂ ਲੈ ਸਕਦਾ ਹੈ। ਘੱਟ ਭਾਰ ਦੇ ਨਾਲ, ਟਾਇਰਾਂ ਅਤੇ ਸੜਕ ਵਿਚਕਾਰ ਘੱਟ ਰਗੜ ਹੁੰਦਾ ਹੈ, ਜੋ ਬ੍ਰੇਕਿੰਗ ਪ੍ਰਭਾਵ ਨੂੰ ਘਟਾਉਂਦਾ ਹੈ।"
gk_ms_012,"ਜੇਕਰ ਅੱਗੇ ਦਾ ਟ੍ਰੈਫਿਕ ਅਚਾਨਕ ਹੌਲੀ ਹੋ ਗਿਆ ਹੈ, ਤਾਂ ਹੇਠਾਂ ਦਿੱਤੀਆਂ ਕਾਰਵਾਈਆਂ ਵਿੱਚੋਂ ਕਿਹੜੀ ਕਿਰਿਆ ਸਭ ਤੋਂ ਵਾਧੂ ਰੁਕਣ ਵਾਲੀ ਦੂਰੀ ਬਣਾਉਂਦੀ ਹੈ?",,ਬ੍ਰੇਕ ਲਗਾਉਣ ਤੋਂ ਪਹਿਲਾਂ ਸ਼ੀਸ਼ੇ ਦੀ ਜਾਂਚ ਕਰੋ।,ਏਅਰ ਬ੍ਰੇਕ ਸਿਸਟਮ ਵਿੱਚ ਬ੍ਰੇਕ ਲੈਗ ਦਾ ਸਮਾਂ (ਬ੍ਰੇਕ ਪੂਰੀ ਤਰ੍ਹਾਂ ਲਾਗੂ ਹੋਣ ਤੋਂ ਅੱਧਾ ਸਕਿੰਟ ਤੱਕ)।,ਸਰਵਿਸ ਬ੍ਰੇਕ ਲਗਾਉਣ ਤੋਂ ਪਹਿਲਾਂ ਡਾਊਨਸ਼ਿਫਟ ਕਰਨਾ।,,B,ਏਅਰ ਬ੍ਰੇਕ ਪ੍ਰਣਾਲੀਆਂ ਵਿੱਚ ਪੈਡਲ ਨੂੰ ਦਬਾਉਣ ਅਤੇ ਬ੍ਰੇਕਾਂ ਨੂੰ ਪੂਰੀ ਤਰ੍ਹਾਂ ਨਾਲ ਜੋੜਨ ਦੇ ਵਿਚਕਾਰ ਅੱਧੇ ਸਕਿੰਟ ਤੱਕ ਦਾ ਸਮਾਂ ਹੁੰਦਾ ਹੈ। 55 ਮੀਲ ਪ੍ਰਤੀ ਘੰਟਾ 'ਤੇ ਇਹ ਦੂਰੀ ਨੂੰ ਰੋਕਣ ਲਈ ਲਗਭਗ 40 ਫੁੱਟ ਜੋੜਦਾ ਹੈ - ਇਹ ਉਜਾਗਰ ਕਰਦਾ ਹੈ ਕਿ ਦੂਰੀ ਦੀ ਪਾਲਣਾ ਕਿਉਂ ਜ਼ਰੂਰੀ ਹੈ।
gk_hs_001,"ਐੱਫ.ਐੱਮ.ਸੀ.ਐੱਸ.ਏ. ਦੇ ਘੰਟਿਆਂ ਦੇ ਸੇਵਾ ਨਿਯਮਾਂ ਦੇ ਤਹਿਤ, ਇੱਕ ਜਾਇਦਾਦ ਨੂੰ ਲੈ ਜਾਣ ਵਾਲਾ ਡਰਾਈਵਰ ਡਿਊਟੀ 'ਤੇ ਆਉਣ ਤੋਂ ਬਾਅਦ ਵੱਧ ਤੋਂ ਵੱਧ ਕਿੰਨੇ ਘੰਟੇ ਤੱਕ ਗੱਡੀ ਚਲਾ ਸਕਦਾ ਹੈ?",,10 ਘੰਟੇ ਬਾਅਦ ਲਗਾਤਾਰ 8 ਘੰਟੇ ਦੀ ਡਿਊਟੀ ਤੋਂ ਛੁੱਟੀ।,11 ਘੰਟੇ ਬਾਅਦ ਲਗਾਤਾਰ 10 ਘੰਟੇ ਡਿਊਟੀ ਤੋਂ ਛੁੱਟੀ।,ਲਗਾਤਾਰ 8 ਘੰਟੇ ਦੀ ਡਿਊਟੀ ਤੋਂ ਬਾਅਦ 12 ਘੰਟੇ।,,B,ਸੰਪਤੀ ਨੂੰ ਸੰਭਾਲਣ ਵਾਲੇ ਡਰਾਈਵਰ ਲਗਾਤਾਰ 10 ਘੰਟੇ ਦੀ ਡਿਊਟੀ ਤੋਂ ਬਾਅਦ 11 ਘੰਟੇ ਤੱਕ ਗੱਡੀ ਚਲਾ ਸਕਦੇ ਹਨ। ਇਹ ਸੇਵਾ ਨਿਯਮਾਂ ਦੇ FMCSA ਘੰਟਿਆਂ ਦੇ ਅਧੀਨ '11-ਘੰਟੇ ਦਾ ਨਿਯਮ' ਹੈ।
gk_hs_002,14-ਘੰਟੇ ਦੀ ਮਿਆਦ ਵਿੱਚ ਇੱਕ ਪ੍ਰਾਪਰਟੀ ਕੈਰੀ ਕਰਨ ਵਾਲਾ ਡਰਾਈਵਰ 'ਡਿਊਟੀ 'ਤੇ' ਵੱਧ ਤੋਂ ਵੱਧ ਕਿੰਨੇ ਘੰਟੇ ਹੋ ਸਕਦਾ ਹੈ?,,14 ਘੰਟੇ ਡਿਊਟੀ 'ਤੇ ਆਉਣ ਤੋਂ ਬਾਅਦ 8 ਘੰਟੇ ਦੀ ਛੁੱਟੀ।,ਕਿਸੇ ਵੀ 24-ਘੰਟੇ ਦੀ ਮਿਆਦ ਦੇ ਅੰਦਰ 12 ਘੰਟੇ।,"ਪਹਿਲਾਂ ਡਿਊਟੀ 'ਤੇ ਆਉਣ ਤੋਂ ਬਾਅਦ, 10 ਘੰਟੇ ਦੀ ਛੁੱਟੀ ਤੋਂ ਬਾਅਦ ਵੱਧ ਤੋਂ ਵੱਧ 14-ਘੰਟੇ ਦੀ ਵਿੰਡੋ।",,C,'14-ਘੰਟੇ ਦਾ ਨਿਯਮ' ਲਗਾਤਾਰ 10 ਘੰਟੇ ਦੀ ਛੁੱਟੀ ਤੋਂ ਬਾਅਦ ਡਿਊਟੀ 'ਤੇ 14 ਘੰਟੇ (ਨਾਨ-ਡ੍ਰਾਈਵਿੰਗ ਸਮੇਂ ਸਮੇਤ) ਡਰਾਈਵਿੰਗ 'ਤੇ ਪਾਬੰਦੀ ਲਗਾਉਂਦਾ ਹੈ। ਆਫ-ਡਿਊਟੀ ਬਰੇਕ 14-ਘੰਟੇ ਦੀ ਵਿੰਡੋ ਨੂੰ ਨਹੀਂ ਵਧਾਉਂਦੇ ਹਨ।
gk_hs_003,ਸੇਵਾ ਨਿਯਮਾਂ ਦੇ ਘੰਟਿਆਂ ਵਿੱਚ 'ਸਲੀਪਰ ਬਰਥ' ਅਪਵਾਦ ਕੀ ਹੈ?,,ਇਹ ਡਰਾਈਵਰਾਂ ਨੂੰ 2 ਘੰਟੇ ਵਾਧੂ ਗੱਡੀ ਚਲਾਉਣ ਦੀ ਇਜਾਜ਼ਤ ਦਿੰਦਾ ਹੈ ਜੇਕਰ ਉਹ ਸਲੀਪਰ ਬਰਥ 'ਤੇ ਝਪਕੀ ਲੈਂਦੇ ਹਨ।,ਇਹ ਡ੍ਰਾਈਵਰਾਂ ਨੂੰ ਖਾਸ ਨਿਯਮਾਂ ਦੇ ਤਹਿਤ ਸਲੀਪਰ ਬਰਥ ਦੀ ਵਰਤੋਂ ਕਰਦੇ ਹੋਏ ਆਪਣੇ ਲੋੜੀਂਦੇ ਆਫ-ਡਿਊਟੀ ਸਮੇਂ ਨੂੰ ਵੰਡਣ ਦੀ ਇਜਾਜ਼ਤ ਦਿੰਦਾ ਹੈ।,ਇਹ 10-ਘੰਟੇ ਦੀ ਆਫ-ਡਿਊਟੀ ਲੋੜ ਨੂੰ ਪੂਰੀ ਤਰ੍ਹਾਂ ਬਦਲ ਦਿੰਦਾ ਹੈ।,,B,"ਸਲੀਪਰ ਬਰਥ ਅਪਵਾਦ ਡਰਾਈਵਰਾਂ ਨੂੰ ਸਲੀਪਰ ਬਰਥ ਦੀ ਵਰਤੋਂ ਕਰਦੇ ਹੋਏ ਆਪਣੇ ਲੋੜੀਂਦੇ ਆਫ-ਡਿਊਟੀ ਆਰਾਮ ਨੂੰ ਦੋ ਪੀਰੀਅਡਾਂ (ਉਦਾਹਰਨ ਲਈ, 8+2 ਘੰਟੇ) ਵਿੱਚ ਵੰਡਣ ਦੀ ਇਜਾਜ਼ਤ ਦਿੰਦਾ ਹੈ। ਵੈਧ ਹੋਣ ਲਈ ਦੋਵੇਂ ਮਿਆਦਾਂ ਨੂੰ ਖਾਸ ਨਿਯਮਾਂ ਨੂੰ ਪੂਰਾ ਕਰਨਾ ਲਾਜ਼ਮੀ ਹੈ।"
gk_hs_004,"60/70-ਘੰਟੇ ਦੇ ਨਿਯਮ ਦੇ ਤਹਿਤ, ਲਗਾਤਾਰ 7 ਦਿਨਾਂ ਦੀ ਵਰਤੋਂ ਕਰਨ ਵਾਲਾ ਡਰਾਈਵਰ ਇਕੱਠੇ ਹੋਣ ਤੋਂ ਬਾਅਦ ਗੱਡੀ ਨਹੀਂ ਚਲਾ ਸਕਦਾ:",,ਕਿਸੇ ਵੀ ਲਗਾਤਾਰ 7 ਦਿਨਾਂ ਵਿੱਚ 60 ਆਨ-ਡਿਊਟੀ ਘੰਟੇ।,ਕਿਸੇ ਵੀ ਲਗਾਤਾਰ 7 ਦਿਨਾਂ ਵਿੱਚ 70 ਆਨ-ਡਿਊਟੀ ਘੰਟੇ।,A ਅਤੇ B ਦੋਵੇਂ ਇਸ ਗੱਲ 'ਤੇ ਨਿਰਭਰ ਕਰਦੇ ਹਨ ਕਿ ਕੈਰੀਅਰ ਕਿਸ ਨਿਯਮ ਦੀ ਵਰਤੋਂ ਕਰਦਾ ਹੈ।,,C,"ਕੈਰੀਅਰ 60-ਘੰਟੇ/7-ਦਿਨ ਜਾਂ 70-ਘੰਟੇ/8-ਦਿਨ ਨਿਯਮ ਅਧੀਨ ਕੰਮ ਕਰ ਸਕਦੇ ਹਨ। 7 ਦਿਨਾਂ ਦੇ ਨਿਯਮ ਦੇ ਤਹਿਤ, ਇੱਕ ਡਰਾਈਵਰ 60 ਆਨ-ਡਿਊਟੀ ਘੰਟਿਆਂ ਤੱਕ ਪਹੁੰਚਣ ਤੋਂ ਬਾਅਦ ਗੱਡੀ ਨਹੀਂ ਚਲਾ ਸਕਦਾ। 8 ਦਿਨਾਂ ਦੇ ਨਿਯਮ ਦੇ ਤਹਿਤ, ਸੀਮਾ 70 ਘੰਟੇ ਹੈ।"
gk_hs_005,"ਇੱਕ ਡਰਾਈਵਰ ਜਿਸਨੇ 60/70-ਘੰਟੇ ਦੇ ਨਿਯਮ ਦੇ ਤਹਿਤ ਵੱਧ ਤੋਂ ਵੱਧ ਆਨ-ਡਿਊਟੀ ਘੰਟੇ ਇਕੱਠੇ ਕੀਤੇ ਹਨ, ਨੂੰ ਦੁਬਾਰਾ ਗੱਡੀ ਚਲਾਉਣ ਤੋਂ ਪਹਿਲਾਂ ਘੱਟੋ-ਘੱਟ ਕਿੰਨੇ ਘੰਟੇ ਦੀ ਛੁੱਟੀ ਲੈਣੀ ਚਾਹੀਦੀ ਹੈ?",,ਲਗਾਤਾਰ 10 ਘੰਟੇ ਦੀ ਛੁੱਟੀ।,ਲਗਾਤਾਰ 34 ਘੰਟੇ ਬੰਦ (ਇੱਕ 34-ਘੰਟੇ ਰੀਸਟਾਰਟ)।,ਲਗਾਤਾਰ 24 ਘੰਟੇ ਦੀ ਛੁੱਟੀ।,,B,ਇੱਕ ਡਰਾਈਵਰ ਘੱਟੋ-ਘੱਟ 34 ਘੰਟੇ ਦੀ ਡਿਊਟੀ ਤੋਂ ਛੁੱਟੀ ਲੈ ਕੇ ਆਪਣੀ 60/70-ਘੰਟੇ ਦੀ ਘੜੀ ਨੂੰ ਮੁੜ ਚਾਲੂ ਕਰ ਸਕਦਾ ਹੈ। ਇਹ 'ਰੀਸਟਾਰਟ ਪ੍ਰੋਵਿਜ਼ਨ' ਹਫ਼ਤਾਵਾਰੀ ਚੱਕਰ ਨੂੰ ਤਾਜ਼ਾ ਸ਼ੁਰੂ ਕਰਨ ਦੀ ਇਜਾਜ਼ਤ ਦਿੰਦਾ ਹੈ।
gk_hs_006,ਜਦੋਂ ਡਰਾਈਵਰ ਦਾ 'ਇਲੈਕਟ੍ਰਾਨਿਕ ਲੌਗਿੰਗ ਡਿਵਾਈਸ' (ELD) 'ਉਲੰਘਣ' ਸੂਚਨਾ ਦਿਖਾਉਂਦਾ ਹੈ ਤਾਂ ਇਸਦਾ ਕੀ ਅਰਥ ਹੁੰਦਾ ਹੈ?,,ELD ਦੀ ਬੈਟਰੀ ਘੱਟ ਹੈ।,ਡਰਾਈਵਰ ਨੇ ਸੇਵਾ ਸੀਮਾ ਦੇ ਨਿਯੰਤ੍ਰਿਤ ਘੰਟਿਆਂ ਨੂੰ ਪਾਰ ਕਰ ਲਿਆ ਹੈ ਜਾਂ ਇਸ ਨੂੰ ਪਾਰ ਕਰਨ ਵਾਲਾ ਹੈ।,ਵਾਹਨ ਨੂੰ ਤੇਲ ਬਦਲਣ ਦੀ ਲੋੜ ਹੈ।,,B,"ELD ਉਲੰਘਣਾ ਸੂਚਨਾਵਾਂ ਡਰਾਈਵਰਾਂ ਨੂੰ ਚੇਤਾਵਨੀ ਦਿੰਦੀਆਂ ਹਨ ਜਦੋਂ ਉਹ ਸੇਵਾ ਸੀਮਾ ਦੇ ਇੱਕ ਘੰਟੇ ਤੋਂ ਵੱਧ ਜਾਂ ਨੇੜੇ ਆ ਜਾਂਦੇ ਹਨ। ਉਲੰਘਣਾਵਾਂ ਦਾ ਨਿਪਟਾਰਾ ਕੀਤਾ ਜਾਣਾ ਚਾਹੀਦਾ ਹੈ, ਅਤੇ ਉਲੰਘਣਾ ਦਾ ਰਿਕਾਰਡ ELD ਵਿੱਚ ਸਟੋਰ ਕੀਤਾ ਜਾਂਦਾ ਹੈ।"
gk_hs_007,ਇਹ ਯਕੀਨੀ ਬਣਾਉਣ ਲਈ ਮੁੱਖ ਤੌਰ 'ਤੇ ਕੌਣ ਜ਼ਿੰਮੇਵਾਰ ਹੈ ਕਿ ਇੱਕ ਵਪਾਰਕ ਡਰਾਈਵਰ ਘੰਟਿਆਂ ਦੇ ਸੇਵਾ ਨਿਯਮਾਂ ਦੀ ਪਾਲਣਾ ਕਰਦਾ ਹੈ?,,ਭੇਜਣ ਵਾਲਾ।,ਡਰਾਈਵਰ ਅਤੇ ਮੋਟਰ ਕੈਰੀਅਰ ਦੋਵੇਂ।,ਸੰਘੀ DOT ਇੰਸਪੈਕਟਰ।,,B,ਡਰਾਈਵਰ ਅਤੇ ਮੋਟਰ ਕੈਰੀਅਰ (ਕੰਪਨੀ) ਦੋਵੇਂ ਘੰਟਿਆਂ ਦੇ ਸੇਵਾ ਨਿਯਮਾਂ ਦੀ ਪਾਲਣਾ ਕਰਨ ਲਈ ਜ਼ਿੰਮੇਵਾਰ ਹਨ। ਕੈਰੀਅਰ ਡਰਾਈਵਰਾਂ ਨੂੰ ਨਿਯਮਾਂ ਦੀ ਉਲੰਘਣਾ ਕਰਨ ਦੀ ਲੋੜ ਜਾਂ ਇਜਾਜ਼ਤ ਨਹੀਂ ਦੇ ਸਕਦੇ ਹਨ।
gk_hs_008,"ਸੇਵਾ ਨਿਯਮਾਂ ਦੇ ਘੰਟੇ ਦੇ ਤਹਿਤ, 'ਆਨ-ਡਿਊਟੀ ਟਾਈਮ' ਵਿੱਚ ਹੇਠਾਂ ਦਿੱਤੇ ਸਾਰੇ ਸ਼ਾਮਲ ਹੁੰਦੇ ਹਨ:",,ਭੇਜੇ ਜਾਣ ਦੀ ਉਡੀਕ ਕਰਦੇ ਹੋਏ ਹਰ ਸਮੇਂ ਕੈਰੀਅਰ ਜਾਂ ਸ਼ਿਪਰ ਪਲਾਂਟ 'ਤੇ।,ਸਪਲਿਟ-ਸਲੀਪਰ ਪੀਰੀਅਡ ਦੌਰਾਨ ਸਲੀਪਰ ਬਰਥ ਵਿੱਚ ਆਰਾਮ ਕਰਨ ਵਿੱਚ ਬਿਤਾਇਆ ਸਮਾਂ।,ਹਰੇਕ ਯਾਤਰਾ ਦੇ ਸ਼ੁਰੂ ਅਤੇ ਅੰਤ ਵਿੱਚ ਨਿਰੀਖਣ ਕਰਤੱਵਾਂ ਦਾ ਪ੍ਰਦਰਸ਼ਨ ਕਰਨ ਦਾ ਸਮਾਂ।,,B,"ਕੁਆਲੀਫਾਇੰਗ ਆਰਾਮ ਦੀ ਮਿਆਦ ਦੇ ਦੌਰਾਨ ਇੱਕ ਸਲੀਪਰ ਬਰਥ ਵਿੱਚ ਬਿਤਾਏ ਸਮੇਂ ਨੂੰ ਡਿਊਟੀ ਦੇ ਸਮੇਂ ਵਿੱਚ ਨਹੀਂ ਗਿਣਿਆ ਜਾਂਦਾ ਹੈ। ਬਾਕੀ ਸਾਰੇ ਇੰਤਜ਼ਾਰ, ਲੋਡਿੰਗ, ਨਿਰੀਖਣ, ਅਤੇ ਡਰਾਈਵਿੰਗ ਸਮਾਂ ਡਿਊਟੀ ਸਮੇਂ ਦੇ ਰੂਪ ਵਿੱਚ ਗਿਣਿਆ ਜਾਂਦਾ ਹੈ।"
gk_hs_009,ਸੇਵਾ ਦੇ ਘੰਟੇ 30-ਮਿੰਟ ਦੇ ਆਰਾਮ ਬ੍ਰੇਕ ਨਿਯਮ ਲਈ ਇੱਕ ਪ੍ਰਾਪਰਟੀ ਲੈ ਕੇ ਜਾਣ ਵਾਲੇ ਡਰਾਈਵਰ ਨੂੰ ਘੱਟੋ-ਘੱਟ 30 ਮਿੰਟ ਬਾਅਦ ਬ੍ਰੇਕ ਲੈਣ ਦੀ ਲੋੜ ਹੁੰਦੀ ਹੈ:,,ਬਿਨਾਂ ਬਰੇਕ ਲਏ ਲਗਾਤਾਰ 8 ਘੰਟੇ ਡਰਾਈਵਿੰਗ।,ਕੁੱਲ 10 ਘੰਟੇ ਡਿਊਟੀ 'ਤੇ ਰਹੇ।,ਬ੍ਰੇਕ ਦੀ ਲੋੜ ਤਾਂ ਹੀ ਹੁੰਦੀ ਹੈ ਜਦੋਂ ਡਰਾਈਵਰ ਥੱਕਿਆ ਮਹਿਸੂਸ ਕਰਦਾ ਹੈ।,,A,ਮੌਜੂਦਾ FMCSA ਨਿਯਮਾਂ ਅਨੁਸਾਰ 30-ਮਿੰਟ ਦੇ ਆਰਾਮ ਦੀ ਬਰੇਕ ਦੀ ਲੋੜ ਹੁੰਦੀ ਹੈ ਜੇਕਰ ਡਰਾਈਵਰ ਦੀ ਆਖਰੀ ਆਫ-ਡਿਊਟੀ ਜਾਂ ਘੱਟੋ-ਘੱਟ 30 ਮਿੰਟ ਦੀ ਸਲੀਪਰ ਬਰਥ ਪੀਰੀਅਡ ਤੋਂ ਬਾਅਦ ਲਗਾਤਾਰ 8 ਘੰਟੇ ਲੰਘ ਗਏ ਹਨ। ਇਸ ਬਰੇਕ ਨੂੰ ਡਿਊਟੀ ਤੋਂ ਹਟਾ ਦੇਣਾ ਚਾਹੀਦਾ ਹੈ।
gk_hs_010,ਇਲੈਕਟ੍ਰਾਨਿਕ ਲੌਗ ਰੱਖਣ ਤੋਂ ਇੱਕ ਛੋਟੀ ਦੂਰੀ ਦੀ ਛੋਟ ਉਹਨਾਂ ਡਰਾਈਵਰਾਂ ਲਈ ਉਪਲਬਧ ਹੈ ਜੋ:,,ਆਪਣੇ ਘਰ ਦੇ ਟਰਮੀਨਲ ਦੇ 150 ਏਅਰ-ਮੀਲ ਦੇ ਘੇਰੇ ਵਿੱਚ ਹੀ ਗੱਡੀ ਚਲਾਓ ਅਤੇ 14 ਘੰਟਿਆਂ ਦੇ ਅੰਦਰ ਵਾਪਸ ਆ ਜਾਓ।,10 ਤੋਂ ਘੱਟ ਟਰੱਕਾਂ ਵਾਲੀ ਕੰਪਨੀ ਲਈ ਕੰਮ ਕਰੋ।,ਹਰ ਹਫ਼ਤੇ 500 ਮੀਲ ਤੋਂ ਘੱਟ ਗੱਡੀ ਚਲਾਓ।,,A,"ਜਿਹੜੇ ਡਰਾਈਵਰ ਆਪਣੇ ਘਰੇਲੂ ਟਰਮੀਨਲ ਦੇ 150 ਏਅਰ-ਮੀਲ ਦੇ ਘੇਰੇ ਵਿੱਚ ਕੰਮ ਕਰਦੇ ਹਨ ਅਤੇ ਹਰ ਰੋਜ਼ 14 ਘੰਟਿਆਂ ਦੇ ਅੰਦਰ ਵਾਪਸ ਆਉਂਦੇ ਹਨ, ਉਹਨਾਂ ਨੂੰ ਆਮ ਤੌਰ 'ਤੇ ELD ਲੋੜਾਂ ਤੋਂ ਛੋਟ ਦਿੱਤੀ ਜਾਂਦੀ ਹੈ, ਹਾਲਾਂਕਿ ਉਹਨਾਂ ਨੂੰ ਅਜੇ ਵੀ ਘੰਟਿਆਂ ਦੀ ਸੇਵਾ ਸੀਮਾਵਾਂ ਦੀ ਪਾਲਣਾ ਕਰਨੀ ਚਾਹੀਦੀ ਹੈ।"
gk_hs_011,"ਲੰਬੀ ਦੂਰੀ ਤੱਕ ਗੱਡੀ ਚਲਾਉਂਦੇ ਸਮੇਂ, ਥਕਾਵਟ ਨੂੰ ਰੋਕਣ ਵਿੱਚ ਹੇਠ ਲਿਖਿਆਂ ਵਿੱਚੋਂ ਕਿਹੜਾ ਸਭ ਤੋਂ ਵਧੀਆ ਮਦਦ ਕਰਦਾ ਹੈ?",,ਕੌਫੀ ਜਾਂ ਐਨਰਜੀ ਡਰਿੰਕਸ ਹਰ ਘੰਟੇ ਪੀਣਾ।,ਨਿਯਮਤ ਨਿਯਤ ਆਰਾਮ ਦੇ ਬ੍ਰੇਕ ਲੈਣਾ ਅਤੇ ਸ਼ਿਫਟਾਂ ਦੇ ਵਿਚਕਾਰ ਲੋੜੀਂਦੀ ਨੀਂਦ ਲੈਣਾ।,ਜਾਗਦੇ ਰਹਿਣ ਲਈ ਵਿੰਡੋ ਖੋਲ੍ਹਣਾ ਜਾਂ ਰੇਡੀਓ ਚਾਲੂ ਕਰਨਾ।,,B,ਸਭ ਤੋਂ ਪ੍ਰਭਾਵਸ਼ਾਲੀ ਥਕਾਵਟ ਪ੍ਰਬੰਧਨ ਰਣਨੀਤੀ ਸਹੀ ਆਰਾਮ ਹੈ—ਦੋਵੇਂ ਇੱਕ ਯਾਤਰਾ ਦੌਰਾਨ (ਨਿਯਮਿਤ ਬ੍ਰੇਕ) ਅਤੇ ਇੱਕ ਯਾਤਰਾ ਤੋਂ ਪਹਿਲਾਂ (ਕਾਫ਼ੀ ਨੀਂਦ)। ਕੌਫੀ ਅਤੇ ਹੋਰ ਉਤੇਜਕ ਕੇਵਲ ਅਸਥਾਈ ਰਾਹਤ ਪ੍ਰਦਾਨ ਕਰਦੇ ਹਨ।
gk_hs_012,ਹੇਠਾਂ ਦਿੱਤੇ ਵਿੱਚੋਂ ਕਿਹੜਾ ਚੇਤਾਵਨੀ ਸੰਕੇਤ ਹੈ ਕਿ ਤੁਸੀਂ ਸੁਰੱਖਿਅਤ ਢੰਗ ਨਾਲ ਗੱਡੀ ਚਲਾਉਣ ਲਈ ਬਹੁਤ ਥੱਕ ਗਏ ਹੋ?,,ਥੋੜੀ ਭੁੱਖ ਮਹਿਸੂਸ ਹੋ ਰਹੀ ਹੈ।,"ਗੁੰਮ ਹਾਈਵੇ ਨਿਕਾਸ, ਲੇਨਾਂ ਵਿਚਕਾਰ ਵਹਿਣਾ, ਜਾਂ ਫੋਕਸ ਕਰਨ ਵਿੱਚ ਮੁਸ਼ਕਲ।",ਪ੍ਰਤੀਕ੍ਰਿਆ ਦੇ ਸਮੇਂ ਵਿੱਚ ਇੱਕ ਬਹੁਤ ਹੀ ਮਾਮੂਲੀ ਵਾਧਾ.,,B,"ਗਾਇਬ ਨਿਕਾਸ, ਲੇਨ ਵਹਿਣਾ, ਅਤੇ ਫੋਕਸ ਕਰਨ ਵਿੱਚ ਮੁਸ਼ਕਲ ਥਕਾਵਟ ਦੇ ਗੰਭੀਰ ਸੰਕੇਤ ਹਨ ਜੋ ਦਰਸਾਉਂਦੇ ਹਨ ਕਿ ਡਰਾਈਵਰ ਨੂੰ ਤੁਰੰਤ ਰੁਕਣਾ ਚਾਹੀਦਾ ਹੈ। ਥਕਾਵਟ ਡਰਾਈਵਿੰਗ ਸਮਰੱਥਾ ਨੂੰ ਸ਼ਰਾਬ ਵਾਂਗ ਗੰਭੀਰ ਰੂਪ ਵਿੱਚ ਵਿਗਾੜ ਦਿੰਦੀ ਹੈ।"
gk_ac_001,"ਜੇ ਤੁਸੀਂ ਸੱਟਾਂ ਨਾਲ ਦੁਰਘਟਨਾ ਵਿੱਚ ਸ਼ਾਮਲ ਹੋ, ਤਾਂ ਤੁਹਾਨੂੰ ਪਹਿਲਾਂ ਕੀ ਕਰਨਾ ਚਾਹੀਦਾ ਹੈ?",,ਦੁਰਘਟਨਾ ਦੀ ਰਿਪੋਰਟ ਕਰਨ ਲਈ ਆਪਣੇ ਡਿਸਪੈਚਰ ਨੂੰ ਕਾਲ ਕਰੋ।,ਜੇਕਰ ਸੰਭਵ ਹੋਵੇ ਤਾਂ ਆਪਣੇ ਵਾਹਨ ਨੂੰ ਸੜਕ ਤੋਂ ਹਟਾਓ।,ਜ਼ਖਮੀਆਂ ਲਈ ਡਾਕਟਰੀ ਸਹਾਇਤਾ ਲੈਣ ਲਈ 911 ਜਾਂ ਐਮਰਜੈਂਸੀ ਸੇਵਾਵਾਂ 'ਤੇ ਕਾਲ ਕਰੋ।,,C,"ਸੱਟਾਂ ਦੇ ਨਾਲ ਕਿਸੇ ਵੀ ਦੁਰਘਟਨਾ ਵਿੱਚ ਪਹਿਲੀ ਤਰਜੀਹ ਡਾਕਟਰੀ ਸਹਾਇਤਾ ਪ੍ਰਾਪਤ ਕਰਨਾ ਹੈ। ਤੁਰੰਤ 911 'ਤੇ ਕਾਲ ਕਰੋ। ਫਿਰ ਸੀਨ ਦੀ ਸੁਰੱਖਿਆ ਕਰੋ, ਆਪਣੇ ਕੈਰੀਅਰ ਨੂੰ ਸੂਚਿਤ ਕਰੋ, ਅਤੇ ਲੋੜੀਂਦੀ ਜਾਣਕਾਰੀ ਇਕੱਠੀ ਕਰੋ।"
gk_ac_002,"ਦੁਰਘਟਨਾ ਵਿੱਚ ਸ਼ਾਮਲ ਹੋਣ 'ਤੇ, ਤੁਹਾਨੂੰ ਇਸ ਦੁਆਰਾ ਸੀਨ ਦੀ ਸੁਰੱਖਿਆ ਕਰਨੀ ਚਾਹੀਦੀ ਹੈ:",,ਸੱਟਾਂ ਦੀ ਪਰਵਾਹ ਕੀਤੇ ਬਿਨਾਂ ਸਾਰੇ ਵਾਹਨਾਂ ਨੂੰ ਮੋਢੇ 'ਤੇ ਲਿਜਾਣਾ।,"ਚੇਤਾਵਨੀ ਉਪਕਰਣਾਂ (ਤਿਕੋਣ, ਭੜਕਣ) ਨੂੰ ਸੈੱਟ ਕਰਨਾ ਅਤੇ ਨੇੜੇ ਆਉਣ ਵਾਲੇ ਟ੍ਰੈਫਿਕ ਨੂੰ ਚੇਤਾਵਨੀ ਦੇਣ ਲਈ ਖਤਰੇ ਵਾਲੀਆਂ ਲਾਈਟਾਂ ਨੂੰ ਚਾਲੂ ਕਰਨਾ।",ਹਾਦਸੇ ਦੇ ਆਲੇ ਦੁਆਲੇ ਸਿੱਧੀ ਆਵਾਜਾਈ ਲਈ ਸੜਕ ਵਿੱਚ ਖੜ੍ਹੇ.,,B,"ਦੁਰਘਟਨਾ ਤੋਂ ਬਾਅਦ, ਖਤਰੇ ਵਾਲੀਆਂ ਲਾਈਟਾਂ ਨੂੰ ਸਰਗਰਮ ਕਰਕੇ ਅਤੇ ਚੇਤਾਵਨੀ ਉਪਕਰਣ ਲਗਾ ਕੇ ਸੀਨ ਦੀ ਸੁਰੱਖਿਆ ਕਰੋ। ਇਹ ਸੈਕੰਡਰੀ ਹਾਦਸਿਆਂ ਨੂੰ ਰੋਕਦਾ ਹੈ ਜਦੋਂ ਐਮਰਜੈਂਸੀ ਸੇਵਾਵਾਂ ਜਵਾਬ ਦਿੰਦੀਆਂ ਹਨ।"
gk_ac_003,ਇੱਕ ਮੋਟਰ ਕੈਰੀਅਰ ਦੁਰਘਟਨਾ ਦੀ DOT ਨੂੰ ਰਿਪੋਰਟ ਕੀਤੀ ਜਾਣੀ ਚਾਹੀਦੀ ਹੈ ਜੇਕਰ ਇਸ ਵਿੱਚ ਸ਼ਾਮਲ ਹੈ:,,ਰਕਮ ਦੀ ਪਰਵਾਹ ਕੀਤੇ ਬਿਨਾਂ ਕਿਸੇ ਵੀ ਜਾਇਦਾਦ ਦਾ ਨੁਕਸਾਨ।,"ਇੱਕ ਘਾਤਕ, ਸੱਟ ਜਿਸ ਲਈ ਘਟਨਾ ਸਥਾਨ ਤੋਂ ਤੁਰੰਤ ਡਾਕਟਰੀ ਸਹਾਇਤਾ ਦੀ ਲੋੜ ਹੁੰਦੀ ਹੈ, ਜਾਂ ਵਾਹਨ ਨੂੰ ਨੁਕਸਾਨ ਪਹੁੰਚਾਉਣਾ ਬੰਦ ਹੋ ਜਾਂਦਾ ਹੈ।",ਸਿਰਫ ਹਾਦਸਿਆਂ ਵਿੱਚ ਖਤਰਨਾਕ ਸਮੱਗਰੀ ਸ਼ਾਮਲ ਹੁੰਦੀ ਹੈ।,,B,"DOT-ਰਿਪੋਰਟਯੋਗ ਹਾਦਸਿਆਂ ਵਿੱਚ ਸ਼ਾਮਲ ਹਨ: (1) ਇੱਕ ਘਾਤਕ, (2) ਸਰੀਰਕ ਸੱਟ ਜਿਸ ਲਈ ਘਟਨਾ ਸਥਾਨ ਤੋਂ ਤੁਰੰਤ ਡਾਕਟਰੀ ਇਲਾਜ ਦੀ ਲੋੜ ਹੁੰਦੀ ਹੈ, ਜਾਂ (3) ਇੱਕ ਜਾਂ ਇੱਕ ਤੋਂ ਵੱਧ ਵਾਹਨਾਂ ਦੇ ਨੁਕਸਾਨ ਨੂੰ ਅਸਮਰੱਥ ਕਰਨਾ ਜਿਸ ਲਈ ਟੋਇੰਗ ਦੀ ਲੋੜ ਹੁੰਦੀ ਹੈ। ਸਾਰੇ ਤਿੰਨ ਹਾਲਾਤ ਰਿਪੋਰਟਯੋਗ ਹਨ."
gk_ac_004,"ਦੁਰਘਟਨਾ ਤੋਂ ਬਾਅਦ, ਡਰਾਈਵਰ ਨੂੰ ਦੂਜੇ ਡਰਾਈਵਰ ਤੋਂ ਹੇਠ ਲਿਖੀਆਂ ਵਿੱਚੋਂ ਕਿਹੜੀ ਜਾਣਕਾਰੀ ਇਕੱਠੀ ਕਰਨੀ ਚਾਹੀਦੀ ਹੈ?",,ਉਹਨਾਂ ਦਾ ਸਮਾਜਿਕ ਸੁਰੱਖਿਆ ਨੰਬਰ ਅਤੇ ਬੈਂਕ ਖਾਤੇ ਦੀ ਜਾਣਕਾਰੀ।,"ਨਾਮ, ਪਤਾ, ਡਰਾਈਵਰ ਲਾਇਸੰਸ ਨੰਬਰ, ਅਤੇ ਵਾਹਨ ਰਜਿਸਟ੍ਰੇਸ਼ਨ ਜਾਣਕਾਰੀ।",ਬੀਮਾ ਸੰਪਰਕ ਲਈ ਸਿਰਫ਼ ਉਨ੍ਹਾਂ ਦਾ ਫ਼ੋਨ ਨੰਬਰ।,,B,"ਦੁਰਘਟਨਾ ਤੋਂ ਬਾਅਦ, ਦੂਜੇ ਡਰਾਈਵਰ ਦਾ ਨਾਮ, ਪਤਾ, ਡਰਾਈਵਰ ਲਾਇਸੰਸ ਨੰਬਰ, ਵਾਹਨ ਦੀ ਰਜਿਸਟ੍ਰੇਸ਼ਨ, ਅਤੇ ਬੀਮਾ ਜਾਣਕਾਰੀ ਇਕੱਠੀ ਕਰੋ। ਇਹ ਦੁਰਘਟਨਾ ਰਿਪੋਰਟਾਂ ਅਤੇ ਬੀਮਾ ਦਾਅਵਿਆਂ ਲਈ ਲੋੜੀਂਦਾ ਹੈ।"
gk_ac_005,ਦੁਰਘਟਨਾ ਤੋਂ ਬਾਅਦ ਜ਼ਖਮੀ ਵਿਅਕਤੀ ਨੂੰ ਲਿਜਾਣਾ ਕਦੋਂ ਉਚਿਤ ਹੈ?,,"ਤੁਰੰਤ, ਉਨ੍ਹਾਂ ਨੂੰ ਸੁਰੱਖਿਆ ਲਈ ਪਹੁੰਚਾਉਣ ਲਈ।","ਕੇਵਲ ਤਾਂ ਹੀ ਜੇਕਰ ਵਿਅਕਤੀ ਤੁਰੰਤ ਖ਼ਤਰੇ ਵਿੱਚ ਹੈ ਜਿਵੇਂ ਕਿ ਅੱਗ, ਹੜ੍ਹ, ਜਾਂ ਆਉਣ ਵਾਲੇ ਆਵਾਜਾਈ ਤੋਂ।",ਕਦੇ ਵੀ ਨਾ - ਹਰ ਸਥਿਤੀ ਵਿੱਚ ਡਾਕਟਰੀ ਪੇਸ਼ੇਵਰਾਂ ਦੀ ਉਡੀਕ ਕਰੋ।,,B,"ਰੀੜ੍ਹ ਦੀ ਹੱਡੀ ਜਾਂ ਹੋਰ ਸੱਟਾਂ ਨੂੰ ਵਿਗੜਨ ਤੋਂ ਬਚਣ ਲਈ ਤੁਹਾਨੂੰ ਆਮ ਤੌਰ 'ਤੇ ਜ਼ਖਮੀ ਵਿਅਕਤੀ ਨੂੰ ਨਹੀਂ ਹਿਲਾਉਣਾ ਚਾਹੀਦਾ। ਅਪਵਾਦ ਇਹ ਹੈ ਕਿ ਜੇ ਉਹਨਾਂ ਨੂੰ ਥਾਂ 'ਤੇ ਛੱਡਣ ਨਾਲ ਤੁਰੰਤ ਜਾਨਲੇਵਾ ਖਤਰਾ ਪੈਦਾ ਹੁੰਦਾ ਹੈ (ਅੱਗ, ਆਵਾਜਾਈ, ਆਦਿ)।"
gk_ac_006,ਡਰਾਈਵਰ ਦੀ ਕੀ ਜ਼ਿੰਮੇਵਾਰੀ ਹੈ ਜੇਕਰ ਉਹ ਹਿੱਟ-ਐਂਡ-ਰਨ ਦੁਰਘਟਨਾ ਵਿੱਚ ਸ਼ਾਮਲ ਹੁੰਦੇ ਹਨ ਜਿੱਥੇ ਉਹ ਇੱਕ ਪਾਰਕ ਕੀਤੇ ਵਾਹਨ ਨੂੰ ਟੱਕਰ ਮਾਰਦੇ ਹਨ?,,ਉਹਨਾਂ ਦੀ ਸੰਪਰਕ ਜਾਣਕਾਰੀ ਦੇ ਨਾਲ ਇੱਕ ਨੋਟ ਲਿਖੋ ਅਤੇ ਜਿੰਨੀ ਜਲਦੀ ਹੋ ਸਕੇ ਪੁਲਿਸ ਨੂੰ ਰਿਪੋਰਟ ਕਰੋ।,ਇਸ ਤੋਂ ਪਹਿਲਾਂ ਕਿ ਕੋਈ ਵੀ ਉਨ੍ਹਾਂ ਨੂੰ ਦੇਖਦਾ ਸੀਨ ਨੂੰ ਜਲਦੀ ਛੱਡ ਦਿਓ।,ਘਟਨਾ ਸਥਾਨ ਤੋਂ ਆਪਣੀ ਬੀਮਾ ਕੰਪਨੀ ਨੂੰ ਕਾਲ ਕਰੋ ਅਤੇ ਉਡੀਕ ਕਰੋ।,,A,"ਦੁਰਘਟਨਾ ਵਾਲੀ ਥਾਂ ਛੱਡਣਾ, ਇੱਥੋਂ ਤੱਕ ਕਿ ਪਾਰਕ ਕੀਤੇ ਵਾਹਨ ਨੂੰ ਸ਼ਾਮਲ ਕਰਨਾ, ਗੈਰ-ਕਾਨੂੰਨੀ ਹੈ। ਤੁਹਾਨੂੰ ਆਪਣੀ ਸੰਪਰਕ ਜਾਣਕਾਰੀ ਛੱਡਣੀ ਚਾਹੀਦੀ ਹੈ ਅਤੇ ਪੁਲਿਸ ਨੂੰ ਰਿਪੋਰਟ ਕਰਨੀ ਚਾਹੀਦੀ ਹੈ। ਅਜਿਹਾ ਕਰਨ ਵਿੱਚ ਅਸਫਲ ਰਹਿਣ ਦੇ ਨਤੀਜੇ ਵਜੋਂ ਅਪਰਾਧਿਕ ਦੋਸ਼ ਲੱਗ ਸਕਦੇ ਹਨ।"
gk_ac_007,ਪੁਲਿਸ ਦੇ ਪਹੁੰਚਣ ਤੋਂ ਪਹਿਲਾਂ ਇੱਕ ਡਰਾਈਵਰ ਕਾਨੂੰਨੀ ਤੌਰ 'ਤੇ ਕਿਸ ਸਥਿਤੀ ਵਿੱਚ ਦੁਰਘਟਨਾ ਵਾਲੀ ਥਾਂ ਛੱਡ ਸਕਦਾ ਹੈ?,,ਕਦੇ ਨਹੀਂ - ਪੁਲਿਸ ਦੇ ਆਉਣ ਤੱਕ ਡਰਾਈਵਰ ਨੂੰ ਹਮੇਸ਼ਾ ਹੀ ਰਹਿਣਾ ਚਾਹੀਦਾ ਹੈ।,ਜੇ ਉਹਨਾਂ ਨੂੰ ਆਪਣੇ ਲਈ ਡਾਕਟਰੀ ਦੇਖਭਾਲ ਪ੍ਰਾਪਤ ਕਰਨ ਅਤੇ ਜਿੰਨੀ ਜਲਦੀ ਹੋ ਸਕੇ ਵਾਪਸ ਆਉਣ ਦੀ ਲੋੜ ਹੈ।,ਜੇਕਰ ਕੋਈ ਜ਼ਖਮੀ ਨਹੀਂ ਹੋਇਆ ਅਤੇ ਜਾਇਦਾਦ ਦਾ ਨੁਕਸਾਨ ਮਾਮੂਲੀ ਦਿਖਾਈ ਦਿੰਦਾ ਹੈ।,,B,"ਡ੍ਰਾਈਵਰ ਸਿਰਫ ਤਾਂ ਹੀ ਘਟਨਾ ਸਥਾਨ ਛੱਡ ਸਕਦਾ ਹੈ ਜੇਕਰ ਉਹਨਾਂ ਨੂੰ ਤੁਰੰਤ ਡਾਕਟਰੀ ਸਹਾਇਤਾ ਦੀ ਲੋੜ ਹੁੰਦੀ ਹੈ ਅਤੇ ਉਹ ਰਹਿ ਨਹੀਂ ਸਕਦੇ। ਉਹਨਾਂ ਨੂੰ ਜਲਦੀ ਤੋਂ ਜਲਦੀ ਵਾਪਸ ਆਉਣਾ ਚਾਹੀਦਾ ਹੈ ਅਤੇ ਉਹਨਾਂ ਦੀਆਂ ਰਿਪੋਰਟਿੰਗ ਜ਼ਿੰਮੇਵਾਰੀਆਂ ਨੂੰ ਪੂਰਾ ਕਰਨਾ ਚਾਹੀਦਾ ਹੈ। ਬਾਕੀ ਸਾਰੇ ਮਾਮਲਿਆਂ ਵਿੱਚ, ਬਾਕੀ ਦੀ ਲੋੜ ਹੁੰਦੀ ਹੈ।"
gk_sc_001,ਮੈਨੂਅਲ ਟਰਾਂਸਮਿਸ਼ਨ ਵਿੱਚ ਗੇਅਰ ਸ਼ਿਫਟ ਕਰਨ ਵੇਲੇ 'ਡਬਲ ਕਲਚਿੰਗ' ਦਾ ਕੀ ਮਕਸਦ ਹੈ?,,ਇੰਜਣ ਨੂੰ ਗੇਅਰ ਤਬਦੀਲੀਆਂ ਵਿਚਕਾਰ ਠੰਡਾ ਹੋਣ ਦੇਣ ਲਈ।,ਇੱਕ ਨਿਰਵਿਘਨ ਸ਼ਿਫਟ ਲਈ ਟ੍ਰਾਂਸਮਿਸ਼ਨ ਗੀਅਰਸ ਅਤੇ ਇੰਜਣ ਦੀ ਗਤੀ ਨੂੰ ਸਮਕਾਲੀ ਕਰਨ ਲਈ।,ਸ਼ਿਫਟ ਕਰਦੇ ਸਮੇਂ ਬ੍ਰੇਕ ਲਗਾਉਣ ਲਈ।,,B,"ਡਬਲ ਕਲਚਿੰਗ (ਕਲਚ ਨੂੰ ਸ਼ਾਮਲ ਕਰਨਾ, ਨਿਰਪੱਖ ਹੋਣਾ, ਜਾਰੀ ਕਰਨਾ, ਫਿਰ ਦੁਬਾਰਾ ਜੁੜਣਾ) ਇੰਜਣ ਅਤੇ ਟ੍ਰਾਂਸਮਿਸ਼ਨ ਸਪੀਡਾਂ ਨਾਲ ਮੇਲ ਖਾਂਦਾ ਹੈ, ਜਿਸ ਨਾਲ ਬਿਨਾਂ ਪੀਸਣ ਦੇ ਨਿਰਵਿਘਨ ਗੀਅਰ ਦੀ ਸ਼ਮੂਲੀਅਤ ਹੁੰਦੀ ਹੈ।"
gk_sc_002,ਇੱਕ ਡਾਊਨਗ੍ਰੇਡ ਦੇ ਨੇੜੇ ਪਹੁੰਚਦੇ ਹੋਏ ਤੁਹਾਨੂੰ ਕਦੋਂ ਡਾਊਨਸ਼ਿਫਟ ਕਰਨਾ ਚਾਹੀਦਾ ਹੈ?,,ਜਦੋਂ ਤੁਸੀਂ ਹੇਠਾਂ ਉਤਰਨਾ ਸ਼ੁਰੂ ਕਰ ਦਿੱਤਾ ਹੈ ਅਤੇ ਮਹਿਸੂਸ ਕਰੋ ਕਿ ਵਾਹਨ ਤੇਜ਼ ਹੁੰਦਾ ਹੈ.,ਪਹਾੜੀ ਤੋਂ ਹੇਠਾਂ ਸ਼ੁਰੂ ਕਰਨ ਤੋਂ ਪਹਿਲਾਂ - ਉਤਰਨ ਤੋਂ ਪਹਿਲਾਂ ਢੁਕਵੇਂ ਹੇਠਲੇ ਗੇਅਰ ਵਿੱਚ ਸ਼ਿਫਟ ਕਰੋ।,ਗਤੀ ਗੁਆਉਣ ਤੋਂ ਬਚਣ ਲਈ ਪਹਾੜੀ ਦੇ ਤਲ 'ਤੇ.,,B,"ਹਮੇਸ਼ਾ ਢਲਵੀਂ ਉਤਰਾਈ ਤੋਂ ਪਹਿਲਾਂ ਹੇਠਾਂ ਵੱਲ ਜਾਓ, ਇਸ ਦੌਰਾਨ ਨਹੀਂ। ਹੇਠਾਂ ਉਤਰਦੇ ਸਮੇਂ ਗੀਅਰਾਂ ਨੂੰ ਸ਼ਿਫਟ ਕਰਨਾ ਅਸੁਰੱਖਿਅਤ ਹੈ ਕਿਉਂਕਿ ਤੁਸੀਂ ਗੀਅਰ ਨੂੰ ਗੁਆ ਸਕਦੇ ਹੋ ਅਤੇ ਬਿਨਾਂ ਇੰਜਣ ਬ੍ਰੇਕ ਦੇ, ਨਿਰਪੱਖ ਹੋ ਸਕਦੇ ਹੋ।"
gk_sc_003,'ਇੰਜਣ ਬ੍ਰੇਕਿੰਗ' ਕੀ ਹੈ ਅਤੇ ਇਹ ਕਦੋਂ ਵਰਤੀ ਜਾਂਦੀ ਹੈ?,,ਹੌਲੀ ਹੋਣ 'ਤੇ ਇੰਜਣ RPM ਨੂੰ ਵਧਾਉਣ ਲਈ ਥਰੋਟਲ ਦੀ ਵਰਤੋਂ ਕਰਨਾ।,ਡਾਊਨਗ੍ਰੇਡ 'ਤੇ ਵਾਹਨ ਨੂੰ ਹੌਲੀ ਕਰਨ ਵਿੱਚ ਮਦਦ ਕਰਨ ਲਈ (ਘੱਟ ਗੇਅਰ ਵਿੱਚ ਹੋਣ ਕਰਕੇ) ਇੰਜਣ ਦੇ ਵਿਰੋਧ ਦੀ ਵਰਤੋਂ ਕਰਨਾ।,ਇੰਜਣ ਦੇ ਕੂਲਿੰਗ ਫੈਨ ਨੂੰ ਡਰੈਗ ਡਿਵਾਈਸ ਵਜੋਂ ਲਾਗੂ ਕਰਨਾ।,,B,"ਇੰਜਣ ਬ੍ਰੇਕਿੰਗ ਵਾਹਨ ਨੂੰ ਹੌਲੀ ਕਰਨ ਵਿੱਚ ਮਦਦ ਕਰਨ ਲਈ ਇੰਜਣ ਦੇ ਡਰੈਗ ਦੀ ਵਰਤੋਂ ਕਰਦੀ ਹੈ। ਡਾਊਨਗ੍ਰੇਡ 'ਤੇ ਹੇਠਲੇ ਗੀਅਰ 'ਤੇ ਸ਼ਿਫਟ ਕਰਕੇ, ਇੰਜਣ ਬ੍ਰੇਕ ਦੇ ਤੌਰ 'ਤੇ ਕੰਮ ਕਰਦਾ ਹੈ, ਸਰਵਿਸ ਬ੍ਰੇਕਾਂ 'ਤੇ ਵੀਅਰ ਨੂੰ ਘਟਾਉਂਦਾ ਹੈ।"
gk_sc_004,"'ਕਲਚ ਦੀ ਸਵਾਰੀ' ਦਾ ਕੀ ਮਤਲਬ ਹੈ, ਅਤੇ ਇਹ ਨੁਕਸਾਨਦੇਹ ਕਿਉਂ ਹੈ?",,"ਬ੍ਰੇਕ ਲਗਾਉਣ ਵੇਲੇ ਕਲੱਚ ਨੂੰ ਪੂਰੀ ਤਰ੍ਹਾਂ ਨਾਲ ਦਬਾਓ, ਜੋ ਟ੍ਰਾਂਸਮਿਸ਼ਨ ਨੂੰ ਨੁਕਸਾਨ ਪਹੁੰਚਾਉਂਦਾ ਹੈ।","ਡਰਾਈਵਿੰਗ ਕਰਦੇ ਸਮੇਂ ਆਪਣੇ ਪੈਰ ਨੂੰ ਅੰਸ਼ਕ ਤੌਰ 'ਤੇ ਕਲਚ ਪੈਡਲ 'ਤੇ ਰੱਖੋ, ਜਿਸ ਨਾਲ ਬਹੁਤ ਜ਼ਿਆਦਾ ਕਲਚ ਪਹਿਨਣ ਦਾ ਕਾਰਨ ਬਣਦਾ ਹੈ।",ਹੌਲੀ ਹੋਣ 'ਤੇ ਬ੍ਰੇਕਾਂ ਦੀ ਬਜਾਏ ਕਲਚ ਦੀ ਵਰਤੋਂ ਕਰੋ।,,B,"'ਕਲਚ ਦੀ ਸਵਾਰੀ ਕਰਨਾ' ਦਾ ਮਤਲਬ ਹੈ ਡਰਾਈਵਿੰਗ ਕਰਦੇ ਸਮੇਂ ਆਪਣੇ ਪੈਰ ਨੂੰ ਕਲਚ ਪੈਡਲ 'ਤੇ ਆਰਾਮ ਕਰਨਾ, ਜੋ ਕਲਚ ਨੂੰ ਅੰਸ਼ਕ ਤੌਰ 'ਤੇ ਬੰਦ ਰੱਖਦਾ ਹੈ। ਇਹ ਕਲਚ ਪਲੇਟ 'ਤੇ ਤੇਜ਼ੀ ਨਾਲ ਪਹਿਨਣ ਦਾ ਕਾਰਨ ਬਣਦਾ ਹੈ ਅਤੇ ਸਮੇਂ ਤੋਂ ਪਹਿਲਾਂ ਕਲਚ ਦੀ ਅਸਫਲਤਾ ਦਾ ਕਾਰਨ ਬਣ ਸਕਦਾ ਹੈ।"
gk_sc_005,ਉੱਚੇ ਗੇਅਰ ਵਿੱਚ ਅੱਪਸ਼ਿਫਟ ਕਰਨ ਦਾ ਸਭ ਤੋਂ ਵਧੀਆ ਸਮਾਂ ਕਦੋਂ ਹੈ?,,ਜਦੋਂ ਇੰਜਣ RPM ਸੰਚਾਲਿਤ ਰੇਂਜ ਦੇ ਸਿਖਰ 'ਤੇ ਪਹੁੰਚਦਾ ਹੈ।,ਜਦੋਂ ਇੰਜਣ ਤੁਹਾਡੇ ਵਾਹਨ ਦੇ ਮੈਨੂਅਲ ਵਿੱਚ ਸ਼ਿਫਟ ਕਰਨ ਲਈ ਨਿਰਧਾਰਤ RPM ਤੱਕ ਪਹੁੰਚਦਾ ਹੈ - ਆਮ ਤੌਰ 'ਤੇ ਜਦੋਂ ਤੁਸੀਂ ਇੰਜਣ ਨੂੰ ਪੀਕ ਟਾਰਕ 'ਤੇ ਕੰਮ ਕਰਦੇ ਸੁਣਦੇ ਹੋ।,"ਜਦੋਂ ਵੀ ਟ੍ਰੈਫਿਕ ਇਜਾਜ਼ਤ ਦਿੰਦਾ ਹੈ, ਇੰਜਣ ਦੀ ਗਤੀ ਦੀ ਪਰਵਾਹ ਕੀਤੇ ਬਿਨਾਂ।",,B,ਜਦੋਂ ਇੰਜਣ ਤੁਹਾਡੇ ਵਾਹਨ ਦੇ ਓਪਰੇਟਿੰਗ ਮੈਨੂਅਲ ਵਿੱਚ ਦਰਸਾਏ ਗਏ ਗੇਅਰ ਤਬਦੀਲੀਆਂ ਲਈ ਉਚਿਤ RPM ਤੱਕ ਪਹੁੰਚਦਾ ਹੈ ਤਾਂ ਅੱਪਸ਼ਿਫਟ ਕਰੋ। ਸਹੀ RPM 'ਤੇ ਸ਼ਿਫਟ ਕਰਨ ਨਾਲ ਈਂਧਨ ਦੀ ਬਚਤ ਹੁੰਦੀ ਹੈ ਅਤੇ ਇੰਜਣ ਦੀ ਖਰਾਬੀ ਘੱਟ ਜਾਂਦੀ ਹੈ।
gk_sc_006,"ਜੇਕਰ ਤੁਸੀਂ ਡਾਊਨਗ੍ਰੇਡ 'ਤੇ ਸ਼ਿਫਟ ਕਰਦੇ ਸਮੇਂ ਗੇਅਰ ਗੁਆ ਬੈਠਦੇ ਹੋ, ਤਾਂ ਸਭ ਤੋਂ ਸੁਰੱਖਿਅਤ ਕਾਰਵਾਈ ਕੀ ਹੈ?",,ਤੁਰੰਤ ਕਿਸੇ ਵੀ ਹੇਠਲੇ ਗੇਅਰ ਨੂੰ ਲੱਭਣ ਦੀ ਕੋਸ਼ਿਸ਼ ਕਰੋ.,ਬਰੇਕਾਂ ਨੂੰ ਮਜ਼ਬੂਤੀ ਨਾਲ ਲਗਾਓ ਅਤੇ ਸੁਰੱਖਿਅਤ ਢੰਗ ਨਾਲ ਘੱਟ ਗੇਅਰ ਵਿੱਚ ਸ਼ਿਫਟ ਕਰਨ ਲਈ ਕਾਫ਼ੀ ਹੌਲੀ ਕਰਨ ਦੀ ਕੋਸ਼ਿਸ਼ ਕਰੋ।,ਇੰਜਣ ਨੂੰ ਬੰਦ ਕਰੋ ਤਾਂ ਕਿ ਟ੍ਰਾਂਸਮਿਸ਼ਨ ਲਾਕ ਹੋ ਜਾਵੇ।,,B,"ਜੇ ਤੁਸੀਂ ਹੇਠਾਂ ਵੱਲ ਜਾਣ ਵਾਲੇ ਗੇਅਰ ਨੂੰ ਖੁੰਝਾਉਂਦੇ ਹੋ, ਤਾਂ ਸੁਰੱਖਿਅਤ ਢੰਗ ਨਾਲ ਘੱਟ ਗੇਅਰ ਨੂੰ ਲਗਾਉਣ ਲਈ ਵਾਹਨ ਨੂੰ ਹੌਲੀ ਕਰਨ ਲਈ ਆਪਣੇ ਬ੍ਰੇਕਾਂ ਦੀ ਵਰਤੋਂ ਕਰੋ। ਜੇਕਰ ਬ੍ਰੇਕ ਜ਼ਿਆਦਾ ਗਰਮ ਹੋ ਜਾਂਦੀ ਹੈ, ਤਾਂ ਬਚਣ ਲਈ ਰੈਂਪ ਜਾਂ ਹੋਰ ਵਿਕਲਪ ਲੱਭੋ।"
gk_sc_007,ਇਸ ਦਾ ਕੀ ਮਤਲਬ ਹੈ ਜੇਕਰ ਮੈਨੂਅਲ ਟ੍ਰਾਂਸਮਿਸ਼ਨ ਵਾਹਨ ਡਾਊਨਗ੍ਰੇਡ 'ਤੇ 'ਗੀਅਰ ਤੋਂ ਬਾਹਰ' ਹੈ?,,ਇੰਜਣ ਦੀ ਬ੍ਰੇਕਿੰਗ ਗੱਡੀ ਨੂੰ ਹੌਲੀ ਕਰਨ ਵਿੱਚ ਮਦਦ ਕਰ ਰਹੀ ਹੈ।,ਕੋਈ ਇੰਜਣ ਬ੍ਰੇਕ ਨਹੀਂ ਹੈ-ਸਿਰਫ ਸਰਵਿਸ ਬ੍ਰੇਕ ਵਾਹਨ ਨੂੰ ਹੌਲੀ ਕਰ ਰਹੀਆਂ ਹਨ।,ਟਰਾਂਸਮਿਸ਼ਨ ਗ੍ਰੇਡ ਲਈ ਸਹੀ ਗੇਅਰ ਵਿੱਚ ਹੈ।,,B,"'ਗੀਅਰ ਤੋਂ ਬਾਹਰ' ਹੋਣ ਜਾਂ ਡਾਊਨਗ੍ਰੇਡ 'ਤੇ ਨਿਊਟਰਲ ਵਿੱਚ ਕੋਸਟ ਕਰਨ ਨਾਲ ਇੰਜਣ ਦੀ ਬ੍ਰੇਕਿੰਗ ਖਤਮ ਹੋ ਜਾਂਦੀ ਹੈ, ਜਿਸ ਨਾਲ ਬ੍ਰੇਕਿੰਗ ਦਾ ਸਾਰਾ ਬੋਝ ਸਰਵਿਸ ਬ੍ਰੇਕਾਂ 'ਤੇ ਪੈਂਦਾ ਹੈ। ਇਸ ਨਾਲ ਬ੍ਰੇਕ ਓਵਰਹੀਟਿੰਗ ਅਤੇ ਬ੍ਰੇਕ ਫੇਡ ਹੋ ਸਕਦੀ ਹੈ—ਇੱਕ ਖਤਰਨਾਕ ਸਥਿਤੀ।"
gk_sc_008,'ਪ੍ਰਗਤੀਸ਼ੀਲ ਤਬਦੀਲੀ' ਕੀ ਹੈ?,,ਹਾਈਵੇ ਦੀ ਗਤੀ ਤੇਜੀ ਨਾਲ ਪਹੁੰਚਣ ਲਈ ਮਲਟੀਪਲ ਗੀਅਰਸ ਨੂੰ ਛੱਡਣਾ।,ਈਂਧਨ ਦੀ ਆਰਥਿਕਤਾ ਨੂੰ ਬਿਹਤਰ ਬਣਾਉਣ ਲਈ ਵੱਧ ਤੋਂ ਵੱਧ ਤੋਂ ਘੱਟ RPM 'ਤੇ ਗੀਅਰਾਂ ਰਾਹੀਂ ਉੱਪਰ ਵੱਲ ਸ਼ਿਫਟ ਕਰਨਾ।,ਗੱਡੀ ਦੇ ਰੁਕਣ 'ਤੇ ਹੀ ਗੇਅਰ ਸ਼ਿਫਟ ਕਰਨਾ।,,B,ਪ੍ਰਗਤੀਸ਼ੀਲ ਸ਼ਿਫਟਿੰਗ ਦਾ ਮਤਲਬ ਹੈ ਈਂਧਨ ਕੁਸ਼ਲਤਾ ਨੂੰ ਬਿਹਤਰ ਬਣਾਉਣ ਲਈ ਇੰਜਣ ਦੇ ਅਧਿਕਤਮ ਤੋਂ ਘੱਟ RPM 'ਤੇ ਅੱਪਸ਼ਿਫਟ ਕਰਨਾ। ਇਹ ਇੱਕ ਬਾਲਣ-ਬਚਤ ਅਤੇ ਇੰਜਣ-ਅਨੁਕੂਲ ਤਕਨੀਕ ਹੈ ਜੋ ਪੇਸ਼ੇਵਰ ਡਰਾਈਵਰਾਂ ਦੁਆਰਾ ਵਰਤੀ ਜਾਂਦੀ ਹੈ।
gk_ec_001,"ਪ੍ਰੀ-ਟ੍ਰਿਪ ਇੰਜਨ ਕੰਪਾਰਟਮੈਂਟ ਨਿਰੀਖਣ ਦੌਰਾਨ, ਤੁਹਾਨੂੰ ਕਿਹੜੇ ਤਰਲ ਪੱਧਰਾਂ ਦੀ ਜਾਂਚ ਕਰਨੀ ਚਾਹੀਦੀ ਹੈ?",,ਸਿਰਫ਼ ਇੰਜਣ ਤੇਲ—ਹੋਰ ਤਰਲ ਪਦਾਰਥਾਂ ਦੀ ਜਾਂਚ ਸਿਰਫ਼ ਸੇਵਾ ਦੇ ਅੰਤਰਾਲਾਂ 'ਤੇ ਕੀਤੀ ਜਾਂਦੀ ਹੈ।,"ਇੰਜਨ ਆਇਲ, ਕੂਲੈਂਟ, ਪਾਵਰ ਸਟੀਅਰਿੰਗ ਤਰਲ, ਵਿੰਡਸ਼ੀਲਡ ਵਾਸ਼ਰ ਤਰਲ, ਅਤੇ ਬ੍ਰੇਕ ਤਰਲ (ਜੇ ਲਾਗੂ ਹੋਵੇ)।",ਸਿਰਫ਼ ਕੂਲੈਂਟ ਅਤੇ ਵਿੰਡਸ਼ੀਲਡ ਵਾਸ਼ਰ ਤਰਲ।,,B,"ਇੰਜਣ ਦੇ ਡੱਬੇ ਦੀ ਇੱਕ ਪੂਰੀ ਪ੍ਰੀ-ਟ੍ਰਿਪ ਨਿਰੀਖਣ ਵਿੱਚ ਸਾਰੇ ਤਰਲ ਪੱਧਰਾਂ ਦੀ ਜਾਂਚ ਸ਼ਾਮਲ ਹੈ: ਇੰਜਣ ਦਾ ਤੇਲ, ਕੂਲੈਂਟ, ਪਾਵਰ ਸਟੀਅਰਿੰਗ ਤਰਲ, ਵਿੰਡਸ਼ੀਲਡ ਵਾਸ਼ਰ ਤਰਲ, ਅਤੇ ਜੇ ਲਾਗੂ ਹੋਵੇ ਤਾਂ ਹਾਈਡ੍ਰੌਲਿਕ ਬ੍ਰੇਕ ਤਰਲ।"
gk_ec_002,ਇੰਜਣ ਥੋੜ੍ਹੇ ਸਮੇਂ ਲਈ ਚੱਲ ਰਿਹਾ ਹੋਣ ਦੇ ਦੌਰਾਨ ਘੱਟ ਕੂਲੈਂਟ ਤਾਪਮਾਨ ਗੇਜ ਰੀਡਿੰਗ ਕੀ ਦਰਸਾਉਂਦਾ ਹੈ?,,ਆਮ ਕਾਰਵਾਈ—ਠੰਡੇ ਤਾਪਮਾਨ ਦਾ ਮਤਲਬ ਹੈ ਕੂਲਿੰਗ ਸਿਸਟਮ ਚੰਗੀ ਤਰ੍ਹਾਂ ਕੰਮ ਕਰ ਰਿਹਾ ਹੈ।,"ਇੱਕ ਸੰਭਾਵੀ ਥਰਮੋਸਟੈਟ ਅਸਫਲਤਾ, ਜਿਸ ਕਾਰਨ ਇੰਜਣ ਰੁਕ-ਰੁਕ ਕੇ ਠੰਡਾ ਜਾਂ ਓਵਰਹੀਟ ਹੋ ਸਕਦਾ ਹੈ।",ਇੰਜਣ ਨੂੰ ਤੁਰੰਤ ਹੋਰ ਕੂਲੈਂਟ ਜੋੜਨ ਦੀ ਲੋੜ ਹੈ।,,B,"ਜੇ ਇੰਜਣ ਦੇ ਗਰਮ ਹੋਣ ਤੋਂ ਬਾਅਦ ਕੂਲਰ ਦਾ ਤਾਪਮਾਨ ਘੱਟ ਜਾਂਦਾ ਹੈ, ਤਾਂ ਥਰਮੋਸਟੈਟ ਖੁੱਲ੍ਹਾ ਫਸਿਆ ਹੋ ਸਕਦਾ ਹੈ। ਇੱਕ ਫਸਿਆ ਥਰਮੋਸਟੈਟ ਬਹੁਤ ਜ਼ਿਆਦਾ ਕੂਲੈਂਟ ਦੇ ਪ੍ਰਵਾਹ ਦੀ ਆਗਿਆ ਦਿੰਦਾ ਹੈ ਅਤੇ ਇੰਜਣ ਨੂੰ ਓਪਰੇਟਿੰਗ ਤਾਪਮਾਨ ਤੱਕ ਪਹੁੰਚਣ ਤੋਂ ਰੋਕਦਾ ਹੈ।"
gk_ec_003,"ਪੂਰਵ-ਯਾਤਰਾ ਦੇ ਨਿਰੀਖਣ ਦੌਰਾਨ, ਤੁਸੀਂ ਦੇਖਿਆ ਹੈ ਕਿ ਸੱਪ ਦੀ ਪੱਟੀ ਫਟ ਗਈ ਹੈ ਜਾਂ ਫਟ ਗਈ ਹੈ। ਤੁਹਾਨੂੰ ਕੀ ਕਰਨਾ ਚਾਹੀਦਾ ਹੈ?",,ਆਪਣੀ ਮੰਜ਼ਿਲ 'ਤੇ ਗੱਡੀ ਚਲਾਓ ਅਤੇ ਵਾਪਸੀ 'ਤੇ ਇਸ ਨੂੰ ਠੀਕ ਕਰੋ।,"ਗੱਡੀ ਨਾ ਚਲਾਓ — ਖਰਾਬ ਹੋਈ ਬੈਲਟ ਇੰਜਣ, ਅਲਟਰਨੇਟਰ ਅਤੇ ਪਾਵਰ ਸਟੀਅਰਿੰਗ ਨੂੰ ਤੋੜ ਸਕਦੀ ਹੈ ਅਤੇ ਅਯੋਗ ਕਰ ਸਕਦੀ ਹੈ।",ਜੇ ਬੈਲਟ ਪੂਰੀ ਤਰ੍ਹਾਂ ਟੁੱਟ ਗਈ ਹੋਵੇ ਤਾਂ ਹੀ ਬਦਲੋ।,,B,"ਇੱਕ ਤਿੜਕੀ ਹੋਈ ਜਾਂ ਭੁੰਜੇ ਹੋਈ ਸੱਪ ਦੀ ਪੱਟੀ ਇੱਕ ਗੰਭੀਰ ਸੁਰੱਖਿਆ ਨੁਕਸ ਹੈ। ਜੇਕਰ ਇਹ ਗੱਡੀ ਚਲਾਉਂਦੇ ਸਮੇਂ ਟੁੱਟ ਜਾਂਦਾ ਹੈ, ਤਾਂ ਇੰਜਣ ਜ਼ਿਆਦਾ ਗਰਮ ਹੋ ਸਕਦਾ ਹੈ, ਅਲਟਰਨੇਟਰ ਚਾਰਜ ਕਰਨਾ ਬੰਦ ਕਰ ਦਿੰਦਾ ਹੈ, ਅਤੇ ਪਾਵਰ ਸਟੀਅਰਿੰਗ ਫੇਲ ਹੋ ਸਕਦੀ ਹੈ—ਇਹ ਸਭ ਇੱਕੋ ਸਮੇਂ।"
gk_ec_004,ਗੱਡੀ ਚਲਾਉਂਦੇ ਸਮੇਂ 'ਘੱਟ ਤੇਲ ਦਾ ਦਬਾਅ' ਚੇਤਾਵਨੀ ਲਾਈਟ ਕੀ ਦਰਸਾਉਂਦੀ ਹੈ?,,ਠੰਡ ਦੇ ਦੌਰਾਨ ਆਮ ਕਾਰਵਾਈ ਸਿਰਫ ਸ਼ੁਰੂ ਹੁੰਦੀ ਹੈ.,ਇੱਕ ਗੰਭੀਰ ਇੰਜਣ ਸਮੱਸਿਆ—ਜਿੰਨੀ ਜਲਦੀ ਸੰਭਵ ਹੋ ਸਕੇ ਵਾਹਨ ਨੂੰ ਸੁਰੱਖਿਅਤ ਢੰਗ ਨਾਲ ਰੋਕੋ।,ਤੇਲ ਨੂੰ ਅਗਲੇ ਮੌਕੇ 'ਤੇ ਬਦਲਣ ਦੀ ਲੋੜ ਹੈ।,,B,ਗੱਡੀ ਚਲਾਉਂਦੇ ਸਮੇਂ ਤੇਲ ਦੇ ਘੱਟ ਦਬਾਅ ਦੀ ਚੇਤਾਵਨੀ ਇੱਕ ਗੰਭੀਰ ਸਮੱਸਿਆ ਨੂੰ ਦਰਸਾਉਂਦੀ ਹੈ। ਨਾਕਾਫ਼ੀ ਤੇਲ ਦੇ ਦਬਾਅ ਨਾਲ ਗੱਡੀ ਚਲਾਉਣਾ ਮਿੰਟਾਂ ਵਿੱਚ ਇੰਜਣ ਨੂੰ ਨਸ਼ਟ ਕਰ ਸਕਦਾ ਹੈ। ਜਿੰਨੀ ਜਲਦੀ ਹੋ ਸਕੇ ਸੁਰੱਖਿਅਤ ਢੰਗ ਨਾਲ ਰੁਕੋ ਅਤੇ ਜਾਂਚ ਕਰੋ।
gk_ec_005,ਤੁਹਾਨੂੰ ਕਦੇ ਵੀ ਇੰਜਣ ਕੂਲੈਂਟ ਦੀਆਂ ਵੱਖ-ਵੱਖ ਕਿਸਮਾਂ ਜਾਂ ਰੰਗਾਂ ਨੂੰ ਕਿਉਂ ਨਹੀਂ ਮਿਲਾਉਣਾ ਚਾਹੀਦਾ?,,"ਵੱਖੋ-ਵੱਖਰੇ ਕੂਲੈਂਟ ਰਸਾਇਣਕ ਤੌਰ 'ਤੇ ਪ੍ਰਤੀਕਿਰਿਆ ਕਰ ਸਕਦੇ ਹਨ, ਡਿਪਾਜ਼ਿਟ ਬਣਾਉਂਦੇ ਹਨ ਜੋ ਕੂਲਿੰਗ ਸਿਸਟਮ ਨੂੰ ਰੋਕਦੇ ਹਨ।",ਵੱਖੋ-ਵੱਖਰੇ ਰੰਗ ਸਿਰਫ਼ ਕਾਸਮੈਟਿਕ ਹੁੰਦੇ ਹਨ - ਉਹਨਾਂ ਨੂੰ ਮਿਲਾਉਣ ਦਾ ਪ੍ਰਦਰਸ਼ਨ 'ਤੇ ਕੋਈ ਅਸਰ ਨਹੀਂ ਹੁੰਦਾ।,ਕੂਲੈਂਟਸ ਨੂੰ ਮਿਲਾਉਣਾ ਉਦੋਂ ਤੱਕ ਸਵੀਕਾਰਯੋਗ ਹੈ ਜਦੋਂ ਤੱਕ ਪੱਧਰ ਸਹੀ ਰਹਿੰਦਾ ਹੈ।,,A,"ਵੱਖੋ-ਵੱਖਰੇ ਕੂਲੈਂਟ ਫਾਰਮੂਲੇ ਰਸਾਇਣਕ ਤੌਰ 'ਤੇ ਇਕ ਦੂਜੇ ਨਾਲ ਪ੍ਰਤੀਕਿਰਿਆ ਕਰ ਸਕਦੇ ਹਨ, ਸਲੱਜ ਜਾਂ ਜੈੱਲ ਬਣਾਉਂਦੇ ਹਨ ਜੋ ਕੂਲਿੰਗ ਸਿਸਟਮ ਵਿਚਲੇ ਰਸਤਿਆਂ ਨੂੰ ਰੋਕ ਸਕਦੇ ਹਨ। ਹਮੇਸ਼ਾ ਨਿਰਮਾਤਾ ਦੁਆਰਾ ਨਿਰਧਾਰਤ ਕਿਸਮ ਅਤੇ ਰੰਗ ਦੀ ਵਰਤੋਂ ਕਰੋ।"
gk_ec_006,"ਪ੍ਰੀ-ਟ੍ਰਿਪ ਨਿਰੀਖਣ ਦੌਰਾਨ ਬੈਲਟਾਂ ਦੀ ਜਾਂਚ ਕਰਦੇ ਸਮੇਂ, ਤੁਸੀਂ ਇਹ ਲੱਭ ਰਹੇ ਹੋ:",,ਸਿਰਫ਼ ਇਹ ਹੈ ਕਿ ਕੀ ਪੱਟੀ ਪੁਲੀ 'ਤੇ ਹੈ.,"ਫਰੇਇੰਗ, ਚੀਰ, ਗਲੇਜ਼ਿੰਗ (ਚਮਕਦਾਰ ਸਤ੍ਹਾ), ਅਤੇ ਸਹੀ ਤਣਾਅ।",ਸਿਰਫ਼ ਤਣਾਅ-ਪੱਟੀ ਦੀ ਸਰੀਰਕ ਸਥਿਤੀ ਮਹੱਤਵਪੂਰਨ ਨਹੀਂ ਹੈ।,,B,"ਬੈਲਟਾਂ ਦੀ ਜਾਂਚ ਕਰਦੇ ਸਮੇਂ, ਫਰੇਇੰਗ, ਚੀਰ, ਗਲੇਜ਼ਿੰਗ (ਫਿਸਲਣ ਦੇ ਕਾਰਨ), ਅਤੇ ਸਹੀ ਤਣਾਅ ਦੀ ਜਾਂਚ ਕਰੋ। ਇਹਨਾਂ ਵਿੱਚੋਂ ਕੋਈ ਵੀ ਨੁਕਸ ਗੱਡੀ ਚਲਾਉਂਦੇ ਸਮੇਂ ਬੈਲਟ ਦੇ ਫੇਲ ਹੋਣ ਦਾ ਕਾਰਨ ਬਣ ਸਕਦਾ ਹੈ।"
gk_le_001,"FMCSA ਨਿਯਮਾਂ ਦੇ ਤਹਿਤ, ਰਾਤ ​​ਨੂੰ ਗੱਡੀ ਚਲਾਉਣ ਵੇਲੇ ਕਿਹੜੀਆਂ ਲਾਈਟਾਂ ਚਾਲੂ ਹੋਣੀਆਂ ਚਾਹੀਦੀਆਂ ਹਨ?",,ਸਿਰਫ਼ ਘੱਟ-ਬੀਮ ਮੋਡ ਵਿੱਚ ਹੈੱਡਲਾਈਟਾਂ।,"ਹੈੱਡਲਾਈਟਾਂ, ਟੇਲ ਲਾਈਟਾਂ, ਕਲੀਅਰੈਂਸ ਲਾਈਟਾਂ, ਅਤੇ ਸਾਰੀਆਂ ਲੋੜੀਂਦੀਆਂ ਮਾਰਕਰ ਲਾਈਟਾਂ।",ਸਿਰਫ਼ ਹੈੱਡਲਾਈਟਾਂ ਅਤੇ ਬ੍ਰੇਕ ਲਾਈਟਾਂ—ਹੋਰ ਲਾਈਟਾਂ ਵਿਕਲਪਿਕ ਹਨ।,,B,"ਰਾਤ ਨੂੰ, ਸਾਰੀਆਂ ਲੋੜੀਂਦੀਆਂ ਲਾਈਟਾਂ ਚਾਲੂ ਹੋਣੀਆਂ ਚਾਹੀਦੀਆਂ ਹਨ: ਹੈੱਡਲਾਈਟਾਂ (ਉੱਚੀ ਜਾਂ ਘੱਟ ਬੀਮ), ਟੇਲ ਲਾਈਟਾਂ, ਕਲੀਅਰੈਂਸ ਲਾਈਟਾਂ, ਪਛਾਣ ਲਾਈਟਾਂ, ਅਤੇ ਸਾਈਡ ਮਾਰਕਰ ਲਾਈਟਾਂ। ਨਾਨ-ਵਰਕਿੰਗ ਲਾਈਟਾਂ ਇੱਕ ਗੰਭੀਰ ਸੁਰੱਖਿਆ ਨੁਕਸ ਹਨ।"
gk_le_002,ਜਦੋਂ ਗੱਡੀ ਚਲਾਉਂਦੇ ਸਮੇਂ 'ਚੈੱਕ ਇੰਜਨ' ਦੀ ਲਾਈਟ ਆਉਂਦੀ ਹੈ ਤਾਂ ਇਸਦਾ ਕੀ ਅਰਥ ਹੁੰਦਾ ਹੈ?,,ਤੁਰੰਤ ਬੰਦ ਕਰੋ - ਇੰਜਣ ਫੇਲ ਹੋਣ ਵਾਲਾ ਹੈ।,ਇੰਜਣ ਪ੍ਰਬੰਧਨ ਸਿਸਟਮ ਨੇ ਇੱਕ ਨੁਕਸ ਦਾ ਪਤਾ ਲਗਾਇਆ ਹੈ; ਅਗਲੇ ਮੌਕੇ 'ਤੇ ਜਾਂਚ ਕਰੋ।,ਰੋਸ਼ਨੀ ਹਮੇਸ਼ਾ ਕਦੇ-ਕਦਾਈਂ ਆਉਂਦੀ ਹੈ ਅਤੇ ਅਣਡਿੱਠ ਕੀਤੀ ਜਾ ਸਕਦੀ ਹੈ।,,B,"ਇੱਕ 'ਚੈੱਕ ਇੰਜਨ' ਲਾਈਟ ਦਰਸਾਉਂਦੀ ਹੈ ਕਿ ਇੰਜਨ ਕੰਟਰੋਲ ਕੰਪਿਊਟਰ ਨੇ ਇੱਕ ਨੁਕਸ ਕੋਡ ਦਾ ਪਤਾ ਲਗਾਇਆ ਹੈ। ਹਾਲਾਂਕਿ ਇਸਦਾ ਮਤਲਬ ਹਮੇਸ਼ਾ ਤੁਰੰਤ ਖ਼ਤਰਾ ਨਹੀਂ ਹੁੰਦਾ, ਤੁਹਾਨੂੰ ਤੁਰੰਤ ਜਾਂਚ ਕਰਨੀ ਚਾਹੀਦੀ ਹੈ। ਜੇਕਰ ਹੋਰ ਲੱਛਣਾਂ ਦੇ ਨਾਲ, ਤੁਰੰਤ ਬੰਦ ਕਰੋ ਅਤੇ ਜਾਂਚ ਕਰੋ।"
gk_le_003,ਵੱਡੇ ਵਪਾਰਕ ਵਾਹਨਾਂ ਲਈ ਵਾਹਨ ਦੇ ਸਿਖਰ 'ਤੇ ਕਲੀਅਰੈਂਸ ਲਾਈਟਾਂ ਦੀ ਲੋੜ ਹੁੰਦੀ ਹੈ। ਇਨ੍ਹਾਂ ਲਾਈਟਾਂ ਦਾ ਕੀ ਮਕਸਦ ਹੈ?,,ਰੇਲਮਾਰਗ ਕ੍ਰਾਸਿੰਗ 'ਤੇ ਵਾਧੂ ਰੋਸ਼ਨੀ ਪ੍ਰਦਾਨ ਕਰਨ ਲਈ.,ਦੂਜੇ ਡਰਾਈਵਰਾਂ ਨੂੰ ਵਾਹਨ ਦੀ ਸਮੁੱਚੀ ਉਚਾਈ ਅਤੇ ਚੌੜਾਈ ਦਰਸਾਉਣ ਲਈ।,ਸਿਗਨਲ ਦੇਣ ਲਈ ਜਦੋਂ ਡਰਾਈਵਰ ਬੈਕਅੱਪ ਕਰਨ ਵਾਲਾ ਹੋਵੇ।,,B,"ਕਲੀਅਰੈਂਸ ਲਾਈਟਾਂ (ਅੱਗੇ 'ਤੇ ਅੰਬਰ, ਪਿੱਛੇ ਲਾਲ) ਵਾਹਨ ਦੇ ਬਾਹਰੀ ਕਿਨਾਰਿਆਂ ਅਤੇ ਸਮੁੱਚੀ ਚੌੜਾਈ ਨੂੰ ਦਰਸਾਉਂਦੀਆਂ ਹਨ। ਉਹ ਦੂਜੇ ਡਰਾਈਵਰਾਂ ਨੂੰ ਟਰੱਕ ਦੇ ਆਕਾਰ ਦਾ ਨਿਰਣਾ ਕਰਨ ਵਿੱਚ ਮਦਦ ਕਰਦੇ ਹਨ, ਖਾਸ ਕਰਕੇ ਰਾਤ ਨੂੰ।"
gk_le_004,"ਫੈਡਰਲ ਨਿਯਮਾਂ ਦੇ ਤਹਿਤ, 80 ਇੰਚ ਜਾਂ ਇਸ ਤੋਂ ਵੱਧ ਚੌੜੇ ਟ੍ਰੇਲਰ ਦੇ ਸਾਹਮਣੇ ਕਿੰਨੀਆਂ ਐਂਬਰ ਮਾਰਕਰ ਲਾਈਟਾਂ ਹੋਣੀਆਂ ਚਾਹੀਦੀਆਂ ਹਨ?",,"ਇੱਕ, ਸਾਹਮਣੇ ਵੱਲ ਕੇਂਦਰਿਤ।","ਦੋ, ਹਰ ਪਾਸੇ ਇੱਕ.","ਤਿੰਨ, ਇੱਕ ਕੇਂਦਰ ਵਿੱਚ ਅਤੇ ਇੱਕ ਹਰ ਪਾਸੇ।",,C,"80 ਇੰਚ ਜਾਂ ਇਸ ਤੋਂ ਵੱਧ ਚੌੜਾਈ ਵਾਲੇ ਟ੍ਰੇਲਰਾਂ ਦੇ ਸਾਹਮਣੇ ਤਿੰਨ ਅੰਬਰ ਕਲੀਅਰੈਂਸ ਲਾਈਟਾਂ ਹੋਣੀਆਂ ਚਾਹੀਦੀਆਂ ਹਨ: ਇੱਕ ਖੱਬੇ ਕਿਨਾਰੇ 'ਤੇ, ਇੱਕ ਸੱਜੇ ਕਿਨਾਰੇ 'ਤੇ, ਅਤੇ ਇੱਕ ਜਿੰਨਾ ਸੰਭਵ ਹੋ ਸਕੇ ਕੇਂਦਰ ਦੇ ਨੇੜੇ।"
gk_le_005,"ਜੇਕਰ ਤੁਹਾਨੂੰ ਪ੍ਰੀ-ਟ੍ਰਿਪ ਨਿਰੀਖਣ ਦੌਰਾਨ ਟੁੱਟੀ ਜਾਂ ਗੈਰ-ਕਾਰਜਸ਼ੀਲ ਕਲੀਅਰੈਂਸ ਲਾਈਟ ਮਿਲਦੀ ਹੈ, ਤਾਂ ਤੁਹਾਨੂੰ ਇਹ ਕਰਨਾ ਚਾਹੀਦਾ ਹੈ:",,ਇਸਨੂੰ ਟੇਪ ਨਾਲ ਢੱਕੋ ਅਤੇ ਡ੍ਰਾਈਵਿੰਗ ਜਾਰੀ ਰੱਖੋ - ਇਹ ਇੱਕ ਨਾਜ਼ੁਕ ਪ੍ਰਣਾਲੀ ਨਹੀਂ ਹੈ।,"ਗੱਡੀ ਚਲਾਉਣ ਤੋਂ ਪਹਿਲਾਂ ਇਸਦੀ ਮੁਰੰਮਤ ਕਰਵਾ ਲਓ, ਕਿਉਂਕਿ ਸਾਰੀਆਂ ਲੋੜੀਂਦੀਆਂ ਲਾਈਟਾਂ ਚਾਲੂ ਹੋਣੀਆਂ ਚਾਹੀਦੀਆਂ ਹਨ।",ਸਿਰਫ਼ ਦਿਨ ਵੇਲੇ ਗੱਡੀ ਚਲਾਓ ਜਦੋਂ ਕਲੀਅਰੈਂਸ ਲਾਈਟਾਂ ਦੀ ਲੋੜ ਨਾ ਹੋਵੇ।,,B,"ਸਾਰੀਆਂ ਲੋੜੀਂਦੀਆਂ ਲਾਈਟਾਂ ਅਤੇ ਰਿਫਲੈਕਟਰ ਗੱਡੀ ਚਲਾਉਣ ਤੋਂ ਪਹਿਲਾਂ ਚਾਲੂ ਹੋਣੇ ਚਾਹੀਦੇ ਹਨ। ਇੱਕ ਟੁੱਟੀ ਕਲੀਅਰੈਂਸ ਲਾਈਟ ਇੱਕ ਸੁਰੱਖਿਆ ਨੁਕਸ ਹੈ-ਹੋਰ ਡਰਾਈਵਰ ਤੁਹਾਡੇ ਵਾਹਨ ਦੀ ਚੌੜਾਈ ਦਾ ਨਿਰਣਾ ਕਰਨ ਦੇ ਯੋਗ ਨਹੀਂ ਹੋ ਸਕਦੇ, ਜਿਸ ਨਾਲ ਦੁਰਘਟਨਾ ਦੇ ਜੋਖਮ ਵਿੱਚ ਵਾਧਾ ਹੁੰਦਾ ਹੈ।"
gk_cdl_001,"ਜੇਕਰ ਤੁਸੀਂ ਇੱਕ ਨਿੱਜੀ (ਗੈਰ-ਵਪਾਰਕ) ਵਾਹਨ ਚਲਾਉਂਦੇ ਸਮੇਂ ਇੱਕ DUI ਜਾਂ DWI ਲਈ ਦੋਸ਼ੀ ਠਹਿਰਾਏ ਜਾਂਦੇ ਹੋ, ਤਾਂ ਤੁਹਾਡੇ CDL ਦਾ ਕੀ ਹੁੰਦਾ ਹੈ?",,ਕੁਝ ਨਹੀਂ—CDL ਨਿਯਮ ਸਿਰਫ਼ ਵਪਾਰਕ ਵਾਹਨਾਂ ਵਿੱਚ ਉਲੰਘਣਾਵਾਂ 'ਤੇ ਲਾਗੂ ਹੁੰਦੇ ਹਨ।,"ਤੁਸੀਂ ਘੱਟੋ-ਘੱਟ ਇੱਕ ਸਾਲ ਲਈ ਆਪਣਾ CDL ਗੁਆਉਂਦੇ ਹੋ, ਜਿਵੇਂ ਕਿ ਕਿਸੇ ਵਪਾਰਕ ਵਾਹਨ ਵਿੱਚ ਉਲੰਘਣਾ ਹੋਈ ਹੈ।",ਤੁਹਾਡਾ CDL ਸਿਰਫ਼ ਉਦੋਂ ਹੀ ਮੁਅੱਤਲ ਕੀਤਾ ਜਾਂਦਾ ਹੈ ਜਦੋਂ ਤੁਹਾਡਾ ਨਿੱਜੀ ਲਾਇਸੈਂਸ ਮੁਅੱਤਲ ਕੀਤਾ ਜਾਂਦਾ ਹੈ।,,B,ਕਿਸੇ ਵੀ ਵਾਹਨ ਵਿੱਚ ਇੱਕ DUI/DWI ਦੋਸ਼ੀ-ਵਪਾਰਕ ਜਾਂ ਨਿੱਜੀ-ਨਤੀਜੇ ਵਜੋਂ ਘੱਟੋ-ਘੱਟ ਇੱਕ ਸਾਲ ਦੀ CDL ਅਯੋਗਤਾ। CDL ਧਾਰਕਾਂ ਨੂੰ ਉਹਨਾਂ ਦੇ ਨਿੱਜੀ ਵਾਹਨਾਂ ਵਿੱਚ ਵੀ ਉੱਚ ਪੱਧਰ 'ਤੇ ਰੱਖਿਆ ਜਾਂਦਾ ਹੈ।
gk_cdl_002,ਵਪਾਰਕ ਵਾਹਨ ਚਲਾਉਣ ਵਾਲੇ ਸੀਡੀਐਲ ਧਾਰਕਾਂ ਲਈ ਖੂਨ ਵਿੱਚ ਅਲਕੋਹਲ ਦੀ ਮਾਤਰਾ (ਬੀਏਸੀ) ਕੀ ਕਾਨੂੰਨੀ ਸੀਮਾ ਹੈ?,,0.08% (ਗੈਰ-ਵਪਾਰਕ ਡਰਾਈਵਰਾਂ ਵਾਂਗ)।,0.04% (ਗੈਰ-ਵਪਾਰਕ ਡਰਾਈਵਰਾਂ ਲਈ ਅੱਧੀ ਮਿਆਰੀ ਸੀਮਾ)।,0.02% (ਕੋਈ ਵੀ ਖੋਜਣ ਯੋਗ ਅਲਕੋਹਲ ਸੀਮਾ ਤੋਂ ਵੱਧ ਹੈ)।,,B,ਵਪਾਰਕ ਵਾਹਨ ਚਲਾਉਣ ਵਾਲੇ CDL ਧਾਰਕਾਂ ਲਈ ਕਾਨੂੰਨੀ BAC ਸੀਮਾ 0.04% ਹੈ - ਨਿਯਮਤ ਡਰਾਈਵਰਾਂ ਲਈ ਅੱਧੀ 0.08% ਸੀਮਾ। ਇਹ ਪੇਸ਼ੇਵਰ ਡਰਾਈਵਰਾਂ ਦੀ ਉੱਚ ਜ਼ਿੰਮੇਵਾਰੀ ਨੂੰ ਦਰਸਾਉਂਦਾ ਹੈ।
gk_cdl_003,ਇੱਕ ਵਪਾਰਕ ਵਾਹਨ ਚਲਾਉਂਦੇ ਸਮੇਂ ਇੱਕ ਗੰਭੀਰ ਟ੍ਰੈਫਿਕ ਉਲੰਘਣਾ (ਜਿਵੇਂ ਕਿ ਬਹੁਤ ਜ਼ਿਆਦਾ ਰਫਤਾਰ) ਦੇ ਦੂਜੇ ਦੋਸ਼ੀ ਲਈ ਘੱਟੋ ਘੱਟ CDL ਅਯੋਗਤਾ ਦੀ ਮਿਆਦ ਕਿੰਨੀ ਹੈ?,,30 ਦਿਨ।,60 ਦਿਨ।,90 ਦਿਨ।,,B,3-ਸਾਲ ਦੀ ਮਿਆਦ ਦੇ ਅੰਦਰ ਇੱਕ ਗੰਭੀਰ ਟ੍ਰੈਫਿਕ ਉਲੰਘਣਾ ਦਾ ਦੂਜਾ ਦੋਸ਼ੀ ਘੱਟੋ-ਘੱਟ 60-ਦਿਨਾਂ ਦੀ CDL ਅਯੋਗਤਾ ਦਾ ਨਤੀਜਾ ਹੈ। ਤੀਜੀ ਸਜ਼ਾ ਦੇ ਨਤੀਜੇ ਵਜੋਂ ਘੱਟੋ-ਘੱਟ 120 ਦਿਨਾਂ ਦੀ ਅਯੋਗਤਾ ਹੁੰਦੀ ਹੈ।
gk_cdl_004,CDL ਨਿਯਮਾਂ ਦੇ ਸੰਦਰਭ ਵਿੱਚ 'ਗੰਭੀਰ ਟ੍ਰੈਫਿਕ ਉਲੰਘਣਾ' ਕੀ ਹੈ?,,ਕੋਈ ਵੀ ਉਲੰਘਣਾ ਜਿਸ ਲਈ ਪੁਲਿਸ ਅਧਿਕਾਰੀ ਟਿਕਟ ਲਿਖ ਸਕਦਾ ਹੈ।,"ਉਲੰਘਣਾਵਾਂ ਜਿਵੇਂ ਕਿ ਬਹੁਤ ਜ਼ਿਆਦਾ ਰਫਤਾਰ (15+ ਮੀਲ ਪ੍ਰਤੀ ਘੰਟਾ ਸੀਮਾ ਤੋਂ ਵੱਧ), ਲਾਪਰਵਾਹੀ ਨਾਲ ਡਰਾਈਵਿੰਗ, ਗਲਤ ਲੇਨ ਬਦਲਣਾ, ਬਹੁਤ ਨੇੜਿਓਂ ਚੱਲਣਾ, ਜਾਂ ਟ੍ਰੈਫਿਕ ਉਲੰਘਣਾਵਾਂ ਜਿਸ ਨਾਲ ਮੌਤ ਹੋ ਜਾਂਦੀ ਹੈ।",ਸਿਰਫ ਪਾਰਕਿੰਗ ਦੀ ਉਲੰਘਣਾ ਅਤੇ ਸਾਜ਼ੋ-ਸਾਮਾਨ ਦੀ ਉਲੰਘਣਾ.,,B,"ਗੰਭੀਰ ਟ੍ਰੈਫਿਕ ਉਲੰਘਣਾਵਾਂ ਵਿੱਚ ਸ਼ਾਮਲ ਹਨ: ਸੀਮਾ ਤੋਂ ਵੱਧ 15+ ਮੀਲ ਪ੍ਰਤੀ ਘੰਟਾ ਦੀ ਰਫਤਾਰ, ਲਾਪਰਵਾਹੀ ਨਾਲ ਡਰਾਈਵਿੰਗ, ਗਲਤ ਲੇਨ ਬਦਲਣਾ, ਬਹੁਤ ਨੇੜਿਓਂ ਚੱਲਣਾ, ਅਤੇ ਕਿਸੇ ਦੁਰਘਟਨਾ ਦੇ ਸਬੰਧ ਵਿੱਚ ਕੋਈ ਵੀ ਟ੍ਰੈਫਿਕ ਉਲੰਘਣਾ ਜਿਸ ਨਾਲ ਮੌਤ ਹੋ ਜਾਂਦੀ ਹੈ।"
gk_cdl_005,ਇੱਕ CDL ਧਾਰਕ ਆਪਣੇ ਵਪਾਰਕ ਵਾਹਨ ਦੀ ਵਰਤੋਂ ਇੱਕ ਨਿਯੰਤਰਿਤ ਪਦਾਰਥ ਨੂੰ ਸ਼ਾਮਲ ਕਰਨ ਵਾਲੇ ਇੱਕ ਘੋਰ ਅਪਰਾਧ ਵਿੱਚ ਕਰੇਗਾ:,,ਉਹਨਾਂ ਦੇ CDL ਨੂੰ 90 ਦਿਨਾਂ ਲਈ ਮੁਅੱਤਲ ਕਰ ਦਿਓ।,ਬਹਾਲੀ ਦੀ ਕੋਈ ਸੰਭਾਵਨਾ ਦੇ ਨਾਲ ਆਪਣੇ CDL ਨੂੰ ਸਥਾਈ ਤੌਰ 'ਤੇ ਗੁਆ ਦਿਓ।,ਪਹਿਲੇ ਜੁਰਮ 'ਤੇ ਇੱਕ ਸਾਲ ਲਈ ਅਯੋਗ ਕਰਾਰ ਦਿੱਤਾ ਜਾਵੇ।,,B,"ਕਿਸੇ ਨਿਯੰਤਰਿਤ ਪਦਾਰਥ ਨੂੰ ਸ਼ਾਮਲ ਕਰਨ ਵਾਲੇ ਅਪਰਾਧ ਦੇ ਕਮਿਸ਼ਨ ਵਿੱਚ ਇੱਕ ਵਪਾਰਕ ਵਾਹਨ ਦੀ ਵਰਤੋਂ ਕਰਨ ਦੇ ਨਤੀਜੇ ਵਜੋਂ ਜੀਵਨ ਭਰ CDL ਰੱਦ ਹੋ ਜਾਂਦਾ ਹੈ, ਬਹਾਲੀ ਦੀ ਕੋਈ ਸੰਭਾਵਨਾ ਨਹੀਂ ਹੈ। ਇਹ ਸਭ ਤੋਂ ਗੰਭੀਰ CDL ਜੁਰਮਾਨਿਆਂ ਵਿੱਚੋਂ ਇੱਕ ਹੈ।"
gk_cdl_006,"ਜੇਕਰ ਇੱਕ CDL ਧਾਰਕ ਦਾ ਲਾਇਸੰਸ ਮੁਅੱਤਲ ਜਾਂ ਰੱਦ ਕੀਤਾ ਜਾਂਦਾ ਹੈ, ਤਾਂ ਉਹਨਾਂ ਨੂੰ ਆਪਣੇ ਮਾਲਕ ਨੂੰ ਕਦੋਂ ਸੂਚਿਤ ਕਰਨਾ ਚਾਹੀਦਾ ਹੈ?",,ਇੱਕ ਹਫ਼ਤੇ ਦੇ ਅੰਦਰ.,30 ਦਿਨਾਂ ਦੇ ਅੰਦਰ।,ਦੋ ਕਾਰੋਬਾਰੀ ਦਿਨਾਂ ਦੇ ਅੰਦਰ।,,C,"CDL ਧਾਰਕਾਂ ਨੂੰ ਆਪਣੇ ਮਾਲਕ ਨੂੰ ਦੋ ਕਾਰੋਬਾਰੀ ਦਿਨਾਂ ਦੇ ਅੰਦਰ ਸੂਚਿਤ ਕਰਨਾ ਚਾਹੀਦਾ ਹੈ ਜੇਕਰ ਉਹਨਾਂ ਦਾ ਲਾਇਸੈਂਸ ਮੁਅੱਤਲ ਕੀਤਾ ਜਾਂਦਾ ਹੈ, ਰੱਦ ਕੀਤਾ ਜਾਂਦਾ ਹੈ, ਰੱਦ ਕੀਤਾ ਜਾਂਦਾ ਹੈ, ਜਾਂ ਜੇ ਉਹਨਾਂ ਨੂੰ ਡਰਾਈਵਿੰਗ ਕਰਨ ਤੋਂ ਅਯੋਗ ਠਹਿਰਾਇਆ ਜਾਂਦਾ ਹੈ। ਸੂਚਿਤ ਕਰਨ ਵਿੱਚ ਅਸਫਲਤਾ ਆਪਣੇ ਆਪ ਵਿੱਚ ਇੱਕ ਉਲੰਘਣਾ ਹੈ।"
gk_cdl_007,"ਇੱਕ ਸੀਡੀਐਲ ਧਾਰਕ ਜੋ ਇੱਕ ਗੈਰ-ਵਪਾਰਕ ਵਾਹਨ ਵਿੱਚ ਟ੍ਰੈਫਿਕ ਉਲੰਘਣਾ ਕਰਦਾ ਹੈ, ਨੂੰ ਇਸਦੀ ਰਿਪੋਰਟ ਕਰਨੀ ਚਾਹੀਦੀ ਹੈ:",,ਸਿਰਫ਼ DMV—ਰੁਜ਼ਗਾਰਦਾਤਾਵਾਂ ਨੂੰ ਗੈਰ-ਵਪਾਰਕ ਉਲੰਘਣਾਵਾਂ ਬਾਰੇ ਜਾਣਨ ਦੀ ਲੋੜ ਨਹੀਂ ਹੈ।,ਉਨ੍ਹਾਂ ਦਾ ਮਾਲਕ ਦੋਸ਼ੀ ਠਹਿਰਾਏ ਜਾਣ ਦੇ 30 ਦਿਨਾਂ ਦੇ ਅੰਦਰ।,ਉਨ੍ਹਾਂ ਦਾ ਮਾਲਕ ਦੋਸ਼ੀ ਠਹਿਰਾਏ ਜਾਣ ਦੇ 2 ਕਾਰੋਬਾਰੀ ਦਿਨਾਂ ਦੇ ਅੰਦਰ।,,B,"CDL ਧਾਰਕਾਂ ਨੂੰ ਕਿਸੇ ਵੀ ਟ੍ਰੈਫਿਕ ਉਲੰਘਣਾ ਦੇ ਦੋਸ਼ੀ ਹੋਣ ਦੇ 30 ਦਿਨਾਂ ਦੇ ਅੰਦਰ ਆਪਣੇ ਮਾਲਕ ਨੂੰ ਸੂਚਿਤ ਕਰਨਾ ਚਾਹੀਦਾ ਹੈ, ਭਾਵੇਂ ਉਹ ਵਪਾਰਕ ਜਾਂ ਨਿੱਜੀ ਵਾਹਨ ਵਿੱਚ ਹੋਵੇ। ਇਹ ਲਾਇਸੈਂਸ ਕਾਰਵਾਈਆਂ ਲਈ 2-ਦਿਨਾਂ ਦੀ ਲੋੜ ਤੋਂ ਵੱਖਰਾ ਹੈ।"
gk_cdl_008,ਹੇਠਾਂ ਦਿੱਤੇ ਵਾਹਨਾਂ ਵਿੱਚੋਂ ਕਿਸ ਨੂੰ ਵਪਾਰਕ ਤੌਰ 'ਤੇ ਚਲਾਉਣ ਲਈ CDL ਦੀ ਲੋੜ ਹੁੰਦੀ ਹੈ?,,ਇੱਕ ਪਿਕਅੱਪ ਟਰੱਕ ਇੱਕ ਨਿੱਜੀ ਕਿਸ਼ਤੀ ਦੇ ਟ੍ਰੇਲਰ ਨੂੰ ਖਿੱਚ ਰਿਹਾ ਹੈ।,"28,000 ਪੌਂਡ ਦੇ GVWR ਵਾਲਾ ਸਿੱਧਾ ਟਰੱਕ ਕਾਰੋਬਾਰੀ ਸਪੁਰਦਗੀ ਲਈ ਵਰਤਿਆ ਜਾਂਦਾ ਹੈ।","30,000 ਪੌਂਡ ਵਜ਼ਨ ਵਾਲੀ ਇੱਕ ਨਿੱਜੀ ਆਰ.ਵੀ.",,B,"26,001 ਪੌਂਡ ਜਾਂ ਇਸ ਤੋਂ ਵੱਧ ਦੇ GVWR ਵਾਲੇ ਵਪਾਰਕ ਵਾਹਨਾਂ, ਮੁਆਵਜ਼ੇ ਲਈ 16+ ਯਾਤਰੀਆਂ ਨੂੰ ਲਿਜਾਣ ਵਾਲੇ ਵਾਹਨ, ਜਾਂ ਪਲੇਕਾਰਡ ਦੀ ਲੋੜ ਵਾਲੇ ਖਤਰਨਾਕ ਸਮੱਗਰੀਆਂ ਦੀ ਢੋਆ-ਢੁਆਈ ਕਰਨ ਵਾਲੇ ਵਾਹਨਾਂ ਲਈ ਇੱਕ CDL ਦੀ ਲੋੜ ਹੁੰਦੀ ਹੈ।"
gk_sf_001,"ਪੂਰਵ-ਯਾਤਰਾ ਦੇ ਨਿਰੀਖਣ ਦੇ ਦੌਰਾਨ, ਇੱਕ ਤਿੜਕੀ ਜਾਂ ਟੁੱਟੀ ਹੋਈ ਪੱਤੀ ਦੇ ਝਰਨੇ ਕਾਰਨ ਤੁਹਾਨੂੰ ਇਹ ਕਰਨਾ ਚਾਹੀਦਾ ਹੈ:",,ਜਦੋਂ ਤੱਕ ਤੁਸੀਂ ਇਸਦੀ ਮੁਰੰਮਤ ਨਹੀਂ ਕਰਵਾ ਲੈਂਦੇ ਉਦੋਂ ਤੱਕ ਧਿਆਨ ਨਾਲ ਗੱਡੀ ਚਲਾਉਂਦੇ ਰਹੋ।,ਵਾਹਨ ਨੂੰ ਤੁਰੰਤ ਸੇਵਾ ਤੋਂ ਬਾਹਰ ਕੱਢੋ - ਇਹ ਇੱਕ ਗੰਭੀਰ ਸੁਰੱਖਿਆ ਨੁਕਸ ਹੈ।,ਇਹ ਫੈਸਲਾ ਕਰਨ ਤੋਂ ਪਹਿਲਾਂ ਜਾਂਚ ਕਰੋ ਕਿ ਬਸੰਤ ਪ੍ਰਾਇਮਰੀ ਹੈ ਜਾਂ ਸੈਕੰਡਰੀ ਸਪਰਿੰਗ।,,B,"ਫਟੇ ਹੋਏ, ਟੁੱਟੇ, ਜਾਂ ਗਾਇਬ ਪੱਤਿਆਂ ਦੇ ਝਰਨੇ ਗੰਭੀਰ ਸੁਰੱਖਿਆ ਨੁਕਸ ਹਨ ਜੋ ਵਾਹਨ ਨੂੰ ਸੇਵਾ ਤੋਂ ਬਾਹਰ ਕਰ ਦਿੰਦੇ ਹਨ। ਉਹ ਵਾਹਨ ਦੇ ਨਿਯੰਤਰਣ ਦੇ ਨੁਕਸਾਨ ਅਤੇ ਵਿਨਾਸ਼ਕਾਰੀ ਪ੍ਰਬੰਧਨ ਅਸਫਲਤਾਵਾਂ ਦਾ ਕਾਰਨ ਬਣ ਸਕਦੇ ਹਨ।"
gk_sf_002,ਇੱਕ ਵਪਾਰਕ ਵਾਹਨ 'ਤੇ ਸਦਮਾ ਸੋਖਕ (ਡੈਂਪਰ) ਦਾ ਉਦੇਸ਼ ਕੀ ਹੈ?,,ਵਾਹਨ ਦੀ ਲੋਡ-ਕੈਰਿੰਗ ਸਮਰੱਥਾ ਨੂੰ ਵਧਾਉਣ ਲਈ.,"ਸਸਪੈਂਸ਼ਨ ਸਪ੍ਰਿੰਗਸ ਦੇ ਓਸਿਲੇਸ਼ਨ ਨੂੰ ਨਿਯੰਤਰਿਤ ਕਰਨ ਲਈ, ਰਾਈਡ ਦੀ ਸਥਿਰਤਾ ਵਿੱਚ ਸੁਧਾਰ ਅਤੇ ਸੜਕ ਦੇ ਨਾਲ ਟਾਇਰ ਸੰਪਰਕ।",ਹਾਈਵੇ ਸਪੀਡ 'ਤੇ ਗੱਡੀ ਚਲਾਉਣ ਵੇਲੇ ਹਵਾ ਪ੍ਰਤੀਰੋਧ ਨੂੰ ਘਟਾਉਣ ਲਈ।,,B,"ਸਦਮਾ ਸੋਖਣ ਵਾਲੇ ਸਸਪੈਂਸ਼ਨ ਸਪ੍ਰਿੰਗਸ ਦੇ ਉਛਾਲ ਨੂੰ ਗਿੱਲਾ ਕਰਦੇ ਹਨ। ਕੰਮ ਕਰਨ ਵਾਲੇ ਸਦਮਾ ਸੋਖਕ ਦੇ ਬਿਨਾਂ, ਵਾਹਨ ਬਹੁਤ ਜ਼ਿਆਦਾ ਉੱਛਲਦਾ ਹੈ, ਸੜਕ ਦੇ ਨਾਲ ਟਾਇਰਾਂ ਦਾ ਸੰਪਰਕ ਘਟਾਉਂਦਾ ਹੈ ਅਤੇ ਹੈਂਡਲਿੰਗ ਨੂੰ ਖਤਰਨਾਕ ਬਣਾਉਂਦਾ ਹੈ।"
gk_sf_003,ਮੁਅੱਤਲ ਪ੍ਰਣਾਲੀ ਵਿੱਚ ਇੱਕ ਗੁੰਮ ਜਾਂ ਟੁੱਟੀ ਹੋਈ ਟਾਰਕ ਰਾਡ ਹੈ:,,ਇੱਕ ਮਾਮੂਲੀ ਨੁਕਸ — ਵਾਹਨ ਕੰਮ ਕਰਨਾ ਜਾਰੀ ਰੱਖ ਸਕਦਾ ਹੈ।,ਇੱਕ ਗੰਭੀਰ ਨੁਕਸ ਜਿਸ ਲਈ ਵਾਹਨ ਨੂੰ ਸੇਵਾ ਤੋਂ ਬਾਹਰ ਕਰਨ ਦੀ ਲੋੜ ਹੁੰਦੀ ਹੈ।,ਫਰੰਟ ਐਕਸਲ ਸਸਪੈਂਸ਼ਨ ਲਈ ਸਿਰਫ ਇੱਕ ਚਿੰਤਾ.,,B,ਟੋਰਕ ਰਾਡ ਐਕਸਲ ਅੰਦੋਲਨ ਅਤੇ ਅਲਾਈਨਮੈਂਟ ਨੂੰ ਨਿਯੰਤਰਿਤ ਕਰਦੇ ਹਨ। ਇੱਕ ਗੁੰਮ ਜਾਂ ਟੁੱਟੀ ਹੋਈ ਟਾਰਕ ਰਾਡ ਇੱਕ ਨਾਜ਼ੁਕ ਮੁਅੱਤਲ ਨੁਕਸ ਹੈ ਜੋ ਗੰਭੀਰ ਹੈਂਡਲਿੰਗ ਸਮੱਸਿਆਵਾਂ ਦਾ ਕਾਰਨ ਬਣ ਸਕਦੀ ਹੈ ਅਤੇ ਵਾਹਨ ਨੂੰ ਚਲਾਉਣ ਤੋਂ ਪਹਿਲਾਂ ਮੁਰੰਮਤ ਕੀਤੀ ਜਾਣੀ ਚਾਹੀਦੀ ਹੈ।
gk_sf_004,"ਪੂਰਵ-ਯਾਤਰਾ ਦੌਰਾਨ ਵਪਾਰਕ ਵਾਹਨ ਦੇ ਫਰੇਮ ਦਾ ਮੁਆਇਨਾ ਕਰਦੇ ਸਮੇਂ, ਤੁਸੀਂ ਇਹ ਲੱਭ ਰਹੇ ਹੋ:",,ਸਿਰਫ ਦਿਖਾਈ ਦੇਣ ਵਾਲੀ ਜੰਗਾਲ ਅਤੇ ਖੋਰ.,"ਚੀਰ, ਝੁਕੇ ਹੋਏ ਭਾਗ, ਢਿੱਲੇ ਰਿਵੇਟਸ, ਜਾਂ ਟੁੱਟੇ ਹੋਏ ਵੇਲਡ।",ਕੀ ਫਰੇਮ ਨੂੰ ਸਹੀ ਰੰਗ ਵਿੱਚ ਪੇਂਟ ਕੀਤਾ ਗਿਆ ਹੈ।,,B,"ਪੂਰਵ-ਯਾਤਰਾ ਦੇ ਦੌਰਾਨ ਫ੍ਰੇਮ ਦੇ ਨਿਰੀਖਣ ਵਿੱਚ ਚੀਰ, ਮੋੜ, ਢਿੱਲੀ ਰਿਵਟਸ ਜਾਂ ਬੋਲਟ, ਅਤੇ ਟੁੱਟੇ ਹੋਏ ਵੇਲਡਾਂ ਦੀ ਜਾਂਚ ਕਰਨੀ ਚਾਹੀਦੀ ਹੈ। ਇਹਨਾਂ ਵਿੱਚੋਂ ਕੋਈ ਵੀ ਨੁਕਸ ਵਾਹਨ ਦੀ ਢਾਂਚਾਗਤ ਅਖੰਡਤਾ ਨਾਲ ਸਮਝੌਤਾ ਕਰ ਸਕਦਾ ਹੈ।"
gk_sf_005,ਵਪਾਰਕ ਟ੍ਰੇਲਰਾਂ 'ਤੇ ਏਅਰ-ਰਾਈਡ ਸਸਪੈਂਸ਼ਨ ਸਿਸਟਮ:,,"ਸਟੀਲ ਸਪ੍ਰਿੰਗਸ ਦੀ ਬਜਾਏ ਕੰਪਰੈੱਸਡ ਏਅਰ ਬੈਗ ਵਰਤੋ, ਇੱਕ ਨਿਰਵਿਘਨ ਸਵਾਰੀ ਪ੍ਰਦਾਨ ਕਰੋ ਅਤੇ ਸੰਵੇਦਨਸ਼ੀਲ ਮਾਲ ਦੀ ਸੁਰੱਖਿਆ ਕਰੋ।",ਲੋਡ ਦੀ ਪਰਵਾਹ ਕੀਤੇ ਬਿਨਾਂ ਇੱਕ ਨਿਰੰਤਰ ਦਬਾਅ 'ਤੇ ਬਣਾਈ ਰੱਖਿਆ ਜਾਂਦਾ ਹੈ।,ਐਡਜਸਟ ਨਹੀਂ ਕੀਤਾ ਜਾ ਸਕਦਾ ਅਤੇ ਫੈਕਟਰੀ 'ਤੇ ਸੈੱਟ ਕੀਤਾ ਜਾ ਸਕਦਾ ਹੈ।,,A,"ਏਅਰ-ਰਾਈਡ (ਏਅਰ ਸਸਪੈਂਸ਼ਨ) ਸਿਸਟਮ ਰਵਾਇਤੀ ਸਪ੍ਰਿੰਗਸ ਦੀ ਬਜਾਏ ਫੁੱਲਣਯੋਗ ਏਅਰ ਬੈਗ ਦੀ ਵਰਤੋਂ ਕਰਦੇ ਹਨ। ਉਹ ਆਪਣੇ ਆਪ ਹੀ ਲੋਡ ਦੇ ਅਨੁਕੂਲ ਹੋ ਜਾਂਦੇ ਹਨ, ਇੱਕ ਨਿਰੰਤਰ ਨਿਰਵਿਘਨ ਰਾਈਡ ਪ੍ਰਦਾਨ ਕਰਦੇ ਹਨ ਜੋ ਨਾਜ਼ੁਕ ਕਾਰਗੋ ਨੂੰ ਸੜਕ ਦੇ ਸਦਮੇ ਤੋਂ ਬਚਾਉਂਦੀ ਹੈ।"
8772,ਵੱਡੇ ਵਾਹਨ ਏਅਰ ਬ੍ਰੇਕਾਂ ਦੀ ਵਰਤੋਂ ਕਿਉਂ ਕਰਦੇ ਹਨ?,,ਹੋਰ ਬ੍ਰੇਕ ਸਿਸਟਮ ਬਹੁਤ ਉੱਚੀ ਆਵਾਜ਼ ਵਿੱਚ ਚੀਕਦੇ ਹਨ।,ਏਅਰ ਬ੍ਰੇਕ ਬਹੁਤ ਪ੍ਰਭਾਵਸ਼ਾਲੀ ਸਿਸਟਮ ਹਨ.,ਹੋਰ ਬ੍ਰੇਕਿੰਗ ਪ੍ਰਣਾਲੀਆਂ ਦਾ ਆਉਣਾ ਔਖਾ ਹੈ।,,B,"ਜੇਕਰ ਸਹੀ ਢੰਗ ਨਾਲ ਵਰਤਿਆ ਅਤੇ ਸੰਭਾਲਿਆ ਜਾਵੇ, ਤਾਂ ਏਅਰ ਬ੍ਰੇਕ ਵੱਡੇ, ਭਾਰੀ ਵਾਹਨਾਂ ਨੂੰ ਰੋਕਣ ਦਾ ਇੱਕ ਸੁਰੱਖਿਅਤ ਅਤੇ ਪ੍ਰਭਾਵੀ ਤਰੀਕਾ ਹੈ।"
11717,"ਹੇਠਾਂ ਵੱਲ ਡ੍ਰਾਈਵਿੰਗ ਕਰਦੇ ਸਮੇਂ, ਤੁਹਾਨੂੰ ਉਦੋਂ ਤੱਕ ਬ੍ਰੇਕ ਕਰਨੀ ਚਾਹੀਦੀ ਹੈ ਜਦੋਂ ਤੱਕ ਤੁਸੀਂ ਇੱਕ ਸਪੀਡ ਤੱਕ ਨਹੀਂ ਪਹੁੰਚ ਜਾਂਦੇ ਜੋ ਤੁਹਾਡੀ ਸੁਰੱਖਿਅਤ ਗਤੀ ਤੋਂ ____ ਹੇਠਾਂ ਹੈ, ਫਿਰ ਬ੍ਰੇਕ ਪੈਡਲ ਨੂੰ ਛੱਡ ਦਿਓ।",,5 ਮੀਲ ਪ੍ਰਤੀ ਘੰਟਾ,10 ਮੀਲ ਪ੍ਰਤੀ ਘੰਟਾ,15 ਮੀਲ ਪ੍ਰਤੀ ਘੰਟਾ,,A,"ਹੇਠਾਂ ਵੱਲ ਗੱਡੀ ਚਲਾਉਂਦੇ ਸਮੇਂ, ਤੁਹਾਨੂੰ ਬ੍ਰੇਕ ਪੈਡਲ ਨੂੰ ਉਦੋਂ ਤੱਕ ਦਬਾ ਕੇ ਰੱਖਣਾ ਚਾਹੀਦਾ ਹੈ ਜਦੋਂ ਤੱਕ ਤੁਹਾਡਾ ਵਾਹਨ ਤੁਹਾਡੀ ਸੁਰੱਖਿਅਤ ਸਪੀਡ ਤੋਂ 5 mph ਦੀ ਸਪੀਡ 'ਤੇ ਨਹੀਂ ਪਹੁੰਚ ਜਾਂਦਾ, ਫਿਰ ਬ੍ਰੇਕ ਪੈਡਲ ਨੂੰ ਛੱਡ ਦਿਓ। ਇਸ ਪ੍ਰਕਿਰਿਆ ਨੂੰ ਦੁਹਰਾਓ."
8526,ਟ੍ਰੇਲਰ ਦੇ ਨਾਲ ਸਮਰਥਨ ਕਰਦੇ ਸਮੇਂ:,,ਤੁਹਾਨੂੰ ਇੱਕ ਸਿੱਧੀ ਲਾਈਨ ਵਿੱਚ ਬੈਕਅੱਪ ਨਹੀਂ ਕਰਨਾ ਚਾਹੀਦਾ।,"ਜਦੋਂ ਤੱਕ ਤੁਸੀਂ ਕੋਰਸ ਤੋਂ ਦੂਰ ਨਹੀਂ ਹੋ, ਤੁਹਾਨੂੰ ਡ੍ਰਾਇਫਟ ਨੂੰ ਠੀਕ ਨਹੀਂ ਕਰਨਾ ਚਾਹੀਦਾ।",ਤੁਹਾਨੂੰ ਵਾਹਨ ਦੀ ਸਥਿਤੀ ਬਦਲਣ ਲਈ ਅਕਸਰ ਅੱਗੇ ਖਿੱਚਣਾ ਚਾਹੀਦਾ ਹੈ।,,C,"ਬੈਕ ਕਰਨ ਵੇਲੇ, ਜਦੋਂ ਵੀ ਲੋੜ ਹੋਵੇ, ਤੁਹਾਨੂੰ ਆਪਣੇ ਵਾਹਨ ਨੂੰ ਮੁੜ-ਸਥਾਪਿਤ ਕਰਨ ਲਈ ਅੱਗੇ ਖਿੱਚਣਾ ਚਾਹੀਦਾ ਹੈ। ਸਟੀਅਰਿੰਗ ਵ੍ਹੀਲ ਨੂੰ ਵਹਿਣ ਦੀ ਦਿਸ਼ਾ ਵਿੱਚ ਮੋੜ ਕੇ ਡਰਾਫਟ ਨੂੰ ਤੁਰੰਤ ਠੀਕ ਕੀਤਾ ਜਾਣਾ ਚਾਹੀਦਾ ਹੈ।"
8588,"ਜੇਕਰ ਕਿਸੇ ਦੁਰਘਟਨਾ ਵਿੱਚ ਸ਼ਾਮਲ ਹੋਵੇ, ਤਾਂ ਇਹਨਾਂ ਵਿੱਚੋਂ ਕਿਸ ਦੀ ਸਿਫ਼ਾਰਸ਼ ਨਹੀਂ ਕੀਤੀ ਜਾਂਦੀ?",,ਆਪਣੇ ਵਾਹਨ ਨੂੰ ਸੜਕ ਦੇ ਕਿਨਾਰੇ ਲਿਜਾਣ ਦੀ ਕੋਸ਼ਿਸ਼ ਕਰੋ,ਜ਼ਖਮੀਆਂ ਦੀ ਦੇਖਭਾਲ ਕਰਦੇ ਹੋਏ,ਮੌਕੇ ਤੋਂ ਫ਼ਰਾਰ ਹੋ ਗਏ,,C,"ਦੁਰਘਟਨਾ ਵਿੱਚ ਸ਼ਾਮਲ ਹੋਣ 'ਤੇ, ਤੁਹਾਨੂੰ ਖੇਤਰ ਦੀ ਸੁਰੱਖਿਆ ਕਰਨੀ ਚਾਹੀਦੀ ਹੈ, ਅਧਿਕਾਰੀਆਂ ਨੂੰ ਸੂਚਿਤ ਕਰਨਾ ਚਾਹੀਦਾ ਹੈ, ਜ਼ਖਮੀਆਂ ਦੀ ਦੇਖਭਾਲ ਕਰਨੀ ਚਾਹੀਦੀ ਹੈ, ਲੋੜੀਂਦੀ ਜਾਣਕਾਰੀ ਇਕੱਠੀ ਕਰਨੀ ਚਾਹੀਦੀ ਹੈ, ਅਤੇ ਹਾਦਸੇ ਦੀ ਰਿਪੋਰਟ ਕਰਨੀ ਚਾਹੀਦੀ ਹੈ। ਤੁਸੀਂ ਦੁਰਘਟਨਾ ਵਾਲੀ ਥਾਂ ਛੱਡਣ ਲਈ ਆਪਣਾ ਲਾਇਸੈਂਸ ਗੁਆ ਸਕਦੇ ਹੋ।"
9582,ਆਪਣੇ ਵਾਹਨ ਨੂੰ ਛੱਡਣ ਵੇਲੇ:,,ਏਅਰ ਬ੍ਰੇਕ ਨੂੰ ਲਾਗੂ ਕੀਤਾ ਜਾਣਾ ਚਾਹੀਦਾ ਹੈ.,ਪਾਰਕਿੰਗ ਬ੍ਰੇਕ ਨੂੰ ਲਾਗੂ ਕੀਤਾ ਜਾਣਾ ਚਾਹੀਦਾ ਹੈ.,ਜੇਕਰ ਗੱਡੀ ਗੇਅਰ ਤੋਂ ਬਾਹਰ ਰਹਿ ਗਈ ਹੋਵੇ ਤਾਂ ਬ੍ਰੇਕ ਨਹੀਂ ਲਗਾਉਣੀ ਚਾਹੀਦੀ।,,B,"ਜਦੋਂ ਵੀ ਤੁਸੀਂ ਪਾਰਕ ਕਰਦੇ ਹੋ ਤਾਂ ਪਾਰਕਿੰਗ ਬ੍ਰੇਕਾਂ ਦੀ ਵਰਤੋਂ ਕਰਨੀ ਚਾਹੀਦੀ ਹੈ। ਜੇ ਜਰੂਰੀ ਹੋਵੇ, ਆਪਣੇ ਪਹੀਏ ਨੂੰ ਚੱਕ ਦਿਓ."
8525,"ਬੈਕਅੱਪ ਲੈਂਦੇ ਸਮੇਂ, ਇੱਕ ਮੋੜਨ ਵਾਲੇ ਟ੍ਰੇਲਰ ਦੀ ਪਾਲਣਾ ਕਰੋ:",,ਕੁਝ ਨਹੀਂ ਬਦਲਣਾ. ਵਾਹਨ ਕੁਦਰਤੀ ਤੌਰ 'ਤੇ ਟ੍ਰੇਲਰ ਦਾ ਅਨੁਸਰਣ ਕਰੇਗਾ।,ਸਟੀਅਰਿੰਗ ਵੀਲ ਦੀ ਦਿਸ਼ਾ ਬਦਲਣਾ।,ਸਟੀਅਰਿੰਗ ਵ੍ਹੀਲ ਨੂੰ ਉਸ ਦਿਸ਼ਾ ਵੱਲ ਮੋੜਨਾ ਹੋਰ ਵੀ ਸਖ਼ਤ ਹੈ ਜਿਸ ਦਿਸ਼ਾ ਵਿੱਚ ਇਹ ਪਹਿਲਾਂ ਹੀ ਮੋੜ ਰਿਹਾ ਹੈ।,,B,"ਟ੍ਰੇਲਰ ਨਾਲ ਬੈਕ ਕਰਦੇ ਸਮੇਂ, ਸਟੀਅਰਿੰਗ ਵ੍ਹੀਲ ਨੂੰ ਮੋੜ ਦੇ ਉਲਟ ਦਿਸ਼ਾ ਵਿੱਚ ਮੋੜ ਕੇ ਸ਼ੁਰੂ ਕਰੋ। ਇੱਕ ਵਾਰ ਜਦੋਂ ਟ੍ਰੇਲਰ ਮੋੜਨਾ ਸ਼ੁਰੂ ਕਰ ਦਿੰਦਾ ਹੈ, ਤਾਂ ਟ੍ਰੇਲਰ ਦਾ ਅਨੁਸਰਣ ਕਰਨ ਲਈ ਸਟੀਅਰਿੰਗ ਵ੍ਹੀਲ ਦੀ ਦਿਸ਼ਾ ਉਲਟਾਓ।"
9254,"ਇੱਕ ਚੌਰਾਹੇ ਦੇ ਕੇਂਦਰ ਵਿੱਚ ਪਹੁੰਚਣ ਤੋਂ ਪਹਿਲਾਂ ਇੱਕ ਖੱਬਾ ਮੋੜ ਸ਼ੁਰੂ ਕਰਕੇ, ਤੁਸੀਂ:",,ਸੰਭਾਵਤ ਤੌਰ 'ਤੇ ਵਾਰੀ ਨੂੰ ਤਸੱਲੀਬਖਸ਼ ਢੰਗ ਨਾਲ ਪੂਰਾ ਕਰੇਗਾ।,ਤੁਹਾਡੇ ਵਾਹਨ ਦੇ ਖੱਬੇ ਪਾਸੇ ਨਾਲ ਹੋਰ ਵਾਹਨਾਂ ਨੂੰ ਟੱਕਰ ਮਾਰ ਸਕਦੀ ਹੈ।,ਹੋਰ ਡਰਾਈਵਰ ਤੁਹਾਡੀ ਵਾਰੀ ਦੇ ਅਨੁਕੂਲ ਹੋਣ ਲਈ ਆਪਣੇ ਵਾਹਨਾਂ ਨੂੰ ਮੂਵ ਕਰਨ ਦੀ ਉਮੀਦ ਕਰ ਸਕਦੇ ਹਨ।,,B,"ਜਦੋਂ ਕਿਸੇ ਚੌਰਾਹੇ 'ਤੇ ਖੱਬੇ ਪਾਸੇ ਮੁੜਨ ਦੀ ਯੋਜਨਾ ਬਣਾ ਰਹੇ ਹੋ, ਤਾਂ ਇਹ ਯਕੀਨੀ ਬਣਾਓ ਕਿ ਤੁਸੀਂ ਮੋੜ ਸ਼ੁਰੂ ਕਰਨ ਤੋਂ ਪਹਿਲਾਂ ਚੌਰਾਹੇ ਦੇ ਕੇਂਦਰ 'ਤੇ ਪਹੁੰਚ ਗਏ ਹੋ। ਜੇਕਰ ਤੁਸੀਂ ਬਹੁਤ ਜਲਦੀ ਮੁੜਦੇ ਹੋ, ਤਾਂ ਔਫ-ਟਰੈਕਿੰਗ ਕਾਰਨ ਤੁਹਾਡੇ ਵਾਹਨ ਦਾ ਖੱਬਾ ਪਾਸਾ ਕਿਸੇ ਹੋਰ ਵਾਹਨ ਨਾਲ ਟਕਰਾ ਸਕਦਾ ਹੈ।"
9447,ਗੰਭੀਰਤਾ ਦੇ ਉੱਚ ਕੇਂਦਰ ਵਾਲਾ ਕਾਰਗੋ:,,ਕਿਸੇ ਵਾਹਨ ਨੂੰ ਟਿਪ ਓਵਰ ਦੀ ਸੰਭਾਵਨਾ ਬਣਾ ਸਕਦਾ ਹੈ।,ਖਰਾਬ ਮੌਸਮ ਵਿੱਚ ਉਤਸ਼ਾਹਿਤ ਕੀਤਾ ਜਾਂਦਾ ਹੈ।,ਕੁਝ ਸੜਕਾਂ 'ਤੇ ਲੋੜੀਂਦਾ ਹੈ।,,A,"ਗੁਰੂਤਾਕਰਸ਼ਣ ਦੇ ਉੱਚ ਕੇਂਦਰ ਵਾਲਾ ਕਾਰਗੋ ਇੱਕ ਵਾਹਨ ਨੂੰ ਗਰੈਵਿਟੀ ਦੇ ਨੀਵੇਂ ਕੇਂਦਰ ਵਾਲੇ ਕਾਰਗੋ ਨਾਲੋਂ ਜ਼ਿਆਦਾ ਟਿਪ ਕਰਨ ਦੀ ਸੰਭਾਵਨਾ ਬਣਾਉਂਦਾ ਹੈ। ਇਸ ਕਾਰਨ ਕਰਕੇ, ਇਹ ਜ਼ਰੂਰੀ ਹੈ ਕਿ ਮਾਲ ਦਾ ਭਾਰ ਜਿੰਨਾ ਸੰਭਵ ਹੋ ਸਕੇ ਘੱਟ ਵੰਡਿਆ ਜਾਵੇ।"
8584,"ABS ਨਾਲ ਬ੍ਰੇਕ ਕਰਦੇ ਸਮੇਂ, ਤੁਹਾਨੂੰ ਇਹ ਕਰਨਾ ਚਾਹੀਦਾ ਹੈ:",,ਬ੍ਰੇਕ ਪੈਡਲ ਨੂੰ ਪੰਪ ਕਰੋ.,ਆਮ ਤੌਰ 'ਤੇ ਬ੍ਰੇਕ ਕਰੋ.,ਕਿਸੇ ਵੱਖਰੇ ਬ੍ਰੇਕਿੰਗ ਸਿਸਟਮ ਨਾਲ ਤੁਹਾਡੇ ਨਾਲੋਂ ਜ਼ਿਆਦਾ ਸਖ਼ਤ ਬ੍ਰੇਕ ਕਰੋ।,,B,"ਐਂਟੀ-ਲਾਕ ਬ੍ਰੇਕਿੰਗ ਸਿਸਟਮ (ABS) ਨਾਲ ਲੈਸ ਕਿਸੇ ਵਾਹਨ ਨੂੰ ਬ੍ਰੇਕ ਲਗਾਉਂਦੇ ਸਮੇਂ, ਤੁਹਾਨੂੰ ਕਿਸੇ ਵੱਖਰੇ ਬ੍ਰੇਕਿੰਗ ਸਿਸਟਮ ਨਾਲ ਵਾਹਨ ਚਲਾਉਣ ਵੇਲੇ ਤੁਹਾਡੇ ਨਾਲੋਂ ਵੱਖਰੇ ਤੌਰ 'ਤੇ ਬ੍ਰੇਕ ਨਹੀਂ ਲਗਾਉਣੀ ਚਾਹੀਦੀ।"
8583,"1 ਮਾਰਚ, 1997 ਤੋਂ ਬਾਅਦ ਬਣਿਆ ਟਰੱਕ ਟਰੈਕਟਰ ਇਸ ਨਾਲ ਲੈਸ ਹੋਣਾ ਚਾਹੀਦਾ ਹੈ:",,ਇੱਕ ਐਂਟੀ-ਲਾਕ ਬ੍ਰੇਕਿੰਗ ਸਿਸਟਮ (ABS)।,ਇੱਕ ਝੰਡਾ.,ਹਾਈਡ੍ਰੌਲਿਕ ਬ੍ਰੇਕ.,,A,"1 ਮਾਰਚ, 1997 ਨੂੰ ਜਾਂ ਇਸ ਤੋਂ ਬਾਅਦ ਬਣੇ ਏਅਰ ਬ੍ਰੇਕਾਂ ਵਾਲੇ ਟਰੱਕ ਟਰੈਕਟਰਾਂ ਨੂੰ ਐਂਟੀ-ਲਾਕ ਬ੍ਰੇਕਿੰਗ ਸਿਸਟਮ (ABS) ਨਾਲ ਲੈਸ ਕਰਨ ਦੀ ਲੋੜ ਹੁੰਦੀ ਹੈ।"
8514,ਇੱਕ ਪ੍ਰੀ-ਟ੍ਰਿਪ ਨਿਰੀਖਣ ਵਿੱਚ ਸ਼ਾਮਲ ਹੋਣਾ ਚਾਹੀਦਾ ਹੈ:,,ਇੰਜਣ ਦੇ ਤੇਲ ਦੇ ਪੱਧਰ ਦੀ ਜਾਂਚ.,ਕੂਲੈਂਟ ਨੂੰ ਹਟਾਉਣਾ।,ਟਾਇਰ ਰਿਮ ਧੋਣਾ.,,A,"ਪ੍ਰੀ-ਟ੍ਰਿਪ ਨਿਰੀਖਣ ਦੌਰਾਨ ਇੰਜਣ ਦੇ ਡੱਬੇ ਦੀ ਜਾਂਚ ਕਰਦੇ ਸਮੇਂ, ਤੁਹਾਨੂੰ ਇੰਜਣ ਦੇ ਤੇਲ ਦੇ ਪੱਧਰ, ਰੇਡੀਏਟਰ ਕੂਲੈਂਟ ਪੱਧਰ ਅਤੇ ਹੋਜ਼ਾਂ ਦੀ ਸਥਿਤੀ ਦੀ ਜਾਂਚ ਕਰਨੀ ਚਾਹੀਦੀ ਹੈ।"
8521,ਮੋਟਾ ਪ੍ਰਵੇਗ:,,ਲੰਬੀਆਂ ਯਾਤਰਾਵਾਂ 'ਤੇ ਜਾਗਦੇ ਰਹਿਣ ਦਾ ਵਧੀਆ ਤਰੀਕਾ ਹੈ।,ਧਿਆਨ ਭਟਕਾਉਣ ਵਾਲਾ ਹੈ।,ਮਕੈਨੀਕਲ ਨੁਕਸਾਨ ਦਾ ਕਾਰਨ ਬਣ ਸਕਦਾ ਹੈ.,,C,"ਮੋਟਾ ਪ੍ਰਵੇਗ ਮਕੈਨੀਕਲ ਨੁਕਸਾਨ ਦਾ ਕਾਰਨ ਬਣ ਸਕਦਾ ਹੈ, ਇਸ ਲਈ ਸੁਚਾਰੂ ਅਤੇ ਹੌਲੀ-ਹੌਲੀ ਤੇਜ਼ ਕਰਨਾ ਯਕੀਨੀ ਬਣਾਓ।"
8547,"ਜੇਕਰ ਤੁਹਾਨੂੰ ਇੱਕ ਵੱਡਾ ਵਾਹਨ ਚਲਾਉਂਦੇ ਸਮੇਂ ਟੇਲਗੇਟ ਕੀਤਾ ਜਾ ਰਿਹਾ ਹੈ, ਤਾਂ ਹੇਠਾਂ ਦਿੱਤੇ ਸਾਰੇ ਕੰਮ ਕਰੋ, ਸਿਵਾਏ:",,ਆਪਣੀ ਗਤੀ ਨੂੰ ਹੌਲੀ-ਹੌਲੀ ਘਟਾਓ।,ਆਪਣੀ ਹੇਠਲੀ ਦੂਰੀ ਵਧਾਓ।,ਆਪਣੀ ਗਤੀ ਵਧਾਓ।,,C,"ਜੇ ਤੁਸੀਂ ਆਪਣੇ ਆਪ ਨੂੰ ਕਿਸੇ ਹੋਰ ਡ੍ਰਾਈਵਰ ਦੁਆਰਾ ਟੇਲਗੇਟ ਕੀਤਾ ਹੋਇਆ ਪਾਉਂਦੇ ਹੋ, ਤਾਂ ਤੁਹਾਨੂੰ ਆਪਣੀ ਹੇਠਲੀ ਦੂਰੀ ਨੂੰ ਵਧਾਉਣਾ ਚਾਹੀਦਾ ਹੈ ਅਤੇ ਤੇਜ਼ ਚਾਲ ਕਰਨ ਤੋਂ ਬਚਣਾ ਚਾਹੀਦਾ ਹੈ। ਤੁਹਾਡੀ ਸਪੀਡ ਵਧਾਉਣ ਦਾ ਨਤੀਜਾ ਸਿਰਫ਼ ਇਹ ਹੋ ਸਕਦਾ ਹੈ ਕਿ ਦੂਜਾ ਡ੍ਰਾਈਵਰ ਤੁਹਾਨੂੰ ਉੱਚੀ ਗਤੀ 'ਤੇ ਟੇਲਗੇਟ ਕਰਨਾ ਜਾਰੀ ਰੱਖੇ। ਆਪਣੀਆਂ ਟੇਲਲਾਈਟਾਂ ਨੂੰ ਚਾਲੂ ਨਾ ਕਰੋ ਜਾਂ ਦੂਜੇ ਡਰਾਈਵਰ 'ਤੇ ਆਪਣੀਆਂ ਬ੍ਰੇਕ ਲਾਈਟਾਂ ਨੂੰ ਫਲੈਸ਼ ਨਾ ਕਰੋ।"
9423,"ਜੇਕਰ ਵਾਹਨ ਚਲਾਉਂਦੇ ਸਮੇਂ ਕੋਈ ਅਸਾਧਾਰਨ ਸ਼ੋਰ ਜਾਂ ਅਹਿਸਾਸ ਹੁੰਦਾ ਹੈ, ਤਾਂ ਡਰਾਈਵਰ ਨੂੰ ਇਹ ਕਰਨਾ ਚਾਹੀਦਾ ਹੈ:",,ਮੰਨ ਲਓ ਕਿ ਇਹ ਕੋਈ ਚਿੰਤਾ ਨਹੀਂ ਹੈ ਅਤੇ ਗੱਡੀ ਚਲਾਉਣਾ ਜਾਰੀ ਰੱਖੋ।,ਉਮੀਦ ਹੈ ਕਿ ਵਾਹਨ ਉਦੋਂ ਤੱਕ ਠੀਕ ਹੋ ਜਾਵੇਗਾ ਜਦੋਂ ਤੱਕ ਇਸਨੂੰ ਕਿਸੇ ਹੋਰ ਡਰਾਈਵਰ 'ਤੇ ਨਹੀਂ ਬਦਲਿਆ ਜਾਂਦਾ।,ਸਹੀ ਹੱਲ ਨਿਰਧਾਰਤ ਕਰਨ ਲਈ ਸਥਿਤੀ ਦੀ ਜਾਂਚ ਕਰੋ.,,C,"ਜੇਕਰ ਤੁਸੀਂ ਗੱਡੀ ਚਲਾਉਂਦੇ ਸਮੇਂ ਕੁਝ ਅਜਿਹਾ ਦੇਖਦੇ, ਸੁਣਦੇ, ਸੁੰਘਦੇ ​​ਜਾਂ ਮਹਿਸੂਸ ਕਰਦੇ ਹੋ ਜੋ ਸਹੀ ਨਹੀਂ ਲੱਗਦਾ, ਤਾਂ ਤੁਹਾਨੂੰ ਇਸ ਦੀ ਜਾਂਚ ਕਰਵਾਉਣੀ ਚਾਹੀਦੀ ਹੈ।"
11376,"ਡ੍ਰਾਈਵਿੰਗ ਕਰਦੇ ਸਮੇਂ, ਤੁਹਾਨੂੰ ਬਹੁਤ ਥੱਕਣ ਤੋਂ ਬਚਣ ਲਈ ਹਰ ____ ਨੂੰ ਇੱਕ ਬ੍ਰੇਕ ਲੈਣ ਲਈ ਰੁਕਣਾ ਚਾਹੀਦਾ ਹੈ।",,ਅੱਧਾ ਘੰਟਾ,ਦੋ ਘੰਟੇ,ਛੇ ਘੰਟੇ,,B,"ਲੰਬੀ ਯਾਤਰਾ 'ਤੇ ਥਕਾਵਟ ਹੋਣ ਦੇ ਜੋਖਮ ਨੂੰ ਘਟਾਉਣ ਲਈ, ਤੁਹਾਨੂੰ ਹਰ ਦੋ ਘੰਟਿਆਂ ਲਈ ਜਾਂ 100 ਮੀਲ ਦੀ ਦੂਰੀ 'ਤੇ ਘੱਟੋ-ਘੱਟ ਇੱਕ ਵਾਰ ਬਰੇਕ ਲੈਣ ਲਈ ਰੁਕਣਾ ਚਾਹੀਦਾ ਹੈ।"
9852,ਜੇਕਰ ਕਿਸੇ ਕਾਨੂੰਨ ਲਾਗੂ ਕਰਨ ਵਾਲੇ ਅਧਿਕਾਰੀ ਦੁਆਰਾ ਤੁਹਾਡੇ ਖੂਨ ਵਿੱਚ ਅਲਕੋਹਲ ਦੀ ਗਾੜ੍ਹਾਪਣ (BAC) ਨੂੰ ਨਿਰਧਾਰਤ ਕਰਨ ਲਈ ਇੱਕ ਟੈਸਟ ਲੈਣ ਲਈ ਕਿਹਾ ਜਾਂਦਾ ਹੈ:,,ਤੁਸੀਂ ਬਿਨਾਂ ਜੁਰਮਾਨੇ ਦੇ ਟੈਸਟ ਦੇਣ ਤੋਂ ਇਨਕਾਰ ਕਰ ਸਕਦੇ ਹੋ।,ਤੁਸੀਂ ਟੈਸਟ ਦੇਣ ਤੋਂ ਇਨਕਾਰ ਕਰ ਸਕਦੇ ਹੋ ਪਰ ਤੁਹਾਨੂੰ $50 ਦਾ ਜੁਰਮਾਨਾ ਅਦਾ ਕਰਨਾ ਪਵੇਗਾ।,ਜੇਕਰ ਤੁਸੀਂ ਟੈਸਟ ਦੇਣ ਤੋਂ ਇਨਕਾਰ ਕਰਦੇ ਹੋ ਤਾਂ ਤੁਸੀਂ ਆਪਣਾ CDL ਗੁਆ ਦੇਵੋਗੇ।,,C,"ਬਹੁਤੇ ਰਾਜਾਂ ਵਿੱਚ ਇੱਕ ਅਪ੍ਰਤੱਖ ਸਹਿਮਤੀ ਕਾਨੂੰਨ ਹੈ, ਜਿਸਦਾ ਮਤਲਬ ਹੈ ਕਿ ਰਾਜ ਦੀਆਂ ਸੜਕਾਂ 'ਤੇ ਵਾਹਨ ਚਲਾ ਕੇ, ਜੇਕਰ ਕੋਈ ਪੁਲਿਸ ਅਧਿਕਾਰੀ ਤੁਹਾਨੂੰ ਅਜਿਹਾ ਕਰਨ ਲਈ ਕਹਿੰਦਾ ਹੈ ਤਾਂ ਤੁਸੀਂ ਡਰੱਗ ਜਾਂ ਅਲਕੋਹਲ ਟੈਸਟ ਕਰਵਾਉਣ ਲਈ ਸਹਿਮਤ ਹੋ ਗਏ ਹੋ। ਜੇਕਰ ਤੁਸੀਂ ਕਿਸੇ ਟੈਸਟ ਲਈ ਪੇਸ਼ ਕਰਨ ਤੋਂ ਇਨਕਾਰ ਕਰਦੇ ਹੋ, ਤਾਂ ਤੁਸੀਂ ਆਪਣੇ ਓਪਰੇਟਿੰਗ ਵਿਸ਼ੇਸ਼ ਅਧਿਕਾਰਾਂ ਨੂੰ ਗੁਆ ਦੇਵੋਗੇ। ਯਕੀਨੀ ਬਣਾਓ ਕਿ ਤੁਸੀਂ ਹਰ ਉਸ ਰਾਜ ਦੇ ਕਾਨੂੰਨਾਂ ਤੋਂ ਜਾਣੂ ਹੋ ਜਿਸ ਵਿੱਚ ਤੁਸੀਂ ਗੱਡੀ ਚਲਾਉਂਦੇ ਹੋ।"
9933,ਪ੍ਰੀ-ਟ੍ਰਿਪ ਨਿਰੀਖਣ ਹਨ:,,ਸਿਫ਼ਾਰਿਸ਼ ਕੀਤੀ।,ਸਿਰਫ਼ 100 ਮੀਲ ਤੋਂ ਵੱਧ ਲੰਬੀਆਂ ਯਾਤਰਾਵਾਂ ਲਈ ਲੋੜੀਂਦਾ ਹੈ।,ਕਾਨੂੰਨ ਦੁਆਰਾ ਲੋੜੀਂਦਾ ਹੈ।,,C,ਸੰਘੀ ਅਤੇ ਰਾਜ ਦੇ ਕਾਨੂੰਨਾਂ ਅਨੁਸਾਰ ਡਰਾਈਵਰਾਂ ਨੂੰ ਹਰ ਯਾਤਰਾ ਤੋਂ ਪਹਿਲਾਂ ਆਪਣੇ ਵਾਹਨਾਂ ਦੀ ਲੰਬਾਈ ਦੀ ਪਰਵਾਹ ਕੀਤੇ ਬਿਨਾਂ ਜਾਂਚ ਕਰਨ ਦੀ ਲੋੜ ਹੁੰਦੀ ਹੈ।
11371,"ਜੇ ਤੁਸੀਂ ਮਹਿਸੂਸ ਕਰਦੇ ਹੋ ਕਿ ਤੁਸੀਂ ਆਪਣੀ ਮੰਜ਼ਿਲ ਤੱਕ ਦੇਰੀ ਨਾਲ ਦੌੜ ਰਹੇ ਹੋ, ਤਾਂ ਤੁਹਾਨੂੰ ਇਹ ਕਰਨਾ ਚਾਹੀਦਾ ਹੈ:",,ਤੇਜ਼ ਕਰੋ।,ਪਰੇਸ਼ਾਨ ਹੋ ਜਾਓ।,ਇਸ ਨਾਲ ਨਜਿੱਠੋ ਅਤੇ ਸੁਰੱਖਿਅਤ ਰਫ਼ਤਾਰ ਨਾਲ ਗੱਡੀ ਚਲਾਓ।,,C,"ਹਮਲਾਵਰ ਡਰਾਈਵਿੰਗ ਵਿਵਹਾਰ ਨੂੰ ਵਿਕਸਤ ਕਰਨ ਦੇ ਜੋਖਮ ਨੂੰ ਘਟਾਉਣ ਲਈ, ਤੁਹਾਨੂੰ ਆਪਣੇ ਤਣਾਅ ਦਾ ਪ੍ਰਬੰਧਨ ਕਰਨ ਲਈ ਉਪਾਅ ਕਰਨੇ ਚਾਹੀਦੇ ਹਨ। ਅਜਿਹਾ ਕਰਨ ਦੀ ਇੱਕ ਰਣਨੀਤੀ ਇਹ ਹੈ ਕਿ ਸਿਰਫ਼ ਇੱਕ ਡੂੰਘਾ ਸਾਹ ਲੈਣਾ ਅਤੇ ਆਪਣੇ ਹਾਲਾਤਾਂ ਨੂੰ ਸਵੀਕਾਰ ਕਰਨਾ ਜੇਕਰ ਤੁਹਾਨੂੰ ਇਹ ਅਹਿਸਾਸ ਹੁੰਦਾ ਹੈ ਕਿ ਤੁਹਾਨੂੰ ਆਪਣੀ ਮੰਜ਼ਿਲ ਤੱਕ ਦੇਰ ਹੋ ਜਾਵੇਗੀ।"
8565,"ਗਰਮ ਮੌਸਮ ਵਿੱਚ, ਫੁੱਟਪਾਥ 'ਤੇ ਚਟਾਕ ਜਿੱਥੇ ਟਾਰ ਤੋਂ ਖੂਨ ਨਿਕਲਦਾ ਹੈ:",,ਬਹੁਤ ਤਿਲਕਣ ਵਾਲੇ ਹਨ।,ਬਾਕੀ ਰੋਡਵੇਅ ਦੇ ਬਰਾਬਰ ਟ੍ਰੈਕਸ਼ਨ ਦੀ ਪੇਸ਼ਕਸ਼ ਕਰੋ।,ਬਾਕੀ ਰੋਡਵੇਅ ਨਾਲੋਂ ਵਧੇਰੇ ਟ੍ਰੈਕਸ਼ਨ ਦੀ ਪੇਸ਼ਕਸ਼ ਕਰੋ।,,A,"ਸੜਕ ਦੇ ਫੁੱਟਪਾਥ ਵਿੱਚ ਟਾਰ ਅਕਸਰ ਬਹੁਤ ਗਰਮ ਮੌਸਮ ਵਿੱਚ ਸੜਕ ਦੀ ਸਤ੍ਹਾ 'ਤੇ ਚੜ੍ਹ ਜਾਂਦਾ ਹੈ, ਜਾਂ ""ਖੂਨ ਵਗਦਾ ਹੈ""। ਅਜਿਹੇ ਖੇਤਰਾਂ ਲਈ ਧਿਆਨ ਰੱਖੋ ਕਿਉਂਕਿ ਉਹ ਬਹੁਤ ਤਿਲਕਣ ਵਾਲੇ ਹੋ ਸਕਦੇ ਹਨ।"
9427,"ਜੇਕਰ ਕਿਸੇ ਸਤਹ 'ਤੇ ਖਰਾਬ ਟ੍ਰੈਕਸ਼ਨ ਨਾਲ ਗੱਡੀ ਚਲਾ ਰਹੇ ਹੋ, ਤਾਂ ਡਰਾਈਵਰ ਨੂੰ ਹੌਲੀ-ਹੌਲੀ ਗਤੀ ਵਧਾਉਣੀ ਚਾਹੀਦੀ ਹੈ:",,ਕਿਉਂਕਿ ਹੌਲੀ-ਹੌਲੀ ਤੇਜ਼ ਕਰਨਾ ਹਮੇਸ਼ਾ ਚੰਗਾ ਹੁੰਦਾ ਹੈ।,ਵਾਹਨ ਦਾ ਕੰਟਰੋਲ ਗੁਆਉਣ ਤੋਂ ਬਚਾਉਣ ਲਈ।,ਤਾਂ ਜੋ ਉਹ ਅੱਗੇ ਤੋਂ ਵਾਹਨ ਦੀ ਰਫ਼ਤਾਰ ਤੇਜ਼ ਨਾ ਕਰਨ।,,B,"ਨਿਯੰਤਰਣ ਦੇ ਨੁਕਸਾਨ ਤੋਂ ਬਚਣ ਲਈ, ਮੀਂਹ ਜਾਂ ਬਰਫ਼ ਵਰਗੀਆਂ ਮਾੜੀਆਂ-ਟਰੈਕਸ਼ਨ ਸਥਿਤੀਆਂ ਵਿੱਚ ਗੱਡੀ ਚਲਾਉਣ ਵੇਲੇ ਤੁਹਾਨੂੰ ਹੌਲੀ-ਹੌਲੀ ਤੇਜ਼ ਕਰਨਾ ਚਾਹੀਦਾ ਹੈ।"
9910,ਇੱਕ ਵਿਅਕਤੀਗਤ ਵਾਹਨ ਦੂਰੀ ਰਿਕਾਰਡ (IVDR) ਵਿੱਚ ਹੇਠ ਲਿਖਿਆਂ ਵਿੱਚੋਂ ਕਿਸ ਨੂੰ ਸ਼ਾਮਲ ਕਰਨ ਦੀ ਲੋੜ ਨਹੀਂ ਹੈ?,,ਇੱਕ ਯਾਤਰਾ ਦੀਆਂ ਤਾਰੀਖਾਂ,ਕੁੱਲ ਦੂਰੀ ਦੀ ਯਾਤਰਾ ਕੀਤੀ,ਗੱਡੀਆਂ ਦੀ ਗਿਣਤੀ ਲੰਘ ਗਈ,,C,ਇੱਕ ਵਿਅਕਤੀਗਤ ਵਾਹਨ ਦੂਰੀ ਰਿਕਾਰਡ (IVDR) ਵਿੱਚ ਵਾਹਨ ਦੁਆਰਾ ਯਾਤਰਾ ਕੀਤੀ ਦੂਰੀ ਅਤੇ ਖਰੀਦੇ ਗਏ ਬਾਲਣ ਦੀ ਮਾਤਰਾ ਬਾਰੇ ਜਾਣਕਾਰੀ ਸ਼ਾਮਲ ਹੋਣੀ ਚਾਹੀਦੀ ਹੈ। ਲੋੜੀਂਦੀ ਦੂਰੀ ਦੀ ਜਾਣਕਾਰੀ ਵਿੱਚ ਯਾਤਰਾ ਦੀਆਂ ਮਿਤੀਆਂ ਅਤੇ ਵਾਹਨ ਦੁਆਰਾ ਯਾਤਰਾ ਕੀਤੀ ਗਈ ਕੁੱਲ ਦੂਰੀ ਸ਼ਾਮਲ ਹੁੰਦੀ ਹੈ।
8592,"ਬਿਜਲੀ ਦੀ ਅੱਗ ਬੁਝਾਉਣ ਦੀ ਕੋਸ਼ਿਸ਼ ਕਰਦੇ ਸਮੇਂ, ਤੁਹਾਨੂੰ ਇਹ ਕਰਨਾ ਚਾਹੀਦਾ ਹੈ:",,ਪਾਣੀ ਦੀ ਵਰਤੋਂ ਕਰੋ।,B:C ਬੁਝਾਉਣ ਵਾਲੇ ਯੰਤਰ ਦੀ ਵਰਤੋਂ ਕਰੋ।,ਇੱਕ X ਬੁਝਾਉਣ ਵਾਲਾ ਵਰਤੋ।,,B,B:C ਅੱਗ ਬੁਝਾਉਣ ਵਾਲੇ ਯੰਤਰ ਬਿਜਲੀ ਦੀਆਂ ਅੱਗਾਂ ਅਤੇ ਜਲਣ ਵਾਲੇ ਤਰਲਾਂ 'ਤੇ ਕੰਮ ਕਰਨ ਲਈ ਤਿਆਰ ਕੀਤੇ ਗਏ ਹਨ। ਬਿਜਲੀ ਦੀ ਅੱਗ 'ਤੇ ਪਾਣੀ ਨਾ ਡੋਲ੍ਹੋ।
9238,ਵੈਲਡਿੰਗ ਮੁਰੰਮਤ ਵਾਲੇ ਪਹੀਏ ਹਨ:,,ਜੇਕਰ ਮੁਰੰਮਤ ਕਿਸੇ ਪੇਸ਼ੇਵਰ ਦੁਆਰਾ ਕੀਤੀ ਜਾਂਦੀ ਹੈ ਤਾਂ ਵਰਤਣ ਲਈ ਸੁਰੱਖਿਅਤ ਹੈ।,ਜੇਕਰ ਮੁਰੰਮਤ ਠੋਸ ਜਾਪਦੀ ਹੈ ਤਾਂ ਵਰਤਣ ਲਈ ਸੁਰੱਖਿਅਤ ਹੈ।,ਵਰਤਣ ਲਈ ਸੁਰੱਖਿਅਤ ਨਹੀਂ ਹੈ।,,C,ਵੈਲਡਿੰਗ ਦੀ ਮੁਰੰਮਤ ਵਾਲੇ ਪਹੀਏ ਜਾਂ ਰਿਮ ਵਰਤਣ ਲਈ ਸੁਰੱਖਿਅਤ ਨਹੀਂ ਹਨ। ਵਾਹਨ ਨੂੰ ਸੜਕ 'ਤੇ ਲਿਜਾਣ ਤੋਂ ਪਹਿਲਾਂ ਉਨ੍ਹਾਂ ਨੂੰ ਬਦਲਿਆ ਜਾਣਾ ਚਾਹੀਦਾ ਹੈ।
9884,ਇੱਕ ਟ੍ਰੇਲਰ ਵਿੱਚ ਭਾਰ ਦਾ ਇੱਕ ਮਾੜਾ ਸੰਤੁਲਨ:,,ਸੰਭਾਲਣਾ ਅਸੁਰੱਖਿਅਤ ਬਣਾ ਸਕਦਾ ਹੈ।,ਟ੍ਰੈਕਸ਼ਨ ਨੂੰ ਸੁਧਾਰਦਾ ਹੈ.,ਬਾਲਣ ਕੁਸ਼ਲਤਾ ਵਧਾਉਂਦਾ ਹੈ।,,A,"ਟ੍ਰੇਲਰ ਵਿੱਚ ਮਾੜਾ ਸੰਤੁਲਿਤ ਵਜ਼ਨ ਹੈਂਡਲਿੰਗ ਅਸੁਰੱਖਿਅਤ ਬਣਾ ਸਕਦਾ ਹੈ। ਉਦਾਹਰਨ ਲਈ, ਅਗਲੇ ਐਕਸਲ 'ਤੇ ਜਾਂ ਤਾਂ ਬਹੁਤ ਘੱਟ ਜਾਂ ਬਹੁਤ ਜ਼ਿਆਦਾ ਭਾਰ ਵਾਹਨ ਨੂੰ ਚਲਾਉਣਾ ਮੁਸ਼ਕਲ ਬਣਾ ਸਕਦਾ ਹੈ। ਭਾਰ ਨੂੰ ਅੱਗੇ ਤੋਂ ਪਿੱਛੇ ਅਤੇ ਇੱਕ ਪਾਸੇ ਤੋਂ ਦੂਜੇ ਪਾਸੇ ਬਰਾਬਰ ਵੰਡਿਆ ਜਾਣਾ ਚਾਹੀਦਾ ਹੈ। ਇਸ ਨੂੰ ਜਿੰਨਾ ਸੰਭਵ ਹੋ ਸਕੇ ਘੱਟ ਵੰਡਿਆ ਜਾਣਾ ਚਾਹੀਦਾ ਹੈ."
9446,ਇੱਕ ਟਾਇਰ ਲੋਡ ਕੀ ਹੈ?,,ਘੱਟੋ-ਘੱਟ ਸੁਰੱਖਿਅਤ ਭਾਰ ਇੱਕ ਟਾਇਰ ਲੈ ਸਕਦਾ ਹੈ,ਇੱਕ ਟਾਇਰ ਵੱਧ ਤੋਂ ਵੱਧ ਸੁਰੱਖਿਅਤ ਭਾਰ ਚੁੱਕ ਸਕਦਾ ਹੈ,ਇੱਕ ਟਾਇਰ ਦਾ ਭਾਰ,,B,ਟਾਇਰ ਲੋਡ ਨੂੰ ਵੱਧ ਤੋਂ ਵੱਧ ਸੁਰੱਖਿਅਤ ਵਜ਼ਨ ਵਜੋਂ ਪਰਿਭਾਸ਼ਿਤ ਕੀਤਾ ਜਾਂਦਾ ਹੈ ਜੋ ਟਾਇਰ ਇੱਕ ਨਿਰਧਾਰਤ ਦਬਾਅ 'ਤੇ ਲੈ ਸਕਦਾ ਹੈ।
8605,ਢੋਆ-ਢੁਆਈ ਕੀਤੇ ਜਾਣ ਵਾਲੇ ਮਾਲ ਦੀ ਜਾਂਚ ਕੀਤੀ ਜਾਣੀ ਚਾਹੀਦੀ ਹੈ:,,ਸਿਰਫ ਯਾਤਰਾ ਤੋਂ ਪਹਿਲਾਂ.,ਯਾਤਰਾ ਤੋਂ ਪਹਿਲਾਂ ਅਤੇ ਦੁਬਾਰਾ ਯਾਤਰਾ ਦੇ ਪਹਿਲੇ 50 ਮੀਲ ਦੇ ਅੰਦਰ।,ਸਿਰਫ ਲੋਡਿੰਗ ਕਰਮਚਾਰੀਆਂ ਦੁਆਰਾ.,,B,"ਯਾਤਰਾ ਸ਼ੁਰੂ ਕਰਨ ਤੋਂ ਪਹਿਲਾਂ, ਯਾਤਰਾ ਦੇ ਪਹਿਲੇ 50 ਮੀਲ ਦੇ ਅੰਦਰ, ਅਤੇ ਉਸ ਤੋਂ ਬਾਅਦ ਹਰ ਤਿੰਨ ਘੰਟੇ ਜਾਂ 150 ਮੀਲ ਦੇ ਅੰਦਰ-ਅੰਦਰ ਮਾਲ ਦੀ ਜਾਂਚ ਕੀਤੀ ਜਾਣੀ ਚਾਹੀਦੀ ਹੈ। ਹਰ ਵਾਰ ਜਦੋਂ ਡਰਾਈਵਰ ਬਰੇਕ ਲੈਣ ਲਈ ਰੁਕਦਾ ਹੈ ਤਾਂ ਮਾਲ ਦੀ ਜਾਂਚ ਕੀਤੀ ਜਾਣੀ ਚਾਹੀਦੀ ਹੈ। ਕਾਰਗੋ ਦੀ ਢੋਆ-ਢੁਆਈ ਕਰਨ ਵਾਲੇ ਟਰੱਕ ਦਾ ਡਰਾਈਵਰ ਸਾਰੀ ਯਾਤਰਾ ਦੌਰਾਨ ਕਾਰਗੋ ਨੂੰ ਸੁਰੱਖਿਅਤ ਢੰਗ ਨਾਲ ਸੁਰੱਖਿਅਤ ਕਰਨ ਲਈ ਜ਼ਿੰਮੇਵਾਰ ਹੈ।"
9272,"ਜੇਕਰ ਵਗਦੇ ਪਾਣੀ ਜਾਂ ਵੱਡੇ ਛੱਪੜ ਵਿੱਚੋਂ ਲੰਘ ਰਹੇ ਹੋ, ਤਾਂ ਤੁਹਾਨੂੰ ਇਹ ਕਰਨਾ ਚਾਹੀਦਾ ਹੈ:",,ਆਪਣੀ ਗਤੀ ਵਧਾਓ।,ਹੌਲੀ-ਹੌਲੀ ਬ੍ਰੇਕ ਲਗਾਓ।,ਪਾਣੀ ਵਿੱਚ ਰੋਕਣ ਦੀ ਕੋਸ਼ਿਸ਼ ਕਰੋ.,,B,"ਵੱਡੇ ਛੱਪੜਾਂ ਜਾਂ ਚਲਦੇ ਪਾਣੀ ਵਿੱਚੋਂ ਗੱਡੀ ਚਲਾਉਣ ਤੋਂ ਪਰਹੇਜ਼ ਕਰਨਾ ਸਭ ਤੋਂ ਵਧੀਆ ਹੈ। ਜੇਕਰ ਪਾਣੀ ਰਾਹੀਂ ਗੱਡੀ ਚਲਾਉਣ ਤੋਂ ਬਚਣ ਦਾ ਕੋਈ ਤਰੀਕਾ ਨਹੀਂ ਹੈ, ਤਾਂ ਤੁਹਾਨੂੰ ਹੌਲੀ ਹੋ ਜਾਣਾ ਚਾਹੀਦਾ ਹੈ, ਘੱਟ ਗੇਅਰ ਵਿੱਚ ਸ਼ਿਫਟ ਕਰਨਾ ਚਾਹੀਦਾ ਹੈ, ਅਤੇ ਹੌਲੀ ਹੌਲੀ ਬ੍ਰੇਕ ਲਗਾਉਣਾ ਚਾਹੀਦਾ ਹੈ। ਬਰੇਕ ਡਰੱਮਾਂ ਜਾਂ ਡਿਸਕਾਂ ਦੇ ਵਿਰੁੱਧ ਲਾਈਨਿੰਗਾਂ ਨੂੰ ਦਬਾਉਣ ਨਾਲ ਪਾਣੀ, ਚਿੱਕੜ, ਗਾਦ ਅਤੇ ਰੇਤ ਨੂੰ ਬਰੇਕ ਵਿਧੀ ਦੇ ਅੰਦਰ ਜਾਣ ਤੋਂ ਰੋਕਿਆ ਜਾਵੇਗਾ।"
8635,"ਦੋਹਰੀ ਏਅਰ ਬ੍ਰੇਕ ਸਿਸਟਮ ਨਾਲ ਵਾਹਨ ਚਲਾਉਂਦੇ ਸਮੇਂ, ਡਰਾਈਵਰ ਨੂੰ ਇਹ ਕਰਨਾ ਚਾਹੀਦਾ ਹੈ:",,"ਇਹ ਯਕੀਨੀ ਬਣਾਉਣ ਲਈ ਕਿ ਈਂਧਨ ਇੰਜਣ ਤੱਕ ਪਹੁੰਚੇ, ਗੱਡੀ ਚਲਾਉਣ ਤੋਂ ਪਹਿਲਾਂ ਵਾਹਨ ਨੂੰ ਗਰਮ ਹੋਣ ਦਿਓ।",ਡ੍ਰਾਈਵਿੰਗ ਤੋਂ ਪਹਿਲਾਂ ਏਅਰ ਕੰਪ੍ਰੈਸਰ ਨੂੰ ਪ੍ਰਾਇਮਰੀ ਅਤੇ ਸੈਕੰਡਰੀ ਪ੍ਰਣਾਲੀਆਂ ਵਿੱਚ ਘੱਟੋ ਘੱਟ 100 psi ਦਬਾਅ ਬਣਾਉਣ ਦਿਓ।,ਗੱਡੀ ਦੇ ਸਟਾਰਟ ਹੋਣ ਤੋਂ ਬਾਅਦ ਹੀ ਗੱਡੀ ਚਲਾਉਣਾ ਸ਼ੁਰੂ ਕਰੋ।,,B,"ਦੋਹਰੀ ਏਅਰ ਬ੍ਰੇਕ ਸਿਸਟਮ ਨਾਲ ਵਾਹਨ ਚਲਾਉਣ ਤੋਂ ਪਹਿਲਾਂ, ਏਅਰ ਕੰਪ੍ਰੈਸਰ ਨੂੰ ਪ੍ਰਾਇਮਰੀ ਅਤੇ ਸੈਕੰਡਰੀ ਦੋਵਾਂ ਪ੍ਰਣਾਲੀਆਂ ਵਿੱਚ ਘੱਟੋ-ਘੱਟ 100 psi ਦਬਾਅ ਬਣਾਉਣ ਲਈ ਸਮਾਂ ਦਿਓ। ਦਬਾਅ ਦੇ ਪੱਧਰਾਂ ਦੀ ਨਿਗਰਾਨੀ ਕਰਨ ਲਈ ਹਵਾ ਦੇ ਦਬਾਅ ਗੇਜਾਂ ਨੂੰ ਦੇਖੋ।"
11491,"ਜਦੋਂ ਕਿਸੇ ਵਾਹਨ ਤੋਂ ਬਾਹਰ ਨਿਕਲਦੇ ਹੋ, ਤਾਂ ਹਰ ਸਮੇਂ ਆਪਣੇ ਵਾਹਨ ਦੇ ਨਾਲ ____ ਨੂੰ ਬਣਾਈ ਰੱਖਣਾ ਮਹੱਤਵਪੂਰਨ ਹੁੰਦਾ ਹੈ।",,ਸੰਪਰਕ ਦੇ ਤਿੰਨ ਬਿੰਦੂ,ਸੰਪਰਕ ਦੇ ਚਾਰ ਬਿੰਦੂ,ਸੰਪਰਕ ਦੇ ਦੋ ਬਿੰਦੂ,,A,"ਜਦੋਂ ਤੁਸੀਂ ਬੁਨਿਆਦੀ ਵਾਹਨ ਨਿਯੰਤਰਣ ਹੁਨਰ ਟੈਸਟ ਦੌਰਾਨ ਆਪਣੇ ਵਾਹਨ ਤੋਂ ਬਾਹਰ ਨਿਕਲਦੇ ਹੋ, ਤਾਂ ਤੁਹਾਨੂੰ ਵਾਹਨ ਦਾ ਸਾਹਮਣਾ ਕਰਨਾ ਚਾਹੀਦਾ ਹੈ ਅਤੇ ਹਰ ਸਮੇਂ ਸੰਪਰਕ ਦੇ ਤਿੰਨ ਬਿੰਦੂਆਂ ਨੂੰ ਕਾਇਮ ਰੱਖਣਾ ਚਾਹੀਦਾ ਹੈ। ਜੇਕਰ ਤੁਹਾਡਾ ਟੈਸਟਿੰਗ ਵਾਹਨ ਬੱਸ ਹੈ, ਤਾਂ ਤੁਹਾਨੂੰ ਹੈਂਡਰੇਲ ਨਾਲ ਸੰਪਰਕ ਕਾਇਮ ਰੱਖਣਾ ਚਾਹੀਦਾ ਹੈ। ਗਲਤ ਤਰੀਕੇ ਨਾਲ ਵਾਹਨ ਤੋਂ ਬਾਹਰ ਨਿਕਲਣ ਦੇ ਨਤੀਜੇ ਵਜੋਂ ਮੁਢਲੇ ਨਿਯੰਤਰਣ ਹੁਨਰ ਟੈਸਟ ਵਿੱਚ ਆਟੋਮੈਟਿਕ ਅਸਫਲਤਾ ਹੋ ਸਕਦੀ ਹੈ।"
11891,"ਦੋਹਰੀ ਏਅਰ ਬ੍ਰੇਕਾਂ ਵਾਲੇ ਵਾਹਨ ਵਿੱਚ, ਇੱਕ ਸਿਸਟਮ ਵਿੱਚ ਲੀਕ ____ ਦੂਜੇ ਸਿਸਟਮ ਵਿੱਚ।",,ਹਮੇਸ਼ਾ ਪ੍ਰਭਾਵਿਤ ਕਰੇਗਾ,ਪ੍ਰਭਾਵਿਤ ਨਹੀਂ ਹੋ ਸਕਦਾ,ਕਾਰਨ ਹੁੰਦਾ ਹੈ,,B,"ਇੱਕ ਡੁਅਲ ਏਅਰ ਬ੍ਰੇਕ ਸਿਸਟਮ ਦੋ ਵੱਖ-ਵੱਖ ਏਅਰ ਬ੍ਰੇਕ ਪ੍ਰਣਾਲੀਆਂ ਦਾ ਬਣਿਆ ਹੁੰਦਾ ਹੈ। ਜੇ ਇੱਕ ਸਿਸਟਮ ਵਿੱਚ ਹਵਾ ਦਾ ਲੀਕ ਹੁੰਦਾ ਹੈ, ਤਾਂ ਇਹ ਦੂਜੇ ਨੂੰ ਪ੍ਰਭਾਵਿਤ ਨਹੀਂ ਕਰ ਸਕਦਾ ਹੈ।"
8555,ਡਰਾਈਵਿੰਗ ਕਰਦੇ ਸਮੇਂ ਟੈਕਸਟ ਕਰਨਾ ਖਾਸ ਤੌਰ 'ਤੇ ਖਤਰਨਾਕ ਹੁੰਦਾ ਹੈ ਕਿਉਂਕਿ:,,ਇਹ ਇੱਕ ਮਾਨਸਿਕ ਅਤੇ ਸਰੀਰਕ ਭਟਕਣਾ ਹੈ।,ਇੱਕ ਸੁਨੇਹਾ ਡਰਾਈਵਰ ਨੂੰ ਪਰੇਸ਼ਾਨ ਕਰ ਸਕਦਾ ਹੈ।,ਲੋਕ ਪੜ੍ਹਨਾ ਪਸੰਦ ਕਰਦੇ ਹਨ ਅਤੇ ਹੋ ਸਕਦਾ ਹੈ ਕਿ ਉਹ ਆਪਣੇ ਫ਼ੋਨ ਵਿੱਚ ਬਹੁਤ ਜ਼ਿਆਦਾ ਰੁੱਝੇ ਹੋਏ ਹੋਣ।,,A,"ਡਰਾਈਵਿੰਗ ਕਰਦੇ ਸਮੇਂ ਟੈਕਸਟ ਕਰਨਾ ਖਾਸ ਤੌਰ 'ਤੇ ਖ਼ਤਰਨਾਕ ਹੁੰਦਾ ਹੈ ਕਿਉਂਕਿ ਇਹ ਡਰਾਈਵਰ ਲਈ ਮਾਨਸਿਕ ਅਤੇ ਸਰੀਰਕ ਭਟਕਣਾ ਵਾਲਾ ਹੁੰਦਾ ਹੈ। ਡਰਾਈਵਰ ਦੇ ਮਾਨਸਿਕ ਧਿਆਨ ਨੂੰ ਸੜਕ ਤੋਂ ਦੂਰ ਕਰਨ ਤੋਂ ਇਲਾਵਾ, ਟੈਕਸਟਿੰਗ ਲਈ ਵਿਅਕਤੀ ਨੂੰ ਵਾਹਨ ਦੇ ਨਿਯੰਤਰਣ ਤੋਂ ਘੱਟੋ-ਘੱਟ ਇੱਕ ਹੱਥ ਹਟਾਉਣ ਦੀ ਲੋੜ ਹੁੰਦੀ ਹੈ।"
11325,"ਵਾਹਨ ਨੂੰ ਬਿਨਾਂ ਕਿਸੇ ਰੁਕਾਵਟ ਛੱਡਣ ਵੇਲੇ, ਡਰਾਈਵਰ ਨੂੰ ਇਹ ਕਰਨਾ ਚਾਹੀਦਾ ਹੈ:",,ਹਮੇਸ਼ਾ ਪਾਰਕਿੰਗ ਬ੍ਰੇਕ ਸੈੱਟ ਕਰੋ।,ਪਾਰਕਿੰਗ ਬ੍ਰੇਕ ਤਾਂ ਹੀ ਲਗਾਓ ਜੇਕਰ ਵਾਹਨ ਢਲਾਨ 'ਤੇ ਪਾਰਕ ਕੀਤਾ ਗਿਆ ਹੋਵੇ।,ਟਾਇਰਾਂ ਨੂੰ 10 ਪ੍ਰਤੀਸ਼ਤ ਡੀਫਲੇਟ ਕਰੋ।,,A,ਆਪਣੇ ਵਾਹਨ ਨੂੰ ਬਿਨਾਂ ਕਿਸੇ ਧਿਆਨ ਦੇ ਛੱਡਣ ਵੇਲੇ ਹਮੇਸ਼ਾ ਪਾਰਕਿੰਗ ਬ੍ਰੇਕ ਲਗਾਓ।
8631,"1 ਮਾਰਚ, 1997 ਨੂੰ ਜਾਂ ਇਸ ਤੋਂ ਬਾਅਦ ਬਣੇ ਏਅਰ ਬ੍ਰੇਕਾਂ ਵਾਲੇ ਟਰੱਕ ਟਰੈਕਟਰਾਂ ਕੋਲ ਇਹ ਹੋਣਾ ਚਾਹੀਦਾ ਹੈ:",,ਇੱਕ ਐਂਟੀ-ਲਾਕ ਬ੍ਰੇਕਿੰਗ ਸਿਸਟਮ (ABS)।,ਬਲੂਟੁੱਥ।,GPS ਨੂੰ.,,A,"1 ਮਾਰਚ, 1997 ਨੂੰ ਜਾਂ ਇਸ ਤੋਂ ਬਾਅਦ ਬਣੇ ਏਅਰ ਬ੍ਰੇਕਾਂ ਵਾਲੇ ਟਰੱਕ ਟਰੈਕਟਰ, ਅਤੇ 1 ਮਾਰਚ, 1998 ਨੂੰ ਜਾਂ ਇਸ ਤੋਂ ਬਾਅਦ ਬਣੇ ਏਅਰ ਬ੍ਰੇਕਾਂ ਵਾਲੇ ਹੋਰ ਵਾਹਨ, ਐਂਟੀ-ਲਾਕ ਬ੍ਰੇਕਾਂ ਨਾਲ ਲੈਸ ਹੋਣੇ ਚਾਹੀਦੇ ਹਨ।"
11498,"ਇੱਕ ਔਫਸੈੱਟ ਬੈਕ/ਖੱਬੇ ਪਾਰਕਿੰਗ ਚਾਲ ਨੂੰ ਪੂਰਾ ਕਰਦੇ ਸਮੇਂ, ਇੱਕ ਡਰਾਈਵਰ ਨੂੰ ਇਹ ਕਰਨਾ ਚਾਹੀਦਾ ਹੈ:",,"ਸਿੱਧਾ ਅੱਗੇ ਵੱਲ ਖਿੱਚੋ, ਫਿਰ ਖੱਬੇ ਪਾਸੇ ਵਾਪਸ ਜਾਓ।","ਸਿੱਧੀ ਪਿੱਛੇ ਗੱਡੀ ਚਲਾਓ, ਫਿਰ ਖੱਬੇ ਪਾਸੇ ਅੱਗੇ ਖਿੱਚੋ।","ਸਿੱਧਾ ਅੱਗੇ ਖਿੱਚੋ, ਫਿਰ ਸਿੱਧਾ ਪਿੱਛੇ ਚਲਾਓ।",,A,"ਜੇਕਰ ਤੁਹਾਨੂੰ ਇੱਕ ਔਫਸੈੱਟ ਬੈਕ/ਖੱਬੇ ਪਾਰਕਿੰਗ ਚਾਲ ਨੂੰ ਪੂਰਾ ਕਰਨ ਲਈ ਕਿਹਾ ਜਾਂਦਾ ਹੈ, ਤਾਂ ਤੁਹਾਨੂੰ ਪਹਿਲਾਂ ਸਿੱਧਾ ਅੱਗੇ ਵੱਲ ਖਿੱਚਣਾ ਚਾਹੀਦਾ ਹੈ, ਫਿਰ ਖੱਬੇ ਪਾਸੇ ਵੱਲ ਵਾਪਸ ਜਾਣਾ ਚਾਹੀਦਾ ਹੈ। ਤੁਹਾਡਾ ਵਾਹਨ ਪਾਰਕਿੰਗ ਥਾਂ ਦੀਆਂ ਸੀਮਾਵਾਂ ਦੇ ਅੰਦਰ ਪੂਰੀ ਤਰ੍ਹਾਂ ਪਾਰਕ ਕੀਤਾ ਜਾਣਾ ਚਾਹੀਦਾ ਹੈ।"
9422,"ਵਾਹਨ ਨਿਰੀਖਣ ਟੈਸਟ ਦੇ ਹਿੱਸੇ ਵਜੋਂ, ਇੱਕ CDL ਬਿਨੈਕਾਰ ਨੂੰ ਕਿਹਾ ਜਾ ਸਕਦਾ ਹੈ:",,ਇੰਜਣ ਦੇ ਤੇਲ ਦੇ ਪੱਧਰ ਦੀ ਜਾਂਚ ਕਰੋ.,ਇੱਕ ਟਾਇਰ ਬਦਲੋ.,ਅਲਟਰਨੇਟਰ ਬੈਲਟ ਨੂੰ ਹਟਾਓ।,,A,"ਵਾਹਨ ਨਿਰੀਖਣ ਟੈਸਟ ਦੌਰਾਨ ਇੰਜਣ ਦੇ ਡੱਬੇ ਦੀ ਜਾਂਚ ਕਰਦੇ ਸਮੇਂ, ਤੁਹਾਨੂੰ ਇੰਜਣ ਦੇ ਤੇਲ ਦੇ ਪੱਧਰ ਦੀ ਜਾਂਚ ਕਰਨ ਦੀ ਲੋੜ ਹੋਵੇਗੀ।"
11321,ਜੇਕਰ ਏਅਰ ਬ੍ਰੇਕ ਸਿਸਟਮ ਵਿੱਚ ਸੁਰੱਖਿਆ ਰਾਹਤ ਵਾਲਵ ਹਵਾ ਛੱਡਦਾ ਹੈ:,,ਕੰਪ੍ਰੈਸਰ ਨੂੰ ਵਧੇਰੇ ਹਵਾ ਦੀ ਲੋੜ ਹੁੰਦੀ ਹੈ।,ਬ੍ਰੇਕਾਂ ਵਿੱਚ ਕੁਝ ਗੜਬੜ ਹੈ।,ਤੁਸੀਂ ਗੱਡੀ ਚਲਾਉਣਾ ਜਾਰੀ ਰੱਖ ਸਕਦੇ ਹੋ।,,B,"ਇੱਕ ਏਅਰ ਬ੍ਰੇਕ ਸਿਸਟਮ ਵਿੱਚ ਇੱਕ ਸੁਰੱਖਿਆ ਰਾਹਤ ਵਾਲਵ ਹੁੰਦਾ ਹੈ, ਜੋ ਟੈਂਕਾਂ ਤੋਂ ਹਵਾ ਛੱਡਦਾ ਹੈ ਜੇਕਰ ਦਬਾਅ ਬਹੁਤ ਜ਼ਿਆਦਾ ਹੋ ਜਾਂਦਾ ਹੈ। ਜੇਕਰ ਵਾਲਵ ਨੂੰ ਕੰਮ ਕਰਨਾ ਚਾਹੀਦਾ ਹੈ, ਤਾਂ ਸਿਸਟਮ ਵਿੱਚ ਕੁਝ ਗਲਤ ਹੈ ਅਤੇ ਇੱਕ ਮਕੈਨਿਕ ਦੁਆਰਾ ਹੱਲ ਕੀਤਾ ਜਾਣਾ ਚਾਹੀਦਾ ਹੈ।"
8626,ਤੁਹਾਨੂੰ ਨਿਯਮਿਤ ਤੌਰ 'ਤੇ ਏਅਰ ਟੈਂਕਾਂ ਨੂੰ ਕਿਉਂ ਕੱਢਣਾ ਚਾਹੀਦਾ ਹੈ?,,ਕਿਉਂਕਿ ਹਵਾ ਪੁਰਾਣੀ ਹੋ ਜਾਂਦੀ ਹੈ ਅਤੇ ਇਸਨੂੰ ਬਦਲਣ ਦੀ ਲੋੜ ਹੁੰਦੀ ਹੈ,ਕਿਉਂਕਿ ਕੰਪਰੈੱਸਡ ਹਵਾ ਵਿੱਚ ਕੁਝ ਪਾਣੀ ਹੁੰਦਾ ਹੈ ਅਤੇ ਪਾਣੀ ਟੈਂਕੀਆਂ ਵਿੱਚ ਇਕੱਠਾ ਹੁੰਦਾ ਹੈ,ਦਬਾਅ ਵਿੱਚ ਤਬਦੀਲੀ ਦੀ ਆਗਿਆ ਦੇਣ ਲਈ,,B,"ਸੰਕੁਚਿਤ ਹਵਾ ਵਿੱਚ ਆਮ ਤੌਰ 'ਤੇ ਨਮੀ ਅਤੇ ਕੰਪ੍ਰੈਸਰ ਤੇਲ ਦੀ ਇੱਕ ਨਿਸ਼ਚਿਤ ਮਾਤਰਾ ਹੁੰਦੀ ਹੈ, ਜੋ ਕਿ ਏਅਰ ਸਟੋਰੇਜ ਟੈਂਕਾਂ ਵਿੱਚ ਬਣ ਸਕਦੀ ਹੈ ਅਤੇ ਬ੍ਰੇਕ ਸਿਸਟਮ ਨੂੰ ਨੁਕਸਾਨ ਪਹੁੰਚਾ ਸਕਦੀ ਹੈ। ਇਨ੍ਹਾਂ ਇਕੱਠਾਂ ਨੂੰ ਸਾਫ਼ ਕਰਨ ਲਈ ਟੈਂਕੀਆਂ ਨੂੰ ਨਿਕਾਸ ਕੀਤਾ ਜਾਣਾ ਚਾਹੀਦਾ ਹੈ। ਮੈਨੂਅਲ ਡਰੇਨ ਵਾਲਵ ਵਾਲੇ ਟੈਂਕ 'ਤੇ, ਡਰੇਨਿੰਗ ਡ੍ਰਾਇਵਿੰਗ ਦੇ ਹਰ ਦਿਨ ਦੇ ਅੰਤ 'ਤੇ ਕੀਤੀ ਜਾਣੀ ਚਾਹੀਦੀ ਹੈ।"
9312,"ਡ੍ਰਾਈਵਿੰਗ ਟੈਸਟ ਦੌਰਾਨ ਲੇਨ ਬਦਲਣ ਲਈ ਪੁੱਛੇ ਜਾਣ 'ਤੇ, ਤੁਹਾਨੂੰ ਇਹ ਕਰਨਾ ਚਾਹੀਦਾ ਹੈ:",,"ਬਿਨਾਂ ਦੇਖੇ, ਪਰੀਖਿਅਕ ਦੇ ਪੁੱਛਦੇ ਹੀ ਤਬਦੀਲੀ ਕਰੋ।",ਆਪਣੇ ਵਾਰੀ ਸਿਗਨਲ ਦੀ ਵਰਤੋਂ ਕਰੋ ਅਤੇ ਸੁਰੱਖਿਅਤ ਹੋਣ 'ਤੇ ਲੇਨ ਬਦਲੋ।,"ਜਿੰਨੀ ਜਲਦੀ ਹੋ ਸਕੇ ਲੇਨ ਬਦਲੋ, ਭਾਵੇਂ ਇਸਦਾ ਮਤਲਬ ਕਿਸੇ ਹੋਰ ਡਰਾਈਵਰ ਨੂੰ ਕੱਟਣਾ ਹੈ।",,B,"ਆਨ-ਰੋਡ ਡਰਾਈਵਿੰਗ ਟੈਸਟ ਦੌਰਾਨ ਤੁਹਾਨੂੰ ਲੇਨ ਬਦਲਣ ਲਈ ਕਿਹਾ ਜਾਵੇਗਾ। ਜਦੋਂ ਇਮਤਿਹਾਨ ਦੇਣ ਵਾਲਾ ਤੁਹਾਨੂੰ ਅਜਿਹਾ ਕਰਨ ਲਈ ਕਹਿੰਦਾ ਹੈ, ਤਾਂ ਤੁਹਾਨੂੰ ਲੇਨ ਬਦਲਣ ਤੋਂ ਪਹਿਲਾਂ ਲੋੜੀਂਦੀ ਟ੍ਰੈਫਿਕ ਜਾਂਚ ਕਰਨੀ ਚਾਹੀਦੀ ਹੈ ਅਤੇ ਸਹੀ ਸਿਗਨਲਾਂ ਦੀ ਵਰਤੋਂ ਕਰਨੀ ਚਾਹੀਦੀ ਹੈ।"
11299,ਰੋਡਵੇਅ 'ਤੇ ਇੱਕ ਗੱਤੇ ਦਾ ਡੱਬਾ:,,ਰੋਡਵੇਅ 'ਤੇ ਹੋਣ ਦੀ ਉਮੀਦ ਕੀਤੀ ਜਾਣੀ ਚਾਹੀਦੀ ਹੈ।,ਆਮ ਤੌਰ 'ਤੇ ਖਾਲੀ ਅਤੇ ਨੁਕਸਾਨ ਰਹਿਤ ਹੁੰਦਾ ਹੈ।,ਇਸ ਵਿੱਚ ਕੋਈ ਭਾਰੀ ਵਸਤੂ ਸ਼ਾਮਲ ਹੋ ਸਕਦੀ ਹੈ ਜੋ ਵਾਹਨਾਂ ਨੂੰ ਨੁਕਸਾਨ ਪਹੁੰਚਾ ਸਕਦੀ ਹੈ।,,C,"ਸੜਕ 'ਤੇ ਲਗਭਗ ਕੋਈ ਵੀ ਵਿਦੇਸ਼ੀ ਵਸਤੂ ਕੁਝ ਸੰਭਾਵੀ ਖ਼ਤਰਾ ਪੈਦਾ ਕਰਦੀ ਹੈ। ਉਦਾਹਰਨ ਲਈ, ਗੱਤੇ ਦੇ ਡੱਬੇ ਵਰਗੀ ਨੁਕਸਾਨਦੇਹ ਪ੍ਰਤੀਤ ਹੋਣ ਵਾਲੀ ਕੋਈ ਚੀਜ਼ ਵਿੱਚ ਵੀ ਕੋਈ ਸਖ਼ਤ ਜਾਂ ਭਾਰੀ ਵਸਤੂ ਹੋ ਸਕਦੀ ਹੈ ਜੋ ਤੁਹਾਡੇ ਵਾਹਨ ਨੂੰ ਨੁਕਸਾਨ ਪਹੁੰਚਾ ਸਕਦੀ ਹੈ।"
11290,"ਯਾਤਰਾ ਤੋਂ ਪਹਿਲਾਂ ਵਿੰਡਸ਼ੀਲਡ ਦਾ ਮੁਆਇਨਾ ਕਰਦੇ ਸਮੇਂ, ਵਿਅਕਤੀ ਨੂੰ ਹੇਠਾਂ ਦਿੱਤੇ ਸਾਰੇ ਕੰਮ ਕਰਨੇ ਚਾਹੀਦੇ ਹਨ, ਸਿਵਾਏ:",,ਵਾਈਪਰ ਬਲੇਡਾਂ ਨੂੰ ਹਟਾਓ ਅਤੇ ਤਿੱਖਾ ਕਰੋ।,ਸਹੀ ਬਸੰਤ ਤਣਾਅ ਲਈ ਵਿੰਡਸ਼ੀਲਡ ਵਾਈਪਰਾਂ ਦੀ ਜਾਂਚ ਕਰੋ।,ਨੁਕਸਾਨ ਲਈ ਵਾਈਪਰ ਬਲੇਡ ਦੀ ਜਾਂਚ ਕਰੋ।,,A,"ਆਪਣੀ ਵਿੰਡਸ਼ੀਲਡ ਦਾ ਮੁਆਇਨਾ ਕਰਦੇ ਸਮੇਂ, ਤੁਹਾਨੂੰ ਤਰੇੜਾਂ ਜਾਂ ਹੋਰ ਸਮੱਸਿਆਵਾਂ ਦੀ ਭਾਲ ਕਰਨੀ ਚਾਹੀਦੀ ਹੈ ਜੋ ਸੜਕ ਨੂੰ ਸਪਸ਼ਟ ਤੌਰ 'ਤੇ ਦੇਖਣ ਦੀ ਤੁਹਾਡੀ ਯੋਗਤਾ ਵਿੱਚ ਰੁਕਾਵਟ ਪਾ ਸਕਦੀਆਂ ਹਨ। ਵਿੰਡਸ਼ੀਲਡ ਵਾਈਪਰ ਬਾਹਾਂ ਦੀ ਸਹੀ ਬਸੰਤ ਤਣਾਅ ਲਈ ਜਾਂਚ ਕੀਤੀ ਜਾਣੀ ਚਾਹੀਦੀ ਹੈ। ਵਾਈਪਰ ਬਲੇਡਾਂ ਨੂੰ ਨੁਕਸਾਨ, ਸਖ਼ਤ ਰਬੜ, ਅਤੇ ਗਲਤ ਸੁਰੱਖਿਆ ਲਈ ਜਾਂਚਿਆ ਜਾਣਾ ਚਾਹੀਦਾ ਹੈ।"
9236,"ਆਪਣੇ ਟਾਇਰਾਂ ਦੀ ਜਾਂਚ ਕਰਦੇ ਸਮੇਂ, ਤੁਸੀਂ ਇਹ ਨਹੀਂ ਲੱਭਣਾ ਚਾਹੁੰਦੇ:",,ਟਾਇਰ ਟ੍ਰੇਡ ਜੋ ਕਿ 4/32 ਇੰਚ ਡੂੰਘਾ ਹੈ।,ਵਾਲਵ ਨੁਕਸਾਨ ਦੇ ਬਗੈਰ ਪੈਦਾ ਹੁੰਦਾ ਹੈ.,ਬੇਮੇਲ ਟਾਇਰ ਆਕਾਰ.,,C,ਸਾਹਮਣੇ ਵਾਲੇ ਟਾਇਰਾਂ 'ਤੇ ਹਰੇਕ ਵੱਡੇ ਗਰੋਵ ਵਿਚ ਘੱਟੋ-ਘੱਟ 4/32 ਇੰਚ ਦੀ ਡੂੰਘਾਈ ਹੋਣੀ ਚਾਹੀਦੀ ਹੈ ਅਤੇ ਦੂਜੇ ਟਾਇਰਾਂ 'ਤੇ ਇਕ ਇੰਚ ਦਾ 2/32 ਹੋਣਾ ਚਾਹੀਦਾ ਹੈ। ਵਾਲਵ ਦੇ ਤਣੇ ਨੂੰ ਕੱਟਿਆ ਜਾਂ ਚੀਰਨਾ ਨਹੀਂ ਚਾਹੀਦਾ ਹੈ। ਟਾਇਰ ਦੇ ਆਕਾਰ ਮੇਲ ਨਹੀਂ ਖਾਂਦੇ।
11699,"ਸੈਰ-ਸਪਾਟੇ ਦੇ ਨਿਰੀਖਣ ਦੌਰਾਨ, ਯਕੀਨੀ ਬਣਾਓ ਕਿ ਬ੍ਰੇਕ ਡਰੱਮਾਂ 'ਤੇ ਕੋਈ ਦਰਾੜ ਨਹੀਂ ਹੈ ਜੋ ਰਗੜ ਵਾਲੇ ਖੇਤਰ ਦੀ ਚੌੜਾਈ ਦੇ ____ ਤੋਂ ਵੱਧ ਹਨ।",,ਇੱਕ ਅੱਧਾ,ਇੱਕ ਚੌਥਾਈ,ਇੱਕ ਤਿਹਾਈ,,A,"ਇੱਕ ਯਾਤਰਾ ਸ਼ੁਰੂ ਕਰਨ ਤੋਂ ਪਹਿਲਾਂ, ਤੁਹਾਡੇ ਸੈਰ-ਸਪਾਟੇ ਦੇ ਨਿਰੀਖਣ ਦੌਰਾਨ ਬ੍ਰੇਕ ਡਰੱਮਾਂ ਦੀ ਜਾਂਚ ਕਰਨਾ ਮਹੱਤਵਪੂਰਨ ਹੈ। ਗੱਡੀ ਚਲਾਉਣਾ ਅਸੁਰੱਖਿਅਤ ਹੈ ਜੇਕਰ ਕਿਸੇ ਬ੍ਰੇਕ ਡਰੱਮ ਵਿੱਚ ਰਗੜ ਵਾਲੇ ਖੇਤਰ ਦੀ ਚੌੜਾਈ ਦੇ ਅੱਧੇ ਤੋਂ ਵੱਧ ਦਰਾੜ ਹੋਵੇ।"
9584,"ਖਰਾਬ ਟ੍ਰੈਕਸ਼ਨ, ਜਿਵੇਂ ਕਿ ਗਿੱਲੀ ਸੜਕ, ਵਾਲੀ ਸਤ੍ਹਾ 'ਤੇ ਤੇਜ਼ ਹੋਣ ਵੇਲੇ, ਡਰਾਈਵਰ ਨੂੰ:",,ਤੇਜ਼ੀ ਨਾਲ ਤੇਜ਼ ਕਰੋ।,ਹੌਲੀ-ਹੌਲੀ ਤੇਜ਼ ਕਰੋ।,ਫੁੱਟਪਾਥ ਦੀ ਚਿੰਤਾ ਨਾ ਕਰੋ।,,B,ਤੁਹਾਨੂੰ ਅਜਿਹੀਆਂ ਸਥਿਤੀਆਂ ਵਿੱਚ ਡਰਾਈਵਿੰਗ ਕਰਦੇ ਸਮੇਂ ਬਹੁਤ ਹੌਲੀ-ਹੌਲੀ ਤੇਜ਼ ਕਰਨਾ ਚਾਹੀਦਾ ਹੈ ਜੋ ਖਰਾਬ ਟ੍ਰੈਕਸ਼ਨ ਬਣਾਉਂਦੇ ਹਨ।
11340,"ਡਰਾਈਵਿੰਗ ਟੈਸਟ ਦੌਰਾਨ, ਜਦੋਂ ਲੇਨ ਬਦਲਣ ਲਈ ਕਿਹਾ ਗਿਆ:",,ਤੁਹਾਨੂੰ ਦੂਜੇ ਵਾਹਨ ਚਾਲਕਾਂ ਨਾਲ ਚਿੰਤਾ ਨਹੀਂ ਕਰਨੀ ਚਾਹੀਦੀ।,ਤੁਹਾਨੂੰ ਆਪਣੇ ਵਾਰੀ ਸਿਗਨਲ ਦੀ ਵਰਤੋਂ ਕਰਨੀ ਚਾਹੀਦੀ ਹੈ ਅਤੇ ਸੁਰੱਖਿਅਤ ਹੋਣ 'ਤੇ ਲੇਨਾਂ ਨੂੰ ਬਦਲਣਾ ਚਾਹੀਦਾ ਹੈ।,"ਤੁਹਾਨੂੰ ਜਿੰਨੀ ਜਲਦੀ ਹੋ ਸਕੇ ਲੇਨ ਨੂੰ ਬਦਲਣਾ ਚਾਹੀਦਾ ਹੈ, ਭਾਵੇਂ ਇਸਦਾ ਮਤਲਬ ਕਿਸੇ ਹੋਰ ਡਰਾਈਵਰ ਨੂੰ ਕੱਟਣਾ ਹੋਵੇ।",,B,"ਆਨ-ਰੋਡ ਡ੍ਰਾਈਵਿੰਗ ਟੈਸਟ ਦੌਰਾਨ ਲੇਨ ਬਦਲਣ ਲਈ ਪੁੱਛੇ ਜਾਣ 'ਤੇ, ਤੁਹਾਨੂੰ ਢੁਕਵੀਂ ਟ੍ਰੈਫਿਕ ਜਾਂਚ ਕਰਨੀ ਚਾਹੀਦੀ ਹੈ, ਆਪਣੇ ਵਾਰੀ ਸਿਗਨਲ ਦੀ ਵਰਤੋਂ ਕਰਨੀ ਚਾਹੀਦੀ ਹੈ, ਅਤੇ ਜਦੋਂ ਅਜਿਹਾ ਕਰਨਾ ਸੁਰੱਖਿਅਤ ਹੋਵੇ ਤਾਂ ਸੁਚਾਰੂ ਢੰਗ ਨਾਲ ਲੇਨਾਂ ਨੂੰ ਬਦਲਣਾ ਚਾਹੀਦਾ ਹੈ।"
11713,ਇੱਕ ਤਰਫਾ ਚੈਕ ਵਾਲਵ:,,ਏਅਰ ਟੈਂਕ ਤੋਂ ਪਾਣੀ ਅਤੇ ਕੰਪ੍ਰੈਸਰ ਤੇਲ ਕੱਢਦਾ ਹੈ।,ਜੇਕਰ ਏਅਰ ਕੰਪ੍ਰੈਸਰ ਦਾ ਲੀਕ ਹੁੰਦਾ ਹੈ ਤਾਂ ਹਵਾ ਨੂੰ ਬਾਹਰ ਨਿਕਲਣ ਤੋਂ ਰੋਕਦਾ ਹੈ।,ਲੀਕ ਹੋਣ 'ਤੇ ਐਮਰਜੈਂਸੀ ਬ੍ਰੇਕਾਂ ਨੂੰ ਸਰਗਰਮ ਕਰਦਾ ਹੈ।,,B,ਇੱਕ ਏਅਰ ਕੰਪ੍ਰੈਸਰ ਅਤੇ ਪਹਿਲੇ ਮੁੱਖ ਭੰਡਾਰ ਦੇ ਵਿਚਕਾਰ ਇੱਕ ਤਰਫਾ ਚੈਕ ਵਾਲਵ ਦੀ ਲੋੜ ਹੁੰਦੀ ਹੈ। ਇਹ ਵਾਲਵ ਹਵਾ ਨੂੰ ਸਿਸਟਮ ਤੋਂ ਬਾਹਰ ਨਿਕਲਣ ਤੋਂ ਰੋਕਦਾ ਹੈ ਜੇਕਰ ਏਅਰ ਕੰਪ੍ਰੈਸਰ ਲੀਕ ਹੋ ਜਾਂਦਾ ਹੈ।
9568,"ਗੱਡੀ ਚਲਾਉਣ ਵੇਲੇ, ਗੇਜ ਹਨ:",,ਭਰੋਸੇਯੋਗ ਨਹੀਂ।,ਅਸੰਭਵ.,ਮੁਸੀਬਤ ਦੇ ਸੰਭਾਵੀ ਸੰਕੇਤਾਂ ਲਈ ਨਿਗਰਾਨੀ ਕੀਤੀ ਜਾਣੀ ਹੈ।,,C,"ਡ੍ਰਾਈਵਿੰਗ ਕਰਦੇ ਸਮੇਂ, ਤੁਹਾਨੂੰ ਮੁਸੀਬਤ ਦੇ ਸੰਕੇਤਾਂ ਲਈ ਆਪਣੇ ਵਾਹਨ ਦੇ ਗੇਜਾਂ ਨੂੰ ਦੇਖਣਾ ਚਾਹੀਦਾ ਹੈ। ਇਹ ਯਕੀਨੀ ਬਣਾਉਣ ਲਈ ਕਿ ਉਹ ਸਹੀ ਕੰਮ ਕਰਨ ਦੇ ਕ੍ਰਮ ਵਿੱਚ ਹਨ, ਇੱਕ ਯਾਤਰਾ ਸ਼ੁਰੂ ਕਰਨ ਤੋਂ ਪਹਿਲਾਂ ਆਪਣੇ ਗੇਜਾਂ ਦਾ ਮੁਆਇਨਾ ਕਰਨਾ ਯਕੀਨੀ ਬਣਾਓ।"
8603,ਟਰੱਕ 'ਤੇ ਲੱਦੇ ਹੋਏ ਮਾਲ ਲਈ ਕੌਣ ਜ਼ਿੰਮੇਵਾਰ ਹੈ?,,ਜਿਸ ਨੇ ਟਰੱਕ ਲੋਡ ਕੀਤਾ ਸੀ,ਕੰਪਨੀ ਦੇ ਸੁਪਰਵਾਈਜ਼ਰ,ਟਰੱਕ ਡਰਾਈਵਰ,,C,"ਭਾਵੇਂ ਉਹਨਾਂ ਨੇ ਮਾਲ ਨੂੰ ਖੁਦ ਲੋਡ ਨਹੀਂ ਕੀਤਾ ਜਾਂ ਸੁਰੱਖਿਅਤ ਨਹੀਂ ਕੀਤਾ, ਇੱਕ ਵਾਹਨ ਦਾ ਡਰਾਈਵਰ ਕਾਰਗੋ ਦੀ ਜਾਂਚ ਕਰਨ ਅਤੇ ਇਹ ਯਕੀਨੀ ਬਣਾਉਣ ਲਈ ਜ਼ਿੰਮੇਵਾਰ ਹੈ ਕਿ ਇਹ ਸਹੀ ਢੰਗ ਨਾਲ ਸੁਰੱਖਿਅਤ ਹੈ।"
11364,ਇੱਕ ਸਟੀਰੀਓ ਹੈੱਡਸੈੱਟ ਪਹਿਨਣ ਵਾਲਾ ਜੌਗਰ:,,ਸ਼ਾਇਦ ਉਨ੍ਹਾਂ ਦੇ ਆਲੇ ਦੁਆਲੇ ਕੀ ਹੋ ਰਿਹਾ ਹੈ ਬਾਰੇ ਜਾਣੂ ਹੈ.,ਹੋ ਸਕਦਾ ਹੈ ਕਿ ਉਹਨਾਂ ਦੇ ਆਲੇ ਦੁਆਲੇ ਕੀ ਹੋ ਰਿਹਾ ਹੈ ਬਾਰੇ ਪਤਾ ਨਾ ਹੋਵੇ.,ਆਵਾਜਾਈ ਦੀਆਂ ਆਵਾਜ਼ਾਂ ਸੁਣ ਸਕਦੇ ਹਨ।,,B,"ਪੈਦਲ ਚੱਲਣ ਵਾਲਿਆਂ, ਜੌਗਰਾਂ ਅਤੇ ਸਾਈਕਲ ਸਵਾਰਾਂ ਦੇ ਆਲੇ-ਦੁਆਲੇ ਸਾਵਧਾਨ ਰਹੋ ਜੋ ਹੈੱਡਫੋਨ ਪਹਿਨੇ ਹੋਏ ਹਨ। ਹੋ ਸਕਦਾ ਹੈ ਕਿ ਉਹ ਤੁਹਾਡੇ ਵਾਹਨ ਨੂੰ ਨੇੜੇ ਆ ਕੇ ਸੁਣ ਨਹੀਂ ਸਕਣਗੇ ਅਤੇ ਖਤਰਨਾਕ ਕੰਮ ਕਰ ਸਕਦੇ ਹਨ ਕਿਉਂਕਿ ਉਹ ਨਹੀਂ ਜਾਣਦੇ ਕਿ ਤੁਸੀਂ ਉੱਥੇ ਹੋ।"
8637,"ਜੇਕਰ ਇੱਕ ਏਅਰ ਕੰਪ੍ਰੈਸਰ ਬੈਲਟ ਦੁਆਰਾ ਚਲਾਇਆ ਜਾਂਦਾ ਹੈ, ਤਾਂ ਇਹ ਯਕੀਨੀ ਬਣਾਉਣ ਲਈ ਕਿ ਇਹ ਹੈ: ਬੈਲਟ ਦੀ ਨਿਯਮਤ ਤੌਰ 'ਤੇ ਜਾਂਚ ਕੀਤੀ ਜਾਣੀ ਚਾਹੀਦੀ ਹੈ:",,ਪਤਲਾ.,ਸਹੀ ਢੰਗ ਨਾਲ ਕੱਸਿਆ.,ਫਟਿਆ.,,B,"ਜੇਕਰ ਤੁਹਾਡੇ ਵਾਹਨ ਵਿੱਚ ਏਅਰ ਬ੍ਰੇਕ ਹਨ, ਤਾਂ ਹਰ ਡਰਾਈਵ ਤੋਂ ਪਹਿਲਾਂ ਏਅਰ ਕੰਪ੍ਰੈਸਰ ਡਰਾਈਵ ਬੈਲਟ ਦੀ ਜਾਂਚ ਕੀਤੀ ਜਾਣੀ ਚਾਹੀਦੀ ਹੈ। ਬੈਲਟ ਦੀ ਕਠੋਰਤਾ ਦੀ ਜਾਂਚ ਕਰੋ ਅਤੇ ਪੁਸ਼ਟੀ ਕਰੋ ਕਿ ਇਹ ਚੰਗੀ ਸਥਿਤੀ ਵਿੱਚ ਹੈ।"
8516,"ਇੰਜਣ ਸ਼ੁਰੂ ਕਰਦੇ ਸਮੇਂ, ਤੇਲ ਦਾ ਦਬਾਅ ਇੱਕ ਆਮ ਪੱਧਰ ਤੱਕ ਆਉਣਾ ਚਾਹੀਦਾ ਹੈ:",,ਸਕਿੰਟਾਂ ਦੇ ਅੰਦਰ.,ਪੰਜ ਮਿੰਟ ਦੇ ਅੰਦਰ.,ਲਗਭਗ ਤਿੰਨ ਮਿੰਟ ਬਾਅਦ.,,A,ਇੰਜਣ ਚਾਲੂ ਕਰਨ ਵੇਲੇ ਆਪਣੇ ਟਰੱਕ ਦੇ ਗੇਜ ਦੇਖੋ। ਵਾਹਨ ਦੇ ਇੰਜਣ ਦੇ ਚਾਲੂ ਹੋਣ ਦੇ ਕੁਝ ਸਕਿੰਟਾਂ ਦੇ ਅੰਦਰ ਇੰਜਣ ਵਿੱਚ ਤੇਲ ਦਾ ਦਬਾਅ ਇੱਕ ਆਮ ਪੱਧਰ ਤੱਕ ਆ ਜਾਣਾ ਚਾਹੀਦਾ ਹੈ।
11296,ਤੁਹਾਡੇ ਸਿੰਗ ਦੀ ਵਰਤੋਂ ਇਸ ਲਈ ਕੀਤੀ ਜਾਣੀ ਚਾਹੀਦੀ ਹੈ:,,ਹੋਰ ਡਰਾਈਵਰਾਂ ਨੂੰ ਦੱਸੋ ਕਿ ਤੁਸੀਂ ਗੁੱਸੇ ਹੋ।,ਹੋਰ ਡਰਾਈਵਰਾਂ ਨੂੰ ਚੇਤਾਵਨੀ ਦਿਓ ਕਿ ਤੁਸੀਂ ਨੇੜੇ ਹੋ।,ਹੋਰ ਡਰਾਈਵਰਾਂ ਨੂੰ ਡਰਾਓ।,,B,"ਤੁਹਾਡੇ ਵਾਹਨ ਦਾ ਹਾਰਨ ਦੂਜਿਆਂ ਨੂੰ ਤੁਹਾਡੀ ਮੌਜੂਦਗੀ ਬਾਰੇ ਚੇਤਾਵਨੀ ਦੇਣ ਦਾ ਇੱਕ ਸਾਧਨ ਹੈ। ਕਿਉਂਕਿ ਹਾਰਨ ਹੋਰ ਡਰਾਈਵਰਾਂ ਨੂੰ ਹੈਰਾਨ ਕਰਕੇ ਖ਼ਤਰਾ ਪੈਦਾ ਕਰ ਸਕਦਾ ਹੈ, ਤੁਹਾਨੂੰ ਇਸਦੀ ਵਰਤੋਂ ਸਿਰਫ਼ ਲੋੜ ਪੈਣ 'ਤੇ ਕਰਨੀ ਚਾਹੀਦੀ ਹੈ।"
82198,ਪਹੀਆਂ ਦੇ ਇਹਨਾਂ ਸੈੱਟਾਂ ਵਿੱਚੋਂ ਕਿਹੜਾ ਸਭ ਤੋਂ ਵੱਧ ਔਫ-ਟ੍ਰੈਕ ਕਰੇਗਾ?,,ਬੀ,ਦਿੱਤੀ ਗਈ ਜਾਣਕਾਰੀ ਤੋਂ ਇਹ ਨਿਰਧਾਰਤ ਨਹੀਂ ਕੀਤਾ ਜਾ ਸਕਦਾ ਹੈ।,ਸੀ,ਏ,C,"ਜਦੋਂ ਕੋਈ ਵੀ ਵਾਹਨ ਮੋੜਦਾ ਹੈ, ਤਾਂ ਇਸਦੇ ਪਿਛਲੇ ਪਹੀਏ ਇਸਦੇ ਅਗਲੇ ਪਹੀਆਂ ਨਾਲੋਂ ਇੱਕ ਛੋਟੇ ਰਸਤੇ ਦੀ ਪਾਲਣਾ ਕਰਨਗੇ। ਇਸ ਨੂੰ ਆਫ-ਟਰੈਕਿੰਗ ਕਿਹਾ ਜਾਂਦਾ ਹੈ। ਗੱਡੀ ਜਿੰਨੀ ਲੰਮੀ ਹੋਵੇਗੀ, ਫਰਕ ਓਨਾ ਹੀ ਜ਼ਿਆਦਾ ਹੋਵੇਗਾ। ਇੱਕ ਸੁਮੇਲ ਵਾਹਨ ਵਿੱਚ, ਟ੍ਰੇਲਰ ਦੇ ਪਹੀਏ ਟਰੈਕਟਰ ਦੇ ਪਿਛਲੇ ਪਹੀਆਂ ਨਾਲੋਂ ਜ਼ਿਆਦਾ ਔਫ-ਟ੍ਰੈਕ ਕਰਨਗੇ। ਇੱਕ ਡਬਲ ਜਾਂ ਤੀਹਰੀ ਸੁਮੇਲ ਵਾਹਨ ਵਿੱਚ, ਆਖਰੀ ਟ੍ਰੇਲਰ ਦੇ ਪਹੀਏ ਸਭ ਤੋਂ ਵੱਧ ਔਫ-ਟ੍ਰੈਕ ਕਰਨਗੇ।"
82218,"ਇਸ ਕਿਸਮ ਦੇ ਟ੍ਰੇਲਰ ਨੂੰ ਖਿੱਚਣ ਵੇਲੇ, ਤੁਹਾਨੂੰ ਹੇਠ ਲਿਖਿਆਂ ਵਿੱਚੋਂ ਕਿਸ 'ਤੇ ਬਹੁਤ ਧਿਆਨ ਰੱਖਣਾ ਚਾਹੀਦਾ ਹੈ?",,(a) ਰੇਲਮਾਰਗ ਕ੍ਰਾਸਿੰਗ,(ਬੀ) ਗੋਲ ਚੱਕਰ,ਨਾ ਹੀ (a) ਅਤੇ ਨਾ ਹੀ (ਬੀ),(a) ਅਤੇ (b) ਦੋਵੇਂ,D,"ਘੱਟ ਜ਼ਮੀਨੀ ਕਲੀਅਰੈਂਸ ਵਾਲੇ ਕਿਸੇ ਵੀ ਟ੍ਰੇਲਰ ਨੂੰ ਖਿੱਚਦੇ ਸਮੇਂ, ਤੁਹਾਨੂੰ ਉੱਚੀ ਜ਼ਮੀਨ ਜਿਵੇਂ ਕਿ ਉੱਚੀ ਰੇਲਮਾਰਗ ਕਰਾਸਿੰਗ 'ਤੇ ਫਸਣ ਤੋਂ ਬਚਣ ਲਈ ਧਿਆਨ ਰੱਖਣਾ ਚਾਹੀਦਾ ਹੈ। ਕੁਝ ਲੋਅਬੁਆਏ ਟ੍ਰੇਲਰਾਂ ਦੀ ਜ਼ਮੀਨੀ ਕਲੀਅਰੈਂਸ ਚਾਰ ਇੰਚ ਤੋਂ ਘੱਟ ਹੁੰਦੀ ਹੈ। ਇਹ ਤੁਹਾਨੂੰ ਕਰਬ ਜਾਂ ਟਰੱਕ ਏਪ੍ਰੋਨ ਨੂੰ ਖੁਰਚਣ ਅਤੇ ਨੁਕਸਾਨ ਪਹੁੰਚਾਏ ਬਿਨਾਂ ਇੱਕ ਗੋਲ ਚੱਕਰ ਬਾਰੇ ਗੱਲਬਾਤ ਕਰਨ ਦੇਣ ਲਈ ਨਾਕਾਫ਼ੀ ਹੋ ਸਕਦਾ ਹੈ। ਅਧਿਐਨਾਂ ਨੇ ਦਿਖਾਇਆ ਹੈ ਕਿ ਘੱਟ ਬੁਆਏ ਵਾਹਨਾਂ ਨੂੰ ਤਿੰਨ ਇੰਚ ਤੋਂ ਵੱਧ ਉੱਚੇ ਕਰਬ ਅਤੇ ਟਰੱਕ ਐਪਰਨਾਂ ਨਾਲ ਗੱਲਬਾਤ ਕਰਨ ਵਿੱਚ ਮੁਸ਼ਕਲ ਆਉਂਦੀ ਹੈ।"
82201,"ਤੁਹਾਡੇ ਨਵੇਂ ਟਰੈਕਟਰ-ਟ੍ਰੇਲਰ 'ਤੇ, ਤੁਹਾਨੂੰ ਡੈਸ਼ਬੋਰਡ 'ਤੇ ਇਹ ਦੋ ਰੰਗਦਾਰ ਨੌਬਸ ਮਿਲਣਗੇ। ਵਾਹਨ ਦੀ ਪਾਰਕਿੰਗ ਬ੍ਰੇਕਾਂ ਨੂੰ ਛੱਡਣ ਲਈ, ਤੁਹਾਨੂੰ ਚਾਹੀਦਾ ਹੈ",,ਪੀਲੇ ਨੋਬ ਵਿੱਚ ਧੱਕੋ.,ਪੀਲੇ ਨੋਬ ਨੂੰ ਬਾਹਰ ਕੱਢੋ.,ਲਾਲ ਨੋਬ ਨੂੰ ਬਾਹਰ ਕੱਢੋ।,ਲਾਲ knob ਵਿੱਚ ਧੱਕੋ.,A,"ਏਅਰ ਬ੍ਰੇਕ ਵਾਲੇ ਨਵੇਂ ਵਾਹਨਾਂ ਦੇ ਡੈਸ਼ਬੋਰਡ 'ਤੇ ਹੀਰੇ ਦੇ ਆਕਾਰ ਦਾ ਪੀਲਾ ਨੋਬ ਹੁੰਦਾ ਹੈ। ਜਦੋਂ ਤੁਸੀਂ ਨੋਬ ਨੂੰ ਬਾਹਰ ਕੱਢਦੇ ਹੋ, ਤਾਂ ਬ੍ਰੇਕ ਚੈਂਬਰਾਂ ਤੋਂ ਹਵਾ ਕੱਢੀ ਜਾਂਦੀ ਹੈ, ਜਿਸ ਨਾਲ ਸਪਰਿੰਗ ਬ੍ਰੇਕ ਆਉਂਦੇ ਹਨ। ਜਦੋਂ ਤੁਸੀਂ ਨੌਬ ਨੂੰ ਅੰਦਰ ਧੱਕਦੇ ਹੋ, ਤਾਂ ਪਾਰਕਿੰਗ ਬ੍ਰੇਕਾਂ ਛੱਡ ਦਿੱਤੀਆਂ ਜਾਂਦੀਆਂ ਹਨ।"
82204,ਹੇਠਾਂ ਦਿੱਤੇ ਟਰੱਕਾਂ ਵਿੱਚੋਂ ਕਿਹੜਾ ਟਰੱਕ ਸਭ ਤੋਂ ਮਜ਼ਬੂਤ ​​ਅੱਗੇ-ਅਤੇ-ਪਿੱਛੇ ਵਾਧੇ ਦਾ ਅਨੁਭਵ ਕਰ ਸਕਦਾ ਹੈ?,,ਸੀ,ਕੋਈ ਵੀ,ਬੀ,ਏ,C,"ਬਹੁਤ ਸਾਰੇ ਟੈਂਕਰ ਟਰੱਕਾਂ ਵਿੱਚ ਅੱਗੇ-ਅਤੇ-ਪਿੱਛੇ ਹੋਏ ਵਾਧੇ ਨੂੰ ਘਟਾਉਣ ਲਈ ਪਰੇਸ਼ਾਨੀਆਂ ਹੁੰਦੀਆਂ ਹਨ। ਹਾਲਾਂਕਿ, ਟੈਂਕ ਦੇ ਅੰਦਰਲੇ ਹਿੱਸੇ ਨੂੰ ਸਾਫ਼ ਰੱਖਣ ਵਿੱਚ ਮੁਸ਼ਕਲ ਦੇ ਕਾਰਨ ਦੁੱਧ ਵਰਗੀਆਂ ਭੋਜਨ ਸਮੱਗਰੀਆਂ ਦੀ ਢੋਆ-ਢੁਆਈ ਕਰਦੇ ਸਮੇਂ ਨਿਯਮ ਘਬਰਾਹਟ ਨੂੰ ਮਨ੍ਹਾ ਕਰਦੇ ਹਨ। ਅਜਿਹੇ ਟੈਂਕਰ ਟਰੱਕਾਂ ਨੂੰ ਬਹੁਤ ਸਾਵਧਾਨੀ ਨਾਲ ਚਲਾਓ।"
83395,"ਟਰੈਕਟਰ ਤੋਂ ਇਸ ਸੈਮੀਟਰੇਲਰ ਨੂੰ ਜੋੜਦੇ ਸਮੇਂ, ਡਰਾਈਵਰ ਨੇ ਹੁਣੇ ਹੀ ਹਵਾ ਅਤੇ ਬਿਜਲੀ ਦੀਆਂ ਲਾਈਨਾਂ ਨੂੰ ਕੱਟ ਦਿੱਤਾ ਹੈ। ਸਰਕਾਰੀ ਰਾਜ ਸੀਡੀਐਲ ਮੈਨੂਅਲ ਦੇ ਅਨੁਸਾਰ, ਡਰਾਈਵਰ ਨੂੰ ਪਹਿਲਾਂ ਕੀ ਕਰਨਾ ਚਾਹੀਦਾ ਸੀ?",,ਡਰਾਈਵਰ ਨੂੰ ਪੰਜਵੇਂ ਪਹੀਏ ਦੇ ਤਾਲੇ ਵਾਲੇ ਜਬਾੜਿਆਂ 'ਤੇ ਦਬਾਅ ਘੱਟ ਕਰਨਾ ਚਾਹੀਦਾ ਹੈ।,ਡਰਾਈਵਰ ਨੂੰ ਟ੍ਰੇਲਰ ਦੀਆਂ ਬ੍ਰੇਕਾਂ ਨੂੰ ਲਾਕ ਕਰਨਾ ਚਾਹੀਦਾ ਸੀ।,ਡਰਾਈਵਰ ਨੂੰ ਟਰੇਲਰ ਦਾ ਲੈਂਡਿੰਗ ਗੇਅਰ ਨੀਵਾਂ ਕਰਨਾ ਚਾਹੀਦਾ ਸੀ।,ਡਰਾਈਵਰ ਨੂੰ ਉਪਰੋਕਤ ਸਾਰੇ ਕਦਮ ਪੂਰੇ ਕਰਨੇ ਚਾਹੀਦੇ ਹਨ।,D,"ਅਧਿਕਾਰਤ ਰਾਜ CDL ਮੈਨੂਅਲ ਵਿੱਚ ਸਿਫਾਰਿਸ਼ ਕੀਤੀ ਅਣਕੱਪਲਿੰਗ ਪ੍ਰਕਿਰਿਆ ਦਾ ਸੰਖੇਪ ਇਸ ਤਰ੍ਹਾਂ ਕੀਤਾ ਜਾ ਸਕਦਾ ਹੈ: (1) ਆਪਣੇ ਵਾਹਨ ਦੀ ਸਥਿਤੀ ਰੱਖੋ। (2) ਟ੍ਰੇਲਰ ਬ੍ਰੇਕਾਂ ਨੂੰ ਲਾਕ ਕਰੋ ਅਤੇ ਫਿਰ ਲਾਕਿੰਗ ਜਬਾੜਿਆਂ 'ਤੇ ਦਬਾਅ ਨੂੰ ਘੱਟ ਕਰੋ। (3) ਟ੍ਰੇਲਰ ਦੇ ਪਹੀਏ ਨੂੰ ਚੈਕ ਕਰੋ ਜਦੋਂ ਤੱਕ ਤੁਹਾਨੂੰ ਯਕੀਨ ਨਹੀਂ ਹੁੰਦਾ ਕਿ ਟ੍ਰੇਲਰ ਵਿੱਚ ਸਪਰਿੰਗ ਬ੍ਰੇਕ ਹਨ ਜੋ ਸਹੀ ਢੰਗ ਨਾਲ ਕੰਮ ਕਰਦੇ ਹਨ। (4) ਲੈਂਡਿੰਗ ਗੀਅਰ ਨੂੰ ਉਦੋਂ ਤੱਕ ਨੀਵਾਂ ਕਰੋ ਜਦੋਂ ਤੱਕ ਇਹ ਜ਼ਮੀਨ ਨਾਲ ਪੱਕਾ ਸੰਪਰਕ ਨਹੀਂ ਕਰਦਾ (ਨਾਲ ਹੀ ਲੋਡ ਕੀਤੇ ਟ੍ਰੇਲਰ ਲਈ ਕੁਝ ਵਾਧੂ ਮੋੜ)। (5) ਹਵਾ ਅਤੇ ਬਿਜਲੀ ਦੀਆਂ ਲਾਈਨਾਂ ਨੂੰ ਡਿਸਕਨੈਕਟ ਕਰੋ। (6) ਪੰਜਵਾਂ ਪਹੀਆ ਅਨਲੌਕ ਕਰੋ। (7) ਟ੍ਰੈਕਟਰ ਨੂੰ ਟ੍ਰੇਲਰ ਤੋਂ ਅੰਸ਼ਕ ਤੌਰ 'ਤੇ ਹਟਾਓ। (8) ਟਰੈਕਟਰ ਨੂੰ ਸੁਰੱਖਿਅਤ ਕਰੋ। (9) ਇਹ ਯਕੀਨੀ ਬਣਾਉਣ ਲਈ ਕਿ ਜ਼ਮੀਨ ਅਤੇ ਲੈਂਡਿੰਗ ਗੀਅਰ ਟ੍ਰੇਲਰ ਦਾ ਸਮਰਥਨ ਕਰ ਰਹੇ ਹਨ, ਟ੍ਰੇਲਰ ਦੇ ਸਮਰਥਨ ਦੀ ਜਾਂਚ ਕਰੋ। (10) ਟਰੈਕਟਰ ਨੂੰ ਟ੍ਰੇਲਰ ਤੋਂ ਪੂਰੀ ਤਰ੍ਹਾਂ ਬਾਹਰ ਕੱਢੋ।"
82199,"ਇਹ ਗੱਡੀ ਏਅਰ ਡਰੱਮ ਬ੍ਰੇਕਾਂ ਨਾਲ ਲੈਸ ਹੈ। ਡਰੱਮ ਬ੍ਰੇਕ ਲਗਾਉਣ ਲਈ, ਹੇਠਾਂ ਦਿੱਤੇ ਵਿੱਚੋਂ ਕਿਹੜਾ ਬ੍ਰੇਕ ਸ਼ੂਜ਼ ਨੂੰ ਬ੍ਰੇਕ ਡਰੱਮ ਦੀ ਲਾਈਨਿੰਗ ਦੇ ਵਿਰੁੱਧ ਮਜਬੂਰ ਕਰਦਾ ਹੈ?",,ਸੀ,ਬੀ,ਡੀ,ਏ,A,"ਇਹ ਗੱਡੀ ਐਸ-ਕੈਮ ਏਅਰ ਡਰੱਮ ਬ੍ਰੇਕ ਨਾਲ ਲੈਸ ਹੈ। ਡਰੱਮ ਬ੍ਰੇਕਾਂ ਨੂੰ ਲਾਗੂ ਕਰਨ ਲਈ, ਹਰੇਕ ਬ੍ਰੇਕ ਚੈਂਬਰ ਵਿੱਚ ਹਵਾ ਦਿੱਤੀ ਜਾਂਦੀ ਹੈ। ਹਵਾ ਦਾ ਦਬਾਅ ਪੁਸ਼ਰੋਡ (ਏ) ਨੂੰ ਬਾਹਰ ਧੱਕਦਾ ਹੈ, ਸਲੈਕ ਐਡਜਸਟਰ (ਬੀ) ਨੂੰ ਹਿਲਾਉਂਦਾ ਹੈ, ਇਸ ਤਰ੍ਹਾਂ ਬ੍ਰੇਕ ਕੈਮਸ਼ਾਫਟ ਨੂੰ ਘੁੰਮਾਉਂਦਾ ਹੈ। ਜਿਵੇਂ ਕਿ ਕੈਮਸ਼ਾਫਟ 'ਤੇ ਐਸ-ਕੈਮ (ਸੀ) ਘੁੰਮਦਾ ਹੈ, ਇਹ ਬ੍ਰੇਕ ਡਰੱਮ ਦੇ ਅੰਦਰਲੇ ਹਿੱਸੇ ਦੇ ਵਿਰੁੱਧ ਬ੍ਰੇਕ ਜੁੱਤੇ ਨੂੰ ਮਜਬੂਰ ਕਰਦਾ ਹੈ।"
83394,"ਜਦੋਂ ਏਅਰ ਬ੍ਰੇਕਾਂ ਵਾਲੇ ਇੱਕ ਵੱਡੇ CMV ਦਾ ਡਰਾਈਵਰ ਬ੍ਰੇਕ ਪੈਡਲ ਨੂੰ ਦਬਾਉਦਾ ਹੈ, ਤਾਂ ਕੰਪਰੈੱਸਡ ਹਵਾ ਇਸ ਤਰ੍ਹਾਂ ਦੇ ਰਿਲੇ ਵਾਲਵ ਦੇ ਕੰਟਰੋਲ ਪੋਰਟ ਵਿੱਚ ਦਾਖਲ ਹੁੰਦੀ ਹੈ। ਫਿਰ ਇਹ ਹਵਾ ਕਿੱਥੇ ਜਾਂਦੀ ਹੈ?",,ਤੇਜ਼ ਰੀਲੀਜ਼ ਵਾਲਵ ਨੂੰ,ਏਅਰ ਟੈਂਕ ਨੂੰ,ਬ੍ਰੇਕ ਚੈਂਬਰਾਂ ਨੂੰ,ਉੱਪਰ ਵਾਲਿਆਂ ਵਿਚੋਂ ਕੋਈ ਵੀ ਨਹੀਂ,D,"ਇੱਕ ਰੀਲੇਅ ਵਾਲਵ ਦੀ ਕਿਰਿਆ ਨੂੰ ਇਸਦੇ ਅੰਦਰ ਇੱਕ ਪਿਸਟਨ ਦੁਆਰਾ ਨਿਯੰਤਰਿਤ ਕੀਤਾ ਜਾਂਦਾ ਹੈ। ਜਦੋਂ ਬ੍ਰੇਕ ਪੈਡਲ ਨੂੰ ਦਬਾਇਆ ਜਾਂਦਾ ਹੈ, ਤਾਂ ਪੈਰ ਦੇ ਵਾਲਵ ਤੋਂ ਸੰਕੁਚਿਤ ਹਵਾ ਰਿਲੇ ਵਾਲਵ ਦੇ ਕੰਟਰੋਲ ਪੋਰਟ ਵਿੱਚ ਦਾਖਲ ਹੁੰਦੀ ਹੈ। ਇਹ ਹਵਾ ਸਿਰਫ ਰੀਲੇਅ ਵਾਲਵ ਨੂੰ ਸਰਗਰਮ ਕਰਨ ਲਈ ਵਰਤੀ ਜਾਂਦੀ ਹੈ, ਬ੍ਰੇਕ ਚੈਂਬਰਾਂ ਨੂੰ ਭਰਨ ਲਈ ਨਹੀਂ। ਇਹ ਹਵਾ ਪਿਸਟਨ ਦੇ ਸਿਖਰ 'ਤੇ ਛੋਟੀ ਜਿਹੀ ਜਗ੍ਹਾ ਨੂੰ ਭਰ ਦਿੰਦੀ ਹੈ ਅਤੇ ਪਿਸਟਨ ਨੂੰ ਹੇਠਾਂ ਵੱਲ ਧੱਕਦੀ ਹੈ। ਜਦੋਂ ਪਿਸਟਨ ਹੇਠਾਂ ਵੱਲ ਵਧਦਾ ਹੈ, ਤਾਂ ਰਿਲੇਅ ਵਾਲਵ ਦੇ ਸਪਲਾਈ ਪੋਰਟਾਂ ਨਾਲ ਜੁੜੇ ਏਅਰ ਟੈਂਕਾਂ ਤੋਂ ਹਵਾ ਨੂੰ ਵਾਲਵ ਰਾਹੀਂ ਇਸ ਦੀਆਂ ਡਿਲੀਵਰੀ ਪੋਰਟਾਂ ਤੱਕ ਜਾਣ ਦੀ ਇਜਾਜ਼ਤ ਦਿੱਤੀ ਜਾਂਦੀ ਹੈ। ਉੱਥੋਂ, ਬ੍ਰੇਕ ਲਗਾਉਣ ਲਈ ਹਵਾ ਬ੍ਰੇਕ ਚੈਂਬਰਾਂ ਵਿੱਚ ਜਾਂਦੀ ਹੈ। ਨੋਟ: ਰੀਲੇਅ ਵਾਲਵ ਬਹੁਤ ਸਾਰੇ ਵੱਖ-ਵੱਖ ਮਾਡਲਾਂ ਅਤੇ ਆਕਾਰਾਂ ਵਿੱਚ ਆਉਂਦੇ ਹਨ, ਹਾਲਾਂਕਿ ਇਹ ਸਾਰੇ ਇੱਕੋ ਜਿਹੇ ਕੰਮ ਕਰਦੇ ਹਨ। ਤੁਹਾਡੇ ਵਾਹਨ ਦੇ ਰੀਲੇਅ ਵਾਲਵ ਇੱਥੇ ਦਿਖਾਏ ਗਏ ਵਾਲਵ ਨਾਲੋਂ ਵੱਖਰੇ ਦਿਖਾਈ ਦੇ ਸਕਦੇ ਹਨ।"
82215,"ਇਹ ਇੱਕ ਟਰੈਕਟਰ-ਟ੍ਰੇਲਰ ਦੇ ਡੁਅਲ ਏਅਰ ਬ੍ਰੇਕ ਸਿਸਟਮ ਦਾ ਚਿੱਤਰ ਹੈ। ਇਸ ਸਥਿਤੀ ਵਿੱਚ, ਟਰੇਲਰ ਗਲਤੀ ਨਾਲ ਟਰੈਕਟਰ ਤੋਂ ਟੁੱਟ ਗਿਆ ਹੈ, ਦੋਵੇਂ ਏਅਰ ਲਾਈਨਾਂ ਨੂੰ ਫਟ ਗਿਆ ਹੈ। ਕਿਹੜੇ ਵਾਲਵ ਆਪਣੇ ਆਪ ਬੰਦ ਹੋ ਜਾਣਗੇ?",,(a) ਟ੍ਰੇਲਰ ਏਅਰ ਸਪਲਾਈ ਵਾਲਵ,(b) ਟਰੈਕਟਰ ਸੁਰੱਖਿਆ ਵਾਲਵ,(c) ਦੋ-ਪੱਖੀ ਚੈੱਕ ਵਾਲਵ,(a) ਅਤੇ (b) ਦੋਵੇਂ,D,"ਟ੍ਰੇਲਰ ਏਅਰ ਸਪਲਾਈ ਵਾਲਵ (""ਲਾਲ ਨੋਬ"" ਕੰਟਰੋਲ) ਅਤੇ ਟਰੈਕਟਰ ਸੁਰੱਖਿਆ ਵਾਲਵ ਟਰੈਕਟਰ ਦੀ ਹਵਾ ਸਪਲਾਈ ਨੂੰ ਅਸੁਰੱਖਿਅਤ ਪੱਧਰ ਤੱਕ ਖਤਮ ਹੋਣ ਤੋਂ ਬਚਾਉਣ ਲਈ ਇਕੱਠੇ ਕੰਮ ਕਰਨਗੇ। ਟੁੱਟੀ ਹੋਈ ਟ੍ਰੇਲਰ ਸਪਲਾਈ ਲਾਈਨ ਰਾਹੀਂ ਅਚਾਨਕ ਹਵਾ ਦਾ ਨੁਕਸਾਨ ਟ੍ਰੇਲਰ ਏਅਰ ਸਪਲਾਈ ਵਾਲਵ ਨੂੰ ਬੰਦ ਕਰਨ ਦਾ ਕਾਰਨ ਬਣੇਗਾ (ਅਤੇ ਡੈਸ਼ਬੋਰਡ 'ਤੇ ਅੱਠ-ਪਾਸੜ ਲਾਲ ਨੋਬ ਬਾਹਰ ਆ ਜਾਵੇਗਾ)। ਕਿਉਂਕਿ ਟ੍ਰੇਲਰ ਦੀ ਸਪਲਾਈ ਲਾਈਨ ਵਿੱਚ ਕੋਈ ਦਬਾਅ ਨਹੀਂ ਹੈ, ਟਰੈਕਟਰ ਸੁਰੱਖਿਆ ਵਾਲਵ ਵੀ ਬੰਦ ਹੋ ਜਾਵੇਗਾ। ਇੱਕ ਵਾਰ ਜਦੋਂ ਡਰਾਈਵਰ ਨੂੰ ਪਤਾ ਲੱਗ ਜਾਂਦਾ ਹੈ ਕਿ ਕੀ ਹੋ ਰਿਹਾ ਹੈ, ਤਾਂ ਉਹ ਲਗਭਗ ਯਕੀਨੀ ਤੌਰ 'ਤੇ ਟਰੈਕਟਰ ਨੂੰ ਰੋਕਣ ਦੀ ਕੋਸ਼ਿਸ਼ ਕਰੇਗਾ। ਅਜਿਹਾ ਕਰਨ ਲਈ ਕਾਫ਼ੀ ਹਵਾ ਹੋਵੇਗੀ ਕਿਉਂਕਿ ਟਰੈਕਟਰ ਸੁਰੱਖਿਆ ਵਾਲਵ ਫਟੀਆਂ ਏਅਰ ਲਾਈਨਾਂ ਵਿੱਚੋਂ ਹਵਾ ਨੂੰ ਲੀਕ ਹੋਣ ਤੋਂ ਰੋਕਦਾ ਹੈ।"
82219,"ਏਅਰ ਬ੍ਰੇਕਾਂ ਨਾਲ ਲੈਸ ਵਾਹਨ ਵਿੱਚ, ਇਸ ਕਿਸਮ ਦਾ ਵਾਲਵ ਬ੍ਰੇਕ ਪੈਡਲ ਦੇ ਹੇਠਾਂ ਸਥਿਤ ਹੁੰਦਾ ਹੈ। ਏਅਰ ਬ੍ਰੇਕਾਂ ਦੇ ਨਾਲ ਇੱਕ ਆਮ ਸੁਮੇਲ ਵਾਹਨ ਵਿੱਚ, ਜਦੋਂ ਤੁਸੀਂ ਬ੍ਰੇਕ ਪੈਡਲ ਨੂੰ ਦਬਾਉਂਦੇ ਹੋ, ਤਾਂ ਇਹ ਵਾਲਵ ਟ੍ਰੇਲਰ ਵਿੱਚ ਕੰਪਰੈੱਸਡ ਹਵਾ ਦੇ ਪ੍ਰਵਾਹ ਨੂੰ _________ ਤੱਕ ਪਹੁੰਚਾਉਣ ਦਿੰਦਾ ਹੈ।",,ਰੀਲੇਅ ਵਾਲਵ,ਹਵਾਈ ਟੈਂਕ,ਬ੍ਰੇਕ ਚੈਂਬਰ,ਉੱਪਰ ਵਾਲਿਆਂ ਵਿਚੋਂ ਕੋਈ ਵੀ ਨਹੀਂ,A,"ਜੇਕਰ ਕੰਪਰੈੱਸਡ ਹਵਾ ਨੂੰ ਪੈਰਾਂ ਦੇ ਵਾਲਵ ਤੋਂ ਸਿੱਧੇ ਟ੍ਰੇਲਰ ਦੇ ਬ੍ਰੇਕ ਚੈਂਬਰਾਂ ਤੱਕ ਵਹਿਣਾ ਪੈਂਦਾ ਹੈ, ਤਾਂ ਹਵਾ ਦੇ ਬ੍ਰੇਕ ਚੈਂਬਰਾਂ ਤੱਕ ਪਹੁੰਚਣ ਤੋਂ ਪਹਿਲਾਂ ਇੱਕ ਅਸਵੀਕਾਰਨਯੋਗ ਤੌਰ 'ਤੇ ਲੰਬਾ ਸਮਾਂ ਪਛੜ ਜਾਵੇਗਾ। ਇਸ ਦੀ ਬਜਾਏ, ਬ੍ਰੇਕਿੰਗ ਪ੍ਰਕਿਰਿਆ ਨੂੰ ਤੇਜ਼ ਕਰਨ ਲਈ ਅਜਿਹੇ ਵੱਡੇ ਵਾਹਨਾਂ 'ਤੇ ਰਿਲੇਅ ਵਾਲਵ ਦੀ ਵਰਤੋਂ ਕੀਤੀ ਜਾਂਦੀ ਹੈ। ਪੈਰਾਂ ਦੇ ਵਾਲਵ ਤੋਂ ਹਵਾ ਤੇਜ਼ੀ ਨਾਲ ਤੰਗ ਏਅਰ ਲਾਈਨਾਂ (ਜਿਨ੍ਹਾਂ ਨੂੰ ਕੰਟਰੋਲ ਲਾਈਨਾਂ ਕਿਹਾ ਜਾਂਦਾ ਹੈ) ਰਾਹੀਂ ਰਿਲੇਅ ਵਾਲਵ ਤੱਕ ਵਹਿੰਦਾ ਹੈ। ਇਹ ਹਵਾ ਬ੍ਰੇਕਾਂ ਨੂੰ ਸਰਗਰਮ ਕਰਨ ਲਈ ਰੀਲੇਅ ਵਾਲਵ ਨੂੰ ਦੱਸਣ ਲਈ ਸਿਰਫ ਇੱਕ ਸਿਗਨਲ ਵਜੋਂ ਵਰਤੀ ਜਾਂਦੀ ਹੈ। ਫਿਰ ਰਿਲੇਅ ਵਾਲਵ ਏਅਰ ਟੈਂਕਾਂ ਤੋਂ ਬ੍ਰੇਕ ਚੈਂਬਰਾਂ ਤੱਕ ਸਿੱਧੀ ਹਵਾ ਭੇਜਦੇ ਹਨ। ਇਸ ਮਕਸਦ ਲਈ ਟ੍ਰੇਲਰ ਦਾ ਆਪਣਾ ਏਅਰ ਟੈਂਕ ਹੋ ਸਕਦਾ ਹੈ।"
82217,ਇਹਨਾਂ ਵਿੱਚੋਂ ਕਿਸ ਨੂੰ ਗੈਰ-ਬਲਕ ਪੈਕੇਜਿੰਗ ਮੰਨਿਆ ਜਾਂਦਾ ਹੈ?,,ਸੀ,ਦੋਵੇਂ ਏ ਅਤੇ ਬੀ,ਬੀ,ਏ,D,"ਗੈਰ-ਬਲਕ ਵਜੋਂ ਯੋਗਤਾ ਪੂਰੀ ਕਰਨ ਲਈ, ਇੱਕ ਪੈਕੇਜ ਨੂੰ ਹੇਠ ਲਿਖਿਆਂ ਨੂੰ ਪੂਰਾ ਕਰਨਾ ਚਾਹੀਦਾ ਹੈ: ਤਰਲ ਲਈ 450 L (119 ਗੈਲਨ) ਜਾਂ ਘੱਟ, 400 ਕਿਲੋਗ੍ਰਾਮ (882 ਪਾਊਂਡ) ਜਾਂ ਇਸ ਤੋਂ ਘੱਟ ਅਤੇ ਠੋਸ ਪਦਾਰਥਾਂ ਲਈ 450 L (119 ਗੈਲਨ) ਜਾਂ ਘੱਟ, ਅਤੇ 454 ਕਿਲੋਗ੍ਰਾਮ (1,000 ਪਾਊਂਡ) ਜਾਂ ਇਸ ਤੋਂ ਘੱਟ ਗੈਸ ਲਈ। ਇਹਨਾਂ ਲੋੜਾਂ ਦੇ ਤਹਿਤ, ਵਿਕਲਪ A, ਇੱਕ ਆਮ 55-ਗੈਲਨ ਡਰੱਮ, ਗੈਰ-ਬਲਕ ਪੈਕੇਜਿੰਗ ਵਜੋਂ ਯੋਗ ਹੋਵੇਗਾ। ਹੋਰ ਦੋ ਵਿਕਲਪ ਬਲਕ ਪੈਕੇਜਿੰਗ ਦੇ ਤੌਰ 'ਤੇ ਯੋਗ ਹਨ: B (ਇੰਟਰਮੀਡੀਏਟ ਬਲਕ ਕੰਟੇਨਰ - ਤਰਲ ਜਾਂ ਠੋਸ ਪਦਾਰਥਾਂ ਲਈ ਇੱਕ ਪੋਰਟੇਬਲ, ਮੁੜ ਵਰਤੋਂ ਯੋਗ ਕੰਟੇਨਰ। ਉਹਨਾਂ ਨੂੰ ""ਵਿਚਕਾਰਲਾ"" ਮੰਨਿਆ ਜਾਂਦਾ ਹੈ ਕਿਉਂਕਿ ਇਹ ਪੋਰਟੇਬਲ ਟੈਂਕਾਂ ਤੋਂ ਆਮ ਤੌਰ 'ਤੇ ਛੋਟੇ ਹੁੰਦੇ ਹਨ।) ਅਤੇ C (T11 ਪੋਰਟੇਬਲ ਟੈਂਕ)।"
83397,"ਏਅਰ ਬ੍ਰੇਕ ਨਾਲ ਲੈਸ ਟਰੈਕਟਰ-ਟ੍ਰੇਲਰ 'ਤੇ, ਇਸ ਕਪਲਰ ਨੂੰ ਜੋੜਨ ਲਈ ਵਰਤਿਆ ਜਾਂਦਾ ਹੈ",,ਸੇਵਾ ਏਅਰ ਲਾਈਨ.,ਬਿਜਲੀ ਲਾਈਨ.,ਐਮਰਜੈਂਸੀ ਏਅਰ ਲਾਈਨ.,ਉੱਪਰ ਵਾਲਿਆਂ ਵਿਚੋਂ ਕੋਈ ਵੀ ਨਹੀਂ.,A,"ਗਲੈਡਹੈਂਡ ਕਪਲਰਾਂ ਅਤੇ ਉਹਨਾਂ ਦੀਆਂ ਸੰਬੰਧਿਤ ਏਅਰ ਲਾਈਨਾਂ ਨੂੰ ਬੇਮੇਲ ਹੋਣ ਤੋਂ ਬਚਾਉਣ ਲਈ, ਉਹਨਾਂ ਨੂੰ ਮੈਟਲ ਟੈਗ ਜਾਂ ਰੰਗ ਕੋਡ ਨਾਲ ਲੇਬਲ ਕੀਤਾ ਜਾ ਸਕਦਾ ਹੈ। ਨੀਲੇ ਦੀ ਵਰਤੋਂ ਸਰਵਿਸ ਲਾਈਨਾਂ ਲਈ ਕੀਤੀ ਜਾਂਦੀ ਹੈ, ਅਤੇ ਲਾਲ ਦੀ ਵਰਤੋਂ ਐਮਰਜੈਂਸੀ ਲਾਈਨਾਂ ਲਈ ਕੀਤੀ ਜਾਂਦੀ ਹੈ। ਇੱਕੋ ਰੰਗ ਦੀਆਂ ਏਅਰ ਲਾਈਨਾਂ ਨੂੰ ਜੋੜੋ। ਹਰੇ ਰੰਗ ਦੀ ਵਰਤੋਂ ਅਕਸਰ ਬਿਜਲੀ ਦੀਆਂ ਤਾਰਾਂ ਨੂੰ ਦਰਸਾਉਣ ਲਈ ਕੀਤੀ ਜਾਂਦੀ ਹੈ।"
82210,"ਲੀਫ ਸਪਰਿੰਗ ਦੇ ਇਸ ਚਿੱਤਰ ਵਿੱਚ, ""A"" ਚਿੰਨ੍ਹਿਤ ਹਿੱਸੇ ਨੂੰ ਕੀ ਕਿਹਾ ਜਾਂਦਾ ਹੈ?",,ਇੱਕ ਝਾੜੀ,ਇੱਕ ਬਸੰਤ ਹੈਂਗਰ,ਇੱਕ ਸੰਗਲ,ਇੱਕ U-ਬੋਲਟ,C,"ਇੱਕ ਸੰਗਲ ਇੱਕ ਪੱਤੇ ਦੇ ਬਸੰਤ ਦੇ ਇੱਕ ਸਿਰੇ ਨੂੰ ਵਾਹਨ ਦੇ ਫਰੇਮ ਨਾਲ ਜੋੜਦਾ ਹੈ। ਜਿਵੇਂ-ਜਿਵੇਂ ਪੱਤੇ ਦੀ ਬਸੰਤ ਲਚਕੀ ਜਾਂਦੀ ਹੈ, ਇਸਦੀ ਲੰਬਾਈ ਬਦਲ ਜਾਂਦੀ ਹੈ ਅਤੇ ਸੰਗਲ ਇਸਦੀ ਇਜਾਜ਼ਤ ਦੇਣ ਲਈ ਹਿਲਦਾ ਹੈ। (ਲੀਫ ਸਪਰਿੰਗ ਦਾ ਦੂਜਾ ਸਿਰਾ ਫਰੇਮ 'ਤੇ ਕੱਸ ਕੇ ਲਗਾਇਆ ਜਾਂਦਾ ਹੈ ਅਤੇ ਹਿੱਲ ਨਹੀਂ ਸਕਦਾ।)"
82203,ਗੈਸੋਲੀਨ ਦਾ ਮਾਲ ਲੈ ਕੇ ਜਾਣ ਵਾਲੇ ਟੈਂਕਰ ਟਰੱਕ ਲਈ ਹੇਠਾਂ ਦਿੱਤੇ ਪਲੇਕਾਰਡਾਂ ਵਿੱਚੋਂ ਕਿਹੜਾ ਢੁਕਵਾਂ ਹੈ?,,ਡੀ,ਏ,ਬੀ,ਸੀ,B,ਕਲਾਸ 3 ਖਤਰਨਾਕ ਸਮੱਗਰੀ ਜਲਣਸ਼ੀਲ ਤਰਲ ਹਨ ਜਿਵੇਂ ਕਿ ਗੈਸੋਲੀਨ। ਕਲਾਸ ਨੰਬਰ (3) ਫਲੇਮੇਬਲ ਲਿਕਵਿਡ ਪਲੇਕਾਰਡ 'ਤੇ ਹੈ।
83396,"ਜੇਕਰ ਇਹ ਕਨਵਰਟਰ ਡੌਲੀ ਐਂਟੀਲਾਕ ਬ੍ਰੇਕਾਂ (ABS) ਨਾਲ ਲੈਸ ਹੈ, ਤਾਂ ਡੌਲੀ ਵਿੱਚ ABS ਖਰਾਬ ਹੋਣ ਵਾਲੀ ਲਾਈਟ ਹੋਣੀ ਚਾਹੀਦੀ ਹੈ।",,ਇਸਦੇ ਖੱਬੇ ਪਾਸੇ.,ਇਹਨਾਂ ਵਿੱਚੋਂ ਕਿਸੇ ਇੱਕ ਸਥਾਨ ਵਿੱਚ।,ਇਸ ਦੇ ਸੱਜੇ ਪਾਸੇ.,ਡਰਾਅਬਾਰ ਦੇ ਅਧੀਨ.,A,"1 ਮਾਰਚ, 1998 ਨੂੰ ਜਾਂ ਇਸ ਤੋਂ ਬਾਅਦ ਬਣੀਆਂ ਪਰਿਵਰਤਕ ਡੌਲੀਆਂ ਨੂੰ ਐਂਟੀਲਾਕ ਬ੍ਰੇਕਾਂ ਦੀ ਲੋੜ ਹੁੰਦੀ ਹੈ। ਇਨ੍ਹਾਂ ਡੌਲੀਆਂ ਦੇ ਖੱਬੇ ਪਾਸੇ ਪੀਲੇ ਰੰਗ ਦਾ ABS ਖਰਾਬ ਹੋਣ ਵਾਲਾ ਲੈਂਪ ਵੀ ਹੋਵੇਗਾ।"
82200,ਇਹਨਾਂ ਵਿੱਚੋਂ ਕਿਹੜਾ ਹੈਲਪਰ ਇਸ ਟਰੱਕ ਡਰਾਈਵਰ ਨੂੰ ਬੈਕਅੱਪ ਲੈਣ ਵਿੱਚ ਮਦਦ ਕਰਨ ਲਈ ਸਭ ਤੋਂ ਵਧੀਆ ਸਥਿਤੀ ਵਿੱਚ ਹੈ?,,ਬੀ,ਏ,ਸੀ,ਉੱਪਰ ਵਾਲਿਆਂ ਵਿਚੋਂ ਕੋਈ ਵੀ ਨਹੀਂ,C,"ਆਪਣੇ ਸਹਾਇਕ ਨੂੰ ਉਸ ਥਾਂ 'ਤੇ ਰੱਖੋ ਜਿੱਥੇ ਤੁਹਾਡੇ ਵਾਹਨ ਦੁਆਰਾ ਚੱਲਣ ਵਾਲੇ ਬੈਕਿੰਗ ਮਾਰਗ ਦਾ ਇੱਕ ਸਪੱਸ਼ਟ, ਨਿਰੰਤਰ ਦ੍ਰਿਸ਼ ਹੈ ਅਤੇ ਜਿੱਥੇ ਤੁਸੀਂ ਬੈਕਿੰਗ ਅਭਿਆਸ ਦੌਰਾਨ ਸਹਾਇਕ ਨੂੰ ਦੇਖ ਸਕੋਗੇ। ਇਸ ਸਥਿਤੀ ਵਿੱਚ, ਸਹਾਇਕ C ਇਹਨਾਂ ਲੋੜਾਂ ਨੂੰ ਸਭ ਤੋਂ ਵਧੀਆ ਢੰਗ ਨਾਲ ਪੂਰਾ ਕਰਦਾ ਹੈ।"
30242,"ਤੁਹਾਨੂੰ ਕੀ ਕਰਨਾ ਚਾਹੀਦਾ ਹੈ ਜੇਕਰ ਤੁਸੀਂ ਕਿਸੇ ਟਕਰਾਅ ਵਿੱਚ ਸ਼ਾਮਲ ਹੋ ਜਿਸ ਵਿੱਚ ਮੌਤ, ਸੱਟ, ਜਾਂ $1,000 ਤੋਂ ਵੱਧ ਜਾਇਦਾਦ ਦਾ ਨੁਕਸਾਨ ਸ਼ਾਮਲ ਹੋਵੇ?",,10 ਦਿਨਾਂ ਲਈ ਆਪਣਾ ਵਾਹਨ ਚਲਾਉਣਾ ਬੰਦ ਕਰੋ।,ਫਾਰਮ SR-1 'ਤੇ 10 ਦਿਨਾਂ ਦੇ ਅੰਦਰ ਅਧਿਕਾਰਤ ਰਿਪੋਰਟ ਦਰਜ ਕਰੋ।,ਆਪਣਾ CDL ਸਮਰਪਣ ਕਰੋ।,ਉਪਰੋਕਤ ਸਾਰੇ ਕਰੋ.,B,"ਜੇਕਰ ਅਜਿਹੀ ਕੋਈ ਘਟਨਾ ਵਾਪਰਦੀ ਹੈ, ਤਾਂ ਤੁਹਾਨੂੰ 10 ਦਿਨਾਂ ਦੇ ਅੰਦਰ ਫਾਰਮ SR-1 ਦੀ ਵਰਤੋਂ ਕਰਕੇ ਇੱਕ ਅਧਿਕਾਰਤ ਰਿਪੋਰਟ ਦਰਜ ਕਰਨੀ ਚਾਹੀਦੀ ਹੈ। ਕੰਪਨੀ ਦੀ ਰਿਪੋਰਟਿੰਗ ਅਤੇ ਟਰੱਕ ਚਲਾਉਣ ਬਾਰੇ ਤੁਹਾਡੇ ਮਾਲਕ ਦੇ ਆਪਣੇ ਨਿਯਮ ਹੋਣਗੇ।"
30287,ਵਾਹਨ ਦਾ ਕੁੱਲ ਵਜ਼ਨ (GVW) ਕੀ ਹੈ?,,"ਵਾਹਨ ਦਾ ਕੁੱਲ ਵਜ਼ਨ, ਲੋਡ ਅਤੇ ਕਿਸੇ ਵੀ ਟਰੇਲਰ ਸਮੇਤ",ਇੱਕ ਸਿੰਗਲ ਵਾਹਨ ਦਾ ਕੁੱਲ ਭਾਰ ਅਤੇ ਇਸਦਾ ਭਾਰ,"ਕਿਸੇ ਵਾਹਨ ਦੀ ਵੱਧ ਤੋਂ ਵੱਧ ਵਜ਼ਨ ਰੇਟਿੰਗ, ਇਸਦੇ ਨਿਰਮਾਤਾ ਦੁਆਰਾ ਨਿਰਧਾਰਤ ਕੀਤੀ ਗਈ ਹੈ",ਉਪਰੋਕਤ ਵਿੱਚੋਂ ਕੋਈ ਵੀ,B,ਜੀਵੀਡਬਲਯੂ ਇੱਕ ਸਿੰਗਲ ਵਾਹਨ ਦਾ ਭਾਰ ਹੈ ਅਤੇ ਨਾਲ ਹੀ ਉਸ ਭਾਰ ਦਾ ਭਾਰ ਹੈ ਜੋ ਉਹ ਚੁੱਕ ਰਿਹਾ ਹੈ।
30278,ਤੁਹਾਡੇ ਵਾਹਨ ਦੇ ਮੁਅੱਤਲ ਦੀ ਜਾਂਚ ਕਰਨ ਵਿੱਚ ਜਾਂਚ ਸ਼ਾਮਲ ਨਹੀਂ ਹੈ,,ਐਕਸਲ ਪੋਜੀਸ਼ਨਿੰਗ ਹਿੱਸੇ।,ਟਾਇਰ.,ਹਵਾ ਮੁਅੱਤਲ ਹਿੱਸੇ.,ਸਦਮਾ ਸੋਖਕ,B,"ਸਸਪੈਂਸ਼ਨ ਦੀ ਜਾਂਚ ਕਰਨ ਵਿੱਚ ਸਪ੍ਰਿੰਗਸ, ਐਕਸਲਜ਼, ਸਦਮਾ ਸੋਖਕ, ਟਾਰਕ ਰਾਡ ਜਾਂ ਹਥਿਆਰ ਆਦਿ ਦੀ ਜਾਂਚ ਕਰਨਾ ਸ਼ਾਮਲ ਹੈ। ਟਾਇਰ ਇੱਕ ਵੱਖਰੀ ਜਾਂਚ ਸੂਚੀ ਵਿੱਚ ਹਨ।"
30250,ਸੁਰੱਖਿਅਤ ਢੰਗ ਨਾਲ ਸਮਰਥਨ ਕਰਨ ਲਈ ਇਹਨਾਂ ਵਿੱਚੋਂ ਕਿਹੜਾ ਨਿਯਮ ਨਹੀਂ ਹੈ?,,ਜਿੰਨੀ ਵਾਰ ਹੋ ਸਕੇ ਸਹਾਇਕ ਦੀ ਵਰਤੋਂ ਕਰੋ।,"ਜਦੋਂ ਵੀ ਤੁਸੀਂ ਕਰ ਸਕਦੇ ਹੋ, ਬੈਕਿੰਗ ਅਤੇ ਡਰਾਈਵਰ ਦੇ ਪਾਸੇ ਵੱਲ ਮੋੜੋ।",ਬੈਕਿੰਗ ਪ੍ਰਕਿਰਿਆ ਨੂੰ ਤੇਜ਼ੀ ਨਾਲ ਪੂਰਾ ਕਰਨ ਲਈ ਥੋੜ੍ਹਾ ਤੇਜ਼ ਕਰੋ।,ਆਪਣੇ ਸ਼ੀਸ਼ੇ ਦੀ ਵਰਤੋਂ ਕਰਦੇ ਹੋਏ ਹੌਲੀ-ਹੌਲੀ ਵਾਪਸ ਜਾਓ।,C,"ਸੁਰੱਖਿਅਤ ਢੰਗ ਨਾਲ ਸਮਰਥਨ ਕਰਨ ਵਿੱਚ ਇਸਨੂੰ ਹੌਲੀ-ਹੌਲੀ ਲੈਣਾ ਸ਼ਾਮਲ ਹੈ: ਆਲੇ ਦੁਆਲੇ ਦੇਖੋ, ਆਪਣੇ ਰਸਤੇ ਦੇ ਨਾਲ-ਨਾਲ ਆਪਣੇ ਸ਼ੀਸ਼ੇ ਦੇਖੋ, ਅਤੇ ਆਪਣੇ ਸਹਾਇਕ ਦੇ ਸੰਕੇਤਾਂ ਵੱਲ ਧਿਆਨ ਦਿਓ। ਪਿੱਠ ਕਰਦੇ ਸਮੇਂ ਤੁਹਾਨੂੰ ਕਦੇ ਵੀ ਤੇਜ਼ ਨਹੀਂ ਕਰਨਾ ਚਾਹੀਦਾ।"
30279,ਤੁਹਾਨੂੰ ਸਰਵਿਸ ਬ੍ਰੇਕਾਂ ਦੀ ਰੋਕਣ ਵਾਲੀ ਕਾਰਵਾਈ ਦੀ ਜਾਂਚ ਕਿਸ ਗਤੀ 'ਤੇ ਕਰਨੀ ਚਾਹੀਦੀ ਹੈ?,,15 ਮੀਲ ਪ੍ਰਤੀ ਘੰਟਾ,10 ਮੀਲ ਪ੍ਰਤੀ ਘੰਟਾ,2 ਮੀਲ ਪ੍ਰਤੀ ਘੰਟਾ,5 ਮੀਲ ਪ੍ਰਤੀ ਘੰਟਾ,D,"ਤੁਹਾਡੀ ਸਰਵਿਸ ਬ੍ਰੇਕਾਂ ਦੀ ਰੋਕਣ ਵਾਲੀ ਕਾਰਵਾਈ ਦੀ ਜਾਂਚ ਕਰਨ ਲਈ, ਤੁਹਾਨੂੰ ਲਗਭਗ 5 ਮੀਲ ਪ੍ਰਤੀ ਘੰਟਾ ਦੀ ਰਫਤਾਰ ਨਾਲ ਜਾਣਾ ਚਾਹੀਦਾ ਹੈ ਅਤੇ ਬ੍ਰੇਕ ਪੈਡਲ ਨੂੰ ਮਜ਼ਬੂਤੀ ਨਾਲ ਦਬਾਓ। ਜੇਕਰ ਵਾਹਨ ਇੱਕ ਪਾਸੇ ਵੱਲ ਖਿੱਚਦਾ ਹੈ ਜਾਂ ਰੁਕਣ ਵਿੱਚ ਆਮ ਨਾਲੋਂ ਜ਼ਿਆਦਾ ਸਮਾਂ ਲੱਗਦਾ ਹੈ, ਤਾਂ ਇਸਦਾ ਅਰਥ ਮੁਸ਼ਕਲ ਹੋ ਸਕਦਾ ਹੈ।"
30258,ਜਦੋਂ ਤੁਸੀਂ ਭਾਰੀ ਟ੍ਰੈਫਿਕ ਵਿੱਚ ਗੱਡੀ ਚਲਾ ਰਹੇ ਹੋ ਤਾਂ ਸਭ ਤੋਂ ਸੁਰੱਖਿਅਤ ਗਤੀ ਕੀ ਹੈ?,,"ਜਿੰਨੀ ਜਲਦੀ ਹੋ ਸਕੇ, ਰਸਤੇ ਤੋਂ ਬਾਹਰ ਨਿਕਲਣ ਲਈ",ਹੋਰ ਆਵਾਜਾਈ ਦੀ ਗਤੀ ਤੋਂ 15 ਮੀਲ ਪ੍ਰਤੀ ਘੰਟਾ ਹੇਠਾਂ,ਪੋਸਟ ਕੀਤੀ ਗਤੀ ਸੀਮਾ,ਹੋਰ ਆਵਾਜਾਈ ਦੀ ਗਤੀ (ਜੇ ਗੈਰ-ਕਾਨੂੰਨੀ ਜਾਂ ਅਸੁਰੱਖਿਅਤ ਨਹੀਂ),D,"ਜਦੋਂ ਤੁਸੀਂ ਦੂਜੇ ਟ੍ਰੈਫਿਕ ਦੀ ਗਤੀ 'ਤੇ ਗੱਡੀ ਚਲਾਉਂਦੇ ਹੋ, ਤਾਂ ਤੁਹਾਨੂੰ ਲਗਾਤਾਰ ਦੂਜਿਆਂ ਨੂੰ ਲੰਘਣ ਜਾਂ ਉਨ੍ਹਾਂ ਤੋਂ ਲੰਘਣ ਦੀ ਲੋੜ ਨਹੀਂ ਹੁੰਦੀ ਹੈ, ਜਿਸ ਨਾਲ ਟੱਕਰਾਂ ਦੀ ਸੰਭਾਵਨਾ ਘੱਟ ਹੁੰਦੀ ਹੈ। ਹਾਲਾਂਕਿ, ਤੁਹਾਨੂੰ ਉਹਨਾਂ ਡਰਾਈਵਰਾਂ ਨਾਲ ਤਾਲਮੇਲ ਰੱਖਣ ਦੀ ਕੋਸ਼ਿਸ਼ ਨਹੀਂ ਕਰਨੀ ਚਾਹੀਦੀ ਜੋ ਵਪਾਰਕ ਮੋਟਰ ਵਾਹਨਾਂ (CMVs) ਲਈ ਸਪੀਡ ਸੀਮਾ ਤੋਂ ਵੱਧ ਤੇਜ਼ ਚਲਾਉਂਦੇ ਹਨ।"
30251,ਇਹਨਾਂ ਵਿੱਚੋਂ ਕਿਹੜਾ ਉੱਪਰ ਸ਼ਿਫਟ ਕਰਨ ਲਈ ਮੂਲ ਵਿਧੀ ਦਾ ਹਿੱਸਾ ਨਹੀਂ ਹੈ?,,ਕਲਚ ਵਿੱਚ ਧੱਕੋ ਅਤੇ ਉਸੇ ਸਮੇਂ ਉੱਚੇ ਗੇਅਰ ਵਿੱਚ ਸ਼ਿਫਟ ਕਰੋ।,ਕਲਚ ਨੂੰ ਛੱਡੋ ਅਤੇ ਉਸੇ ਸਮੇਂ ਐਕਸਲੇਟਰ ਨੂੰ ਦਬਾਓ।,ਕਲਚ ਨੂੰ ਦਬਾਉਂਦੇ ਹੋਏ ਅਤੇ ਡਰਾਈਵਰ ਦੀ ਸਾਈਡ ਵੱਲ ਮੁੜਦੇ ਹੋਏ ਤੇਜ਼ ਕਰੋ।,ਕਲਚ ਛੱਡੋ.,C,"ਤੁਹਾਨੂੰ ਐਕਸਲੇਟਰ ਨੂੰ ਛੱਡਣਾ ਚਾਹੀਦਾ ਹੈ, ਕਲਚ ਵਿੱਚ ਧੱਕਣਾ ਚਾਹੀਦਾ ਹੈ ਅਤੇ ਉਸੇ ਸਮੇਂ ਨਿਊਟਰਲ ਵਿੱਚ ਸ਼ਿਫਟ ਕਰਨਾ ਚਾਹੀਦਾ ਹੈ, ਕਲੱਚ ਨੂੰ ਛੱਡਣਾ ਚਾਹੀਦਾ ਹੈ, ਇੰਜਣ ਅਤੇ ਗੀਅਰਾਂ ਨੂੰ ਅਗਲੇ ਗੀਅਰ ਲਈ ਲੋੜੀਂਦੇ rpm ਤੱਕ ਹੌਲੀ ਹੋਣ ਦਿਓ, ਕਲੱਚ ਵਿੱਚ ਧੱਕੋ ਅਤੇ ਉਸੇ ਸਮੇਂ ਉੱਚੇ ਗੀਅਰ ਵਿੱਚ ਸ਼ਿਫਟ ਕਰੋ, ਫਿਰ ਕਲੱਚ ਨੂੰ ਛੱਡੋ ਅਤੇ ਉਸੇ ਸਮੇਂ ਐਕਸਲੇਟਰ ਨੂੰ ਦਬਾਓ। ਪ੍ਰਵੇਗ ਅੰਤ ਤੱਕ ਸ਼ਾਮਲ ਨਹੀਂ ਹੁੰਦਾ ਹੈ, ਅਤੇ ਯਕੀਨੀ ਤੌਰ 'ਤੇ ਕਲੱਚ ਨੂੰ ਦਬਾਉਣ ਵੇਲੇ ਨਹੀਂ ਹੁੰਦਾ।"
30270,"ਗੱਡੀ ਚਲਾਉਂਦੇ ਸਮੇਂ ਸੁਚੇਤ ਅਤੇ ਸੁਰੱਖਿਅਤ ਰਹਿਣ ਵਿੱਚ ਤੁਹਾਡੀ ਮਦਦ ਕਰਨ ਲਈ, ਤੁਹਾਨੂੰ ਚਾਹੀਦਾ ਹੈ",,ਆਪਣੇ ਆਪ ਨੂੰ ਬਰੇਸ ਕਰਨ ਲਈ ਇੱਕ ਵਿਸਕੀ ਲਓ।,ਤਾਜ਼ੀ ਹਵਾ ਪ੍ਰਾਪਤ ਕਰਨ ਲਈ ਆਪਣੀਆਂ ਖਿੜਕੀਆਂ ਹੇਠਾਂ ਕਰੋ।,ਉਨ੍ਹਾਂ ਦਵਾਈਆਂ ਤੋਂ ਪਰਹੇਜ਼ ਕਰੋ ਜਿਨ੍ਹਾਂ ਦੇ ਚੇਤਾਵਨੀ ਲੇਬਲ ਵਿੱਚ ਸੁਸਤੀ ਦਾ ਜ਼ਿਕਰ ਹੈ।,ਕੌਫੀ ਪੀਓ ਜੇਕਰ ਤੁਹਾਨੂੰ ਸੁਸਤੀ ਆਉਂਦੀ ਹੈ।,C,"ਉਹਨਾਂ ਦਵਾਈਆਂ ਤੋਂ ਸਾਵਧਾਨ ਰਹੋ ਜੋ ਤੁਹਾਨੂੰ ਚੇਤਾਵਨੀ ਦਿੰਦੀਆਂ ਹਨ ਕਿ ਉਹ ਸੁਸਤੀ ਦਾ ਕਾਰਨ ਬਣ ਸਕਦੀਆਂ ਹਨ। ਜੇ ਤੁਹਾਨੂੰ ਤਜਵੀਜ਼ ਕੀਤੀਆਂ ਦਵਾਈਆਂ ਬਾਰੇ ਚਿੰਤਾ ਹੈ, ਤਾਂ ਆਪਣੇ ਡਾਕਟਰ ਨਾਲ ਗੱਲ ਕਰੋ। ਕੌਫੀ, ਤਾਜ਼ੀ ਹਵਾ, ਜਾਂ ਖਾਸ ਤੌਰ 'ਤੇ ਅਲਕੋਹਲ ਨਾਲ ਨੀਂਦ ਨਾਲ ਲੜਨ ਦੀ ਕੋਸ਼ਿਸ਼ ਨਾ ਕਰੋ। ਥਕਾਵਟ ਮਹਿਸੂਸ ਕਰਨ ਦਾ ਇੱਕੋ ਇੱਕ ਇਲਾਜ ਹੈ ਜਦੋਂ ਤੱਕ ਤੁਸੀਂ ਆਰਾਮ ਨਹੀਂ ਕਰਦੇ ਉਦੋਂ ਤੱਕ ਸੌਣਾ।"
30273,"ਹੈਂਡਬੁੱਕ ਦੇ ਅਨੁਸਾਰ, ਬੱਚੇ ਇੱਕ ਖ਼ਤਰਾ ਪੇਸ਼ ਕਰਦੇ ਹਨ ਕਿਉਂਕਿ",,ਉਹ ਗੱਡੀ ਚਲਾਉਣਾ ਨਹੀਂ ਜਾਣਦੇ।,ਉਹ ਅਕਸਰ ਟਰੱਕ ਡਰਾਈਵਰਾਂ ਨਾਲ ਨਰਾਜ਼ ਹੁੰਦੇ ਹਨ।,ਉਹ ਨਹੀਂ ਜਾਣਦੇ ਕਿ ਟਰੱਕ ਖ਼ਤਰਨਾਕ ਹਨ।,ਉਹ ਆਵਾਜਾਈ ਦੀ ਜਾਂਚ ਕੀਤੇ ਬਿਨਾਂ ਤੇਜ਼ੀ ਨਾਲ ਅੱਗੇ ਵਧਦੇ ਹਨ।,D,"ਬਾਹਰ ਖੇਡਣ ਦੀ ਇਜਾਜ਼ਤ ਦਿੱਤੇ ਗਏ ਜ਼ਿਆਦਾਤਰ ਬੱਚੇ ਵੱਡੇ ਵਾਹਨਾਂ ਦੇ ਖਤਰੇ ਨੂੰ ਸਮਝਣ ਲਈ ਕਾਫੀ ਬਜ਼ੁਰਗ ਹਨ। ਅਕਸਰ, ਹਾਲਾਂਕਿ, ਉਹ ਗਲੀ ਵਿੱਚ ਦੌੜਨ ਤੋਂ ਪਹਿਲਾਂ ਟ੍ਰੈਫਿਕ ਦੀ ਜਾਂਚ ਨਹੀਂ ਕਰਦੇ ਹਨ।"
30266,ਡ੍ਰਾਈਵ ਵ੍ਹੀਲ ਸਕਿਡ ਦੌਰਾਨ ਤੁਹਾਨੂੰ ਇਹਨਾਂ ਵਿੱਚੋਂ ਕੀ ਨਹੀਂ ਕਰਨਾ ਚਾਹੀਦਾ?,,ਸਟੀਅਰਿੰਗ ਵ੍ਹੀਲ ਨੂੰ ਤੇਜ਼ੀ ਨਾਲ ਮੋੜੋ।,ਸਖ਼ਤ ਬ੍ਰੇਕ.,ਬ੍ਰੇਕ ਲਗਾਉਣਾ ਬੰਦ ਕਰੋ।,ਕਾਊਂਟਰਸਟੀਅਰ।,B,"ਸਖ਼ਤ ਬ੍ਰੇਕ ਲਗਾਉਣ ਨਾਲ ਡ੍ਰਾਈਵ ਦੇ ਪਹੀਏ ਨੂੰ ਲਾਕ ਹੋ ਸਕਦਾ ਹੈ, ਸੰਭਾਵਤ ਤੌਰ 'ਤੇ ਇੱਕ ਜੈਕਨੀਫ਼ ਜਾਂ ਕੰਟਰੋਲ ਦਾ ਪੂਰਾ ਨੁਕਸਾਨ ਹੋ ਸਕਦਾ ਹੈ। ਇਸ ਦੀ ਬਜਾਏ, ਐਕਸਲੇਟਰ ਅਤੇ ਬ੍ਰੇਕ ਪੈਡਲ ਨੂੰ ਆਸਾਨੀ ਨਾਲ ਬੰਦ ਕਰੋ। ਪਹੀਏ ਮੁੜ ਤੋਂ ਖਿੱਚਣ ਦੇ ਨਾਲ ਹੀ ਤੁਹਾਡਾ ਵਾਹਨ ਸਿੱਧਾ ਹੋਣਾ ਸ਼ੁਰੂ ਕਰ ਦੇਣਾ ਚਾਹੀਦਾ ਹੈ। ਕੋਰਸ 'ਤੇ ਵਾਪਸ ਜਾਣ ਲਈ ਹੌਲੀ ਹੌਲੀ ਚੱਲੋ। ਤੁਹਾਨੂੰ ਪਤਾ ਲੱਗ ਸਕਦਾ ਹੈ ਕਿ ਤੁਹਾਡਾ ਵਾਹਨ ਉਲਟ ਦਿਸ਼ਾ ਵਿੱਚ ਖਿਸਕਣਾ ਸ਼ੁਰੂ ਕਰ ਦਿੰਦਾ ਹੈ। ਉਸ ਸਥਿਤੀ ਵਿੱਚ, ਉਸ ਸਕਿਡ (ਕਾਊਂਟਰਸਟੀਅਰ) ਦਾ ਮੁਕਾਬਲਾ ਕਰਨ ਲਈ ਤੇਜ਼ੀ ਨਾਲ ਚੱਲੋ। ਨੋਟ: ਅਸਲ ਸਕਿਡ ਵਿੱਚ ਜਾਣ ਤੋਂ ਪਹਿਲਾਂ ਇਸ ਗੁੰਝਲਦਾਰ ਚਾਲ ਦਾ ਅਭਿਆਸ ਕਰਨਾ ਅਕਲਮੰਦੀ ਦੀ ਗੱਲ ਹੈ।"
30284,ਇੱਕ ਉੱਚ-ਭਾਰੀ ਲੋਡ ਖ਼ਤਰਨਾਕ ਹੈ ਕਿਉਂਕਿ ਇਹ ਕਾਰਨ ਬਣ ਸਕਦਾ ਹੈ,,ਇੱਕ ਕਰਵ 'ਤੇ ਇੱਕ ਰੋਲਓਵਰ.,ਇੱਕ ਰੋਲਓਵਰ ਜੇਕਰ ਤੁਸੀਂ ਕਿਸੇ ਖਤਰੇ ਦੇ ਦੁਆਲੇ ਘੁੰਮਦੇ ਹੋ।,ਐਕਸਲ ਜਾਂ ਸਟੀਅਰਿੰਗ ਨੂੰ ਨੁਕਸਾਨ.,ਉੱਤੇ ਦਿਤੇ ਸਾਰੇ.,D,"ਇੱਕ ਉੱਚ-ਭਾਰੀ ਲੋਡ ਤੁਹਾਡੇ ਵਾਹਨ ਦੇ ਗ੍ਰੈਵਿਟੀ ਦੇ ਕੇਂਦਰ ਨੂੰ ਵਧਾਉਂਦਾ ਹੈ ਤਾਂ ਜੋ ਤੁਹਾਡੇ ਇੱਕ ਕਰਵ 'ਤੇ ਘੁੰਮਣ ਦੀ ਸੰਭਾਵਨਾ ਵੱਧ ਹੋਵੇ ਜਾਂ ਜੇਕਰ ਤੁਸੀਂ ਖ਼ਤਰੇ ਤੋਂ ਬਚਣ ਲਈ ਘੁੰਮਦੇ ਹੋ। ਇੱਕ ਟਾਪ-ਹੈਵੀ ਲੋਡ ਇੱਕ ਅਸੰਤੁਲਿਤ ਲੋਡ ਵੀ ਹੁੰਦਾ ਹੈ, ਜੋ ਤੁਹਾਡੇ ਵਾਹਨ ਦੇ ਕੁਝ ਹਿੱਸਿਆਂ ਨੂੰ ਨੁਕਸਾਨ ਪਹੁੰਚਾ ਸਕਦਾ ਹੈ, ਜਿਵੇਂ ਕਿ ਐਕਸਲ।"
30262,ਇਹਨਾਂ ਵਿੱਚੋਂ ਕਿਹੜੇ ਪ੍ਰਭਾਵ ਅਧੀਨ ਡਰਾਈਵਰ ਦੇ ਲੱਛਣ ਹਨ?,,ਉਸਦੀ ਗਤੀ ਨੂੰ ਕਾਇਮ ਰੱਖਣ ਵਿੱਚ ਮੁਸ਼ਕਲ,ਉਸ ਦੀ ਆਪਣੀ ਗਲੀ ਵਿੱਚ ਰਹਿਣ ਵਿੱਚ ਮੁਸ਼ਕਲ,ਬਿਨਾਂ ਕਿਸੇ ਸਪੱਸ਼ਟ ਕਾਰਨ ਦੇ ਅਚਾਨਕ ਰੁਕਣਾ,ਉੱਤੇ ਦਿਤੇ ਸਾਰੇ,D,"ਪ੍ਰਭਾਵ ਅਧੀਨ ਡ੍ਰਾਈਵਰ ਪਾਰਟੀ ਸੈਰ ਤੇ ਇੱਕ ਸ਼ਰਾਬੀ ਦੋਸਤ ਵਾਂਗ ਗੱਡੀ ਚਲਾਉਂਦੇ ਹਨ: ਉਹ ਆਪਣੀ ਲੇਨ ਵਿੱਚ ਨਹੀਂ ਰਹਿ ਸਕਦੇ, ਉਹ ਅਚਾਨਕ ਰੁਕ ਜਾਂਦੇ ਹਨ, ਅਤੇ ਉਹ ਬਿਨਾਂ ਕਿਸੇ ਕਾਰਨ ਦੇ ਹੌਲੀ ਜਾਂ ਤੇਜ਼ ਹੋ ਜਾਂਦੇ ਹਨ।"
30238,ਇਹਨਾਂ ਵਿੱਚੋਂ ਕਿਹੜਾ ਤੁਹਾਨੂੰ ਪਹਿਲੇ ਅਪਰਾਧ ਲਈ ਘੱਟੋ-ਘੱਟ ਇੱਕ ਸਾਲ ਲਈ ਆਪਣਾ CDL ਗੁਆ ਦੇਵੇਗਾ?,,ਅਜਿਹਾ ਕਰਨ ਲਈ ਕਹੇ ਜਾਣ 'ਤੇ ਬਲੱਡ ਅਲਕੋਹਲ ਟੈਸਟ ਕਰਵਾਉਣ ਤੋਂ ਇਨਕਾਰ ਕਰਨਾ,ਜਦੋਂ ਤੁਹਾਡੀ ਖੂਨ ਵਿੱਚ ਅਲਕੋਹਲ ਦੀ ਮਾਤਰਾ (BAC) .04% ਜਾਂ ਵੱਧ ਹੋਵੇ ਤਾਂ ਵਪਾਰਕ ਮੋਟਰ ਵਾਹਨ (CMV) ਚਲਾਉਂਦੇ ਹੋਏ,ਇੱਕ ਅਪਰਾਧ ਕਰਨਾ ਜਿਸ ਵਿੱਚ ਇੱਕ CMV ਦੀ ਤੁਹਾਡੀ ਵਰਤੋਂ ਸ਼ਾਮਲ ਹੈ,ਉੱਤੇ ਦਿਤੇ ਸਾਰੇ,D,"ਕਈ ਕਾਰਨ ਹਨ ਕਿ ਤੁਸੀਂ ਕੈਲੀਫੋਰਨੀਆ ਵਿੱਚ ਇੱਕ ਸਾਲ ਲਈ ਆਪਣਾ CDL ਕਿਉਂ ਗੁਆ ਸਕਦੇ ਹੋ, ਜਿਸ ਵਿੱਚ ਸ਼ਰਾਬ, ਜੁਰਮ, ਅਤੇ ਹਿੱਟ ਐਂਡ ਰਨ ਵਰਗੀਆਂ ਗੰਭੀਰ ਟ੍ਰੈਫਿਕ ਉਲੰਘਣਾ ਸ਼ਾਮਲ ਹਨ।"
30256,ਜੇਕਰ ਤੁਹਾਨੂੰ ਇੱਕ ਪਾਸੇ ਜਾਂ ਵੰਡੇ ਹੋਏ ਹਾਈਵੇਅ 'ਤੇ ਰੁਕਣਾ ਚਾਹੀਦਾ ਹੈ ਤਾਂ ਤੁਹਾਨੂੰ ਆਪਣੇ ਚੇਤਾਵਨੀ ਯੰਤਰ ਕਿੱਥੇ ਰੱਖਣੇ ਚਾਹੀਦੇ ਹਨ?,,"ਆਉਣ ਵਾਲੇ ਟ੍ਰੈਫਿਕ ਵੱਲ 20 ਫੁੱਟ, 50 ਫੁੱਟ ਅਤੇ 100 ਫੁੱਟ","ਆਉਣ ਵਾਲੇ ਟ੍ਰੈਫਿਕ ਵੱਲ 50 ਫੁੱਟ, 100 ਫੁੱਟ ਅਤੇ 150 ਫੁੱਟ","ਆਉਣ ਵਾਲੇ ਟ੍ਰੈਫਿਕ ਵੱਲ 100 ਫੁੱਟ, 200 ਫੁੱਟ ਅਤੇ 300 ਫੁੱਟ","ਆਉਣ ਵਾਲੇ ਟ੍ਰੈਫਿਕ ਵੱਲ 10 ਫੁੱਟ, 100 ਫੁੱਟ ਅਤੇ 200 ਫੁੱਟ",D,ਇਹ ਫੈਡਰਲ ਮੋਟਰ ਕੈਰੀਅਰ ਸੇਫਟੀ ਐਡਮਿਨਿਸਟ੍ਰੇਸ਼ਨ (FMCSA) ਦੁਆਰਾ ਜਾਰੀ ਕੀਤੇ ਫੈਡਰਲ ਮੋਟਰ ਕੈਰੀਅਰ ਸੇਫਟੀ ਰੈਗੂਲੇਸ਼ਨਜ਼ ਭਾਗ 392.22 ਦੁਆਰਾ ਲੋੜੀਂਦਾ ਹੈ। ਉਹ ਨਿਯਮ ਇਹ ਵੀ ਨਿਸ਼ਚਿਤ ਕਰਦੇ ਹਨ ਕਿ ਹੋਰ ਕਿਸਮ ਦੇ ਰੋਡਵੇਜ਼ ਜਿਵੇਂ ਕਿ ਦੋ-ਪਾਸੜ ਸੜਕਾਂ ਅਤੇ ਕਰਵਜ਼ 'ਤੇ ਚੇਤਾਵਨੀ ਉਪਕਰਣ ਕਿੱਥੇ ਲਗਾਉਣੇ ਹਨ।
30274,"ਤੁਸੀਂ ਇੱਕ ਵਿਚਲਿਤ ਡਰਾਈਵਰ ਨਹੀਂ ਬਣਨਾ ਚਾਹੁੰਦੇ, ਇਸ ਲਈ ਤੁਸੀਂ",,ਡਰਾਈਵਿੰਗ ਦੇ ਆਪਣੇ ਪਹਿਲੇ ਘੰਟੇ ਵਿੱਚ ਆਪਣੀਆਂ ਸਾਰੀਆਂ ਭਾਵਨਾਤਮਕ ਤੌਰ 'ਤੇ ਮੁਸ਼ਕਲ ਗੱਲਬਾਤ ਕਰੋ।,ਨਕਸ਼ੇ ਪੜ੍ਹੋ ਜਾਂ ਆਪਣੇ ਫ਼ੋਨ ਦੀ ਵਰਤੋਂ ਸਿਰਫ਼ ਉਦੋਂ ਕਰੋ ਜਦੋਂ ਤੁਹਾਡੇ ਆਲੇ-ਦੁਆਲੇ ਕੋਈ ਹੋਰ ਵਾਹਨ ਨਾ ਹੋਵੇ।,"ਸੜਕ ਦੇ ਸਿੱਧੇ ਹਿੱਸਿਆਂ 'ਤੇ ਸਿਗਰਟ ਪੀਓ, ਖਾਓ ਅਤੇ ਪੀਓ।",ਆਪਣੇ ਮਨਪਸੰਦ ਰੇਡੀਓ ਸਟੇਸ਼ਨਾਂ ਨੂੰ ਪਹਿਲਾਂ ਤੋਂ ਸੈੱਟ ਕਰੋ।,D,"ਇੱਕ ਭਟਕਣਾ ਅਜੇ ਵੀ ਇੱਕ ਭਟਕਣਾ ਹੈ, ਇੱਥੋਂ ਤੱਕ ਕਿ ਇੱਕ ਸਿੱਧੀ ਜਾਂ ਖਾਲੀ ਸੜਕ 'ਤੇ ਵੀ। ਗੱਡੀ ਚਲਾਉਂਦੇ ਸਮੇਂ ਨਾ ਖਾਓ, ਪੀਓ, ਸਿਗਰਟ ਨਾ ਕਰੋ, ਪਾਠ ਨਾ ਕਰੋ, ਪੜ੍ਹੋ ਜਾਂ ਮੁਸ਼ਕਲ ਗੱਲਬਾਤ ਨਾ ਕਰੋ। ਜੇ ਸੰਭਵ ਹੋਵੇ, ਤਾਂ ਆਪਣੇ ਫ਼ੋਨ ਨੂੰ ਬੰਦ ਕਰੋ ਅਤੇ ਜਦੋਂ ਤੱਕ ਤੁਸੀਂ ਦਿਨ ਲਈ ਡਰਾਈਵਿੰਗ ਨਹੀਂ ਕਰ ਲੈਂਦੇ ਉਦੋਂ ਤੱਕ ਇਸਨੂੰ ਬੰਦ ਰੱਖੋ।"
30288,"ਕਾਨੂੰਨੀ ਅਧਿਕਤਮ ਵਜ਼ਨ ਸੀਮਾ ਹੇਠ ਲਿਖੀਆਂ ਸਾਰੀਆਂ ਵਿੱਚ ਸੁਰੱਖਿਅਤ ਨਹੀਂ ਹੋ ਸਕਦੀ, ਸਿਵਾਏ",,ਆਵਾਜਾਈ.,ਸਰਦੀ,ਇੱਕ ਤੂਫ਼ਾਨ,ਪਹਾੜੀ ਡਰਾਈਵਿੰਗ.,A,"ਵੱਧ ਤੋਂ ਵੱਧ ਭਾਰ ਸੀਮਾਵਾਂ ਹਮੇਸ਼ਾ ਸੁਰੱਖਿਅਤ ਨਹੀਂ ਹੋ ਸਕਦੀਆਂ, ਖਾਸ ਤੌਰ 'ਤੇ ਖਰਾਬ ਮੌਸਮ ਜਾਂ ਖੜ੍ਹੀ ਪਹਾੜੀ ਡਰਾਈਵਿੰਗ ਵਿੱਚ। ਟ੍ਰੈਫਿਕ ਜ਼ਿੰਦਗੀ ਦਾ ਇੱਕ ਤੱਥ ਹੈ, ਹਾਲਾਂਕਿ."
30272,ਤੁਹਾਡਾ ਵਾਹਨ ਰੇਲਮਾਰਗ ਦੀਆਂ ਪਟੜੀਆਂ 'ਤੇ ਫਸਿਆ ਹੋਇਆ ਹੈ। ਤੁਹਾਨੂੰ ਚਾਹੀਦਾ ਹੈ,,ਆਪਣਾ ਸਮਾਨ ਅਤੇ ਕਾਗਜ਼ੀ ਕਾਰਵਾਈ ਇਕੱਠੀ ਕਰੋ ਅਤੇ ਫਿਰ ਕੈਬ ਨੂੰ ਛੱਡ ਦਿਓ।,ਤੁਰੰਤ ਕੈਬ ਤੋਂ ਬਾਹਰ ਨਿਕਲੋ ਅਤੇ ਟ੍ਰੈਕ ਤੋਂ ਦੂਰ ਚਲੇ ਜਾਓ।,ਜੇਕਰ ਤੁਹਾਨੂੰ ਅਜੇ ਤੱਕ ਕੋਈ ਰੇਲਗੱਡੀ ਨਹੀਂ ਦਿਖਾਈ ਦਿੰਦੀ ਹੈ ਤਾਂ ਕੁਝ ਮਾਲ ਨੂੰ ਬਚਾਉਣ ਦੀ ਕੋਸ਼ਿਸ਼ ਕਰੋ।,ਆਪਣੇ ਵਾਹਨ ਨੂੰ ਉਦੋਂ ਤੱਕ ਹਿਲਾਉਣ ਦੀ ਕੋਸ਼ਿਸ਼ ਕਰਦੇ ਰਹੋ ਜਦੋਂ ਤੱਕ ਤੁਸੀਂ ਟਰੇਨ ਨਹੀਂ ਦੇਖਦੇ।,B,"ਜੇਕਰ ਤੁਹਾਡਾ ਵਾਹਨ ਰੇਲ ਮਾਰਗ 'ਤੇ ਫਸ ਜਾਂਦਾ ਹੈ, ਤਾਂ ਤੁਹਾਡੀ ਸੁਰੱਖਿਆ ਸਭ ਤੋਂ ਪਹਿਲਾਂ ਆਉਂਦੀ ਹੈ। ਤੁਰੰਤ ਗੱਡੀ ਛੱਡ ਕੇ ਫ਼ਰਾਰ ਹੋ ਜਾਓ। ਸਮਾਨ, ਕਾਗਜ਼ੀ ਕਾਰਵਾਈ, ਮਾਲ, ਜਾਂ ਇੱਥੋਂ ਤੱਕ ਕਿ ਵਾਹਨ ਨੂੰ ਬਚਾਉਣ ਲਈ ਆਪਣੀ ਜਾਨ ਨੂੰ ਜੋਖਮ ਵਿੱਚ ਨਾ ਪਾਓ।"
30286,ਵਿਸਤਾਰ ਵਾਲੇ ਲੋਡਾਂ ਨੂੰ ਪੇਸ਼ ਕਰਨ 'ਤੇ ਝੰਡੇ ਜਾਂ ਲਾਈਟਾਂ ਦੀ ਲੋੜ ਹੁੰਦੀ ਹੈ,,ਪਿਛਲੇ ਸਰੀਰ ਤੋਂ 56 ਇੰਚ ਜਾਂ ਵੱਧ।,ਪਿਛਲੇ ਸਰੀਰ ਤੋਂ 4 ਜਾਂ ਵੱਧ ਪੈਰ।,ਪਿਛਲੇ ਸਰੀਰ ਤੋਂ 6 ਜਾਂ ਵੱਧ ਫੁੱਟ.,ਪਿਛਲੇ ਸਰੀਰ ਤੋਂ 3 ਜਾਂ ਵੱਧ ਫੁੱਟ।,B,ਇੱਕ ਲੋਡ ਜੋ ਵਾਹਨ ਦੇ ਪਿਛਲੇ ਹਿੱਸੇ ਤੋਂ 4 ਫੁੱਟ ਜਾਂ ਇਸ ਤੋਂ ਵੱਧ ਫੈਲਦਾ ਹੈ ਨੂੰ ਇੱਕ ਪ੍ਰੋਜੈਕਟਿੰਗ ਲੋਡ ਮੰਨਿਆ ਜਾਂਦਾ ਹੈ ਅਤੇ ਇਸ ਤਰ੍ਹਾਂ ਦਿਨ ਵਿੱਚ 12-ਇੰਚ-ਵਰਗ ਲਾਲ ਜਾਂ ਫਲੋਰੋਸੈਂਟ ਸੰਤਰੀ ਝੰਡੇ ਦੀ ਲੋੜ ਹੁੰਦੀ ਹੈ ਅਤੇ ਰਾਤ ਨੂੰ 500 ਫੁੱਟ ਤੱਕ ਦਿਖਾਈ ਦੇਣ ਵਾਲੀਆਂ ਦੋ ਪ੍ਰਕਾਸ਼ਤ ਲਾਲ ਬੱਤੀਆਂ ਦੀ ਲੋੜ ਹੁੰਦੀ ਹੈ।
30247,"ਸੱਤ-ਪੜਾਅ ਦੇ ਨਿਰੀਖਣ ਦੌਰਾਨ, ਇੰਜਣ ਦੇ ਡੱਬੇ ਦੀ ਜਾਂਚ ਕਰਨ ਵਿੱਚ ਜਾਂਚ ਸ਼ਾਮਲ ਨਹੀਂ ਹੁੰਦੀ ਹੈ",,ਤੇਲ ਦਾ ਦਬਾਅ ਗੇਜ.,ਇੰਜਣ ਦੇ ਤੇਲ ਦਾ ਪੱਧਰ.,ਬੈਟਰੀ ਤਰਲ ਪੱਧਰ.,ਰੇਡੀਏਟਰ ਵਿੱਚ ਕੂਲੈਂਟ ਦਾ ਪੱਧਰ।,A,ਤੁਹਾਡੇ ਇੰਜਣ ਦੇ ਡੱਬੇ ਦੀ ਜਾਂਚ ਕਰਨ ਵਿੱਚ ਅੰਦਰ ਮੌਜੂਦ ਕਈ ਤਰਲ ਪੱਧਰਾਂ ਦੀ ਜਾਂਚ ਹੁੰਦੀ ਹੈ। ਤੇਲ ਦੇ ਦਬਾਅ ਗੇਜ ਦੀ ਜਾਂਚ ਇੱਕ ਵੱਖਰੇ ਪੜਾਅ ਵਿੱਚ ਕੀਤੀ ਜਾਂਦੀ ਹੈ।
57370,ਕੀ ਸੰਘੀ ਇੰਸਪੈਕਟਰ ਤੁਹਾਡੇ ਟਰੱਕ ਜਾਂ ਬੱਸ ਦੀ ਜਾਂਚ ਕਰ ਸਕਦੇ ਹਨ?,,ਨੰ.,"ਹਾਂ, ਪਰ ਉਹ ਇਸਨੂੰ ਸੇਵਾ ਤੋਂ ਬਾਹਰ ਨਹੀਂ ਰੱਖਣਗੇ।","ਹਾਂ, ਅਤੇ ਉਹ ਇਸਨੂੰ ਸੇਵਾ ਤੋਂ ਬਾਹਰ ਰੱਖ ਸਕਦੇ ਹਨ।",,C,"ਸੰਘੀ ਜਾਂ ਰਾਜ ਦੇ ਇੰਸਪੈਕਟਰ ਤੁਹਾਡੇ ਵਾਹਨ ਦੀ ਜਾਂਚ ਕਰ ਸਕਦੇ ਹਨ। ਜੇਕਰ ਉਹਨਾਂ ਨੂੰ ਕੋਈ ਸਮੱਸਿਆ ਮਿਲਦੀ ਹੈ ਜੋ ਵਾਹਨ ਨੂੰ ਸੰਭਾਵੀ ਤੌਰ 'ਤੇ ਅਸੁਰੱਖਿਅਤ ਬਣਾਉਂਦੀ ਹੈ, ਤਾਂ ਉਹ ਸਮੱਸਿਆ ਦੇ ਹੱਲ ਹੋਣ ਤੱਕ ਵਾਹਨ ਨੂੰ ਸੇਵਾ ਤੋਂ ਬਾਹਰ ਰੱਖ ਦੇਣਗੇ।"
57369,"""ਬਲੀਡਿੰਗ ਟਾਰ"" ਸੜਕ ਦੀ ਸਤ੍ਹਾ ਅਤੇ ਡ੍ਰਾਈਵਿੰਗ ਹਾਲਤਾਂ ਨੂੰ ਕਿਵੇਂ ਪ੍ਰਭਾਵਿਤ ਕਰਦਾ ਹੈ?",,ਇਹ ਸੜਕ ਨੂੰ ਤਿਲਕਣ ਬਣਾਉਂਦਾ ਹੈ।,ਇਹ ਬਹੁਤ ਚਿਪਕਿਆ ਹੋਇਆ ਹੈ ਅਤੇ ਤੁਹਾਡੇ ਵਾਹਨ ਨੂੰ ਹੌਲੀ ਕਰਦਾ ਹੈ।,ਇਹ ਸੜਕ ਦੀ ਸਤ੍ਹਾ ਜਾਂ ਡਰਾਈਵਿੰਗ ਹਾਲਤਾਂ ਨੂੰ ਪ੍ਰਭਾਵਿਤ ਨਹੀਂ ਕਰਦਾ ਹੈ।,,A,"ਗਰਮ ਦਿਨਾਂ ਵਿੱਚ, ਫੁੱਟਪਾਥ ਵਿੱਚ ਟਾਰ ਸਤ੍ਹਾ 'ਤੇ ਉੱਠ ਸਕਦਾ ਹੈ ਅਤੇ ਸੜਕ ਦੀ ਸਤ੍ਹਾ 'ਤੇ ਇੱਕ ਤਿਲਕਣ ਫਿਲਮ ਬਣਾ ਸਕਦਾ ਹੈ।"
57367,ਸੰਕਟਕਾਲੀਨ ਸਥਿਤੀਆਂ ਲਈ ਤੁਹਾਨੂੰ ਕਿੰਨੇ ਪ੍ਰਤੀਬਿੰਬਿਤ ਚੇਤਾਵਨੀ ਤਿਕੋਣ ਆਪਣੇ ਨਾਲ ਰੱਖਣੇ ਚਾਹੀਦੇ ਹਨ?,,3,4,2,,A,"ਤੁਹਾਡੇ ਟਰੱਕ ਦੇ ਐਮਰਜੈਂਸੀ ਸਾਜ਼ੋ-ਸਾਮਾਨ ਵਿੱਚ ਚੇਤਾਵਨੀ ਵਾਲੇ ਯੰਤਰ ਸ਼ਾਮਲ ਹੋਣੇ ਚਾਹੀਦੇ ਹਨ ਜਿਵੇਂ ਕਿ ਤਿੰਨ ਪ੍ਰਤੀਬਿੰਬਿਤ ਲਾਲ ਤਿਕੋਣ, ਤਿੰਨ ਤਰਲ ਬਰਨਿੰਗ ਫਲੇਅਰਜ਼, ਜਾਂ ਛੇ ਫਿਊਜ਼।"
57366,ਕਾਰਗੋ ਜੋ ਸ਼ਿਫਟ ਹੋ ਸਕਦਾ ਹੈ ਘੱਟੋ-ਘੱਟ ____ ਟਾਈ-ਡਾਊਨ ਹੋਣਾ ਚਾਹੀਦਾ ਹੈ।,,1,3,2,,C,ਨਿਯਮ ਹਰ ਦਸ ਫੁੱਟ ਕਾਰਗੋ ਲਈ ਇੱਕ ਟਾਈ-ਡਾਊਨ ਹੈ ਪਰ ਘੱਟੋ-ਘੱਟ ਦੋ ਟਾਈ-ਡਾਊਨ ਹਨ ਭਾਵੇਂ ਮਾਲ ਕਿੰਨਾ ਵੀ ਛੋਟਾ ਹੋਵੇ।
57368,"ਜੇਕਰ ਤੁਹਾਡੇ ਕੋਲ ਖੂਨ ਵਿੱਚ ਅਲਕੋਹਲ ਗਾੜ੍ਹਾਪਣ (BAC) 0.02% ਪਾਇਆ ਜਾਂਦਾ ਹੈ, ਤਾਂ ਤੁਹਾਨੂੰ ਇਸ ਲਈ ਸੇਵਾ ਤੋਂ ਬਾਹਰ ਰੱਖਿਆ ਜਾਵੇਗਾ",,48 ਘੰਟੇ.,24 ਘੰਟੇ.,72 ਘੰਟੇ.,,B,"ਜੇਕਰ ਤੁਹਾਡੀ ਖੂਨ ਵਿੱਚ ਅਲਕੋਹਲ ਦੀ ਗਾੜ੍ਹਾਪਣ (BAC) 0.04% ਜਾਂ ਵੱਧ ਪਾਈ ਜਾਂਦੀ ਹੈ, ਤਾਂ ਤੁਹਾਡੇ ਤੋਂ ਪ੍ਰਭਾਵ ਅਧੀਨ ਗੱਡੀ ਚਲਾਉਣ ਦਾ ਦੋਸ਼ ਲਗਾਇਆ ਜਾ ਸਕਦਾ ਹੈ (DUI)। (ਇੱਕ ਔਸਤਨ 180-ਪਾਊਂਡ ਵਿਅਕਤੀ ਬੀਅਰ ਦੇ ਸਿਰਫ਼ ਦੋ ਕੈਨ ਪੀਣ ਤੋਂ ਬਾਅਦ 0.04% ਤੋਂ ਉੱਪਰ BAC ਤੱਕ ਪਹੁੰਚ ਸਕਦਾ ਹੈ।) ਭਾਵੇਂ ਤੁਹਾਡੇ ਕੋਲ ਤੁਹਾਡੇ ਸਿਸਟਮ ਵਿੱਚ 0.04% ਤੋਂ ਘੱਟ ਅਲਕੋਹਲ ਦੀ ਮਾਤਰਾ ਪਾਈ ਜਾਂਦੀ ਹੈ, ਤੁਹਾਨੂੰ 24 ਘੰਟਿਆਂ ਲਈ ਸੇਵਾ ਤੋਂ ਬਾਹਰ ਰੱਖਿਆ ਜਾਵੇਗਾ।"
59869,ਕਿਸੇ ਰੁਕਾਵਟ ਦੇ ਦੁਆਲੇ ਖੱਬੇ ਦੀ ਬਜਾਏ ਸੱਜੇ ਜਾਣ ਦੇ ਕੀ ਫਾਇਦੇ ਹਨ?,,ਹੋ ਸਕਦਾ ਹੈ ਕਿ ਕੋਈ ਖੱਬੇ ਪਾਸੇ ਲੰਘ ਰਿਹਾ ਹੋਵੇ।,ਤੁਸੀਂ ਕਿਸੇ ਸਿਰੇ ਦੀ ਟੱਕਰ ਤੋਂ ਬਚ ਸਕਦੇ ਹੋ।,ਉਪਰੋਕਤ ਦੋਵੇਂ ਫਾਇਦੇ ਹਨ।,,C,ਖ਼ਤਰੇ ਦੇ ਖੱਬੇ ਪਾਸੇ ਸਟੀਅਰਿੰਗ ਕਰਨ ਨਾਲ ਤੁਸੀਂ ਆ ਰਹੇ ਵਾਹਨ ਜਾਂ ਕਿਸੇ ਵਾਹਨ ਦੇ ਰਸਤੇ ਵਿੱਚ ਜਾ ਸਕਦੇ ਹੋ ਜੋ ਤੁਹਾਨੂੰ ਖੱਬੇ ਪਾਸੇ ਤੋਂ ਲੰਘਣ ਦੀ ਕੋਸ਼ਿਸ਼ ਕਰ ਰਿਹਾ ਹੈ।
59866,ਚਾਰ ਅਲਕੋਹਲ ਵਾਲੇ ਪੀਣ ਵਾਲੇ ਪਦਾਰਥਾਂ ਵਿੱਚ ਅਲਕੋਹਲ ਤੋਂ ਛੁਟਕਾਰਾ ਪਾਉਣ ਲਈ ਸਰੀਰ ਨੂੰ ਲਗਭਗ ____ ਘੰਟੇ ਲੱਗਦੇ ਹਨ।,,4,6,2,,A,"ਜਿਗਰ ਪ੍ਰਤੀ ਘੰਟਾ ਇੱਕ ਔਂਸ ਅਲਕੋਹਲ ਦਾ ਇੱਕ ਤਿਹਾਈ ਹਿੱਸਾ ਪ੍ਰਕਿਰਿਆ ਕਰਦਾ ਹੈ, ਜੋ ਪ੍ਰਤੀ ਘੰਟਾ ਵੱਧ ਤੋਂ ਵੱਧ ਇੱਕ ਡ੍ਰਿੰਕ ਦੇ ਬਰਾਬਰ ਹੁੰਦਾ ਹੈ।"
59870,"ਹਾਈਵੇਅ ਸਪੀਡ 'ਤੇ ਗੱਡੀ ਚਲਾਉਂਦੇ ਸਮੇਂ, ਤੁਹਾਨੂੰ ਅੱਗੇ ਦੇਖਣਾ ਚਾਹੀਦਾ ਹੈ",,25 ਫੁੱਟ.,1/4 ਮੀਲ।,1 ਮੀਲ।,,B,"ਗੱਡੀ ਚਲਾਉਂਦੇ ਸਮੇਂ, ਤੁਹਾਨੂੰ 12-15 ਸਕਿੰਟ ਅੱਗੇ ਸੜਕ ਨੂੰ ਸਕੈਨ ਕਰਨਾ ਚਾਹੀਦਾ ਹੈ। 60 ਮੀਲ ਪ੍ਰਤੀ ਘੰਟਾ ਦੀ ਰਫ਼ਤਾਰ ਨਾਲ, ਤੁਹਾਡਾ ਵਾਹਨ 15 ਸਕਿੰਟਾਂ ਵਿੱਚ ਇੱਕ ਚੌਥਾਈ ਮੀਲ ਦਾ ਸਫ਼ਰ ਤੈਅ ਕਰੇਗਾ।"
59868,ਦੋ ਸਥਿਤੀਆਂ ਦੇ ਨਾਮ ਦੱਸੋ ਜਿਸ ਵਿੱਚ ਕਾਨੂੰਨੀ ਅਧਿਕਤਮ ਵਜ਼ਨ ਢੋਣ ਲਈ ਸੁਰੱਖਿਅਤ ਨਹੀਂ ਹੋ ਸਕਦਾ ਹੈ।,,ਰਾਤ ਨੂੰ; ਭਾਰੀ ਆਵਾਜਾਈ ਵਿੱਚ,ਸੁਰੰਗਾਂ ਰਾਹੀਂ; ਓਵਰ ਬ੍ਰਿਜ,ਖਰਾਬ ਮੌਸਮ ਦੇ ਦੌਰਾਨ; ਪਹਾੜਾਂ ਵਿੱਚ,,C,"ਇੱਕ ਭਾਰੀ ਲੋਡ ਵਾਹਨ ਦੀ ਰੁਕਣ ਦੀ ਦੂਰੀ ਲੰਬੀ ਹੋਵੇਗੀ, ਅਤੇ ਇਸਦੀ ਗਤੀ ਨੂੰ ਡਾਊਨਗ੍ਰੇਡ 'ਤੇ ਕੰਟਰੋਲ ਕਰਨਾ ਔਖਾ ਹੋਵੇਗਾ। ਇਸ ਲਈ, ਜਦੋਂ ਤੁਹਾਨੂੰ ਖਰਾਬ ਮੌਸਮ ਜਾਂ ਪਹਾੜਾਂ ਵਿੱਚ ਯਾਤਰਾ ਕਰਨੀ ਚਾਹੀਦੀ ਹੈ, ਤਾਂ ਭਾਰ ਨੂੰ ਅਧਿਕਤਮ ਕਾਨੂੰਨੀ ਵਜ਼ਨ ਸੀਮਾ ਤੋਂ ਕਾਫ਼ੀ ਹੇਠਾਂ ਰੱਖਣ ਬਾਰੇ ਵਿਚਾਰ ਕਰੋ।"
59867,"ਇੱਕ ਲੋਡ ਨੂੰ ਬਦਲਣ ਤੋਂ ਰੋਕਣ ਲਈ, ਹਰ ____ ਫੁੱਟ ਕਾਰਗੋ ਲਈ ਘੱਟੋ-ਘੱਟ ਇੱਕ ਟਾਈ-ਡਾਊਨ ਹੋਣਾ ਚਾਹੀਦਾ ਹੈ।",,15,10,7,,B,ਨਿਯਮ ਹਰ ਦਸ ਫੁੱਟ ਕਾਰਗੋ ਲਈ ਇੱਕ ਟਾਈ-ਡਾਊਨ ਹੈ ਪਰ ਘੱਟੋ-ਘੱਟ ਦੋ ਟਾਈ-ਡਾਊਨ ਹਨ ਭਾਵੇਂ ਮਾਲ ਕਿੰਨਾ ਵੀ ਛੋਟਾ ਹੋਵੇ।
62419,"ਰਾਤ ਨੂੰ ਡ੍ਰਾਈਵਿੰਗ ਕਰਦੇ ਸਮੇਂ, ਜਦੋਂ ਕੋਈ ਆਉਣ ਵਾਲਾ ਵਾਹਨ ਅੰਦਰ ਹੋਵੇ ਤਾਂ ਆਪਣੇ ਨੀਵੇਂ ਬੀਮ ਦੀ ਵਰਤੋਂ ਕਰੋ",,400 ਫੁੱਟ.,500 ਫੁੱਟ.,300 ਫੁੱਟ.,,B,"ਰਾਤ ਨੂੰ ਦੂਜੇ ਡਰਾਈਵਰਾਂ ਨੂੰ ਅੰਨ੍ਹਾ ਕਰਨ ਤੋਂ ਰੋਕਣ ਲਈ, ਜਦੋਂ ਵੀ ਤੁਸੀਂ ਕਿਸੇ ਆ ਰਹੇ ਵਾਹਨ ਦੇ 500 ਫੁੱਟ ਦੇ ਅੰਦਰ ਜਾਂ ਕਿਸੇ ਵਾਹਨ ਦੇ 500 ਫੁੱਟ ਦੇ ਅੰਦਰ ਹੁੰਦੇ ਹੋ ਤਾਂ ਆਪਣੀਆਂ ਹੈੱਡਲਾਈਟਾਂ ਨੂੰ ਘੱਟ ਬੀਮ ਤੱਕ ਮੱਧਮ ਕਰੋ।"
62416,ਜੇ ਤੁਹਾਡੇ ਖੂਨ ਵਿੱਚ ਅਲਕੋਹਲ ਦੀ ਗਾੜ੍ਹਾਪਣ (BAC) ______ ਜਾਂ ਵੱਧ ਹੈ ਤਾਂ CMV ਚਲਾਉਣਾ ਗੈਰ-ਕਾਨੂੰਨੀ ਹੈ।,,0.06%,0.02%,0.04%,,C,"ਜੇਕਰ ਤੁਹਾਡਾ BAC 0.04% ਜਾਂ ਇਸ ਤੋਂ ਵੱਧ ਹੈ, ਤਾਂ ਤੁਸੀਂ ਘੱਟੋ-ਘੱਟ ਇੱਕ ਸਾਲ ਲਈ ਆਪਣਾ CDL ਗੁਆ ਬੈਠੋਗੇ।"
62417,ਅਗਲੇ ਟਾਇਰਾਂ ਲਈ ਘੱਟੋ-ਘੱਟ ਟ੍ਰੇਡ ਡੂੰਘਾਈ ਕੀ ਹੈ?,,1/32 ਇੰਚ,2/32 ਇੰਚ,4/32 ਇੰਚ,,C,ਸਟੀਅਰਿੰਗ ਐਕਸਲ ਟਾਇਰਾਂ ਵਿੱਚ ਘੱਟੋ-ਘੱਟ 4/32 ਇੰਚ ਦੀ ਡੂੰਘਾਈ ਹੋਣੀ ਚਾਹੀਦੀ ਹੈ। ਬਾਕੀ ਸਾਰੇ ਟਾਇਰਾਂ ਵਿੱਚ ਘੱਟੋ-ਘੱਟ 2/32 ਇੰਚ ਦੀ ਡੂੰਘਾਈ ਹੋਣੀ ਚਾਹੀਦੀ ਹੈ।
62420,ਕਾਲੀ ਬਰਫ਼ ਕੀ ਹੈ?,,ਬਰਫ਼ ਦੀ ਇੱਕ ਪਤਲੀ ਪਰਤ ਇੰਨੀ ਸਾਫ਼ ਹੈ ਕਿ ਤੁਸੀਂ ਇਸਦੇ ਹੇਠਾਂ ਸੜਕ ਦੇਖ ਸਕਦੇ ਹੋ,ਬਾਰਿਸ਼ ਅਤੇ ਬਰਫ਼ ਮਿਕਸ,ਗੰਦੀ ਬਰਫ਼,,A,"ਕਾਲੀ ਬਰਫ਼ ਬਰਫ਼ ਦੀ ਇੱਕ ਪਤਲੀ ਪਰਤ ਹੈ ਜੋ ਤੁਹਾਡੇ ਹੇਠਾਂ ਸੜਕ ਨੂੰ ਦੇਖਣ ਲਈ ਕਾਫ਼ੀ ਸਾਫ਼ ਹੈ। ਕਾਲੀ ਬਰਫ਼ ਧੋਖੇਬਾਜ਼ ਹੈ ਕਿਉਂਕਿ ਇਹ ਸੜਕ ਨੂੰ ਸਿਰਫ ਗਿੱਲੀ ਦਿਖਦੀ ਹੈ, ਬਰਫੀਲੀ ਨਹੀਂ।"
62418,ਸਟੀਅਰਿੰਗ ਐਕਸਲ ਟਾਇਰਾਂ ਤੋਂ ਇਲਾਵਾ ਹੋਰ ਟਾਇਰਾਂ ਲਈ ਘੱਟੋ-ਘੱਟ ਟ੍ਰੇਡ ਡੂੰਘਾਈ ਕੀ ਹੈ?,,2/32 ਇੰਚ,4/32 ਇੰਚ,3/32 ਇੰਚ,,A,ਸਟੀਅਰਿੰਗ ਐਕਸਲ ਟਾਇਰਾਂ ਵਿੱਚ ਘੱਟੋ-ਘੱਟ 4/32 ਇੰਚ ਦੀ ਡੂੰਘਾਈ ਹੋਣੀ ਚਾਹੀਦੀ ਹੈ। ਬਾਕੀ ਸਾਰੇ ਟਾਇਰਾਂ ਵਿੱਚ ਘੱਟੋ-ਘੱਟ 2/32 ਇੰਚ ਦੀ ਡੂੰਘਾਈ ਹੋਣੀ ਚਾਹੀਦੀ ਹੈ।
76232,ਤੁਹਾਨੂੰ ਇੱਕ ਤਿਲਕਣ ਵਾਲੀ ਸੜਕ 'ਤੇ ਗੱਡੀ ਚਲਾਉਣੀ ਚਾਹੀਦੀ ਹੈ। ਅਜਿਹੀ ਸਥਿਤੀ ਵਿੱਚ ਇਹਨਾਂ ਵਿੱਚੋਂ ਕਿਹੜਾ ਕੰਮ ਕਰਨਾ ਚੰਗੀ ਗੱਲ ਹੈ?,,ਵਾਰੀ-ਵਾਰੀ ਬਰੇਕਾਂ ਲਗਾਓ।,ਹੌਲੀ ਹੌਲੀ.,ਹੇਠਾਂ ਦਿੱਤੀ ਇੱਕ ਛੋਟੀ ਦੂਰੀ ਦੀ ਵਰਤੋਂ ਕਰੋ।,,B,ਤਿਲਕਣ ਵਾਲੀ ਸਤ੍ਹਾ 'ਤੇ ਬ੍ਰੇਕ ਲਗਾਉਣ ਨਾਲ ਪਹੀਏ ਬੰਦ ਹੋ ਸਕਦੇ ਹਨ ਅਤੇ ਸਕਿਡ ਹੋ ਸਕਦੇ ਹਨ। ਹੌਲੀ ਹੌਲੀ ਬ੍ਰੇਕ ਕਰੋ ਅਤੇ ਬਹੁਤ ਹੌਲੀ ਹੌਲੀ ਹੌਲੀ ਕਰੋ।
76233,ਡ੍ਰਾਈਵਿੰਗ ਕਰਦੇ ਸਮੇਂ ਨਸ਼ਿਆਂ ਦੀ ਵਰਤੋਂ ਬਾਰੇ ਇਹਨਾਂ ਵਿੱਚੋਂ ਕਿਹੜਾ ਕਥਨ ਸਹੀ ਹੈ?,,ਤਜਵੀਜ਼ ਕੀਤੀਆਂ ਦਵਾਈਆਂ ਦੀ ਇਜਾਜ਼ਤ ਉਦੋਂ ਤੱਕ ਦਿੱਤੀ ਜਾਂਦੀ ਹੈ ਜਦੋਂ ਤੱਕ ਤੁਹਾਡਾ ਡਾਕਟਰ ਕਹਿੰਦਾ ਹੈ ਕਿ ਦਵਾਈਆਂ ਸੁਰੱਖਿਅਤ ਡਰਾਈਵਿੰਗ ਸਮਰੱਥਾ ਨੂੰ ਪ੍ਰਭਾਵਤ ਨਹੀਂ ਕਰਨਗੀਆਂ।,ਕਿਸੇ ਵੀ ਕਾਰਨ ਕਰਕੇ ਕਿਸੇ ਵੀ ਸਮੇਂ ਨੁਸਖ਼ੇ ਜਾਂ ਗੈਰ-ਨੁਸਖ਼ੇ ਵਾਲੀਆਂ ਦਵਾਈਆਂ ਦੀ ਇਜਾਜ਼ਤ ਨਹੀਂ ਹੈ।,"ਜਦੋਂ ਤੱਕ ਤੁਸੀਂ ਜਾਗਦੇ ਰਹਿਣ ਲਈ ਦਵਾਈਆਂ ਦੀ ਵਰਤੋਂ ਕਰ ਰਹੇ ਹੋ, ""ਸਪੀਡ"" ਅਤੇ ਹੋਰ ਐਮਫੇਟਾਮਾਈਨ ਦੀ ਇਜਾਜ਼ਤ ਹੈ।",,A,ਕੁਝ ਨੁਸਖ਼ੇ ਵਾਲੀਆਂ ਦਵਾਈਆਂ ਤੁਹਾਡੀ ਡ੍ਰਾਈਵਿੰਗ ਯੋਗਤਾ ਨੂੰ ਵਿਗਾੜ ਸਕਦੀਆਂ ਹਨ। ਨੁਸਖ਼ੇ ਵਾਲੀ ਦਵਾਈ ਤਾਂ ਹੀ ਲਓ ਜੇ ਤੁਹਾਡਾ ਡਾਕਟਰ ਤੁਹਾਨੂੰ ਭਰੋਸਾ ਦਿਵਾਉਂਦਾ ਹੈ ਕਿ ਇਹ ਤੁਹਾਡੀ ਡ੍ਰਾਈਵਿੰਗ ਕਾਬਲੀਅਤ ਨੂੰ ਖਰਾਬ ਨਹੀਂ ਕਰੇਗਾ।
76231,ਸਸਪੈਂਸ਼ਨ ਸਿਸਟਮ ਦੇ ਕੁਝ ਨੁਕਸ ਦੱਸੋ।,,ਲੀਫ ਸਪਰਿੰਗ ਵਿੱਚ ਟੁੱਟੇ ਹੋਏ ਪੱਤੇ ਅਤੇ ਇੱਕ ਚੀਰ ਜਾਂ ਟੁੱਟਿਆ ਹੋਇਆ ਬਸੰਤ ਹੈਂਗਰ,ਲੀਕ ਕਰਨ ਵਾਲੇ ਸਦਮਾ ਸੋਖਕ,ਉਪਰੋਕਤ ਦੋਵੇਂ,,C,ਲੀਕ ਹੋਣ ਵਾਲੇ ਸਦਮਾ ਸੋਖਕ ਅਤੇ ਟੁੱਟੇ ਜਾਂ ਗੁੰਮ ਹੋਏ ਪੱਤੇ ਦੋ ਆਮ ਨੁਕਸ ਹਨ ਜੋ ਸਸਪੈਂਸ਼ਨ ਸਿਸਟਮ ਵਿੱਚ ਹੋ ਸਕਦੇ ਹਨ।
76229,"______ ਦੇ ਖੂਨ ਵਿੱਚ ਅਲਕੋਹਲ ਗਾੜ੍ਹਾਪਣ (BAC) ਵਿੱਚ, ਬਹੁਤੇ ਲੋਕ ਚੇਤਨਾ ਗੁਆ ਦਿੰਦੇ ਹਨ, ਅਤੇ ਕੁਝ ਮਰ ਜਾਂਦੇ ਹਨ।",,0.40%,0.16%,0.10%,,A,0.40% ਦੇ BAC ਵਾਲੇ ਜ਼ਿਆਦਾਤਰ ਲੋਕ ਪਾਸ ਹੋ ਜਾਣਗੇ ਅਤੇ ਕੁਝ ਮਰ ਵੀ ਜਾਣਗੇ।
76230,ਇਹਨਾਂ ਵਿੱਚੋਂ ਕਿਹੜਾ ਖਾਸ ਕਰਕੇ ਗਰਮ ਮੌਸਮ ਵਿੱਚ ਤੁਹਾਡੇ ਟਾਇਰਾਂ ਬਾਰੇ ਸੱਚ ਹੈ?,,"ਜੇਕਰ ਟਾਇਰ ਨੂੰ ਛੂਹਣ ਲਈ ਬਹੁਤ ਗਰਮ ਹੈ, ਤਾਂ ਤੁਹਾਨੂੰ ਇਸਨੂੰ ਪਾਣੀ ਨਾਲ ਹੇਠਾਂ ਕਰ ਦੇਣਾ ਚਾਹੀਦਾ ਹੈ।",ਟਾਇਰ ਦੇ ਦਬਾਅ ਨੂੰ ਸਥਿਰ ਰੱਖਣ ਲਈ ਤੁਹਾਨੂੰ ਥੋੜ੍ਹੀ ਜਿਹੀ ਹਵਾ ਦਾ ਖੂਨ ਵਹਿਣਾ ਚਾਹੀਦਾ ਹੈ।,ਡ੍ਰਾਈਵਿੰਗ ਤੋਂ ਪਹਿਲਾਂ ਤੁਹਾਨੂੰ ਟਾਇਰ ਮਾਊਂਟ ਕਰਨ ਅਤੇ ਹਵਾ ਦੇ ਦਬਾਅ ਦੀ ਜਾਂਚ ਕਰਨੀ ਚਾਹੀਦੀ ਹੈ।,,C,"ਗਰਮ ਮੌਸਮ ਵਿੱਚ, ਟਾਇਰ ਦੇ ਮਾਊਂਟਿੰਗ ਅਤੇ ਟਾਇਰ ਪ੍ਰੈਸ਼ਰ ਦੀ ਧਿਆਨ ਨਾਲ ਜਾਂਚ ਕਰੋ। ਗਰਮੀ ਕਾਰਨ ਟਾਇਰ ਵਿੱਚ ਹਵਾ ਫੈਲ ਜਾਂਦੀ ਹੈ, ਟਾਇਰ ਦਾ ਦਬਾਅ ਵਧਦਾ ਹੈ। ਗੱਡੀ ਚਲਾਉਣ ਨਾਲ ਟਾਇਰ ਹੋਰ ਵੀ ਗਰਮ ਹੋ ਜਾਣਗੇ। ਜੇਕਰ ਟਾਇਰ ਦਾ ਤਾਪਮਾਨ ਅਤੇ ਪ੍ਰੈਸ਼ਰ ਬਹੁਤ ਵੱਧ ਜਾਂਦਾ ਹੈ, ਤਾਂ ਟਾਇਰ ਉੱਡ ਸਕਦਾ ਹੈ ਜਾਂ ਅੱਗ ਲੱਗ ਸਕਦੀ ਹੈ।"
78780,"""ਧੁਰਾ ਭਾਰ"" ਦਾ ਕੀ ਅਰਥ ਹੈ?",,ਇੱਕ ਐਕਸਲ ਜਾਂ ਧੁਰੇ ਦੇ ਇੱਕ ਸੈੱਟ ਦੁਆਰਾ ਜ਼ਮੀਨ 'ਤੇ ਪ੍ਰਸਾਰਿਤ ਕੀਤਾ ਗਿਆ ਭਾਰ,ਐਕਸਲ ਤੋਂ ਟਾਇਰਾਂ ਵਿੱਚ ਸੰਚਾਰਿਤ ਭਾਰ,ਉਪਰੋਕਤ ਦੋਵੇਂ,,A,ਧੁਰੇ ਦਾ ਭਾਰ ਇੱਕ ਧੁਰਾ ਜਾਂ ਧੁਰੇ ਦੇ ਇੱਕ ਸਮੂਹ ਤੋਂ ਜ਼ਮੀਨ ਤੱਕ ਸੰਚਾਰਿਤ ਭਾਰ ਹੈ।
78779,ਇੱਕ ਐਨ-ਰੂਟ ਨਿਰੀਖਣ ਵਿੱਚ ਜਾਂਚ ਸ਼ਾਮਲ ਹੋਣੀ ਚਾਹੀਦੀ ਹੈ,,ਕਿ ਕਾਰਗੋ ਸਹੀ ਢੰਗ ਨਾਲ ਸੁਰੱਖਿਅਤ ਹੈ।,ਟਾਇਰ ਓਵਰਹੀਟਿੰਗ ਅਤੇ ਬ੍ਰੇਕ ਓਵਰਹੀਟਿੰਗ ਲਈ।,ਉਪਰੋਕਤ ਦੋਨੋ.,,C,"ਜਦੋਂ ਵੀ ਤੁਸੀਂ ਆਪਣੀ ਯਾਤਰਾ ਦੌਰਾਨ ਰੁਕਦੇ ਹੋ, ਤਾਂ ਜਾਂਚ ਕਰੋ ਕਿ ਕੀ ਕਾਰਗੋ ਸ਼ਿਫਟ ਹੋ ਗਿਆ ਹੈ। ਇਹ ਵੀ ਜਾਂਚ ਕਰੋ ਕਿ ਕੀ ਟਾਇਰ ਜਾਂ ਬ੍ਰੇਕ ਜ਼ਿਆਦਾ ਗਰਮ ਹੋ ਰਹੇ ਹਨ। ਓਵਰਹੀਟਿੰਗ ਉਹਨਾਂ ਦੇ ਅਸਫਲ ਹੋਣ ਜਾਂ ਅੱਗ ਲੱਗਣ ਦਾ ਕਾਰਨ ਬਣ ਸਕਦੀ ਹੈ।"
78781,"ਤੁਹਾਡੇ ਪ੍ਰੀ-ਟ੍ਰਿਪ ਨਿਰੀਖਣ ਦੇ ਹਿੱਸੇ ਵਜੋਂ, ਤੁਹਾਨੂੰ ਜਾਂਚ ਕਰਨੀ ਚਾਹੀਦੀ ਹੈ",,ਮਾੜਾ ਸੰਤੁਲਿਤ ਭਾਰ.,ਓਵਰਲੋਡ,ਉਪਰੋਕਤ ਦੋਨੋ.,,C,"ਮਾਲ ਨੂੰ ਲੋਡ ਕਰਨ ਅਤੇ ਸੁਰੱਖਿਅਤ ਕਰਨ ਦੇ ਬਾਵਜੂਦ, ਤੁਸੀਂ, ਡਰਾਈਵਰ, ਇਸਦੀ ਸੁਰੱਖਿਆ ਲਈ ਜ਼ਿੰਮੇਵਾਰ ਹੋ। ਤੁਹਾਡੇ ਪ੍ਰੀ-ਟ੍ਰਿਪ ਨਿਰੀਖਣ ਦੇ ਹਿੱਸੇ ਵਜੋਂ, ਯਕੀਨੀ ਬਣਾਓ ਕਿ ਕਾਰਗੋ ਸੰਤੁਲਿਤ, ਸੁਰੱਖਿਅਤ ਹੈ, ਅਤੇ ਓਵਰਲੋਡ ਨਹੀਂ ਹੈ, ਅਤੇ ਐਮਰਜੈਂਸੀ ਉਪਕਰਣਾਂ ਦੇ ਰਾਹ ਵਿੱਚ ਨਹੀਂ ਆਉਂਦਾ ਹੈ। ਨਹੀਂ ਤਾਂ ਕਾਰਗੋ ਦੀ ਸੁਰੱਖਿਆ ਨਾਲ ਸਮਝੌਤਾ ਕੀਤਾ ਜਾ ਸਕਦਾ ਹੈ।"
78783,ਸੁੱਕੇ ਬਲਕ ਟੈਂਕਾਂ ਨੂੰ ਵਿਸ਼ੇਸ਼ ਦੇਖਭਾਲ ਦੀ ਲੋੜ ਕਿਉਂ ਹੈ?,,ਉਹਨਾਂ ਕੋਲ ਗੁਰੂਤਾ ਦਾ ਉੱਚ ਕੇਂਦਰ ਹੈ।,ਲੋਡ ਬਦਲ ਸਕਦਾ ਹੈ.,ਉਪਰੋਕਤ ਦੋਵੇਂ ਜਵਾਬ ਸਹੀ ਹਨ।,,C,"ਟੈਂਕ ਟਰੱਕ ਚਲਾਉਣ ਲਈ ਵਿਸ਼ੇਸ਼ ਹੁਨਰ ਦੀ ਲੋੜ ਹੁੰਦੀ ਹੈ। ਸੁੱਕੇ ਬਲਕ ਟੈਂਕਾਂ ਵਿੱਚ ਗੰਭੀਰਤਾ ਦਾ ਉੱਚ ਕੇਂਦਰ ਹੁੰਦਾ ਹੈ ਅਤੇ ਉਹਨਾਂ ਦਾ ਲੋਡ ਬਦਲ ਸਕਦਾ ਹੈ, ਜਿਸ ਨਾਲ ਵਾਹਨ ਰੋਲਓਵਰਾਂ ਲਈ ਵਧੇਰੇ ਸੰਭਾਵੀ ਬਣ ਜਾਂਦਾ ਹੈ। ਕਰਵ 'ਤੇ ਅਤੇ ਤਿੱਖੇ ਮੋੜ ਬਣਾਉਣ ਵੇਲੇ ਬਹੁਤ ਸਾਵਧਾਨੀ ਵਰਤੋ।"
78782,ਅੰਡਰਲੋਡ ਫਰੰਟ ਐਕਸਲ ਕਾਰਨ ਹੋ ਸਕਦਾ ਹੈ,,ਗਰੀਬ ਖਿੱਚ.,ਅਸੁਰੱਖਿਅਤ ਸਟੀਅਰਿੰਗ.,ਉਪਰੋਕਤ ਦੋਨੋ.,,C,"ਵਾਹਨ ਦੇ ਭਾਰ ਨੂੰ ਸਹੀ ਢੰਗ ਨਾਲ ਸੰਤੁਲਿਤ ਰੱਖਣ ਲਈ ਮਾਲ ਨੂੰ ਲੋਡ ਕੀਤਾ ਜਾਣਾ ਚਾਹੀਦਾ ਹੈ। ਜੇਕਰ ਫਰੰਟ ਐਕਸਲ ਉੱਤੇ ਕਾਫ਼ੀ ਭਾਰ ਨਹੀਂ ਹੈ, ਤਾਂ ਵਾਹਨ ਨੂੰ ਸੁਰੱਖਿਅਤ ਢੰਗ ਨਾਲ ਚਲਾਉਣ ਲਈ ਅਗਲੇ ਟਾਇਰਾਂ ਵਿੱਚ ਕਾਫ਼ੀ ਟ੍ਰੈਕਸ਼ਨ ਨਹੀਂ ਹੋਵੇਗਾ।"
90746,ਸੰਘਣੀ ਧੁੰਦ ਵਿੱਚ ਤੁਹਾਨੂੰ ਕੀ ਕਰਨਾ ਚਾਹੀਦਾ ਹੈ?,,ਆਪਣੇ ਸਾਹਮਣੇ ਟੇਲਲਾਈਟਾਂ ਜਾਂ ਹੈੱਡਲਾਈਟਾਂ ਦਾ ਪਾਲਣ ਕਰੋ,ਮੰਨ ਲਓ ਕਿ ਤੁਹਾਡੇ ਅੰਦਰ ਦਾਖਲ ਹੋਣ ਤੋਂ ਬਾਅਦ ਧੁੰਦ ਪਤਲੀ ਹੋ ਜਾਵੇਗੀ,ਸੜਕ ਨੂੰ ਕਿਸੇ ਆਰਾਮ ਖੇਤਰ ਜਾਂ ਟਰੱਕ ਸਟਾਪ ਵਿੱਚ ਖਿੱਚੋ,,C,ਤੁਹਾਨੂੰ ਧੁੰਦ ਵਾਲੀਆਂ ਸਥਿਤੀਆਂ ਲਈ ਧਿਆਨ ਦੇਣਾ ਚਾਹੀਦਾ ਹੈ ਅਤੇ ਆਪਣੀ ਗਤੀ ਨੂੰ ਘਟਾਉਣ ਲਈ ਤਿਆਰ ਰਹਿਣਾ ਚਾਹੀਦਾ ਹੈ। ਇਹ ਨਾ ਸੋਚੋ ਕਿ ਤੁਹਾਡੇ ਅੰਦਰ ਦਾਖਲ ਹੋਣ ਤੋਂ ਬਾਅਦ ਧੁੰਦ ਪਤਲੀ ਹੋ ਜਾਵੇਗੀ। ਧੁੰਦ ਵਿੱਚ ਗੱਡੀ ਚਲਾਉਣ ਲਈ ਸਭ ਤੋਂ ਵਧੀਆ ਸਲਾਹ ਹੈ: ਨਾ ਕਰੋ। ਇਹ ਬਿਹਤਰ ਹੈ ਕਿ ਤੁਸੀਂ ਸੜਕ ਨੂੰ ਕਿਸੇ ਆਰਾਮ ਖੇਤਰ ਜਾਂ ਟਰੱਕ ਸਟਾਪ ਵਿੱਚ ਖਿੱਚੋ ਜਦੋਂ ਤੱਕ ਦਿੱਖ ਬਿਹਤਰ ਨਹੀਂ ਹੁੰਦੀ। ਸੜਕ ਦੇ ਕਿਨਾਰੇ ਵਾਹਨਾਂ ਦੀ ਨਿਗਰਾਨੀ ਕਰੋ। ਤੁਹਾਡੇ ਸਾਹਮਣੇ ਟੇਲਲਾਈਟਾਂ ਜਾਂ ਹੈੱਡਲਾਈਟਾਂ ਨੂੰ ਦੇਖਣਾ ਇਸ ਗੱਲ ਦਾ ਸਹੀ ਸੰਕੇਤ ਨਹੀਂ ਹੋ ਸਕਦਾ ਕਿ ਸੜਕ ਤੁਹਾਡੇ ਅੱਗੇ ਕਿੱਥੇ ਹੈ। ਹੋ ਸਕਦਾ ਹੈ ਕਿ ਵਾਹਨ ਸੜਕ 'ਤੇ ਬਿਲਕੁਲ ਨਾ ਹੋਵੇ।
90745,ਫਰੰਟ (ਸਟੀਅਰਿੰਗ) ਟਾਇਰਾਂ ਲਈ ਘੱਟੋ-ਘੱਟ ਟ੍ਰੇਡ ਡੂੰਘਾਈ ਕੀ ਹੈ?,,4/32 ਇੰਚ,1/32 ਇੰਚ,2/32 ਇੰਚ,,A,ਫਰੰਟ ਸਟੀਅਰਿੰਗ ਟਾਇਰਾਂ ਲਈ ਘੱਟੋ-ਘੱਟ 4/32 ਇੰਚ ਦੀ ਡੂੰਘਾਈ ਦੀ ਲੋੜ ਹੁੰਦੀ ਹੈ। ਬਾਕੀ ਸਾਰੇ ਟਾਇਰਾਂ ਵਿੱਚ ਘੱਟੋ-ਘੱਟ 2/32 ਇੰਚ ਦੀ ਡੂੰਘਾਈ ਹੋਣੀ ਚਾਹੀਦੀ ਹੈ।
90748,ਰੇਡੀਏਟਰ ਸ਼ਟਰਾਂ ਅਤੇ ਵਿੰਟਰਫਰੰਟ ਬਾਰੇ ਇਹਨਾਂ ਵਿੱਚੋਂ ਕਿਹੜਾ ਸੱਚ ਹੈ?,,ਤੁਹਾਨੂੰ ਰੇਡੀਏਟਰ ਸ਼ਟਰਾਂ ਤੋਂ ਬਰਫ਼ ਨੂੰ ਹਟਾਉਣਾ ਚਾਹੀਦਾ ਹੈ।,ਸਰਦੀਆਂ ਦੇ ਫਰੰਟ ਨੂੰ ਕੱਸ ਕੇ ਬੰਦ ਕਰਨਾ ਚਾਹੀਦਾ ਹੈ.,ਜੇ ਸਰਦੀਆਂ ਦੇ ਫਰੰਟ ਨੂੰ ਖੁੱਲ੍ਹਾ ਛੱਡ ਦਿੱਤਾ ਜਾਂਦਾ ਹੈ ਤਾਂ ਇੰਜਣ ਜ਼ਿਆਦਾ ਗਰਮ ਹੋ ਸਕਦਾ ਹੈ।,,A,"ਬਹੁਤ ਹੀ ਠੰਡੇ ਮੌਸਮ ਵਿੱਚ, ਰੇਡੀਏਟਰ ਉੱਤੇ ਅਤੇ ਇੰਜਣ ਦੇ ਡੱਬੇ ਵਿੱਚ ਬਹੁਤ ਠੰਡੀ ਹਵਾ ਵਗਦੀ ਹੈ, ਇੰਜਣ ਨੂੰ ਗਰਮ ਹੋਣ ਤੋਂ ਰੋਕ ਸਕਦੀ ਹੈ (ਅਤੇ ਤੁਹਾਡੇ ਹੀਟਰ ਨੂੰ ਚੰਗੀ ਤਰ੍ਹਾਂ ਕੰਮ ਕਰਨ ਤੋਂ ਵੀ ਰੋਕ ਸਕਦੀ ਹੈ)। ਰੇਡੀਏਟਰ ਸ਼ਟਰ ਜਾਂ ਵਿੰਟਰਫਰੰਟ ਇੰਜਣ ਨੂੰ ਗਰਮ ਹੋਣ ਦੇਣ ਲਈ ਇਸ ਹਵਾ ਦੇ ਪ੍ਰਵਾਹ ਨੂੰ ਸੀਮਤ ਕਰਦੇ ਹਨ। ਹਾਲਾਂਕਿ, ਇਸ ਨੂੰ ਜ਼ਿਆਦਾ ਨਾ ਕਰੋ। ਵਿੰਟਰਫਰੰਟ ਨੂੰ ਅੰਸ਼ਕ ਤੌਰ 'ਤੇ ਖੁੱਲ੍ਹਾ ਰੱਖੋ ਜਾਂ ਰੇਡੀਏਟਰ ਦੇ ਸ਼ਟਰਾਂ ਨੂੰ ਬਰਫ਼ ਤੋਂ ਮੁਕਤ ਰੱਖੋ। ਜੇ ਸ਼ਟਰ ਫ੍ਰੀਜ਼ ਬੰਦ ਹੋ ਜਾਂਦੇ ਹਨ ਜਾਂ ਸਰਦੀਆਂ ਦਾ ਫਰੰਟ ਬਹੁਤ ਜ਼ਿਆਦਾ ਕੱਸ ਕੇ ਬੰਦ ਕੀਤਾ ਜਾਂਦਾ ਹੈ, ਤਾਂ ਇੰਜਣ ਲੋੜੀਂਦੀ ਹਵਾ ਦੀ ਘਾਟ ਕਾਰਨ ਜ਼ਿਆਦਾ ਗਰਮ ਹੋ ਸਕਦਾ ਹੈ।"
90747,ਇੱਕ ਟੈਂਕ ਵਿੱਚ ਲੋਡ ਕਰਨ ਲਈ ਤਰਲ ਦੀ ਮਾਤਰਾ ਇਸ 'ਤੇ ਨਿਰਭਰ ਕਰਦੀ ਹੈ,,ਕਾਨੂੰਨੀ ਭਾਰ ਸੀਮਾਵਾਂ।,ਟਰਾਂਜ਼ਿਟ ਵਿੱਚ ਤਰਲ ਦੀ ਮਾਤਰਾ ਵਧੇਗੀ।,ਉਪਰੋਕਤ ਦੋਨੋ.,,C,"ਤੁਸੀਂ ਇੱਕ ਟੈਂਕ ਵਿੱਚ ਕਿੰਨਾ ਤਰਲ ਲੋਡ ਕਰ ਸਕਦੇ ਹੋ ਇਹ ਹੇਠਾਂ ਦਿੱਤੇ 'ਤੇ ਨਿਰਭਰ ਕਰਦਾ ਹੈ: (1) ਗਰਮੀ ਤਰਲ ਨੂੰ ਫੈਲਾਉਂਦੀ ਹੈ, ਇਸਲਈ ਤੁਹਾਨੂੰ ਆਊਟੇਜ ਲਈ ਟੈਂਕ ਦੇ ਸਿਖਰ 'ਤੇ ਕਾਫ਼ੀ ਜਗ੍ਹਾ ਦੇਣੀ ਚਾਹੀਦੀ ਹੈ। (2) ਇੱਕ ਸੰਘਣੇ ਤਰਲ ਦਾ ਭਾਰ ਇੰਨਾ ਜ਼ਿਆਦਾ ਹੋ ਸਕਦਾ ਹੈ ਕਿ ਟੈਂਕ ਵਿੱਚ ਬਹੁਤ ਜ਼ਿਆਦਾ ਤਰਲ ਲੋਡ ਕਰਨ ਨਾਲ ਤੁਹਾਡਾ ਵਾਹਨ ਰਾਜ ਦੇ ਭਾਰ ਦੀਆਂ ਸੀਮਾਵਾਂ ਤੋਂ ਵੱਧ ਸਕਦਾ ਹੈ।"
90744,ਤੁਹਾਨੂੰ ਸ਼ਿਪਿੰਗ ਕਾਗਜ਼ ਕਿੱਥੇ ਰੱਖਣੇ ਚਾਹੀਦੇ ਹਨ?,,ਡਰਾਈਵਰ ਦੇ ਦਰਵਾਜ਼ੇ 'ਤੇ ਇੱਕ ਥੈਲੀ ਵਿੱਚ,ਡਰਾਈਵਰ ਦੀ ਸੀਟ ਦੇ ਹੇਠਾਂ,ਦਸਤਾਨੇ ਦੇ ਡੱਬੇ ਵਿੱਚ ਬੰਦ,,A,"ਤੁਹਾਡੀ ਜ਼ਿੰਦਗੀ, ਅਤੇ ਦੂਜਿਆਂ ਦੀਆਂ ਜ਼ਿੰਦਗੀਆਂ, ਖਤਰਨਾਕ ਸਮੱਗਰੀਆਂ ਦੇ ਸ਼ਿਪਿੰਗ ਕਾਗਜ਼ਾਂ ਦਾ ਜਲਦੀ ਪਤਾ ਲਗਾਉਣ 'ਤੇ ਨਿਰਭਰ ਕਰ ਸਕਦੀਆਂ ਹਨ। ਇਸ ਕਾਰਨ ਕਰਕੇ, ਤੁਹਾਨੂੰ ਖਤਰਨਾਕ ਸਮੱਗਰੀਆਂ ਨਾਲ ਸਬੰਧਤ ਸ਼ਿਪਿੰਗ ਕਾਗਜ਼ਾਂ ਦੀ ਪਛਾਣ ਕਰਨੀ ਚਾਹੀਦੀ ਹੈ ਜਾਂ ਉਹਨਾਂ ਨੂੰ ਹੋਰ ਸ਼ਿਪਿੰਗ ਕਾਗਜ਼ਾਂ ਦੇ ਸਿਖਰ 'ਤੇ ਰੱਖਣਾ ਚਾਹੀਦਾ ਹੈ। ਤੁਹਾਨੂੰ ਸ਼ਿਪਿੰਗ ਕਾਗਜ਼ ਵੀ ਰੱਖਣੇ ਚਾਹੀਦੇ ਹਨ: ਡਰਾਈਵਰ ਦੇ ਦਰਵਾਜ਼ੇ 'ਤੇ ਇੱਕ ਥੈਲੀ ਵਿੱਚ; ਜਾਂ ਡਰਾਈਵਿੰਗ ਕਰਦੇ ਸਮੇਂ ਪਹੁੰਚ ਦੇ ਅੰਦਰ ਸਾਫ ਦ੍ਰਿਸ਼ ਵਿੱਚ; ਜਾਂ ਵਾਹਨ ਤੋਂ ਬਾਹਰ ਹੋਣ ਵੇਲੇ ਡਰਾਈਵਰ ਦੀ ਸੀਟ 'ਤੇ।"
90794,"ਤੁਹਾਨੂੰ ਐਮਰਜੈਂਸੀ ਵਿੱਚ ਸੜਕ ਛੱਡਣ ਲਈ ਮਜਬੂਰ ਕੀਤਾ ਗਿਆ ਸੀ, ਅਤੇ ਤੁਹਾਨੂੰ ਮੋਢੇ 'ਤੇ ਰੁਕਣ ਤੋਂ ਪਹਿਲਾਂ ਸੜਕ 'ਤੇ ਵਾਪਸ ਜਾਣ ਲਈ ਮਜਬੂਰ ਕੀਤਾ ਗਿਆ ਹੈ. ਤੁਹਾਨੂੰ ਕੀ ਕਰਨਾ ਚਾਹੀਦਾ ਹੈ?",,"ਸ਼ੀਸ਼ੇ ਅਤੇ ਮੋੜ ਸਿਗਨਲਾਂ ਦੀ ਵਰਤੋਂ ਕਰਦੇ ਹੋਏ, ਸੜਕ 'ਤੇ ਵਾਪਸ ਜਾਣ ਲਈ ਤੇਜ਼ੀ ਨਾਲ ਮੁੜੋ।",ਅਗਲੇ ਨਿਕਾਸ ਲਈ ਮੋਢੇ 'ਤੇ ਡ੍ਰਾਈਵ ਕਰੋ ਅਤੇ ਫਿਰ ਸੜਕ 'ਤੇ ਦੁਬਾਰਾ ਦਾਖਲ ਹੋਵੋ।,"ਸ਼ੀਸ਼ੇ ਅਤੇ ਮੋੜ ਦੇ ਸਿਗਨਲਾਂ ਦੀ ਵਰਤੋਂ ਕਰਦੇ ਹੋਏ, ਹੌਲੀ-ਹੌਲੀ ਸੜਕ 'ਤੇ ਵਾਪਸ ਜਾਓ।",,A,"ਜੇਕਰ ਤੁਸੀਂ ਸੜਕ ਛੱਡ ਦਿੱਤੀ ਹੈ ਪਰ ਤੁਹਾਨੂੰ ਮੋਢੇ 'ਤੇ ਰੁਕਣ ਤੋਂ ਪਹਿਲਾਂ ਸੜਕ 'ਤੇ ਵਾਪਸ ਜਾਣਾ ਚਾਹੀਦਾ ਹੈ, ਤਾਂ ਸਿਫ਼ਾਰਸ਼ ਕੀਤੀ ਰਿਕਵਰੀ ਪ੍ਰਕਿਰਿਆ ਹੇਠਾਂ ਦਿੱਤੀ ਗਈ ਹੈ: 1. ਪਹੀਏ ਨੂੰ ਕੱਸ ਕੇ ਫੜੋ ਅਤੇ ਸੜਕ 'ਤੇ ਸੁਰੱਖਿਅਤ ਢੰਗ ਨਾਲ ਵਾਪਸ ਜਾਣ ਲਈ ਕਾਫ਼ੀ ਤੇਜ਼ੀ ਨਾਲ ਮੋੜੋ। 2. ਸੜਕ 'ਤੇ ਹੌਲੀ-ਹੌਲੀ ਵਾਪਸ ਜਾਣ ਦੀ ਕੋਸ਼ਿਸ਼ ਨਾ ਕਰੋ। ਜੇ ਤੁਸੀਂ ਅਜਿਹਾ ਕਰਦੇ ਹੋ, ਤਾਂ ਤੁਹਾਡੇ ਟਾਇਰ ਅਚਾਨਕ ਫੜ ਸਕਦੇ ਹਨ ਅਤੇ ਤੁਸੀਂ ਕੰਟਰੋਲ ਗੁਆ ਸਕਦੇ ਹੋ। 3. ਜਦੋਂ ਦੋਵੇਂ ਅਗਲੇ ਟਾਇਰ ਪੱਕੀ ਸਤ੍ਹਾ 'ਤੇ ਹੋਣ, ਤੁਰੰਤ ਕਾਊਂਟਰਸਟੀਅਰ ਕਰੋ। ਦੋ ਮੋੜਾਂ ਨੂੰ ਇੱਕ ਸਿੰਗਲ ""ਸਟੀਅਰ-ਕਾਊਂਟਰਸਟੀਅਰ"" ਮੂਵ ਵਜੋਂ ਬਣਾਇਆ ਜਾਣਾ ਚਾਹੀਦਾ ਹੈ।"
90798,"ਜੇਕਰ ਤੁਹਾਡੇ ਬ੍ਰੇਕ ਡਾਊਨਗ੍ਰੇਡ 'ਤੇ ਫੇਲ ਹੋ ਜਾਂਦੇ ਹਨ, ਤਾਂ ਤੁਹਾਨੂੰ ਕੀ ਕਰਨਾ ਚਾਹੀਦਾ ਹੈ?",,ਜਦੋਂ ਤੱਕ ਤੁਸੀਂ ਸੜਕ ਤੋਂ ਬਾਹਰ ਨਿਕਲਣ ਲਈ ਇੱਕ ਐਸਕੇਪ ਰੈਂਪ ਨਹੀਂ ਲੱਭ ਲੈਂਦੇ ਉਦੋਂ ਤੱਕ ਉਡੀਕ ਕਰੋ।,ਹੌਲੀ ਕਰਨ ਦੇ ਕਿਸੇ ਹੋਰ ਸਾਧਨ ਲਈ ਆਪਣੇ ਵਾਹਨ ਦੇ ਬਾਹਰ ਦੇਖੋ।,ਆਪਣੇ ਵਾਹਨ ਨੂੰ ਰੋਕਣ ਲਈ ਕਿਸੇ ਵਸਤੂ ਨੂੰ ਮਾਰੋ।,,B,"ਜੇਕਰ ਤੁਹਾਡੇ ਬ੍ਰੇਕ ਫੇਲ ਹੋ ਜਾਂਦੇ ਹਨ, ਤਾਂ ਪਹਿਲਾਂ ਇੱਕ ਬਚਣ ਵਾਲੇ ਰੈਂਪ ਦੀ ਭਾਲ ਕਰੋ। ਜੇਕਰ ਕੋਈ ਬਚਣ ਦਾ ਰੈਂਪ ਆਸਾਨੀ ਨਾਲ ਉਪਲਬਧ ਨਹੀਂ ਹੈ, ਤਾਂ ਬਚਣ ਲਈ ਘੱਟ ਤੋਂ ਘੱਟ ਖਤਰਨਾਕ ਰਸਤਾ ਲਓ - ਜਿਵੇਂ ਕਿ ਇੱਕ ਖੁੱਲਾ ਮੈਦਾਨ ਜਾਂ ਇੱਕ ਪਾਸੇ ਵਾਲੀ ਸੜਕ ਜੋ ਸਮਤਲ ਹੋ ਜਾਂਦੀ ਹੈ ਜਾਂ ਉੱਪਰ ਵੱਲ ਮੁੜਦੀ ਹੈ। ਜਿਵੇਂ ਹੀ ਤੁਹਾਨੂੰ ਪਤਾ ਲੱਗੇ ਕਿ ਤੁਹਾਡੇ ਬ੍ਰੇਕ ਫੇਲ ਹੋ ਗਏ ਹਨ, ਅਜਿਹਾ ਕਰੋ। ਜਿੰਨਾ ਜ਼ਿਆਦਾ ਤੁਸੀਂ ਇੰਤਜ਼ਾਰ ਕਰੋਗੇ, ਤੁਹਾਡੀ ਗੱਡੀ ਜਿੰਨੀ ਤੇਜ਼ੀ ਨਾਲ ਜਾਵੇਗੀ, ਅਤੇ ਰੁਕਣਾ ਓਨਾ ਹੀ ਔਖਾ ਹੋਵੇਗਾ।"
90796,"ਜੇਕਰ ਤੁਹਾਨੂੰ ਆਉਣ ਵਾਲੀ ਲੇਨ ਨੂੰ ਪਾਰ ਕਰਨਾ ਚਾਹੀਦਾ ਹੈ ਜਦੋਂ ਤੁਸੀਂ ਸੱਜੇ ਮੋੜ ਲੈਂਦੇ ਹੋ, ਤਾਂ ਤੁਹਾਨੂੰ ਚਾਹੀਦਾ ਹੈ",,ਆਉਣ ਵਾਲੇ ਟ੍ਰੈਫਿਕ 'ਤੇ ਨਜ਼ਰ ਰੱਖੋ।,ਬਿਨਾਂ ਰੁਕੇ ਆਪਣੀ ਵਾਰੀ ਪੂਰੀ ਕਰੋ।,ਆਉਣ ਵਾਲੇ ਟ੍ਰੈਫਿਕ ਨੂੰ ਪਾਸ ਕਰਨ ਲਈ ਬੈਕਅੱਪ ਕਰੋ।,,A,"ਸਹੀ ਮੋੜ ਲੈਣ ਲਈ, ਸਮੱਸਿਆਵਾਂ ਤੋਂ ਬਚਣ ਲਈ ਆਪਣੇ ਆਪ ਨੂੰ ਅਤੇ ਦੂਜਿਆਂ ਨੂੰ ਵਧੇਰੇ ਸਮਾਂ ਦੇਣ ਲਈ ਹੌਲੀ-ਹੌਲੀ ਮੁੜੋ। ਜੇਕਰ ਤੁਹਾਨੂੰ ਮੋੜ ਲੈਣ ਲਈ ਆਉਣ ਵਾਲੀ ਲੇਨ ਨੂੰ ਪਾਰ ਕਰਨਾ ਪੈਂਦਾ ਹੈ, ਤਾਂ ਤੁਹਾਡੇ ਵੱਲ ਆਉਣ ਵਾਲੇ ਵਾਹਨਾਂ 'ਤੇ ਧਿਆਨ ਦਿਓ। ਉਹਨਾਂ ਨੂੰ ਜਾਣ ਜਾਂ ਰੁਕਣ ਲਈ ਜਗ੍ਹਾ ਦਿਓ। ਹਾਲਾਂਕਿ, ਉਹਨਾਂ ਲਈ ਬੈਕਅੱਪ ਨਾ ਲਓ, ਕਿਉਂਕਿ ਤੁਸੀਂ ਆਪਣੇ ਪਿੱਛੇ ਕਿਸੇ ਨੂੰ ਮਾਰ ਸਕਦੇ ਹੋ।"
90797,"ਜੇਕਰ ਤੁਸੀਂ ਯਕੀਨੀ ਨਹੀਂ ਹੋ ਕਿ ਖਤਰਨਾਕ ਸਮੱਗਰੀ ਨੂੰ ਅੱਗ ਬੁਝਾਉਣ ਲਈ ਕੀ ਵਰਤਣਾ ਹੈ, ਤਾਂ ਤੁਹਾਨੂੰ ਕੀ ਕਰਨਾ ਚਾਹੀਦਾ ਹੈ?",,ਪਾਣੀ ਦੀ ਵਰਤੋਂ ਕਰੋ।,ਗੰਦਗੀ ਦੀ ਵਰਤੋਂ ਕਰੋ.,ਯੋਗ ਫਾਇਰਫਾਈਟਰਾਂ ਦੀ ਉਡੀਕ ਕਰੋ।,,C,"ਜੇ ਤੁਸੀਂ ਨਹੀਂ ਜਾਣਦੇ ਕਿ ਅੱਗ ਨੂੰ ਕਿਵੇਂ ਬੁਝਾਉਣਾ ਹੈ, ਤਾਂ ਤੁਸੀਂ ਚੀਜ਼ਾਂ ਨੂੰ ਹੋਰ ਵੀ ਬਦਤਰ ਬਣਾ ਸਕਦੇ ਹੋ। ਇਸ ਸਥਿਤੀ ਵਿੱਚ, ਤੁਸੀਂ ਸਥਿਤੀ ਨਾਲ ਨਜਿੱਠਣ ਲਈ ਪੇਸ਼ੇਵਰ ਫਾਇਰਫਾਈਟਰਾਂ ਨੂੰ ਬੁਲਾਉਣ ਨਾਲੋਂ ਬਿਹਤਰ ਹੋ।"
90795,"ਜੇ ਤੁਸੀਂ ਵਾਹਨ ਨਿਰੀਖਣ ਰਿਪੋਰਟ ਨੂੰ ਪੂਰਾ ਕਰਨਾ ਹੈ, ਤਾਂ ਤੁਹਾਨੂੰ ਇਸ 'ਤੇ ਦਸਤਖਤ ਕਰਨੇ ਪੈਣਗੇ",,ਸਿਰਫ਼ ਉਦੋਂ ਜਦੋਂ ਨੁਕਸ ਨੋਟ ਕੀਤੇ ਜਾਂਦੇ ਹਨ ਜਿਨ੍ਹਾਂ ਨੂੰ ਮੁਰੰਮਤ ਦੀ ਲੋੜ ਨਹੀਂ ਹੋਣ ਲਈ ਪ੍ਰਮਾਣਿਤ ਕੀਤਾ ਜਾਂਦਾ ਹੈ।,ਸਿਰਫ਼ ਉਦੋਂ ਜਦੋਂ ਨੁਕਸ ਨੋਟ ਕੀਤੇ ਜਾਂਦੇ ਹਨ ਜੋ ਮੁਰੰਮਤ ਕਰਨ ਲਈ ਪ੍ਰਮਾਣਿਤ ਹੁੰਦੇ ਹਨ।,ਜਦੋਂ ਕੋਈ ਨੁਕਸ ਨੋਟ ਕੀਤਾ ਜਾਂਦਾ ਹੈ।,,C,"ਤੁਹਾਨੂੰ ਹਰ ਰੋਜ਼ ਲਿਖਤੀ ਰੂਪ ਵਿੱਚ ਵਾਹਨ ਦੀ ਜਾਂਚ ਰਿਪੋਰਟ ਭਰਨੀ ਪੈ ਸਕਦੀ ਹੈ। ਮੋਟਰ ਕੈਰੀਅਰ ਨੂੰ ਰਿਪੋਰਟ ਵਿੱਚ ਕਿਸੇ ਵੀ ਆਈਟਮ ਦੀ ਮੁਰੰਮਤ ਕਰਨੀ ਚਾਹੀਦੀ ਹੈ ਜੋ ਸੁਰੱਖਿਆ ਨੂੰ ਪ੍ਰਭਾਵਤ ਕਰਦੇ ਹਨ, ਅਤੇ ਰਿਪੋਰਟ 'ਤੇ ਪ੍ਰਮਾਣਿਤ ਕਰਨਾ ਚਾਹੀਦਾ ਹੈ ਕਿ ਮੁਰੰਮਤ ਕੀਤੀ ਗਈ ਸੀ ਜਾਂ ਬੇਲੋੜੀ ਸੀ। ਤੁਹਾਨੂੰ ਰਿਪੋਰਟ 'ਤੇ ਸਿਰਫ਼ ਉਦੋਂ ਹੀ ਦਸਤਖਤ ਕਰਨੇ ਚਾਹੀਦੇ ਹਨ ਜੇਕਰ ਨੁਕਸ ਨੋਟ ਕੀਤੇ ਗਏ ਸਨ ਅਤੇ ਮੁਰੰਮਤ ਕਰਨ ਲਈ ਪ੍ਰਮਾਣਿਤ ਕੀਤੇ ਗਏ ਸਨ ਜਾਂ ਮੁਰੰਮਤ ਕਰਨ ਦੀ ਲੋੜ ਨਹੀਂ ਹੈ।"
90848,ਜੇਕਰ ਤੁਹਾਡੀ ਵਿੰਡਸ਼ੀਲਡ ਬਰਫ਼ ਨਾਲ ਢੱਕੀ ਹੋ ਜਾਂਦੀ ਹੈ ਤਾਂ ਇਹਨਾਂ ਵਿੱਚੋਂ ਕਿਹੜਾ ਸੰਭਵ ਤੌਰ 'ਤੇ ਮਦਦ ਨਹੀਂ ਕਰੇਗਾ?,,ਡੀਫ੍ਰੋਸਟਰ,ਬੁਰਸ਼,ਸਕ੍ਰੈਪਰ,,B,"ਸਰਦੀਆਂ ਵਿੱਚ, ਗੱਡੀ ਚਲਾਉਣ ਤੋਂ ਪਹਿਲਾਂ ਆਪਣੀ ਵਿੰਡਸ਼ੀਲਡ, ਖਿੜਕੀਆਂ ਅਤੇ ਸ਼ੀਸ਼ਿਆਂ ਤੋਂ ਬਰਫ਼ ਅਤੇ ਬਰਫ਼ ਹਟਾਓ। ਤੁਹਾਡੇ ਵਾਹਨ ਦਾ ਡੀਫ੍ਰੋਸਟਰ ਕੁਝ ਬਰਫ਼ ਅਤੇ ਬਰਫ਼ ਨੂੰ ਇਸ ਬਿੰਦੂ ਤੱਕ ਪਿਘਲਾਉਣ ਵਿੱਚ ਮਦਦ ਕਰੇਗਾ ਕਿ ਤੁਸੀਂ ਉਹਨਾਂ ਨੂੰ ਹੋਰ ਆਸਾਨੀ ਨਾਲ ਸਾਫ਼ ਕਰ ਸਕੋ। ਆਈਸ ਸਕ੍ਰੈਪਰ ਨਾਲ ਬਰਫ਼ ਨੂੰ ਸਾਫ਼ ਕਰੋ। ਬਰਫ਼ ਦਾ ਬੁਰਸ਼ ਬਰਫ਼ ਨੂੰ ਸਾਫ਼ ਕਰ ਸਕਦਾ ਹੈ ਪਰ ਬਰਫ਼ ਨੂੰ ਸਾਫ਼ ਕਰਨ ਲਈ ਤਿਆਰ ਨਹੀਂ ਕੀਤਾ ਗਿਆ ਹੈ। ਹਾਲਾਂਕਿ, ਕੁਝ ਬਰਫ ਦੇ ਬੁਰਸ਼ ਦੂਜੇ ਸਿਰੇ 'ਤੇ ਆਈਸ-ਸਕ੍ਰੈਪਰ ਅਟੈਚਮੈਂਟ ਦੇ ਨਾਲ ਆਉਂਦੇ ਹਨ।"
90844,ਮੁਅੱਤਲ ਭਾਗਾਂ ਦੇ ਨਿਰੀਖਣ ਬਾਰੇ ਇਹਨਾਂ ਵਿੱਚੋਂ ਕਿਹੜਾ ਬਿਆਨ ਸੱਚ ਹੈ?,,"ਪਾਵਰ ਯੂਨਿਟ ਨੂੰ ਛੱਡ ਕੇ, ਸਾਰੇ ਐਕਸਲਜ਼ 'ਤੇ ਮੁਅੱਤਲ ਹਿੱਸੇ ਦੀ ਜਾਂਚ ਕੀਤੀ ਜਾਣੀ ਚਾਹੀਦੀ ਹੈ।",ਵਿਗੜਿਆ ਕੋਇਲ ਸਪ੍ਰਿੰਗਸ ਉਦੋਂ ਤੱਕ ਸੁਰੱਖਿਅਤ ਹਨ ਜਦੋਂ ਤੱਕ ਉਹ ਟੁੱਟੇ ਨਹੀਂ ਹੁੰਦੇ।,ਐਕਸਲ ਮਾਊਂਟ ਦੀ ਜਾਂਚ ਹਰ ਪੁਆਇੰਟ 'ਤੇ ਕੀਤੀ ਜਾਣੀ ਚਾਹੀਦੀ ਹੈ ਜਿੱਥੇ ਉਹ ਵਾਹਨ ਦੇ ਫਰੇਮ ਅਤੇ ਐਕਸਲ ਨਾਲ ਸੁਰੱਖਿਅਤ ਹਨ।,,C,"ਮੁਅੱਤਲ ਕੰਪੋਨੈਂਟਸ ਨੂੰ ਹਰੇਕ ਐਕਸਲ (ਪਾਵਰ ਯੂਨਿਟ ਅਤੇ ਟ੍ਰੇਲਰ, ਜੇਕਰ ਅਜਿਹਾ ਹੋਵੇ) 'ਤੇ ਚੈੱਕ ਕੀਤਾ ਜਾਣਾ ਚਾਹੀਦਾ ਹੈ। ਟੁੱਟੇ ਜਾਂ ਵਿਗੜੇ ਹੋਏ ਕੋਇਲ ਸਪ੍ਰਿੰਗਸ ਦੀ ਭਾਲ ਕਰੋ। ਖਰਾਬ ਕੋਇਲ ਸਪ੍ਰਿੰਗਸ ""ਬਾਟਮਿੰਗ ਆਊਟ"" ਜਾਂ ਖਰਾਬ ਹੈਂਡਲਿੰਗ ਦਾ ਕਾਰਨ ਬਣ ਸਕਦੇ ਹਨ। ਸਪਰਿੰਗ ਮਾਊਂਟ ਨੂੰ ਹਰ ਪੁਆਇੰਟ 'ਤੇ ਚੈੱਕ ਕੀਤਾ ਜਾਣਾ ਚਾਹੀਦਾ ਹੈ ਜਿੱਥੇ ਉਹ ਵਾਹਨ ਦੇ ਫਰੇਮ ਅਤੇ ਐਕਸਲ ਨਾਲ ਸੁਰੱਖਿਅਤ ਹਨ। ਢਿੱਲੇ, ਖਰਾਬ, ਜਾਂ ਟੁੱਟੇ ਹੋਏ ਸਪਰਿੰਗ ਮਾਊਂਟ ਕੰਪੋਨੈਂਟ ਕਾਰਨ ਵਾਹਨ ਦੇ ਕੰਟਰੋਲ ਜਾਂ ਰੋਲਓਵਰ ਦਾ ਨੁਕਸਾਨ ਹੋ ਸਕਦਾ ਹੈ।"
90845,ਗੇਅਰ ਬਦਲਣ ਬਾਰੇ ਇਹਨਾਂ ਵਿੱਚੋਂ ਕਿਹੜਾ ਬਿਆਨ ਸੱਚ ਹੈ?,,ਡਬਲ-ਕਲਚਿੰਗ ਸਿਰਫ ਭਾਰੀ ਬੋਝ ਨਾਲ ਕੀਤੀ ਜਾਣੀ ਚਾਹੀਦੀ ਹੈ।,ਤੁਸੀਂ ਇਹ ਦੱਸਣ ਲਈ ਟੈਕੋਮੀਟਰ ਦੀ ਵਰਤੋਂ ਕਰ ਸਕਦੇ ਹੋ ਕਿ ਕਦੋਂ ਸ਼ਿਫਟ ਕਰਨਾ ਹੈ।,ਸੜਕ ਤਿਲਕਣ ਹੋਣ 'ਤੇ ਡਬਲ-ਕਲਚਿੰਗ ਨਹੀਂ ਕੀਤੀ ਜਾਣੀ ਚਾਹੀਦੀ।,,B,"ਤੁਸੀਂ ਇਹ ਨਿਰਧਾਰਤ ਕਰਨ ਲਈ ਆਪਣੇ ਟੈਕੋਮੀਟਰ ਦੀ ਵਰਤੋਂ ਕਰ ਸਕਦੇ ਹੋ ਕਿ ਕਦੋਂ ਅੱਪਸ਼ਿਫਟ ਕਰਨਾ ਹੈ। ਆਪਣਾ ਵਾਹਨ ਚਲਾਉਣ ਤੋਂ ਪਹਿਲਾਂ, ਸਿਫ਼ਾਰਿਸ਼ ਕੀਤੀ ਓਪਰੇਟਿੰਗ ਆਰਪੀਐਮ ਰੇਂਜ ਦਾ ਪਤਾ ਲਗਾਉਣ ਲਈ ਡਰਾਈਵਰ ਦੇ ਮੈਨੂਅਲ ਦੀ ਜਾਂਚ ਕਰੋ। ਜਦੋਂ ਤੁਸੀਂ ਗੱਡੀ ਚਲਾ ਰਹੇ ਹੋ, ਤਾਂ ਆਪਣੇ ਟੈਕੋਮੀਟਰ 'ਤੇ ਨਜ਼ਰ ਰੱਖੋ ਕਿਉਂਕਿ ਤੁਹਾਡਾ ਵਾਹਨ ਸਪੀਡ ਵਧਾਉਂਦਾ ਹੈ। ਜਦੋਂ ਇੰਜਣ rpm ਕਾਫ਼ੀ ਵੱਧ ਜਾਂਦਾ ਹੈ ਤਾਂ ਅੱਪਸ਼ਿਫਟ। ਡਬਲ-ਕਲਚਿੰਗ ਇੱਕ ਤਕਨੀਕ ਹੈ ਜੋ ਜ਼ਿਆਦਾਤਰ ਗੈਰ-ਸਮਕਾਲੀ ਮੈਨੂਅਲ ਟ੍ਰਾਂਸਮਿਸ਼ਨ ਵਿੱਚ ਗੇਅਰਾਂ ਨੂੰ ਬਦਲਣ ਲਈ ਵਰਤੀ ਜਾਂਦੀ ਹੈ, ਜਿਵੇਂ ਕਿ ਕੁਝ ਟਰੱਕਾਂ 'ਤੇ ਪਾਈ ਜਾਂਦੀ ਹੈ। ਇਹ ਤਕਨੀਕ ਤੁਹਾਨੂੰ ਇੰਜਣ ਦੀ ਸਪੀਡ ਨੂੰ ਗੇਅਰ ਦੀ ਸਪੀਡ ਨਾਲ ਹੱਥੀਂ ਮੇਲਣ ਵਿੱਚ ਮਦਦ ਕਰਦੀ ਹੈ ਜਿਸ ਵਿੱਚ ਤੁਸੀਂ ਸ਼ਿਫਟ ਕਰੋਗੇ। (ਇੱਕ ਸਿੰਕ੍ਰੋਨਾਈਜ਼ਡ ਮੈਨੂਅਲ ਟ੍ਰਾਂਸਮਿਸ਼ਨ ਤੁਹਾਡੇ ਲਈ ਗਤੀ ਨਾਲ ਮੇਲ ਖਾਂਦਾ ਹੈ।)"
90847,ਟਾਇਰਾਂ ਬਾਰੇ ਇਹਨਾਂ ਵਿੱਚੋਂ ਕਿਹੜਾ ਬਿਆਨ ਸੱਚ ਹੈ?,,ਟਾਇਰ ਦਾ ਤਾਪਮਾਨ ਵਧਣ ਨਾਲ ਟਾਇਰ ਦਾ ਹਵਾ ਦਾ ਦਬਾਅ ਘੱਟ ਜਾਂਦਾ ਹੈ।,"ਜੇਕਰ ਟਾਇਰ ਛੂਹਣ ਲਈ ਬਹੁਤ ਗਰਮ ਹਨ, ਤਾਂ ਉਹਨਾਂ ਨੂੰ ਠੰਢਾ ਕਰਨ ਲਈ 5-10 ਪੌਂਡ ਹਵਾ ਦਾ ਦਬਾਅ ਛੱਡ ਦਿਓ।","ਬਹੁਤ ਗਰਮ ਮੌਸਮ ਵਿੱਚ, ਤੁਹਾਨੂੰ ਹਰ ਦੋ ਘੰਟੇ ਜਾਂ ਹਰ 100 ਮੀਲ 'ਤੇ ਆਪਣੇ ਟਾਇਰਾਂ ਦੀ ਜਾਂਚ ਕਰਨੀ ਚਾਹੀਦੀ ਹੈ।",,C,"ਬਹੁਤ ਗਰਮ ਮੌਸਮ ਵਿੱਚ, ਹਰ ਦੋ ਘੰਟੇ ਜਾਂ ਹਰ 100 ਮੀਲ 'ਤੇ ਆਪਣੇ ਟਾਇਰਾਂ ਦੀ ਜਾਂਚ ਕਰੋ। ਹਰ ਵਾਰ, ਟਾਇਰ ਮਾਊਂਟਿੰਗ ਅਤੇ ਟਾਇਰ ਪ੍ਰੈਸ਼ਰ ਦੀ ਜਾਂਚ ਕਰੋ। ਟਾਇਰ ਦਾ ਹਵਾ ਦਾ ਦਬਾਅ ਤਾਪਮਾਨ ਦੇ ਨਾਲ ਵਧਦਾ ਹੈ, ਕਿਉਂਕਿ ਜਦੋਂ ਤਾਪਮਾਨ ਵਧਦਾ ਹੈ ਤਾਂ ਹਵਾ ਫੈਲਦੀ ਹੈ। ਟਾਇਰ ਵਿੱਚੋਂ ਹਵਾ ਨਾ ਨਿਕਲਣ ਦਿਓ, ਜਾਂ ਟਾਇਰ ਠੰਡਾ ਹੋਣ 'ਤੇ ਦਬਾਅ ਬਹੁਤ ਘੱਟ ਹੋ ਜਾਵੇਗਾ। ਜੇਕਰ ਟਾਇਰ ਛੂਹਣ ਲਈ ਬਹੁਤ ਗਰਮ ਹੈ, ਤਾਂ ਟਾਇਰ ਠੰਡਾ ਹੋਣ ਤੱਕ ਰੁਕੋ। ਨਹੀਂ ਤਾਂ ਟਾਇਰ ਉੱਡ ਸਕਦਾ ਹੈ ਜਾਂ ਅੱਗ ਲੱਗ ਸਕਦੀ ਹੈ।"
90846,ਰੁਕੇ ਹੋਏ ਵਾਹਨ ਦੀ ਨਿਸ਼ਾਨਦੇਹੀ ਕਰਨ ਬਾਰੇ ਇਹਨਾਂ ਵਿੱਚੋਂ ਕਿਹੜਾ ਬਿਆਨ ਸੱਚ ਹੈ?,,"ਜੇਕਰ ਕੋਈ ਪਹਾੜੀ ਜਾਂ ਮੋੜ ਡਰਾਈਵਰਾਂ ਨੂੰ ਤੁਹਾਡੇ ਵਾਹਨ ਨੂੰ 500 ਫੁੱਟ ਦੇ ਅੰਦਰ ਦੇਖਣ ਤੋਂ ਰੋਕਦਾ ਹੈ, ਤਾਂ ਢੁਕਵੀਂ ਚੇਤਾਵਨੀ ਦੇਣ ਲਈ ਪਿਛਲੇ ਪ੍ਰਤੀਬਿੰਬਤ ਤਿਕੋਣ ਨੂੰ ਸੜਕ ਦੇ ਹੇਠਾਂ ਪਿੱਛੇ ਵੱਲ ਹਿਲਾਓ।",ਤੁਹਾਨੂੰ 5 ਮਿੰਟ ਦੇ ਅੰਦਰ ਆਪਣੇ ਐਮਰਜੈਂਸੀ ਚੇਤਾਵਨੀ ਡਿਵਾਈਸਾਂ ਨੂੰ ਸੈੱਟ ਕਰਨਾ ਚਾਹੀਦਾ ਹੈ।,ਦੂਜੇ ਡਰਾਈਵਰਾਂ ਨੂੰ ਚੇਤਾਵਨੀ ਦੇਣ ਲਈ ਆਪਣੇ ਵਾਹਨ ਦੀਆਂ ਟੇਲਲਾਈਟਾਂ ਚਾਲੂ ਰੱਖੋ।,,A,"ਜੇਕਰ ਤੁਹਾਨੂੰ ਕਿਸੇ ਸੜਕ 'ਤੇ ਜਾਂ ਕਿਸੇ ਸੜਕ ਦੇ ਮੋਢੇ 'ਤੇ ਰੁਕਣਾ ਚਾਹੀਦਾ ਹੈ, ਤਾਂ ਆਪਣੇ ਚਾਰ-ਮਾਰਗੀ ਐਮਰਜੈਂਸੀ ਫਲੈਸ਼ਰ ਚਾਲੂ ਕਰੋ (ਤੁਹਾਡੀਆਂ ਟੇਲਲਾਈਟਾਂ ਨਹੀਂ) ਅਤੇ ਦਸ ਮਿੰਟਾਂ ਦੇ ਅੰਦਰ ਆਪਣੇ ਐਮਰਜੈਂਸੀ ਚੇਤਾਵਨੀ ਡਿਵਾਈਸਾਂ ਨੂੰ ਸੈੱਟ ਕਰੋ। ਜੇਕਰ ਤੁਸੀਂ ਕਿਸੇ ਪਹਾੜੀ, ਮੋੜ, ਜਾਂ ਹੋਰ ਰੁਕਾਵਟ ਤੋਂ ਅੱਗੇ ਰੁਕਦੇ ਹੋ ਜੋ ਦੂਜੇ ਡਰਾਈਵਰਾਂ ਨੂੰ ਤੁਹਾਡੇ ਵਾਹਨ ਨੂੰ 500 ਫੁੱਟ ਦੇ ਅੰਦਰ ਦੇਖਣ ਤੋਂ ਰੋਕਦਾ ਹੈ, ਤਾਂ ਨੇੜੇ ਆਉਣ ਵਾਲੇ ਡਰਾਈਵਰਾਂ ਨੂੰ ਚੇਤਾਵਨੀ ਦੇਣ ਲਈ ਆਪਣੇ ਵਾਹਨ ਦੇ ਪਿੱਛੇ 500 ਫੁੱਟ ਤੱਕ ਇੱਕ ਪ੍ਰਤੀਬਿੰਬਤ ਤਿਕੋਣ ਰੱਖੋ।"
119102,"ਤੁਹਾਡੇ ਰੁਜ਼ਗਾਰਦਾਤਾ ਨੇ ਤੁਹਾਨੂੰ ਕੁਝ ਮਾਲ ਦੀ ਢੋਆ-ਢੁਆਈ ਕਰਨ ਲਈ ਕਿਹਾ ਹੈ ਜਿਸ ਨੂੰ ਤੁਸੀਂ ਅਸੁਰੱਖਿਅਤ ਸਮਝਦੇ ਹੋ। ਤੁਸੀਂ ਆਪਣੀਆਂ ਸੁਰੱਖਿਆ ਚਿੰਤਾਵਾਂ ਨੂੰ ਪ੍ਰਗਟ ਕਰਦੇ ਹੋਏ ਇਨਕਾਰ ਕਰ ਦਿੱਤਾ। ਨਤੀਜੇ ਵਜੋਂ, ਤੁਹਾਡੇ ਮਾਲਕ ਨੇ ਤੁਹਾਡੇ ਵਿਰੁੱਧ ਜਵਾਬੀ ਕਾਰਵਾਈ ਕੀਤੀ। ਤੁਹਾਨੂੰ ਕੀ ਕਰਨਾ ਚਾਹੀਦਾ ਹੈ?",,ਪੁਲਸ ਨੂੰ ਬੁਲਾਓ.,ਇਸਨੂੰ ਜਾਣ ਦਿਓ ਅਤੇ ਬੱਸ ਮਾਲ ਦੀ ਆਵਾਜਾਈ ਕਰੋ।,OSHA ਕੋਲ ਸ਼ਿਕਾਇਤ ਦਰਜ ਕਰੋ।,FMCSA ਕੋਲ ਸ਼ਿਕਾਇਤ ਦਰਜ ਕਰੋ।,C,"ਆਕੂਪੇਸ਼ਨਲ ਸੇਫਟੀ ਐਂਡ ਹੈਲਥ ਐਡਮਿਨਿਸਟ੍ਰੇਸ਼ਨ (OSHA) ਵ੍ਹਿਸਲਬਲੋਅਰ ਪ੍ਰੋਟੈਕਸ਼ਨ ਪ੍ਰੋਗਰਾਮ 20 ਤੋਂ ਵੱਧ ਵਿਸਲਬਲੋਅਰ ਕਾਨੂੰਨਾਂ ਦੇ ਵਿਸਲਬਲੋਅਰ ਪ੍ਰਬੰਧਾਂ ਨੂੰ ਲਾਗੂ ਕਰਦਾ ਹੈ ਜੋ ਕਰਮਚਾਰੀਆਂ ਨੂੰ ਵੱਖ-ਵੱਖ ਸੰਘੀ ਕੰਮ ਵਾਲੀ ਥਾਂ ਦੇ ਕਾਨੂੰਨਾਂ ਦੀ ਉਲੰਘਣਾ ਦੀ ਰਿਪੋਰਟ ਕਰਨ ਲਈ ਬਦਲੇ ਦੀ ਕਾਰਵਾਈ ਤੋਂ ਬਚਾਉਂਦੇ ਹਨ। ਜੇ ਤੁਹਾਡੇ ਰੁਜ਼ਗਾਰਦਾਤਾ ਨੇ ਨੌਕਰੀ ਨਾਲ ਸਬੰਧਤ ਸੁਰੱਖਿਆ ਚਿੰਤਾ ਪ੍ਰਗਟ ਕਰਨ ਲਈ ਤੁਹਾਡੇ ਵਿਰੁੱਧ ਬਦਲਾ ਲਿਆ, ਤਾਂ ਤੁਸੀਂ 30 ਦਿਨਾਂ ਦੇ ਅੰਦਰ OSHA ਕੋਲ ਸ਼ਿਕਾਇਤ ਦਰਜ ਕਰਵਾ ਸਕਦੇ ਹੋ। [""ਦਿ ਵਿਸਲਬਲੋਅਰ ਪ੍ਰੋਟੈਕਸ਼ਨ ਪ੍ਰੋਗਰਾਮ,"" ਆਕੂਪੇਸ਼ਨਲ ਸੇਫਟੀ ਐਂਡ ਹੈਲਥ ਐਡਮਿਨਿਸਟ੍ਰੇਸ਼ਨ, https://www.whistleblowers.gov/]"
119104,ਤੁਸੀਂ ਬਾਲਣ ਦੀ ਖਪਤ ਨੂੰ ਘਟਾਉਣ ਲਈ ਪ੍ਰਗਤੀਸ਼ੀਲ ਸ਼ਿਫਟ ਕਿਵੇਂ ਕਰਦੇ ਹੋ?,,"(a) ਜਦੋਂ ਤੁਸੀਂ ਗਤੀ ਵਧਾ ਰਹੇ ਹੋ, ਜਿੰਨੀ ਜਲਦੀ ਹੋ ਸਕੇ ਉੱਪਰ ਵੱਲ ਜਾਓ।",(b) ਉੱਚੇ rpm 'ਤੇ ਅੱਪਸ਼ਿਫਟ ਕਰੋ ਜਦੋਂ ਤੁਸੀਂ ਉੱਚੇ ਗੇਅਰ ਵਿੱਚ ਸ਼ਿਫਟ ਕਰਦੇ ਹੋ।,(c) ਜਦੋਂ ਤੁਸੀਂ ਪੀਕ ਹਾਰਸ ਪਾਵਰ 'ਤੇ ਪਹੁੰਚਦੇ ਹੋ ਤਾਂ ਅੱਪਸ਼ਿਫਟ।,(a) ਅਤੇ (b) ਦੋਵੇਂ ਕਰੋ।,D,"ਪ੍ਰਗਤੀਸ਼ੀਲ ਸ਼ਿਫਟਿੰਗ ਗੇਅਰਾਂ ਨੂੰ ਬਦਲਣ ਦੀ ਇੱਕ ਤਕਨੀਕ ਹੈ ਜੋ ਬਾਲਣ ਦੀ ਆਰਥਿਕਤਾ ਨੂੰ ਸੁਧਾਰਦੀ ਹੈ। ਜਦੋਂ ਤੁਹਾਡਾ ਟੈਕੋਮੀਟਰ ਆਪਣੀ ਆਮ ਓਪਰੇਟਿੰਗ ਆਰਪੀਐਮ ਰੇਂਜ ਦੇ ਸਿਖਰ 'ਤੇ ਪਹੁੰਚਦਾ ਹੈ ਤਾਂ ਉੱਪਰ ਜਾਣ ਦੀ ਬਜਾਏ, ਜਿੰਨੀ ਜਲਦੀ ਹੋ ਸਕੇ ਅਗਲੇ ਉੱਚੇ ਗੇਅਰ ਵਿੱਚ ਅੱਪਸ਼ਿਫਟ ਕਰੋ। rpm ਜਿਸ 'ਤੇ ਤੁਹਾਨੂੰ ਅੱਪਸ਼ਿਫਟ ਕਰਨ ਦੀ ਲੋੜ ਹੈ, ਜਦੋਂ ਤੁਸੀਂ ਉੱਚੇ ਗੇਅਰਾਂ ਦੀ ਚੋਣ ਕਰਦੇ ਹੋ ਤਾਂ ਉੱਚਾ ਹੋ ਜਾਵੇਗਾ।"
119103,ਬਰਫ਼ ਨਾਲ ਢੱਕੀਆਂ ਸੜਕਾਂ 'ਤੇ ਗੱਡੀ ਚਲਾਉਣਾ ਤੁਹਾਡੀ ਈਂਧਨ ਦੀ ਖਪਤ ਨੂੰ ਜਿੰਨਾ ਵਧਾ ਸਕਦਾ ਹੈ,,10%।,20%।,30%।,40%।,B,ਬਰਫ ਨਾਲ ਢੱਕੀਆਂ ਸੜਕਾਂ 'ਤੇ ਗੱਡੀ ਚਲਾਉਣ ਨਾਲ ਈਂਧਨ ਦੀ ਖਪਤ 15 ਤੋਂ 20 ਫੀਸਦੀ ਤੱਕ ਵਧ ਸਕਦੀ ਹੈ।
119100,ਤੁਹਾਨੂੰ ਆਪਣੇ ਟਰੱਕ ਨੂੰ ਡੌਕ ਵਿੱਚ ਲਿਆਉਣ ਵਿੱਚ ਕੁਝ ਮੁਸ਼ਕਲ ਆ ਰਹੀ ਹੈ। ਤੁਹਾਡਾ ਸਹਾਇਕ ਤੁਹਾਡੇ ਲਈ ਤੁਹਾਡੇ ਟਰੱਕ ਨੂੰ ਬੈਕ ਕਰਨ ਦੀ ਪੇਸ਼ਕਸ਼ ਕਰਦਾ ਹੈ। ਤੁਹਾਨੂੰ ਚਾਹੀਦਾ ਹੈ,,ਜਦੋਂ ਤੁਸੀਂ ਡਿਸਪੈਚ ਨੂੰ ਇਸ ਬਾਰੇ ਜਾਣਕਾਰੀ ਦਿੰਦੇ ਹੋ ਤਾਂ ਉਸਨੂੰ ਟਰੱਕ ਨੂੰ ਪਿੱਛੇ ਕਰਨ ਦੀ ਇਜਾਜ਼ਤ ਦਿਓ।,ਨਿਮਰਤਾ ਨਾਲ ਇਨਕਾਰ.,ਪ੍ਰਾਪਤਕਰਤਾ ਨੂੰ ਸਲਾਹ ਲਈ ਪੁੱਛੋ।,ਜਦੋਂ ਤੁਸੀਂ ਸਹਾਇਕ ਵਜੋਂ ਕੰਮ ਕਰਦੇ ਹੋ ਤਾਂ ਉਸ ਨੂੰ ਟਰੱਕ ਨੂੰ ਪਿੱਛੇ ਕਰਨ ਦੀ ਇਜਾਜ਼ਤ ਦਿਓ।,B,"ਮਾਲ ਦੀ ਸੁਰੱਖਿਆ ਤੁਹਾਡੀ ਜ਼ਿੰਮੇਵਾਰੀ ਹੈ। ਤੁਹਾਡੇ ਕੈਰੀਅਰ ਦੁਆਰਾ ਅਣਅਧਿਕਾਰਤ ਕਿਸੇ ਵੀ ਵਿਅਕਤੀ ਨੂੰ ਕਦੇ ਵੀ ਆਪਣਾ ਟਰੱਕ ਚਲਾਉਣ ਦੀ ਇਜਾਜ਼ਤ ਨਾ ਦਿਓ। ਹੋ ਸਕਦਾ ਹੈ ਕਿ ਵਿਅਕਤੀ ਤੁਹਾਡੇ ਟਰੱਕ ਨਾਲ ਗੱਡੀ ਚਲਾਉਣ ਦੀ ਯੋਜਨਾ ਬਣਾ ਰਿਹਾ ਹੋਵੇ। ਜ਼ਾਹਰ ਹੈ, ਇਹ ਪਹਿਲਾਂ ਵੀ ਹੋਇਆ ਹੈ।"
119101,ਹੇਠ ਲਿਖੀਆਂ ਵਿੱਚੋਂ ਕਿਹੜੀਆਂ ਰਣਨੀਤੀਆਂ ਕਾਰਗੋ ਦੀ ਚੋਰੀ ਨੂੰ ਰੋਕਣ ਵਿੱਚ ਮਦਦ ਕਰ ਸਕਦੀਆਂ ਹਨ?,,"ਜਦੋਂ ਵੀ ਤੁਸੀਂ ਰੁਕਦੇ ਹੋ ਜਾਂ ਪਾਰਕ ਕਰਦੇ ਹੋ, ਡਿਸਪੈਚ ਨੂੰ ਦੱਸੋ।",ਅਣਜੋੜ ਟ੍ਰੇਲਰਾਂ ਨੂੰ ਲਾਕ ਕਰੋ ਤਾਂ ਜੋ ਉਹਨਾਂ ਨੂੰ ਤਬਦੀਲ ਨਾ ਕੀਤਾ ਜਾ ਸਕੇ।,ਆਪਣੇ ਆਲੇ-ਦੁਆਲੇ ਦੇ ਮਾਹੌਲ ਤੋਂ ਹਮੇਸ਼ਾ ਸੁਚੇਤ ਰਹੋ।,ਉਪਰੋਕਤ ਸਾਰੇ ਮਦਦ ਕਰ ਸਕਦੇ ਹਨ।,D,"ਕਾਰਗੋ ਦੀ ਚੋਰੀ ਨੂੰ ਰੋਕਣ ਵਿੱਚ ਮਦਦ ਕਰਨ ਦੇ ਕਈ ਤਰੀਕੇ ਹਨ, ਅਤੇ ਤੁਹਾਨੂੰ ਉਹਨਾਂ ਵਿੱਚੋਂ ਕਈ ਨੂੰ ਵਰਤਣਾ ਚਾਹੀਦਾ ਹੈ। ਸਭ ਤੋਂ ਪਹਿਲਾਂ, ਆਪਣੇ ਆਲੇ-ਦੁਆਲੇ ਤੋਂ ਸੁਚੇਤ ਰਹੋ। ਡ੍ਰਾਈਵਿੰਗ ਕਰਦੇ ਸਮੇਂ, ਅਕਸਰ ਜਾਂਚ ਕਰੋ ਕਿ ਕੀ ਤੁਹਾਡਾ ਅਨੁਸਰਣ ਕੀਤਾ ਜਾ ਰਿਹਾ ਹੈ। ਸਿਰਫ ਚੰਗੀ ਰੋਸ਼ਨੀ ਵਾਲੇ, ਮੁਕਾਬਲਤਨ ਸੁਰੱਖਿਅਤ ਸਥਾਨਾਂ 'ਤੇ ਪਾਰਕ ਕਰੋ। ਡਿਸਪੈਚ ਦੇ ਨਾਲ ਸੰਚਾਰ ਵਿੱਚ ਰਹੋ. ਜਦੋਂ ਵੀ ਤੁਸੀਂ ਕਿਸੇ ਆਰਾਮ ਖੇਤਰ ਜਾਂ ਟਰੱਕ ਸਟਾਪ 'ਤੇ ਰੁਕਦੇ ਹੋ, ਤਾਂ ਡਿਸਪੈਚ ਨੂੰ ਇਸ ਬਾਰੇ ਦੱਸੋ। ਇੱਕ ਅਣਜੋੜ ਟ੍ਰੇਲਰ ਨੂੰ ਲਾਕ ਕੀਤਾ ਜਾਣਾ ਚਾਹੀਦਾ ਹੈ ਤਾਂ ਜੋ ਇਸਨੂੰ ਮੂਵ ਨਾ ਕੀਤਾ ਜਾ ਸਕੇ। ਇਸ ਮਕਸਦ ਲਈ ਕਿੰਗਪਿਨ ਲਾਕ ਅਤੇ ਲੈਂਡਿੰਗ ਗੀਅਰ ਲਾਕ ਉਪਲਬਧ ਹਨ। ਆਪਣੇ ਟਰੱਕ ਨੂੰ ਹਮੇਸ਼ਾ ਲਾਕ ਕਰੋ ਜਦੋਂ ਵੀ ਤੁਹਾਨੂੰ ਇਸ ਨੂੰ ਬਿਨਾਂ ਧਿਆਨ ਦੇ ਛੱਡਣਾ ਚਾਹੀਦਾ ਹੈ। [""ਉਨ੍ਹਾਂ ਦੇ ਟਰੈਕਾਂ ਵਿੱਚ ਮਰੇ ਹੋਏ ਮਾਲ ਚੋਰਾਂ ਨੂੰ ਕਿਵੇਂ ਰੋਕਿਆ ਜਾਵੇ,"" ਅਮਰੀਕਨ ਟਰੱਕਰ, 31 ਅਗਸਤ, 2019]"
112834,"ਜਦੋਂ ਤੁਸੀਂ ਡ੍ਰਾਈਵਿੰਗ ਕਰ ਰਹੇ ਹੁੰਦੇ ਹੋ, ਜੇਕਰ ਤੁਹਾਡੀ ਪ੍ਰਤੀਕ੍ਰਿਆ ਦਾ ਸਮਾਂ _______ ਦੁਆਰਾ ਵਧਦਾ ਹੈ, ਤਾਂ ਤੁਹਾਡੇ ਹਾਦਸੇ ਦੀ ਸੰਭਾਵਨਾ ਦੁੱਗਣੀ ਹੋ ਜਾਵੇਗੀ।",,1 ਸਕਿੰਟ,¼ ਸਕਿੰਟ,½ ਸਕਿੰਟ,,C,"ਜੇਕਰ ਡ੍ਰਾਈਵਰ ਧਿਆਨ ਭਟਕਣ ਕਾਰਨ ਅੱਧਾ ਸਕਿੰਟ ਹੌਲੀ ਪ੍ਰਤੀਕਿਰਿਆ ਕਰਦੇ ਹਨ, ਤਾਂ ਦੁੱਗਣਾ ਕਰੈਸ਼ ਹੋ ਜਾਂਦਾ ਹੈ। ਇਹੀ ਕਾਰਨ ਹੈ ਕਿ ਜਦੋਂ ਤੁਸੀਂ ਗੱਡੀ ਚਲਾ ਰਹੇ ਹੋਵੋ ਤਾਂ ਧਿਆਨ ਭਟਕਣ ਤੋਂ ਬਚਣਾ ਬਹੁਤ ਮਹੱਤਵਪੂਰਨ ਹੈ।"
112832,"ਜੇਕਰ ਇੱਕ ਸਿੱਧਾ ਟਰੱਕ ਇੱਕ ਫਰੰਟ-ਵ੍ਹੀਲ ਸਕਿਡ ਵਿੱਚ ਜਾਂਦਾ ਹੈ, ਤਾਂ ਇਹ ਹੋਵੇਗਾ",,ਸਿੱਧੇ ਅੱਗੇ ਵਧੋ ਭਾਵੇਂ ਸਟੀਅਰਿੰਗ ਵੀਲ ਮੋੜਿਆ ਹੋਵੇ।,ਸਿੱਧਾ ਅੱਗੇ ਵਧੋ ਪਰ ਜੇਕਰ ਸਟੀਅਰਿੰਗ ਵ੍ਹੀਲ ਮੋੜਿਆ ਹੋਵੇ ਤਾਂ ਮੁੜੋ।,ਪਾਸੇ ਵੱਲ ਸਲਾਈਡ ਕਰੋ ਅਤੇ ਬਾਹਰ ਘੁੰਮਾਓ।,,A,"ਫਰੰਟ-ਵ੍ਹੀਲ ਸਕਿਡ ਵਿੱਚ, ਤੁਸੀਂ ਸਟੀਅਰਿੰਗ ਵ੍ਹੀਲ ਨੂੰ ਕਿੰਨਾ ਵੀ ਮੋੜਦੇ ਹੋ, ਇਸ ਦੀ ਪਰਵਾਹ ਕੀਤੇ ਬਿਨਾਂ ਸਾਹਮਣੇ ਵਾਲਾ ਸਿਰਾ ਇੱਕ ਸਿੱਧੀ ਲਾਈਨ ਵਿੱਚ ਜਾਂਦਾ ਹੈ।"
112835,ਸੇਵਾ ਨਿਯਮਾਂ ਦੇ ਘੰਟਿਆਂ ਬਾਰੇ ਇਹਨਾਂ ਵਿੱਚੋਂ ਕਿਹੜਾ ਸੱਚ ਹੈ?,,ਆਨ-ਡਿਊਟੀ ਸਮਾਂ ਆਰਾਮ ਦੇ ਸਮੇਂ ਨਾਲ ਸੰਤੁਲਿਤ ਹੋਣਾ ਚਾਹੀਦਾ ਹੈ।,ਇੱਕ ਡਰਾਈਵਰ ਵਾਹਨ ਦੀ ਸਲੀਪਰ ਬਰਥ ਵਿੱਚ ਇੱਕ ਆਫ-ਡਿਊਟੀ ਪੀਰੀਅਡ ਦੇ ਸਿਰਫ 6 ਘੰਟੇ ਬਿਤਾ ਸਕਦਾ ਹੈ।,ਡ੍ਰਾਈਵਰ ਨੂੰ ਡਰਾਈਵਿੰਗ ਸਮੇਂ ਦੇ ਹਰ 3 ਸੰਚਤ ਘੰਟਿਆਂ ਬਾਅਦ ਇੱਕ ਬਰੇਕ ਲੈਣਾ ਚਾਹੀਦਾ ਹੈ।,,A,"""ਸੇਵਾ ਦੇ ਘੰਟੇ"" (HOS) ਉਸ ਅਧਿਕਤਮ ਸਮੇਂ ਨੂੰ ਦਰਸਾਉਂਦਾ ਹੈ ਜਦੋਂ ਡਰਾਈਵਰਾਂ ਨੂੰ ਡਿਊਟੀ 'ਤੇ ਹੋਣ ਦੀ ਇਜਾਜ਼ਤ ਦਿੱਤੀ ਜਾਂਦੀ ਹੈ (ਡਰਾਈਵਿੰਗ ਦੇ ਸਮੇਂ ਸਮੇਤ)। HOS ਨਿਯਮ ਇਹ ਯਕੀਨੀ ਬਣਾਉਣ ਲਈ ਕਿ ਡਰਾਈਵਰ ਜਾਗਦੇ ਅਤੇ ਸੁਚੇਤ ਰਹਿਣ ਵਿੱਚ ਮਦਦ ਕਰਨ ਲਈ ਆਰਾਮ ਦੀ ਮਿਆਦ ਦੀ ਗਿਣਤੀ ਅਤੇ ਲੰਬਾਈ ਵੀ ਨਿਰਧਾਰਤ ਕਰਦੇ ਹਨ। ਆਮ ਤੌਰ 'ਤੇ, CMV ਦਾ ਸੰਚਾਲਨ ਕਰਨ ਵਾਲੇ ਸਾਰੇ ਕੈਰੀਅਰਾਂ ਅਤੇ ਡਰਾਈਵਰਾਂ ਨੂੰ 49 CFR 395 ਵਿੱਚ HOS ਨਿਯਮਾਂ ਦੀ ਪਾਲਣਾ ਕਰਨੀ ਚਾਹੀਦੀ ਹੈ। ਨੋਟ: 29 ਸਤੰਬਰ, 2020 ਤੋਂ ਪ੍ਰਭਾਵੀ, HOS ਨਿਯਮਾਂ ਦੇ ਕਈ ਪਹਿਲੂਆਂ ਨੂੰ ਸੋਧਿਆ ਗਿਆ ਸੀ। ਇਹਨਾਂ ਤਬਦੀਲੀਆਂ ਵਿੱਚ: (1) ਇੱਕ ਡਰਾਈਵਰ ਨੂੰ 8 ਸੰਚਤ ਘੰਟਿਆਂ ਦੇ ਡਰਾਈਵਿੰਗ ਸਮੇਂ ਤੋਂ ਬਾਅਦ ਘੱਟੋ-ਘੱਟ 30 ਮਿੰਟਾਂ ਦਾ ਬ੍ਰੇਕ ਲੈਣਾ ਪੈਂਦਾ ਹੈ। (2) ਇੱਕ ਡ੍ਰਾਈਵਰ 10-ਘੰਟੇ ਦੀ ਘੱਟੋ-ਘੱਟ ਆਫ-ਡਿਊਟੀ ਲੋੜ ਨੂੰ ਪੂਰਾ ਕਰ ਸਕਦਾ ਹੈ, ਉਸ ਸਮੇਂ ਦੇ ਘੱਟੋ-ਘੱਟ 7 ਘੰਟੇ ਸਲੀਪਰ ਬਰਥ ਵਿੱਚ ਬਿਤਾ ਕੇ, ਬਰਥ ਦੇ ਅੰਦਰ ਜਾਂ ਬਾਹਰ ਘੱਟੋ-ਘੱਟ 2 ਘੰਟੇ ਬਿਤਾਏ ਗਏ ਘੱਟੋ-ਘੱਟ ਆਫ-ਡਿਊਟੀ ਅਵਧੀ ਦੇ ਨਾਲ, ਬਸ਼ਰਤੇ ਦੋ ਪੀਰੀਅਡ ਘੱਟੋ-ਘੱਟ 10 ਘੰਟੇ ਹੋਣ। [""ਸੇਵਾ ਦੇ ਘੰਟੇ (HOS),"" FMCSA, https://www.fmcsa.dot.gov/regulations/hours-of-service]"
112831,"ਇੱਕ ਪਹਾੜੀ ਸੜਕ ਤੋਂ ਸੁਰੱਖਿਅਤ ਢੰਗ ਨਾਲ ਗੱਡੀ ਚਲਾਉਣ ਲਈ, ਤੁਹਾਨੂੰ ਹੇਠਲੇ ਗੀਅਰਾਂ ਵਿੱਚ ਹੇਠਾਂ ਵੱਲ ਜਾਣਾ ਪਵੇਗਾ। ਇਹਨਾਂ ਵਿੱਚੋਂ ਕਿਹੜੇ ਗੇਅਰਾਂ ਦੀ ਤੁਹਾਡੀ ਚੋਣ ਨੂੰ ਪ੍ਰਭਾਵਿਤ ਨਹੀਂ ਕਰਨਾ ਚਾਹੀਦਾ ਹੈ?",,ਲੋਡ ਦਾ ਭਾਰ,ਟਾਇਰ ਟ੍ਰੇਡ ਦੀ ਕਿਸਮ,ਡਾਊਨਗ੍ਰੇਡ ਦੀ ਲੰਬਾਈ,,B,"ਇਹ ਨਿਰਧਾਰਤ ਕਰਨ ਲਈ ਕਿ ਉਤਰਾਈ ਸ਼ੁਰੂ ਕਰਨ ਲਈ ਕਿਹੜੇ ਲੋਅਰ ਗੇਅਰ ਦੀ ਵਰਤੋਂ ਕਰਨੀ ਹੈ, ਮੌਸਮ, ਡਾਊਨਗ੍ਰੇਡ ਦੀ ਲੰਬਾਈ ਅਤੇ ਖੜੋਤ, ਤੁਹਾਡੇ ਮਾਲ ਦਾ ਭਾਰ, ਅਤੇ ਸੜਕ ਦੀਆਂ ਸਥਿਤੀਆਂ 'ਤੇ ਵਿਚਾਰ ਕਰੋ।"
112833,"ਜਦੋਂ ਤੁਸੀਂ ਬਰਫੀਲੇ ਮੌਸਮ ਵਿੱਚ ਗੱਡੀ ਚਲਾ ਰਹੇ ਹੋ, ਤਾਂ ਤੁਹਾਡੇ ਟਾਇਰ ਦੀ ਡੂੰਘਾਈ ਹੋਣੀ ਚਾਹੀਦੀ ਹੈ",,ਬਰਫ਼ ਵਿੱਚੋਂ ਲੰਘਣ ਲਈ ਕਾਫ਼ੀ ਟ੍ਰੈਕਸ਼ਨ ਪ੍ਰਦਾਨ ਕਰੋ।,ਹਰ 3 ਘੰਟੇ ਜਾਂ 150 ਮੀਲ ਬਾਅਦ ਜਾਂਚ ਕੀਤੀ ਜਾਵੇ।,ਆਮ ਡੂੰਘਾਈ ਤੋਂ ਦੁੱਗਣੀ ਹੋਵੋ।,,A,"ਬਰਫ਼ ਨਾਲ ਢੱਕੀਆਂ ਸੜਕਾਂ ਸੁੱਕੀਆਂ ਸਤਹਾਂ ਨਾਲੋਂ ਬਹੁਤ ਘੱਟ ਟ੍ਰੈਕਸ਼ਨ ਪ੍ਰਦਾਨ ਕਰਦੀਆਂ ਹਨ। ਤੁਹਾਡੇ ਟਾਇਰਾਂ ਨੂੰ ਤੁਹਾਡੇ ਵਾਹਨ ਨੂੰ ਬਰਫ਼ 'ਤੇ ਸੁਰੱਖਿਅਤ ਢੰਗ ਨਾਲ ਚਲਾਉਣ ਲਈ ਕਾਫ਼ੀ ਟ੍ਰੈਕਸ਼ਨ ਪ੍ਰਦਾਨ ਕਰਨਾ ਚਾਹੀਦਾ ਹੈ। ਫੈਡਰਲ ਨਿਯਮਾਂ ਦੇ ਤਹਿਤ, ਤੁਹਾਡੇ ਅਗਲੇ ਟਾਇਰਾਂ ਵਿੱਚ ਘੱਟੋ-ਘੱਟ 4/32 ਇੰਚ ਦੀ ਡੂੰਘਾਈ ਹੋਣੀ ਚਾਹੀਦੀ ਹੈ, ਅਤੇ ਬਾਕੀ ਸਾਰੇ ਟਾਇਰਾਂ ਵਿੱਚ ਘੱਟੋ-ਘੱਟ 2/32 ਇੰਚ ਦੀ ਡੂੰਘਾਈ ਹੋਣੀ ਚਾਹੀਦੀ ਹੈ। ਸਭ ਤੋਂ ਵਧੀਆ ਟ੍ਰੈਕਸ਼ਨ ਲਈ, ਹਾਲਾਂਕਿ, ਇਹ ਯਕੀਨੀ ਬਣਾਓ ਕਿ ਬਰਫ਼ 'ਤੇ ਗੱਡੀ ਚਲਾਉਣ ਦੀ ਕੋਸ਼ਿਸ਼ ਕਰਨ ਤੋਂ ਪਹਿਲਾਂ ਟ੍ਰੇਡ ਹੋਰ ਵੀ ਡੂੰਘੇ ਹੋਣ। [49 CFR 570.62]"
119198,"ਅੱਗ ਨਾਲ ਲੜਨ ਲਈ, ਤੁਹਾਨੂੰ ਅੱਗ ਬੁਝਾਉਣ ਵਾਲੇ ਨੂੰ ਅੱਗ ਦੇ ਸਿਖਰ 'ਤੇ ਨਿਸ਼ਾਨਾ ਬਣਾਉਣਾ ਚਾਹੀਦਾ ਹੈ ਤਾਂ ਜੋ ਰਸਾਇਣ ਅੱਗ 'ਤੇ ਡਿੱਗ ਜਾਣ।",,ਸੱਚ ਹੈ,ਹੋਰ ਜਾਣਕਾਰੀ ਤੋਂ ਬਿਨਾਂ ਨਿਰਧਾਰਤ ਕਰਨਾ ਅਸੰਭਵ ਹੈ,ਝੂਠਾ,,C,"ਅੱਗ ਬੁਝਾਉਣ ਲਈ ਅੱਗ ਬੁਝਾਉਣ ਵਾਲੇ ਯੰਤਰ ਦੀ ਵਰਤੋਂ ਕਰਨ ਲਈ, ਅੱਗ ਤੋਂ ਸੁਰੱਖਿਅਤ ਦੂਰੀ 'ਤੇ ਖੜ੍ਹੇ ਰਹੋ। ਹਵਾ ਨੂੰ ਤੁਹਾਡੇ ਤੋਂ ਅੱਗ ਤੱਕ ਬੁਝਾਉਣ ਵਾਲੇ ਨੂੰ ਲੈ ਜਾਣ ਦਿਓ। ਬੁਝਾਉਣ ਵਾਲੇ ਨੂੰ ਅੱਗ ਦੇ ਸਰੋਤ ਜਾਂ ਅਧਾਰ 'ਤੇ ਨਿਸ਼ਾਨਾ ਬਣਾਓ, ਨਾ ਕਿ ਅੱਗ ਦੀਆਂ ਲਪਟਾਂ ਵਿੱਚ। ਬਰਨਿੰਗ ਸਾਮੱਗਰੀ ਇਸ ਬਿੰਦੂ ਤੱਕ ਠੰਢਾ ਹੋਣ ਤੱਕ ਜਾਰੀ ਰੱਖੋ ਕਿ ਅੱਗ ਦੁਬਾਰਾ ਸ਼ੁਰੂ ਨਹੀਂ ਹੋ ਸਕਦੀ।"
119197,"ਮਾਲ ਦੀ ਢੋਆ-ਢੁਆਈ ਕਰਦੇ ਸਮੇਂ, ਤੁਹਾਨੂੰ ਕਿੰਨੀ ਵਾਰ ਮਾਲ ਦੀ ਸੁਰੱਖਿਆ ਦੀ ਜਾਂਚ ਕਰਨੀ ਚਾਹੀਦੀ ਹੈ?",,"ਯਾਤਰਾ ਦੇ ਪਹਿਲੇ 25 ਮੀਲ ਦੇ ਅੰਦਰ ਅਤੇ ਫਿਰ ਹਰ 100 ਮੀਲ ਜਾਂ ਹਰ 2 ਘੰਟਿਆਂ ਵਿੱਚ, ਜੋ ਵੀ ਪਹਿਲਾਂ ਆਵੇ","ਯਾਤਰਾ ਦੇ ਪਹਿਲੇ 50 ਮੀਲ ਦੇ ਅੰਦਰ ਅਤੇ ਫਿਰ ਹਰ 100 ਮੀਲ ਜਾਂ ਹਰ 2 ਘੰਟਿਆਂ ਵਿੱਚ, ਜੋ ਵੀ ਪਹਿਲਾਂ ਆਵੇ","ਯਾਤਰਾ ਦੇ ਪਹਿਲੇ 50 ਮੀਲ ਦੇ ਅੰਦਰ ਅਤੇ ਫਿਰ ਹਰ 150 ਮੀਲ ਜਾਂ ਹਰ 3 ਘੰਟਿਆਂ ਵਿੱਚ, ਜੋ ਵੀ ਪਹਿਲਾਂ ਆਵੇ",,C,"ਹਾਲਾਂਕਿ ਨਿਯਮ ਅਧਿਕਾਰ ਖੇਤਰ ਅਨੁਸਾਰ ਵੱਖੋ-ਵੱਖਰੇ ਹੁੰਦੇ ਹਨ, ਤੁਹਾਡੀ ਰਾਜ ਸੀਡੀਐਲ ਹੈਂਡਬੁੱਕ ਕਹਿੰਦੀ ਹੈ ਕਿ ਤੁਹਾਨੂੰ ਆਪਣੀ ਯਾਤਰਾ ਦੇ ਪਹਿਲੇ 50 ਮੀਲ ਦੇ ਅੰਦਰ ਅਤੇ ਫਿਰ ਹਰ 3 ਘੰਟੇ ਜਾਂ 150 ਮੀਲ ਦੇ ਅੰਦਰ, ਅਤੇ ਨਾਲ ਹੀ ਹਰ ਇੱਕ ਬ੍ਰੇਕ ਤੋਂ ਬਾਅਦ ਤੁਹਾਡੇ ਮਾਲ ਦੀ ਜਾਂਚ ਕਰਨੀ ਚਾਹੀਦੀ ਹੈ।"
119199,ਇਹਨਾਂ ਵਿੱਚੋਂ ਕਿਹੜੀਆਂ ਸਥਿਤੀਆਂ ਵਿੱਚ ਤੁਹਾਨੂੰ ਆਪਣੇ ਵਾਹਨ ਦੇ ਰੀਟਾਰਡਰ ਨੂੰ ਬੰਦ ਕਰਨ ਬਾਰੇ ਵਿਚਾਰ ਕਰਨਾ ਚਾਹੀਦਾ ਹੈ?,,ਜਦੋਂ ਸੜਕ ਸਾਫ਼ ਅਤੇ ਸੁੱਕੀ ਹੋਵੇ,ਪਹਾੜੀ ਖੇਤਰਾਂ ਵਿੱਚੋਂ ਲੰਘਦੇ ਸਮੇਂ,ਗਿੱਲੀ ਜਾਂ ਬਰਫੀਲੀ ਸੜਕ ਦੀਆਂ ਸਥਿਤੀਆਂ ਵਿੱਚ,,C,"ਰਿਟਾਰਡਰ ਤੁਹਾਡੇ ਵਾਹਨ ਨੂੰ ਡਾਊਨਗ੍ਰੇਡ 'ਤੇ ਹੌਲੀ ਕਰ ਸਕਦੇ ਹਨ ਤਾਂ ਜੋ ਤੁਸੀਂ ਸਰਵਿਸ ਬ੍ਰੇਕਾਂ ਨੂੰ ਦਬਾਉਣ ਤੋਂ ਬਚ ਸਕੋ। ਬਹੁਤ ਸਾਰੇ ਰਿਟਾਰਡਰ ਇੰਜਣ ਦੇ ਵਿਕਾਸ ਦੇ ਰੂਪ ਵਿੱਚ ਵੱਧ ਜਾਂ ਵੱਧ ਹਾਰਸ ਪਾਵਰ ਨੂੰ ਜਜ਼ਬ ਕਰ ਸਕਦੇ ਹਨ। ਪਰ ਜਦੋਂ ਡ੍ਰਾਈਵ ਦੇ ਪਹੀਏ ਦੀ ਟ੍ਰੈਕਸ਼ਨ ਮਾੜੀ ਹੁੰਦੀ ਹੈ (ਜਿਵੇਂ ਕਿ ਇੱਕ ਤਿਲਕਣ ਵਾਲੀ ਸਤਹ 'ਤੇ), ਕੁਝ ਰੀਟਾਰਡਰ ਡਰਾਈਵ ਦੇ ਪਹੀਏ ਨੂੰ ਲਾਕ ਕਰਨ ਦਾ ਕਾਰਨ ਬਣ ਸਕਦੇ ਹਨ, ਜਿਸ ਦੇ ਨਤੀਜੇ ਵਜੋਂ ਸਕਿਡ ਹੋ ਸਕਦਾ ਹੈ। ਇਸ ਲਈ, ਜਦੋਂ ਵੀ ਸੜਕ ਗਿੱਲੀ, ਬਰਫੀਲੀ, ਜਾਂ ਬਰਫ ਨਾਲ ਢਕੀ ਹੋਵੇ ਤਾਂ ਤੁਹਾਨੂੰ ਰਿਟਾਰਡਰ ਨੂੰ ਬੰਦ ਕਰਨਾ ਚਾਹੀਦਾ ਹੈ।"
119196,ਤੁਸੀਂ ਇਹਨਾਂ ਵਿੱਚੋਂ ਕਿਹੜਾ CDL ਟੈਸਟ ਫੇਲ ਹੋ ਸਕਦੇ ਹੋ ਅਤੇ ਫਿਰ ਵੀ ਇੱਕ CDL ਜਾਰੀ ਕੀਤਾ ਜਾ ਸਕਦਾ ਹੈ?,,ਬੁਨਿਆਦੀ ਕੰਟਰੋਲ ਹੁਨਰ ਟੈਸਟ,ਵਾਹਨ ਨਿਰੀਖਣ ਟੈਸਟ,ਉਪਰੋਕਤ ਵਿੱਚੋਂ ਕੋਈ ਵੀ ਨਹੀਂ,,C,"ਤੁਹਾਨੂੰ ਹੁਨਰ ਦੀ ਪ੍ਰੀਖਿਆ ਦੇਣ ਦੀ ਇਜਾਜ਼ਤ ਦੇਣ ਤੋਂ ਪਹਿਲਾਂ ਤੁਹਾਨੂੰ ਗਿਆਨ ਪ੍ਰੀਖਿਆ ਪਾਸ ਕਰਨੀ ਚਾਹੀਦੀ ਹੈ। ਹੁਨਰ ਦੇ ਟੈਸਟ ਵਿੱਚ ਤਿੰਨ ਭਾਗ ਹੁੰਦੇ ਹਨ: ਵਾਹਨ ਦਾ ਨਿਰੀਖਣ, ਵਾਹਨ ਦਾ ਮੁੱਢਲਾ ਨਿਯੰਤਰਣ, ਅਤੇ ਸੜਕ 'ਤੇ ਡਰਾਈਵਿੰਗ। ਤੁਹਾਨੂੰ ਅਗਲਾ ਭਾਗ ਲੈਣ ਦੀ ਇਜਾਜ਼ਤ ਦੇਣ ਤੋਂ ਪਹਿਲਾਂ ਤੁਹਾਨੂੰ ਹਰੇਕ ਭਾਗ ਨੂੰ ਪਾਸ ਕਰਨਾ ਚਾਹੀਦਾ ਹੈ। ਤੁਹਾਨੂੰ CDL ਜਾਰੀ ਕੀਤੇ ਜਾਣ ਤੋਂ ਪਹਿਲਾਂ ਤੁਹਾਨੂੰ ਸਾਰੇ ਤਿੰਨ ਹਿੱਸੇ ਪਾਸ ਕਰਨੇ ਪੈਣਗੇ।"
119200,"ਜੇਕਰ ਤੁਹਾਡੇ ਵਾਹਨ ਨੂੰ ਅੱਗ ਲੱਗ ਜਾਂਦੀ ਹੈ, ਤਾਂ ਸਰਵਿਸ ਸਟੇਸ਼ਨ ਵੱਲ ਖਿੱਚੋ ਕਿਉਂਕਿ ਇਸ ਵਿੱਚ ਬਹੁਤ ਸਾਰੇ ਅੱਗ ਬੁਝਾਊ ਉਪਕਰਨ ਹਨ।",,ਸੱਚ ਹੈ,ਝੂਠਾ,ਹੋਰ ਜਾਣਕਾਰੀ ਤੋਂ ਬਿਨਾਂ ਨਿਰਧਾਰਤ ਕਰਨਾ ਅਸੰਭਵ ਹੈ,,B,"ਜੇਕਰ ਤੁਹਾਡੇ ਵਾਹਨ ਨੂੰ ਅੱਗ ਲੱਗ ਜਾਂਦੀ ਹੈ, ਤਾਂ ਸੜਕ ਨੂੰ ਬੰਦ ਕਰੋ ਅਤੇ ਕਿਸੇ ਵੀ ਚੀਜ਼ ਤੋਂ ਦੂਰ ਕਿਸੇ ਖੁੱਲ੍ਹੇ ਖੇਤਰ ਵਿੱਚ ਪਾਰਕ ਕਰੋ ਜਿਸ ਵਿੱਚ ਅੱਗ ਲੱਗ ਸਕਦੀ ਹੈ, ਜਿਵੇਂ ਕਿ ਇਮਾਰਤਾਂ ਜਾਂ ਦਰੱਖਤ। ਖਾਸ ਤੌਰ 'ਤੇ ਗੈਸ ਸਟੇਸ਼ਨ ਦੇ ਨੇੜੇ ਆਪਣੇ ਬਲਦੇ ਵਾਹਨ ਨੂੰ ਪਾਰਕ ਕਰਨ ਤੋਂ ਬਚੋ!"
126794,"ਸੰਘੀ ਨਿਯਮਾਂ ਦੇ ਤਹਿਤ, ਗੈਰ-ਖਤਰਨਾਕ ਮਾਲ ਢੋਣ ਵੇਲੇ, ਤੁਸੀਂ ਐਮਰਜੈਂਸੀ ਚੇਤਾਵਨੀ ਯੰਤਰਾਂ ਵਜੋਂ ਤਿੰਨ ਫਲੇਅਰਾਂ ਦੀ ਵਰਤੋਂ ਕਰ ਸਕਦੇ ਹੋ, ਬਸ਼ਰਤੇ ਉਹ ਘੱਟੋ-ਘੱਟ",,30 ਮਿੰਟ.,45 ਮਿੰਟ।,15 ਮਿੰਟ.,60 ਮਿੰਟ।,D,"ਫੈਡਰਲ ਰੈਗੂਲੇਸ਼ਨ 49 CFR 393.95 ਦੇ ਅਨੁਸਾਰ, ਸਵੀਕਾਰਯੋਗ ਚੇਤਾਵਨੀ ਉਪਕਰਣਾਂ ਵਿੱਚ ਸ਼ਾਮਲ ਹਨ (1) ਤਿੰਨ ਦੋ-ਦਿਸ਼ਾਵੀ ਪ੍ਰਤੀਬਿੰਬਤ ਤਿਕੋਣ; (2) ਛੇ ਫਿਊਜ਼, ਜਿਨ੍ਹਾਂ ਵਿੱਚੋਂ ਹਰੇਕ ਘੱਟੋ-ਘੱਟ 30 ਮਿੰਟਾਂ ਲਈ ਬਲ ਸਕਦਾ ਹੈ; ਜਾਂ (3) ਤਿੰਨ ਫਲੇਅਰਜ਼, ਜਿਨ੍ਹਾਂ ਵਿੱਚੋਂ ਹਰੇਕ ਘੱਟੋ-ਘੱਟ 60 ਮਿੰਟਾਂ ਲਈ ਬਲ ਸਕਦਾ ਹੈ। ਹਾਲਾਂਕਿ, ਜੇ ਤੁਹਾਡਾ ਵਾਹਨ ਜਲਣਸ਼ੀਲ ਜਾਂ ਵਿਸਫੋਟਕ ਖਤਰਨਾਕ ਸਮੱਗਰੀ ਲੈ ਰਿਹਾ ਹੈ ਤਾਂ ਤੁਸੀਂ ਫਲੇਅਰ ਜਾਂ ਫਿਊਜ਼ ਦੀ ਵਰਤੋਂ ਨਹੀਂ ਕਰ ਸਕਦੇ। ਉਸ ਸਥਿਤੀ ਵਿੱਚ, ਪ੍ਰਤੀਬਿੰਬਤ ਤਿਕੋਣ ਤੁਹਾਡਾ ਇੱਕੋ ਇੱਕ ਵਿਕਲਪ ਹਨ।"
126792,"ਤੁਹਾਡਾ ਕੈਰੀਅਰ ਤੁਹਾਨੂੰ ਅਜਿਹਾ ਕੰਮ ਕਰਨ ਲਈ ਨਿਰਦੇਸ਼ਿਤ ਕਰਦਾ ਹੈ ਜੋ ਸੰਘੀ ਨਿਯਮਾਂ ਦੀ ਉਲੰਘਣਾ ਕਰਦਾ ਹੈ। ਤੁਸੀਂ ਇਸ ਨੂੰ ਆਪਣੇ ਕੈਰੀਅਰ ਵੱਲ ਇਸ਼ਾਰਾ ਕਰਦੇ ਹੋ। ਜੇਕਰ ਤੁਸੀਂ ਕੰਮ ਨਹੀਂ ਕਰਦੇ ਤਾਂ ਕੈਰੀਅਰ ਤੁਹਾਨੂੰ ਬਰਖਾਸਤ ਕਰਨ ਦੀ ਧਮਕੀ ਦਿੰਦਾ ਹੈ। ਸੰਘੀ ਨਿਯਮਾਂ ਦੇ ਤਹਿਤ, ਇਸ ਸਥਿਤੀ ਨੂੰ ਕਿਹਾ ਜਾਂਦਾ ਹੈ",,ਪਰੇਸ਼ਾਨੀ,ਬਲੈਕਮੇਲ,ਜ਼ਬਰਦਸਤੀ,ਜਬਰੀ ਵਸੂਲੀ,C,"ਸੰਘੀ ਨਿਯਮ ""ਜ਼ਬਰਦਸਤੀ"" ਨੂੰ ਪਰਿਭਾਸ਼ਿਤ ਕਰਦੇ ਹਨ ਜਦੋਂ ਇੱਕ ਮੋਟਰ ਕੈਰੀਅਰ, ਸ਼ਿੱਪਰ, ਰਿਸੀਵਰ, ਜਾਂ ਟ੍ਰਾਂਸਪੋਰਟੇਸ਼ਨ ਵਿਚੋਲਾ ਸੰਘੀ ਨਿਯਮਾਂ ਦੀ ਉਲੰਘਣਾ ਵਿੱਚ ਕੰਮ ਕਰਨ ਤੋਂ ਇਨਕਾਰ ਕਰਨ ਲਈ ਕਿਸੇ ਡਰਾਈਵਰ ਦੇ ਵਿਰੁੱਧ ਰੁਜ਼ਗਾਰ ਕਾਰਵਾਈ ਕਰਨ, ਜਾਂ ਸਜ਼ਾ ਦੇਣ ਦੀ ਧਮਕੀ ਦਿੰਦਾ ਹੈ। FMCSA ਦਾ ਜ਼ਬਰਦਸਤੀ ਨਿਯਮ ਮੋਟਰ ਕੈਰੀਅਰਾਂ, ਸ਼ਿਪਰਾਂ, ਰਿਸੀਵਰਾਂ ਅਤੇ ਆਵਾਜਾਈ ਵਿਚੋਲਿਆਂ ਨੂੰ ਡਰਾਈਵਰਾਂ ਨੂੰ ਕੁਝ FMCSA ਨਿਯਮਾਂ ਦੀ ਉਲੰਘਣਾ ਵਿੱਚ ਕੰਮ ਕਰਨ ਲਈ ਮਜਬੂਰ ਕਰਨ ਤੋਂ ਸਪੱਸ਼ਟ ਤੌਰ 'ਤੇ ਮਨਾਹੀ ਕਰਦਾ ਹੈ। ਜੇਕਰ ਤੁਸੀਂ ਅਜਿਹੇ ਜ਼ਬਰਦਸਤੀ ਦੇ ਸ਼ਿਕਾਰ ਹੋਏ ਹੋ, ਤਾਂ ਤੁਸੀਂ FMCSA ਕੋਲ ਜ਼ਬਰਦਸਤੀ ਦੀ ਸ਼ਿਕਾਇਤ ਦਰਜ ਕਰਵਾ ਸਕਦੇ ਹੋ, ਪਰ ਤੁਹਾਨੂੰ ਜ਼ਬਰਦਸਤੀ ਹੋਣ ਦੇ 90 ਦਿਨਾਂ ਦੇ ਅੰਦਰ ਅਜਿਹਾ ਕਰਨਾ ਚਾਹੀਦਾ ਹੈ।"
126793,"ਤੁਹਾਡਾ ਕੈਰੀਅਰ ਤੁਹਾਨੂੰ ਅਜਿਹਾ ਕੰਮ ਕਰਨ ਲਈ ਨਿਰਦੇਸ਼ਿਤ ਕਰਦਾ ਹੈ ਜੋ ਸੰਘੀ ਨਿਯਮਾਂ ਦੀ ਉਲੰਘਣਾ ਕਰਦਾ ਹੈ। ਤੁਸੀਂ ਇਸ ਨੂੰ ਆਪਣੇ ਕੈਰੀਅਰ ਵੱਲ ਇਸ਼ਾਰਾ ਕਰਦੇ ਹੋ। ਜੇਕਰ ਤੁਸੀਂ ਕੰਮ ਨਹੀਂ ਕਰਦੇ ਤਾਂ ਕੈਰੀਅਰ ਤੁਹਾਨੂੰ ਬਰਖਾਸਤ ਕਰਨ ਦੀ ਧਮਕੀ ਦਿੰਦਾ ਹੈ। ਸੰਘੀ ਨਿਯਮਾਂ ਦੇ ਤਹਿਤ, ਜੇਕਰ ਤੁਸੀਂ FMCSA ਕੋਲ ਸ਼ਿਕਾਇਤ ਦਰਜ ਕਰਵਾਉਣਾ ਚਾਹੁੰਦੇ ਹੋ, ਤਾਂ ਤੁਹਾਨੂੰ ਇਸ ਦੇ ਅੰਦਰ ਅਜਿਹਾ ਕਰਨਾ ਚਾਹੀਦਾ ਹੈ",,6 ਮਹੀਨੇ।,60 ਦਿਨ।,90 ਦਿਨ।,30 ਦਿਨ।,C,"ਸੰਘੀ ਨਿਯਮ ""ਜ਼ਬਰਦਸਤੀ"" ਨੂੰ ਪਰਿਭਾਸ਼ਿਤ ਕਰਦੇ ਹਨ ਜਦੋਂ ਇੱਕ ਮੋਟਰ ਕੈਰੀਅਰ, ਸ਼ਿੱਪਰ, ਰਿਸੀਵਰ, ਜਾਂ ਟ੍ਰਾਂਸਪੋਰਟੇਸ਼ਨ ਵਿਚੋਲਾ ਸੰਘੀ ਨਿਯਮਾਂ ਦੀ ਉਲੰਘਣਾ ਵਿੱਚ ਕੰਮ ਕਰਨ ਤੋਂ ਇਨਕਾਰ ਕਰਨ ਲਈ ਕਿਸੇ ਡਰਾਈਵਰ ਦੇ ਵਿਰੁੱਧ ਰੁਜ਼ਗਾਰ ਕਾਰਵਾਈ ਕਰਨ, ਜਾਂ ਸਜ਼ਾ ਦੇਣ ਦੀ ਧਮਕੀ ਦਿੰਦਾ ਹੈ। FMCSA ਦਾ ਜ਼ਬਰਦਸਤੀ ਨਿਯਮ ਮੋਟਰ ਕੈਰੀਅਰਾਂ, ਸ਼ਿਪਰਾਂ, ਰਿਸੀਵਰਾਂ ਅਤੇ ਆਵਾਜਾਈ ਵਿਚੋਲਿਆਂ ਨੂੰ ਡਰਾਈਵਰਾਂ ਨੂੰ ਕੁਝ FMCSA ਨਿਯਮਾਂ ਦੀ ਉਲੰਘਣਾ ਵਿੱਚ ਕੰਮ ਕਰਨ ਲਈ ਮਜਬੂਰ ਕਰਨ ਤੋਂ ਸਪੱਸ਼ਟ ਤੌਰ 'ਤੇ ਮਨਾਹੀ ਕਰਦਾ ਹੈ। ਜੇਕਰ ਤੁਸੀਂ ਅਜਿਹੇ ਜ਼ਬਰਦਸਤੀ ਦੇ ਸ਼ਿਕਾਰ ਹੋਏ ਹੋ, ਤਾਂ ਤੁਸੀਂ FMCSA ਕੋਲ ਜ਼ਬਰਦਸਤੀ ਦੀ ਸ਼ਿਕਾਇਤ ਦਰਜ ਕਰਵਾ ਸਕਦੇ ਹੋ, ਪਰ ਤੁਹਾਨੂੰ ਜ਼ਬਰਦਸਤੀ ਹੋਣ ਦੇ 90 ਦਿਨਾਂ ਦੇ ਅੰਦਰ ਅਜਿਹਾ ਕਰਨਾ ਚਾਹੀਦਾ ਹੈ।"
126791,"ਸੰਘੀ ਨਿਯਮਾਂ ਦੇ ਤਹਿਤ, ਜੇਕਰ ਤੁਸੀਂ ਕਿਸੇ ਦੁਰਘਟਨਾ ਵਿੱਚ ਸ਼ਾਮਲ ਹੋ, ਤਾਂ ਤੁਹਾਨੂੰ ਨਸ਼ੀਲੇ ਪਦਾਰਥਾਂ ਅਤੇ ਅਲਕੋਹਲ ਲਈ ਟੈਸਟ ਕੀਤਾ ਜਾਣਾ ਚਾਹੀਦਾ ਹੈ, ਜਿਸਦੇ ਨਤੀਜੇ ਵਜੋਂ",,ਮੌਤ,ਗੰਭੀਰ ਸੱਟ.,ਇੱਕ ਵਾਹਨ ਦੂਰ ਲਿਜਾਇਆ ਜਾ ਰਿਹਾ ਹੈ।,ਉਪਰੋਕਤ ਵਿੱਚੋਂ ਕੋਈ ਵੀ।,A,"ਫੈਡਰਲ ਰੈਗੂਲੇਸ਼ਨ 49 CFR 382.303 ਦੇ ਤਹਿਤ, ਜੇਕਰ ਤੁਸੀਂ ਕਿਸੇ ਦੁਰਘਟਨਾ ਵਿੱਚ ਸ਼ਾਮਲ ਹੋ, ਤਾਂ ਤੁਹਾਡੇ ਮਾਲਕ ਨੂੰ ਨਸ਼ੇ ਅਤੇ ਅਲਕੋਹਲ ਲਈ ਤੁਹਾਡੀ ਜਾਂਚ ਕਰਨੀ ਚਾਹੀਦੀ ਹੈ ਜੇਕਰ (a) ਕੋਈ ਮੌਤ ਹੋਈ ਸੀ, ਜਾਂ (b) ਤੁਹਾਨੂੰ ਸਥਾਨਕ ਜਾਂ ਰਾਜ ਦੇ ਕਾਨੂੰਨ ਦੇ ਤਹਿਤ ਇੱਕ ਹਵਾਲਾ ਮਿਲਿਆ ਹੈ ਅਤੇ ਹਾਦਸੇ ਵਿੱਚ ਇੱਕ ਜ਼ਖਮੀ ਵਿਅਕਤੀ ਸ਼ਾਮਲ ਹੈ ਜੋ ਘਟਨਾ ਸਥਾਨ ਤੋਂ ਲਿਜਾਇਆ ਜਾ ਰਿਹਾ ਹੈ ਜਾਂ ਇੱਕ ਅਪਾਹਜ ਵਾਹਨ ਨੂੰ ਘਟਨਾ ਸਥਾਨ ਤੋਂ ਲਿਜਾਇਆ ਜਾ ਰਿਹਾ ਹੈ। ਜੇਕਰ ਤੁਹਾਨੂੰ ਹਵਾਲਾ ਨਹੀਂ ਦਿੱਤਾ ਗਿਆ ਸੀ, ਤਾਂ ਤੁਹਾਨੂੰ ਉਦੋਂ ਤੱਕ ਜਾਂਚ ਕਰਨ ਦੀ ਜ਼ਰੂਰਤ ਨਹੀਂ ਹੈ ਜਦੋਂ ਤੱਕ ਕਰੈਸ਼ ਦੇ ਨਤੀਜੇ ਵਜੋਂ ਮੌਤ ਨਹੀਂ ਹੁੰਦੀ ਹੈ।"
126790,ਕਮਰਸ਼ੀਅਲ ਵਹੀਕਲ ਸੇਫਟੀ ਅਲਾਇੰਸ (CVSA) ਸੜਕ ਕਿਨਾਰੇ ਨਿਰੀਖਣਾਂ ਦੇ ਅੱਠ ਵੱਖ-ਵੱਖ ਪੱਧਰਾਂ ਨੂੰ ਪਰਿਭਾਸ਼ਿਤ ਕਰਦਾ ਹੈ। ਕਿਸ ਪੱਧਰ ਵਿੱਚ ਸਭ ਤੋਂ ਵਿਆਪਕ ਨਿਰੀਖਣ ਸ਼ਾਮਲ ਹੈ?,,5,8,2,1,D,"ਕਮਰਸ਼ੀਅਲ ਵਹੀਕਲ ਸੇਫਟੀ ਅਲਾਇੰਸ (CVSA) ਨੇ ਨੈਸ਼ਨਲ ਰੋਡਸਾਈਡ ਇੰਸਪੈਕਸ਼ਨ ਪ੍ਰੋਗਰਾਮ ਵਿਕਸਿਤ ਕੀਤਾ ਹੈ, ਜੋ ਨਿਰੀਖਣਾਂ ਦੇ ਅੱਠ ਵੱਖ-ਵੱਖ ਪੱਧਰਾਂ ਨੂੰ ਪਰਿਭਾਸ਼ਿਤ ਕਰਦਾ ਹੈ, ਹਰ ਇੱਕ ਦਾ ਨਿਰੀਖਣ ਕੀਤੇ ਜਾਣ ਵਾਲੀਆਂ ਚੀਜ਼ਾਂ ਦੀ ਆਪਣੀ ਸੂਚੀ ਹੈ। ਪੱਧਰ 1 ਸਭ ਤੋਂ ਵਿਆਪਕ ਹੈ। ਡਰਾਈਵਰ ਅਤੇ ਵਾਹਨ ਦੋਵਾਂ ਦੀ ਜਾਂਚ ਕੀਤੀ ਜਾਂਦੀ ਹੈ। ਇੰਸਪੈਕਟਰ ਵਾਕਅਰਾਉਂਡ ਨਿਰੀਖਣ ਦੁਆਰਾ ਵਾਹਨ ਦੀ ਜਾਂਚ ਕਰਦਾ ਹੈ ਅਤੇ ਵਾਹਨ ਦੇ ਹੇਠਾਂ ਸਰੀਰਕ ਤੌਰ 'ਤੇ ਜਾ ਕੇ ਉਥੇ ਨੁਕਸ ਦੀ ਜਾਂਚ ਕਰਦਾ ਹੈ। ਲੈਵਲ 2 ਲੈਵਲ 1 ਦੇ ਸਮਾਨ ਹੈ, ਸਿਵਾਏ ਇੰਸਪੈਕਟਰ ਵਾਹਨ ਦੇ ਹੇਠਾਂ ਨਹੀਂ ਆਉਂਦਾ ਹੈ। ਵਾਹਨ 'ਤੇ ਸਿਰਫ ਵਾਕਅਰਾਉਂਡ ਨਿਰੀਖਣ ਕੀਤਾ ਜਾਂਦਾ ਹੈ।"
3690,"ਇੱਕ ਟੱਕਰ ਵਿੱਚ, ਤੁਹਾਡਾ _______ ਤੁਹਾਡੇ ਸਿਰ ਅਤੇ ਛਾਤੀ ਨੂੰ ਡੈਸ਼ਬੋਰਡ ਜਾਂ ਵਿੰਡਸ਼ੀਲਡ ਨੂੰ ਮਾਰਨ ਤੋਂ ਰੋਕਦਾ ਹੈ।",,ਮੋਢੇ ਦੀ ਪੱਟੀ,ਸਟੀਅਰਿੰਗ,ਅੰਦਰ ਸ਼ੀਟ,ਸਿਰ ਸੰਜਮ,A,ਇੱਕ ਸੁਮੇਲ ਲੈਪ ਅਤੇ ਮੋਢੇ ਦੀ ਬੈਲਟ ਇੱਕ ਮੋਟਰ ਵਾਹਨ ਹਾਦਸੇ ਵਿੱਚ ਗੰਭੀਰ ਰੂਪ ਵਿੱਚ ਜ਼ਖਮੀ ਹੋਣ ਦੀ ਸੰਭਾਵਨਾ ਨੂੰ ਬਹੁਤ ਘਟਾਉਂਦੀ ਹੈ। ਲੈਪ ਬੈਲਟ ਬਾਹਰ ਨਿਕਲਣ ਤੋਂ ਰੋਕਦੀ ਹੈ ਅਤੇ ਤੁਹਾਡੇ ਹੇਠਲੇ ਸਰੀਰ ਦੀ ਰੱਖਿਆ ਕਰਦੀ ਹੈ। ਮੋਢੇ ਦੀ ਪੱਟੀ ਤੁਹਾਡੇ ਸਿਰ ਅਤੇ ਛਾਤੀ ਨੂੰ ਡੈਸ਼ਬੋਰਡ ਜਾਂ ਵਿੰਡਸ਼ੀਲਡ ਨੂੰ ਮਾਰਨ ਤੋਂ ਰੋਕਦੀ ਹੈ।
3700,"ਕਿਸੇ ਟਰੱਕ ਜਾਂ ਹੋਰ ਵਪਾਰਕ ਮੋਟਰ ਵਾਹਨ ਨੂੰ ਲੰਘਣ ਵੇਲੇ, ਲੰਘਣ ਵਾਲੇ ਕਾਰ ਚਾਲਕ ਨੂੰ ਜ਼ਰੂਰ ਧਿਆਨ ਦੇਣਾ ਚਾਹੀਦਾ ਹੈ",,ਟਰੱਕ ਦਾ ਭਾਰ.,"ਸਾਈਡ, ਰਿਅਰ, ਅਤੇ ਫਰੰਟ ਨੋ-ਜ਼ੋਨ।",ਟਰੱਕ ਦੀ ਲੰਬਾਈ.,ਟਰੱਕ ਦੇ ਵੱਡੇ ਸ਼ੀਸ਼ੇ।,B,"ਟਰੱਕ ਜਾਂ ਹੋਰ ਵੱਡੇ ਵਪਾਰਕ ਮੋਟਰ ਵਾਹਨ ਨੂੰ ਲੰਘਣ ਵੇਲੇ ਟਰੱਕ ਦਾ ਭਾਰ ਸਿੱਧੇ ਤੌਰ 'ਤੇ ਚਿੰਤਾ ਦਾ ਵਿਸ਼ਾ ਨਹੀਂ ਹੈ। ਹਾਲਾਂਕਿ ਇਹ ਸੱਚ ਹੈ ਕਿ ਟਰੱਕ ਭਾਰੀ ਹੁੰਦੇ ਹਨ ਅਤੇ ਰੁਕਣ ਵਿੱਚ ਜ਼ਿਆਦਾ ਸਮਾਂ ਲੈਂਦੇ ਹਨ, ਪਰ ਲੰਘਣ ਵੇਲੇ ਇਹ ਮੁੱਖ ਕਾਰਕ ਨਹੀਂ ਹੈ। ਮੁੱਖ ਚਿੰਤਾ ਟਰੱਕ ਦੇ ਨੋ-ਜ਼ੋਨ, ਜਾਂ ਬਲਾਇੰਡ ਸਪੌਟਸ ਹੋਣੀ ਚਾਹੀਦੀ ਹੈ।"
3704,ਇੱਕ ਫਲੈਸ਼ਿੰਗ ਪੀਲੀ ਰੋਸ਼ਨੀ ਦਾ ਮਤਲਬ ਹੈ ਕਿ,,ਤੁਸੀਂ ਸਾਵਧਾਨੀ ਨਾਲ ਅੱਗੇ ਵਧ ਸਕਦੇ ਹੋ।,ਤੁਹਾਨੂੰ ਆਪਣੀ ਗਤੀ ਵਧਾਉਣੀ ਚਾਹੀਦੀ ਹੈ।,ਤੁਸੀਂ ਸਿੱਧੇ ਅੱਗੇ ਜਾ ਸਕਦੇ ਹੋ।,ਤੁਹਾਨੂੰ ਇੱਕ ਪੂਰੀ ਸਟਾਪ 'ਤੇ ਆਉਣਾ ਚਾਹੀਦਾ ਹੈ.,A,ਇੱਕ ਚਮਕਦੀ ਪੀਲੀ ਰੋਸ਼ਨੀ ਇੱਕ ਖ਼ਤਰੇ ਦੀ ਚੇਤਾਵਨੀ ਹੈ। ਹੌਲੀ ਕਰੋ ਅਤੇ ਸਾਵਧਾਨੀ ਨਾਲ ਅੱਗੇ ਵਧੋ।
3698,ਹਾਈਵੇਅ 'ਤੇ ਪਿਛਲੇ ਪਾਸੇ ਦੇ ਕਰੈਸ਼ ਆਮ ਹਨ ਕਿਉਂਕਿ ਬਹੁਤ ਸਾਰੇ ਡਰਾਈਵਰ ਹਨ,,ਆਪਣੇ ਬ੍ਰੇਕ ਲਗਾਉਣ ਲਈ ਹੋਰ ਸਮਾਂ ਲਓ।,ਸ਼ਰਾਬ ਦੇ ਪ੍ਰਭਾਵ ਹੇਠ ਗੱਡੀ.,ਹੈੱਡਲਾਈਟਾਂ ਦੀ ਵਰਤੋਂ ਨਾ ਕਰੋ।,ਬਹੁਤ ਧਿਆਨ ਨਾਲ ਪਾਲਣਾ ਕਰੋ.,D,"ਬ੍ਰੇਕ ਲਗਾਉਣ ਲਈ ਬਹੁਤ ਜ਼ਿਆਦਾ ਸਮਾਂ ਲਗਾਉਣਾ ਪਿਛਲੇ ਪਾਸੇ ਦੇ ਕਰੈਸ਼ਾਂ ਵਿੱਚ ਯੋਗਦਾਨ ਪਾ ਸਕਦਾ ਹੈ, ਪਰ ਇਹ ਮੁੱਖ ਕਾਰਨ ਨਹੀਂ ਹੈ। ਮੁੱਖ ਕਾਰਨ ਬਹੁਤ ਧਿਆਨ ਨਾਲ ਪਾਲਣਾ ਕਰਨਾ ਹੈ, ਜੋ ਲੋੜ ਪੈਣ 'ਤੇ ਪ੍ਰਤੀਕ੍ਰਿਆ ਕਰਨ ਅਤੇ ਬ੍ਰੇਕ ਲਗਾਉਣ ਲਈ ਕਾਫ਼ੀ ਸਮਾਂ ਅਤੇ ਜਗ੍ਹਾ ਨਹੀਂ ਦਿੰਦਾ ਹੈ।"
3697,"ਗੋਲ ਚੱਕਰ ਵਿੱਚ ਦਾਖਲ ਹੋਣ ਅਤੇ ਬਾਹਰ ਨਿਕਲਣ ਵੇਲੇ, ਤੁਹਾਨੂੰ ਹਮੇਸ਼ਾਂ ਚਾਹੀਦਾ ਹੈ",,ਆਪਣੀ ਗਤੀ ਵਧਾਓ।,ਖੱਬੇ ਰੱਖੋ.,ਸਹੀ ਰੱਖੋ.,ਲੇਨ ਬਦਲੋ.,C,"ਤੁਹਾਡੀ ਗਤੀ ਨੂੰ ਵਧਾਉਣਾ ਗਲਤ ਹੈ ਕਿਉਂਕਿ ਗੋਲ ਚੱਕਰ ਆਵਾਜਾਈ ਨੂੰ ਹੌਲੀ ਕਰਨ ਅਤੇ ਸੁਰੱਖਿਆ ਨੂੰ ਉਤਸ਼ਾਹਿਤ ਕਰਨ ਲਈ ਤਿਆਰ ਕੀਤੇ ਗਏ ਹਨ। ਗੋਲ ਚੱਕਰ ਵਿੱਚ ਦਾਖਲ ਹੋਣ ਵੇਲੇ, ਤੁਹਾਨੂੰ ਹੌਲੀ ਹੋ ਜਾਣਾ ਚਾਹੀਦਾ ਹੈ ਅਤੇ ਚੱਕਰ ਵਿੱਚ ਪਹਿਲਾਂ ਤੋਂ ਹੀ ਟ੍ਰੈਫਿਕ ਨੂੰ ਪ੍ਰਾਪਤ ਕਰਨਾ ਚਾਹੀਦਾ ਹੈ। ਤੁਹਾਡੀ ਗਤੀ ਵਧਾਉਣ ਨਾਲ ਟੱਕਰ ਹੋ ਸਕਦੀ ਹੈ ਅਤੇ ਦੂਜੇ ਡ੍ਰਾਈਵਰਾਂ ਲਈ ਚੌਕ ਵਿੱਚ ਸੁਰੱਖਿਅਤ ਢੰਗ ਨਾਲ ਦਾਖਲ ਹੋਣਾ ਜਾਂ ਬਾਹਰ ਨਿਕਲਣਾ ਮੁਸ਼ਕਲ ਹੋ ਸਕਦਾ ਹੈ।"
3703,"ਸਕਿਡ ਤੋਂ ਬਚਣ ਲਈ, ਕਰਵ ਵਿੱਚ ਦਾਖਲ ਹੋਣ ਤੋਂ ਪਹਿਲਾਂ ਤੁਹਾਨੂੰ ਹੇਠ ਲਿਖਿਆਂ ਵਿੱਚੋਂ ਕੀ ਕਰਨਾ ਚਾਹੀਦਾ ਹੈ?",,ਅੱਗੇ ਸਾਫ਼ ਦ੍ਰਿਸ਼ ਦੇਖਣ ਲਈ ਹੈੱਡਲਾਈਟਾਂ ਨੂੰ ਚਾਲੂ ਕਰੋ।,ਗੈਸ ਪੈਡਲ ਨੂੰ ਦਬਾ ਕੇ ਆਪਣੀ ਗਤੀ ਵਧਾਓ।,ਬ੍ਰੇਕ ਲਗਾ ਕੇ ਆਪਣੀ ਗਤੀ ਘਟਾਓ।,ਹੇਠਲੇ ਗੇਅਰ ਵਿੱਚ ਸ਼ਿਫਟ ਕਰੋ।,C,"ਤੁਹਾਡੀਆਂ ਹੈੱਡਲਾਈਟਾਂ ਨੂੰ ਚਾਲੂ ਕਰਨਾ ਗਲਤ ਹੈ ਕਿਉਂਕਿ ਇਹ ਤੁਹਾਡੇ ਵਾਹਨ ਦੀ ਹੈਂਡਲਿੰਗ ਜਾਂ ਕਰਵ ਵਿੱਚ ਫਿਸਲਣ ਦੀਆਂ ਸੰਭਾਵਨਾਵਾਂ ਨੂੰ ਸਿੱਧੇ ਤੌਰ 'ਤੇ ਪ੍ਰਭਾਵਿਤ ਨਹੀਂ ਕਰਦਾ ਹੈ। ਜਦੋਂ ਕਿ ਤੁਹਾਡੀਆਂ ਹੈੱਡਲਾਈਟਾਂ ਨੂੰ ਚਾਲੂ ਰੱਖਣ ਨਾਲ ਤੁਹਾਡੀ ਦਿੱਖ ਵਿੱਚ ਸੁਧਾਰ ਹੋ ਸਕਦਾ ਹੈ ਅਤੇ ਦੂਜੇ ਡਰਾਈਵਰਾਂ ਨੂੰ ਤੁਹਾਨੂੰ ਦੇਖਣ ਵਿੱਚ ਮਦਦ ਮਿਲ ਸਕਦੀ ਹੈ, ਇਹ ਤੁਹਾਡੇ ਵਾਹਨ ਨੂੰ ਇੱਕ ਕਰਵ ਵਿੱਚ ਸੰਭਾਲਣ ਦੇ ਤਰੀਕੇ ਨੂੰ ਨਹੀਂ ਬਦਲਦਾ। ਖਿਸਕਣ ਦੀਆਂ ਸੰਭਾਵਨਾਵਾਂ ਨੂੰ ਘਟਾਉਣ ਲਈ, ਤੁਹਾਨੂੰ ਕਰਵ ਵਿੱਚ ਦਾਖਲ ਹੋਣ ਤੋਂ ਪਹਿਲਾਂ ਹੌਲੀ ਹੋ ਜਾਣਾ ਚਾਹੀਦਾ ਹੈ।"
3688,"ਜਦੋਂ ਤੁਸੀਂ ਕਿਸੇ ਬਜ਼ੁਰਗ ਵਿਅਕਤੀ ਨੂੰ ਚੌਰਾਹੇ ਨੂੰ ਪਾਰ ਕਰਦੇ ਦੇਖਦੇ ਹੋ, ਤਾਂ ਤੁਹਾਨੂੰ ਚਾਹੀਦਾ ਹੈ",,ਆਪਣੇ ਵਾਹਨ ਨੂੰ ਚਲਾਉਣਾ ਜਾਰੀ ਰੱਖੋ।,ਆਪਣੇ ਵਾਹਨ ਦੀ ਗਤੀ ਵਧਾਓ ਅਤੇ ਚੌਰਾਹੇ ਨੂੰ ਤੇਜ਼ੀ ਨਾਲ ਪਾਰ ਕਰੋ।,ਵਿਅਕਤੀ ਨੂੰ ਰੋਕਣ ਲਈ ਆਪਣਾ ਸਿੰਗ ਵਜਾਓ।,ਆਪਣੇ ਵਾਹਨ ਨੂੰ ਰੋਕੋ ਅਤੇ ਸੱਜੇ ਪਾਸੇ ਦਾ ਰਸਤਾ ਪ੍ਰਾਪਤ ਕਰੋ।,D,"ਜਦੋਂ ਕੋਈ ਪੈਦਲ, ਖਾਸ ਤੌਰ 'ਤੇ ਬਜ਼ੁਰਗ ਵਿਅਕਤੀ, ਚੌਰਾਹੇ ਨੂੰ ਪਾਰ ਕਰ ਰਿਹਾ ਹੁੰਦਾ ਹੈ, ਤਾਂ ਬਿਨਾਂ ਰੁਕੇ ਜਾਂ ਸਹੀ-ਮਾਰਗ ਨੂੰ ਛੱਡੇ ਗੱਡੀ ਚਲਾਉਣਾ ਖਤਰਨਾਕ ਅਤੇ ਗੈਰ-ਕਾਨੂੰਨੀ ਹੁੰਦਾ ਹੈ। ਤੁਹਾਨੂੰ ਹਮੇਸ਼ਾ ਪੈਦਲ ਚੱਲਣ ਵਾਲਿਆਂ ਦੀ ਸੁਰੱਖਿਆ ਨੂੰ ਯਕੀਨੀ ਬਣਾਉਣ ਲਈ ਕ੍ਰਾਸਵਾਕ ਅਤੇ ਚੌਰਾਹਿਆਂ ਵਿੱਚ ਪੇਸ਼ ਹੋਣਾ ਚਾਹੀਦਾ ਹੈ।"
3691,"ਸਟਾਪ ਸਾਈਨ 'ਤੇ, ਜਦੋਂ ਤੁਸੀਂ ਸੱਜੇ ਮੁੜਨ ਦੀ ਉਡੀਕ ਕਰ ਰਹੇ ਹੋ ਅਤੇ ਖੱਬੇ ਪਾਸੇ ਤੋਂ ਆ ਰਹੇ ਵਾਹਨ ਦਾ ਮੋੜ ਦਾ ਸਿਗਨਲ ਚਾਲੂ ਹੈ, ਤਾਂ ਤੁਹਾਨੂੰ ਲਾਜ਼ਮੀ ਤੌਰ 'ਤੇ",,ਇੰਤਜ਼ਾਰ ਕਰੋ ਜਦੋਂ ਤੱਕ ਦੂਜਾ ਡਰਾਈਵਰ ਅਸਲ ਵਿੱਚ ਮੁੜਨਾ ਸ਼ੁਰੂ ਨਹੀਂ ਕਰਦਾ ਅਤੇ ਫਿਰ ਆਪਣੀ ਵਾਰੀ ਸ਼ੁਰੂ ਕਰੋ।,ਐਕਸਲੇਟਰ ਨੂੰ ਤੁਰੰਤ ਦਬਾਓ।,ਆਪਣੀਆਂ ਹੈੱਡਲਾਈਟਾਂ ਨੂੰ ਜਲਦੀ ਚਾਲੂ ਕਰੋ।,ਮੋੜ ਦੇ ਨਾਲ ਅੱਗੇ ਵਧੋ ਕਿਉਂਕਿ ਤੁਹਾਨੂੰ ਯਕੀਨ ਹੈ ਕਿ ਦੂਜਾ ਡਰਾਈਵਰ ਮੋੜ ਰਿਹਾ ਹੈ।,A,"ਸਟਾਪ ਸਾਈਨ 'ਤੇ, ਜਦੋਂ ਤੁਸੀਂ ਸੱਜੇ ਮੁੜਨ ਦੀ ਉਡੀਕ ਕਰ ਰਹੇ ਹੁੰਦੇ ਹੋ ਅਤੇ ਖੱਬੇ ਪਾਸੇ ਤੋਂ ਆ ਰਹੇ ਵਾਹਨ ਦਾ ਮੋੜ ਦਾ ਸਿਗਨਲ ਚਾਲੂ ਹੁੰਦਾ ਹੈ, ਤਾਂ ਤੁਹਾਨੂੰ ਉਦੋਂ ਤੱਕ ਉਡੀਕ ਕਰਨੀ ਚਾਹੀਦੀ ਹੈ ਜਦੋਂ ਤੱਕ ਦੂਜਾ ਡਰਾਈਵਰ ਅਸਲ ਵਿੱਚ ਮੁੜਨਾ ਸ਼ੁਰੂ ਨਹੀਂ ਕਰਦਾ, ਅਤੇ ਫਿਰ ਆਪਣੀ ਵਾਰੀ ਸ਼ੁਰੂ ਕਰੋ।"
3699,"ਜੇਕਰ ਤੁਸੀਂ ਗੱਡੀ ਚਲਾਉਂਦੇ ਸਮੇਂ ਅਚਾਨਕ ਟਾਇਰ ਫਲੈਟ ਹੋ ਜਾਂਦਾ ਹੈ, ਤਾਂ ਤੁਹਾਨੂੰ ਜ਼ਰੂਰ ਕਰਨਾ ਚਾਹੀਦਾ ਹੈ",,ਆਪਣੇ ਵਾਹਨ ਨੂੰ ਕੰਟਰੋਲ ਕਰਨ ਲਈ ਆਪਣੀ ਗਤੀ ਵਧਾਓ।,ਆਪਣੇ ਵਾਹਨ ਨੂੰ ਸੜਕ 'ਤੇ ਰੋਕੋ।,ਸਟੀਅਰਿੰਗ ਵ੍ਹੀਲ ਨੂੰ ਕੱਸ ਕੇ ਫੜੋ ਅਤੇ ਵਾਹਨ ਨੂੰ ਸਿੱਧਾ ਰੱਖੋ।,ਸੜਕ ਦੇ ਖੱਬੇ ਪਾਸੇ ਚਲੇ ਜਾਓ।,C,"ਜਦੋਂ ਟਾਇਰ ਫਲੈਟ ਹੋ ਜਾਂਦਾ ਹੈ ਤਾਂ ਆਪਣੀ ਗਤੀ ਵਧਾਉਣਾ ਖਤਰਨਾਕ ਹੁੰਦਾ ਹੈ ਕਿਉਂਕਿ ਇਸ ਨਾਲ ਤੁਸੀਂ ਆਪਣੇ ਵਾਹਨ ਦਾ ਕੰਟਰੋਲ ਗੁਆ ਸਕਦੇ ਹੋ। ਇਸ ਦੀ ਬਜਾਏ, ਸਟੀਅਰਿੰਗ ਵ੍ਹੀਲ 'ਤੇ ਆਪਣੀ ਪਕੜ ਬਣਾਈ ਰੱਖੋ, ਆਪਣੇ ਵਾਹਨ ਨੂੰ ਸਿੱਧਾ ਰੱਖੋ, ਅਤੇ ਹੌਲੀ ਹੌਲੀ ਹੌਲੀ ਕਰੋ।"
3693,"ਜੇਕਰ ਤੁਹਾਨੂੰ ਵਾਹਨ ਦੀ ਸਮੱਸਿਆ ਆ ਰਹੀ ਹੈ ਅਤੇ ਤੁਹਾਨੂੰ ਰੋਕਣ ਦੀ ਲੋੜ ਹੈ, ਤਾਂ ਤੁਹਾਨੂੰ ਸਭ ਤੋਂ ਪਹਿਲਾਂ ਕੀ ਕਰਨਾ ਚਾਹੀਦਾ ਹੈ?",,ਮਦਦ ਲਈ ਆਪਣੇ ਡਰਾਈਵਰ ਦੇ ਮੈਨੂਅਲ ਦੀ ਜਾਂਚ ਕਰੋ।,ਸੜਕ ਨੂੰ ਬੰਦ ਕਰੋ ਅਤੇ ਆਵਾਜਾਈ ਤੋਂ ਦੂਰ ਚਲੇ ਜਾਓ।,ਸੰਕਟਕਾਲੀਨ ਸੰਕੇਤ ਦੇਣ ਲਈ ਹੁੱਡ ਨੂੰ ਚੁੱਕੋ।,ਆਪਣੇ ਵਾਹਨ ਨੂੰ ਇੱਕ ਪਹਾੜੀ ਉੱਤੇ ਜਾਂ ਸਿਰਫ਼ ਇੱਕ ਵਕਰ ਦੇ ਆਲੇ-ਦੁਆਲੇ ਦਿੱਖ ਲਈ ਰੋਕੋ।,B,"ਮਦਦ ਲਈ ਆਪਣੇ ਡ੍ਰਾਈਵਰ ਦੇ ਮੈਨੂਅਲ ਦੀ ਜਾਂਚ ਕਰਨਾ ਪਹਿਲੀ ਗੱਲ ਨਹੀਂ ਹੈ ਜਦੋਂ ਤੁਹਾਨੂੰ ਵਾਹਨ ਦੀ ਸਮੱਸਿਆ ਆਉਂਦੀ ਹੈ। ਤੁਹਾਡੀ ਫੌਰੀ ਤਰਜੀਹ ਸੜਕ 'ਤੇ ਆਪਣੀ ਅਤੇ ਦੂਸਰਿਆਂ ਦੀ ਸੁਰੱਖਿਆ ਨੂੰ ਯਕੀਨੀ ਬਣਾਉਣਾ ਹੋਣੀ ਚਾਹੀਦੀ ਹੈ ਕਿ ਤੁਸੀਂ ਸੜਕ ਨੂੰ ਬੰਦ ਕਰਕੇ ਅਤੇ ਆਵਾਜਾਈ ਤੋਂ ਦੂਰ ਹੋਵੋ। ਇੱਕ ਵਾਰ ਜਦੋਂ ਤੁਸੀਂ ਸੁਰੱਖਿਅਤ ਸਥਾਨ 'ਤੇ ਹੋ, ਤਾਂ ਤੁਸੀਂ ਫਿਰ ਆਪਣੇ ਡਰਾਈਵਰ ਦੇ ਮੈਨੂਅਲ ਨਾਲ ਸਲਾਹ ਕਰ ਸਕਦੇ ਹੋ ਜਾਂ ਕਿਸੇ ਪੇਸ਼ੇਵਰ ਤੋਂ ਸਹਾਇਤਾ ਲੈ ਸਕਦੇ ਹੋ।"
3702,"ਇੱਕ ਦਿਸ਼ਾ ਵਿੱਚ ਕਈ ਲੇਨਾਂ ਵਾਲੇ ਮਲਟੀਲੇਨ ਰੋਡਵੇਅ 'ਤੇ, ਤੁਹਾਨੂੰ ਲੰਘਣ ਲਈ _________ ਦੀ ਵਰਤੋਂ ਕਰਨੀ ਚਾਹੀਦੀ ਹੈ।",,ਕੋਈ ਵੀ ਲੇਨ,ਮੱਧ ਲੇਨ,ਮੱਧ ਅਤੇ ਖੱਬੇ ਲੇਨ,ਦੂਰ ਸੱਜੇ ਲੇਨ,C,"ਲੰਘਣ ਲਈ ਕਿਸੇ ਵੀ ਲੇਨ ਦੀ ਵਰਤੋਂ ਕਰਨ ਨਾਲ ਸੜਕ 'ਤੇ ਉਲਝਣ ਅਤੇ ਸੰਭਾਵੀ ਤੌਰ 'ਤੇ ਖਤਰਨਾਕ ਸਥਿਤੀਆਂ ਪੈਦਾ ਹੋ ਸਕਦੀਆਂ ਹਨ। ਉਦਾਹਰਨ ਲਈ, ਸੱਜੇ ਲੇਨ ਵਿੱਚ ਲੰਘਣਾ ਖ਼ਤਰਨਾਕ ਹੋ ਸਕਦਾ ਹੈ ਕਿਉਂਕਿ ਜਦੋਂ ਤੁਸੀਂ ਪਾਸ ਨੂੰ ਪੂਰਾ ਕਰਨ ਦੀ ਕੋਸ਼ਿਸ਼ ਕਰ ਰਹੇ ਹੁੰਦੇ ਹੋ ਤਾਂ ਤੁਹਾਨੂੰ ਸੜਕ ਦੇ ਅੰਦਰ ਜਾਣ ਜਾਂ ਬਾਹਰ ਜਾਣ ਵਾਲੇ ਵਾਹਨਾਂ ਨਾਲ ਝਗੜਾ ਕਰਨਾ ਪੈ ਸਕਦਾ ਹੈ। ਲੰਘਣ ਲਈ ਸਿਰਫ਼ ਵਿਚਕਾਰਲੀ ਜਾਂ ਖੱਬੀ ਲੇਨਾਂ ਦੀ ਵਰਤੋਂ ਕਰੋ।"
3695,"ਜੇਕਰ ਤੁਸੀਂ ਸਟਾਪ ਸਾਈਨ ਦੇ ਨੇੜੇ ਆ ਰਹੇ ਹੋ, ਤਾਂ ਤੁਹਾਨੂੰ ਲਾਜ਼ਮੀ ਹੈ",,ਸੜਕ ਦੇ ਕਿਨਾਰੇ 'ਤੇ ਰੁਕੋ.,ਟੁੱਟੀ ਚਿੱਟੀ ਸਟਾਪ ਲਾਈਨ 'ਤੇ ਰੁਕੋ।,ਟੁੱਟੀ ਹੋਈ ਪੀਲੀ ਸਟਾਪ ਲਾਈਨ 'ਤੇ ਰੁਕੋ।,ਠੋਸ ਸਫੈਦ ਸਟਾਪ ਲਾਈਨ 'ਤੇ ਰੁਕੋ।,D,"ਸੜਕ ਦੇ ਕਿਨਾਰੇ 'ਤੇ ਰੁਕਣਾ ਪੈਦਲ ਯਾਤਰੀਆਂ ਜਾਂ ਹੋਰ ਵਾਹਨਾਂ ਨੂੰ ਸੁਰੱਖਿਅਤ ਢੰਗ ਨਾਲ ਲੰਘਣ ਲਈ ਲੋੜੀਂਦੀ ਜਗ੍ਹਾ ਪ੍ਰਦਾਨ ਨਹੀਂ ਕਰ ਸਕਦਾ ਹੈ। ਤੁਹਾਨੂੰ ਚੌਰਾਹੇ ਦੇ ਆਪਣੇ ਪਾਸੇ ਦੇ ਕਰਾਸਵਾਕ ਵਿੱਚ ਦਾਖਲ ਹੋਣ ਤੋਂ ਪਹਿਲਾਂ, ਠੋਸ ਸਫੈਦ ਸਟਾਪ ਲਾਈਨ 'ਤੇ ਰੁਕਣਾ ਚਾਹੀਦਾ ਹੈ ਜਾਂ, ਜੇਕਰ ਕੋਈ ਸਟਾਪ ਲਾਈਨ ਨਹੀਂ ਹੈ। ਅਜਿਹੇ ਮਾਮਲਿਆਂ ਵਿੱਚ ਜਿੱਥੇ ਕੋਈ ਕ੍ਰਾਸਵਾਕ ਜਾਂ ਸਟਾਪ ਲਾਈਨ ਨਹੀਂ ਹੈ, ਤੁਹਾਨੂੰ ਇੰਟਰਸੈਕਟਿੰਗ ਰੋਡਵੇਅ ਦੇ ਨਜ਼ਦੀਕ ਇੱਕ ਬਿੰਦੂ 'ਤੇ ਰੁਕਣਾ ਚਾਹੀਦਾ ਹੈ ਜਿੱਥੇ ਤੁਹਾਡੇ ਕੋਲ ਆਉਣ ਵਾਲੇ ਟ੍ਰੈਫਿਕ ਦਾ ਸਪਸ਼ਟ ਦ੍ਰਿਸ਼ ਹੈ।"
3686,"ਇੱਕ ਸਮਾਨਾਂਤਰ ਪਾਰਕਿੰਗ ਸਥਾਨ ਨੂੰ ਛੱਡਣ ਦੀ ਤਿਆਰੀ ਕਰਦੇ ਸਮੇਂ, ਤੁਹਾਨੂੰ ਚਾਹੀਦਾ ਹੈ",,ਆਪਣੇ ਮੋਢੇ ਉੱਤੇ ਦੇਖੋ।,ਰਿਅਰ-ਵਿਊ ਸ਼ੀਸ਼ੇ ਵਿੱਚ ਦੇਖੋ।,ਸਿਗਨਲ ਦੁਆਰਾ ਆਪਣੇ ਇਰਾਦੇ ਨੂੰ ਦਰਸਾਓ.,ਉਪਰੋਕਤ ਸਾਰੇ ਕਰੋ.,D,"ਸਮਾਨਾਂਤਰ ਪਾਰਕਿੰਗ ਥਾਂ ਛੱਡਣ ਵੇਲੇ ਆਪਣੇ ਮੋਢੇ ਨੂੰ ਦੇਖਣਾ ਤੁਹਾਡੇ ਅੰਨ੍ਹੇ ਸਥਾਨਾਂ ਦੀ ਜਾਂਚ ਕਰਨ ਲਈ ਇੱਕ ਮਹੱਤਵਪੂਰਨ ਕਦਮ ਹੈ। ਹਾਲਾਂਕਿ, ਇਹ ਸਿਰਫ ਉਹ ਕਦਮ ਨਹੀਂ ਹੈ ਜੋ ਤੁਹਾਨੂੰ ਲੈਣਾ ਚਾਹੀਦਾ ਹੈ। ਤੁਹਾਨੂੰ ਪਾਰਕਿੰਗ ਦੀ ਜਗ੍ਹਾ ਛੱਡਣ ਦੇ ਆਪਣੇ ਇਰਾਦੇ ਦਾ ਸੰਕੇਤ ਵੀ ਦੇਣਾ ਚਾਹੀਦਾ ਹੈ ਅਤੇ ਇਹ ਯਕੀਨੀ ਬਣਾਉਣ ਲਈ ਆਪਣੇ ਸ਼ੀਸ਼ਿਆਂ ਦੀ ਜਾਂਚ ਕਰਨੀ ਚਾਹੀਦੀ ਹੈ ਕਿ ਤੁਸੀਂ ਆਵਾਜਾਈ ਵਿੱਚ ਆਉਣ ਤੋਂ ਪਹਿਲਾਂ ਰਸਤਾ ਸਾਫ਼ ਹੈ।"
3692,ਇਸ ਰੈਗੂਲੇਟਰੀ ਚਿੰਨ੍ਹ ਦਾ ਕੀ ਅਰਥ ਹੈ?,,ਸੜਕ ਖਤਮ ਹੁੰਦੀ ਹੈ,ਖੱਬੇ ਮੋੜ,ਗੈਰ-ਦਿਸ਼ਾਵੀ ਤੀਰ,ਕੋਈ ਯੂ-ਟਰਨ ਨਹੀਂ,D,"ਇਹ ਚਿੰਨ੍ਹ ਇਹ ਨਹੀਂ ਦਰਸਾਉਂਦਾ ਕਿ ਸੜਕ ਖਤਮ ਹੋ ਜਾਵੇਗੀ। ਡੈੱਡ ਐਂਡ ਚਿੰਨ੍ਹ ਆਮ ਤੌਰ 'ਤੇ ਹੀਰੇ ਦੇ ਆਕਾਰ ਦਾ ਚੇਤਾਵਨੀ ਚਿੰਨ੍ਹ ਹੁੰਦਾ ਹੈ ਜਿਸ 'ਤੇ ""ਡੈੱਡ ਐਂਡ"" ਸ਼ਬਦ ਹੁੰਦੇ ਹਨ। ਡਰਾਇਵਰਾਂ ਨੂੰ ਚੇਤਾਵਨੀ ਦੇਣ ਲਈ ਡੈੱਡ ਐਂਡ ਚਿੰਨ੍ਹਾਂ ਦੀ ਵਰਤੋਂ ਕੀਤੀ ਜਾਂਦੀ ਹੈ ਕਿ ਉਹ ਜਿਸ ਸੜਕ 'ਤੇ ਹਨ, ਉਹ ਲੰਘਦਾ ਨਹੀਂ ਹੈ।"
3705,"ਡਰਾਈਵਰ ਨੂੰ ਹੇਠ ਲਿਖੀਆਂ ਸਾਰੀਆਂ ਸਥਿਤੀਆਂ ਵਿੱਚ ਦੂਜੇ ਵਾਹਨਾਂ ਲਈ ਸਹੀ-ਮਾਰਗ ਪ੍ਰਦਾਨ ਕਰਨਾ ਚਾਹੀਦਾ ਹੈ, ਸਿਵਾਏ",,ਗੋਲ ਚੱਕਰ ਵਿੱਚ ਦਾਖਲ ਹੋਣ ਵੇਲੇ।,ਜਦੋਂ ਸੱਜੇ ਜਾਂ ਖੱਬੇ ਨੂੰ ਮਿਲਾਇਆ ਜਾਂਦਾ ਹੈ।,ਜਦੋਂ ਹਰੀ ਰੋਸ਼ਨੀ ਦੇ ਨਾਲ ਇੱਕ ਚੌਰਾਹੇ ਤੋਂ ਸਿੱਧਾ ਜਾ ਰਿਹਾ ਹੋਵੇ।,ਜਦੋਂ ਇੱਕ ਗਲੀ ਤੋਂ ਹਾਈਵੇਅ ਵਿੱਚ ਦਾਖਲ ਹੁੰਦੇ ਹੋ।,C,"ਗੋਲ ਚੱਕਰ ਵਿੱਚ ਦਾਖਲ ਹੋਣ ਵੇਲੇ, ਤੁਹਾਨੂੰ ਚੌਕ ਵਿੱਚ ਪਹਿਲਾਂ ਤੋਂ ਹੀ ਵਾਹਨਾਂ ਦਾ ਸਹੀ ਰਸਤਾ ਦੇਣਾ ਚਾਹੀਦਾ ਹੈ ਕਿਉਂਕਿ ਉਹਨਾਂ ਦੀ ਤਰਜੀਹ ਹੈ। ਚੌਕਾਂ ਨੂੰ ਆਵਾਜਾਈ ਨੂੰ ਸੁਚਾਰੂ ਢੰਗ ਨਾਲ ਚਲਾਉਣ ਲਈ ਡਿਜ਼ਾਇਨ ਕੀਤਾ ਗਿਆ ਹੈ, ਅਤੇ ਉਪਜ ਕਰਨ ਵਿੱਚ ਅਸਫਲ ਰਹਿਣ ਨਾਲ ਚੌਕ ਦੇ ਅੰਦਰ ਦੁਰਘਟਨਾਵਾਂ ਅਤੇ ਭੀੜ ਹੋ ਸਕਦੀ ਹੈ।"
3687,"ਜਦੋਂ ਤੁਸੀਂ ਵਾਹਨ ਚਲਾਉਂਦੇ ਸਮੇਂ ਭਾਵਨਾਤਮਕ ਜਾਂ ਸਰੀਰਕ ਤਣਾਅ ਵਿੱਚ ਹੁੰਦੇ ਹੋ, ਤਾਂ ਇਹ ਬਿਹਤਰ ਹੁੰਦਾ ਹੈ",,ਗੱਡੀ ਚਲਾਉਣਾ ਬੰਦ ਕਰੋ ਜਾਂ ਕਿਸੇ ਹੋਰ ਨੂੰ ਗੱਡੀ ਚਲਾਉਣ ਲਈ ਕਹੋ।,ਦਵਾਈ ਲਓ ਅਤੇ ਗੱਡੀ ਚਲਾਓ।,ਤੇਜ਼ ਗੱਡੀ ਚਲਾਓ ਅਤੇ ਜਿੰਨੀ ਜਲਦੀ ਹੋ ਸਕੇ ਆਪਣੀ ਮੰਜ਼ਿਲ 'ਤੇ ਪਹੁੰਚੋ।,ਗੱਡੀ ਚਲਾਉਂਦੇ ਸਮੇਂ ਆਪਣੇ ਸੈੱਲ ਫੋਨ 'ਤੇ ਗੱਲ ਕਰਨਾ ਸ਼ੁਰੂ ਕਰੋ।,A,"ਚਿੰਤਾ ਅਤੇ ਸੁਰੱਖਿਅਤ ਡਰਾਈਵਿੰਗ ਇਕੱਠੇ ਨਹੀਂ ਚੱਲਦੇ। ਜੇ ਤੁਸੀਂ ਥੱਕੇ ਹੋਏ ਹੋ, ਨੀਂਦ ਨਹੀਂ ਆਉਂਦੀ, ਚਿੰਤਤ, ਬੀਮਾਰ, ਘਬਰਾਏ ਹੋਏ, ਡਰੇ ਹੋਏ, ਗੁੱਸੇ ਜਾਂ ਉਦਾਸ ਹੋ, ਤਾਂ ਕਿਸੇ ਹੋਰ ਨੂੰ ਗੱਡੀ ਚਲਾਉਣ ਦਿਓ ਜਾਂ ਵਾਹਨ ਚਲਾਉਣਾ ਬੰਦ ਕਰੋ।"
3689,ਸੱਜੇ ਮੋੜ ਦਾ ਸੰਕੇਤ ਦੇਣ ਲਈ ਸਹੀ ਹੱਥ ਦਾ ਸੰਕੇਤ ਕੀ ਹੈ?,,ਬਾਂਹ ਕੂਹਣੀ 'ਤੇ ਝੁਕੀ ਹੋਈ ਹੈ ਅਤੇ ਹੱਥ ਉੱਪਰ ਵੱਲ ਵਧਾਇਆ ਗਿਆ ਹੈ,ਹੱਥ ਅਤੇ ਬਾਂਹ ਨੂੰ ਹੇਠਾਂ ਵੱਲ ਵਧਾਇਆ ਗਿਆ,ਹੱਥ ਅਤੇ ਬਾਂਹ ਬਾਹਰ ਵੱਲ ਵਧੇ ਹੋਏ ਹਨ,ਹੱਥ ਅਤੇ ਬਾਂਹ ਨੂੰ ਪਿੱਛੇ ਵੱਲ ਵਧਾਇਆ ਗਿਆ,A,ਆਪਣੇ ਇਰਾਦਿਆਂ ਨੂੰ ਹਮੇਸ਼ਾ ਦੂਜੇ ਡਰਾਈਵਰਾਂ ਨੂੰ ਦੱਸੋ। ਸਿਗਨਲ ਉਦੋਂ ਤੱਕ ਜਾਰੀ ਰੱਖੇ ਜਾਣੇ ਚਾਹੀਦੇ ਹਨ ਜਦੋਂ ਤੱਕ ਤੁਸੀਂ ਅਸਲ ਮੋੜ ਬਣਾਉਣ ਲਈ ਤਿਆਰ ਨਹੀਂ ਹੋ ਜਾਂਦੇ। ਸੱਜੇ ਮੋੜ ਲਈ ਸਹੀ ਹੱਥ ਦਾ ਸੰਕੇਤ ਹੈ ਖੱਬੀ ਬਾਂਹ ਕੂਹਣੀ 'ਤੇ ਝੁਕੀ ਹੋਈ ਹੈ ਅਤੇ ਹੱਥ ਉੱਪਰ ਵੱਲ ਵਧਾਇਆ ਗਿਆ ਹੈ।
3694,"ਜੇਕਰ ਕਿਸੇ ਚੌਰਾਹੇ 'ਤੇ ਟ੍ਰੈਫਿਕ ਸਿਗਨਲ ਕੰਮ ਨਹੀਂ ਕਰ ਰਹੇ ਹਨ, ਤਾਂ ਇੰਟਰਸੈਕਸ਼ਨ ਨੂੰ a(n) ਮੰਨੋ।",,ਸਾਰੇ ਤਰੀਕੇ ਨਾਲ ਬੰਦ.,ਅੰਨ੍ਹਾ ਇੰਟਰਸੈਕਸ਼ਨ।,ਬੇਕਾਬੂ ਲਾਂਘਾ।,ਮੁਫਤ ਪਾਸਿੰਗ ਜ਼ੋਨ.,A,"ਜੇਕਰ ਟ੍ਰੈਫਿਕ ਸਿਗਨਲ ਕੰਮ ਨਹੀਂ ਕਰ ਰਿਹਾ ਹੈ ਜਾਂ ਖਰਾਬ ਹੋ ਰਿਹਾ ਹੈ, ਤਾਂ ਚੌਰਾਹੇ ਨੂੰ ਆਲ-ਵੇਅ ਸਟਾਪ ਸਮਝੋ। ਡਰਾਈਵਰ ਨੂੰ ਅੱਗੇ ਵਧਣ ਤੋਂ ਪਹਿਲਾਂ ਇੱਕ ਪੂਰਨ ਸਟਾਪ 'ਤੇ ਆਉਣਾ ਚਾਹੀਦਾ ਹੈ।"
3701,"ਜਦੋਂ ਤੁਸੀਂ ਕਿਸੇ ਕੰਮ ਵਾਲੇ ਖੇਤਰ ਵਿੱਚੋਂ ਲੰਘਦੇ ਹੋ ਜਾਂ ਗੱਡੀ ਚਲਾ ਰਹੇ ਹੋ, ਤਾਂ ਤੁਹਾਨੂੰ ਅਜਿਹਾ ਨਹੀਂ ਕਰਨਾ ਚਾਹੀਦਾ",,ਆਪਣੀ ਗਤੀ ਘਟਾਓ.,ਲੇਨ ਤੋਂ ਲੈਨ ਤੱਕ ਬੁਣਾਈ.,ਆਵਾਜਾਈ ਦੇ ਵਹਾਅ ਦੇ ਨਾਲ ਜਾਰੀ ਰੱਖੋ.,ਹੌਲੀ ਗਤੀ ਸੀਮਾ ਲਈ ਵੇਖੋ.,B,ਕਿਸੇ ਕੰਮ ਵਾਲੇ ਖੇਤਰ ਵਿੱਚ ਪਹੁੰਚਣ ਜਾਂ ਗੱਡੀ ਚਲਾਉਣ ਵੇਲੇ ਤੁਹਾਡੀ ਗਤੀ ਨੂੰ ਘਟਾਉਣਾ ਇੱਕ ਸਿਫ਼ਾਰਸ਼ੀ ਕਾਰਵਾਈ ਹੈ। ਧੀਮੀ ਗਤੀ ਵਧੀਆ ਪ੍ਰਤੀਕਿਰਿਆ ਦੇ ਸਮੇਂ ਅਤੇ ਕਰਮਚਾਰੀਆਂ ਅਤੇ ਹੋਰ ਡਰਾਈਵਰਾਂ ਦੋਵਾਂ ਲਈ ਸੁਰੱਖਿਆ ਵਧਾਉਣ ਦੀ ਆਗਿਆ ਦਿੰਦੀ ਹੈ। ਤੁਹਾਡੀ ਗਤੀ ਨੂੰ ਘੱਟ ਨਾ ਕਰਨ ਨਾਲ ਦੁਰਘਟਨਾਵਾਂ ਅਤੇ ਜੁਰਮਾਨੇ ਹੋ ਸਕਦੇ ਹਨ।
3696,"ਜਦੋਂ ਤੁਸੀਂ ਕਿਸੇ ਵਾਹਨ ਦਾ ਅਨੁਸਰਣ ਕਰ ਰਹੇ ਹੋ ਜੋ ਅਕਸਰ ਰੁਕਦਾ ਹੈ, ਤਾਂ ਤੁਹਾਨੂੰ ਆਮ ਨਾਲੋਂ _________ ਦੀ ਇਜਾਜ਼ਤ ਦੇਣੀ ਚਾਹੀਦੀ ਹੈ।",,ਘੱਟ ਹੇਠਲੀ ਦੂਰੀ,ਤੁਹਾਡੇ ਖੱਬੇ ਪਾਸੇ ਹੋਰ ਥਾਂ,ਹੋਰ ਹੇਠਲੀ ਦੂਰੀ,ਤੁਹਾਡੇ ਸੱਜੇ ਪਾਸੇ ਘੱਟ ਥਾਂ,C,"ਅਕਸਰ ਰੁਕਣ ਵਾਲੇ ਵਾਹਨ ਦਾ ਅਨੁਸਰਣ ਕਰਦੇ ਸਮੇਂ ਇੱਕ ਛੋਟੀ ਦੂਰੀ ਖ਼ਤਰਨਾਕ ਹੁੰਦੀ ਹੈ, ਕਿਉਂਕਿ ਇਹ ਖ਼ਤਰੇ 'ਤੇ ਪ੍ਰਤੀਕਿਰਿਆ ਕਰਨ ਲਈ ਤੁਹਾਡੇ ਉਪਲਬਧ ਸਮੇਂ ਨੂੰ ਘਟਾ ਦੇਵੇਗੀ ਅਤੇ ਟੱਕਰ ਦੀ ਸੰਭਾਵਨਾ ਨੂੰ ਵਧਾ ਦੇਵੇਗੀ। ਹਮੇਸ਼ਾ ਇੱਕ ਸੁਰੱਖਿਅਤ ਦੂਰੀ ਬਣਾਈ ਰੱਖੋ, ਅਤੇ ਜਦੋਂ ਤੁਸੀਂ ਅਕਸਰ ਰੁਕਣ ਵਾਲੇ ਵਾਹਨਾਂ ਦਾ ਅਨੁਸਰਣ ਕਰ ਰਹੇ ਹੋਵੋ ਤਾਂ ਇਸਨੂੰ ਵਧਾਓ।"
