section-num,section-name,question,options,correct-answer,note,difficulty
2,Traffic Laws & Rules of the Road,What is the minimum age to apply for a learner's permit in Colorado?,"a:14,b:15,c:15 and a half,d:16",b,"Colorado allows teens to apply for a learner's permit at age 15. After holding the permit and completing supervised driving requirements, they can apply for a restricted license at age 16.",medium
2,Traffic Laws & Rules of the Road,What is the legal BAC limit for drivers age 21 and older in Colorado?,"a:0.04%,b:0.06%,c:0.08%,d:0.10%",c,"Colorado's per se DUI limit is 0.08% BAC for adult drivers. Colorado also has a DWAI (Driving While Ability Impaired) charge at 0.05%–0.079% BAC, which carries lesser penalties but is still a criminal offense.",medium
2,Traffic Laws & Rules of the Road,You are driving on a steep Colorado mountain grade and have 5 or more vehicles backed up behind you. What are you required to do?,"a:Speed up to match the flow of traffic,b:Pull into the next available turnout to let traffic pass,c:Activate your hazard lights and continue at your current speed,d:There is no such requirement — you may proceed at any speed",b,Colorado law requires slow-moving vehicles to use turnouts when 5 or more vehicles have accumulated behind them on a two-lane mountain road. Turnouts are provided specifically for this purpose to reduce dangerous passing attempts on steep grades.,medium
2,Traffic Laws & Rules of the Road,"When driving down a steep Colorado mountain grade, what is the recommended technique?","a:Ride the brakes continuously to maintain a safe speed,b:Use a lower gear to let engine braking do most of the work, with light brake applications as needed,c:Shift to neutral to conserve fuel and brake as needed,d:Increase speed to reduce the time spent on the steep section",b,"On steep downhill grades in Colorado, shift to a lower gear and use engine braking to control your speed. Continuous brake use (riding the brakes) overheats the brakes and can cause brake fade — a sudden loss of braking ability that is extremely dangerous on mountain roads.",medium
2,Traffic Laws & Rules of the Road,What does a runaway truck ramp on a Colorado mountain highway indicate?,"a:A lane for trucks to bypass toll booths,b:An emergency escape route for vehicles with brake failure on steep downgrades,c:A service road for highway maintenance vehicles,d:A designated truck weigh station",b,Runaway truck ramps — filled with deep gravel or sand — are emergency escape routes for vehicles whose brakes have failed on steep mountain downgrades. Passenger vehicles should never use them except in a true brake-failure emergency.,medium
2,Traffic Laws & Rules of the Road,"Under Colorado's GDL program, how many hours of supervised driving must a permit holder complete before applying for a restricted license?","a:20 hours including 5 at night,b:30 hours including 5 at night,c:50 hours including 10 at night,d:60 hours including 10 at night",c,"Colorado requires 50 hours of supervised driving practice, including at least 10 hours at night, before a permit holder can apply for a restricted (minor) license. This supervised practice builds critical skills before independent driving.",medium
2,Traffic Laws & Rules of the Road,You are approaching a Colorado mountain pass and chains or traction tires are required. What does this mean?,"a:Traction devices are recommended but optional,b:All vehicles must have either chains or traction tires (4WD, AWD, or winter-rated tires) to proceed,c:Only trucks over a certain weight must comply,d:Chains are required only for vehicles with rear-wheel drive",b,"When Colorado posts a traction law requirement at mountain passes, all vehicles must have adequate traction: either chains or tires rated as traction tires (all-season tires with the mountain/snowflake rating, AWD, or 4WD). Ignoring traction requirements can result in a fine and is dangerous.",medium
2,Traffic Laws & Rules of the Road,What is the default speed limit in Colorado urban areas when no speed limit sign is posted?,"a:25 mph,b:30 mph,c:35 mph,d:40 mph",b,Colorado's default urban speed limit is 30 mph where no other limit is posted. Residential neighborhood streets may have lower posted limits — always check for signs. The 30 mph default is a commonly tested fact.,medium
2,Traffic Laws & Rules of the Road,"In Colorado, what is the BAC level that triggers an additional DWAI (Driving While Ability Impaired) charge — lower than the standard DUI threshold?","a:0.01%,b:0.04%,c:0.05%,d:0.06%",c,Colorado uniquely has a DWAI charge that applies when a driver's BAC is between 0.05% and 0.079% — a level where ability may be impaired even though it is below the 0.08% DUI threshold. This is a Colorado-specific law not found in all states.,medium
2,Traffic Laws & Rules of the Road,"On a two-lane Colorado highway, a solid yellow line is on your side of the center. What does this mean?","a:Passing is permitted when the road is clear,b:Passing is prohibited — do not cross the line to pass,c:The road ahead has a steep grade,d:Passing is allowed only for vehicles in front of you that are going 10 mph below the limit",b,A solid yellow line on your side of the center line is an absolute prohibition on passing by crossing it. A dashed yellow line on your side indicates passing is permitted when safe. These markings apply throughout Colorado and the nation.,medium
2,Traffic Laws & Rules of the Road,You are driving on a Colorado mountain road during a snowstorm and your windshield begins to fog up. What is the most effective way to clear it?,"a:Turn on the rear defroster only,b:Use the air conditioner with the temperature set to warm air,c:Open windows briefly to equalize humidity and use the defroster,d:Turn on maximum heater heat directed at the windshield",b,"Running the air conditioner with warm air directed at the windshield is the most effective way to clear fogging. The A/C dehumidifies the air, removing moisture that causes fogging. This technique works year-round and is especially important in Colorado's variable mountain weather.",medium
2,Traffic Laws & Rules of the Road,What is Colorado's Move Over law requirement when passing a stopped emergency vehicle with flashing lights?,"a:Slow to 10 mph and proceed with caution,b:Move one lane away if safe; if not, slow to a safe speed,c:Stop completely until the emergency vehicle leaves,d:Move over only if a law enforcement officer is present",b,"Colorado's Move Over law requires drivers to vacate the lane adjacent to any stopped emergency, law enforcement, or highway maintenance vehicle with flashing lights. If a lane change is unsafe, slow to a speed safe for conditions.",medium
2,Traffic Laws & Rules of the Road,What is the minimum following distance recommended in Colorado for normal driving conditions?,"a:1 second,b:2 seconds,c:3 seconds,d:4 seconds",c,"Colorado recommends a minimum 3-second following distance under normal conditions. On mountain roads, in snow, or in heavy traffic, increase following distance to 6 or more seconds — stopping distances on steep grades and slippery surfaces are much longer than normal.",medium
2,Traffic Laws & Rules of the Road,A pedestrian is crossing at a crosswalk in Colorado. You must:,"a:Slow to 15 mph and proceed if the crosswalk is partially clear,b:Stop and remain stopped until the pedestrian has fully crossed the roadway,c:Yield only if the pedestrian is in your direct lane,d:Honk to alert the pedestrian and proceed",b,Colorado law requires drivers to stop and yield the entire roadway to pedestrians in a crosswalk. You may not proceed until the pedestrian has fully crossed — including any remaining lanes. Pedestrian right-of-way is absolute in a crosswalk.,medium
2,Traffic Laws & Rules of the Road,When may you legally use the shoulder of a Colorado highway to pass a slower vehicle?,"a:When the vehicle is traveling 10 mph below the speed limit,b:When traffic is backed up and the shoulder is wide enough,c:It is never legal to pass on the shoulder,d:When directed by a law enforcement officer",c,Passing on the shoulder is illegal in Colorado and in most states. The shoulder is reserved for emergency stops and breakdowns only — not for bypassing slow traffic. Using the shoulder to pass is a traffic violation and extremely dangerous.,medium
2,Traffic Laws & Rules of the Road,Can you turn right on a red light in Colorado?,"a:No, right turns on red are prohibited statewide,b:Yes, after a complete stop and yielding, unless a sign prohibits it,c:Yes, without stopping if no vehicles are visible,d:Only on designated roads",b,Right turns on red are permitted in Colorado after a complete stop and yielding to pedestrians and cross traffic. Always check for 'No Turn on Red' signs before proceeding. Never turn without first making a complete stop.,medium
2,Traffic Laws & Rules of the Road,What is the speed limit on Colorado interstate highways in most rural areas?,"a:65 mph,b:70 mph,c:75 mph,d:80 mph",c,Most Colorado rural interstates have a speed limit of 75 mph for passenger vehicles. Some mountain and urban sections are posted lower. Always obey posted limits — speed limits drop significantly in mountain passes and urban areas.,medium
2,Traffic Laws & Rules of the Road,"Under Colorado's implied consent law, refusing a chemical test after a DUI stop results in:","a:No penalty — refusal is a legal right,b:Immediate license revocation for 1 year on first refusal,c:Only a small fine,d:A warning on your first offense",b,Colorado's implied consent law means that driving on public roads constitutes consent to chemical testing. A first-offense refusal results in a 1-year license revocation that is separate from any DUI charge. Refusal can also be used as evidence of guilt.,medium
2,Traffic Laws & Rules of the Road,What does a yellow diamond-shaped warning sign mean on a Colorado road?,"a:A rule you must follow — like a speed limit,b:A potential hazard or road condition ahead requiring extra caution,c:A guide to distances and destinations,d:A construction zone with mandatory reduced speed",b,"Yellow diamond-shaped signs are warning signs that alert drivers to potential hazards such as sharp curves, steep grades, and wildlife crossings — all common on Colorado roads. They require extra attention and often a reduction in speed.",medium
2,Traffic Laws & Rules of the Road,"At a four-way stop in Colorado, two cars arrive at exactly the same time from opposite directions. One is going straight and one is turning left. Who has the right of way?","a:The left-turning vehicle has the right of way,b:The vehicle going straight has the right of way,c:Both may proceed simultaneously since they are on opposite sides,d:The vehicle that arrived from the north always goes first",b,"When two vehicles face each other at a 4-way stop, the vehicle going straight has the right of way over a turning vehicle. The left-turning vehicle must wait for the straight-going vehicle to clear the intersection before turning.",medium
2,Traffic Laws & Rules of the Road,"When driving in Colorado, at what speed should you enter a curve?","a:At the posted speed limit for the road,b:Slow enough before the curve so you can maintain a steady speed through it,c:Faster than the advisory speed on the curve warning sign,d:At highway speed — curves are rated for maximum vehicle capability",b,"Reduce speed before entering a curve so you can travel through it at a steady, controlled speed. Braking in a curve shifts vehicle weight and reduces traction. Advisory speed signs on curves indicate a safe speed for the average driver under good conditions — in rain or ice, go slower.",medium
2,Traffic Laws & Rules of the Road,What must you do when a school bus stops and activates its flashing red lights on a two-lane Colorado road?,"a:Stop only if driving behind the bus,b:Slow to 20 mph and pass with caution,c:Stop in both directions at least 20 feet from the bus until lights stop flashing,d:Yield to children crossing, then proceed",c,Colorado law requires vehicles traveling in both directions on an undivided road to stop at least 20 feet from a school bus displaying flashing red lights. You may not proceed until the arm retracts and lights stop flashing.,medium
2,Traffic Laws & Rules of the Road,"In Colorado, what is the speed limit in a school zone when children are present?","a:15 mph,b:20 mph,c:25 mph,d:30 mph",b,Colorado school zones have a 20 mph limit when children are present or warning lights are flashing. Always reduce speed well before the zone begins and remain alert for children near the roadway at all times.,medium
2,Traffic Laws & Rules of the Road,You are stopping on a Colorado freeway shoulder because of a mechanical problem. What should you do?,"a:Stop as close to the traffic lanes as possible so other drivers can see you,b:Pull as far off the road as possible, turn on hazard lights, and place warning triangles if available,c:Stop anywhere and wait in the vehicle without activating hazard lights,d:Walk to the nearest exit for help immediately",b,"Pull as far off the travel lanes as possible, activate hazard flashers immediately, and set out warning triangles or flares if available. Stay inside the vehicle with your seatbelt buckled — waiting in the vehicle is safer than standing on the shoulder in most situations.",medium
2,Traffic Laws & Rules of the Road,"Under Colorado's seatbelt law, which occupants must wear seatbelts?","a:Only the driver,b:Driver and all front-seat passengers,c:All occupants in the vehicle,d:Only passengers under age 16",c,"Colorado requires all vehicle occupants — front and rear seats — to wear a seatbelt. Colorado has primary enforcement for front seat occupants, meaning officers can stop a vehicle solely for a seatbelt violation. Rear seat adults may be issued a secondary enforcement citation.",medium
2,Traffic Laws & Rules of the Road,"At an uncontrolled intersection where two vehicles arrive simultaneously, who must yield?","a:The largest vehicle.,b:The car on the left has the right-of-way.,c:The car on the left must yield to the car on the right.",c,"At an uncontrolled intersection, when two vehicles arrive at the same time, the driver on the left must yield to the driver on the right. This rule helps prevent confusion and collisions when there are no signs or signals. Always check carefully and be prepared to yield even if you have the right-of-way.",difficult
2,Traffic Laws & Rules of the Road,What does the driver's left arm and hand extended downward signal mean?,"a:Turn left.,b:Turn right.,c:Stop.",c,"Hand signals are used when turn signals are not working or are hard to see. Left arm straight out means a left turn, left arm bent upward means a right turn, and left arm extended downward means the driver is slowing or stopping. Always give the signal in advance so other road users can react safely.",
6,"Alcohol, Drugs & Impaired Driving",A driver with a BAC between which levels is presumed to be Driving While Ability is Impaired (DWAI) in Colorado?,"a:0.03 and 0.05 percent,b:0.05 and 0.07 percent,c:0.07 and 0.09 percent,d:0.09 and 0.11 percent",b,"In Colorado, a blood alcohol concentration (BAC) of 0.05% to less than 0.08% creates a presumption of Driving While Ability Impaired (DWAI). This means your driving is considered impaired even though it is below the 0.08% DUI per se limit. Any alcohol can affect judgment and reaction time, so the safest choice is not to drive after drinking.",difficult
2,Traffic Laws & Rules of the Road,You are required to stop your vehicle when:,"a:Approaching an intersection with a stop sign.,b:Where there is a red light.,c:When a traffic officer orders you to stop.,d:All of the above.",d,"You must come to a complete stop at stop signs, at steady or flashing red traffic lights, and any time a traffic officer directs you to stop. Stopping fully before the crosswalk or stop line allows you to check for pedestrians and cross traffic and prevents entering the intersection unsafely.",
3,"Signs, Signals & Road Markings",How should drivers respond to a flashing red traffic signal?,"a:Drive carefully without stopping.,b:Come to a complete stop, yield, and proceed when safe.,c:Merge to the right.",b,"A flashing red light is treated the same as a stop sign. You must come to a complete stop at the stop line, crosswalk, or before entering the intersection, then yield to pedestrians and other vehicles already in or close to the intersection, and proceed only when it is safe.",
4,Safe & Defensive Driving Practices,Drowsy drivers can:,"a:Stay alert by opening a window and turning up the radio.,b:Drive so poorly that they may appear to be drunk.,c:Be made fully alert by drinking coffee.,d:Drive better than well-rested drivers.",b,"Drowsy drivers often weave, react slowly, and make poor decisions, so their driving can resemble that of an impaired or drunk driver. Opening a window or turning up the radio may briefly make you feel more awake, but they do not restore alertness or make driving safe. Coffee may help a little, but it cannot fully overcome serious fatigue. The only safe solution for drowsiness is to rest before driving or stop and sleep.",
4,Safe & Defensive Driving Practices,Which factor does stopping distance NOT depend on?,"a:The condition of your vehicle's brakes.,b:Your own reaction time.,c:The time of day.",c,"Stopping distance is the total distance your vehicle travels from the moment you see a hazard until you come to a complete stop. It depends on your reaction time, your speed, the condition of your brakes and tires, the road surface, and vehicle weight. The time of day by itself does not change how far it takes your vehicle to stop, even though nighttime can affect visibility and how quickly you notice hazards.",
6,"Alcohol, Drugs & Impaired Driving",What is the effect of combining drugs with alcohol on driving risk?,"a:Is no more dangerous than consuming alcohol by itself.,b:Increases the risk of causing a crash.,c:Lessens the effect of alcohol on your ability to drive.",b,"Combining alcohol with other drugs (prescription, over-the-counter, or illegal) can increase impairment and the risk of a crash.",
3,"Signs, Signals & Road Markings",Pennant-shaped traffic signs typically indicate:,"a:School zones.,b:No passing zones.,c:Speed limits.,d:Railroad crossings.",b,"Pennant‑shaped signs are sideways triangles that point to the right and are placed on the left side of the road. They are used specifically to mark the beginning of a no passing zone. When you see this sign, you must not start to pass another vehicle and should stay in your lane until the no passing zone ends.",difficult
2,Traffic Laws & Rules of the Road,"If another vehicle is passing you, what should you do to help them pass safely?","a:Pull off the road to let them pass.,b:Stay in your lane, keep right, and maintain or slightly reduce your speed to allow safe passing.,c:Flash your lights to signal them to hurry.",b,"When another vehicle is passing you, stay in your lane, keep to the right, and maintain a steady speed or slightly reduce your speed if needed so the other driver can pass and return to the lane safely. Do not speed up or signal them to hurry; that can create a dangerous situation. You only pull off the road if necessary for safety, not as a routine response to being passed.",
2,Traffic Laws & Rules of the Road,When are you allowed to cross double solid yellow lines?,"a:To pass another car.,b:To turn into a driveway.,c:To pass a slow-moving truck.",b,"Double solid yellow lines separate traffic moving in opposite directions and mean you must not cross them to pass another vehicle. However, you may cross double solid yellow lines to make a left turn into or out of a driveway, side road, or alley when it is safe and legal to do so.",
1,Licensing & Permit Requirements,If a driver accumulates how many points in a 12-month period will the license be suspended?,"a:Five points,b:Ten points,c:Twelve points,d:Eighteen points",c,"In Colorado, adult drivers who accumulate 12 or more points in a 12‑month period are subject to license suspension. Points are assigned for traffic violations, and reaching the threshold within the specified time frame can trigger administrative action against your license.",difficult
3,"Signs, Signals & Road Markings","If a HAWK pedestrian signal is solid red, what must drivers do?","a:Slow down and prepare to stop.,b:Proceed with caution.,c:Come to a complete stop.",c,A HAWK (High‑Intensity Activated crossWalK) signal shows a solid red light to drivers when pedestrians are crossing. A solid red means you must come to a complete stop and remain stopped until the signal changes to allow you to proceed and the crosswalk is clear.,
4,Safe & Defensive Driving Practices,What should you do if an aggressive driver is following you closely?,"a:Make eye contact and stare as they pass.,b:Speed up to prevent them from passing.,c:Move out of the aggressive driver’s way when safe.",c,"When an aggressive driver is tailgating or acting dangerously, the safest response is to avoid confrontation. Do not make eye contact or try to block them. Instead, when it is safe, change lanes or otherwise move out of their way and let them pass to reduce the risk of a collision.",
2,Traffic Laws & Rules of the Road,"If you have a green light but pedestrians are crossing against the red, you should:","a:Speed up and pass in front of the pedestrians.,b:Stop to let the pedestrians cross safely.,c:Honk your horn to warn them.,d:Drive through carefully without stopping.",b,"Even if you have a green light, you must yield to pedestrians already in the crosswalk or intersection, including those crossing against the signal. Slow down and stop if necessary so they can cross safely, and do not try to drive around or in front of them.",difficult
4,Safe & Defensive Driving Practices,The best way to handle a tailgater is to:,"a:Speed up to put more distance between you and the tailgater.,b:Slam on your brakes briefly to warn the tailgater.,c:Change lanes or gradually slow down to encourage the tailgater to pass.,d:Flash your lights repeatedly to signal them.",c,"If another driver is following too closely, the safest response is to create space and let them go by. Signal early, change lanes when it is safe, or gradually slow down so the tailgater can pass. Never speed up, slam on your brakes, or aggressively signal them, because those actions can trigger a crash or road rage.",
6,"Alcohol, Drugs & Impaired Driving",What may happen if you drink alcohol while taking prescription or over-the-counter medications?,"a:The medicine reduces the effect of the alcohol.,b:The combination could multiply the effects of the alcohol or medicine.,c:The alcohol will help the medicine cure a cold.",b,"Alcohol can interact with many prescription and over‑the‑counter medicines in a way that increases drowsiness, slows reaction time, and impairs judgment more than either substance alone. This combined effect can be unpredictable and dangerous when driving, so you should avoid mixing alcohol with any medication that can affect alertness.",
1,Licensing & Permit Requirements,Who is required by law to wear a fastened safety belt in a moving vehicle?,"a:The driver only.,b:Passengers in the front seat only.,c:Children between the ages of 8 and 18 only.,d:The driver, front-seat passengers, and all children 8–15 regardless of seating position.",d,"In Colorado, the law requires the driver and all front‑seat passengers to wear safety belts. In addition, all children ages 8 through 15 must be properly restrained in a seat belt or appropriate child restraint, no matter where they sit in the vehicle. Wearing seat belts greatly reduces the risk of serious injury or death in a crash.",difficult
4,Safe & Defensive Driving Practices,"When backing up your vehicle, what is the recommended technique?","a:Rely only on your mirrors.,b:Turn your head and look through the rear window while backing.,c:Open your door to check behind the vehicle.",b,"When backing up, place your right arm over the back of the passenger seat, turn your head and upper body, and look directly through the rear window while moving slowly. Use your mirrors and check all sides, but do not rely only on mirrors or cameras, and never open your door to look behind while the vehicle is moving.",
4,Safe & Defensive Driving Practices,What should you adjust first when getting into a vehicle to drive?,"a:Your rearview mirror,b:Your seat,c:The steering wheel",b,"Before driving, adjust your seat first so you can reach the pedals and controls comfortably and have a clear view of the road. Once your seating position is correct, adjust the steering wheel and mirrors to match that position so they provide the best control and visibility.",
4,Safe & Defensive Driving Practices,How should a lap belt fit?,"a:Loose across your waist.,b:Buckled snugly low across your hip bones.,c:Tucked under the seat for comfort.",b,"A lap belt should be worn low and snug across the hip bones and pelvis, not across the soft part of the stomach. This helps the belt hold your body against the stronger bones in a crash and reduces the risk of internal injuries.",
4,Safe & Defensive Driving Practices,How can stress affect your driving?,"a:Causing you to fall asleep at the wheel.,b:Lowering your ability to focus on driving.,c:Decreasing your chances of an accident.,d:Improving reaction time.",b,"Stress and strong emotions can distract you, narrow your attention, and slow your decision‑making. This lowers your ability to focus on driving tasks such as scanning, judging gaps, and reacting to hazards, which increases crash risk.",
6,"Alcohol, Drugs & Impaired Driving",Which is not permitted for a passenger in a moving motor vehicle?,"a:Have an opened alcohol container.,b:Sleep.,c:Use a cell phone.,d:Listen to music.",a,"Open‑container laws generally prohibit passengers from possessing or drinking from an open alcoholic beverage in the passenger area of a vehicle on a public road. Even if the driver is sober, passengers may not have open alcohol in most situations.",
1,Licensing & Permit Requirements,"When stopped by law enforcement for a traffic violation, what must the driver present?","a:Proof of registration.,b:Their license.,c:Proof of insurance.,d:All of the above.",d,"When stopped by law enforcement, you must present your driver license and, when requested, proof of registration and insurance. Drivers are legally required to carry all three and show them to an officer upon request.",
2,Traffic Laws & Rules of the Road,You must not drive faster than:,"a:The posted maximum speed limit.,b:A speed that is faster than is reasonable and prudent for current conditions.,c:A speed that is safe for existing road, traffic, and weather conditions.,d:All of the above.",d,"You must never drive faster than the posted speed limit, and you must also slow down whenever road, traffic, weather, or visibility conditions make the posted limit unsafe. The safe speed is the lower of the posted limit or the speed that is reasonable and prudent for current conditions.",difficult
4,Safe & Defensive Driving Practices,When changing lanes you should NOT do which of the following?,"a:Fail to check side and rearview mirrors and blind spots.,b:Signal your intentions.,c:Check for other drivers who may also be moving into the same lane.",a,"Before changing lanes, always check your mirrors and blind spots, signal your intention, and make sure no one else is moving into the same lane. Failing to check mirrors and blind spots is unsafe and should never be done.",
2,Traffic Laws & Rules of the Road,What should you do when entering a roadway from a private road or driveway?,"a:Drive out fast to merge smoothly with the traffic.,b:Yield to pedestrians and traffic on the roadway.,c:Blow your horn to warn cars you are entering the roadway.",b,"When entering a roadway from a private road or driveway, you must yield the right-of-way to all pedestrians and vehicles already on the roadway. Enter only when it is safe and without forcing others to slow or change lanes suddenly.",
7,Vehicle Ownership & Responsibilities,"If your car breaks down on a highway, you should:","a:Sit in your car and wait for help without signaling.,b:Sound your horn at passing motorists to get attention.,c:Move well off the road if possible, turn on your hazard (four-way) flashers, and exit the vehicle only if and when it is safe.,d:Walk along the highway to find help.",c,"If your car breaks down on a highway, move as far off the road as possible, preferably onto the shoulder, and turn on your hazard flashers so other drivers can see you. If it is safe, you may raise the hood or place warning devices behind your vehicle. Stay away from moving traffic and exit the vehicle only when it is safe to do so.",
8,Special Situations & Road Users,Crosswalks are:,"a:Always indicated only by horizontal pavement markings.,b:Always indicated by vertical markings.,c:Present whether marked or unmarked and must be respected.,d:Always unmarked.",c,"A crosswalk is the part of the roadway set aside for pedestrians to cross, and it exists at most intersections whether or not it is painted. Drivers must yield to pedestrians in both marked and unmarked crosswalks and stop behind the crosswalk line when required.",
3,"Signs, Signals & Road Markings","When you see a flashing yellow arrow for left turns, what does it mean?","a:You may turn left only after yielding to oncoming traffic and pedestrians.,b:You must come to a complete stop before turning.,c:You should merge into the lane indicated by the arrow before turning.",a,"A flashing yellow left-turn arrow means you may turn left, but only after yielding to oncoming traffic and pedestrians. The turn is not protected, so you must wait for a safe gap before turning.",
2,Traffic Laws & Rules of the Road,Which action should you take before changing lanes or passing on an interstate?,"a:Signal, check mirrors, and check blind spots.,b:Stop on the shoulder of the road if you are tired.,c:You should always use cruise control.",a,"Before changing lanes or passing on an interstate, you must signal, check your mirrors, and quickly check your blind spot by looking over your shoulder. This ensures you do not move into a space already occupied by another vehicle. Stopping on the shoulder is only for emergencies, and cruise control should never be treated as something you ""always"" use.",
2,Traffic Laws & Rules of the Road,"When turning onto a street with multiple lanes in your direction, into which lane should you turn?","a:Turn into the middle lane.,b:Turn into the lane closest to your previous lane.,c:Turn into the lane marked with an arrow.",b,"When turning onto a street with multiple lanes going your way, you must turn into the lane closest to the one you came from. For example, if you are turning left from the leftmost lane, you must enter the leftmost lane on the new road. This keeps traffic organized and prevents collisions with drivers turning from the opposite direction.",
3,"Signs, Signals & Road Markings",What does a solid red arrow on a traffic signal mean?,"a:Is never used as a traffic signal.,b:Means you must stop and may not turn in the direction of the arrow while it is red.,c:Means drivers may turn in the direction indicated by the arrow.",b,"A solid red arrow means you must stop and remain stopped if you are in the lane controlled by that arrow. You may not turn in the direction of the arrow while it is red, unless signs specifically allow a turn on red after stopping and yielding. It functions like a steady red light for that specific turning movement.",
3,"Signs, Signals & Road Markings",You may cross solid yellow center lines:,"a:To pass traffic moving in the same direction.,b:Only during daylight hours.,c:Only to make a turn into or out of a driveway or side road.,d:At any time for passing.",c,"A solid yellow center line generally means no passing. You may cross a solid yellow line only when turning left into or out of a driveway, alley, or side road, and only when it is safe and legal to do so. You may not cross it just to pass another vehicle.",
5,Driving in Special Conditions,What happens to your tires' effectiveness on a wet roadway as your speed increases?,"a:They become less effective at clearing water and can lead to hydroplaning.,b:Water does not affect cars with good tires.,c:Deep water is less dangerous than shallow water.",a,"As speed increases on a wet roadway, your tires have less time to squeeze water out from under the tread. This reduces traction and can cause hydroplaning, where your tires ride on top of the water and lose contact with the road. Even good tires can hydroplane at high speeds in enough water.",
2,Traffic Laws & Rules of the Road,"On a two-way, two-lane road you cannot pass safely unless:","a:You can return to your lane before meeting oncoming traffic.,b:You are able to clearly see the road ahead.,c:Your vehicle is capable of the speed necessary to complete the pass.,d:All of the above.",d,"Passing on a two-lane, two-way road is only safe when all key conditions are met: you must clearly see far enough ahead, your vehicle must be able to accelerate and complete the pass promptly, and you must be able to return fully to your lane before meeting any oncoming traffic. If any of these conditions are missing, you should not attempt to pass.",
4,Safe & Defensive Driving Practices,"If your wheels slip off the edge of the pavement, you should:","a:Jerk the steering wheel to force the vehicle back onto the pavement.,b:Slow down by gently applying the brakes and steer back onto the pavement when safe.,c:Slam on your brakes immediately.,d:Speed up and swerve onto the pavement.",b,"If your wheels drop off the pavement edge, keep calm and maintain control. Ease off the accelerator, slow down gradually, and avoid jerking the steering wheel or slamming on the brakes. Once your speed is reduced and the way is clear, gently steer back onto the pavement. Sudden steering or hard braking can cause a skid or rollover.",
8,Special Situations & Road Users,"When passing a large truck or bus, what should drivers of smaller vehicles be prepared for?","a:Loud noises.,b:Excess air pollution.,c:Wind gusts produced by the large vehicle.,d:No effect on vehicle stability.",c,"Large trucks and buses push and pull a lot of air as they move, creating wind gusts that can affect the stability of smaller vehicles, especially at higher speeds. When passing or being passed by a large vehicle, keep a firm grip on the steering wheel and be prepared to make small steering corrections to stay in your lane.",
5,Driving in Special Conditions,"Compared to daytime driving, driving at night is:","a:Less dangerous.,b:No more or less dangerous.,c:More dangerous.",c,"Driving at night is more dangerous because you can see less of the road ahead, it is harder to judge distances and speeds, and glare from headlights can temporarily reduce your vision. In addition, there is a higher chance of encountering drowsy or impaired drivers. At night you should slow down and increase following distance.",
2,Traffic Laws & Rules of the Road,"On a divided multilane highway, if you hear or see an approaching emergency vehicle, you should:","a:Stop immediately where you are regardless of lanes.,b:Disregard the signal if other lanes are available.,c:Slow down, move to provide a clear path, and stop if necessary.,d:Speed up to stay out of its way.",c,"When an emergency vehicle approaches with lights and siren on, you must yield the right-of-way. On a divided multilane highway, safely slow down and move to the side or to another lane to create a clear path, then stop if needed. Never speed up to stay ahead of the emergency vehicle or block its route.",difficult
3,"Signs, Signals & Road Markings",What does a solid black HAWK signal indicate to drivers?,"a:Drivers should come to a complete stop.,b:Drivers may proceed past the crosswalk with caution.,c:Drivers should slow down and prepare to stop.",b,A HAWK (High-Intensity Activated crossWalK) signal stays dark when no pedestrian has activated it. A dark HAWK signal is treated like an uncontrolled intersection: drivers may proceed through the crosswalk but must do so carefully and be prepared to yield to any pedestrians who may be crossing.,difficult
3,"Signs, Signals & Road Markings",What does a single dashed white line mean between lanes?,"a:Drivers may pass or change lanes if it is safe.,b:Lanes move in opposite directions.,c:Drivers are not allowed to pass.",a,"A single dashed white line separates lanes of traffic moving in the same direction. Drivers may cross it to change lanes or pass when it is safe and legal to do so, while checking mirrors and blind spots and signaling before moving.",
3,"Signs, Signals & Road Markings","If an approaching train is near enough or going fast enough to be a danger, you must:","a:Slow down and proceed with caution across the tracks.,b:Not cross the tracks until the train has completely passed.,c:Cross the tracks if there is no ground-level light signal.,d:Weave through railroad gates if you are in a hurry.",b,"If a train is close enough or moving fast enough to be a danger, you must not cross the tracks. Trains cannot stop quickly, and they always have the right-of-way. Wait until the train has completely passed, the tracks are clear in both directions, and any gates or signals indicate it is safe before crossing.",difficult
4,Safe & Defensive Driving Practices,"If you become too drowsy to focus while driving, the safest action is to:","a:Drink a large energy drink.,b:Open the windows and turn on the air conditioning.,c:Pull off the road and rest.,d:Continue driving slowly until help is found.",c,"Drowsy driving is extremely dangerous because it slows your reaction time and can cause you to fall asleep at the wheel. Opening windows or drinking caffeine may not keep you alert enough. If you feel too tired to drive safely, the safest choice is to pull off the road in a safe place and rest.",
4,Safe & Defensive Driving Practices,"When driving to an unfamiliar area, you should:","a:Depend solely on road signs to find your way.,b:Plan your route in advance.,c:Rely only on general knowledge of the area.,d:Drive faster to avoid getting lost.",b,"When driving to an unfamiliar area, planning your route in advance helps you avoid sudden lane changes, missed turns, and distracted driving. Review maps or GPS directions ahead of time and allow extra travel time so you can focus on the road and drive smoothly and safely.",
3,"Signs, Signals & Road Markings",What color are signs indicating areas of public recreation or cultural interest?,"a:Red.,b:Brown.,c:Green.",b,"Brown signs are used for parks, recreation areas, historic sites, and other cultural or recreational points of interest. When you see a brown sign, expect facilities or locations related to outdoor activities or cultural attractions.",
4,Safe & Defensive Driving Practices,What should you do to help prevent crashes with other road users?,"a:Ignore other drivers and focus only on your vehicle.,b:Communicate with other road users using signals or horn when appropriate.,c:Drive only on side streets and back roads.",b,"To help prevent crashes, you must clearly communicate your intentions to others. Use turn signals, brake lights, and your horn when necessary, and drive predictably so other road users can anticipate your actions and respond safely.",
2,Traffic Laws & Rules of the Road,What does a steady green traffic light allow you to do?,"a:Stop and check for oncoming traffic before proceeding.,b:May drive through the intersection if it is clear.,c:Must slow down and prepare to stop.",b,"A steady green light means you may go straight or turn, but only if the intersection is clear. You must still yield to pedestrians in the crosswalk and to oncoming traffic when turning left, and enter the intersection at a safe speed.",
4,Safe & Defensive Driving Practices,Which is the safest way to drive through a curve?,"a:Speed up as you enter and slow down as you exit.,b:Maintain the same speed throughout.,c:Slow down entering the curve and accelerate gradually as you exit.",c,"The safest way to drive through a curve is to slow down before you enter, then gently accelerate as you exit. Entering too fast can cause you to lose traction or drift out of your lane, while controlled acceleration out of the curve helps stabilize the vehicle.",
2,Traffic Laws & Rules of the Road,"Before changing from the right lane into the left lane on a multilane highway, you should:","a:Look in your rearview mirror only for traffic behind you.,b:Look over your left shoulder to check your blind spot and signal your intention.,c:Turn on your directional signal and move left without looking.,d:Assume no one is beside you if your mirrors appear clear.",b,"Before changing lanes, always check your mirrors, then look over your shoulder to check your blind spot in the direction you plan to move. Signal your intention in advance and change lanes only when it is safe and clear.",
2,Traffic Laws & Rules of the Road,"If two drivers arrive at an open intersection at the same time, who has the right-of-way?","a:The driver on the left.,b:The driver on the right.,c:Either driver may continue without stopping.",b,"At an open (uncontrolled) intersection where two vehicles arrive at the same time, the driver on the left must yield to the driver on the right. This rule helps prevent confusion and collisions when there are no signs or signals.",difficult
2,Traffic Laws & Rules of the Road,"When changing lanes, you should:","a:Rely solely on your mirrors.,b:Begin signaling only as you move into the next lane.,c:Signal at least 100 feet before changing lanes and glance over your shoulder to check the blind spot.,d:Signal 500 feet before changing lanes in residential areas.",c,"When changing lanes, you must signal in advance (about 100 feet in many areas), check your mirrors, and then quickly glance over your shoulder to check your blind spot. Never rely only on mirrors, and do not start signaling at the same time you move; other drivers need advance warning.",difficult
5,Driving in Special Conditions,"If a vehicle using high beams approaches, where should you direct your gaze?","a:The center of the road.,b:Either side of the road.,c:The right side of the road.",c,"When an oncoming vehicle’s high beams are shining in your eyes, look toward the right edge of your lane or the right side of the road. This reduces glare while still letting you track your lane position safely until the vehicle passes.",
5,Driving in Special Conditions,In rainy driving conditions which headlights should you use?,"a:Low beam headlights.,b:High beam headlights.,c:Parking lights only.",a,"In rain, fog, or snow, use low beam headlights. High beams can reflect off moisture in the air and back into your eyes, making it harder to see. Low beams improve your ability to see the road and help other drivers see you.",
3,"Signs, Signals & Road Markings","If there are two railroad tracks next to each other, you should:","a:Assume it is safe to cross once one train passes.,b:Always stop before every set of tracks.,c:Look for a second train on the other track after one passes before you proceed.,d:Drive faster to beat the next train.",c,"At crossings with more than one track, after one train passes, always check carefully for a second train on the other track before you proceed. Another train may be approaching from either direction and can be hidden by the first train.",
8,Special Situations & Road Users,"At a multi-track railroad crossing where you have stopped, what should you do after a train passes?","a:Go through as soon as the train passes.,b:Wait until you have a clear view of all tracks before proceeding.,c:Stop on the first track and watch for another train.",b,"At multi-track crossings, a second train can come on another track right after the first one passes. Stay stopped until you can clearly see down all tracks in both directions and are sure no other train is coming before you proceed.",
2,Traffic Laws & Rules of the Road,"When parking downhill on a two-way street, which way should you point your front wheels?","a:Turn your wheels to the left.,b:Turn your wheels to the right.,c:Keep your wheels pointed straight ahead.",b,"When parked facing downhill on a two-way street, turn the front wheels toward the curb or road edge. If the brakes fail, the vehicle will roll into the curb or away from traffic instead of rolling into the roadway.",
8,Special Situations & Road Users,"Compared with smaller cars, larger vehicles generally have:","a:Larger blind spots.,b:No blind spots.,c:Smaller blind spots.",a,"Larger vehicles such as trucks and large SUVs have bigger blind spots than smaller cars. Areas directly behind and along the sides may not be visible in the mirrors, so you should avoid lingering in those zones.",
4,Safe & Defensive Driving Practices,What single action most reduces your risk of serious injury or death in a crash?,"a:Limit your driving to weekdays.,b:Wear your seat belt.,c:Stay in the right lane on multilane highways.",b,"Wearing a properly adjusted seat belt greatly reduces your risk of being killed or seriously injured in a crash. It helps keep you inside the vehicle, spreads crash forces over stronger parts of your body, and works together with airbags.",
7,Vehicle Ownership & Responsibilities,How must license plates be displayed?,"a:Fastened so they cannot swing.,b:Folded for storage when not needed.,c:Placed vertically instead of horizontally.",a,"License plates must be securely fastened so they do not swing, mounted horizontally, clearly visible, and kept clean. This ensures that the plate can be easily read by law enforcement and other officials.",
2,Traffic Laws & Rules of the Road,At an intersection with a yield sign you should:,"a:Always come to a full stop regardless of other traffic.,b:Slow down and yield the right-of-way to traffic in the intersection or roadway you are entering.,c:Yield only to traffic approaching from the left.,d:Proceed at the same speed unless another vehicle is present.",b,"At a yield sign, you must slow down and be prepared to stop. You must let traffic and pedestrians already in or close to the intersection go first. If there is no conflicting traffic or pedestrians, you do not have to stop, but you must still approach with caution.",
6,"Alcohol, Drugs & Impaired Driving",A person's ability to drive can be impaired by which of the following?,"a:Alcohol.,b:Any medication (prescription or over-the-counter),c:Lack of sleep.,d:All of the above.",d,"Alcohol, many prescription and over‑the‑counter medicines, and being very tired can all slow your reactions and reduce your awareness and judgment. Because any of these can make driving unsafe, you must consider their effects before deciding to drive.",
5,Driving in Special Conditions,"If you need to slow down on a slippery road, what should you do first?","a:Firmly apply your brakes.,b:Take your foot off the gas.,c:Apply your parking brake.",b,"On a slippery road, the first and safest action is to ease off the accelerator so the vehicle slows down gradually. If you need to slow more, brake gently and steadily to avoid skidding; sudden or hard braking can cause loss of control.",
3,"Signs, Signals & Road Markings","Which signal requires coming to a complete stop, yielding to cross traffic/pedestrians, then proceeding when clear?","a:Flashing yellow light.,b:Solid red light.,c:Flashing red light.",c,"A flashing red light means you must come to a complete stop, just as you would at a stop sign. After stopping, you must yield to any cross traffic and pedestrians, and then proceed only when the way is clear and it is safe.",
6,"Alcohol, Drugs & Impaired Driving",How does alcohol affect your driving skills and judgment?,"a:It helps driving skills but harms judgment.,b:It has no effect on either driving skills or judgment.,c:It harms both driving skills and judgment.",c,"Alcohol reduces both your driving skills and your judgment. It slows reaction time, harms coordination and vision, and makes you more likely to take risks or misjudge situations, which greatly increases the chance of a crash.",
3,"Signs, Signals & Road Markings",What does a red arrow on a traffic signal mean?,"a:Proceed slowly through the intersection.,b:Stop and remain stopped until the signal changes to a green light or green arrow.,c:Stop and then proceed when the way is clear.",b,"A red arrow means you must stop and remain stopped in the direction of the arrow until it changes to green or a green arrow, unless a sign specifically allows a turn on red. You may not proceed in the direction of a red arrow.",
2,Traffic Laws & Rules of the Road,"If an officer is directing traffic at an intersection with a working traffic signal, drivers should:","a:Always follow the traffic signal instead of the officer.,b:Follow the directions given by the officer.,c:Honk to get the officer’s attention.,d:Proceed only when the light allows it.",b,"When a police officer is directing traffic, their hand signals and instructions override traffic lights and signs. You must follow the officer’s directions even if they conflict with the traffic signal.",
4,Safe & Defensive Driving Practices,Which activities are common causes of distracted driving?,"a:Changing a radio station or CD.,b:Talking or texting on a phone.,c:Eating, drinking, or smoking.,d:All of the above.",a,"Distracted driving includes any activity that takes your eyes, hands, or mind away from driving. Changing the radio, talking or texting on a phone, and eating, drinking, or smoking are all common causes of distraction and increase crash risk.",
2,Traffic Laws & Rules of the Road,When should you slow down when exiting a highway?,"a:On the main road, just before the exit lane.,b:Once you see a toll booth.,c:Once you have moved into the exit lane.,d:Before entering the exit lane.",c,"Maintain highway speed until you are safely in the exit lane, then slow down to the posted exit or ramp speed. Braking on the main travel lanes can surprise drivers behind you and increase the risk of a rear-end collision.",
7,Vehicle Ownership & Responsibilities,Which statement about seat belts and child restraints is correct?,"a:An airbag can be dangerous to an infant or small child in a front seat, especially with a rear-facing child seat.,b:Children are safest when properly restrained in the rear seat, away from active front airbags.,c:You should always make sure all passengers are using a seat belt or appropriate child restraint.,d:All of the above.",c,"The driver is responsible for making sure everyone is properly restrained with seat belts or appropriate child safety seats. Children are safest in the rear seat, and a rear-facing infant seat must never be placed in front of an active airbag because the airbag can seriously injure the child.",
4,Safe & Defensive Driving Practices,Which of the following commonly causes traffic accidents?,"a:Inattentive driving.,b:Following other vehicles too closely.,c:Excessive speed under the driving conditions.,d:Rare vehicle defects.",a,"Inattentive or distracted driving is one of the most common causes of crashes. While speeding and following too closely are also frequent contributing factors, inattentive driving is broadly recognized as a leading cause of collisions.",
7,Vehicle Ownership & Responsibilities,How should you act when approaching the scene of an accident while driving?,"a:Keep your attention on your driving.,b:Keep moving.,c:Stop if you are involved or if emergency help has not yet arrived.",c,"When you approach a crash scene, you should keep driving safely and avoid unnecessary stopping or distractions. However, if you are involved in the crash, or if emergency help has not yet arrived and you can safely assist, you must stop and provide help as required by law.",
4,Safe & Defensive Driving Practices,"If an aggressive driver cuts you off, how should you respond?","a:Flash your vehicle's lights to let them know they are wrong.,b:Call the police immediately.,c:Stay calm and move out of their way.",c,"If an aggressive driver cuts you off, the safest response is to stay calm, avoid eye contact or gestures, and create space by slowing down or changing lanes when it is safe. Do not try to punish or confront the other driver, as that can escalate road rage and increase the risk of a crash.",
3,"Signs, Signals & Road Markings",A solid white line on the right edge of the highway that slants to the left indicates:,"a:The road ahead will be narrower.,b:An intersection is just ahead.,c:A construction area is ahead.,d:You will be required to turn left soon.",a,"A solid white edge line that angles or slants toward the center of the road is a warning that the lane or roadway is about to become narrower. You should stay centered in your lane, reduce speed if needed, and be prepared for less space on the roadway.",
4,Safe & Defensive Driving Practices,What best ensures safety when you back your vehicle?,"a:Honk your horn before shifting into reverse.,b:Walk around and check behind the vehicle before getting in.,c:Only check rearview mirrors after getting in.",b,"Before backing, walk around your vehicle and check behind and around it for children, pedestrians, and objects that may be in your blind spots. After you get in, use your mirrors and look over your shoulder while backing slowly. Relying only on mirrors or the horn is not enough to ensure safety.",
8,Special Situations & Road Users,How can you avoid being in a truck or bus driver's blind spot?,"a:Avoid driving alongside them and do not tailgate.,b:Never pass them under any circumstances.,c:Flash your lights at them to get their attention.",a,"Large trucks and buses have big blind spots along their sides and directly behind them. If you avoid driving right next to them for long periods and do not follow too closely, the driver is more likely to see you in their mirrors and can react safely.",
2,Traffic Laws & Rules of the Road,How should you enter freeway traffic from an on-ramp?,"a:Signal, yield to existing traffic, and enter at the same speed that traffic is moving.,b:Signal and enter the freeway; freeway traffic must yield.,c:Drive slowly so you can check traffic.",a,"When entering a freeway, you should use the on‑ramp to build up speed, signal, and look for a gap. Yield to traffic already on the freeway and merge at or near the speed of traffic so you blend smoothly without forcing others to brake suddenly.",
5,Driving in Special Conditions,"When driving in bad weather, you should:","a:Increase your following distance.,b:Increase your speed to pass hazards quickly.,c:Decrease your following distance.,d:Turn off headlights during heavy rain.",a,"In bad weather, roads are more slippery and visibility is reduced, so it takes longer to see hazards and to stop. Slowing down and increasing your following distance gives you more time and space to react if the vehicle ahead brakes or skids.",
5,Driving in Special Conditions,How can you reduce the risk of hydroplaning?,"a:Replace tires with bad tread.,b:Do not speed when the roads are wet.,c:Use tires with proper air pressure.",b,"Hydroplaning happens when your tires ride on top of water and lose contact with the road. The faster you drive on a wet surface, the more likely this is to occur. Driving at a safe, reduced speed on wet roads greatly lowers the risk of hydroplaning.",
8,Special Situations & Road Users,"After stopping for a school bus that is unloading children, what should you do?","a:Accelerate quickly.,b:Watch for children walking along the side of the road.,c:Do not proceed until the children wave to you.",b,"Children getting on or off a school bus may cross the road or walk along the edge of the street and can be unpredictable. After the bus’s red lights stop flashing and the stop arm is withdrawn, proceed slowly and watch carefully for children near the roadway.",
8,Special Situations & Road Users,"Approaching a railroad crossing without flashing signals or gates, you should:","a:Cross immediately and as quickly as possible.,b:Always stop before crossing.,c:Be prepared to yield to any approaching train.",c,"At a railroad crossing without flashing lights or gates, you must slow down, look and listen carefully in both directions, and be ready to stop. Trains always have the right‑of‑way, so you must be prepared to yield and never enter the tracks unless you are sure you can completely clear them.",difficult
5,Driving in Special Conditions,Which of the following does NOT promote safe night driving?,"a:Keep your windshield clean.,b:Be aware that tinted windows reduce visibility at night.,c:Carry a flashlight inside your vehicle at all times.,d:Stare directly into oncoming headlights to adjust your vision.",d,"Safe night driving depends on maximizing your ability to see and be seen. You should keep the windshield clean, understand that dark window tint reduces visibility at night, and use tools like a flashlight only when stopped and needed. You should never stare into oncoming headlights; instead, glance to the right edge of your lane to avoid glare and preserve your night vision.",
3,"Signs, Signals & Road Markings",A speed advisory sign attached to a curve means:,"a:You should reduce speed below the advisory in rainy, snowy, or icy conditions.,b:The sign has a triangular shape.,c:The sign is blue with black lettering.,d:You may ignore the advisory if you drive carefully.",a,"A speed advisory sign on a curve shows a recommended maximum speed for that curve in good conditions, not a mandatory limit. In rain, snow, ice, or other poor conditions, you should slow down even more than the advisory speed so you have enough traction and time to react.",
2,Traffic Laws & Rules of the Road,"When parking uphill next to a curb, what should you do after setting the parking brake?","a:Keep the front tires straight ahead.,b:Keep the rear tires against the curb.,c:Turn your steering wheel away from the curb.",c,"When parking uphill with a curb, turn the front wheels away from the curb and set the parking brake. If the vehicle rolls, the front tire will move back and the front of the wheel will contact the curb, helping stop the vehicle from rolling into traffic.",
4,Safe & Defensive Driving Practices,"If your vehicle's right wheels leave the pavement, what should you do first?","a:Accelerate and steer back onto the road quickly.,b:Ease off the accelerator, slow down with your wheels off the pavement, then carefully steer back onto the road when it is safe.,c:Stop quickly.",b,"If your right wheels drop off the pavement, stay calm and avoid sudden moves. Ease off the accelerator, keep steering straight and parallel to the road, and let the vehicle slow down with gentle braking if needed. Once you have control and there is a safe gap in traffic, carefully steer back onto the pavement. Do not jerk the wheel or brake hard, as that can cause you to lose control.",
8,Special Situations & Road Users,What is the appropriate action approaching a railroad crossing that has no active signals?,"a:Always bring the car to a complete stop.,b:Slow down and be prepared to stop.,c:All railroad crossings have signals so you will never encounter this situation.,d:Speed up and cross quickly.",b,"At a railroad crossing without active signals, you must slow down, look and listen for trains, and be ready to stop. Only proceed when you are sure no train is coming and the tracks are clear. You are not required to always stop if there is no sign or signal requiring a stop and no train is approaching.",
8,Special Situations & Road Users,"When driving through an area where children are playing, you should expect them to:","a:Know when it is safe to cross the street.,b:Stop at the curb before crossing.,c:Possibly run out into the street without looking.,d:Yield to vehicles at all times.",c,"In areas where children are playing, you should assume they may act unpredictably and could run into the street without looking. Drive slowly, cover the brake, and be prepared to stop at any time, because children often do not judge traffic safely.",
3,"Signs, Signals & Road Markings",How are reversible lanes typically indicated?,"a:Double broken yellow lines.,b:Overhead lane-use control signals only.,c:Single broken white line.",a,Reversible lanes are often marked by double broken yellow lines and controlled by overhead lane-use signals that show whether the lane is open to your direction of travel. Always obey the overhead signals; they tell you when you may use the lane and when it is closed or reserved for oncoming traffic.,
8,Special Situations & Road Users,"If you are in a line of traffic crossing tracks with no signals or gates, what must you ensure?","a:You may pass slower drivers while on the tracks.,b:You must ensure there is room for your vehicle to completely clear all tracks without stopping.,c:You have the right-of-way so you do not need to check for trains.,d:You may stop on the tracks if traffic is heavy.",b,"When you are in a line of traffic approaching railroad tracks, you must be sure there is enough space on the far side for your entire vehicle to clear all tracks before you start across. Never enter a crossing unless you can drive completely through without stopping; stopping on the tracks is extremely dangerous.",difficult
3,"Signs, Signals & Road Markings",On which signal do you have the right-of-way to complete a left turn?,"a:A flashing yellow arrow.,b:A green arrow pointing left.,c:A solid green light.,d:A flashing red light.",b,"A green left arrow gives you a protected left turn, meaning oncoming traffic and pedestrians facing you should be stopped by a red light, so you have the right-of-way to turn. With a solid green light, you may turn left only after yielding to oncoming traffic and pedestrians; you are not guaranteed the right-of-way.",
8,Special Situations & Road Users,"As a pedestrian, which practice is recommended?","a:Always insist on the right-of-way over a vehicle when using a crosswalk.,b:Never enter a street or crosswalk when vehicles are approaching and cannot safely stop.,c:Enter a crosswalk at any time because it is the driver’s responsibility to stop.",b,"Pedestrians should never suddenly step into the path of a close‑approaching vehicle, even in a crosswalk. The safest practice is to wait until it is clear that approaching drivers have enough time and distance to see you and stop. While drivers are required to yield to pedestrians in crosswalks, pedestrians must still use caution and good judgment before entering the roadway.",
4,Safe & Defensive Driving Practices,"If you must stop along the road at night, what should you do to remain visible?","a:Turn off all your lights.,b:Turn on your emergency flashers and keep low beam headlights on.,c:Use only your parking lights.",b,"When you must stop along the road at night, you want your vehicle to be as visible as possible to avoid being hit. Turn on your emergency flashers so your vehicle stands out to approaching drivers, and keep your low beam headlights on so others can see you without being blinded by high beams.",
8,Special Situations & Road Users,What should you do when an emergency vehicle with flashing red or blue lights is approaching?,"a:Try to reach your destination before it arrives.,b:Continue driving and try to stay out of its way.,c:Pull over to the side of the road and stop.",c,"When an emergency vehicle with flashing red or blue lights and a siren approaches, you must yield the right‑of‑way. Safely pull over to the right side of the road and stop until it has passed. If you are in an intersection, continue through it, then pull over to the right and stop as soon as it is safe.",
2,Traffic Laws & Rules of the Road,When approaching an intersection displaying a flashing yellow light you should:,"a:Stop and wait for the light to change.,b:Make a U-turn because the intersection is closed.,c:Proceed through the intersection with caution.,d:Increase speed to clear the intersection quickly.",c,"A flashing yellow light means you do not have to stop, but you must slow down and proceed with extra caution. Be prepared to yield and watch carefully for cross traffic, pedestrians, or other hazards in or near the intersection.",
3,"Signs, Signals & Road Markings",A diamond-shaped traffic sign is used to:,"a:Warn drivers of existing or possible hazards ahead.,b:Alert drivers to school zones.,c:Mark public recreation areas.,d:Indicate regulatory instructions like speed limits.",a,"Diamond‑shaped signs are warning signs. They alert drivers to existing or potential hazards or changes in road conditions ahead, such as curves, intersections, merging traffic, or pedestrian crossings, so you can adjust your driving in advance.",
4,Safe & Defensive Driving Practices,How should you check your blind spots before changing lanes?,"a:Use only the inside rearview mirror.,b:Turn your head and glance over your shoulder into the blind spot.,c:Use only the outside rearview mirror.",b,"Blind spots are areas you cannot see with your mirrors alone. Before changing lanes, you should check your mirrors, signal, and then quickly turn your head to glance over your shoulder into the lane you want to enter. This head check is the only way to be sure a vehicle or motorcycle is not hidden in your blind spot.",
3,"Signs, Signals & Road Markings",A flashing red traffic signal is equivalent to which traffic device?,"a:A solid red light.,b:Stop sign.,c:Yield sign.",b,"A flashing red light means you must come to a complete stop, just as you would at a stop sign. After stopping, look for cross traffic and pedestrians, then proceed only when the way is clear and it is safe to go.",
3,"Signs, Signals & Road Markings",A yellow and black diamond-shaped sign:,"a:Warns you about conditions on or near the road ahead.,b:Directs you to cities and towns ahead.,c:Tells you about traffic laws and regulations.,d:Marks the beginning of a parking zone.",a,"Yellow and black diamond-shaped signs are warning signs. They alert you to special conditions or hazards ahead, such as curves, intersections, pedestrian crossings, or changes in road width, so you can slow down and drive with extra caution.",
2,Traffic Laws & Rules of the Road,"If you pass your exit on an interstate, what should you do?","a:Continue driving and use the next exit.,b:Make a U-turn to go back to the exit.,c:Quickly cut across traffic to make your turn.,d:Back up on the shoulder to reach the exit.",a,"If you miss your exit on an interstate, stay calm and continue to the next exit. It is illegal and extremely dangerous to stop, back up, cut across lanes, or make a U-turn on the highway or ramp. Use the next exit and safely re-route to your destination.",
2,Traffic Laws & Rules of the Road,When must you yield to other drivers?,"a:When they are on a road to your right and you have reached an unmarked intersection at the same time.,b:When entering a street from a garage, driveway, or alley.,c:Even with a green arrow, you must still yield to pedestrians and vehicles already in the intersection.",b,"When entering a street from an alley, driveway, or garage, you must stop and yield to all cross traffic and pedestrians on the sidewalk. Vehicles already on the roadway have the right-of-way. At unmarked intersections, you generally yield to vehicles on your right, and a green arrow gives you the right-of-way for that protected movement (though you must still yield to pedestrians and vehicles already in the intersection).",
2,Traffic Laws & Rules of the Road,When is it acceptable to proceed through an intersection showing a yellow light?,"a:If you are already inside the intersection when the light turns yellow, proceed carefully.,b:If there is an emergency vehicle crossing your lane.,c:If pedestrians are crossing in the direction you are going.",a,"A steady yellow light warns that the signal is about to turn red. If you are already in the intersection when the light turns yellow, you should continue through carefully and clear the intersection. If you have not yet entered, you are expected to slow and stop if you can do so safely, rather than speeding up to beat the red.",difficult
7,Vehicle Ownership & Responsibilities,"If you are involved in a traffic accident, what is the first thing you should do?","a:Stop immediately.,b:Call the police.,c:Help the injured.,d:Leave the scene.",a,"If you are involved in a collision, the law requires that you stop immediately at or near the scene. Once stopped and safe, you should protect the scene, call police or emergency services as needed, and give reasonable assistance to anyone injured. Leaving the scene is illegal and can result in serious penalties.",
2,Traffic Laws & Rules of the Road,The amount of space you need to cross traffic safely depends on:,"a:Road and weather conditions and oncoming traffic.,b:Whether a stop sign is present.,c:Use of your turn signals.,d:The color of the vehicle you are driving.",a,"To cross traffic safely, you must have enough time and space based on how fast other vehicles are coming and how far away they are, as well as road and weather conditions that affect traction and acceleration. Signs, turn signals, or vehicle color do not change the actual space you need to cross safely.",
8,Special Situations & Road Users,"When driving near heavy trucks, fellow road users must allow for what characteristic of large vehicles?","a:The decreased noise of larger vehicles.,b:The increased stopping distance required by large vehicles.,c:The decreased stopping distance required by large vehicles.",b,"Large trucks and other heavy vehicles need a much longer distance to stop because of their size and weight. When driving near them, allow extra space, avoid cutting in front of them, and do not linger in their blind spots so they have enough room to slow or stop safely.",
2,Traffic Laws & Rules of the Road,"If you are impeding traffic by driving too slowly on a two-lane, two-way road, what should you do?","a:Decrease your speed.,b:Pull off the right side of the road and let traffic pass.,c:Not let other cars pass your vehicle.",b,"If you are driving well below the speed of traffic on a two-lane, two-way road and vehicles are stacking up behind you, you should safely pull off to the right when possible and let them pass. Blocking faster traffic or intentionally preventing others from passing is unsafe and can be illegal.",
3,"Signs, Signals & Road Markings",What do orange-colored traffic signs generally indicate?,"a:Railroad crossing ahead.,b:Construction, maintenance, or emergency operations.,c:A school zone ahead.",b,"Orange signs are temporary warning signs used for construction, maintenance, and sometimes emergency operations. They alert drivers to changing road conditions, workers, lane shifts, or equipment on or near the roadway so you can slow down and proceed carefully.",
3,"Signs, Signals & Road Markings",What does a flashing yellow traffic light at an intersection mean?,"a:Stop and wait for green.,b:Slow down and proceed with caution.,c:Continue normally through the intersection at full speed.",b,"A flashing yellow light means you do not have to stop, but you must slow down and proceed with extra caution. Look for cross traffic, pedestrians, or other hazards, and continue only when it is safe.",
8,Special Situations & Road Users,"If you are followed by a fire engine that is not using its emergency signals, how should you drive?","a:Continue to drive in a normal manner.,b:Speed up to get out of its way.,c:Stop as quickly as possible.",a,"Emergency vehicles only require you to yield or pull over when they are using their lights and/or siren. If a fire engine behind you is not using emergency signals, treat it like any other vehicle and continue driving normally while obeying all traffic laws.",
5,Driving in Special Conditions,What should you do when roads are slippery?,"a:Drive the posted speed limit and be cautious.,b:Slow down.,c:Drive more quickly.",b,"On slippery roads, such as in rain, snow, or ice, you should reduce your speed below the posted limit. Lower speed gives your tires more chance to grip the road and gives you more time to react if you start to slide.",
4,Safe & Defensive Driving Practices,"If your vehicle begins to skid, you should turn the steering wheel:","a:To keep the front wheels straight.,b:In the direction you want the vehicle to go (into the skid),c:In the opposite direction of the skid.,d:Sharply in either direction to correct quickly.",b,"When your vehicle begins to skid, ease off the accelerator and steer in the direction you want the front of the vehicle to go. This is often described as steering into the skid. As the vehicle straightens out and you regain traction, gently adjust the wheel to keep traveling in your intended path.",
2,Traffic Laws & Rules of the Road,What must you do when you approach a steady red traffic light?,"a:Stop; you may turn right after yielding if no sign prohibits it.,b:Drive through if there is no crossing traffic.,c:Stop only if a police officer is nearby.",a,"A steady red light always means stop before the crosswalk or limit line. After stopping, you may turn right on red unless a sign says otherwise, but you must first yield to pedestrians and all traffic with the right‑of‑way.",
4,Safe & Defensive Driving Practices,Where should you place your hands on the steering wheel for best control?,"a:1 and 11 o'clock,b:2 and 10 o'clock,c:3 and 9 o'clock.",c,"Placing your hands at about 9 and 3 o’clock on the steering wheel gives you better control, balance, and leverage, and it keeps your arms in a safer position if the airbag deploys.",
7,Vehicle Ownership & Responsibilities,"If your power steering fails while driving, you should:","a:Honk your horn and turn off the engine immediately.,b:Turn on hazard lights and continue at the same speed.,c:Work harder to steer, reduce speed, and pull safely off the road as soon as possible.,d:Try to shift into neutral and coast to a stop in the travel lane.",c,"If power steering fails, the vehicle will still steer but it will take much more effort. Hold the wheel firmly, slow down, signal, and carefully move off the road to a safe place to stop and get the problem checked.",
2,Traffic Laws & Rules of the Road,"When parking uphill on a street with a curb, you should:","a:Keep the front wheels straight and set the parking brake.,b:Turn the front wheels away from the curb (to the left) and set the parking brake.,c:Turn the front wheels toward the curb and leave in gear.,d:Leave the wheels turned toward the road center.",b,"When parking uphill with a curb, turn the front wheels away from the curb and set the parking brake. If the brakes fail, the vehicle will roll back and the front tire will rest against the curb, helping prevent it from rolling into traffic.",
6,"Alcohol, Drugs & Impaired Driving","If you are taking an over-the-counter medication, what should you do before driving?","a:Read the labels and warnings on the drug.,b:Drink alcohol instead to ease symptoms.,c:Ignore any warnings and drive as usual.",a,"Many over‑the‑counter medicines can cause drowsiness, blurred vision, or slowed reactions. Always read the label and warnings before driving, and ask a doctor or pharmacist if you are unsure whether it is safe to drive.",
3,"Signs, Signals & Road Markings","If a HAWK pedestrian signal is flashing yellow, what should drivers do?","a:Drivers may proceed with caution.,b:Drivers should come to a complete stop.,c:Drivers should slow down and prepare to stop.",c,"A HAWK signal’s flashing yellow phase warns drivers that the beacon is activating. You should slow down and be prepared to stop for pedestrians who may be entering the crosswalk. You do not have to stop yet, but you must be ready to stop as the signal may change to solid yellow and then red.",
8,Special Situations & Road Users,Under which circumstances must you stop at a railroad crossing?,"a:When directed to stop by a flagger.,b:When control is by a posted stop sign.,c:When flashing red signals and gates are operating.,d:All of the above.",a,"You must stop at a railroad crossing any time you are directed by a flagger, when there is a stop sign at the crossing, or when red lights are flashing and/or the gates are down or coming down. Never drive around lowered gates or try to beat a train; trains are much faster and take far longer to stop than a car.",
6,"Alcohol, Drugs & Impaired Driving",Which of the following can impair your driving ability?,"a:Allergy medicines, b:Marijuana, c:Cold remedies, d:All of the above",d,"Allergy medicines, marijuana, and many cold remedies can make you drowsy, slow your reaction time, or affect your judgment. Even legal or over‑the‑counter drugs can impair your driving, so always read labels and follow medical advice before driving.",
2,Traffic Laws & Rules of the Road,Which action should drivers take when preparing to turn left?,"a:Move into the correct lane and signal well in advance.,b:Slow down gradually while checking your mirrors and blind spots.,c:Watch for oncoming vehicles, cyclists, and pedestrians before turning.,d:All of the above.",c,"When preparing to turn left, you should move into the correct left lane, signal well in advance, slow down smoothly while checking your mirrors, and watch carefully for oncoming vehicles, cyclists, and pedestrians in the crosswalk. All of these steps are important for a safe left turn.",
3,"Signs, Signals & Road Markings","If a crossing guard is directing traffic at a school zone, you must:","a:Follow the directions given by the crossing guard.,b:Copy what surrounding traffic is doing even if it differs.,c:Assume the guard is not authorized to direct traffic.",a,"Crossing guards are authorized to direct traffic in school zones to protect children and other pedestrians. You must obey their signals and instructions, even if they differ from traffic lights or what other drivers are doing.",
5,Driving in Special Conditions,What do orange work zone signs indicate?,"a:It is summer.,b:You must immediately stop and back up.,c:Road work or construction is ahead and you should use extra caution.",c,"Orange signs are used for temporary work zones and construction areas. They warn that road work, lane shifts, equipment, or workers may be present, so you should slow down, stay alert, and be prepared for unexpected or less‑than‑ideal driving conditions.",
7,Vehicle Ownership & Responsibilities,What are potential risks of worn or bald tires?,"a:Are likely to hydroplane.,b:Can make turning more difficult.,c:All of the above.",c,"Worn or bald tires have very little tread, which reduces traction with the road. This makes it harder for your tires to grip the pavement, so your stopping distance increases, your ability to steer and turn safely is reduced, and your risk of hydroplaning on wet roads goes up.",
2,Traffic Laws & Rules of the Road,"After passing another vehicle on a two-lane road, when should you return to the right lane?","a:Remain in the left lane if you intend to turn left.,b:Return to the driving lane when there is enough room between you and the vehicle you passed.,c:Return to the right side of the roadway immediately.",b,"After you pass on a two‑lane road, you should not cut back in too soon. Wait until you can see enough space between your vehicle and the one you passed—often when you can see the front of the passed vehicle in your rearview mirror—then signal and return to the right lane.",
4,Safe & Defensive Driving Practices,When is it appropriate to use your horn as a warning?,"a:When passing a bicyclist.,b:When you see a child about to run into the street.,c:When traveling through an intersection.",b,"Use your horn to alert others when there is a potential collision and you think they may not see you, such as when a child is about to run into the street. Avoid using the horn without a safety reason, like just to express frustration or to move traffic along.",
8,Special Situations & Road Users,Why should you be cautious when passing a bicycle?,"a:Because the bicyclist may need to swerve or change position to avoid hazards.,b:Because bicycles are smaller and harder to see, especially at intersections and driveways.,c:Because oncoming traffic may not see you pull out to pass, and you must leave extra space for the bicyclist.",c,"When passing a bicycle, you must allow plenty of space because the cyclist may need to swerve to avoid potholes or debris, and oncoming drivers may not see you move into their lane. Always check for oncoming traffic, signal, and give the bicyclist a safe clearance as required by your state’s minimum passing distance law.",
8,Special Situations & Road Users,Which statement about passing motorcycles is true?,"a:It is okay for drivers of other vehicles to follow motorcycles closely.,b:A motorcycle with two people on it is more balanced than one with one rider.,c:The driver of a passenger vehicle must change lanes completely when passing a motorcycle.,d:Motorcycles are not entitled to a full lane.",c,"Motorcycles are entitled to the full width of a lane, just like any other vehicle. When you pass a motorcycle, you should move completely into the adjacent lane, just as you would when passing a car or truck. Never crowd a motorcycle in the same lane or follow too closely, because they can stop and maneuver more quickly than larger vehicles.",
5,Driving in Special Conditions,What is the best long-term method to avoid hydroplaning?,"a:Keep tires properly maintained with good tread.,b:Watch out for standing water but take no other actions.,c:Use cruise control in wet or slushy conditions.",a,Hydroplaning happens when your tires ride on top of water instead of gripping the road. The best long‑term way to reduce this risk is to keep your tires in good condition with proper tread depth and correct air pressure. In wet conditions you should also slow down and avoid using cruise control so you can respond quickly if the vehicle starts to lose traction.,
4,Safe & Defensive Driving Practices,When should you increase your following distance?,"a:When driving behind a large vehicle that blocks your view.,b:When exiting an expressway only.,c:When following a motorcycle only.",a,"You should increase your following distance whenever conditions make it harder to see, stop, or react in time. This includes driving behind large vehicles that block your view, in bad weather, in heavy traffic, when following motorcycles or bicycles, or when being tailgated. More space gives you extra time to avoid sudden hazards.",
4,Safe & Defensive Driving Practices,Which statement best describes stopping in a travel lane?,"a:You may make a U-turn or back up if you get on the wrong entrance ramp of the freeway.,b:You may stop to drop off passengers.,c:You should not stop in a travel lane for any reason.,d:You may stop to look up an address.",c,"You must not stop in a travel lane because you can be hit from behind or cause sudden lane changes by other drivers. If you miss an exit or need to check directions, continue driving until you can safely pull off the road or reach the next exit. Never back up, make a U‑turn on a freeway ramp, or stop in a lane just to drop off passengers or look for an address.",
3,"Signs, Signals & Road Markings",Signs that warn drivers about hazardous conditions are called what?,"a:Regulatory signs.,b:Warning signs.,c:Information signs.",b,"Warning signs alert drivers to potential hazards or changes in road conditions ahead, such as curves, intersections, pedestrian crossings, or merging traffic. They are usually yellow or fluorescent yellow‑green with black symbols or lettering, and they give you time to slow down or adjust your driving before you reach the hazard.",
6,"Alcohol, Drugs & Impaired Driving",Drivers who have been drinking before driving:,"a:Are always aware of the risks they are taking.,b:Do not have sufficient control of their body, mind, or vehicle.,c:Are better drivers because they are more careful than sober drivers.",b,"Alcohol is a depressant that slows brain and body functions. Even small amounts reduce judgment, coordination, and reaction time, so a driver who has been drinking does not have full control of their body, mind, or vehicle. This makes driving unsafe and greatly increases crash risk.",
4,Safe & Defensive Driving Practices,What is the proper response to a tire blowout while driving?,"a:Do not immediately use your brakes.,b:Gradually slow down and pull off the road.,c:Take your foot off the gas.",a,"If a tire blows out, grip the steering wheel firmly and do NOT slam on the brakes. First, take your foot off the gas and let the vehicle slow down gradually while you keep it going straight. Once you have the car under control and your speed has dropped, gently brake as needed and steer to the side of the road to stop in a safe place.",
3,"Signs, Signals & Road Markings",What type of markings or symbols are used on some highways to direct drivers into the correct lanes for turning?,"a:Arrows painted on lanes or posted on signs.,b:Flashing red lights over each lane.,c:White lines on the side of the road only.",a,"On many roads and highways, arrows are painted directly in the lanes and shown on overhead or roadside signs to indicate which lanes are for turning and which are for going straight. Drivers must follow these lane-use arrows to be in the correct lane before turning or proceeding through an intersection.",
2,Traffic Laws & Rules of the Road,"When you hear a siren or see flashing lights from an approaching emergency vehicle, you must:","a:Slow down until it has passed.,b:Motion for the emergency vehicle to pass.,c:Drive to the right-hand edge of the road and stop until it passes.,d:Keep driving and maintain your lane.",c,"When an emergency vehicle approaches using a siren and/or flashing lights, you must yield the right-of-way by pulling as far to the right side of the road as safely possible and stopping until it has passed. If you are in an intersection, clear the intersection first, then pull to the right and stop. This creates a clear path so emergency responders can get through quickly and safely.",
6,"Alcohol, Drugs & Impaired Driving",What may happen when alcohol is combined with another drug?,"a:The effects of both the alcohol and drug may be increased.,b:Nothing will happen.,c:The effects of both may be reduced.",a,"Combining alcohol with other drugs, including many prescription or over-the-counter medicines, can intensify or unpredictably change the effects of both substances. This can greatly increase drowsiness, confusion, poor judgment, and slowed reactions, making driving extremely dangerous.",
2,Traffic Laws & Rules of the Road,Which of the following statements about passing is true?,"a:Use your mirrors and look over your left shoulder to check your blind spot when passing to the left.,b:Signal at least 100 feet before changing lanes or passing.,c:Wait until you can see both headlights of the passed vehicle in your rearview mirror before returning to your lane.,d:All of the above.",d,"When passing, you must signal early (at least 100 feet before changing lanes), check your mirrors and look over your left shoulder to clear your blind spot, and only move back into your original lane when you can see the entire front of the passed vehicle, including both headlights, in your rearview mirror.",
2,Traffic Laws & Rules of the Road,"When entering a crowded freeway, what should you do to merge into traffic?","a:Use your side and rearview mirrors and check blind spots, b:Use the acceleration lane to match the speed of freeway traffic, c:Yield to traffic already on the freeway, d:All of the above.",d,"When entering a crowded freeway, use the acceleration lane to reach the speed of traffic, check your mirrors and blind spots carefully, and yield to vehicles already on the freeway. Merge only when there is a safe gap so you do not force other drivers to brake suddenly.",
8,Special Situations & Road Users,"When sharing the road with a truck, remember trucks generally:","a:Require longer distances to stop than smaller vehicles.,b:Require less distance to stop on a downgrade.,c:Have smaller blind spots than cars.,d:Require no additional space when turning.",a,"Large trucks are much heavier than passenger cars, so they need more distance to stop and more room to maneuver. Never cut closely in front of a truck, and allow extra following distance so the truck has enough space to slow or stop safely.",
3,"Signs, Signals & Road Markings",What does a solid yellow arrow on a turn-control signal mean?,"a:Means that drivers may turn in the direction indicated by the arrow.,b:Has the same meaning as a circular yellow traffic light for that turn movement: the protected turn is ending and you should prepare to stop if safe.,c:Is never used as a traffic signal.",b,"A solid yellow arrow warns that your protected turning movement is ending and the signal is about to change. It has the same meaning as a circular yellow light for that direction: the green arrow is ending, and you should prepare to stop if it is safe to do so. If you are already in the intersection and cannot stop safely, you should complete the turn with caution.",
8,Special Situations & Road Users,"On a two-lane road without bicycle lanes, how should you pass a bicyclist traveling the same direction?","a:Do not pass until you come to a traffic signal or stop sign.,b:Slow down and wait until there is no opposing traffic, then pass with sufficient space.,c:Continue driving straight; it's the bicyclist’s responsibility to get out of your way.",b,"On a two-lane road without a bike lane, treat a bicyclist like a slow-moving vehicle. Slow down, wait until there is no oncoming traffic, then move over and pass with plenty of clearance—typically at least 3 feet, or more at higher speeds—only when it is safe and legal to do so.",difficult
8,Special Situations & Road Users,What is the 'No zone' in relation to large trucks and buses?,"a:The area of blind spots around a truck or bus.,b:A reduced speed zone near trucks.,c:A lane reserved for large vehicles only.",a,"The No-Zone is the large blind-spot area around trucks and buses where the driver cannot easily see other vehicles. Staying out of these areas, especially along the sides, directly behind, and close in front of the truck, helps avoid collisions because the truck driver may not know you are there.",
2,Traffic Laws & Rules of the Road,"When two vehicles arrive at an intersection from different highways at the same time, which vehicle must yield?","a:Either one.,b:The vehicle on the left.,c:The vehicle on the right.,d:The vehicle that arrived first.",b,"At an uncontrolled intersection where two vehicles arrive at the same time, the driver on the left must yield to the driver on the right. This right‑of‑way rule helps prevent confusion and collisions when there are no signs or signals controlling the intersection.",difficult
8,Special Situations & Road Users,"When sharing the road with large trucks, drivers should know that trucks:","a:Have large blind spots and require extra room to maneuver and stop.,b:Can stop more quickly than passenger vehicles.,c:Do not need more room to maneuver than passenger cars.,d:Have a smaller turning radius than passenger vehicles.",a,"Large trucks have big blind spots along the sides, behind, and sometimes directly in front of them. Because of their size and weight, they also need more distance to stop and more space to turn or change lanes. Giving trucks extra room and avoiding their blind spots improves safety for everyone.",
4,Safe & Defensive Driving Practices,Which greatly increases stopping distances and the severity of crashes?,"a:High speeds,b:Slow speeds,c:Night driving,d:Driving in neutral",a,"As speed increases, your stopping distance grows much faster than your speed, and any crash will be more severe because impact forces are higher. Driving at a safe speed for conditions gives you more time and space to react and reduces the seriousness of collisions.",
8,Special Situations & Road Users,"If you see an animal on the roadway, what should you do?","a:Slow down, be prepared to stop, and pass cautiously only when safe.,b:No special action is required.,c:Speed up to pass the animal quickly.",a,"When you see an animal on or near the road, slow down, be prepared to stop, and pass very cautiously only when it is safe. Sudden swerving can cause you to lose control or hit another vehicle, so focus on controlling your speed and giving the animal space while watching for others that may follow.",
8,Special Situations & Road Users,Why must you use extra caution around a pedestrian using a white cane or guide dog?,"a:They may be deaf.,b:They are blind and may not see traffic.,c:They are crossing illegally.",b,"A white cane or guide dog identifies a pedestrian as blind or visually impaired. They may not see you or judge your speed, so you must slow down, be prepared to stop, and always yield the right‑of‑way to them.",
5,Driving in Special Conditions,How should you handle turns on slick roads?,"a:Change lanes quickly to avoid hazards.,b:Accelerate quickly before entering the turn.,c:Take turns more slowly than usual.",c,"On slick or slippery roads, turns must be taken more slowly than usual. Reducing speed before the turn helps prevent skidding and loss of control, because your tires have less traction on wet, icy, or loose surfaces.",
4,Safe & Defensive Driving Practices,"Before passing another vehicle, what should you do?","a:Check your mirrors and blind spots.,b:Honk your horn at least three times.,c:Re-enter your lane within 10 feet of the passed vehicle.,d:Flash your headlights repeatedly.",a,"Before passing, check your mirrors and blind spots to be sure the lane is clear, then signal and move over only when it is safe. After passing, return to your lane only when you can see the front of the passed vehicle in your rearview mirror, leaving plenty of space.",
8,Special Situations & Road Users,"When you see or hear an emergency vehicle using lights or siren, what must you do?","a:Keep driving in your lane.,b:Slow down and keep moving in your lane.,c:Pull to the right curb and stop.,d:Speed up to get out of the way.",c,"When an emergency vehicle approaches using lights or siren, you must yield the right‑of‑way by pulling as far to the right as possible and stopping. Stay stopped until the emergency vehicle has passed, unless a police officer directs otherwise.",
3,"Signs, Signals & Road Markings",What should drivers do when approaching a traffic signal showing a steady yellow arrow?,"a:Should merge into a lane in the direction of the arrow.,b:Should stop if it is safe to do so.,c:May turn left after yielding to oncoming traffic and pedestrians.,d:Proceed as if the arrow were green.",b,"A steady yellow arrow warns that the protected movement is ending and a red arrow is about to appear. You should stop if you can do so safely before the intersection. If you are already in the intersection and cannot stop safely, complete your turn with caution.",
5,Driving in Special Conditions,"At a light rail crossing, what must you always do?","a:Share the road with pedestrians and bicyclists.,b:Look both ways before crossing tracks and obey all traffic signals.,c:Drive around lowered gates if you can get through quickly.",b,"At light rail crossings, you must always look carefully in both directions for approaching trains and obey all warning signs, signals, and gates. Trains can be quiet and may come from either direction, so you must never drive around lowered gates or ignore flashing lights, even if you do not see a train.",
3,"Signs, Signals & Road Markings",What does a flashing yellow traffic light tell you to do?,"a:Merging traffic.,b:Proceed with caution.,c:Pedestrian crossing.",b,"A flashing yellow traffic light means you must slow down and proceed through the intersection with caution. You do not have to stop, but you must be prepared to yield to pedestrians and other vehicles already in or entering the intersection.",
4,Safe & Defensive Driving Practices,Many crashes are caused by which of the following?,"a:Drivers traveling too fast for conditions.,b:Drivers consistently checking their mirrors and blind spots.,c:Drivers yielding the right-of-way.",a,"Driving too fast for conditions is a major cause of crashes. Even if you are under the posted speed limit, you must slow down when roads are wet, icy, congested, or visibility is reduced. Safe speed is always based on current conditions, not just the posted limit.",
5,Driving in Special Conditions,On what road surfaces does your stopping distance increase?,"a:On wet or icy roads.,b:On paved highways in perfect conditions.,c:Only when driving during the day.",a,"Stopping distance increases on any surface that reduces traction, such as wet, icy, snowy, or gravel roads. On these surfaces, your tires grip the road less effectively, so you need more distance to stop. Reduce your speed and leave extra following distance in poor conditions.",
4,Safe & Defensive Driving Practices,"If you are driving in another vehicle's blind spot, what should you do?","a:Keep a steady pace.,b:Stay in the driver's blind spot.,c:Move forward or drop back so the other driver can see you.",c,"Blind spots are areas alongside and slightly behind a vehicle that the driver cannot see in their mirrors. If you are driving in another vehicle’s blind spot, you should either move ahead or drop back so the driver can see you. Staying out of blind spots reduces the risk of being sideswiped or cut off.",
3,"Signs, Signals & Road Markings",Your vehicle's brake lights tell other drivers that you are:,"a:Changing lanes.,b:Making a turn.,c:Using your emergency brake.,d:Slowing down or stopping.",d,"Brake lights are designed to warn drivers behind you that you are slowing down or stopping. This gives them time to react and reduce speed safely. They do not indicate lane changes, turns, or use of the parking/emergency brake.",
6,"Alcohol, Drugs & Impaired Driving",Does drinking coffee after drinking alcohol reduce your blood alcohol concentration (BAC)?,"a:Cancels the effect of alcohol.,b:Decreases BAC.,c:Has no effect on BAC.",c,"Coffee, fresh air, or other remedies do not reduce BAC; only time will metabolize alcohol out of your system.",
2,Traffic Laws & Rules of the Road,"Just before changing lanes, which check should you perform?","a:Quickly turn your head to check for other vehicles in your blind spot.,b:Check only the side view mirror.,c:Check the rearview mirror only.",a,"Before changing lanes, first check your mirrors to see traffic around you, then quickly turn your head to look over your shoulder in the direction of the lane change. This head check lets you see the blind spot that mirrors cannot show, helping you avoid vehicles hidden beside you.",
2,Traffic Laws & Rules of the Road,Before changing lanes on a multilane highway you should:,"a:Sound your horn to alert other drivers.,b:Check rearview and side mirrors and look over your shoulder for blind spots.,c:Turn on your headlights to indicate a lane change.",b,"On a multilane highway, prepare for a lane change by checking your rearview and side mirrors, then looking over your shoulder to check your blind spot. After you are sure the lane is clear, signal, and then move over smoothly when it is safe.",
7,Vehicle Ownership & Responsibilities,"If your accelerator sticks while driving, what is the correct immediate action?","a:Slam on your brakes.,b:Turn off the ignition and carefully pull off the road.,c:Blow your horn.",b,"If your accelerator sticks, shift to neutral if possible, keep a firm grip on the steering wheel, and steer toward the side of the road. Once you are in control and moving to a safe place, turn the ignition off without locking the steering, and brake gently to a stop off the roadway.",
8,Special Situations & Road Users,Why must drivers be especially alert for motorcycles?,"a:Motorcycles are more difficult to see than cars.,b:Motorcyclists do not have the same rights as other vehicles.,c:Motorcyclists rarely use headlights.",a,"Motorcycles are smaller and narrower than cars, so they are easier to overlook in mirrors and blind spots and harder to judge for speed and distance. Because of this, drivers must look carefully for motorcycles, give them a full lane, and use extra caution when turning or changing lanes.",
3,"Signs, Signals & Road Markings",Is it legal to cross a double solid yellow centerline to pass another vehicle?,"a:Yes.,b:No.,c:Only if there is no oncoming traffic.",b,"A double solid yellow centerline means you may not cross the lines to pass another vehicle in either direction. You may only cross to make a permitted left turn, such as into or out of a driveway or side road, when it is safe and legal to do so.",
2,Traffic Laws & Rules of the Road,A driver's left arm extended upward is a hand signal for:,"a:Turning left.,b:Coming to a stop.,c:Turning right.",c,"Standard hand signals use the left arm: straight out for a left turn, bent upward at the elbow for a right turn, and bent downward for slowing or stopping. A left arm extended upward tells you the driver intends to turn right.",
4,Safe & Defensive Driving Practices,How should you apply the gas pedal for smooth acceleration?,"a:Gradually and smoothly.,b:By tapping rapidly for quick bursts.,c:As quickly as possible to merge with traffic.",a,"For smooth, controlled acceleration, press the gas pedal gradually and smoothly using the ball of your foot while keeping your heel on the floor. This helps you avoid sudden speed changes, maintain traction, and keep better control of the vehicle.",
6,"Alcohol, Drugs & Impaired Driving",Under what circumstances may you drink alcoholic beverages in a vehicle on a public highway?,"a:As long as you are not the driver.,b:Never; it is illegal to consume or possess an open container in the passenger area on a public road in a standard passenger vehicle.,c:If you are riding in the back seat.,d:If you are riding in the back of a pickup truck.",b,"Open container laws generally prohibit drinking alcohol or having an open alcoholic beverage in the passenger area of a vehicle on a public road, even if you are not the driver. Some states allow limited exceptions (such as certain hired vehicles or living quarters of RVs), but for test purposes you should treat drinking alcohol in any part of a passenger vehicle on a public highway as illegal.",difficult
8,Special Situations & Road Users,"If an emergency vehicle with flashing lights is nearby while you are driving, what should you do?","a:Speed up to avoid it.,b:Stop immediately and block its path.,c:Make every effort to give it a clear path of travel (pull over if safe).",c,"If safe, pull to the side and yield to emergency vehicles so they can pass or reach their destination quickly.",
2,Traffic Laws & Rules of the Road,"When you see a Merging traffic sign on the freeway, what should you do if traffic is present beside you?","a:Always remain at your present speed.,b:Honk at incoming traffic.,c:Make room for entering vehicles if possible.",c,"When safe, move over or adjust your speed to make room for merging traffic; if no vehicle is beside you, you may move over a lane.",
6,"Alcohol, Drugs & Impaired Driving",Does the type of alcoholic beverage determine how much it impairs you?,"a:Beer is less impairing than wine.,b:Effects depend on the amount of alcohol in your bloodstream, not the beverage type.,c:Hard ciders and mixed drinks are most impairing.",b,"Impairment depends on the amount of alcohol consumed and blood alcohol concentration, not the specific type of beverage.",
8,Special Situations & Road Users,"If you approach a railroad crossing and you neither see nor hear a train, when must you stop?","a:If a stop sign is posted.,b:If a crossing gate is lowered.,c:If the crossing lights are flashing.",a,"You must stop at a railroad crossing whenever a stop sign is posted, the lights are flashing, the gate is down, a flagger signals you to stop, or a train is approaching. Even if you do not see or hear a train, a posted stop sign still requires a complete stop before you proceed.",
2,Traffic Laws & Rules of the Road,"If you have the right-of-way at an intersection, you should:","a:Assume other drivers will obey right-of-way rules and proceed without looking.,b:Take extra time to check for crossing traffic and bicyclists before moving.,c:Wave other drivers forward before proceeding.,d:Immediately accelerate through the intersection.",b,"Even with the right-of-way, always check for other vehicles and pedestrians before entering an intersection to avoid collisions.",
2,Traffic Laws & Rules of the Road,When is it safe to pass another vehicle?,"a:When the centerline on your side is a broken yellow line and it is safe to do so.,b:When in a curve or on a hill because you are unlikely to meet oncoming traffic.,c:By using the shoulder of the roadway.",a,"Passing is only allowed where pavement markings permit it and when you have enough clear space to pass safely. A broken yellow line on your side of the centerline means you may pass if there is no oncoming traffic and you can complete the maneuver without speeding or cutting off other vehicles. You must never pass on hills, curves, or by driving on the shoulder.",
3,"Signs, Signals & Road Markings",Two solid white lines painted across a traffic lane mark what and how should drivers respond?,"a:They mark a stop line at an intersection; stop before the line when required and yield to pedestrians in the crosswalk.,b:They show crosswalk boundaries; yield to pedestrians in crosswalks.,c:They indicate no one has right-of-way.",b,"Two solid white lines painted across a lane at an intersection usually mark a stop line, often associated with a crosswalk. The crosswalk itself is typically marked by two parallel white lines or a series of white stripes. Drivers must stop before the stop line when required and must always yield to pedestrians in the crosswalk.",
8,Special Situations & Road Users,"To cross railroad tracks safely, what should you do?","a:Look both ways only when the red light is flashing.,b:Listen, look both ways, and then proceed if it is safe to do so.,c:Cross quickly when a train is approaching.,d:Rely on other drivers to signal whether it is safe.",b,"At railroad crossings, always slow down, listen, and look carefully in both directions for trains. Obey all warning signs, lights, and gates. Do not cross until you are sure no train is coming and there is enough space to clear the tracks completely without stopping.",
6,"Alcohol, Drugs & Impaired Driving",Which of the following is a telltale sign of a drunk driver?,"a:Driving more slowly than the normal traffic flow.,b:Weaving between lanes.,c:Making quick and sudden stops.,d:Driving with headlights off.",a,"Impaired drivers often show several warning behaviors, including driving much slower than surrounding traffic, weaving or drifting between lanes, making sudden or jerky stops, and sometimes driving without headlights at night. Any of these can be a telltale sign of a drunk or impaired driver.",
3,"Signs, Signals & Road Markings",Crossbuck signs indicate:,"a:Railroad crossings.,b:School zones.,c:No passing zones.,d:Pedestrian crossings.",a,"A crossbuck sign is the white X-shaped sign found at railroad crossings. It warns that you are approaching train tracks and must yield to any approaching train, stopping if a train is near or warning devices are active.",difficult
3,"Signs, Signals & Road Markings",Regulatory signs are used to:,"a:Warn about possible hazards.,b:Provide directions to cities and towns.,c:Indicate what a driver must or must not do.,d:Give distance to the next exit.",c,"Regulatory signs tell you what you must do or must not do under the law, such as speed limits, stop, yield, or turn restrictions. They are different from warning signs (hazards) and guide signs (directions and distances).",
5,Driving in Special Conditions,"When driving at night and another vehicle is approaching, which headlight setting should you use?","a:High beams.,b:Low beams.,c:Parking lights only.",b,"When another vehicle is approaching at night, you must use low beams so you do not blind the oncoming driver. High beams are only for use when there is no oncoming traffic and you are not following another vehicle closely.",
4,Safe & Defensive Driving Practices,It is best to keep a space cushion:,"a:Only behind your vehicle.,b:Only on the left and right sides of your vehicle.,c:Only in front of your vehicle.,d:On all sides of your vehicle.",d,"A space cushion is the open space around your vehicle that gives you time to react. You should keep space in front, behind, and to both sides whenever possible so you can steer or brake to avoid hazards.",
3,"Signs, Signals & Road Markings",You may pass another vehicle when the line dividing your lane from the lane you wish to enter is which type of line?,"a:Double solid yellow,line not crossable.,b:Broken white,line that separates lanes traveling in same direction.,c:Solid yellow,line you must not cross.,d:Broken yellow,line dividing opposing traffic.",d,"You may pass another vehicle only when the line on your side is broken and it is safe. A broken yellow line between lanes of opposing traffic allows passing when clear. Solid yellow lines mean no passing, and white lines separate traffic moving in the same direction, not opposing lanes.",
8,Special Situations & Road Users,Approximately how far might a fully loaded tractor-trailer need to stop from 55 mph?,"a:125 feet,b:50 feet,c:400 feet.",c,"A fully loaded tractor‑trailer needs much more distance to stop than a car. At about 55 mph, it can take roughly 400 feet or more to come to a complete stop, so you should never cut closely in front of a large truck.",difficult
3,"Signs, Signals & Road Markings",A traffic light showing a green arrow with a red light means:,"a:You may go straight in any direction.,b:You may only move in the direction the green arrow indicates and only if the way is clear.,c:You must wait for a solid green light to go in that direction.,d:You may turn left without yielding to pedestrians.",b,"A green arrow means you are allowed to move only in the direction the arrow points, and only if the path is clear. The red light still applies to all other movements, so you may not go straight or turn in other directions. You must still yield to pedestrians and any traffic already in the intersection.",difficult
2,Traffic Laws & Rules of the Road,"If you reach an intersection and are not in the proper lane to turn, what should you do?","a:Turn on your blinker and make the turn from your current lane.,b:Quickly cut across traffic to make your turn.,c:Drive to the next intersection and make the turn from the proper lane.",c,"If you are not in the correct lane to make a turn, you should continue straight and go to the next intersection, then make your turn from the proper lane. Sudden lane changes or turning from the wrong lane can surprise other drivers and cause crashes.",
3,"Signs, Signals & Road Markings",Traffic signs and pavement markings:,"a:Must always be obeyed.,b:Are merely suggestions.,c:Must be followed only when other traffic is present.,d:Apply only to commercial vehicles.",a,"Traffic signs, signals, and pavement markings are legal controls, not suggestions. They must be obeyed at all times because they regulate speed, direction, and right‑of‑way to keep traffic safe and orderly.",
8,Special Situations & Road Users,Which statement about yielding to emergency vehicles is correct?,"a:May follow each other.,b:May use a loudspeaker to give instructions.,c:Have the right-of-way when using sirens and/or flashing lights.",c,"When an emergency vehicle is using its siren and/or flashing lights, you must yield the right‑of‑way. Safely pull over to the right and stop, or follow any lawful instructions given by the emergency personnel, so they can pass quickly and safely.",
4,Safe & Defensive Driving Practices,"When a vehicle with Anti-Lock Braking System (ABS) starts to lose traction, drivers should:","a:Pump the brakes manually.,b:Press and hold the brake pedal firmly and steer out of danger.,c:Release the brake immediately.,d:Shift to neutral and coast.",b,"With ABS, you should press the brake pedal firmly and hold it while steering where you want to go. The ABS system automatically pumps the brakes to help prevent wheel lockup, so you can maintain steering control and avoid the hazard.",
2,Traffic Laws & Rules of the Road,"If you miss your exit on a freeway, what should you do?","a:Make the turn quickly from your lane of travel.,b:Stop and back up.,c:Continue to the next exit or safe location to turn around.",c,"If you miss your exit on a freeway, stay calm and continue driving to the next exit or another safe place to turn around. Never stop, swerve suddenly, or back up on the freeway or shoulder, because traffic is moving at high speeds and unexpected stopping or reversing can cause serious crashes.",
4,Safe & Defensive Driving Practices,How does increasing speed affect your field of vision?,"a:It increases your field of vision.,b:It decreases your field of vision.,c:It makes it easier to see cross traffic.",b,"As your speed increases, your field of vision narrows. You see less to the sides (your peripheral vision shrinks), which makes it harder to detect pedestrians, cross traffic, and hazards at the edges of the road. This is why high speeds require extra caution and looking farther ahead.",
3,"Signs, Signals & Road Markings",Traffic may NOT pass from either direction over which centerline marking?,"a:A single broken yellow line.,b:A combination solid and broken yellow line.,c:Double solid yellow lines.",c,Double solid yellow lines mean no passing for traffic in either direction. You may not cross them to pass another vehicle. You may usually cross them only to turn left into or out of a driveway or side road when it is safe and not otherwise prohibited.,
3,"Signs, Signals & Road Markings",What should you do when approaching a flashing yellow traffic signal?,"a:Increase your speed.,b:Come to a complete stop.,c:Slow down and proceed with caution.",c,"A flashing yellow light warns you to slow down and proceed with caution. You do not have to stop, but you must be prepared to yield to pedestrians or other vehicles already in the intersection and be ready for unexpected hazards.",
2,Traffic Laws & Rules of the Road,What must you do when you reach an intersection controlled by a flashing red light?,"a:Stop and wait for a flashing green light.,b:Come to a full stop and proceed only when the way is clear.,c:Slow down and drive carefully through the intersection.,d:Yield to oncoming traffic but do not stop.",b,"A flashing red light is treated like a stop sign. You must come to a complete stop, check for cross traffic and pedestrians, yield the right-of-way as needed, and then proceed only when the intersection is clear and it is safe to go.",
2,Traffic Laws & Rules of the Road,"If your vehicle's turn signals fail, you should use which method to indicate turns?","a:Your horn.,b:Your headlights.,c:Hand signals.,d:Tail lights only.",c,"If your electrical turn signals are not working, you must use standard hand and arm signals to show other drivers when you intend to turn or stop. Extend your left arm straight out for a left turn, bend your left arm up at the elbow for a right turn, and bend your left arm down for slowing or stopping.",
2,Traffic Laws & Rules of the Road,What moves are allowed from a center lane marked for two-way left turns?,"a:You may pass slow-moving traffic.,b:You may make left turns.,c:You may make U-turns.",b,"A center lane marked for two‑way left turns is only for making left turns (and U‑turns where they are specifically legal), not for passing or driving straight through. You enter this lane briefly to turn left into or out of a driveway or side road, then leave it as soon as it is safe.",
6,"Alcohol, Drugs & Impaired Driving",Blood alcohol concentration (BAC) depends on each of the following except:,"a:How much you drink.,b:How much time passes between drinks.,c:Your body weight.,d:The type of alcoholic beverage you drink.",d,"Your BAC is determined by how much alcohol you consume, how quickly you drink it, and factors like your body weight and sex. The type of drink (beer, wine, liquor) does not matter by itself—what matters is the total amount of pure alcohol you take in over time.",
7,Vehicle Ownership & Responsibilities,How should head restraints be positioned for safety?,"a:Removed from the seats if possible.,b:Adjusted so the top is about level with the top of your ears and close to the back of your head.,c:Adjusted to sit well above the head.",b,Head restraints should be adjusted so the top is roughly level with the top of your ears and as close to the back of your head as possible. Proper contact with the back of your head helps reduce whiplash injuries in a rear‑end collision.,
7,Vehicle Ownership & Responsibilities,"If you are involved in an accident, which of the following actions should you take at the scene?","a:Stop your vehicle at or near the scene.,b:Turn off the ignitions of wrecked vehicles.,c:Avoid standing in traffic lanes.,d:All of the above.",a,"If you are involved in a crash, you must stop at or near the scene, then, if it is safe, move vehicles out of traffic, turn off the ignitions of wrecked vehicles to reduce fire risk, and stay out of traffic lanes. All of these steps help prevent additional collisions and injuries.",
7,Vehicle Ownership & Responsibilities,"If you hit an unattended parked vehicle and cannot find the owner, you must:","a:Leave a note with your name, address, and the circumstances of the accident.,b:Drive away if damage appears minor.,c:Wait until the police arrive before leaving any information.,d:Do nothing unless someone witnessed the accident.",a,"If you hit a parked vehicle and cannot locate the owner, you must stop and leave a written note in a secure, visible place on the vehicle with your name, address, and an explanation of what happened. In many states you must also report the collision to law enforcement, especially if the damage is significant.",
4,Safe & Defensive Driving Practices,"If nearby drivers are reacting angrily, what should you do?","a:Do not make eye contact, avoid gestures, and calmly create space between you and them.,b:Try to engage with them to resolve the issue.,c:Speed up to get away from them quickly.",a,"When other drivers are angry or aggressive, your goal is to avoid escalating the situation and to protect yourself. Do not make eye contact, do not respond with gestures or yelling, and do not race or challenge them. Instead, stay calm and create space by slowing slightly, changing lanes, or exiting or pulling over in a safe, public place if needed.",
3,"Signs, Signals & Road Markings",What is the purpose of highway pavement markings?,"a:They are not important and can be ignored.,b:They are only used in construction zones.,c:They provide important information, warnings, and guidance that drivers must obey.",c,"Pavement markings are a key part of the traffic control system. They tell you where you may drive, pass, or stop; indicate lane use; show where turning is allowed; and warn of conditions such as no‑passing zones, crosswalks, and stop lines. You must obey pavement markings just like signs and signals.",difficult
4,Safe & Defensive Driving Practices,"If your wheels drop off the pavement onto the shoulder, what is the safest way to return to the road?","a:Ease off the gas, slow down, and very carefully steer back onto the pavement when it is safe.,b:Brake hard and turn sharply back onto the pavement.,c:Stop your car immediately on the edge of the road, even if it is not safe to do so.,d:Accelerate back onto the pavement immediately.",a,"If your wheels drop off the pavement, do not jerk the wheel or brake hard. First, ease off the accelerator and let the car slow down while you keep a firm grip on the steering wheel. When your speed is under control and the shoulder is stable, gently steer back onto the pavement with small, smooth movements so you don’t lose control or skid.",
4,Safe & Defensive Driving Practices,"If a tire blows out while driving, you should:","a:Brake hard immediately.,b:Maintain your speed and continue driving normally.,c:Hold the steering wheel firmly, keep the vehicle straight, and gradually slow by easing off the gas before pulling off the road safely.",c,"When a tire blows out, the sudden loss of air can cause your vehicle to pull to one side. Grip the steering wheel firmly and keep the vehicle going straight. Do not slam on the brakes; instead, ease off the accelerator and let the car slow down gradually. Once you have control and your speed has dropped, steer to a safe place off the road and brake gently to stop.",
8,Special Situations & Road Users,"When approaching a railroad crossing, which action should you take?","a:Cross especially quickly when a train is approaching.,b:Look for a train.,c:Slow down only if lights are flashing.,d:Ignore warning gates and continue.",b,"When approaching any railroad crossing, you must look and listen for trains and be prepared to stop. If warning lights are flashing, gates are down, or a train is clearly approaching, you must stop and remain stopped until it is safe and legal to proceed.",
7,Vehicle Ownership & Responsibilities,What plates are required on Colorado motor vehicles?,"a:A plate only on the rear.,b:Plates on both the front and back of the vehicle.,c:A plate only on the front.",b,Colorado law requires most motor vehicles to display license plates on both the front and rear of the vehicle so they can be identified from either direction.,
5,Driving in Special Conditions,Which statement about work zones is true?,"a:May be moving or stationary.,b:Is marked with black and white signs.,c:Does not require a driver to slow down and pay extra attention.",a,"Work zones can be either stationary (such as a fixed construction area) or moving (such as striping or maintenance vehicles). They are usually marked with orange signs, and drivers must slow down, obey posted work-zone speeds, and pay extra attention for workers and equipment.",
3,"Signs, Signals & Road Markings",A slow-moving vehicle emblem is:,"a:A circular green sign.,b:A diamond-shaped yellow sign.,c:A reflective orange triangle.,d:A rectangular red sign.",c,"The slow-moving vehicle emblem is a reflective orange triangle, often bordered with red, mounted on the rear of vehicles that travel 25 mph or less. When you see this emblem, reduce speed and be prepared to slow down or pass only when it is safe and legal.",
4,Safe & Defensive Driving Practices,"If the driver behind you wants to pass, what should you do?","a:Speed up to prevent the pass.,b:Go the same speed.,c:Slow down to give room in front of your vehicle for the pass.",c,"If a driver behind you wants to pass, you should help them do it safely. Maintain a steady path and, if needed, slightly slow down to create more space in front of your vehicle so the passing driver has room to move back into the lane without cutting too closely in front of you.",
3,"Signs, Signals & Road Markings",What color pavement markings separate lanes of traffic moving in opposite directions?,"a:Yellow,b:White,c:Both yellow and white",a,Yellow lines on the road separate traffic moving in opposite directions. White lines separate lanes of traffic moving in the same direction or mark the right edge of the roadway.,
6,"Alcohol, Drugs & Impaired Driving",Which statement is true about alcohol and driving skills?,"a:Only a BAC above the legal limit will impair concentration and judgment.,b:Alcohol does not affect driving.,c:Even the smallest amount of alcohol can impair concentration, perception, judgment, and memory.",c,"Any amount of alcohol can begin to affect the brain, reducing concentration, perception, judgment, and memory. You can be unsafe to drive even before reaching the legal BAC limit.",
4,Safe & Defensive Driving Practices,What should your inside rearview mirror show after adjustment?,"a:The passengers in the backseat.,b:Your own reflection.,c:The entire rear window.",c,"The inside rearview mirror should be adjusted so you can see the entire rear window while sitting in your normal driving position, without moving your head. This maximizes your view of traffic behind you.",
8,Special Situations & Road Users,"When driving near a motorcycle, you must:","a:Allow the motorcycle to use a complete lane.,b:Allow the motorcycle to use only half a lane.,c:Drive on the shoulder beside the motorcycle.",a,"Motorcycles are entitled to a full lane, just like any other motor vehicle. Never try to share a lane with a motorcycle or crowd them; give them the full lane width for safe maneuvering.",
6,"Alcohol, Drugs & Impaired Driving",Which of these is a common effect of alcohol on a driver?,"a:Improved judgment.,b:Poor coordination.,c:Increased alertness.",b,"Alcohol commonly causes poor coordination, slower reaction time, and reduced judgment. These effects make it harder to steer, brake, and respond safely to traffic situations.",
2,Traffic Laws & Rules of the Road,"When making a right turn, your vehicle should be positioned:","a:Near the center of the street.,b:Close to the left side of the street.,c:As close as possible to the right side of the street.,d:In the middle of the intersection.",c,"For a right turn, you should be in the lane closest to the right curb or edge of the roadway, and as close to the right side of that lane as is safe and legal. This positioning shortens the turn, reduces conflicts with other traffic, and helps keep you in your proper lane as you complete the turn.",
3,"Signs, Signals & Road Markings",What does a red and white triangular sign at an intersection indicate?,"a:Always come to a full stop at the intersection.,b:Yield to vehicles or pedestrians in the intersection.,c:Slow down if an emergency vehicle is approaching.",b,"A red and white triangle is a yield sign. You must slow down and be prepared to stop if necessary, yielding the right-of-way to any vehicles or pedestrians already in or close to the intersection. You proceed only when it is safe and does not interfere with other road users.",
4,Safe & Defensive Driving Practices,"If another driver behaves aggressively toward you, what should you do?","a:Retaliate by tailgating them.,b:Avoid eye contact, slow down, and let them pass.,c:Cut them off to slow them down.",b,"When another driver is aggressive, your goal is to avoid escalating the situation. Stay calm, do not make eye contact or respond with gestures, and safely slow down or change lanes so they can pass. Creating distance reduces the chance of a collision or confrontation.",
4,Safe & Defensive Driving Practices,Why is maintaining a space cushion around your vehicle important?,"a:It prevents distractions from other vehicles.,b:It gives you time to react to unexpected situations.,c:It helps keep traffic speed consistent.",b,"A space cushion is the open area around your vehicle—especially in front—that gives you time and room to react. If a driver ahead brakes suddenly or a hazard appears, extra space lets you slow, stop, or steer away safely without needing extreme or unsafe maneuvers.",
2,Traffic Laws & Rules of the Road,"If you miss your exit on an interstate, what should you do?","a:Stop and make a U-turn.,b:Get off at the next exit and come back safely.,c:Back up on the shoulder to return to the exit.",b,"If you miss your exit on a freeway or interstate, keep going to the next exit. From there, you can safely re-enter and return to your intended exit. Never stop, back up, or make a U-turn on the highway, as these actions are extremely dangerous and usually illegal.",
5,Driving in Special Conditions,"If you become stranded in a snowstorm, the best action is to:","a:Get out of the car and walk for help.,b:Stay in your car and wait for help.,c:Lay down in your car and sleep.,d:Walk into the road to attract passing motorists.",b,"Staying in your vehicle during a snowstorm is usually safest. Your car provides shelter, is easier for rescuers to see, and protects you from getting lost or exposed to cold. Run the engine only periodically for heat with a slightly open window and a cleared exhaust pipe to avoid carbon monoxide poisoning.",
2,Traffic Laws & Rules of the Road,You must not pass:,"a:On a hill or curve where your view is blocked.,b:When a school bus has flashing red lights and is stopped to load/unload children (unless you are on the opposite side of a divided highway with a physical median).,c:When approaching or driving through an intersection.,d:All of the above.",d,"You must not pass when you cannot see far enough ahead, such as on hills or curves, because an oncoming vehicle may appear suddenly. You must also not pass when a school bus has flashing red lights and is stopped to load or unload children, unless you are on the opposite side of a divided highway with a physical median. Passing near or at intersections is also unsafe because cross traffic or turning vehicles may enter your path.",
5,Driving in Special Conditions,Roads tend to become very slippery:,"a:When it has been raining for an hour or more.,b:Only after several days of rain.,c:During the first 10 to 15 minutes of a rainstorm.,d:When the temperature is above 100°F.",c,"When rain first begins, oil and debris on the road mix with the water and create a very slick surface. This is why the first 10–15 minutes of a rainstorm are especially dangerous. Slow down, avoid sudden braking or turning, and increase your following distance during this time.",
8,Special Situations & Road Users,What is the safest way to pass a bicyclist?,"a:Slow down, change lanes if possible, and give the bicyclist plenty of space (at least the minimum distance required by law).,b:Honk at the bicyclist to alert them as you pass.,c:Drive in the bicycle lane until you can pass the bicyclist more quickly.",a,"The safest way to pass a bicyclist is to slow down and give them plenty of space, following your state’s minimum passing distance (often at least 3 feet, and more at higher speeds). Do not honk in a way that could startle them, and never drive in a bicycle lane except where allowed to safely turn or when specifically permitted by law.",difficult
4,Safe & Defensive Driving Practices,Which of the following is NOT a factor in determining your vehicle's stopping distance?,"a:Steering ability.,b:Braking distance.,c:Reaction distance.,d:Perception time.",a,"Total stopping distance is the distance your vehicle travels from the moment you see a hazard until you come to a complete stop. It includes perception distance (seeing and recognizing the hazard), reaction distance (moving your foot to the brake), and braking distance (while the brakes are slowing the car). Steering ability does not directly change how far it takes you to stop in a straight line.",
7,Vehicle Ownership & Responsibilities,What are the consequences for parking illegally in a space designated for disabled drivers?,"a:No negative consequences.,b:Only a small fine.,c:Fines and possible jail time and other penalties.",c,"Illegally parking in a space reserved for people with disabilities is a serious violation. States typically impose large fines, and repeat or extreme violations can lead to additional penalties such as court action, loss of certain privileges, or vehicle impoundment. These penalties are meant to keep accessible spaces available for those who genuinely need them.",
3,"Signs, Signals & Road Markings",You must stop at an intersection when you see which signal?,"a:A steady yellow light.,b:A yellow arrow.,c:A flashing red light.",c,"A flashing red light means you must come to a complete stop, just as you would at a stop sign. After stopping, you may proceed only when the intersection is clear and it is safe. A steady yellow or yellow arrow is a warning that the signal is about to turn red; you should prepare to stop if you can do so safely, but they do not always require an immediate stop the way a flashing red does.",
3,"Signs, Signals & Road Markings",A single dashed yellow line separating two directions of traffic means:,"a:Drivers may pass if it is safe to do so.,b:Both lanes travel in the same direction.,c:Drivers may not pass.,d:A turn lane is ahead.",a,"A single dashed yellow line between opposing lanes of traffic means vehicles traveling in either direction may pass if it is safe and legal. Before passing, you must ensure there is enough clear distance ahead, no oncoming traffic close by, and no signs or markings prohibiting passing.",
4,Safe & Defensive Driving Practices,"If you are waiting to turn left and opposing traffic blocks your view, what should you do?","a:Accelerate rapidly when the first lane is clear.,b:Wait until you can see all the lanes you must cross before making the turn.,c:Wait for an oncoming driver to wave you across.",b,"When turning left, you must not begin your turn until you can clearly see all lanes you must cross and are sure you can complete the turn safely. If opposing traffic or large vehicles block your view, wait until your view is clear. Never rely on another driver waving you through, and do not accelerate blindly into a gap you cannot fully see.",
2,Traffic Laws & Rules of the Road,"If a traffic light changes from green to yellow as you approach, what should you do?","a:Speed up to beat the light.,b:Be prepared to stop if it is safe to do so.,c:Stop in the center of the intersection.",b,"A steady yellow light warns that the signal is about to turn red. You should slow down and be prepared to stop before the intersection if you can do so safely. If you are too close to the intersection to stop safely when the light turns yellow, continue through with caution rather than braking abruptly and risking a rear-end collision.",
2,Traffic Laws & Rules of the Road,"If two vehicles arrive at an intersection at the same time and there are no signs or signals, which vehicle has the right-of-way?","a:The car approaching from the left has the right-of-way.,b:The car approaching from the right has the right-of-way.,c:The car whose driver sounds the horn first has the right-of-way.",b,"At an uncontrolled intersection (no signs or signals), drivers must yield to vehicles approaching from their right when they arrive at the same time. This rule helps prevent confusion and collisions when no other control is present.",difficult
5,Driving in Special Conditions,"If you must drive in fog, what should you do with your lights?","a:Turn on your hazard lights.,b:Turn on your parking lights.,c:Turn on your low beam headlights.",c,"In fog, always use low beam headlights because their light aims down at the road and reduces glare. High beams reflect off the water droplets in the fog and can make it harder to see. Use fog lights too if your vehicle has them.",
2,Traffic Laws & Rules of the Road,When turning left you must yield the right-of-way to which road users?,"a:Drivers already in the intersection only.,b:Oncoming traffic and any pedestrians in the intersection or crosswalk.,c:Vehicles behind you that started moving last.",b,"When turning left, you must yield to oncoming traffic, including cars, motorcycles, and bicycles, and to pedestrians who are in or entering the crosswalk. Only turn when there is a safe gap and all road users with the right‑of‑way have cleared your path.",
7,Vehicle Ownership & Responsibilities,"If you are involved in a crash and your vehicle is blocking traffic, what should you do if possible?","a:Move your vehicle off the traveled portion of the roadway.,b:Never move your vehicle under any circumstances.,c:Wait for police before moving anything.",a,"After a minor crash, if no one is seriously injured and the vehicles are drivable, you should move them out of the traffic lane to the shoulder or a safe area. This helps prevent additional collisions. You must still stop, exchange information, and provide aid if needed.",
3,"Signs, Signals & Road Markings",What is the most common color used for general warning signs?,"a:Red.,b:Yellow.,c:Green.",b,"General warning signs are usually diamond‑shaped and yellow with black symbols or wording. They alert drivers to conditions such as curves, intersections, pedestrian crossings, or other potential hazards ahead.",
3,"Signs, Signals & Road Markings",What does a single broken yellow center line indicate on a two-lane road?,"a:Lanes move in opposite directions; passing is allowed when safe.,b:Lanes move in opposite directions; passing is never allowed.,c:Lanes move in the same direction and passing is not allowed.",a,"A single broken yellow center line means traffic in the two lanes moves in opposite directions and passing is allowed in either direction when it is safe. You must still check for oncoming traffic, ensure you have enough space to pass, and obey any additional signs or markings.",
1,Licensing & Permit Requirements,"To help ensure your physical condition does not impair your driving, you should:","a:Know how any medication affects your ability to drive.,b:Keep physically fit and have regular medical check-ups.,c:Drive within your physical limitations.,d:All of the above.",d,"Safe driving depends on your physical and mental condition. You should know how any medication affects your alertness, keep yourself in good health with regular check-ups, and avoid driving in ways that exceed your physical limitations. Doing all of these helps prevent impairment-related crashes.",difficult
3,"Signs, Signals & Road Markings",What does a flashing red light on a traffic signal indicate?,"a:The traffic signal is broken.,b:The same thing as a stop sign.,c:You do not have to come to a complete stop.",b,"A flashing red light means you must stop completely, just as you would at a stop sign. Stop at the limit line or before entering the crosswalk or intersection, yield to pedestrians and other traffic, and proceed only when it is safe.",
7,Vehicle Ownership & Responsibilities,When may you park or stop along the shoulder of a freeway?,"a:If you need to look at a map for directions.,b:Only in an emergency.,c:As long as you turn on your four-way (emergency) flashers.,d:If no part of your vehicle is on the road.",b,"On freeways, stopping or parking on the shoulder is only allowed for emergencies, such as a breakdown, flat tire, or medical problem. Non-emergency stops, like checking directions, are not allowed. If you must stop for an emergency, pull as far off the road as possible and use your hazard lights.",
2,Traffic Laws & Rules of the Road,When may a driver text while driving?,"a:Never; you should not text while the vehicle is moving.,b:Only when the vehicle is safely parked out of traffic.,c:Only when using a hands-free system for voice calls, not for typing or reading texts.",a,Texting while driving is prohibited except for emergency calls; looking away from the road to text greatly increases crash risk.,
2,Traffic Laws & Rules of the Road,From which lane should you start a left turn on multilane one-way streets or highways?,"a:The middle of the intersection.,b:The left lane.,c:The right lane.",b,"On a multilane one-way street or highway, you must start a left turn from the leftmost lane that is lawfully available for your direction of travel. This keeps you out of the path of faster traffic on the right and makes your turn more predictable and safer for others.",
5,Driving in Special Conditions,Which road areas tend to freeze first in cold or wet weather?,"a:Roads in the sun.,b:Shaded sections of the road.,c:Flat open areas.",b,"Shaded areas of the road, such as those under trees, bridges, or alongside buildings, freeze first and thaw last because they receive less sunlight. Even when the rest of the road looks clear, these spots can still be icy and slippery, so you should slow down and use extra caution when driving through them.",
3,"Signs, Signals & Road Markings",What color lines separate lanes of traffic moving in the same direction?,"a:White.,b:Yellow.,c:Red.",a,"White lines are used to separate lanes of traffic moving in the same direction, such as on multi-lane city streets and freeways. Yellow lines separate traffic moving in opposite directions. Knowing this helps you quickly understand whether you are allowed to pass and what direction traffic should be moving in each lane.",
2,Traffic Laws & Rules of the Road,"If a stop is required at an intersection with no stop line or crosswalk, where should you stop?","a:Stop at the nearest point where you can see approaching traffic without entering the intersection.,b:You are not required to stop.,c:Always stop only after entering the intersection to get a better view.",a,"If there is a stop sign but no stop line or crosswalk, you must stop before entering the intersection at the point nearest the intersecting roadway where you can clearly see approaching traffic. This ensures you obey the stop requirement while positioning your vehicle where you can safely judge when it is clear to proceed.",
2,Traffic Laws & Rules of the Road,"When entering a street from a driveway, what must you do?","a:Drive slowly to allow approaching vehicles and pedestrians time to get out of your way.,b:Must honk your horn so approaching vehicles and pedestrians know to give you room.,c:Stop and proceed only when there are no pedestrians or vehicles approaching.",c,"When entering a street from a driveway, alley, or private road, you must stop before the sidewalk or edge of the roadway and yield to all pedestrians and vehicles already on the road. Only proceed when there is a safe gap. You cannot force others to slow or move; the responsibility is on you to wait until the way is clear.",
5,Driving in Special Conditions,"When roads are slippery, what adjustment should you make?","a:Drive the same as on dry roads.,b:Increase your following distance.,c:Use alternate routes only.",b,"On slippery roads, your tires have less traction and it takes longer to stop. Increasing your following distance gives you more time and space to brake gently and avoid skids or rear‑end collisions.",
8,Special Situations & Road Users,How should you react when you are behind a transit bus signaling to re-enter a traffic lane?,"a:Quickly pass the bus before it merges.,b:Yield the right-of-way and allow the bus to re-enter.,c:Expect the bus to yield to you.",b,"Transit buses are large, slow to maneuver, and make frequent stops. When they signal to re‑enter traffic, you should yield by slowing down or changing lanes if safe so they can merge smoothly and safely back into the lane.",
2,Traffic Laws & Rules of the Road,A driver entering interstate traffic from an entrance ramp should do what?,"a:Force their way into traffic.,b:Yield to drivers already on the interstate.,c:Stop at the ramp until a gap appears.",b,"Traffic already on the interstate has the right‑of‑way. Use the entrance ramp and acceleration lane to match the speed of traffic, then merge when there is a safe gap, yielding to vehicles already on the freeway.",
5,Driving in Special Conditions,In which situations is it especially important to slow down?,"a:On narrow or winding roads.,b:At intersections or railroad crossings.,c:When the road is wet or slippery.,d:All of the above.",d,"You should slow down whenever conditions reduce visibility or traction or increase risk: on narrow or winding roads, at intersections and railroad crossings where cross‑traffic may appear, and on wet or slippery roads where stopping distances are longer.",difficult
3,"Signs, Signals & Road Markings",What does an 'End school zone' sign mean?,"a:The end of a reduced school zone speed limit.,b:The beginning of a reduced school speed zone.,c:An increased possibility of encountering pedestrians ahead.",a,"An “End school zone” sign tells you that the special reduced school‑zone speed limit no longer applies. After passing the sign, you may resume the posted regular speed limit if conditions are safe.",
3,"Signs, Signals & Road Markings","A sign that reads 'Reduced speed, 35 mph' indicates what?","a:The new 35 mph speed limit begins at this sign.,b:You have plenty of time to slow down before the reduced zone.,c:The new 35 mph speed limit begins at the next speed limit sign.",a,"A “Reduced speed, 35 mph” sign means the new 35 mph limit applies starting exactly at that sign. You must already be slowed to 35 mph by the time you reach it, not sometime later.",difficult
6,"Alcohol, Drugs & Impaired Driving",Which of these is an effect alcohol can have on drivers?,"a:It impairs your thinking ability.,b:It slows your reaction time.,c:It gives you a feeling of false confidence.,d:All of the above.",b,"Alcohol affects driving in several ways at the same time: it impairs your thinking and judgment, slows your reaction time, and often makes you feel more confident than you really should be. Any of these effects can make you an unsafe driver.",
5,Driving in Special Conditions,Which actions help prevent hydroplaning?,"a:Reduce speed when driving in the rain.,b:Ensure tires are properly inflated.,c:Ensure tires have good tread depth.,d:All of the above.",a,Hydroplaning happens when your tires ride on a thin layer of water and lose contact with the road. You reduce this risk by slowing down in wet conditions and by keeping your tires in good condition—properly inflated and with enough tread depth to channel water away.,
3,"Signs, Signals & Road Markings",What does a double solid yellow line down the center of a two-lane road indicate?,"a:Lanes moving in opposite directions and passing is not allowed.,b:Lanes moving in opposite directions and passing is allowed anytime.,c:Lanes moving in the same direction and drivers are not permitted to pass.",a,"A double solid yellow line separates traffic moving in opposite directions and means no passing is allowed for vehicles traveling either way. You may cross it only to turn left when it is safe and legal to do so, not to pass.",
4,Safe & Defensive Driving Practices,How can you help avoid drowsiness on long trips?,"a:Keep the radio on loudly.,b:Slow down your speed.,c:Stop regularly to rest and stretch.",c,"To avoid drowsiness on long trips, plan to stop regularly so you can rest, walk, and stretch. Short breaks help you stay alert much more effectively than turning up the radio or changing your speed.",
3,"Signs, Signals & Road Markings","When the center of the road has a solid yellow line and a broken yellow line with the broken line next to your lane, when may you pass?","a:Only in an emergency.,b:If you are on an expressway.,c:If traffic is clear.,d:Never.",c,"A solid yellow line with a broken yellow line means only the side with the broken line may pass. If the broken line is next to your lane, you may cross it to pass, but only when you can see that oncoming traffic is clear and it is safe to complete the maneuver.",
4,Safe & Defensive Driving Practices,When is it appropriate to sound your horn?,"a:When you have to stop quickly.,b:When passing another car.,c:If you have lost control of your vehicle or need to warn others of immediate danger.",c,"Use your horn to warn other road users of a hazard when they might not see you, such as if you are losing control, a driver is about to hit you, or a pedestrian is stepping into your path. Do not use the horn just because you are stopping quickly or to signal routine passing; it is for warning of immediate danger, not for expressing frustration.",
4,Safe & Defensive Driving Practices,What is the most common cause of traffic crashes?,"a:New drivers,b:Human error,c:Bad weather,d:Vehicle defects",b,"Most crashes are caused by human error, such as following too closely, speeding, distraction, or misjudging gaps, rather than by weather or mechanical failure. Safe driving habits and attention can prevent many of these errors.",
2,Traffic Laws & Rules of the Road,When must you use your turn signals?,"a:Changing lanes.,b:Pulling into or out of a parking space.,c:Pulling into traffic from a parking area or alley.,d:All of the above.",a,"You must signal any time you change direction or move your vehicle laterally, including when changing lanes, turning, pulling into or out of a parking space, and entering traffic from a curb, driveway, or alley. Signaling lets other road users anticipate your actions and reduces the risk of collisions.",
5,Driving in Special Conditions,"At dusk or on overcast days, what should you do about your vehicle lights?","a:Turn on your headlights.,b:Drive using your four-way flashers.,c:Use only your parking lights.",a,"At dusk, dawn, or on overcast days, turn on your headlights so others can see you more easily, even if you can see well. Use low beams when there is oncoming traffic or when following another vehicle so you do not blind other drivers. Do not drive with only parking lights or with four-way flashers in normal conditions.",
2,Traffic Laws & Rules of the Road,"If you are stopped in line at a stop sign and the cross traffic is clear after cars ahead pass, what must you do?","a:May proceed through the intersection without stopping again.,b:Must stop again at the stop sign or stop line before proceeding.,c:May slowly roll past the stop sign.",b,"At a stop sign, each driver must come to a complete stop at the stop line, crosswalk, or sign before entering the intersection. Even if cars ahead of you have already stopped and gone, you must make your own full stop, check for traffic and pedestrians, and then proceed when it is safe.",
8,Special Situations & Road Users,"Drivers should be extra alert to motorcyclists, bicyclists, and pedestrians because:","a:They always have the right-of-way.,b:They obey different traffic laws than motor vehicles.,c:They can be more difficult to see in traffic.,d:They are always traveling at the same speed as traffic.",c,"Motorcycles, bicycles, and pedestrians are smaller and less visible than cars and trucks, so they can be hidden in blind spots or blend into the background. Drivers must scan carefully, check mirrors and blind spots, and give them extra space because they are more vulnerable in a collision.",
2,Traffic Laws & Rules of the Road,"If you turn onto a two-lane road divided by a broken yellow center line, what does that tell you?","a:The road is under repair.,b:You are on a one-way road.,c:You are on a two-way road where passing is allowed when it is safe.",c,"A yellow center line means traffic on the road is moving in opposite directions, so you are on a two‑way road. A broken yellow line allows passing when it is safe and legal: you must check for oncoming traffic, ensure you have enough clear distance, and never cross the line if your view is blocked or passing is otherwise unsafe.",
4,Safe & Defensive Driving Practices,What is the effect of eating or drinking while driving?,"a:It eliminates the need for seat belts.,b:It can cause distraction and lead to driving errors.,c:It makes you a better driver because you are not hungry.",b,"Eating or drinking while driving is a form of distracted driving. It can take one or both hands off the wheel and your eyes or attention off the road, making it easier to drift out of your lane, miss hazards, or react too slowly to sudden changes in traffic.",
8,Special Situations & Road Users,"What is a \No zone\""?""","a:A designated no passing zone.,b:A one-way traffic area.,c:The large blind spots around a truck or other large vehicle.,d:A restricted parking area.",c,"A ""No‑Zone"" is the large blind spot around trucks and other big vehicles where the driver cannot easily see you, especially directly behind, alongside the trailer, and close in front. If you stay in these areas, the truck driver may not know you are there, so you should avoid lingering and pass quickly and safely.",
4,Safe & Defensive Driving Practices,What is one effective way to avoid needing to make an emergency stop in traffic?,"a:Honk your horn frequently.,b:Look ahead and keep a safe following distance.,c:Drive only in the right lane.",b,Maintaining a safe following distance and scanning ahead lets you react to hazards gradually and avoid sudden stops.,
4,Safe & Defensive Driving Practices,"If you are being tailgated and there is no right lane, what should you do?","a:Brake suddenly to get them to back off.,b:Wait until the way ahead is clear and gently reduce your speed to encourage them to pass.,c:Speed up to create more distance.",b,"If you cannot move right, wait for a clear stretch and then gently reduce speed so the tailgater can pass; never brake abruptly.",
8,Special Situations & Road Users,Is it ever permissible to drive around or under a lowering or raising railroad crossing gate?,"a:Only if you can do so without damaging the gate.,b:If an approaching train is not too close.,c:No — you must not go around or under the gate while it is moving.",c,Never drive around or under a crossing gate; wait until signals stop and gates are fully raised before crossing.,difficult
4,Safe & Defensive Driving Practices,"Before backing out of a driveway with children nearby, what should you do?","a:Sound your horn so the children will hear you.,b:Rev your engine to warn the children that you are moving.,c:Walk to the back of the car to be sure the way is clear.",c,"When children are nearby, get out of the vehicle and check behind it before backing up rather than relying solely on mirrors or sensors.",
6,"Alcohol, Drugs & Impaired Driving",The effect that lack of sleep has on driving ability is most similar to the effect of which substance?,"a:The effect that alcohol has.,b:The effect that amphetamines have.,c:The effect that anger has.,d:The effect that high caffeine intake has.",a,"Fatigue impairs driving in ways similar to alcohol; for example, 18 hours awake can impair driving similar to a BAC of 0.05%.",
8,Special Situations & Road Users,"If an emergency vehicle using flashing lights approaches while you are on a one-way street, what must you do?","a:Drive with your flashers turned on.,b:Drive toward the nearest roadside and stop.,c:Speed up and take the nearest exit.",b,"On any road, including a one-way street, you must yield to approaching emergency vehicles using lights or siren. Safely move your vehicle to the nearest edge or curb of the roadway—right or left on a one-way street—and stop until the emergency vehicle has passed.",
3,"Signs, Signals & Road Markings",What do double solid yellow lines down the center of the road indicate?,"a:Passing is not permitted from either direction.,b:Pedestrian crossing ahead.,c:Railroad crossing ahead.",a,"Double solid yellow lines separate traffic moving in opposite directions and mean that passing is not allowed from either direction. You may cross them only to turn left into or out of a driveway or side road, or when otherwise specifically allowed by law, but not to pass another vehicle.",
4,Safe & Defensive Driving Practices,"To check your blind spot when changing lanes to the left, you should glance:","a:Over your right shoulder.,b:At your side mirror.,c:Over your left shoulder.",c,"Mirrors do not show everything around your vehicle; areas not visible in your mirrors are called blind spots. When changing lanes to the left, you must quickly glance over your left shoulder to check the left blind spot before moving, while still using your mirrors and signal.",
8,Special Situations & Road Users,"Approaching a railroad crossing with only a crossbuck and no gates or lights, how should you proceed?","a:Turn down your radio to listen for a train.,b:Slow down, look and listen, and proceed only when you are sure no train is coming.,c:Only continue once a flagger clears you to do so.",b,"A crossbuck alone means you must treat the railroad crossing like a yield sign. Slow down, look and listen carefully in both directions, and be prepared to stop. Proceed across the tracks only when you are sure no train is coming and it is safe to cross without stopping on the tracks.",difficult
3,"Signs, Signals & Road Markings",When approaching a railroad crossing warning sign you should:,"a:Be ready to drive faster than the train.,b:Be prepared to stop if a train is nearby.,c:Look for a way around any lowered gates.,d:Speed up to cross before the train arrives.",b,"A railroad crossing warning sign means you are approaching tracks and must use extra caution. Slow down, look and listen for trains, and be prepared to stop if a train is nearby or signals are activated. Never try to beat a train or go around lowered gates.",
2,Traffic Laws & Rules of the Road,"If you miss your exit on the freeway, you should:","a:Continue to the next exit and re-enter the freeway to reach your destination.,b:Make a U-turn through the median.,c:Pull onto the shoulder and back up to the exit.,d:Stop on the freeway and reverse to the exit.",a,"If you miss your exit on a freeway, stay calm and continue driving to the next exit. Stopping, backing up, or making a U-turn on the freeway or median is extremely dangerous and illegal in most places. Once you reach the next exit, you can safely leave the freeway, turn around if needed, and re-enter to reach your destination.",difficult
3,"Signs, Signals & Road Markings",A broken yellow line beside a solid yellow line means:,"a:Passing is permitted from the lane next to the broken line but not from the lane next to the solid line.,b:Passing is permitted from either direction.,c:Passing from the lane next to the solid line is allowed.,d:Traffic moves in the same direction on both sides.",a,"A broken yellow line next to a solid yellow line separates traffic moving in opposite directions. Passing is allowed only for drivers in the lane next to the broken line, and only when it is safe. Drivers in the lane next to the solid yellow line must not cross it to pass.",
7,Vehicle Ownership & Responsibilities,"When riding in a vehicle, small children:","a:May be safely held by a strong adult in a crash.,b:Will be safe if standing on the floor in the back of the vehicle.,c:Will not be hurt in a crash because they are small.,d:Must be properly secured in an appropriate child restraint or safety seat.",d,"Small children must always be secured in a properly installed child safety seat or restraint that matches their age, height, and weight. In a crash, an adult cannot safely hold a child, and standing or being loose in the vehicle is extremely dangerous. Proper restraints greatly reduce the risk of serious injury or death.",
4,Safe & Defensive Driving Practices,Which factor greatly affects your ability to stop safely?,"a:The condition of the road surface.,b:The time of day.,c:The color of your vehicle.",a,"Stopping distance depends heavily on road surface conditions. Wet, icy, snowy, or gravel roads reduce traction and make it take much longer to stop, so you must slow down and increase your following distance. Time of day or vehicle color do not significantly change how quickly your vehicle can stop.",
8,Special Situations & Road Users,"While driving uphill behind a heavy truck, what should you know about the truck's speed?","a:You may not be able to legally pass the truck.,b:The truck may be traveling at a speed slower than the posted speed limit.,c:You may not be able to safely pass the truck.",b,"Heavy trucks often slow down when going uphill because of their weight and engine limits, so they may travel below the posted speed limit. When following a truck uphill, be prepared for slower speeds and only pass if it is legal, safe, and you have enough clear distance—never attempt risky passes on hills.",
2,Traffic Laws & Rules of the Road,"When a traffic signal turns solid yellow as you approach, what should you do?","a:Stop before entering the intersection unless you are too close to stop safely.,b:Consider it the same as a caution sign and speed up through the intersection.,c:Stop immediately wherever you are.",a,"A solid yellow light warns that the signal is about to turn red. You must stop before entering the intersection if you can do so safely. If you are so close that stopping would require hard braking or might cause a rear-end collision, you should continue through carefully.",
4,Safe & Defensive Driving Practices,What does checking your blind spot by turning your head before changing lanes represent?,"a:A bad driving habit.,b:A good driving habit.,c:An unnecessary action.",b,Every vehicle has blind spots that mirrors cannot cover. Turning your head briefly to check these areas before changing lanes is a key part of safe driving and helps you avoid collisions with vehicles riding alongside you.,
4,Safe & Defensive Driving Practices,Your first response to reduced visibility should be to:,"a:Turn on your headlights.,b:Reduce your speed.,c:Turn on your windshield wipers.,d:Increase cabin lighting.",a,"When visibility is reduced, you must make your vehicle easier for others to see. Turning on your low-beam headlights is typically your first response so you can see and be seen. You should then adjust your speed and use wipers as needed for conditions.",
3,"Signs, Signals & Road Markings","If a green arrow changes to a solid green light, you:","a:Retain an automatic right-of-way to turn with no yielding.,b:May still turn in the arrow’s direction but must yield to oncoming traffic and pedestrians.,c:May no longer turn and must go straight.,d:Must wait for a flashing yellow before turning.",b,"A green arrow gives you a protected turn with the right-of-way. When it changes to a solid green light, you may still turn in that direction, but the turn is no longer protected. You must yield to oncoming traffic and pedestrians and turn only when it is safe.",
4,Safe & Defensive Driving Practices,What is a blind spot?,"a:An area you cannot see without moving your head.,b:A place directly behind your vehicle.,c:An area you can see in your rearview mirror.",a,"Blind spots are areas around your vehicle that you cannot see with your mirrors alone. They are usually along the sides and slightly to the rear. To check them, you must briefly turn your head and look over your shoulder before changing lanes or merging.",
2,Traffic Laws & Rules of the Road,"When you meet an oncoming vehicle on a narrow road, what must you allow?","a:Demand the other vehicle pull over to make room.,b:Allow the oncoming vehicle at least one-half of the main-traveled portion of the road.,c:Pull completely off the road and stop.,d:Speed up and pass quickly.",b,"On a narrow two-way road, each driver must share the roadway so that both vehicles can pass safely. You must allow the oncoming vehicle at least one-half of the main-traveled portion of the road and adjust your position and speed so neither vehicle is forced off the roadway.",
4,Safe & Defensive Driving Practices,Anything that causes you to do which of the following could lead to a crash?,"a:Take your eyes off the road.,b:Take your hands off the wheel.,c:Take your attention away from driving.,d:Any of the above.",d,"Anything that takes your eyes off the road, your hands off the wheel, or your mind off driving is a distraction and can quickly lead to a crash. Safe drivers keep their full visual, physical, and mental attention on driving at all times.",
5,Driving in Special Conditions,"When driving in fog, which lights should you use?","a:High beam headlights.,b:Parking lights.,c:Low beam headlights.",c,"In fog, always use low beam headlights because their light aims down at the road and reduces glare. High beams reflect off the water droplets in the fog and can actually make it harder to see. Use fog lights too if your vehicle has them.",
2,Traffic Laws & Rules of the Road,"When merging onto a freeway, it is usually best to:","a:Proceed slowly while waiting for an opening.,b:Use the on-ramp to accelerate to the speed of freeway traffic and merge when safe.,c:Turn on your hazard lights until you are fully on the freeway.,d:Stop at the end of the ramp and wait for a large gap.",b,"When entering a freeway, use the on-ramp and acceleration lane to build up speed so you match the flow of traffic. Signal, check mirrors and blind spots, and merge when there is a safe gap. Freeway traffic has the right-of-way, so avoid stopping on the ramp unless absolutely necessary.",
2,Traffic Laws & Rules of the Road,A speed limit sign indicates what?,"a:The suggested speed to travel on a road under ideal conditions.,b:The maximum or minimum legal speed you can travel on a road under ideal conditions.,c:The maximum or minimum legal speed you can travel on a road under dangerous conditions.,d:The minimum safe speed at all times.",b,"A posted speed limit is the maximum (or sometimes minimum) legal speed allowed under ideal conditions. You must slow down below the posted limit when weather, traffic, or road conditions are poor so that you can drive safely and maintain control.",
5,Driving in Special Conditions,Which driving technique helps avoid crashes on icy or snow-covered roads?,"a:Engage four-wheel drive on your vehicle.,b:Reduce your speed and increase your following distance.,c:Add extra weight to your vehicle to improve traction.,d:Get off the highways as quickly as possible.",b,"On icy or snow‑covered roads, the safest technique is to slow down and leave much more space between you and the vehicle ahead. Lower speed gives you more time to react, and extra following distance allows for the much longer stopping distances on slippery surfaces. Features like four‑wheel drive can help you get moving, but they do not help you stop more quickly and are never a substitute for cautious driving.",
4,Safe & Defensive Driving Practices,"When driving on major highways, what practices help avoid 'highway hypnosis'?","a:Keep your eyes fixed on a distant point.,b:Stay alert, keep your eyes moving, and take regular breaks.,c:Drive without breaks until your destination.",b,"To avoid highway hypnosis, you should stay mentally alert, keep your eyes moving by scanning the road and mirrors, and take regular breaks to rest. Staring at one fixed point can make you drowsy and less aware of changing traffic conditions. Short stops to stretch, get fresh air, or switch drivers help you stay focused and safe on long trips.",
2,Traffic Laws & Rules of the Road,"When approaching a steady yellow traffic light, how should you respond?","a:Speed up to avoid a red light.,b:Slow down and stop before the intersection if you can do so safely; proceed only if you are too close to stop safely or already in the intersection.,c:Continue because you have the right-of-way.",b,"A steady yellow light warns that the signal is about to turn red. You must slow down and stop before the intersection if you can do so safely. If you are so close that stopping suddenly would cause a rear‑end collision or you are already in the intersection, continue through carefully. Never speed up to beat the red light.",
2,Traffic Laws & Rules of the Road,"At an uncontrolled intersection where another vehicle arrives at the same time and is on your right, you should:","a:Speed up and get through the intersection.,b:Slow down and yield to the vehicle on your right.,c:Drive into the intersection and force the other vehicle to stop.",b,"At an uncontrolled intersection, if you and another vehicle arrive at the same time, you must yield to the vehicle on your right. Slowing down and letting the driver on your right go first reduces confusion and prevents collisions. Never speed up or try to force another driver to stop in this situation.",difficult
6,"Alcohol, Drugs & Impaired Driving",Which effect does alcohol have on driving-related abilities?,"a:Puts you to sleep.,b:Wakes you up.,c:Slows reflexes and reaction time.",c,"Alcohol is a depressant that slows brain activity, which in turn slows your reflexes and reaction time. This makes it harder to judge distances, stay in your lane, and respond quickly to hazards, greatly increasing your risk of a crash. Even small amounts of alcohol can impair driving ability.",
3,"Signs, Signals & Road Markings",Regulatory traffic signs are usually what color and must be obeyed?,"a:White,b:Blue,c:Green",a,"Regulatory signs tell you what you must or must not do (such as speed limits, no parking, or one-way). In the U.S., they are most commonly white with black or red symbols or lettering, and they are legally enforceable, meaning you must obey them.",
2,Traffic Laws & Rules of the Road,"Signaling before turning, changing lanes, or leaving a curb:","a:Is necessary only if other traffic is present.,b:Is required by law and is a good driving habit.,c:Is necessary only during the maneuver itself.,d:Is optional on private roads.",b,"You are legally required to signal before turning, changing lanes, or pulling away from the curb, and you must do so in advance—typically for at least the last 100 feet in city driving (and more at higher speeds). Signaling early lets other drivers, cyclists, and pedestrians anticipate your actions and reduces the chance of a collision.",
3,"Signs, Signals & Road Markings","When you see a school crossing sign, how should you react?","a:Always sound your horn when children are present.,b:Always stop whether a stop sign is posted or not.,c:Watch for children and be prepared to stop.",c,"A school crossing sign warns that children may be crossing the road. You should slow down, watch carefully for children, and be prepared to stop. Always yield to pedestrians in or entering a crosswalk, but you are not required to stop if no pedestrians are present and there is no stop sign or signal requiring a stop.",
5,Driving in Special Conditions,"To reduce the effects of oncoming headlight glare at night, where should you look?","a:Straight ahead.,b:Toward the right side of the road ahead.,c:Over your shoulder.",b,"At night, bright oncoming headlights can temporarily blind you. To reduce glare, briefly look toward the right edge of your lane and use the road edge or lane line as a guide, rather than staring directly into the oncoming lights.",
2,Traffic Laws & Rules of the Road,"Unless otherwise posted, what is the speed limit on blind curves?","a:Follow the posted speed limit and any advisory speed signs for the curve.,b:Drive 20 mph on all blind curves unless otherwise posted.,c:Drive 40 mph on all blind curves unless otherwise posted.,d:Drive 55 mph on all blind curves unless otherwise posted.",b,"There is no single default speed limit specifically for blind curves in U.S. traffic law. You must obey the general posted speed limit for the road and any yellow advisory speed plaques posted for a particular curve. If visibility is limited or the curve is sharp, you must slow to a safe speed that allows you to stop within the distance you can see ahead, even if that is below the posted limit.",difficult
4,Safe & Defensive Driving Practices,When should you look over your shoulder to check your blind spot?,"a:When turning left or right.,b:Only when backing up.,c:Before changing lanes.,d:Whenever you change your vehicle's position, such as turning, changing lanes, or pulling toward or away from a curb.",d,"You must check your blind spots any time you change the position of your vehicle in a way that could affect nearby traffic, not just when changing lanes. This includes turning, changing lanes, and pulling toward or away from a curb. Mirrors do not show everything; a quick glance over your shoulder helps you see vehicles, bicycles, or pedestrians in areas your mirrors miss.",difficult
5,Driving in Special Conditions,What should you remember when driving on wet pavement?,"a:Wet roads reduce traction and can cause hydroplaning, especially just after it starts to rain.,b:Wet roads are only dangerous during heavy downpours.,c:Wet pavement has about the same traction as dry pavement if you have good tires.",a,"On wet pavement, your tires have less traction and can ride up on a thin film of water, a situation called hydroplaning. This greatly reduces your ability to steer or stop. Wet roads are especially slippery just after rain begins, when oil and dirt rise to the surface, and you should slow down and leave extra space for stopping.",
7,Vehicle Ownership & Responsibilities,How should you position your wheels when parking uphill on a street with a curb?,"a:Turn your front wheels sharply away from the curb.,b:Turn your front wheels slightly to the right.,c:Turn your front wheels sharply toward the curb.,d:Keep your front wheels straight ahead.",a,"When parking uphill with a curb, turn your front wheels sharply away from the curb. If the vehicle rolls, the back of the front tire will gently touch the curb and stop the car from rolling into traffic. On a downhill with a curb, you turn the wheels toward the curb so the front of the tire will block the roll.",
3,"Signs, Signals & Road Markings",What do downward-facing triangular road signs indicate?,"a:School zones.,b:Yield.,c:Construction zones.",b,A downward-pointing triangle is the standard shape for a yield sign. It tells you to slow down and be ready to stop if necessary to let other road users with the right-of-way go first.,
6,"Alcohol, Drugs & Impaired Driving","For drivers 21 or older, at what blood alcohol concentration (BAC) is it illegal to drive?","a:0.05 percent.,b:0.08 percent.,c:0.02 percent.",b,"In most U.S. states, including Colorado, it is illegal for drivers 21 and older to operate a vehicle with a BAC of 0.08% or higher. However, you can be impaired at lower levels, so it is safest not to drive after drinking at all.",difficult
2,Traffic Laws & Rules of the Road,"If a flagger directs traffic in a construction zone, you must:","a:Follow the directions given by the flagger.,b:Assume the flagger is mistaken and follow other vehicles.,c:Ignore the flagger and proceed as usual.",a,"In work zones, a flagger has the same legal authority as a traffic signal or police officer. You must follow the flagger’s directions, even if they differ from normal signs or what other drivers are doing, to keep workers and drivers safe.",
3,"Signs, Signals & Road Markings",What does an arrow painted on the pavement indicate?,"a:Drivers in the lane must make the movement indicated by the arrow when proceeding, unless otherwise directed by signs or signals.,b:Drivers in the lane may make the movement if they choose.,c:Drivers must always come to a complete stop before making the movement.,d:The arrow only applies when traffic signals are not working.",a,"Lane-use arrows painted on the pavement show what movement is allowed or required from that lane, such as straight, left turn, or right turn. When you are in a lane marked with a turn-only arrow, you must make that movement and also obey any traffic signals or signs that control the intersection.",
8,Special Situations & Road Users,"When interacting with pedestrians, what must a driver do?","a:Yield the right-of-way even if the pedestrian is crossing illegally.,b:Make certain the pedestrian is aware of the vehicle.,c:Yield only when the pedestrian has the legal right-of-way.",a,"Drivers must use extreme care around pedestrians and do everything possible to avoid hitting them. Even if a pedestrian is crossing illegally, you are still required to yield when necessary to prevent a collision and ensure their safety.",difficult
2,Traffic Laws & Rules of the Road,You should always signal when:,"a:Changing lanes.,b:Pulling into or out of a parking space.,c:Pulling into traffic from an alley or parking area.,d:All of the above.",d,"Turn signals let other road users know what you plan to do. You should always signal before changing lanes, pulling into or out of a parking space, and when entering traffic from an alley, driveway, or parking area so others have time to react safely.",
6,"Alcohol, Drugs & Impaired Driving",Which factors influence how alcohol affects a person?,"a:How much time passes between drinks.,b:The amount of food in the stomach.,c:The body weight of the individual.,d:All of the above.",a,"Alcohol’s effect on the body depends on several factors, including how quickly you drink, how much you drink, your body weight, and whether you have food in your stomach. Drinking the same amount of alcohol in a shorter time, drinking on an empty stomach, or having a lower body weight will generally raise your blood alcohol concentration more.",
2,Traffic Laws & Rules of the Road,"If you want to turn left and oncoming traffic is heavy when the light is green, what is a safe choice?","a:Wait in the center of the intersection for traffic to clear.,b:Use the next intersection.,c:Wait at the crosswalk for traffic to clear.",a,"If you cannot safely turn left because of heavy oncoming traffic, a safe option is to go through the intersection and use the next legal opportunity to turn.",
4,Safe & Defensive Driving Practices,"If you see a driver in the vehicle ahead who appears distracted (e.g., driving with one hand while conversing), you should:","a:Give the vehicle extra space.,b:Assume they will correct their behavior.,c:Follow closely to observe them.,d:Try to signal them to drive differently.",a,"When you see a driver who appears distracted, increase your following distance and give them extra space. Distracted drivers may brake suddenly, drift in their lane, or miss traffic signals, so you should be prepared for unexpected actions rather than following closely or trying to correct their behavior.",
3,"Signs, Signals & Road Markings",A green arrow signal displayed for turns means:,"a:It is used only on one-way streets.,b:Has the same meaning as a circular green light, but traffic must turn in the direction indicated by the arrow.,c:Means you may proceed in any direction once clear.,d:Means you must wait for a circular green light as well.",b,"A green arrow means you have a protected turn in the direction of the arrow. Oncoming traffic, bicycles, and pedestrians facing a red light must yield to you, so you may proceed carefully in the direction of the arrow only. It does not allow you to go straight or turn in any other direction.",
5,Driving in Special Conditions,Which statement about changing weather and driving is true?,"a:A sudden change in weather requires you to change your driving.,b:Be particularly aware of vehicles coming up behind you in inclement weather.,c:You should slow down when driving in rain and fog.",a,"Any sudden change in weather—rain, fog, snow, wind, or ice—requires you to adjust how you drive. You should usually slow down, increase following distance, and turn on appropriate lights so you can see and be seen. Being alert to traffic around you and reducing speed in rain or fog are both parts of this overall adjustment.",
8,Special Situations & Road Users,When may you drive around lowered railroad crossing gates?,"a:When the train has passed.,b:Under no circumstances.,c:When the lights have stopped flashing.",b,"You must never drive around or under lowered railroad crossing gates, even if you think the train has passed or the track looks clear. Another train may be coming, or the signals may still be active. Stay stopped until the gates are fully raised and the warning lights and bells have stopped.",
5,Driving in Special Conditions,"When driving in fog, you should:","a:Use your high beam headlights to penetrate the fog.,b:Drive cautiously at reduced speed and use your low beam headlights.,c:Open all windows and increase ventilation.,d:Drive at your normal speed if visibility seems sufficient.",b,"In fog, use low beam headlights and reduce speed. High beams reflect off the water droplets in the fog and create glare, making it harder to see. Drive cautiously, increase following distance, and be prepared to stop within the distance you can see ahead.",
2,Traffic Laws & Rules of the Road,A posted speed limit sign indicates:,"a:The maximum legal driving speed under ideal conditions.,b:Only a suggested speed to help traffic flow.,c:The exact speed required to avoid a ticket.",a,"A posted speed limit is the maximum legal speed allowed on that road in ideal conditions, not a target or guaranteed safe speed. You must drive slower when conditions are poor—such as in rain, fog, heavy traffic, or road work—so you can maintain control and stop safely.",difficult
2,Traffic Laws & Rules of the Road,"If a police officer stops you, how should you behave while waiting for the officer to approach?","a:Get your paperwork ready before the officer reaches your car.,b:Stay in your vehicle with your hands on the steering wheel and wait for the officer to approach you.,c:Unbuckle your seat belt and lower your window.,d:Immediately exit the vehicle to speak with the officer.",b,"When stopped by police, stay in your vehicle unless directed otherwise, keep your hands visible on the steering wheel, and wait for instructions. Sudden movements or reaching for documents before the officer arrives can cause concern. Only retrieve your license, registration, and insurance when the officer asks you to.",
2,Traffic Laws & Rules of the Road,"If you are turning left onto a one-way street, you should complete the turn into:","a:The right lane of the one-way street.,b:The lane closest to your previous lane (usually the leftmost lane),c:Either lane as long as it’s clear.,d:The farthest lane from your approach.",b,"When turning left onto a one‑way street, you must turn into the lane closest to the lane you came from, usually the leftmost lane. This keeps traffic organized and prevents conflicts with vehicles that may be entering or traveling in the other lanes. You can change lanes later when it is safe and legal.",
2,Traffic Laws & Rules of the Road,How should you approach an uncontrolled intersection?,"a:Maintain your speed and proceed.,b:Approach slowly, be prepared to stop, look in all directions, and proceed only when safe.,c:Yield to other vehicles and pedestrians who arrive first or from your right.,d:Speed up to clear the intersection quickly.",b,"At an uncontrolled intersection, slow down, scan left-right-left, and be prepared to yield, especially to vehicles already in the intersection or approaching from your right. A full stop is not always required if visibility is good and no traffic is present, but you must approach cautiously and be ready to stop if needed.",difficult
2,Traffic Laws & Rules of the Road,Which statement about speed is true?,"a:Driving too slowly on some highways is not dangerous.,b:Speeding can kill.,c:Speeding is not dangerous if you are a skilled driver.",b,Speeding greatly increases both the chance of a crash and how severe injuries will be. Even skilled drivers cannot fully compensate for the longer stopping distances and reduced reaction time that come with higher speeds.,
8,Special Situations & Road Users,When must drivers yield to pedestrians in the roadway?,"a:Drivers must yield to pedestrians in marked and unmarked crosswalks and at intersections.,b:Drivers must use extreme care and be prepared to yield even if a pedestrian is careless, but pedestrians do not always have the right-of-way.,c:Drivers only need to yield if the pedestrian is crossing with a WALK signal.",b,"Drivers must use extreme care around pedestrians and should be prepared to yield even when a pedestrian is acting carelessly. However, the law gives pedestrians the right-of-way primarily in marked or unmarked crosswalks and at intersections; a driver is not legally required to yield to a pedestrian who suddenly darts into traffic mid‑block, though the driver must still do everything possible to avoid a collision.",
7,Vehicle Ownership & Responsibilities,"When parallel parking between two cars, what is the first positioning step?","a:Turn your wheels to the left.,b:Turn your wheels to the right.,c:Pull up even with the car in front of the desired space.",c,"For standard parallel parking, after signaling and checking traffic, you first pull up so your vehicle is parallel and even with the car in front of the space. From there you begin backing into the space while turning the wheel as needed.",
2,Traffic Laws & Rules of the Road,"At a four-way stop where two drivers arrive simultaneously, who has the right-of-way?","a:The driver on the left.,b:The driver on the right.,c:Either driver may proceed without stopping.",b,"At a four‑way stop, if two vehicles arrive at the same time, the driver on the left must yield to the driver on the right. This rule helps decide who goes first when arrival is simultaneous.",
3,"Signs, Signals & Road Markings",A 'No stopping' sign allows stopping only under which condition?,"a:Long enough to unload packages.,b:To avoid conflict with other traffic.,c:To discharge passengers.,d:To briefly park while running an errand.",b,"A No Stopping zone means you may not stop your vehicle there for passengers or loading. You may only stop as necessary to obey traffic signals or signs, follow a police officer’s directions, or avoid a conflict or collision with other traffic.",
6,"Alcohol, Drugs & Impaired Driving",What is the only effective way to lower your blood alcohol concentration (BAC)?,"a:Drink coffee or take a cold shower.,b:Exercise.,c:Allow your body time to remove the alcohol.,d:Take an over-the-counter stimulant.",c,"Only time lowers your BAC. Your body must metabolize the alcohol, and this process cannot be sped up by coffee, cold showers, exercise, or stimulants. Those may make you feel more awake but do not make you less impaired or reduce your BAC.",
2,Traffic Laws & Rules of the Road,Who may use a High Occupancy Vehicle (HOV) lane?,"a:You if you meet the posted HOV occupancy or vehicle-type requirements.,b:You if you are driving more slowly than traffic.,c:Vehicles that have at least the minimum number of occupants shown on the signs or allowed vehicle types (such as buses or motorcycles where permitted).",c,"HOV (carpool) lanes are reserved for vehicles that meet the posted occupancy or vehicle-type requirement, such as two or more people per vehicle or certain buses and motorcycles where allowed. You may not use the lane just because you are driving faster or slower than other traffic; you must follow the posted HOV rules.",
3,"Signs, Signals & Road Markings",How should you react to a flashing red light at an intersection?,"a:Stop only if other cars are also approaching the intersection.,b:Come to a full stop and go when it is safe to do so.,c:Stop only if other cars are already within the intersection.",b,"A flashing red light is treated like a stop sign. You must come to a complete stop, yield to any traffic and pedestrians with the right-of-way, and then proceed only when it is safe.",
2,Traffic Laws & Rules of the Road,"Before entering a roundabout, you must slow down and yield to:","a:Vehicles already in the roundabout.,b:Bicyclists and pedestrians in the roundabout.,c:Pedestrians and bicyclists as well as vehicles in the roundabout.,d:All of the above.",d,"When approaching a roundabout, slow down and yield to all traffic already in the circle, as well as to pedestrians and bicyclists in crosswalks or within the roundabout. Enter only when there is a safe gap.",
3,"Signs, Signals & Road Markings",A steady yellow traffic light at an intersection means:,"a:Go through the intersection quickly.,b:Yield to other cars only.,c:Slow down and prepare to stop as the light will soon turn red.,d:The light will immediately turn green.",c,"A steady yellow light warns that the signal is about to turn red. You should slow down and prepare to stop before the intersection, unless you are so close that stopping safely is not possible.",
4,Safe & Defensive Driving Practices,What driving habit helps conserve gasoline?,"a:Sitting in the driveway with the engine running.,b:Accelerating quickly.,c:Slowing down gradually and anticipating traffic flow.",c,"Gradual acceleration, gentle braking, and anticipating traffic so you can maintain a steady speed all reduce fuel use. Rapid starts and frequent hard stops waste gasoline.",
3,"Signs, Signals & Road Markings",A flashing red traffic signal at an intersection is equivalent to what sign?,"a:A yield sign.,b:A slow sign.,c:A stop sign.",c,"A flashing red light means you must stop completely, just as you would at a stop sign, then proceed only when the way is clear and it is safe.",
4,Safe & Defensive Driving Practices,"If another driver cuts you off, what is the best response?","a:Flash your high beams at the other driver.,b:Pull next to them and yell.,c:Let it go and continue driving safely.",c,"If another driver cuts you off, staying calm and continuing to drive safely helps prevent road rage and further danger. Do not confront or retaliate against the other driver.",
2,Traffic Laws & Rules of the Road,Where is it illegal and unsafe to attempt to pass another vehicle?,"a:On hills and curves.,b:At controlled intersections only.,c:In urban parking lots only.",a,"Passing is especially dangerous where you cannot clearly see oncoming traffic, such as on hills and curves. Many states also prohibit passing at intersections and railroad crossings for the same safety reasons.",difficult
5,Driving in Special Conditions,Which is a safe practice on potentially slippery roads?,"a:Always drive at the maximum posted speed.,b:Use cruise control to maintain a steady speed.,c:Slow down.",c,"On slippery roads, you should reduce speed, make gentle steering and braking inputs, and increase following distance. Avoid cruise control so you can respond quickly to changes in traction.",
5,Driving in Special Conditions,"If an approaching driver fails to dim high beams, you should look:","a:Directly at the headlights to signal them.,b:Toward the left side of the road.,c:Toward the right side of the road.,d:Into the centerline of the road.",c,"When an oncoming driver does not dim their high beams, you should briefly glance toward the right edge of your lane and use it as a guide. This reduces glare, helps prevent temporary blindness, and still lets you keep track of your lane position.",
5,Driving in Special Conditions,"To drive safely at night, you should:","a:Increase your following distance.,b:Not drive if you are tired.,c:Make sure your headlights are working properly.,d:All of the above.",d,"Safe night driving means seeing and being seen and staying alert. You should ensure your headlights work properly, increase your following distance because visibility is reduced, and never drive when you are tired, since fatigue greatly slows your reaction time.",
4,Safe & Defensive Driving Practices,How can you reduce the chance of causing a rear-end crash?,"a:Avoid sudden stops.,b:Before stopping, check mirrors and blind spots.,c:Release the gas to let the vehicle slow before applying the brakes.,d:All of the above.",d,"Rear-end crashes often happen when the front driver stops suddenly or without warning. You can reduce this risk by avoiding sudden stops, checking mirrors and blind spots before slowing or stopping, and easing off the gas to begin slowing before you apply the brakes smoothly.",
7,Vehicle Ownership & Responsibilities,Seat belts are most effective when worn by:,"a:Only the person driving the car.,b:Only passengers on long trips.,c:Only occupants on expressways.,d:All occupants of the vehicle.",d,"Seat belts are most effective when every person in the vehicle wears one, regardless of seat position, trip length, or road type. In a crash, belts help keep occupants inside the vehicle and reduce the risk of serious injury or death.",
8,Special Situations & Road Users,Railroad crossings should always be treated as:,"a:Safe places to stop and wait.,b:Dangerous locations that require caution.,c:Safe locations to park a vehicle temporarily.",b,"Railroad crossings are always potential danger zones because trains cannot stop quickly and always have the right of way. Approach every crossing with caution, slow down, look and listen for trains, and obey all warning signs, lights, and gates.",
3,"Signs, Signals & Road Markings","When a traffic light turns green, what should you do first?","a:Back up slowly.,b:Yield the right-of-way to pedestrians.,c:Accelerate as quickly as possible.",b,"A green light means you may go if the intersection is clear, but you must first yield to pedestrians in the crosswalk and any vehicles still in the intersection. Never assume the way is clear just because the light turned green; check for people and traffic before moving.",
8,Special Situations & Road Users,How should you approach railroad tracks when driving?,"a:Speed up to cross the tracks before the gate is lowered.,b:Look, listen, slow down, and be prepared to stop.,c:Try to drive around a lowered gate.",b,"When approaching railroad tracks, you should slow down, look both ways, and listen for trains. Be prepared to stop if warning lights, gates, or signs indicate a train is coming. Never speed up to beat a train or drive around lowered gates, as trains cannot stop quickly and collisions are often fatal.",
8,Special Situations & Road Users,"On a road without sidewalks, which side should a pedestrian walk on?","a:Same side of the road on which traffic is moving.,b:Side with the lightest traffic.,c:The side of the road facing oncoming traffic.",c,"On roads without sidewalks, pedestrians should walk on the side facing oncoming traffic. This allows them to see approaching vehicles and react if needed, and it also makes them more visible to drivers.",
8,Special Situations & Road Users,How should you behave when approaching a blind pedestrian using a white cane or guide dog?,"a:Take the right-of-way and proceed.,b:Slow down and be prepared to stop.,c:Proceed normally without changing speed.",b,"When you see a blind pedestrian with a white cane or guide dog, you must yield the right-of-way. Slow down well in advance, be prepared to stop, and do not honk or rev your engine. Give them plenty of time and space to cross safely.",
8,Special Situations & Road Users,"When you approach a stopped emergency vehicle with its lights flashing, what must you do?","a:Stay in your lane and continue at the same speed.,b:Slow down and, if possible, change lanes away from the stopped vehicle.,c:Drive to the right side of the road and stop.",b,"If possible, change lanes to leave extra space for stopped emergency or roadside assistance vehicles; otherwise slow down and pass carefully.",
6,"Alcohol, Drugs & Impaired Driving","If you plan to drink socially, what is a safe way to ensure you get home safely?","a:Drink coffee before driving.,b:Take a cold shower.,c:Ride home with a friend who has not been drinking.",c,"If you plan to drink, the safe choice is to arrange a sober way home, such as riding with a friend who has not been drinking, using a taxi, or a rideshare. Coffee, cold showers, or other tricks do not reduce your blood alcohol concentration or make you safe to drive.",
4,Safe & Defensive Driving Practices,"When driving in traffic, what is generally the safest approach to speed?","a:Drive faster than the flow of traffic.,b:Drive slower than the flow of traffic.,c:Drive with the flow of traffic within the posted limits.",c,"You should generally travel with the flow of traffic while staying at or below the posted speed limit and adjusting for road, weather, and visibility conditions. Driving much faster or much slower than surrounding traffic increases the risk of collisions.",
7,Vehicle Ownership & Responsibilities,"If you are involved in a serious motor vehicle crash, what should you do first?","a:Leave the scene if no one looks injured.,b:Stop your vehicle.,c:Only call the police if your vehicle is completely undamaged.",b,"If you are involved in a crash, you must stop at or near the scene, check for injuries, and provide help and information as required by law. Leaving the scene is illegal. Call 911 if anyone is injured or if there is significant damage, and follow state reporting requirements.",difficult
8,Special Situations & Road Users,How should drivers respond to a school bus stopped with its stop arm extended?,"a:Come to a complete stop and wait to proceed.,b:Honk before passing the bus on its left.,c:Continue when you think most kids are done exiting.,d:Pass slowly without stopping.",a,"When a school bus has its red lights flashing and stop arm extended, drivers in most situations must come to a complete stop and may not pass the bus. Remain stopped until the lights stop flashing and the stop arm is withdrawn, then proceed with caution, watching for children.",
2,Traffic Laws & Rules of the Road,"When making a right turn on a green light, what must you do?","a:Maintain your normal driving speed.,b:Stop and look for nearby police cars.,c:Yield to pedestrians.",c,"When turning right on a green light, you must yield to pedestrians in the crosswalk and to any traffic already in or close to the intersection. Make the turn at a safe, reduced speed and only when the way is clear.",
7,Vehicle Ownership & Responsibilities,Where is it illegal to park?,"a:On a hill.,b:In a parking lot.,c:On a marked crosswalk or in a marked bicycle lane.",c,It is illegal to park on a marked crosswalk or in a marked bicycle lane because you block pedestrians and cyclists and create a safety hazard. Parking on a hill or in a parking lot is allowed when you follow posted signs and properly position your vehicle.,
7,Vehicle Ownership & Responsibilities,Why is a leaky exhaust system dangerous?,"a:A loss of hearing.,b:Pollution.,c:Carbon monoxide poisoning.",c,"A leaky exhaust system can let carbon monoxide, a colorless and odorless poisonous gas, enter the passenger area. Breathing carbon monoxide can quickly cause illness, unconsciousness, or death, so exhaust leaks must be repaired immediately.",
7,Vehicle Ownership & Responsibilities,How should you secure loose objects in your vehicle?,"a:Place them on the back seat.,b:Put them on the floor near the driver's seat.,c:Secure them so they cannot become hazards in a crash.",c,"Loose objects should be secured so they cannot move around. In a sudden stop or crash, unsecured items can become dangerous projectiles or slide into the pedals or steering area, making it harder to control the vehicle.",
3,"Signs, Signals & Road Markings",What do round warning signs most often indicate?,"a:School zones.,b:Upcoming railroad crossings.,c:No passing zones.",b,"In the U.S., round warning signs are used specifically for railroad crossings. When you see a round yellow railroad warning sign, slow down, look and listen for trains, and be prepared to stop if necessary.",
6,"Alcohol, Drugs & Impaired Driving",What can happen when alcohol is consumed with other drugs?,"a:The combination can decrease the effects of both substances.,b:The combination can increase the effects of both the drugs and alcohol.,c:The combination helps cure illnesses faster.",b,"Alcohol combined with other drugs often has a multiplying effect, making you more impaired than either substance alone. This can severely affect judgment, coordination, and reaction time, and can also cause dangerous medical reactions.",
4,Safe & Defensive Driving Practices,"If you drive much slower than the flow of traffic on a two-lane road and cars are backing up, what should you do?","a:Continue at your slow speed regardless of following traffic.,b:Pull off the road when safe to let others pass.,c:Refuse to let following cars pass.",b,"On a two-lane road, if you are driving significantly slower than the flow of traffic and vehicles are backing up behind you, you should safely pull off the road at the first safe opportunity and let them pass. This reduces driver frustration and the risk of unsafe passing maneuvers, and is required by law in many states when several vehicles are lined up behind a slow-moving vehicle.",
3,"Signs, Signals & Road Markings",Which traffic signal indicates you should slow down and proceed with caution?,"a:A flashing yellow light.,b:A flashing red light.,c:A solid yellow light.",a,"A flashing yellow light means you must slow down and proceed with caution, watching carefully for cross traffic, pedestrians, or other hazards. Unlike a flashing red light, you are not required to stop first, but you must be prepared to yield if necessary.",
3,"Signs, Signals & Road Markings",Where are stop lines painted on the pavement?,"a:Next to churches and schools.,b:In curves and on hills.,c:At intersections and pedestrian crosswalks.",c,"Stop lines are solid white lines painted across the lane at intersections and before pedestrian crosswalks. You must stop with your front bumper behind this line when required to stop by a sign or signal, so that you do not block the crosswalk or intersection.",
5,Driving in Special Conditions,What usually causes hydroplaning?,"a:Driving too fast for wet conditions.,b:Excessive stops.,c:Sudden turns.",a,"Hydroplaning usually happens when you drive too fast on a wet road. At higher speeds, your tires cannot channel water away quickly enough and begin to ride on top of the water instead of the pavement, causing a loss of steering and braking control. Slowing down in rain and keeping good tire tread greatly reduces this risk.",
8,Special Situations & Road Users,"If you hear a siren behind you while driving, what is the correct action?","a:Stop where you are.,b:Pull over to the right and stop.,c:Speed up to get out of the way.",b,"When you hear a siren or see flashing lights from an emergency vehicle approaching from behind, you must safely move to the right side of the road and stop until it has passed. This creates a clear path for the emergency vehicle and is required in all states, unless directed otherwise by a police officer.",
2,Traffic Laws & Rules of the Road,When is it legal to pass another vehicle on the right?,"a:If the other vehicle is waiting to turn left and there is an available lane on the right.,b:Even if it means driving off the pavement.,c:On a narrow bridge.",a,"You may pass on the right only when the vehicle ahead is making or about to make a left turn and there is a legal, paved lane or sufficient space on the roadway to do so safely. You must stay on the roadway and may not drive off the pavement or onto the shoulder to pass.",
4,Safe & Defensive Driving Practices,How does smoking or preparing to smoke while driving affect your ability to drive?,"a:Does not affect driving abilities.,b:Helps maintain driver alertness.,c:Is a distracting activity.,d:Is required to stay awake.",c,"Smoking or preparing to smoke while driving is a distraction because it can take one or both hands off the wheel and your eyes off the road. Any activity that diverts your attention, hands, or eyes from driving increases the risk of a crash.",
2,Traffic Laws & Rules of the Road,"Unless otherwise posted, what is the maximum speed limit on open mountain highways in Colorado?","a:55 mph,b:40 mph,c:20 mph,d:65 mph",b,"Colorado law sets the maximum speed limit on open mountain highways at 40 mph unless a different speed is posted. Always follow posted signs, as specific roads may have higher or lower limits based on conditions and design.",difficult
6,"Alcohol, Drugs & Impaired Driving","As alcohol builds up in your blood, what happens to your driving ability?","a:Makes you feel less confident.,b:Slows down your reactions.,c:Begins to metabolize itself more quickly.",b,"As alcohol builds up in your bloodstream, it slows your reaction time, harms your judgment, and reduces coordination. This makes it harder to notice hazards and respond quickly, greatly increasing your chances of a crash.",
4,Safe & Defensive Driving Practices,What is defensive driving?,"a:Identifying dangerous situations and taking action to avoid accidents.,b:Getting ahead of poor drivers by driving aggressively.,c:Following the vehicle ahead at a close distance.",a,"Defensive driving means staying alert, looking ahead, and anticipating what other drivers might do so you can react in time to avoid collisions. You adjust your speed, position, and actions to keep a safe space around your vehicle and reduce risk.",
3,"Signs, Signals & Road Markings",What does a single broken white line down the center of a roadway indicate?,"a:Lanes move in the same direction and drivers may change lanes or pass when safe.,b:Lanes move in opposite directions and passing is prohibited.,c:Lanes move in the same direction and passing is not permitted.",a,A single broken (dashed) white line separates lanes of traffic moving in the same direction. You may cross it to change lanes or pass when it is safe and legal to do so.,
2,Traffic Laws & Rules of the Road,Which of the following has priority over the others when directing traffic?,"a:A steady red light,b:A stop sign,c:A police officer directing traffic.",c,"A police or traffic officer’s directions always override traffic lights, signs, and pavement markings. When an officer is directing traffic, follow their hand signals even if they conflict with the signal or sign.",
2,Traffic Laws & Rules of the Road,"Unless posted otherwise, what is the speed limit on narrow, winding mountain highways?","a:40 mph,b:20 mph,c:55 mph,d:70 mph",b,"In Colorado, the statutory speed limit on narrow, winding mountain highways is 20 mph unless a different speed is posted. These roads have sharp curves and limited visibility, so the law sets a lower default limit for safety.",difficult
3,"Signs, Signals & Road Markings",Which of the following about railroad crossings is true?,"a:It is against the law to go around lowered gates at a crossing.,b:You must stop at a railroad crossing when directed to do so by a flagger or sign.,c:Not all railroad crossings have flashing lights and gates.,d:All of the above.",d,"It is illegal and extremely dangerous to drive around lowered gates at a railroad crossing. You must stop when a flagger, signal, or sign tells you to, and you should remember that many crossings do not have flashing lights or gates, so you must look and listen carefully.",
4,Safe & Defensive Driving Practices,Driving while distracted by any activity typically:,"a:Is never dangerous.,b:Causes drivers to react more slowly to hazards.,c:Causes drivers to drive faster.,d:Improves driver concentration.",b,"Distractions such as phones, eating, or adjusting controls take your eyes, mind, or hands away from driving. This slows your reaction time and makes it harder to notice and respond to hazards in time to avoid a crash.",
1,Licensing & Permit Requirements,If a driver accumulates the minimum of how many points in a 24-month period will their license be suspended?,"a:12 points,b:18 points,c:20 points,d:24 points",b,"In Colorado, the driver’s license point system allows the DMV to suspend your license if you accumulate too many points in a set time. For adult drivers, getting 18 or more points within a 24‑month period can lead to a suspension. This is why knowing and avoiding point‑generating violations is important.",difficult
4,Safe & Defensive Driving Practices,"If your vehicle begins to skid, what is the correct response?","a:Overcorrect the steering.,b:Turn the steering wheel into the direction of the skid.,c:Turn your steering wheel into traffic.",b,"When your vehicle begins to skid, you should stay calm, ease off the accelerator and brakes, and steer in the direction you want the front of the vehicle to go, which is generally described as steering in the direction of the skid. This helps the tires regain traction and allows you to recover control smoothly instead of overcorrecting.",
4,Safe & Defensive Driving Practices,"If you are upset from an incident at work, what should you do before driving?","a:Turn the radio up loud to distract yourself.,b:Drive fast to release tension.,c:Take a few minutes to cool off before driving home.",c,"Strong emotions like anger or frustration can distract you, slow your reactions, and lead to aggressive driving. If you are upset from something like an incident at work, you should wait a few minutes to calm down before driving so your judgment and focus are not impaired.",
4,Safe & Defensive Driving Practices,"Before switching on the ignition, what safety step should you take?","a:Buckle your safety belt and make sure all passengers have buckled theirs.,b:Be sure only adult passengers have buckled their seat belts.,c:Be sure only child passengers have buckled their seat belts.,d:Only the driver needs to buckle a seat belt.",a,"Develop a routine: before starting the engine, buckle your safety belt and ensure that all passengers are also properly restrained.",
3,"Signs, Signals & Road Markings",What do two solid yellow centerlines on the pavement mean?,"a:Passing is allowed for drivers from both directions.,b:Passing is allowed at the top of a hill.,c:Passing is not allowed.",c,"Two solid yellow centerlines separate traffic moving in opposite directions and mean passing is prohibited for vehicles traveling in either direction. You may cross these lines only when making a left turn into or out of a driveway or side road, when it is safe and not otherwise prohibited.",
3,"Signs, Signals & Road Markings",A steady yellow traffic signal indicates which light will appear next?,"a:Flashing yellow,b:Steady green,c:Steady red,d:Flashing red",c,"A steady yellow light means the signal is about to turn red. It warns you to prepare to stop if you can do so safely, because a steady red light will appear next.",
4,Safe & Defensive Driving Practices,Allow a larger space cushion than usual when stopped:,"a:On an incline (uphill).,b:At an intersection.,c:At a stop sign.,d:When there is no traffic behind you.",a,"When you are stopped facing uphill, leave extra space in front of your vehicle. The vehicle ahead may roll backward when starting, and the extra cushion helps prevent a collision.",
8,Special Situations & Road Users,"When a driver is turning and a pedestrian is crossing without a traffic light, who must yield?","a:Whoever started moving last.,b:The driver.,c:Whoever is slower at the moment.,d:The pedestrian.",b,"Drivers must yield to pedestrians who are crossing the roadway, even if there is no traffic signal.",
5,Driving in Special Conditions,Which statement about winter driving is NOT true?,"a:Checking antifreeze and windshield washer fluid is especially important during the winter.,b:Winter is the most difficult driving season.,c:Using cruise control in winter weather is safe.,d:Using snow tires can increase traction on slippery roads.",c,"In winter, driving is more difficult because of snow, ice, and reduced visibility. You should check antifreeze and washer fluid, consider using snow tires for better traction, and avoid cruise control on slippery or low-visibility roads.",
2,Traffic Laws & Rules of the Road,When must you pull over and stop for an emergency vehicle with flashing lights?,"a:On an undivided roadway, regardless of whether it approaches from ahead or behind.,b:Only if it is directly following you in your lane.,c:Only if it is approaching you from the opposite direction on a two-lane road.,d:Only when you are in the right lane.",a,"When an emergency vehicle approaches using flashing lights and/or a siren, you must pull to the right edge of the road and stop, whether it is coming from behind you or from ahead on an undivided roadway, unless directed otherwise by law or an officer.",
3,"Signs, Signals & Road Markings",Guide signs (directional and mileage signs) are typically what color?,"a:Green,b:Red,c:Yellow",a,"Guide signs that give route directions, destinations, and mileage are standardly green with white lettering. This color scheme helps drivers quickly recognize information about where they are and where they are going.",
2,Traffic Laws & Rules of the Road,When should you signal before passing another vehicle?,"a:After changing lanes.,b:Just before changing lanes.,c:At any time.",b,"You must signal before you begin changing lanes so other drivers have time to see your signal and adjust. Turn on your signal well in advance, check mirrors and blind spots, then change lanes when it is safe.",
8,Special Situations & Road Users,"If a pedestrian starts to cross in front of your vehicle, what should you do?","a:Speed up and pass in front of the pedestrian.,b:Flash your lights to warn them.,c:Slow down and be prepared to stop.",c,"When a pedestrian is in or about to enter your path, you must slow down and be prepared to stop. Drivers must always yield to pedestrians in crosswalks and should never try to speed up or go around them.",
4,Safe & Defensive Driving Practices,"When preparing to change lanes, which of these is most important to check?","a:Signal your intentions ahead of the lane change.,b:Check your blind spot.,c:Make sure the lane is clear before entering.,d:Flash your headlights to warn others.",c,"Before changing lanes, you must make sure the lane you want to enter is clear. Use a three-step check: signal, check your mirrors, and quickly look over your shoulder to check your blind spot. Only move over when you are certain there is enough space and no vehicle is in or rapidly approaching the lane.",
6,"Alcohol, Drugs & Impaired Driving",Which of the following is NOT an effect of drinking alcohol?,"a:Your reflexes and reaction time speed up.,b:Your judgment of speed and distance is distorted.,c:You are less alert.",a,"Alcohol slows reflexes and reaction time, reduces alertness, and distorts your judgment of speed, distance, and risk. It never speeds up your reactions or improves driving ability.",
4,Safe & Defensive Driving Practices,"If your vehicle does not have ABS and you must stop quickly, what should you do?","a:Hold down the brake pedal.,b:Firmly pump your brakes.,c:Lightly tap the brakes.,d:Shift into neutral.",b,"In a vehicle without ABS, you should use the ""pump braking"" method in an emergency stop: apply firm pressure to the brake pedal, release slightly before the wheels lock, then reapply. This helps you slow quickly while still being able to steer and reduces the chance of skidding.",
5,Driving in Special Conditions,"At night, which is the hardest to see?","a:Road signs.,b:Pedestrians.,c:Other motorists.,d:Lane markings.",b,"At night, pedestrians are much harder to see than reflective road signs, lane markings, or the headlights and taillights of other vehicles. Pedestrians often wear dark clothing and are not illuminated, so drivers must scan carefully and reduce speed in areas where people may be walking.",
3,"Signs, Signals & Road Markings",A regulatory sign with a red circle and a slash through a symbol means:,"a:That drivers should come to a complete stop.,b:The indicated action is forbidden.,c:That some drivers must yield to others.,d:That the lane is for high-occupancy vehicles only.",b,"A regulatory sign with a red circle and a diagonal slash over a symbol means the action shown is prohibited. For example, a right-turn arrow with a red circle and slash means no right turn at that location.",
7,Vehicle Ownership & Responsibilities,"If you discover a vehicle defect that could affect safe operation, you should:","a:Correct the defect as soon as possible.,b:Drive the vehicle at slower speeds until you can afford to fix it.,c:Ignore it until the next service appointment.",a,"Any defect that could affect the safe operation of your vehicle—such as problems with brakes, steering, tires, or lights—should be repaired as soon as possible. Driving with known safety defects increases the risk of a crash and may be illegal.",
5,Driving in Special Conditions,"If it starts to sleet or snow while you are driving, you should:","a:Keep your windshield and mirrors clear, increase your following distance, and approach other vehicles with caution.,b:Increase your speed to reach your destination sooner.,c:Follow closely to the vehicle ahead to use its traction.,d:Turn off your headlights to reduce glare.",a,"When it begins to sleet or snow, reduce speed, increase your following distance, and keep your windshield and mirrors clear. Slippery roads greatly increase stopping distance, so you need more space and time to react to other vehicles.",
2,Traffic Laws & Rules of the Road,"When entering a public road from a driveway or private road, you should:","a:Force your way into traffic.,b:Yield to drivers already on the public road.,c:Assume you have the right-of-way.",b,"When you enter a public road from a driveway or private road, you must always yield to traffic already on the public road. Wait until there is a safe gap and then merge smoothly without forcing your way in.",
8,Special Situations & Road Users,How should you behave when approaching service or maintenance vehicles working on the roadway?,"a:Treat them the same as any other vehicle.,b:Assume they will yield to you.,c:Yield and use extra caution around them.",c,"When approaching service or maintenance vehicles, slow down, be prepared to stop, and give them extra space. Workers may be on or near the roadway, so you must yield the right-of-way when needed and pass with great caution.",
7,Vehicle Ownership & Responsibilities,"If you borrow an unfamiliar vehicle, what should you do before driving it?","a:Assume it operates the same as your car.,b:Hide defects to avoid embarrassing the owner.,c:Familiarize yourself with the vehicle's controls and check for defects.",c,"Before driving an unfamiliar vehicle, adjust the seat and mirrors, locate and test the lights, wipers, horn, gear selector, and brakes, and check for obvious defects. Knowing how everything works helps you react safely in an emergency.",
5,Driving in Special Conditions,Why is night driving typically more difficult than daytime driving?,"a:It is more likely to be raining at night.,b:Visibility is reduced in the dark.,c:Cars overheat more quickly at night.",b,"Night driving is harder because you can see less of the road and surroundings. Headlights limit how far and wide you can see, and glare from other vehicles can further reduce visibility, so you should slow down and use proper lighting.",
8,Special Situations & Road Users,"If a transit bus is signaling to re-enter traffic after stopping, what must you do?","a:Honk to alert the bus driver.,b:Move to the left lane or slow to allow the bus to re-enter.,c:Expect the bus to yield to you.",b,"When a transit bus signals to re-enter traffic, you should help it merge safely by changing lanes if possible or slowing down to create space. Yielding in this way reduces conflicts and protects passengers and other road users.",
3,"Signs, Signals & Road Markings",Pentagonal (five-sided) road signs indicate:,"a:Speed limits.,b:School zones and school crossings.,c:No passing zones.,d:Railroad crossings.",b,"Pentagon-shaped (five-sided) signs are used for school zones and school crossings. When you see this shape, be prepared to slow down, watch for children, and obey any reduced speed limits or crossing guards.",difficult
2,Traffic Laws & Rules of the Road,"To pass a slower vehicle on a two-lane, two-way road you must:","a:Use the lane belonging to oncoming traffic to complete the pass when it is safe and legal to do so.,b:Stay entirely in your lane while overtaking.,c:Flash your headlights to demand the vehicle move over.,d:Use the shoulder to pass.",a,"On a standard two-lane, two-way road, you must move into the lane used by oncoming traffic to pass a slower vehicle. Only do this where passing is allowed (broken center line), when you have enough clear distance ahead, and when you can return to your lane safely without speeding.",
2,Traffic Laws & Rules of the Road,When is it illegal to drive slower than the posted speed limit?,"a:When driving slowly disrupts the normal flow of traffic.,b:Only when driving in rural areas.,c:When in heavy traffic in a construction zone.",a,"You can be cited for driving too slowly if you block or interfere with the normal, safe flow of traffic. Even if you are below the speed limit, you must not impede other drivers unnecessarily; if you need to drive much slower, move to the right and let faster traffic pass when safe.",difficult
2,Traffic Laws & Rules of the Road,What is the correct way to use a freeway exit ramp?,"a:Slow down before entering the exit ramp.,b:Slow down once moving onto the exit ramp.,c:Keep your speed constant once in the exit ramp.",b,"Stay at freeway speed until you are actually in the exit lane or on the exit ramp, then slow down to the posted ramp speed. Braking on the main freeway lane can surprise drivers behind you and increase the risk of rear-end collisions.",
2,Traffic Laws & Rules of the Road,What is a good general rule to remember about passing other vehicles?,"a:Pass on the right whenever possible.,b:Drive with the flow of traffic and pass only as needed.,c:Try to get to the front of any slow-moving traffic so you can see better.",b,"A safe approach is to travel with the general flow of traffic (without exceeding the speed limit) and pass only when it is necessary, legal, and safe. Fewer lane changes and passes reduce your chances of a collision.",
8,Special Situations & Road Users,How can a bicyclist who disobeys traffic laws be dealt with?,"a:They have different rules and cannot be ticketed.,b:They can be ticketed.,c:They will always receive a warning instead of a ticket.",b,"Bicyclists are generally required to follow the same traffic laws as motor vehicle drivers. They can be stopped and cited for violations such as running stop signs or red lights, riding against traffic, or failing to use required lights at night.",
3,"Signs, Signals & Road Markings",How should drivers treat a flashing red traffic light when approaching it?,"a:Continue driving, as they have the right-of-way.,b:Stop if a police officer is nearby.,c:Treat it like a stop sign and stop.",c,"A flashing red traffic signal means you must come to a complete stop, just as you would at a stop sign. After stopping, proceed only when the intersection is clear and it is safe to go.",
4,Safe & Defensive Driving Practices,"When making a turn, what should you do to your speed?","a:Increase your speed.,b:Maintain or reduce your speed as needed to maintain control.,c:Vary speed unpredictably.",b,"Before and during a turn, you should slow down enough to stay in full control of the vehicle and keep your lane position. Enter the turn at a safe, steady speed; do not accelerate into the turn or vary your speed unpredictably.",
5,Driving in Special Conditions,"If an oncoming vehicle has its high beams on and is blinding you, what should you do?","a:Flash your lights to warn the other driver.,b:Look to the right side of the road until the vehicle passes.,c:Speed up to pass quickly.",b,"When an oncoming vehicle’s high beams are blinding you, avoid looking directly at the lights. Instead, glance down and to the right edge of your lane, using the right side of the road as a guide until the vehicle passes.",
4,Safe & Defensive Driving Practices,What should you do if you become tired while driving?,"a:Open the window to get some fresh air.,b:Stop driving and rest.,c:Drink coffee and keep driving.",b,"If you feel drowsy while driving, the only safe choice is to stop driving and rest. Short-term tricks like opening a window or drinking coffee do not reliably prevent fatigue-related crashes.",
7,Vehicle Ownership & Responsibilities,A leaking exhaust system can:,"a:Cause excessive oil use.,b:Require your vehicle to have a tune-up sooner than usual.,c:Allow exhaust fumes into the passenger compartment and make you drowsy or cause death.,d:Increase brake wear.",c,"A leaking exhaust can let carbon monoxide and other poisonous gases enter the passenger area. Carbon monoxide is colorless and odorless, and breathing it can make you drowsy, impair your judgment, or even cause death. Any suspected exhaust leak should be repaired immediately.",
7,Vehicle Ownership & Responsibilities,"If you leave your vehicle unattended, what must you do with the ignition key?","a:Turn off the engine and leave the key in the ignition.,b:Lock the ignition and remove the key.,c:Set the parking brake only.,d:Leave the engine running to maintain cabin heat.",b,"When leaving a vehicle unattended you must stop the engine, lock the ignition, remove the key, and set the parking brake.",
3,"Signs, Signals & Road Markings",What is the shape of a stop sign?,"a:Rectangle.,b:Octagon.,c:Circle.",b,"A stop sign is an octagon, which means it has eight sides. This unique shape helps drivers recognize it quickly, even if visibility is poor or the sign is partially blocked, so they know they must come to a complete stop.",
2,Traffic Laws & Rules of the Road,When must you yield to an emergency vehicle?,"a:Under no circumstances.,b:When you see a flashing red or blue light or hear a siren.,c:Only when other vehicles yield.",b,"You must yield the right-of-way to emergency vehicles using a siren and/or flashing red or blue lights. Safely move to the right side of the road and stop until the emergency vehicle has passed, unless directed otherwise by a police officer.",
4,Safe & Defensive Driving Practices,Distracted drivers are at a greater risk of a crash when using which device?,"a:A CD player.,b:A radio.,c:A cell phone (including hands-free).,d:A GPS with voice prompts.",c,"Using a cell phone, even hands-free, takes your attention away from driving. Your mind is focused on the conversation instead of the road, which slows reaction time and increases the chance of a crash. Avoid using a phone while driving whenever possible.",
4,Safe & Defensive Driving Practices,Which behavior describes a good defensive driver?,"a:Drives slowly at all times.,b:Looks out for the actions of other drivers.,c:Travels at a constant speed.,d:Avoids using mirrors while driving.",b,"A good defensive driver constantly scans the road and watches other drivers, pedestrians, and cyclists. By anticipating what others might do, you have more time to react to sudden stops, lane changes, or mistakes, which greatly reduces your chances of a collision.",
4,Safe & Defensive Driving Practices,How can you avoid collisions caused by other vehicles' blind spots?,"a:Adjust your rearview mirrors every few minutes.,b:Honk your horn right before turning or changing lanes.,c:Glance over your shoulder to check blind spots before changing lanes.",c,"Every vehicle has blind spots that mirrors cannot cover. Before changing lanes or turning, you must quickly glance over your shoulder in the direction you plan to move to be sure no one is in that blind spot. Relying only on mirrors can cause you to miss a vehicle riding alongside you.",
4,Safe & Defensive Driving Practices,"When approaching a curve, drivers should:","a:Immediately accelerate.,b:Continue slowing until they are driving straight again.,c:Slow down before reaching the curve and accelerate after passing the curve’s midpoint.,d:Brake hard while in the curve.",c,"You should slow down before entering a curve so your tires keep good traction and you stay in control. Once you are past the midpoint of the curve and can see the road ahead, you can gently accelerate to return to normal speed. Braking hard in the curve can cause skidding or loss of control.",
6,"Alcohol, Drugs & Impaired Driving","On average, the human body removes about how many standard alcoholic drinks per hour?","a:Three drinks per hour.,b:One drink per hour.,c:Two drinks per hour.,d:No measurable amount per hour.",b,"Most people’s bodies can process about one standard drink per hour, but this rate varies with body size, sex, food intake, and health. Because alcohol can still impair you even at low levels, you should never rely on metabolism speed to decide if it is safe to drive.",
6,"Alcohol, Drugs & Impaired Driving",Which is the best way to avoid alcohol-related crashes?,"a:Call a taxi after you begin drinking.,b:Decide before you start drinking that you will not drive.,c:Simply tell others 'No thanks, I'm driving' when offered a drink.",b,"Planning ahead is the safest way to avoid alcohol‑related crashes. Decide before you start drinking that you will not drive, and arrange a sober driver, taxi, or rideshare. Once you have been drinking, your judgment is already affected, making it harder to make safe choices about driving.",
3,"Signs, Signals & Road Markings",What does a steady green arrow on a traffic signal indicate?,"a:May turn in the direction of the arrow after yielding to traffic and pedestrians already in the intersection.,b:Should merge into a lane in the direction of the arrow.,c:Should slow to a stop, if it is safe to do so.,d:Must wait for a circular green light as well.",a,A steady green arrow means you are allowed to turn in the direction of the arrow. You must be in the correct lane and still yield to pedestrians and any vehicles already in the intersection before completing your turn.,
3,"Signs, Signals & Road Markings",What do orange-colored road signs typically indicate?,"a:Work zone signs.,b:Regulatory signs.,c:School zone signs.,d:Guide signs.",a,"Orange road signs are used for temporary traffic control in work and construction zones. They warn that workers, equipment, or changing road conditions may be present and that you should slow down and use extra caution.",
5,Driving in Special Conditions,Which headlights should you use when driving in fog?,"a:Use your high beams.,b:Use your low beams.,c:Use your parking lights.",b,"In fog, use low-beam headlights. High beams reflect off the water droplets in the fog and create glare, making it harder to see. Low beams aim light down toward the road and improve your ability to see lane lines and the edge of the roadway.",
4,Safe & Defensive Driving Practices,Which practice helps reduce road rage and aggressive driving?,"a:Allow extra travel time.,b:Ignore posted speed limits.,c:Drive faster than surrounding traffic.",a,"Allowing extra travel time helps you stay calm and avoid feeling rushed, which reduces the temptation to speed, tailgate, or make aggressive maneuvers. Planning ahead and driving patiently are key parts of preventing road rage.",
2,Traffic Laws & Rules of the Road,"On a highway with double solid yellow lines, when may you cross them?","a:Cross these lines only to make a left turn into or from an alley, private road, or driveway.,b:Cross these lines to pass other vehicles if clear.,c:Never cross these lines, even to turn.",a,"Double solid yellow lines separate traffic moving in opposite directions and generally prohibit passing. However, you may cross them to make a left turn into or from a driveway, alley, or private road when it is safe. You must never use a double solid yellow to pass another vehicle.",
3,"Signs, Signals & Road Markings",A diamond-shaped road sign typically indicates:,"a:A road hazard or warning.,b:An interstate route.,c:A school crossing sign only.",a,"Diamond-shaped signs are standard warning signs. They alert drivers to potential hazards or changes in road conditions ahead, such as curves, intersections, merging traffic, or pedestrian crossings. They are not used for route markers or limited only to school crossings.",
6,"Alcohol, Drugs & Impaired Driving",Which method will sober someone up after drinking?,"a:Drinking tomato juice and lime.,b:Drinking hot coffee.,c:Allowing time to pass (only time makes you sober).",c,"Only the passage of time will reduce blood alcohol concentration; remedies like coffee, fresh air, or juice do not reduce BAC.",
2,Traffic Laws & Rules of the Road,A red traffic signal light requires you to do what?,"a:Stop at the stop line or, if none, before entering any crosswalk or intersection.,b:Slow down and proceed through the intersection.,c:Stop only if there are pedestrians present.",a,"On a steady red light you must come to a complete stop at the stop line. If there is no stop line, stop before entering the crosswalk, and if there is no crosswalk, stop before entering the intersection. You may only proceed when the light turns green and it is safe, or when a legal turn on red is allowed and clear.",
2,Traffic Laws & Rules of the Road,While waiting in an intersection to make a left turn you should:,"a:Signal and keep your wheels turned to the left toward the direction of your turn.,b:Signal and keep your wheels straight while waiting.,c:Flash your headlights to warn other drivers.,d:Keep the wheels lightly on the brakes and turned right.",b,"When waiting in an intersection to turn left, signal your turn and keep the wheels pointed straight. If another vehicle hits you from behind, straight wheels help prevent your car from being pushed into oncoming traffic. Turn the wheels left only as you begin the actual turn.",
8,Special Situations & Road Users,"When an emergency vehicle with lights and siren is approaching, what must you do immediately?","a:Pull to the right and stop.,b:Pull to the right and slow down.,c:Pull to the right and turn on your vehicle's four-way flashers.",a,"When an emergency vehicle using lights and siren approaches, you must move as far to the right side of the road as safely possible and stop until it has passed. This creates a clear path for the emergency vehicle and reduces the risk of collisions.",
2,Traffic Laws & Rules of the Road,"Under Colorado's GDL program, who are you permitted to carry as a passenger during your first six months of holding a driver's license if you are under age 18?","a:Any friends under age 21,b:No passengers under age 21 (unless immediate family or accompanied by a parent/guardian),c:Only one passenger under age 21,d:Only siblings",b,"In Colorado, minor drivers under age 18 holding a driver's license are restricted from carrying any passengers under age 21 during the first six months, except for immediate family members or if supervised by a parent/guardian.",medium
2,Traffic Laws & Rules of the Road,"Under Colorado's GDL program, how many passengers under the age of 21 can you carry during your second six months of holding a driver's license?","a:None,b:One passenger,c:Two passengers,d:No restrictions apply",b,"In Colorado, minor drivers under age 18 holding a driver's license may carry up to one passenger under age 21 during their second six months of driving.",medium
2,Traffic Laws & Rules of the Road,What are the minimum auto liability insurance coverage limits required for all motor vehicles registered in Colorado?,"a:15/30/10,b:25/50/10,c:25/50/15,d:30/60/15",c,"Colorado requires all drivers to maintain auto liability insurance coverage of at least 25/50/15: $25,000 for bodily injury per person, $50,000 for bodily injury per accident, and $15,000 for property damage.",medium
2,Traffic Laws & Rules of the Road,"Under Colorado's Move Over law, if you are unable to change lanes when approaching a stationary emergency or maintenance vehicle with flashing lights on a road with a speed limit of 45 mph or less, you must slow to:","a:15 mph,b:20 mph,c:25 mph,d:30 mph",c,"Colorado's Move Over law requires drivers approaching stationary emergency/utility vehicles to slow down to a speed of 25 mph if the posted limit is 45 mph or less, or 20 mph below the posted limit if the limit is above 45 mph.",medium
2,Traffic Laws & Rules of the Road,"What is the statutory speed limit on narrow, winding mountain highways in Colorado unless otherwise posted?","a:15 mph,b:20 mph,c:25 mph,d:30 mph",b,"In Colorado, the statutory speed limit on narrow, winding mountain highways is 20 mph.",medium
2,Traffic Laws & Rules of the Road,What is the statutory speed limit on open mountain highways in Colorado unless otherwise posted?,"a:25 mph,b:30 mph,c:35 mph,d:40 mph",d,"In Colorado, the statutory speed limit on open mountain highways is 40 mph unless otherwise posted.",medium
