section-num,section-name,question,options,correct-answer,note,difficulty
2,Traffic Laws & Rules of the Road,"When turning left from a two-way street onto a one-way street, into which lane should you complete the turn?","a:In the right lane of the street.,b:In the center of the street.,c:In the left lane of the street.",c,"When turning left from a two-way onto a one-way street, complete the turn into the lane nearest the lane you came from — typically the left lane.",easy
7,Vehicle Ownership & Responsibilities,"If you are involved in an accident and another person is injured, you should:","a:Move the injured immediately away from the scene.,b:Always leave the injured where they are without rendering aid.,c:Not move the injured unless necessary, keep them warm, and provide first aid if you are trained.,d:Drive to the nearest hospital leaving the scene.",c,Avoid moving injured victims unless there is an immediate danger; keep them warm and give first aid within your training until emergency help arrives.,medium
4,Safe & Defensive Driving Practices,Which action should you take before making a turn?,"a:Use your signal.,b:Turn the wheel immediately without signaling.,c:Increase your speed.",a,Signal at least three to four seconds before turning to notify other drivers and pedestrians of your intent.,easy
5,Driving in Special Conditions,Driving at night requires extra caution because:,"a:Traffic moves faster at night.,b:There is a larger volume of traffic at night.,c:Drivers cannot see as well at night.,d:Headlights are not required at night.",c,Reduced light conditions limit visibility; use headlights from half an hour after sunset to half an hour before sunrise and increase your following distance.,easy
8,Special Situations & Road Users,What lane entitlement do motorcycles have?,"a:Half the width of a lane.,b:The bicycle lane only.,c:The same full lane width as other motor vehicles.",c,Motorcycles are entitled to the full width of a traffic lane like any other vehicle.,easy
5,Driving in Special Conditions,"When it starts to rain while you are driving, you should:","a:Turn on your headlights and slow down.,b:Drive at the posted speed limit at all times.,c:Speed up to pass other vehicles.",a,"Reduce your speed, turn on low beam headlights in rain to increase visibility, and pull off if conditions become unsafe.",easy
2,Traffic Laws & Rules of the Road,"When entering a highway from an entrance ramp, you should generally:","a:Stop at the end of the ramp and wait for a large gap.,b:Enter slowly well below traffic speed.,c:Accelerate on the ramp to match the speed of freeway traffic and merge when safe.,d:Signal and stay on the ramp until traffic clears completely.",c,Use the acceleration lane to pick up speed and merge into an appropriate gap in traffic; the vehicles on the freeway have the right-of-way.,medium
2,Traffic Laws & Rules of the Road,What color line divides lanes of traffic moving in opposite directions?,"a:Yellow,b:Red,c:Black",a,Yellow pavement markings divide traffic moving in opposite directions; white lines separate lanes moving in the same direction.,medium
8,Special Situations & Road Users,"When you see or hear an approaching emergency vehicle, what is the correct response on a two-lane road?","a:Stop immediately where you are.,b:Drive as far right as is safe and stop.,c:Proceed slowly and try to move out of its way later.",b,"On two-lane roads, pull as far to the right as is safe and stop to allow emergency vehicles to pass.",easy
6,"Alcohol, Drugs & Impaired Driving",Which of the following can impair driving and lead to DUII charges?,"a:Controlled substances such as illegal drugs or certain prescription medicines.,b:Inhalants such as glue or paint.,c:Beer, wine, and other liquor.",a,"A variety of substances—alcohol, illegal drugs, inhalants, and many prescription or over-the-counter medications—can impair driving.",medium
4,Safe & Defensive Driving Practices,"If your accelerator becomes stuck while driving, what should you do?","a:Shift to neutral and apply steady pressure on the brake.,b:Reach down and try to pull the pedal up.,c:Shift to park immediately.",a,"If the accelerator sticks, keep eyes on the road, shift to neutral, apply steady braking, pull off the road when safe, then turn off the engine.",medium
4,Safe & Defensive Driving Practices,What causes 'highway hypnosis'?,"a:Driving after too much sleep the night before your trip.,b:Frequent rest stops.,c:Staring at the roadway for long periods and failing to scan.",c,Highway hypnosis can occur when you stare straight ahead for long periods and stop actively scanning; take breaks and keep your eyes moving.,medium
2,Traffic Laws & Rules of the Road,"Before turning left at an intersection, what must you do?","a:Sound your horn.,b:Yield to oncoming traffic and pedestrians.,c:Swing to the right side of your lane.",b,"When turning left, you must yield the right-of-way to oncoming vehicles and pedestrians before completing the turn.",easy
8,Special Situations & Road Users,"If you approach a railroad crossing with flashing warning signals, what must you do?","a:Slow down and look for a train.,b:Stop and look for a train.,c:Look for a train and then speed up across the tracks.",b,When warning signals are flashing you must stop (no closer than 15 feet from the rail) and remain stopped until safe to cross.,medium
2,Traffic Laws & Rules of the Road,"When changing lanes on a highway, which actions should you take?","a:Check your rearview and outside mirrors.,b:Signal well in advance of the lane change.,c:Glance over your shoulder to check your blind spot.",b,"When changing lanes, signal your intent, check mirrors for approaching traffic, and glance over your shoulder to ensure the blind spot is clear.",medium
2,Traffic Laws & Rules of the Road,"When two vehicles arrive at a four-way stop at the same time, which vehicle must yield?","a:Drivers must make hand motions to communicate with each other.,b:The vehicle on the left must yield to the vehicle on the right.,c:The vehicle on the right must yield to the vehicle on the left.",b,"When two vehicles reach a four-way stop simultaneously, the driver on the left must yield to the driver on the right.",easy
4,Safe & Defensive Driving Practices,The most important speed-management rule for curves is to:,"a:Drive at the posted speed and brake at the sharpest part.,b:Slow down before entering the curve.,c:Accelerate into the curve to maintain momentum.,d:Brake sharply as you exit the curve.",b,Slow down before you enter a curve; adjusting speed in the curve is difficult and entering too fast can cause loss of control.,medium
2,Traffic Laws & Rules of the Road,Before passing on a multilane highway you should:,"a:Watch for oncoming traffic.,b:Pass only on the right.,c:Be sure the passing lane is clear.",c,"Before passing, make sure the passing lane is clear, signal, and only pass when it is safe to do so.",medium
2,Traffic Laws & Rules of the Road,What should you do if you approach an intersection that is blocked by traffic ahead?,"a:Enter the intersection slowly and wait.,b:Get as close as possible to the car in front of you.,c:Stay out of the intersection until you can completely pass through.",c,Do not enter an intersection unless you can clear it; blocking intersections is illegal and unsafe.,easy
4,Safe & Defensive Driving Practices,Why should you avoid following another vehicle too closely?,"a:You may not see the road between the cars.,b:You may not have enough time to stop if the vehicle ahead slows or stops suddenly.,c:You may not see the vehicle's turn signals.",b,"Following too closely reduces the time and distance you have to react and stop, increasing the risk of a collision.",easy
2,Traffic Laws & Rules of the Road,"If traffic signals at an intersection are not working due to a power outage, how should you treat the intersection?","a:Treat the intersection as a four-way stop and yield accordingly.,b:Use hand signals to indicate your intentions to other drivers.,c:Turn on your hazard lights and proceed without stopping.",a,"When traffic lights are out, treat the intersection like a four-way stop: stop, yield in order, and proceed with caution.",medium
4,Safe & Defensive Driving Practices,To prepare for anything coming up on the road ahead you should:,"a:Stare straight ahead at all times.,b:Drive with your left foot lightly on the brake.,c:Continually scan the entire road and roadsides.,d:Only look directly in front of your vehicle.",c,Search the roadway and sides continuously to identify hazards early and give yourself time to react.,easy
6,"Alcohol, Drugs & Impaired Driving",Drinking alcohol and then driving is:,"a:Safe if you have had only a few drinks.,b:A serious traffic safety problem.,c:A minor traffic safety problem.,d:A private matter for the driver.",b,"Driving after drinking alcohol is a serious traffic safety hazard — alcohol and other drugs impair judgment and reaction time, making safe driving impossible.",easy
3,"Signs, Signals & Road Markings",What does a solid yellow line on your side of the centerline mean?,"a:You may pass with caution.,b:Do not pass.,c:Slow down immediately.",b,A solid yellow line next to your lane indicates that passing is prohibited from your direction.,easy
2,Traffic Laws & Rules of the Road,"When turning or changing lanes, when must you signal?","a:Always, even if no visible traffic is present.,b:Only if there is visible traffic.,c:Only when driving at night.",a,"You must signal every time you change lanes, turn, or pull away from a curb, regardless of visible traffic.",easy
2,Traffic Laws & Rules of the Road,"At an uncontrolled intersection where two vehicles arrive simultaneously, who must yield?","a:The largest vehicle.,b:The car on the left has the right-of-way.,c:The car on the left must yield to the car on the right.",c,"If two vehicles arrive at an uncontrolled intersection at the same time, the driver on the left must yield to the driver on the right.",easy
2,Traffic Laws & Rules of the Road,What does the driver's left arm and hand extended downward signal mean?,"a:Turn left.,b:Turn right.,c:Stop.",c,A left arm extended downward is a hand signal indicating the vehicle is slowing or stopping.,easy
6,"Alcohol, Drugs & Impaired Driving",A driver with a BAC between which levels is presumed to be Driving While Ability is Impaired (DWAI) in Colorado?,"a:0.03 and 0.05 percent,b:0.05 and 0.07 percent,c:0.07 and 0.09 percent,d:0.09 and 0.11 percent",b,"In Colorado, a BAC between 0.05% and 0.07% is presumed to be Driving While Ability is Impaired (DWAI), with associated legal consequences.",difficult
2,Traffic Laws & Rules of the Road,You are required to stop your vehicle when:,"a:Approaching an intersection with a stop sign.,b:Where there is a red light.,c:When a traffic officer orders you to stop.,d:All of the above.",d,"You must stop at stop signs, red lights (including flashing red), or whenever a traffic officer directs you to stop.",easy
3,"Signs, Signals & Road Markings",How should drivers respond to a flashing red traffic signal?,"a:Drive carefully without stopping.,b:Come to a complete stop, yield, and proceed when safe.,c:Merge to the right.",b,"A flashing red signal means stop, yield to traffic and pedestrians, and proceed only when it is safe — it functions like a stop sign.",easy
4,Safe & Defensive Driving Practices,Drowsy drivers can:,"a:Stay alert by opening a window and turning up the radio.,b:Drive so poorly that they may appear to be drunk.,c:Be made fully alert by drinking coffee.,d:Drive better than well-rested drivers.",b,Drowsiness can impair driving similarly to alcohol impairment; opening a window or drinking coffee are not reliable countermeasures.,medium
4,Safe & Defensive Driving Practices,Which factor does stopping distance NOT depend on?,"a:The condition of your vehicle's brakes.,b:Your own reaction time.,c:The time of day.",c,"Stopping distance depends on reaction time, vehicle weight, brake and tire condition, roadway conditions, visibility, and speed — not the time of day.",easy
6,"Alcohol, Drugs & Impaired Driving",What is the effect of combining drugs with alcohol on driving risk?,"a:Is no more dangerous than consuming alcohol by itself.,b:Increases the risk of causing a crash.,c:Lessens the effect of alcohol on your ability to drive.",b,"Combining alcohol with other drugs (prescription, over-the-counter, or illegal) can increase impairment and the risk of a crash.",difficult
3,"Signs, Signals & Road Markings",Pennant-shaped traffic signs typically indicate:,"a:School zones.,b:No passing zones.,c:Speed limits.,d:Railroad crossings.",b,Pennant-shaped signs (sideways triangles) are used to mark no passing zones; additional text or pavement markings may confirm this.,medium
2,Traffic Laws & Rules of the Road,"If another vehicle is passing you, what should you do to help them pass safely?","a:Pull off the road to let them pass.,b:Check for oncoming traffic and adjust your speed to allow safe passing.,c:Flash your lights to signal them to hurry.",b,"Keep right and, if safe, adjust your speed slightly to allow the passing vehicle to return to your lane safely.",medium
2,Traffic Laws & Rules of the Road,When are you allowed to cross double solid yellow lines?,"a:To pass another car.,b:To turn into a driveway.,c:To pass a slow-moving truck.",b,"Double solid yellow lines prohibit passing; you may cross them to make a left turn into or from driveways, alleys, or to enter/exit the roadway where permitted.",medium
1,Licensing & Permit Requirements,If a driver accumulates how many points in a 12-month period will the license be suspended?,"a:Five points,b:Ten points,c:Twelve points,d:Eighteen points",c,Colorado drivers who accrue 12 or more points within a 12-month period may face suspension of their driver license.,medium
3,"Signs, Signals & Road Markings","If a HAWK pedestrian signal is solid red, what must drivers do?","a:Slow down and prepare to stop.,b:Proceed with caution.,c:Come to a complete stop.",c,A solid red HAWK signal means drivers must stop and remain stopped until the signal changes and it is safe to proceed.,medium
4,Safe & Defensive Driving Practices,What should you do if an aggressive driver is following you closely?,"a:Make eye contact and stare as they pass.,b:Speed up to prevent them from passing.,c:Move out of the aggressive driver’s way when safe.",c,"If someone is driving aggressively, safely get out of their way, avoid eye contact, and do not escalate the situation.",easy
2,Traffic Laws & Rules of the Road,"If you have a green light but pedestrians are crossing against the red, you should:","a:Speed up and pass in front of the pedestrians.,b:Stop to let the pedestrians cross safely.,c:Honk your horn to warn them.,d:Drive through carefully without stopping.",b,You must yield to pedestrians in the intersection even when you have a green light; stop and let them cross safely.,easy
4,Safe & Defensive Driving Practices,The best way to handle a tailgater is to:,"a:Speed up to put more distance between you and the tailgater.,b:Slam on your brakes briefly to warn the tailgater.,c:Change lanes or gradually slow down to encourage the tailgater to pass.,d:Flash your lights repeatedly to signal them.",c,"If someone is following too closely, safely change lanes or gently slow to encourage them to pass; do not brake check or speed up.",easy
6,"Alcohol, Drugs & Impaired Driving",What may happen if you drink alcohol while taking prescription or over-the-counter medications?,"a:The medicine reduces the effect of the alcohol.,b:The combination could multiply the effects of the alcohol or medicine.,c:The alcohol will help the medicine cure a cold.",b,Mixing alcohol and many medications can amplify impairment and produce unpredictable or dangerous effects.,medium
1,Licensing & Permit Requirements,Who is required by law to wear a fastened safety belt in a moving vehicle?,"a:The driver only.,b:Passengers in the front seat only.,c:Children between the ages of 8 and 18 only.,d:The driver, front-seat passengers, and all children 8–18 regardless of seating position.",d,"Colorado law requires that drivers and front-seat passengers wear safety belts, and that children ages 8–18 be properly restrained wherever they are seated in the vehicle.",medium
4,Safe & Defensive Driving Practices,"When backing up your vehicle, what is the recommended technique?","a:Rely only on your mirrors.,b:Turn your head and look through the rear window while backing.,c:Open your door to check behind the vehicle.",b,"When reversing, turn your head and look through the rear window while also checking mirrors and surroundings; do not depend solely on mirrors or sensors.",medium
4,Safe & Defensive Driving Practices,What should you adjust first when getting into a vehicle to drive?,"a:Your rearview mirror,b:Your seat,c:The steering wheel",b,"When preparing to drive, first adjust your seat so you can reach the controls comfortably and see the road; then adjust mirrors and the steering wheel.",easy
4,Safe & Defensive Driving Practices,How should a lap belt fit?,"a:Loose across your waist.,b:Buckled snugly across your hip bones and lower abdomen.,c:Tucked under the seat for comfort.",b,A lap belt should fit snugly across your hip bones and the lower part of your abdomen; shoulder belts should lie comfortably across the chest.,easy
4,Safe & Defensive Driving Practices,How can stress affect your driving?,"a:Causing you to fall asleep at the wheel.,b:Lowering your ability to focus on driving.,c:Decreasing your chances of an accident.,d:Improving reaction time.",b,Strong emotions or stress can reduce your concentration and impair your ability to drive safely; it is best to avoid driving while emotionally unstable.,easy
6,"Alcohol, Drugs & Impaired Driving",Which is not permitted for a passenger in a moving motor vehicle?,"a:Have an opened alcohol container.,b:Sleep.,c:Use a cell phone.,d:Listen to music.",a,It is unlawful for passengers to drink from or possess an open alcoholic beverage container in the passenger area of a motor vehicle on a public road.,easy
1,Licensing & Permit Requirements,"When stopped by law enforcement for a traffic violation, what must the driver present?","a:Proof of registration.,b:Their license.,c:Proof of insurance.",b,"When stopped, the driver must present a valid driver license and, when requested, proof of vehicle registration and insurance.",easy
2,Traffic Laws & Rules of the Road,You must not drive faster than:,"a:The posted maximum speed limit.,b:A speed that is faster than is reasonable and prudent for current conditions.,c:A speed that is safe for existing road, traffic, and weather conditions.,d:All of the above.",d,"You must obey posted limits, but also drive at a speed that is reasonable and prudent given road, traffic, weather, and visibility conditions.",medium
4,Safe & Defensive Driving Practices,When changing lanes you should NOT do which of the following?,"a:Fail to check side and rearview mirrors and blind spots.,b:Signal your intentions.,c:Check for other drivers who may also be moving into the same lane.",a,Never change lanes without checking mirrors and blind spots; always signal and check for other drivers before moving over.,medium
2,Traffic Laws & Rules of the Road,What should you do when entering a roadway from a private road or driveway?,"a:Drive out fast to merge smoothly with the traffic.,b:Yield to pedestrians and traffic on the roadway.,c:Blow your horn to warn cars you are entering the roadway.",b,"When entering a roadway from a private road or driveway, yield the right-of-way to all pedestrians and vehicles on the roadway.",easy
7,Vehicle Ownership & Responsibilities,"If your car breaks down on a highway, you should:","a:Sit in your car and wait for help without signaling.,b:Sound your horn at passing motorists to get attention.,c:Use your hazard (four-way) flashers and move well off the road, then signal and exit safely.,d:Walk along the highway to find help.",c,"If your vehicle is disabled, get as far off the roadway as possible, turn on your hazard lights, lift the hood, and stay where other drivers can see you until help arrives.",medium
8,Special Situations & Road Users,Crosswalks are:,"a:Always indicated only by horizontal pavement markings.,b:Always indicated by vertical markings.,c:Present whether marked or unmarked and must be respected.,d:Always unmarked.",c,Crosswalks exist with or without painted lines; drivers must yield to pedestrians and stop behind the crosswalk when required.,easy
3,"Signs, Signals & Road Markings","When you see a flashing yellow arrow for left turns, what does it mean?","a:You may turn left only after yielding to oncoming traffic and pedestrians.,b:You must come to a complete stop before turning.,c:You should merge into the lane indicated by the arrow before turning.",a,A flashing yellow arrow allows left turns but requires you to yield to oncoming traffic and pedestrians before turning.,medium
2,Traffic Laws & Rules of the Road,Which action should you take before changing lanes or passing on an interstate?,"a:Signal, check mirrors, and check blind spots.,b:Stop on the shoulder of the road if you are tired.,c:You should always use cruise control.",a,"Before changing lanes or passing on an interstate, signal, check your mirrors, and glance to check blind spots; only stop on the shoulder for emergencies.",easy
2,Traffic Laws & Rules of the Road,"When turning onto a street with multiple lanes in your direction, into which lane should you turn?","a:Turn into the middle lane.,b:Turn into the lane closest to your previous lane.,c:Turn into the lane marked with an arrow.",b,"When turning onto a street with more than one lane moving in the same direction, enter the lane closest to the lane you came from and avoid lane changes during the turn.",easy
3,"Signs, Signals & Road Markings",What does a solid red arrow on a traffic signal mean?,"a:Is never used as a traffic signal.,b:Has the same meaning as a circular red traffic light.,c:Means drivers may turn in the direction indicated by the arrow.",b,A solid red arrow means the same as a steady red light: traffic in the indicated lane must stop and may not turn in the arrow's direction.,easy
3,"Signs, Signals & Road Markings",You may cross solid yellow center lines:,"a:To pass traffic moving in the same direction.,b:Only during daylight hours.,c:Only to make a turn into or out of a driveway or side road.,d:At any time for passing.",c,"Solid yellow lines generally prohibit passing; you may cross a solid yellow line to turn into a driveway, alley, or side road when safe and permitted.",easy
5,Driving in Special Conditions,What happens to your tires' effectiveness on a wet roadway as your speed increases?,"a:They become less effective at clearing water and can lead to hydroplaning.,b:Water does not affect cars with good tires.,c:Deep water is less dangerous than shallow water.",a,"Higher speeds reduce tires' ability to clear water from the road, increasing hydroplaning risk.",medium
2,Traffic Laws & Rules of the Road,"On a two-way, two-lane road you cannot pass safely unless:","a:You can return to your lane before meeting oncoming traffic.,b:You are able to clearly see the road ahead.,c:Your vehicle is capable of the speed necessary to complete the pass.,d:All of the above.",d,"Passing on a two-lane, two-way road is only safe if you can see far enough ahead, complete the pass before meeting oncoming traffic, and have sufficient vehicle speed to pass safely.",medium
4,Safe & Defensive Driving Practices,"If your wheels slip off the edge of the pavement, you should:","a:Jerk the steering wheel to force the vehicle back onto the pavement.,b:Slow down by gently applying the brakes and steer back onto the pavement when safe.,c:Slam on your brakes immediately.,d:Speed up and swerve onto the pavement.",b,"Keep control by slowing gradually while wheels are off the pavement; when you can do so safely, steer back onto the road — do not make sudden turns.",medium
8,Special Situations & Road Users,"When passing a large truck or bus, what should drivers of smaller vehicles be prepared for?","a:Loud noises.,b:Excess air pollution.,c:Wind gusts produced by the large vehicle.,d:No effect on vehicle stability.",c,Large vehicles can create strong air gusts that may affect small vehicles' stability; be ready to correct steering when approaching or passing them.,medium
5,Driving in Special Conditions,"Compared to daytime driving, driving at night is:","a:Less dangerous.,b:No more or less dangerous.,c:More dangerous.",c,"Night driving is more hazardous due to reduced visibility, glare from lights, and an increased likelihood of tired or impaired drivers.",easy
2,Traffic Laws & Rules of the Road,"On a divided multilane highway, if you hear or see an approaching emergency vehicle, you should:","a:Stop immediately where you are regardless of lanes.,b:Disregard the signal if other lanes are available.,c:Slow down, move to provide a clear path, and stop if necessary.,d:Speed up to stay out of its way.",c,Yield to emergency vehicles by slowing and moving aside to create a clear path; do not attempt to outrun or block them.,easy
3,"Signs, Signals & Road Markings",What does a solid black HAWK signal indicate to drivers?,"a:Drivers should come to a complete stop.,b:Drivers may proceed past the crosswalk with caution.,c:Drivers should slow down and prepare to stop.",b,A HAWK signal that goes dark (solid black) means drivers may proceed past the crosswalk with caution but should watch for pedestrians.,medium
3,"Signs, Signals & Road Markings",What does a single dashed white line mean between lanes?,"a:Drivers may pass or change lanes if it is safe.,b:Lanes move in opposite directions.,c:Drivers are not allowed to pass.",a,A dashed white line separates lanes traveling in the same direction and may be crossed to pass or change lanes when safe.,easy
3,"Signs, Signals & Road Markings","If an approaching train is near enough or going fast enough to be a danger, you must:","a:Slow down and proceed with caution across the tracks.,b:Not cross the tracks until the train has completely passed.,c:Cross the tracks if there is no ground-level light signal.,d:Weave through railroad gates if you are in a hurry.",b,"If a train poses a potential danger, do not attempt to cross; wait until it has fully passed and it is safe to proceed.",medium
4,Safe & Defensive Driving Practices,"If you become too drowsy to focus while driving, the safest action is to:","a:Drink a large energy drink.,b:Open the windows and turn on the air conditioning.,c:Pull off the road and rest.,d:Continue driving slowly until help is found.",c,"Drowsiness greatly reduces reaction time and decision-making. If you feel too tired to drive safely, stop in a safe location and rest.",easy
4,Safe & Defensive Driving Practices,"When driving to an unfamiliar area, you should:","a:Depend solely on road signs to find your way.,b:Plan your route in advance.,c:Rely only on general knowledge of the area.,d:Drive faster to avoid getting lost.",b,"Plan your route ahead of time, study maps or GPS directions, and allow extra time so you can drive safely without last-minute maneuvers.",easy
3,"Signs, Signals & Road Markings",What color are signs indicating areas of public recreation or cultural interest?,"a:Red.,b:Brown.,c:Green.",b,"Brown guide signs indicate parks, recreation areas, historical sites, and other cultural or recreational points of interest.",easy
4,Safe & Defensive Driving Practices,What should you do to help prevent crashes with other road users?,"a:Ignore other drivers and focus only on your vehicle.,b:Communicate with other road users using signals or horn when appropriate.,c:Drive only on side streets and back roads.",b,"Communicate intent to other road users by signaling, using lights or horn appropriately, and driving predictably to reduce misunderstandings.",easy
2,Traffic Laws & Rules of the Road,What does a steady green traffic light allow you to do?,"a:Stop and check for oncoming traffic before proceeding.,b:May drive through the intersection if it is clear.,c:Must slow down and prepare to stop.",b,"A steady green light means you may proceed through the intersection when the way is clear; when turning, you must yield to pedestrians and other traffic.",easy
4,Safe & Defensive Driving Practices,Which is the safest way to drive through a curve?,"a:Speed up as you enter and slow down as you exit.,b:Maintain the same speed throughout.,c:Slow down entering the curve and accelerate gradually as you exit.",c,Enter curves at a reduced speed and accelerate gradually as you exit to maintain control.,easy
2,Traffic Laws & Rules of the Road,"Before changing from the right lane into the left lane on a multilane highway, you should:","a:Look in your rearview mirror only for traffic behind you.,b:Look over your left shoulder to check your blind spot and signal your intention.,c:Turn on your directional signal and move left without looking.,d:Assume no one is beside you if your mirrors appear clear.",b,Check mirrors and then glance over your shoulder into the blind spot for the lane you intend to enter; always signal before changing lanes.,easy
2,Traffic Laws & Rules of the Road,"If two drivers arrive at an open intersection at the same time, who has the right-of-way?","a:The driver on the left.,b:The driver on the right.,c:Either driver may continue without stopping.",b,"If you and another vehicle arrive simultaneously at an open intersection, yield to the vehicle on your right.",easy
2,Traffic Laws & Rules of the Road,"When changing lanes, you should:","a:Rely solely on your mirrors.,b:Begin signaling only as you move into the next lane.,c:Signal at least 100 feet before changing lanes and glance over your shoulder to check the blind spot.,d:Signal 500 feet before changing lanes in residential areas.",c,"Signal early (about 100 feet in many situations), check mirrors, and glance over your shoulder to ensure the lane is clear of vehicles in your blind spot.",medium
5,Driving in Special Conditions,"If a vehicle using high beams approaches, where should you direct your gaze?","a:The center of the road.,b:Either side of the road.,c:The right side of the road.",c,Glance toward the right edge of the road to avoid being blinded by approaching high beams until the vehicle passes.,easy
5,Driving in Special Conditions,In rainy driving conditions which headlights should you use?,"a:Low beam headlights.,b:High beam headlights.,c:Parking lights only.",a,"Use low beam headlights in rain, fog, or snow; high beams can reflect and reduce visibility.",easy
3,"Signs, Signals & Road Markings","If there are two railroad tracks next to each other, you should:","a:Assume it is safe to cross once one train passes.,b:Always stop before every set of tracks.,c:Look for a second train on the other track after one passes before you proceed.,d:Drive faster to beat the next train.",c,"When multiple tracks exist, wait and look for any other approaching trains on the adjacent tracks before you begin crossing.",medium
8,Special Situations & Road Users,"At a multi-track railroad crossing where you have stopped, what should you do after a train passes?","a:Go through as soon as the train passes.,b:Wait until you have a clear view of all tracks before proceeding.,c:Stop on the first track and watch for another train.",b,"When multiple tracks exist, wait until you can see all tracks clearly before crossing; another train may be approaching on a different track.",medium
2,Traffic Laws & Rules of the Road,"When parking downhill on a two-way street, which way should you point your front wheels?","a:Turn your wheels to the left.,b:Turn your wheels to the right.,c:Keep your wheels pointed straight ahead.",b,"When parked facing downhill, turn your wheels toward the curb or side of the road so the vehicle will roll away from traffic if it moves.",easy
8,Special Situations & Road Users,"Compared with smaller cars, larger vehicles generally have:","a:Larger blind spots.,b:No blind spots.,c:Smaller blind spots.",a,"The larger the vehicle, the larger its blind spots — trucks and large SUVs have areas around the rear and sides that can’t be seen in mirrors.",easy
4,Safe & Defensive Driving Practices,What single action most reduces your risk of serious injury or death in a crash?,"a:Limit your driving to weekdays.,b:Wear your seat belt.,c:Stay in the right lane on multilane highways.",b,Wearing a properly fastened seat belt is the most effective way to reduce risk of injury or death in a traffic crash.,easy
7,Vehicle Ownership & Responsibilities,How must license plates be displayed?,"a:Fastened so they cannot swing.,b:Folded for storage when not needed.,c:Placed vertically instead of horizontally.",a,"License plates must be mounted horizontally, clearly visible, kept clean, and fastened to prevent swinging; typically at least 12 inches from the ground.",medium
2,Traffic Laws & Rules of the Road,At an intersection with a yield sign you should:,"a:Always come to a full stop regardless of other traffic.,b:Slow down and yield the right-of-way to traffic in the intersection or roadway you are entering.,c:Yield only to traffic approaching from the left.,d:Proceed at the same speed unless another vehicle is present.",b,A yield sign requires you to slow and yield to any traffic or pedestrians in the roadway you are entering; stop if necessary to avoid conflict.,easy
6,"Alcohol, Drugs & Impaired Driving",A person's ability to drive can be impaired by which of the following?,"a:Alcohol.,b:Any medication (prescription or over-the-counter),c:Lack of sleep.,d:All of the above.",d,"Alcohol, many medications (legal and illegal), and drowsiness can all impair driving ability and should be considered before driving.",medium
5,Driving in Special Conditions,"If you need to slow down on a slippery road, what should you do first?","a:Firmly apply your brakes.,b:Take your foot off the gas.,c:Apply your parking brake.",b,"On a slippery surface, first take your foot off the accelerator; if more slowing is needed, apply brakes gently and steadily.",easy
3,"Signs, Signals & Road Markings","Which signal requires coming to a complete stop, yielding to cross traffic/pedestrians, then proceeding when clear?","a:Flashing yellow light.,b:Solid red light.,c:Flashing red light.",c,"A flashing red signal should be treated like a stop sign: stop, yield to cross traffic and pedestrians, and proceed only when safe.",easy
6,"Alcohol, Drugs & Impaired Driving",How does alcohol affect your driving skills and judgment?,"a:It helps driving skills but harms judgment.,b:It has no effect on either driving skills or judgment.,c:It harms both driving skills and judgment.",c,"Alcohol impairs multiple driving-related abilities, including reaction time, coordination, vision, concentration, and judgement.",easy
3,"Signs, Signals & Road Markings",What does a red arrow on a traffic signal mean?,"a:Proceed slowly through the intersection.,b:Stop and remain stopped until the signal changes to a green light or green arrow.,c:Stop and then proceed when the way is clear.",b,A red arrow means you must stop and remain stopped until the signal changes to a green light or green arrow (unless otherwise posted).,medium
2,Traffic Laws & Rules of the Road,"If an officer is directing traffic at an intersection with a working traffic signal, drivers should:","a:Always follow the traffic signal instead of the officer.,b:Follow the directions given by the officer.,c:Honk to get the officer’s attention.,d:Proceed only when the light allows it.",b,"When a police officer is directing traffic, you must obey the officer's directions even if they conflict with the traffic signals.",easy
4,Safe & Defensive Driving Practices,Which activities are common causes of distracted driving?,"a:Changing a radio station or CD.,b:Talking or texting on a phone.,c:Eating, drinking, or smoking.",a,"Distracted driving includes many tasks such as eating, using a phone, or changing audio controls — all of which reduce attention to driving.",easy
2,Traffic Laws & Rules of the Road,When should you slow down when exiting a highway?,"a:On the main road, just before the exit lane.,b:Once you see a toll booth.,c:Once you have moved into the exit lane.,d:Before entering the exit lane.",c,Enter the exit lane well in advance and begin braking and slowing only after you are in the exit lane.,easy
7,Vehicle Ownership & Responsibilities,Which statement about seat belts and child restraints is correct?,"a:An airbag can be dangerous to an infant or small child in a front-facing seat.,b:You should never place an infant or small child in the rear seat.,c:You should always make sure all passengers are using a seat belt or child restraint.",c,Always make sure everyone is properly restrained; children 12 and under should ride in the rear seat and never place a rear-facing infant seat in a front seat with an active airbag.,easy
4,Safe & Defensive Driving Practices,Which of the following commonly causes traffic accidents?,"a:Inattentive driving.,b:Following other vehicles too closely.,c:Excessive speed under the driving conditions.,d:Rare vehicle defects.",a,Distracted or inattentive driving is a leading cause of crashes; excessive speed and following too closely are also common contributing factors.,medium
7,Vehicle Ownership & Responsibilities,How should you act when approaching the scene of an accident while driving?,"a:Keep your attention on your driving.,b:Keep moving.,c:Stop if you are involved or if emergency help has not yet arrived.",a,Do not stop at an accident scene unless you are directly involved or are needed and emergency help has not arrived; keep your attention on safe driving.,medium
4,Safe & Defensive Driving Practices,"If an aggressive driver cuts you off, how should you respond?","a:Flash your vehicle's lights to let them know they are wrong.,b:Call the police immediately.,c:Stay calm and move out of their way.",c,"If an aggressive driver cuts you off, remain calm and get out of their way. Escalating the situation increases danger for everyone.",easy
3,"Signs, Signals & Road Markings",A solid white line on the right edge of the highway that slants to the left indicates:,"a:The road ahead will be narrower.,b:An intersection is just ahead.,c:A construction area is ahead.,d:You will be required to turn left soon.",a,An edge line that angles toward the center of the road warns that the roadway narrows ahead; keep a safe position within the travel lane.,medium
4,Safe & Defensive Driving Practices,What best ensures safety when you back your vehicle?,"a:Honk your horn before shifting into reverse.,b:Walk around and check behind the vehicle before getting in.,c:Only check rearview mirrors after getting in.",b,"Before backing, walk to the rear of the vehicle to check for children, objects, or other hazards you might not see from the driver's seat.",easy
8,Special Situations & Road Users,How can you avoid being in a truck or bus driver's blind spot?,"a:Avoid driving alongside them and do not tailgate.,b:Never pass them under any circumstances.,c:Flash your lights at them to get their attention.",a,Avoid lingering alongside large vehicles and avoid tailgating so drivers can always see you.,easy
2,Traffic Laws & Rules of the Road,How should you enter freeway traffic from an on-ramp?,"a:Signal, yield to existing traffic, and enter at the same speed that traffic is moving.,b:Signal and enter the freeway; freeway traffic must yield.,c:Drive slowly so you can check traffic.",a,"When merging, accelerate on the ramp as needed, signal, yield to mainline traffic, and merge at approximately the speed of traffic.",medium
5,Driving in Special Conditions,"When driving in bad weather, you should:","a:Increase your following distance.,b:Increase your speed to pass hazards quickly.,c:Decrease your following distance.,d:Turn off headlights during heavy rain.",a,"In adverse weather you should slow down and increase your following distance, since stopping distances increase on wet or icy roads.",easy
5,Driving in Special Conditions,How can you reduce the risk of hydroplaning?,"a:Replace tires with bad tread.,b:Do not speed when the roads are wet.,c:Use tires with proper air pressure.",b,"To reduce hydroplaning risk, avoid speeding on wet roads, maintain proper tire pressure, and replace tires with poor tread.",easy
8,Special Situations & Road Users,"After stopping for a school bus that is unloading children, what should you do?","a:Accelerate quickly.,b:Watch for children walking along the side of the road.,c:Do not proceed until the children wave to you.",b,"After a school bus has stopped with its stop arm extended and lights flashing, watch carefully for children walking along the road before proceeding.",easy
8,Special Situations & Road Users,"Approaching a railroad crossing without flashing signals or gates, you should:","a:Cross immediately and as quickly as possible.,b:Always stop before crossing.,c:Be prepared to yield to any approaching train.",c,"When there are no automatic warnings, slow, look both ways, and be prepared to yield; never enter unless you can clear the tracks.",medium
5,Driving in Special Conditions,Which of the following does NOT promote safe night driving?,"a:Keep your windshield clean.,b:Be aware that tinted windows reduce visibility at night.,c:Carry a flashlight inside your vehicle at all times.,d:Stare directly into oncoming headlights to adjust your vision.",d,Avoid looking into oncoming headlights. Keep windshields clean and be aware that heavy tinting reduces night visibility; a flashlight is useful but staring into headlights is unsafe.,medium
3,"Signs, Signals & Road Markings",A speed advisory sign attached to a curve means:,"a:You should reduce speed below the advisory in rainy, snowy, or icy conditions.,b:The sign has a triangular shape.,c:The sign is blue with black lettering.,d:You may ignore the advisory if you drive carefully.",a,Advisory speeds recommend safe speeds under normal conditions; in poor weather you should reduce speed even further than the advisory.,medium
2,Traffic Laws & Rules of the Road,"When parking uphill next to a curb, what should you do after setting the parking brake?","a:Keep the front tires straight ahead.,b:Keep the rear tires against the curb.,c:Turn your steering wheel away from the curb.",c,"When parking uphill with a curb, turn your wheels away from the curb so a roll would cause the front of the vehicle to roll into the curb.",easy
4,Safe & Defensive Driving Practices,"If your vehicle's right wheels leave the pavement, what should you do first?","a:Accelerate and steer back onto the road quickly.,b:Immediately pull all the way off of the road and get back on when it is safe.,c:Stop quickly.",b,"If your right wheels leave the pavement, ease off the accelerator, steer parallel to the road, slow down, then carefully steer back onto the pavement when safe.",medium
8,Special Situations & Road Users,What is the appropriate action approaching a railroad crossing that has no active signals?,"a:Always bring the car to a complete stop.,b:Slow down and be prepared to stop.,c:All railroad crossings have signals so you will never encounter this situation.,d:Speed up and cross quickly.",b,"At an unmarked or unsignaled railroad crossing, slow down, look both ways, listen for trains, and be prepared to stop if a train is approaching.",medium
8,Special Situations & Road Users,"When driving through an area where children are playing, you should expect them to:","a:Know when it is safe to cross the street.,b:Stop at the curb before crossing.,c:Possibly run out into the street without looking.,d:Yield to vehicles at all times.",c,Children may act unpredictably and can run into the road without looking; slow down and be prepared to stop.,easy
3,"Signs, Signals & Road Markings",How are reversible lanes typically indicated?,"a:Double broken yellow lines.,b:Double solid white lines.,c:Double solid yellow lines.",a,Reversible lanes may be marked by double broken yellow lines or by overhead lane-control signals indicating the current direction of travel.,medium
8,Special Situations & Road Users,"If you are in a line of traffic crossing tracks with no signals or gates, what must you ensure?","a:You may pass slower drivers while on the tracks.,b:There is room for your vehicle to clear all tracks without stopping.,c:You have the right-of-way so you do not need to check for trains.",b,Ensure there is enough space ahead for your entire vehicle to clear all tracks before moving onto the rails; never stop on the tracks.,medium
3,"Signs, Signals & Road Markings",On which signal do you have the right-of-way to complete a left turn?,"a:A flashing yellow light.,b:A green arrow pointing left.,c:A solid green light.",b,A green arrow pointing left is a protected turn signal and gives you the right-of-way to turn when the arrow is displayed.,easy
8,Special Situations & Road Users,"As a pedestrian, which practice is recommended?","a:Always insist on the right-of-way over a vehicle when using a crosswalk.,b:Never enter a street or crosswalk when vehicles are approaching.,c:Enter a crosswalk at any time because it is the driver’s responsibility to stop.",b,"Pedestrians should not step into a crosswalk when vehicles are approaching and unable to stop in time, even though drivers must yield.",easy
4,Safe & Defensive Driving Practices,"If you must stop along the road at night, what should you do to remain visible?","a:Turn off all your lights.,b:Turn on your emergency flashers and keep low beam headlights on.,c:Use only your parking lights.",b,"When stopped along the road at night, use your hazard lights and keep low beams on so other drivers can see your vehicle.",easy
8,Special Situations & Road Users,What should you do when an emergency vehicle with flashing red or blue lights is approaching?,"a:Try to reach your destination before it arrives.,b:Continue driving and try to stay out of its way.,c:Pull over to the side of the road and stop.",c,"Yield to emergency vehicles by pulling over to the right and stopping if it is safe to do so; if in an intersection, proceed through then pull over.",easy
2,Traffic Laws & Rules of the Road,When approaching an intersection displaying a flashing yellow light you should:,"a:Stop and wait for the light to change.,b:Make a U-turn because the intersection is closed.,c:Proceed through the intersection with caution.,d:Increase speed to clear the intersection quickly.",c,A flashing yellow light means proceed with caution — slow down and be alert for cross traffic or hazards.,easy
3,"Signs, Signals & Road Markings",A diamond-shaped traffic sign is used to:,"a:Warn drivers of existing or possible hazards ahead.,b:Alert drivers to school zones.,c:Mark public recreation areas.,d:Indicate regulatory instructions like speed limits.",a,Diamond-shaped signs are warning signs that alert drivers to potential hazards or changes in road conditions ahead.,easy
4,Safe & Defensive Driving Practices,How should you check your blind spots before changing lanes?,"a:Use only the inside rearview mirror.,b:Turn your head and glance over your shoulder into the blind spot.,c:Use only the outside rearview mirror.",b,Always turn your head and look over your shoulder to check blind spots before changing lanes — do not rely solely on mirrors.,easy
3,"Signs, Signals & Road Markings",A flashing red traffic signal is equivalent to which traffic device?,"a:A solid red light.,b:Stop sign.,c:Yield sign.",b,"A flashing red traffic signal has the same meaning as a stop sign: come to a complete stop, then proceed when safe.",easy
3,"Signs, Signals & Road Markings",A yellow and black diamond-shaped sign:,"a:Warns you about conditions on or near the road ahead.,b:Directs you to cities and towns ahead.,c:Tells you about traffic laws and regulations.,d:Marks the beginning of a parking zone.",a,Diamond-shaped warning signs with black symbols on a yellow background alert drivers to road conditions or hazards ahead.,easy
2,Traffic Laws & Rules of the Road,"If you pass your exit on an interstate, what should you do?","a:Continue driving and use the next exit.,b:Make a U-turn to go back to the exit.,c:Quickly cut across traffic to make your turn.,d:Back up on the shoulder to reach the exit.",a,"If you miss your exit on an interstate, drive to the next exit — do not make sudden turns, U-turns, or reverse on the highway.",easy
2,Traffic Laws & Rules of the Road,When must you yield to other drivers?,"a:When they are on a road to your left and you have reached an unmarked intersection at the same time.,b:When entering a street from a garage or alley.,c:When your traffic signal is a green arrow.",b,"You must yield when entering a street from an alley, driveway, or garage and to pedestrians on intersecting sidewalks.",easy
2,Traffic Laws & Rules of the Road,When is it acceptable to proceed through an intersection showing a yellow light?,"a:If you are already inside the intersection when the light turns yellow, proceed carefully.,b:If there is an emergency vehicle crossing your lane.,c:If pedestrians are crossing in the direction you are going.",a,"If you are already in the intersection when a steady yellow appears, continue through carefully; otherwise, slow to stop if you can do so safely.",medium
7,Vehicle Ownership & Responsibilities,"If you are involved in a traffic accident, what is the first thing you should do?","a:Stop immediately.,b:Call the police.,c:Help the injured.,d:Leave the scene.",a,"Stop your vehicle at the scene if possible, move it out of traffic if safe, call police or emergency services as needed, and render aid without moving seriously injured persons unless necessary.",medium
2,Traffic Laws & Rules of the Road,The amount of space you need to cross traffic safely depends on:,"a:Road and weather conditions and oncoming traffic.,b:Whether a stop sign is present.,c:Use of your turn signals.,d:The color of the vehicle you are driving.",a,Space required to cross traffic varies with road and weather conditions and the speed and distance of oncoming vehicles.,medium
8,Special Situations & Road Users,"When driving near heavy trucks, fellow road users must allow for what characteristic of large vehicles?","a:The decreased noise of larger vehicles.,b:The increased stopping distance required by large vehicles.,c:The decreased stopping distance required by large vehicles.",b,Heavy trucks require much more distance to stop; other drivers should avoid lingering in a truck driver's blind spot and allow extra space.,easy
2,Traffic Laws & Rules of the Road,"If you are impeding traffic by driving too slowly on a two-lane, two-way road, what should you do?","a:Decrease your speed.,b:Pull off the right side of the road and let traffic pass.,c:Not let other cars pass your vehicle.",b,"If traffic is backing up behind you on a two-lane road because you are driving significantly slower than the flow, pull over safely to let others pass.",medium
3,"Signs, Signals & Road Markings",What do orange-colored traffic signs generally indicate?,"a:Railroad crossing ahead.,b:Construction, maintenance, or emergency operations.,c:A school zone ahead.",b,"Orange signs with black symbols or lettering typically warn of construction, maintenance, or emergency operations ahead.",easy
3,"Signs, Signals & Road Markings",What does a flashing yellow traffic light at an intersection mean?,"a:Stop and wait for green.,b:Slow down and proceed with caution.,c:Continue normally through the intersection at full speed.",b,"A flashing yellow light means use caution: slow down, look for hazards, and proceed carefully when safe.",easy
8,Special Situations & Road Users,"If you are followed by a fire engine that is not using its emergency signals, how should you drive?","a:Continue to drive in a normal manner.,b:Speed up to get out of its way.,c:Stop as quickly as possible.",a,"If an emergency vehicle behind you is not using lights or sirens, you do not need to clear the lane; continue driving normally.",medium
5,Driving in Special Conditions,What should you do when roads are slippery?,"a:Drive the posted speed limit and be cautious.,b:Slow down.,c:Drive more quickly.",b,"Reduce your speed at the first sign of rain, snow, or sleet; slippery conditions often require driving slower than the posted limit.",easy
4,Safe & Defensive Driving Practices,"If your vehicle begins to skid, you should turn the steering wheel:","a:To keep the front wheels straight.,b:In the direction you want the vehicle to go (into the skid),c:In the opposite direction of the skid.,d:Sharply in either direction to correct quickly.",b,"If a skid occurs, steer in the direction you want the vehicle to go; as control returns, adjust steering back to straighten out.",medium
2,Traffic Laws & Rules of the Road,What must you do when you approach a steady red traffic light?,"a:Stop; you may turn right after yielding if no sign prohibits it.,b:Drive through if there is no crossing traffic.,c:Stop only if a police officer is nearby.",a,"A steady red light requires a complete stop. You may turn right on red unless a sign prohibits it, but you must yield to other traffic and pedestrians.",easy
4,Safe & Defensive Driving Practices,Where should you place your hands on the steering wheel for best control?,"a:1 and 11 o'clock,b:2 and 10 o'clock,c:3 and 9 o'clock.",c,"Place both hands on the outside of the wheel at roughly the 3 and 9 o’clock positions for the best control, especially with airbags.",easy
7,Vehicle Ownership & Responsibilities,"If your power steering fails while driving, you should:","a:Honk your horn and turn off the engine immediately.,b:Turn on hazard lights and continue at the same speed.,c:Work harder to steer, reduce speed, and pull safely off the road as soon as possible.,d:Try to shift into neutral and coast to a stop in the travel lane.",c,"Loss of power steering increases steering effort — slow down, signal, and move to a safe area off the road to stop and address the problem.",medium
2,Traffic Laws & Rules of the Road,"When parking uphill on a street with a curb, you should:","a:Keep the front wheels straight and set the parking brake.,b:Turn the front wheels away from the curb (to the left) and set the brake.,c:Turn the front wheels toward the curb and leave in gear.,d:Leave the wheels turned toward the road center.",b,"When parked uphill with a curb, turn your wheels away from the curb so the vehicle will roll away from traffic if the brakes fail.",medium
6,"Alcohol, Drugs & Impaired Driving","If you are taking an over-the-counter medication, what should you do before driving?","a:Read the labels and warnings on the drug.,b:Drink alcohol instead to ease symptoms.,c:Ignore any warnings and drive as usual.",a,Many non-prescription medications can impair driving; read labels and warnings and consult a doctor or pharmacist if unsure.,easy
3,"Signs, Signals & Road Markings","If a HAWK pedestrian signal is flashing yellow, what should drivers do?","a:Drivers may proceed with caution.,b:Drivers should come to a complete stop.,c:Drivers should slow down and prepare to stop.",c,A flashing yellow HAWK signal tells drivers to slow and be prepared to stop for pedestrians; the steady or flashing red patterns provide other commands.,easy
8,Special Situations & Road Users,Under which circumstances must you stop at a railroad crossing?,"a:When directed to stop by a flagger.,b:When control is by a posted stop sign.,c:When flashing red signals and gates are operating.",a,You must stop at railroad crossings when directed by a flagger or stop sign and when flashing red lights or gates are active; do not try to beat a train.,medium
6,"Alcohol, Drugs & Impaired Driving",Which of the following can impair your driving ability?,"a:Allergy medicines, b:Marijuana, c:Cold remedies, d:All of the above",d,"Many types of drugs — including illegal drugs, prescription medications, and over-the-counter medicines — can impair driving.",medium
2,Traffic Laws & Rules of the Road,Which action should drivers take when preparing to turn left?,"a:Move into the left lane.,b:Slow down gradually while checking the rearview mirror.,c:Watch for oncoming vehicles and pedestrians.",c,"When preparing to turn left, signal in advance, watch for oncoming vehicles and pedestrians, and ensure your path is clear.",easy
3,"Signs, Signals & Road Markings","If a crossing guard is directing traffic at a school zone, you must:","a:Follow the directions given by the crossing guard.,b:Copy what surrounding traffic is doing even if it differs.,c:Assume the guard is not authorized to direct traffic.",a,Always obey a crossing guard's directions in a school zone; they are there to protect students and pedestrians.,easy
5,Driving in Special Conditions,What do orange work zone signs indicate?,"a:It is summer.,b:You must immediately stop and back up.,c:Less-than-ideal driving conditions are present.",c,Orange work zone signs warn of road work and possibly changed traffic patterns; use extra caution and reduce speed.,medium
7,Vehicle Ownership & Responsibilities,What are potential risks of worn or bald tires?,"a:Are likely to hydroplane.,b:Can make turning more difficult.,c:Can increase your stopping distance.",c,"Worn or bald tires increase stopping distance, make steering and turning more difficult, and raise the risk of hydroplaning.",medium
2,Traffic Laws & Rules of the Road,"After passing another vehicle on a two-lane road, when should you return to the right lane?","a:Remain in the left lane if you intend to turn left.,b:Return to the driving lane when there is enough room between you and the vehicle you passed.,c:Return to the right side of the roadway immediately.",b,On two-lane roads you must return to the right side when there is enough space between you and the vehicle you passed.,medium
4,Safe & Defensive Driving Practices,When is it appropriate to use your horn as a warning?,"a:When passing a bicyclist.,b:When you see a child about to run into the street.,c:When traveling through an intersection.",b,"Use your horn to warn others when you believe they do not see you, for example if a child appears about to run into the roadway.",easy
8,Special Situations & Road Users,Why should you be cautious when passing a bicycle?,"a:Because you are moving faster than the bicycle.,b:Because the bicycle always has the right-of-way.,c:Because oncoming traffic may not see you pull out to pass.",c,Cyclists may swerve to avoid hazards and oncoming traffic might not see you when you move into the adjacent lane; pass with care and give ample space.,medium
8,Special Situations & Road Users,Which statement about passing motorcycles is true?,"a:It is okay for drivers of other vehicles to follow motorcycles closely.,b:A motorcycle with two people on it is more balanced than one with one rider.,c:The driver of a passenger vehicle must change lanes completely when passing a motorcycle.,d:Motorcycles are not entitled to a full lane.",c,"Motorcycles are entitled to the full width of a lane; when passing a motorcycle, a passenger vehicle must change lanes completely if possible to provide safe space.",medium
5,Driving in Special Conditions,What is the best long-term method to avoid hydroplaning?,"a:Keep tires properly maintained with good tread.,b:Watch out for standing water but take no other actions.,c:Use cruise control in wet or slushy conditions.",a,Maintain proper tire tread and pressure and reduce speed in wet conditions; do not use cruise control when roadways are slick.,medium
4,Safe & Defensive Driving Practices,When should you increase your following distance?,"a:When driving behind a large vehicle that blocks your view.,b:When exiting an expressway only.,c:When following a motorcycle only.",a,"Increase following distance when visibility is reduced by large vehicles, in bad weather, heavy traffic, or when anyone is tailgating you.",easy
4,Safe & Defensive Driving Practices,Which statement best describes stopping in a travel lane?,"a:You may make a U-turn or back up if you get on the wrong entrance ramp of the freeway.,b:You may stop to drop off passengers.,c:You should not stop in a travel lane for any reason.,d:You may stop to look up an address.",c,"Do not stop in a travel lane. Keep moving until you can safely pull off the road; if you miss an exit, go to the next one or find a safe place to turn around.",easy
3,"Signs, Signals & Road Markings",Signs that warn drivers about hazardous conditions are called what?,"a:Regulatory signs.,b:Warning signs.,c:Information signs.",b,Warning signs (usually yellow or fluorescent) advise drivers of potential hazards ahead.,easy
6,"Alcohol, Drugs & Impaired Driving",Drivers who have been drinking before driving:,"a:Are always aware of the risks they are taking.,b:Do not have sufficient control of their body, mind, or vehicle.,c:Are better drivers because they are more careful than sober drivers.",b,"Alcohol is a depressant that impairs judgment, vision, concentration, reaction time, and coordination. No amount of drinking is safe before driving.",easy
4,Safe & Defensive Driving Practices,What is the proper response to a tire blowout while driving?,"a:Do not immediately use your brakes.,b:Gradually slow down and pull off the road.,c:Take your foot off the gas.",b,"If a tire blows out, take your foot off the gas, avoid hard braking, gradually slow down, then pull off the road in a controlled manner.",medium
3,"Signs, Signals & Road Markings",What type of markings or symbols are used on some highways to direct drivers into the correct lanes for turning?,"a:Arrows painted on lanes or posted on signs.,b:Flashing red lights over each lane.,c:White lines on the side of the road only.",a,Arrows painted on the roadway and posted turning-lane signs indicate which lanes are designated for turning or through travel.,medium
2,Traffic Laws & Rules of the Road,"When you hear a siren or see flashing lights from an approaching emergency vehicle, you must:","a:Slow down until it has passed.,b:Motion for the emergency vehicle to pass.,c:Drive to the right-hand edge of the road and stop until it passes.,d:Keep driving and maintain your lane.",c,"Yield the right-of-way to emergency vehicles using lights or sirens by pulling to the right and stopping; if in an intersection, clear it first then stop to the right.",easy
6,"Alcohol, Drugs & Impaired Driving",What may happen when alcohol is combined with another drug?,"a:The effects of both the alcohol and drug may be increased.,b:Nothing will happen.,c:The effects of both may be reduced.",a,Mixing alcohol with other drugs can increase or unpredictably change the impairing effects of both substances.,medium
2,Traffic Laws & Rules of the Road,Which of the following statements about passing is true?,"a:Use your mirrors and look over your left shoulder to check your blind spot when passing to the left.,b:Signal at least 100 feet before changing lanes or passing.,c:Wait until you can see both headlights of the passed vehicle in your rearview mirror before returning to your lane.,d:All of the above.",d,"When passing, signal early (at least 100 feet), check mirrors and blind spots, and do not return to your lane until you can see the passed vehicle’s headlights in your rearview mirror.",medium
2,Traffic Laws & Rules of the Road,"When entering a crowded freeway, what should you do to merge into traffic?","a:Use your side and rearview mirrors and check blind spots, b:Use the acceleration lane to match the speed of freeway traffic, c:Yield to traffic already on the freeway, d:All of the above.",d,"When merging, accelerate on the ramp to freeway speed, check mirrors and blind spots, and yield to traffic already on the freeway.",medium
8,Special Situations & Road Users,"When sharing the road with a truck, remember trucks generally:","a:Require longer distances to stop than smaller vehicles.,b:Require less distance to stop on a downgrade.,c:Have smaller blind spots than cars.,d:Require no additional space when turning.",a,"Because of their size and weight, trucks need more room to stop and maneuver than passenger vehicles; give them extra space.",easy
3,"Signs, Signals & Road Markings",What does a solid yellow arrow on a turn-control signal mean?,"a:Means that drivers may turn in the direction indicated by the arrow.,b:Has the same meaning as a circular yellow traffic light.,c:Is never used as a traffic signal.",b,A solid yellow arrow means the same as a circular yellow light: the protected turn is ending and you should prepare to stop.,easy
8,Special Situations & Road Users,"On a two-lane road without bicycle lanes, how should you pass a bicyclist traveling the same direction?","a:Do not pass until you come to a traffic signal or stop sign.,b:Slow down and wait until there is no opposing traffic, then pass with sufficient space.,c:Continue driving straight; it's the bicyclist’s responsibility to get out of your way.",b,"Treat bicyclists like other vehicles when passing, leaving ample space (typically at least 3 feet) and only passing when it is safe and clear.",medium
8,Special Situations & Road Users,What is the 'No zone' in relation to large trucks and buses?,"a:The area of blind spots around a truck or bus.,b:A reduced speed zone near trucks.,c:A lane reserved for large vehicles only.",a,The 'No zone' refers to the blind spots around large vehicles where smaller vehicles may be unseen by the truck or bus driver.,easy
2,Traffic Laws & Rules of the Road,"When two vehicles arrive at an intersection from different highways at the same time, which vehicle must yield?","a:Either one.,b:The vehicle on the left.,c:The vehicle on the right.,d:The vehicle that arrived first.",b,"When two vehicles arrive simultaneously, the driver on the left must yield the right-of-way to the driver on the right.",easy
8,Special Situations & Road Users,"When sharing the road with large trucks, drivers should know that trucks:","a:Have large blind spots and require extra room to maneuver and stop.,b:Can stop more quickly than passenger vehicles.,c:Do not need more room to maneuver than passenger cars.,d:Have a smaller turning radius than passenger vehicles.",a,"Large trucks have extensive blind spots and, due to their size and weight, require more space to stop and maneuver than passenger vehicles.",medium
4,Safe & Defensive Driving Practices,Which greatly increases stopping distances and the severity of crashes?,"a:High speeds,b:Slow speeds,c:Night driving,d:Driving in neutral",a,Higher speeds increase stopping distance and crash severity; controlling speed helps reduce the risk and seriousness of collisions.,easy
8,Special Situations & Road Users,"If you see an animal on the roadway, what should you do?","a:Pass the animal slowly to avoid startling it.,b:No special action is required.,c:Pass the animal as closely as possible.",a,"Exercise caution, slow down, and pass animals slowly to avoid startling them and causing unpredictable movement.",easy
8,Special Situations & Road Users,Why must you use extra caution around a pedestrian using a white cane or guide dog?,"a:They may be deaf.,b:They are blind and may not see traffic.,c:They are crossing illegally.",b,A white cane or guide dog signals a blind pedestrian; yield to and exercise extra caution around them.,easy
5,Driving in Special Conditions,How should you handle turns on slick roads?,"a:Change lanes quickly to avoid hazards.,b:Accelerate quickly before entering the turn.,c:Take turns more slowly than usual.",c,On slippery roads reduce speed before turns and curves; take turns more slowly than you would under normal conditions.,easy
4,Safe & Defensive Driving Practices,"Before passing another vehicle, what should you do?","a:Check your mirrors and blind spots.,b:Honk your horn at least three times.,c:Re-enter your lane within 10 feet of the passed vehicle.,d:Flash your headlights repeatedly.",a,"Before passing, check your mirrors and blind spots, signal, and only return to your lane when you can see the front of the passed vehicle in your rearview mirror.",medium
8,Special Situations & Road Users,"When you see or hear an emergency vehicle using lights or siren, what must you do?","a:Keep driving in your lane.,b:Slow down and keep moving in your lane.,c:Pull to the right curb and stop.,d:Speed up to get out of the way.",c,"When an emergency vehicle is approaching with lights or siren, you must immediately pull over to the curb or side of the road and stop until it has passed.",easy
3,"Signs, Signals & Road Markings",What should drivers do when approaching a traffic signal showing a steady yellow arrow?,"a:Should merge into a lane in the direction of the arrow.,b:Should stop if it is safe to do so.,c:May turn left after yielding to oncoming traffic and pedestrians.,d:Proceed as if the arrow were green.",b,A steady yellow arrow means a red arrow is coming; drivers should stop unless they are already in the intersection and cannot safely stop.,medium
5,Driving in Special Conditions,"At a light rail crossing, what must you always do?","a:Share the road with pedestrians and bicyclists.,b:Look both ways before crossing tracks and obey all traffic signals.,c:Drive around lowered gates if you can get through quickly.",b,"Always look both ways before crossing tracks, obey signs and signals, and never drive around lowered crossing gates.",medium
3,"Signs, Signals & Road Markings",What does a flashing yellow traffic light tell you to do?,"a:Merging traffic.,b:Proceed with caution.,c:Pedestrian crossing.",b,A flashing yellow signal means slow down and proceed with caution.,easy
4,Safe & Defensive Driving Practices,Many crashes are caused by which of the following?,"a:Drivers traveling too fast for conditions.,b:Drivers consistently checking their mirrors and blind spots.,c:Drivers yielding the right-of-way.",a,Driving too fast for the current conditions is a frequent factor in crashes; always reduce speed when conditions are less than ideal.,easy
5,Driving in Special Conditions,On what road surfaces does your stopping distance increase?,"a:On wet or icy roads.,b:On paved highways in perfect conditions.,c:Only when driving during the day.",a,"Stopping distances increase on wet, icy, gravel, or otherwise slippery surfaces; drive slower and increase following distance.",medium
4,Safe & Defensive Driving Practices,"If you are driving in another vehicle's blind spot, what should you do?","a:Keep a steady pace.,b:Stay in the driver's blind spot.,c:Move forward or drop back so the other driver can see you.",c,Avoid remaining in another driver's blind spot; either move ahead or fall back so the driver can see you in mirrors.,easy
3,"Signs, Signals & Road Markings",Your vehicle's brake lights tell other drivers that you are:,"a:Changing lanes.,b:Making a turn.,c:Using your emergency brake.,d:Slowing down or stopping.",d,Brake lights signal to following drivers that you are slowing or stopping; keep them in working order to warn others of your actions.,easy
6,"Alcohol, Drugs & Impaired Driving",Does drinking coffee after drinking alcohol reduce your blood alcohol concentration (BAC)?,"a:Cancels the effect of alcohol.,b:Decreases BAC.,c:Has no effect on BAC.",c,"Coffee, fresh air, or other remedies do not reduce BAC; only time will metabolize alcohol out of your system.",easy
2,Traffic Laws & Rules of the Road,"Just before changing lanes, which check should you perform?","a:Quickly turn your head to check for other vehicles in your blind spot.,b:Check only the side view mirror.,c:Check the rearview mirror only.",a,When changing lanes check your mirrors for traffic and then glance over your shoulder to check the blind spot before moving.,medium
2,Traffic Laws & Rules of the Road,Before changing lanes on a multilane highway you should:,"a:Sound your horn to alert other drivers.,b:Check rearview and side mirrors and look over your shoulder for blind spots.,c:Turn on your headlights to indicate a lane change.",b,"Before changing lanes, check your mirrors and look over your shoulder to make sure no one is in your blind spot, then signal and change lanes when safe.",easy
7,Vehicle Ownership & Responsibilities,"If your accelerator sticks while driving, what is the correct immediate action?","a:Slam on your brakes.,b:Turn off the ignition and carefully pull off the road.,c:Blow your horn.",b,"If the accelerator sticks, turn off the ignition (only enough to stop the engine without locking the steering), apply brakes, and steer the vehicle safely off the roadway.",difficult
8,Special Situations & Road Users,Why must drivers be especially alert for motorcycles?,"a:Motorcycles are more difficult to see than cars.,b:Motorcyclists do not have the same rights as other vehicles.,c:Motorcyclists rarely use headlights.",a,"Because motorcycles are smaller and easier to hide in blind spots, it can be hard to judge their speed and distance; give them a full lane and extra caution.",easy
3,"Signs, Signals & Road Markings",Is it legal to cross a double solid yellow centerline to pass another vehicle?,"a:Yes.,b:No.,c:Only if there is no oncoming traffic.",b,Double solid yellow lines prohibit crossing to pass; you may cross only to turn into a driveway or make a permitted turn.,easy
2,Traffic Laws & Rules of the Road,A driver's left arm extended upward is a hand signal for:,"a:Turning left.,b:Coming to a stop.,c:Turning right.",c,When a driver's left arm is extended upward it signals a right turn; be aware when following vehicles using hand signals.,easy
4,Safe & Defensive Driving Practices,How should you apply the gas pedal for smooth acceleration?,"a:Gradually and smoothly.,b:By tapping rapidly for quick bursts.,c:As quickly as possible to merge with traffic.",a,Accelerate gradually and smoothly with the ball of your foot on the pedal and your heel on the floor to maintain control.,easy
6,"Alcohol, Drugs & Impaired Driving",Under what circumstances may you drink alcoholic beverages in a vehicle on a public highway?,"a:As long as you are not the driver.,b:Never; it is illegal to consume or possess an open container in the passenger area.,c:If you are riding in the back seat.,d:If you are riding in the back of a pickup truck.",b,It is unlawful on public roads to consume or possess an open alcoholic beverage in the passenger area of a motor vehicle; storing an open container in areas normally occupied by driver or passengers is prohibited.,medium
8,Special Situations & Road Users,"If an emergency vehicle with flashing lights is nearby while you are driving, what should you do?","a:Speed up to avoid it.,b:Stop immediately and block its path.,c:Make every effort to give it a clear path of travel (pull over if safe).",c,"If safe, pull to the side and yield to emergency vehicles so they can pass or reach their destination quickly.",easy
2,Traffic Laws & Rules of the Road,"When you see a Merging traffic sign on the freeway, what should you do if traffic is present beside you?","a:Always remain at your present speed.,b:Honk at incoming traffic.,c:Make room for entering vehicles if possible.",c,"When safe, move over or adjust your speed to make room for merging traffic; if no vehicle is beside you, you may move over a lane.",easy
6,"Alcohol, Drugs & Impaired Driving",Does the type of alcoholic beverage determine how much it impairs you?,"a:Beer is less impairing than wine.,b:Effects depend on the amount of alcohol in your bloodstream, not the beverage type.,c:Hard ciders and mixed drinks are most impairing.",b,"Impairment depends on the amount of alcohol consumed and blood alcohol concentration, not the specific type of beverage.",difficult
8,Special Situations & Road Users,"If you approach a railroad crossing and you neither see nor hear a train, when must you stop?","a:If a stop sign is posted.,b:If a crossing gate is lowered.,c:If the crossing lights are flashing.",b,"Stop at railroad crossings when a stop sign is posted, lights are flashing, a gate is lowered, a flagger signals, or a train is visible or close enough to be hazardous.",medium
2,Traffic Laws & Rules of the Road,"If you have the right-of-way at an intersection, you should:","a:Assume other drivers will obey right-of-way rules and proceed without looking.,b:Take extra time to check for crossing traffic and bicyclists before moving.,c:Wave other drivers forward before proceeding.,d:Immediately accelerate through the intersection.",b,"Even with the right-of-way, always check for other vehicles and pedestrians before entering an intersection to avoid collisions.",medium
2,Traffic Laws & Rules of the Road,When is it safe to pass another vehicle?,"a:When the centerline on your side is a broken yellow line and it is safe to do so.,b:When in a curve or on a hill because you are unlikely to meet oncoming traffic.,c:By using the shoulder of the roadway.",a,"You may pass only where the markings permit (for example, a broken yellow on your side) and when it is safe to do so; never pass on curves, hills, or by using the shoulder.",medium
3,"Signs, Signals & Road Markings",Two solid white lines painted across a traffic lane mark what and how should drivers respond?,"a:They mark a bike lane and drivers have priority.,b:They show crosswalk boundaries; yield to pedestrians in crosswalks.,c:They indicate no one has right-of-way.",b,Crosswalk markings show where pedestrians cross; drivers must stop for and yield to pedestrians in crosswalks.,easy
8,Special Situations & Road Users,"To cross railroad tracks safely, what should you do?","a:Look both ways only when the red light is flashing.,b:Listen, look both ways, and then proceed if it is safe to do so.,c:Cross quickly when a train is approaching.,d:Rely on other drivers to signal whether it is safe.",b,Always listen and look for approaching trains from both directions; watch for warning signals and do not cross until you are sure it is safe.,medium
6,"Alcohol, Drugs & Impaired Driving",Which of the following is a telltale sign of a drunk driver?,"a:Driving more slowly than the normal traffic flow.,b:Weaving between lanes.,c:Making quick and sudden stops.,d:Driving with headlights off.",b,"Common signs of impaired driving include weaving, speeding or driving too slowly, jerking motions, and sudden stops.",easy
3,"Signs, Signals & Road Markings",Crossbuck signs indicate:,"a:Railroad crossings.,b:School zones.,c:No passing zones.,d:Pedestrian crossings.",a,Crossbuck signs mark railroad crossings and indicate drivers must yield to any approaching trains.,easy
3,"Signs, Signals & Road Markings",Regulatory signs are used to:,"a:Warn about possible hazards.,b:Provide directions to cities and towns.,c:Indicate what a driver must or must not do.,d:Give distance to the next exit.",c,"Regulatory signs inform drivers of traffic laws and requirements — what they must or must not do (speed limits, turn prohibitions, etc.).",easy
5,Driving in Special Conditions,"When driving at night and another vehicle is approaching, which headlight setting should you use?","a:High beams.,b:Low beams.,c:Parking lights only.",b,Do not use high beams when approaching or following another vehicle; use low beams to avoid blinding others.,easy
4,Safe & Defensive Driving Practices,It is best to keep a space cushion:,"a:Only behind your vehicle.,b:Only on the left and right sides of your vehicle.,c:Only in front of your vehicle.,d:On all sides of your vehicle.",d,"Maintain a cushion of space around your vehicle — front, rear, and sides — to give yourself time and space to react to hazards.",easy
3,"Signs, Signals & Road Markings",You may pass another vehicle when the line dividing your lane from the lane you wish to enter is which type of line?,"a:Double solid yellow,line not crossable.,b:Broken white,line that separates lanes traveling in same direction.,c:Solid yellow,line you must not cross.,d:Broken yellow,line dividing opposing traffic.",b,White lines separate lanes of traffic moving in the same direction; a broken white line may be crossed to pass when it is safe to do so.,medium
8,Special Situations & Road Users,Approximately how far might a fully loaded tractor-trailer need to stop from 55 mph?,"a:125 feet,b:50 feet,c:400 feet.",c,Large tractor-trailers require much longer distances to stop than passenger cars; a fully loaded truck at 55 mph can take up to about 400 feet to stop.,medium
3,"Signs, Signals & Road Markings",A traffic light showing a green arrow with a red light means:,"a:You may go straight in any direction.,b:You may only move in the direction the green arrow indicates and only if the way is clear.,c:You must wait for a solid green light to go in that direction.,d:You may turn left without yielding to pedestrians.",b,A green arrow gives you permission to move only in the arrow’s direction; yield to pedestrians and ensure the intersection is clear before proceeding.,easy
2,Traffic Laws & Rules of the Road,"If you reach an intersection and are not in the proper lane to turn, what should you do?","a:Turn on your blinker and make the turn from your current lane.,b:Quickly cut across traffic to make your turn.,c:Drive to the next intersection and make the turn from the proper lane.",c,Do not make last-minute turns or cut across traffic; continue to the next intersection and turn from the correct lane.,easy
3,"Signs, Signals & Road Markings",Traffic signs and pavement markings:,"a:Must always be obeyed.,b:Are merely suggestions.,c:Must be followed only when other traffic is present.,d:Apply only to commercial vehicles.",a,"Traffic signs, signals, and pavement markings control traffic and must be obeyed to ensure safety and order on the road.",easy
8,Special Situations & Road Users,Which statement about yielding to emergency vehicles is correct?,"a:May follow each other.,b:May use a loudspeaker to give instructions.,c:Have the right-of-way when using sirens, horns, and/or flashing lights.",c,You must yield the right-of-way to emergency vehicles using sirens or flashing lights and follow any instructions given by their loudspeakers.,easy
4,Safe & Defensive Driving Practices,"When a vehicle with Anti-Lock Braking System (ABS) starts to lose traction, drivers should:","a:Pump the brakes manually.,b:Press and hold the brake pedal firmly and steer out of danger.,c:Release the brake immediately.,d:Shift to neutral and coast.",b,"With ABS, press and hold the brake firmly while steering to avoid the hazard; ABS will automatically modulate braking for you.",medium
2,Traffic Laws & Rules of the Road,"If you miss your exit on a freeway, what should you do?","a:Make the turn quickly from your lane of travel.,b:Stop and back up.,c:Continue to the next exit or safe location to turn around.",c,"If you miss an exit, continue on to the next exit; never stop or back up on the freeway or shoulder.",easy
4,Safe & Defensive Driving Practices,How does increasing speed affect your field of vision?,"a:It increases your field of vision.,b:It decreases your field of vision.,c:It makes it easier to see cross traffic.",b,"As speed increases your field of vision narrows, reducing your ability to see and react to hazards.",medium
3,"Signs, Signals & Road Markings",Traffic may NOT pass from either direction over which centerline marking?,"a:A single broken yellow line.,b:A combination solid and broken yellow line.,c:Double solid yellow lines.",c,Double solid yellow lines indicate no passing for traffic in either direction.,easy
3,"Signs, Signals & Road Markings",What should you do when approaching a flashing yellow traffic signal?,"a:Increase your speed.,b:Come to a complete stop.,c:Slow down and proceed with caution.",c,A flashing yellow light warns of a hazard; slow down and proceed carefully.,easy
2,Traffic Laws & Rules of the Road,What must you do when you reach an intersection controlled by a flashing red light?,"a:Stop and wait for a flashing green light.,b:Come to a full stop and proceed only when the way is clear.,c:Slow down and drive carefully through the intersection.,d:Yield to oncoming traffic but do not stop.",b,A flashing red light means you must come to a complete stop. Proceed only when it is safe to do so.,easy
2,Traffic Laws & Rules of the Road,"If your vehicle's turn signals fail, you should use which method to indicate turns?","a:Your horn.,b:Your headlights.,c:Hand signals.,d:Tail lights only.",c,"If turn signals are not functioning, use standard hand signals to indicate your intention to turn or stop until you can repair the signals.",easy
2,Traffic Laws & Rules of the Road,What moves are allowed from a center lane marked for two-way left turns?,"a:You may pass slow-moving traffic.,b:You may make left turns.,c:You may make U-turns.",b,"A center two-way left-turn lane is for left turns (and legal U-turns where permitted), not for passing or through travel.",medium
6,"Alcohol, Drugs & Impaired Driving",Blood alcohol concentration (BAC) depends on each of the following except:,"a:How much you drink.,b:How much time passes between drinks.,c:Your body weight.,d:The type of alcoholic beverage you drink.",d,"BAC is affected by the amount of alcohol consumed, the time over which it is consumed, and body weight. The type of beverage (beer, wine, liquor) does not determine BAC by itself.",medium
7,Vehicle Ownership & Responsibilities,How should head restraints be positioned for safety?,"a:Removed from the seats if possible.,b:Adjusted to contact the back of the head.,c:Adjusted to sit above the head.",b,Head restraints should be positioned to contact the back of the head to help reduce whiplash injuries in a collision.,easy
7,Vehicle Ownership & Responsibilities,"If you are involved in an accident, which of the following actions should you take at the scene?","a:Stop your vehicle at or near the scene.,b:Turn off the ignitions of wrecked vehicles.,c:Avoid standing in traffic lanes.",a,"Stop at or near the scene, move your vehicle out of traffic if possible, turn off ignitions of wrecked vehicles, and avoid standing in lanes of traffic.",medium
7,Vehicle Ownership & Responsibilities,"If you hit an unattended parked vehicle and cannot find the owner, you must:","a:Leave a note with your name, address, and the circumstances of the accident.,b:Drive away if damage appears minor.,c:Wait until the police arrive before leaving any information.,d:Do nothing unless someone witnessed the accident.",a,"If you damage an unattended vehicle, leave a written note with your name, address, and details of the incident, and report it to authorities if required.",medium
4,Safe & Defensive Driving Practices,"If nearby drivers are reacting angrily, what should you do?","a:Do not make eye contact and avoid gestures.,b:Try to engage with them to resolve the issue.,c:Speed up to get away from them quickly.",a,"Avoid eye contact and provocative gestures, and distance yourself from angry drivers by slowing, changing lanes, or pulling over when safe.",easy
3,"Signs, Signals & Road Markings",What is the purpose of highway pavement markings?,"a:They are usually not important.,b:They are only used in construction zones.,c:They provide information and guidance to drivers.",c,"Pavement markings guide drivers on lane positioning, passing zones, and upcoming roadway conditions—obey them for safety.",easy
4,Safe & Defensive Driving Practices,"If your wheels drop off the pavement onto the shoulder, what is the safest way to return to the road?","a:Slow down and very carefully turn back onto the pavement.,b:Brake hard and turn sharply back onto the pavement.,c:Stop your car on the edge of the road.,d:Accelerate back onto the pavement immediately.",a,"If your wheels drop onto a low shoulder, reduce speed without braking sharply and carefully steer back onto the pavement when safe.",medium
4,Safe & Defensive Driving Practices,"If a tire blows out while driving, you should:","a:Brake hard immediately.,b:Maintain speed and steer straight.,c:Hold the wheel firmly and gradually slow by easing off the gas.",c,"If a tire blows out, keep the vehicle straight, ease off the gas, do not brake hard until you have control, then slow and pull off the road safely.",medium
8,Special Situations & Road Users,"When approaching a railroad crossing, which action should you take?","a:Cross especially quickly when a train is approaching.,b:Look for a train.,c:Slow down only if lights are flashing.,d:Ignore warning gates and continue.",b,"When you approach any railroad crossing, look and listen for trains and be prepared to stop; if warning lights flash or gates are down, stop and remain stopped.",medium
7,Vehicle Ownership & Responsibilities,What plates are required on Colorado motor vehicles?,"a:A plate only on the rear.,b:Plates on both the front and back of the vehicle.,c:A plate only on the front.",b,Colorado requires license plates be displayed on both the front and rear of most motor vehicles.,easy
5,Driving in Special Conditions,Which statement about work zones is true?,"a:May be moving or stationary.,b:Is marked with black and white signs.,c:Does not require a driver to slow down and pay extra attention.",a,"Work zones can be stationary or moving (e.g., road crews, striping machines) and are typically marked with orange signs; slow down and pay close attention.",medium
3,"Signs, Signals & Road Markings",A slow-moving vehicle emblem is:,"a:A circular green sign.,b:A diamond-shaped yellow sign.,c:A reflective orange triangle.,d:A rectangular red sign.",c,The slow-moving vehicle emblem is a reflective orange triangle indicating a vehicle traveling 25 mph or slower; approach with caution.,medium
4,Safe & Defensive Driving Practices,"If the driver behind you wants to pass, what should you do?","a:Speed up to prevent the pass.,b:Go the same speed.,c:Slow down to give room in front of your vehicle for the pass.",c,Slow down to create space in front of your vehicle so the other driver can pass safely.,easy
3,"Signs, Signals & Road Markings",What color pavement markings separate lanes of traffic moving in opposite directions?,"a:Yellow,b:White,c:Both yellow and white",a,Yellow pavement markings are used to separate traffic moving in opposite directions; white separates same-direction lanes.,easy
6,"Alcohol, Drugs & Impaired Driving",Which statement is true about alcohol and driving skills?,"a:Only a BAC above the legal limit will impair concentration and judgment.,b:Alcohol does not affect driving.,c:Even the smallest amount of alcohol can impair concentration, perception, judgment, and memory.",c,Even small amounts of alcohol reduce concentration and judgment; no amount of drinking is safe when driving.,easy
4,Safe & Defensive Driving Practices,What should your inside rearview mirror show after adjustment?,"a:The passengers in the backseat.,b:Your own reflection.,c:The entire rear window.",c,Adjust the inside rearview mirror so from the driver’s seat you can see the entire rear window without moving your head.,easy
8,Special Situations & Road Users,"When driving near a motorcycle, you must:","a:Allow the motorcycle to use a complete lane.,b:Allow the motorcycle to use only half a lane.,c:Drive on the shoulder beside the motorcycle.",a,A motorcycle is a full-size vehicle and must be given a full lane width for safe operation; do not try to share their lane space.,easy
6,"Alcohol, Drugs & Impaired Driving",Which of these is a common effect of alcohol on a driver?,"a:Improved judgment.,b:Poor coordination.,c:Increased alertness.",b,"Alcohol impairs coordination, judgment, concentration, vision, and reaction time—even small amounts can be dangerous.",easy
2,Traffic Laws & Rules of the Road,"When making a right turn, your vehicle should be positioned:","a:Near the center of the street.,b:Close to the left side of the street.,c:As close as possible to the right side of the street.,d:In the middle of the intersection.",c,Prepare for a right turn by getting as far to the right side of the roadway as is safe and legal.,easy
3,"Signs, Signals & Road Markings",What does a red and white triangular sign at an intersection indicate?,"a:Always come to a full stop at the intersection.,b:Yield to vehicles or pedestrians in the intersection.,c:Slow down if an emergency vehicle is approaching.",b,A red-and-white triangular sign is a yield sign: slow down and yield the right-of-way to vehicles and pedestrians in the intersection.,easy
4,Safe & Defensive Driving Practices,"If another driver behaves aggressively toward you, what should you do?","a:Retaliate by tailgating them.,b:Avoid eye contact, slow down, and let them pass.,c:Cut them off to slow them down.",b,"Remain calm, avoid eye contact or gestures, slow down, and allow aggressive drivers to pass to reduce the risk of escalation.",easy
4,Safe & Defensive Driving Practices,Why is maintaining a space cushion around your vehicle important?,"a:It prevents distractions from other vehicles.,b:It gives you time to react to unexpected situations.,c:It helps keep traffic speed consistent.",b,A space cushion gives you time and space to react to mistakes or sudden actions by other road users.,easy
2,Traffic Laws & Rules of the Road,"If you miss your exit on an interstate, what should you do?","a:Stop and make a U-turn.,b:Get off at the next exit and come back safely.,c:Back up on the shoulder to return to the exit.",b,"If you miss an exit, continue to the next exit and re-route — never back up or make a U-turn on the highway.",easy
5,Driving in Special Conditions,"If you become stranded in a snowstorm, the best action is to:","a:Get out of the car and walk for help.,b:Stay in your car and wait for help.,c:Lay down in your car and sleep.,d:Walk into the road to attract passing motorists.",b,"If stranded in a snowstorm, remain in your vehicle where you are most likely to be found, conserve heat, and call for help if possible.",easy
2,Traffic Laws & Rules of the Road,You must not pass:,"a:On a hill or curve where your view is blocked.,b:When a school bus has flashing red lights and is stopped to load/unload (unless separated by a median).,c:When approaching an intersection.,d:All of the above.",d,"Passing is prohibited where you cannot see far enough ahead (hills/curves), at intersections, and generally when a school bus has activated its flashing red lights unless divided roadways separate traffic.",medium
5,Driving in Special Conditions,Roads tend to become very slippery:,"a:When it has been raining for an hour or more.,b:Only after several days of rain.,c:During the first 10 to 15 minutes of a rainstorm.,d:When the temperature is above 100°F.",c,Pavement can be especially slick in the first 10–15 minutes of rain as oils on the surface mix with water; reduce speed and increase following distance.,medium
8,Special Situations & Road Users,What is the safest way to pass a bicyclist?,"a:Slow down and give the bicyclist as much room as possible.,b:Honk at the bicyclist to alert them.,c:Drive in the bicycle lane until you can pass.",a,"When passing a bicyclist, slow down and give plenty of space; do not pass too quickly or too close since bicyclists have little protection.",easy
4,Safe & Defensive Driving Practices,Which of the following is NOT a factor in determining your vehicle's stopping distance?,"a:Steering ability.,b:Braking distance.,c:Reaction distance.,d:Perception time.",a,"Stopping distance depends on perception time, reaction distance, and braking distance; steering ability is not a primary factor in the stopping distance calculation.",medium
7,Vehicle Ownership & Responsibilities,What are the consequences for parking illegally in a space designated for disabled drivers?,"a:No negative consequences.,b:Only a small fine.,c:Fines and possible jail time and other penalties.",c,"Illegally parking in a designated accessible space can result in large fines, possible jail time, loss of privileges, and impoundment.",medium
3,"Signs, Signals & Road Markings",You must stop at an intersection when you see which signal?,"a:A steady yellow light.,b:A yellow arrow.,c:A flashing red light.",c,"A flashing red traffic signal has the same meaning as a stop sign: come to a complete stop, then proceed when it is safe.",easy
3,"Signs, Signals & Road Markings",A single dashed yellow line separating two directions of traffic means:,"a:Drivers may pass if it is safe to do so.,b:Both lanes travel in the same direction.,c:Drivers may not pass.,d:A turn lane is ahead.",a,A dashed yellow centerline permits passing when it is safe and legal to do so; exercise caution before initiating a pass.,easy
4,Safe & Defensive Driving Practices,"If you are waiting to turn left and opposing traffic blocks your view, what should you do?","a:Accelerate rapidly when the first lane is clear.,b:Wait until you can see all the lanes you must cross before making the turn.,c:Wait for an oncoming driver to wave you across.",b,Do not start a left turn until you can see that all lanes you need to cross are clear and you can complete the turn safely.,medium
2,Traffic Laws & Rules of the Road,"If a traffic light changes from green to yellow as you approach, what should you do?","a:Speed up to beat the light.,b:Be prepared to stop if it is safe to do so.,c:Stop in the center of the intersection.",b,A steady yellow warns the light will soon turn red; slow and prepare to stop unless you are already too close to stop safely.,easy
2,Traffic Laws & Rules of the Road,"If two vehicles arrive at an intersection at the same time and there are no signs or signals, which vehicle has the right-of-way?","a:The car approaching from the left has the right-of-way.,b:The car approaching from the right has the right-of-way.,c:The car whose driver sounds the horn first has the right-of-way.",b,"At an uncontrolled intersection, yield to the vehicle approaching from your right when you both arrive simultaneously.",easy
5,Driving in Special Conditions,"If you must drive in fog, what should you do with your lights?","a:Turn on your hazard lights.,b:Turn on your parking lights.,c:Turn on your low beam headlights.",c,Use low beam headlights (and fog lights if equipped) in fog; high beams reduce visibility by reflecting off the fog.,easy
2,Traffic Laws & Rules of the Road,When turning left you must yield the right-of-way to which road users?,"a:Drivers already in the intersection only.,b:Oncoming traffic and any pedestrians in the intersection.,c:Vehicles behind you that started moving last.",b,When turning left yield to oncoming traffic and to pedestrians and bicyclists who are already in the intersection.,medium
7,Vehicle Ownership & Responsibilities,"If you are involved in a crash and your vehicle is blocking traffic, what should you do if possible?","a:Move your vehicle off the traveled portion of the roadway.,b:Never move your vehicle under any circumstances.,c:Wait for police before moving anything.",a,"After a minor collision, move the vehicle off the roadway if it can be done safely; do not leave the scene and render aid if needed.",medium
3,"Signs, Signals & Road Markings",What is the most common color used for general warning signs?,"a:Red.,b:Yellow.,c:Green.",b,Most warning signs are diamond-shaped and yellow with black symbols; they warn of unexpected conditions ahead.,easy
3,"Signs, Signals & Road Markings",What does a single broken yellow center line indicate on a two-lane road?,"a:Lanes move in opposite directions; passing is allowed when safe.,b:Lanes move in opposite directions; passing is never allowed.,c:Lanes move in the same direction and passing is not allowed.",a,A single broken yellow line separates opposite directions of traffic; drivers may pass when it is safe to do so.,easy
1,Licensing & Permit Requirements,"To help ensure your physical condition does not impair your driving, you should:","a:Know how any medication affects your ability to drive.,b:Keep physically fit and have regular medical check-ups.,c:Drive within your physical limitations.,d:All of the above.",d,"Drivers should be aware of their health, medications, and limitations; take steps such as regular check-ups and avoid driving when impaired by illness or medication.",medium
3,"Signs, Signals & Road Markings",What does a flashing red light on a traffic signal indicate?,"a:The traffic signal is broken.,b:The same thing as a stop sign.,c:You do not have to come to a complete stop.",b,"A flashing red light functions like a stop sign: drivers must stop, yield, and only proceed when safe.",easy
7,Vehicle Ownership & Responsibilities,When may you park or stop along the shoulder of a freeway?,"a:If you need to look at a map for directions.,b:Only in an emergency.,c:As long as you turn on your four-way (emergency) flashers.,d:If no part of your vehicle is on the road.",b,"Parking on the shoulder of a freeway is prohibited except in an emergency. If you must stop, use your emergency flashers and call for assistance if needed.",medium
2,Traffic Laws & Rules of the Road,When may a driver text while driving?,"a:Only in an emergency.,b:At any time if the driver is 18 or older.,c:If the driver can send a text without looking at the phone.",a,Texting while driving is prohibited except for emergency calls; looking away from the road to text greatly increases crash risk.,medium
2,Traffic Laws & Rules of the Road,From which lane should you start a left turn on multilane one-way streets or highways?,"a:The middle of the intersection.,b:The left lane.,c:The right lane.",b,"When turning left from multilane one-way streets or highways, begin the turn from the leftmost lane.",easy
5,Driving in Special Conditions,Which road areas tend to freeze first in cold or wet weather?,"a:Roads in the sun.,b:Shaded sections of the road.,c:Flat open areas.",b,Shaded parts of the road (under trees or buildings) freeze sooner and dry later than exposed areas.,medium
3,"Signs, Signals & Road Markings",What color lines separate lanes of traffic moving in the same direction?,"a:White.,b:Yellow.,c:Red.",a,White lines separate lanes of traffic moving in the same direction; yellow lines separate opposite directions.,easy
2,Traffic Laws & Rules of the Road,"If a stop is required at an intersection with no stop line or crosswalk, where should you stop?","a:Stop at the nearest point where you can see approaching traffic without entering the intersection.,b:You are not required to stop.,c:Always stop only after entering the intersection to get a better view.",a,"If there are no stop markings, stop at the point nearest the intersecting roadway where you can see approaching traffic without entering the intersection.",medium
2,Traffic Laws & Rules of the Road,"When entering a street from a driveway, what must you do?","a:Drive slowly to allow approaching vehicles and pedestrians time to get out of your way.,b:Must honk your horn so approaching vehicles and pedestrians know to give you room.,c:Stop and proceed only when there are no pedestrians or vehicles approaching.",c,"Always stop before entering the roadway from a driveway, yield to approaching traffic and pedestrians, and proceed only when safe.",easy
5,Driving in Special Conditions,"When roads are slippery, what adjustment should you make?","a:Drive the same as on dry roads.,b:Increase your following distance.,c:Use alternate routes only.",b,On slippery roads you should increase following distance because stopping distances are longer.,easy
8,Special Situations & Road Users,How should you react when you are behind a transit bus signaling to re-enter a traffic lane?,"a:Quickly pass the bus before it merges.,b:Yield the right-of-way and allow the bus to re-enter.,c:Expect the bus to yield to you.",b,Yield to the bus by changing lanes or slowing to allow it to merge safely back into traffic.,easy
2,Traffic Laws & Rules of the Road,A driver entering interstate traffic from an entrance ramp should do what?,"a:Force their way into traffic.,b:Yield to drivers already on the interstate.,c:Stop at the ramp until a gap appears.",b,"When merging from an entrance ramp, yield to vehicles already on the interstate and merge safely into traffic.",easy
5,Driving in Special Conditions,In which situations is it especially important to slow down?,"a:On narrow or winding roads.,b:At intersections or railroad crossings.,c:When the road is wet or slippery.,d:All of the above.",d,"Reduce speed on narrow or winding roads, at intersections and railroad crossings, and when roads are wet or otherwise hazardous.",easy
3,"Signs, Signals & Road Markings",What does an 'End school zone' sign mean?,"a:The end of a reduced school zone speed limit.,b:The beginning of a reduced school speed zone.,c:An increased possibility of encountering pedestrians ahead.",a,An 'End school zone' sign indicates you are leaving the reduced school speed zone and normal speed limits apply beyond the sign.,medium
3,"Signs, Signals & Road Markings","A sign that reads 'Reduced speed, 35 mph' indicates what?","a:The new 35 mph speed limit begins at this sign.,b:You have plenty of time to slow down before the reduced zone.,c:The new 35 mph speed limit begins at the next speed limit sign.",a,A posted reduced speed sign indicates the new posted speed begins at the location of that sign; slow to the posted speed at that point.,easy
6,"Alcohol, Drugs & Impaired Driving",Which of these is an effect alcohol can have on drivers?,"a:It impairs your thinking ability.,b:It slows your reaction time.,c:It gives you a feeling of false confidence.",b,"Alcohol impairs judgment and thinking, slows reaction time, and often produces a false sense of confidence — all of which affect driving.",easy
5,Driving in Special Conditions,Which actions help prevent hydroplaning?,"a:Reduce speed when driving in the rain.,b:Ensure tires are properly inflated.,c:Ensure tires have good tread depth.",a,"To reduce the risk of hydroplaning, slow down in wet conditions and make sure your tires are properly inflated with adequate tread.",medium
3,"Signs, Signals & Road Markings",What does a double solid yellow line down the center of a two-lane road indicate?,"a:Lanes moving in opposite directions and passing is not allowed.,b:Lanes moving in opposite directions and passing is allowed anytime.,c:Lanes moving in the same direction and drivers are not permitted to pass.",a,Double solid yellow lines separate opposing traffic and prohibit passing for vehicles in either direction.,easy
4,Safe & Defensive Driving Practices,How can you help avoid drowsiness on long trips?,"a:Keep the radio on loudly.,b:Slow down your speed.,c:Stop regularly to rest and stretch.",c,Take regular stops to rest and stretch to reduce drowsiness on long drives.,easy
3,"Signs, Signals & Road Markings","When the center of the road has a solid yellow line and a broken yellow line with the broken line next to your lane, when may you pass?","a:Only in an emergency.,b:If you are on an expressway.,c:If traffic is clear.,d:Never.",c,"If the broken yellow line is next to your lane, you may cross it to pass when it is safe and no oncoming traffic is present.",medium
4,Safe & Defensive Driving Practices,When is it appropriate to sound your horn?,"a:When you have to stop quickly.,b:When passing another car.,c:If you have lost control of your vehicle and need to warn others.",c,"Use your horn to warn other road users of immediate danger, such as losing control; do not use it aggressively or unnecessarily.",easy
4,Safe & Defensive Driving Practices,What is the most common cause of traffic crashes?,"a:New drivers,b:Human error,c:Bad weather,d:Vehicle defects",b,"Most crashes result from human error — mistakes in perception, judgment, or vehicle control — more than from weather or vehicle problems.",easy
2,Traffic Laws & Rules of the Road,When must you use your turn signals?,"a:Changing lanes.,b:Pulling into or out of a parking space.,c:Pulling into traffic from a parking area or alley.",a,"You should signal whenever you change direction or lanes, including when pulling into traffic or into/out of a parking space.",easy
5,Driving in Special Conditions,"At dusk or on overcast days, what should you do about your vehicle lights?","a:Turn on your headlights.,b:Drive using your four-way flashers.,c:Use only your parking lights.",a,Turn on your headlights at dusk or during overcast daylight when visibility is reduced; use low beams near other vehicles.,easy
2,Traffic Laws & Rules of the Road,"If you are stopped in line at a stop sign and the cross traffic is clear after cars ahead pass, what must you do?","a:May proceed through the intersection without stopping again.,b:Must stop again at the stop sign or stop line before proceeding.,c:May slowly roll past the stop sign.",b,"You must come to a complete stop at the stop sign or stop line each time before proceeding, even if traffic ahead has already cleared the intersection.",easy
8,Special Situations & Road Users,"Drivers should be extra alert to motorcyclists, bicyclists, and pedestrians because:","a:They always have the right-of-way.,b:They obey different traffic laws than motor vehicles.,c:They can be more difficult to see in traffic.,d:They are always traveling at the same speed as traffic.",c,Smaller road users can be harder to see due to size and less noticeable lighting; scan carefully and give them space.,easy
2,Traffic Laws & Rules of the Road,"If you turn onto a two-lane road divided by a broken yellow center line, what does that tell you?","a:The road is under repair.,b:You are on a one-way road.,c:You are on a two-way road.",c,Broken yellow centerlines separate traffic moving in opposite directions; you may cross them to pass when it is safe.,easy
4,Safe & Defensive Driving Practices,What is the effect of eating or drinking while driving?,"a:It eliminates the need for seat belts.,b:It can cause distraction and lead to driving errors.,c:It makes you a better driver because you are not hungry.",b,"Eating or drinking while driving distracts you by taking hands off the wheel and eyes off the road, increasing the risk of lane deviation and collisions.",medium
8,Special Situations & Road Users,"What is a \No zone\""?""","a:A designated no passing zone.,b:A one-way traffic area.,c:The large blind spots around a truck or other large vehicle.,d:A restricted parking area.",c,"A \No zone\"" refers to the large blind spots around trucks and buses where the truck driver may not see other vehicles; avoid lingering there.""",easy
4,Safe & Defensive Driving Practices,What is one effective way to avoid needing to make an emergency stop in traffic?,"a:Honk your horn frequently.,b:Look ahead and keep a safe following distance.,c:Drive only in the right lane.",b,Maintaining a safe following distance and scanning ahead lets you react to hazards gradually and avoid sudden stops.,easy
4,Safe & Defensive Driving Practices,"If you are being tailgated and there is no right lane, what should you do?","a:Brake suddenly to get them to back off.,b:Wait until the way ahead is clear and gently reduce your speed to encourage them to pass.,c:Speed up to create more distance.",b,"If you cannot move right, wait for a clear stretch and then gently reduce speed so the tailgater can pass; never brake abruptly.",medium
8,Special Situations & Road Users,Is it ever permissible to drive around or under a lowering or raising railroad crossing gate?,"a:Only if you can do so without damaging the gate.,b:If an approaching train is not too close.,c:No — you must not go around or under the gate while it is moving.",c,Never drive around or under a crossing gate; wait until signals stop and gates are fully raised before crossing.,medium
4,Safe & Defensive Driving Practices,"Before backing out of a driveway with children nearby, what should you do?","a:Sound your horn so the children will hear you.,b:Rev your engine to warn the children that you are moving.,c:Walk to the back of the car to be sure the way is clear.",c,"When children are nearby, get out of the vehicle and check behind it before backing up rather than relying solely on mirrors or sensors.",easy
6,"Alcohol, Drugs & Impaired Driving",The effect that lack of sleep has on driving ability is most similar to the effect of which substance?,"a:The effect that alcohol has.,b:The effect that amphetamines have.,c:The effect that anger has.,d:The effect that high caffeine intake has.",a,"Fatigue impairs driving in ways similar to alcohol; for example, 18 hours awake can impair driving similar to a BAC of 0.05%.",medium
8,Special Situations & Road Users,"If an emergency vehicle using flashing lights approaches while you are on a one-way street, what must you do?","a:Drive with your flashers turned on.,b:Drive toward the nearest roadside and stop.,c:Speed up and take the nearest exit.",b,"On a one-way street, pull to the nearest roadside and stop to yield for an approaching emergency vehicle using lights or siren.",easy
3,"Signs, Signals & Road Markings",What do double solid yellow lines down the center of the road indicate?,"a:Passing is not permitted from either direction.,b:Pedestrian crossing ahead.,c:Railroad crossing ahead.",a,Double solid yellow lines mean no passing from either direction except when turning into a driveway or making a permitted left turn.,easy
4,Safe & Defensive Driving Practices,"To check your blind spot when changing lanes to the left, you should glance:","a:Over your right shoulder.,b:At your side mirror.,c:Over your left shoulder.",c,"To check a left-lane blind spot, glance over your left shoulder in the direction you plan to move.",easy
8,Special Situations & Road Users,"Approaching a railroad crossing with only a crossbuck and no gates or lights, how should you proceed?","a:Turn down your radio to listen for a train.,b:Proceed only after you are certain no train is coming.,c:Only continue once a flagger clears you to do so.",b,Approach such crossings with extreme caution and cross only when you know no train is coming from either direction.,medium
3,"Signs, Signals & Road Markings",When approaching a railroad crossing warning sign you should:,"a:Be ready to drive faster than the train.,b:Be prepared to stop if a train is nearby.,c:Look for a way around any lowered gates.,d:Speed up to cross before the train arrives.",b,Railroad crossing warning signs indicate you may need to stop; always slow and be prepared to stop when a train is approaching.,medium
2,Traffic Laws & Rules of the Road,"If you miss your exit on the freeway, you should:","a:Continue to the next exit and re-enter the freeway to reach your destination.,b:Make a U-turn through the median.,c:Pull onto the shoulder and back up to the exit.,d:Stop on the freeway and reverse to the exit.",a,"If you miss an exit, proceed to the next exit — do not stop, back up, or attempt unsafe maneuvers on the freeway.",easy
3,"Signs, Signals & Road Markings",A broken yellow line beside a solid yellow line means:,"a:Passing is permitted from the lane next to the broken line but not from the lane next to the solid line.,b:Passing is permitted from either direction.,c:Passing from the lane next to the solid line is allowed.,d:Traffic moves in the same direction on both sides.",a,"When a broken yellow line is next to a solid yellow line, vehicles next to the broken line may pass when safe; vehicles next to the solid line may not.",medium
7,Vehicle Ownership & Responsibilities,"When riding in a vehicle, small children:","a:May be safely held by a strong adult in a crash.,b:Will be safe if standing on the floor in the back of the vehicle.,c:Will not be hurt in a crash because they are small.,d:Must be properly secured in an appropriate child restraint or safety seat.",d,"Children must be placed in proper child restraints or safety seats suited to their age, height, and weight; holding a child in a crash is not safe.",easy
4,Safe & Defensive Driving Practices,Which factor greatly affects your ability to stop safely?,"a:The condition of the road surface.,b:The time of day.,c:The color of your vehicle.",a,"Your stopping distance is heavily affected by road conditions (wet, icy, gravel), which require reduced speed and increased following distance.",medium
8,Special Situations & Road Users,"While driving uphill behind a heavy truck, what should you know about the truck's speed?","a:You may not be able to legally pass the truck.,b:The truck may be traveling at a speed slower than the posted speed limit.,c:You may not be able to safely pass the truck.",b,Large trucks often travel more slowly uphill; exercise caution when approaching and avoid attempting unsafe passes on hills.,easy
2,Traffic Laws & Rules of the Road,"When a traffic signal turns solid yellow as you approach, what should you do?","a:Stop before entering the intersection unless you are too close to stop safely.,b:Consider it the same as a caution sign and speed up through the intersection.,c:Stop immediately wherever you are.",a,"On a change to solid yellow, slow and stop before the intersection if you can do so safely; proceed if you are too close to stop safely.",easy
4,Safe & Defensive Driving Practices,What does checking your blind spot by turning your head before changing lanes represent?,"a:A bad driving habit.,b:A good driving habit.,c:An unnecessary action.",b,Turning your head to check blind spots is a good habit and necessary for safe lane changes.,easy
4,Safe & Defensive Driving Practices,Your first response to reduced visibility should be to:,"a:Turn on your headlights.,b:Reduce your speed.,c:Turn on your windshield wipers.,d:Increase cabin lighting.",b,"When visibility decreases, slow down first so you have more time to react; use headlights and wipers as appropriate.",easy
3,"Signs, Signals & Road Markings","If a green arrow changes to a solid green light, you:","a:Retain an automatic right-of-way to turn with no yielding.,b:May still turn in the arrow’s direction but must yield to oncoming traffic and pedestrians.,c:May no longer turn and must go straight.,d:Must wait for a flashing yellow before turning.",b,"When a green arrow ends and a green light appears, you may still make the turn but must yield to oncoming vehicles and pedestrians.",medium
4,Safe & Defensive Driving Practices,What is a blind spot?,"a:An area you cannot see without moving your head.,b:A place directly behind your vehicle.,c:An area you can see in your rearview mirror.",a,Blind spots are areas to the sides or rear of your vehicle that you cannot see without turning your head to check.,easy
2,Traffic Laws & Rules of the Road,"When you meet an oncoming vehicle on a narrow road, what must you allow?","a:Demand the other vehicle pull over to make room.,b:Allow the oncoming vehicle at least one-half of the main-traveled portion of the road.,c:Pull completely off the road and stop.,d:Speed up and pass quickly.",b,"On narrow roads, each vehicle must allow the other at least one-half of the main-traveled portion of the road so both can pass safely.",medium
4,Safe & Defensive Driving Practices,Anything that causes you to do which of the following could lead to a crash?,"a:Take your eyes off the road.,b:Take your hands off the wheel.,c:Take your attention away from driving.,d:Any of the above.",d,"Distractions that take your eyes, hands, or attention away from driving increase the risk of a crash.",easy
5,Driving in Special Conditions,"When driving in fog, which lights should you use?","a:High beam headlights.,b:Parking lights.,c:Low beam headlights.",c,Use low beam headlights (and fog lights if equipped) in fog. High beams reflect off fog and reduce visibility.,easy
2,Traffic Laws & Rules of the Road,"When merging onto a freeway, it is usually best to:","a:Proceed slowly while waiting for an opening.,b:Use the on-ramp to accelerate to the speed of freeway traffic and merge when safe.,c:Turn on your hazard lights until you are fully on the freeway.,d:Stop at the end of the ramp and wait for a large gap.",b,Use the acceleration lane to match the speed of traffic and merge smoothly; vehicles on the freeway have the right-of-way.,medium
2,Traffic Laws & Rules of the Road,A speed limit sign indicates what?,"a:The suggested speed to travel on a road under ideal conditions.,b:The maximum or minimum legal speed you can travel on a road under ideal conditions.,c:The maximum or minimum legal speed you can travel on a road under dangerous conditions.,d:The minimum safe speed at all times.",b,A posted speed limit indicates the maximum (or minimum) legal speed under ideal conditions; you must drive slower when conditions are hazardous.,medium
5,Driving in Special Conditions,Which driving technique helps avoid crashes on icy or snow-covered roads?,"a:Engage four-wheel drive on your vehicle.,b:Reduce your speed and increase your following distance.,c:Add extra weight to your vehicle to improve traction.,d:Get off the highways as quickly as possible.",b,The primary techniques for safe winter driving are reducing speed and increasing following distance; four-wheel drive helps in some situations but is not a substitute for cautious driving.,medium
4,Safe & Defensive Driving Practices,"When driving on major highways, what practices help avoid 'highway hypnosis'?","a:Keep your eyes fixed on a distant point.,b:Stay alert and keep your eyes moving.,c:Drive without breaks until your destination.",b,"Stay alert, keep your eyes moving, and take breaks when necessary to avoid zoning out on long highway stretches.",easy
2,Traffic Laws & Rules of the Road,"When approaching a steady yellow traffic light, how should you respond?","a:Speed up to avoid a red light.,b:Slow and stop unless you are already within the intersection.,c:Continue because you have the right-of-way.",b,A steady yellow indicates the light will soon turn red; stop if it is safe to do so unless you are already in the intersection.,easy
2,Traffic Laws & Rules of the Road,"At an uncontrolled intersection where another vehicle arrives at the same time and is on your right, you should:","a:Speed up and get through the intersection.,b:Slow down and yield to the vehicle on your right.,c:Drive into the intersection and force the other vehicle to stop.",b,"When two vehicles arrive at an uncontrolled intersection simultaneously, yield to the vehicle on your right.",easy
6,"Alcohol, Drugs & Impaired Driving",Which effect does alcohol have on driving-related abilities?,"a:Puts you to sleep.,b:Wakes you up.,c:Slows reflexes and reaction time.",c,"Alcohol is a depressant that slows brain activity, reflexes, and reaction time, impairing driving skills.",easy
3,"Signs, Signals & Road Markings",Regulatory traffic signs are usually what color and must be obeyed?,"a:White,b:Blue,c:Green",a,Regulatory signs (which control traffic) are generally white with black markings and must be obeyed.,easy
2,Traffic Laws & Rules of the Road,"Signaling before turning, changing lanes, or leaving a curb:","a:Is necessary only if other traffic is present.,b:Is required by law and is a good driving habit.,c:Is necessary only during the maneuver itself.,d:Is optional on private roads.",b,You must signal your intentions in advance (at least 100 feet in many areas) to inform other road users and improve safety.,easy
3,"Signs, Signals & Road Markings","When you see a school crossing sign, how should you react?","a:Always sound your horn when children are present.,b:Always stop whether a stop sign is posted or not.,c:Watch for children and be prepared to stop.",c,Be alert for children at school crossings and be ready to stop. Always yield to pedestrians in or entering a crosswalk.,easy
5,Driving in Special Conditions,"To reduce the effects of oncoming headlight glare at night, where should you look?","a:Straight ahead.,b:Toward the right side of the road ahead.,c:Over your shoulder.",b,"If oncoming headlights are blinding, avert your gaze slightly to the right edge of the roadway and use the lane markings as a guide.",easy
2,Traffic Laws & Rules of the Road,"Unless otherwise posted, what is the speed limit on blind curves?","a:40 mph,b:20 mph,c:55 mph",b,"Unless posted otherwise, the advisory speed on blind curves is typically 20 mph; always follow posted advisory speeds.",difficult
4,Safe & Defensive Driving Practices,When should you look over your shoulder to check your blind spot?,"a:When turning left or right.,b:Only when backing up.,c:Before changing lanes.,d:Before pulling toward or away from a curb.",c,"Always look over your shoulder to check your blind spot whenever you change your vehicle's position — for example, when turning, changing lanes, or pulling toward or away from a curb.",easy
5,Driving in Special Conditions,What should you remember when driving on wet pavement?,"a:That wet roads can cause hydroplaning.,b:To give yourself extra room when stopping.,c:That pavement is most slippery just after it starts to rain.",a,Wet roads can cause hydroplaning and are especially slick when rain first begins; increase stopping distance and slow down.,easy
7,Vehicle Ownership & Responsibilities,How should you position your wheels when parking uphill on a street with a curb?,"a:Turn your front wheels sharply away from the curb.,b:Turn your front wheels slightly to the right.,c:Turn your front wheels sharply toward the curb.,d:Keep your front wheels straight ahead.",a,"When parked facing uphill with a curb, turn your front wheels sharply away from the curb so the vehicle will roll away from traffic if it moves.",easy
3,"Signs, Signals & Road Markings",What do downward-facing triangular road signs indicate?,"a:School zones.,b:Yield.,c:Construction zones.",b,Downward-pointing triangular signs indicate that drivers should yield the right-of-way.,easy
6,"Alcohol, Drugs & Impaired Driving","For drivers 21 or older, at what blood alcohol concentration (BAC) is it illegal to drive?","a:0.05 percent.,b:0.08 percent.,c:0.02 percent.",b,In Colorado it is illegal for drivers age 21 or older to operate a vehicle with a BAC of 0.08% or higher.,easy
2,Traffic Laws & Rules of the Road,"If a flagger directs traffic in a construction zone, you must:","a:Follow the directions given by the flagger.,b:Assume the flagger is mistaken and follow other vehicles.,c:Ignore the flagger and proceed as usual.",a,"Always obey instructions from a flagger, posted signs, and law enforcement in work zones for safety and legal compliance.",easy
3,"Signs, Signals & Road Markings",What does an arrow painted on the pavement indicate?,"a:Drivers in the proper lane must make the movement indicated by the arrow.,b:Drivers in the proper lane may make the movement if they choose.,c:Drivers must always come to a complete stop before making the movement.,d:Only applies when traffic signals are not working.",a,A pavement arrow in a lane indicates that drivers in that lane must make the movement shown by the arrow and follow any posted signs or signals.,medium
8,Special Situations & Road Users,"When interacting with pedestrians, what must a driver do?","a:Yield the right-of-way even if the pedestrian is crossing illegally.,b:Make certain the pedestrian is aware of the vehicle.,c:Yield only when the pedestrian has the legal right-of-way.",a,Drivers must do everything possible to avoid striking a pedestrian and should yield the right-of-way to pedestrians even if they are not crossing legally.,medium
2,Traffic Laws & Rules of the Road,You should always signal when:,"a:Changing lanes.,b:Pulling into or out of a parking space.,c:Pulling into traffic from an alley or parking area.,d:All of the above.",d,"Use proper turn signals when changing lanes, entering traffic, or pulling into/out of parking to communicate your intentions to others.",easy
6,"Alcohol, Drugs & Impaired Driving",Which factors influence how alcohol affects a person?,"a:How much time passes between drinks.,b:The amount of food in the stomach.,c:The body weight of the individual.",a,"Blood alcohol concentration (BAC) is influenced by how much you drink, how quickly you drink (time between drinks), your weight, and food in the stomach.",medium
2,Traffic Laws & Rules of the Road,"If you want to turn left and oncoming traffic is heavy when the light is green, what is a safe choice?","a:Wait in the center of the intersection for traffic to clear.,b:Use the next intersection.,c:Wait at the crosswalk for traffic to clear.",b,"If you cannot safely turn left because of heavy oncoming traffic, a safe option is to go through the intersection and use the next legal opportunity to turn.",medium
4,Safe & Defensive Driving Practices,"If you see a driver in the vehicle ahead who appears distracted (e.g., driving with one hand while conversing), you should:","a:Give the vehicle extra space.,b:Assume they will correct their behavior.,c:Follow closely to observe them.,d:Try to signal them to drive differently.",a,Allow extra following distance and be prepared for unpredictable actions by drivers who appear distracted.,easy
3,"Signs, Signals & Road Markings",A green arrow signal displayed for turns means:,"a:It is used only on one-way streets.,b:Has the same meaning as a circular green light, but traffic must turn in the direction indicated by the arrow.,c:Means you may proceed in any direction once clear.,d:Means you must wait for a circular green light as well.",b,A green arrow allows traffic to turn in the direction shown; it functions like a circular green but requires you to turn in the indicated direction.,easy
5,Driving in Special Conditions,Which statement about changing weather and driving is true?,"a:A sudden change in weather requires you to change your driving.,b:Be particularly aware of vehicles coming up behind you in inclement weather.,c:You should slow down when driving in rain and fog.",a,"If weather changes suddenly, adjust your driving (reduce speed, increase following distance) to match road and visibility conditions.",easy
8,Special Situations & Road Users,When may you drive around lowered railroad crossing gates?,"a:When the train has passed.,b:Under no circumstances.,c:When the lights have stopped flashing.",b,Do not go around a lowered gate; you must stop when crossing signals indicate a train is approaching.,easy
5,Driving in Special Conditions,"When driving in fog, you should:","a:Use your high beam headlights to penetrate the fog.,b:Drive cautiously at reduced speed and use your low beam headlights.,c:Open all windows and increase ventilation.,d:Drive at your normal speed if visibility seems sufficient.",b,Fog reduces visibility; drive slowly and use low beam headlights (not high beams) so you can see and be seen more effectively.,medium
2,Traffic Laws & Rules of the Road,A posted speed limit sign indicates:,"a:The maximum safe driving speed under ideal conditions.,b:Only a suggested speed to help traffic flow.,c:The exact speed required to avoid a ticket.",a,A posted speed limit indicates the maximum legal speed under ideal conditions; drivers must slow down when conditions are not ideal.,easy
2,Traffic Laws & Rules of the Road,"If a police officer stops you, how should you behave while waiting for the officer to approach?","a:Get your paperwork ready before the officer reaches your car.,b:Stay in your vehicle with your hands on the steering wheel and wait for the officer to approach you.,c:Unbuckle your seat belt and lower your window.,d:Immediately exit the vehicle to speak with the officer.",b,"Keep your hands visible, remain in the vehicle unless asked to get out, and wait until the officer requests your driver license, registration, and insurance.",easy
2,Traffic Laws & Rules of the Road,"If you are turning left onto a one-way street, you should complete the turn into:","a:The right lane of the one-way street.,b:The lane closest to your previous lane (leftmost lane possible),c:Either lane as long as it’s clear.,d:The farthest lane from your approach.",b,"When turning left onto a one-way street, turn into the lane closest to the lane you came from — usually the leftmost lane — unless signs indicate otherwise.",medium
2,Traffic Laws & Rules of the Road,How should you approach an uncontrolled intersection?,"a:Maintain your speed and proceed.,b:Stop at the intersection, check in all directions, and proceed.,c:Yield to all other drivers.,d:Speed up to clear the intersection quickly.",b,"At an intersection without signs or signals, slow, be prepared to yield (especially to vehicles from the right), cover your brake, look left-right-left, and proceed only when safe.",medium
2,Traffic Laws & Rules of the Road,Which statement about speed is true?,"a:Driving too slowly on some highways is not dangerous.,b:Speeding can kill.,c:Speeding is not dangerous if you are a skilled driver.",b,Higher speeds increase the severity and likelihood of crashes; speeding can be fatal and is dangerous regardless of perceived skill.,medium
8,Special Situations & Road Users,When must drivers yield to pedestrians in the roadway?,"a:Only when the pedestrian is in a crosswalk.,b:Even if the pedestrian crosses carelessly.,c:Only if the pedestrian is on the same side of the road as the driver.",b,"Drivers must yield to pedestrians in the street, even if the pedestrian is careless or crossing against a signal.",easy
7,Vehicle Ownership & Responsibilities,"When parallel parking between two cars, what is the first positioning step?","a:Turn your wheels to the left.,b:Turn your wheels to the right.,c:Pull up even with the car in front of the desired space.",c,"After signaling and checking traffic, stop parallel to the vehicle in front of the space before beginning the backing maneuver into the spot.",medium
2,Traffic Laws & Rules of the Road,"At a four-way stop where two drivers arrive simultaneously, who has the right-of-way?","a:The driver on the left.,b:The driver on the right.,c:Either driver may proceed without stopping.",b,"When two drivers arrive at a four-way stop at the same time, yield to the vehicle on your right.",easy
3,"Signs, Signals & Road Markings",A 'No stopping' sign allows stopping only under which condition?,"a:Long enough to unload packages.,b:To avoid conflict with other traffic.,c:To discharge passengers.,d:To briefly park while running an errand.",b,"A 'No stopping' sign means you may only stop to obey a traffic signal, to obey a police officer, or to prevent a conflict with other traffic.",medium
6,"Alcohol, Drugs & Impaired Driving",What is the only effective way to lower your blood alcohol concentration (BAC)?,"a:Drink coffee or take a cold shower.,b:Exercise.,c:Allow your body time to remove the alcohol.,d:Take an over-the-counter stimulant.",c,"Only time allows the body to metabolize alcohol and reduce BAC. Coffee, exercise, or cold showers do not sober you or reduce BAC.",easy
2,Traffic Laws & Rules of the Road,Who may use a High Occupancy Vehicle (HOV) lane?,"a:You if you are driving faster than traffic.,b:You if you are driving more slowly than traffic.,c:Vehicles that have more than one occupant.",c,HOV lanes are restricted to vehicles with the required number of occupants (commonly two or more); check posted rules and diamond markings.,easy
3,"Signs, Signals & Road Markings",How should you react to a flashing red light at an intersection?,"a:Stop only if other cars are also approaching the intersection.,b:Come to a full stop and go when it is safe to do so.,c:Stop only if other cars are already within the intersection.",b,"A flashing red light means the same as a stop sign: stop, yield, then proceed when it is safe.",easy
2,Traffic Laws & Rules of the Road,"Before entering a roundabout, you must slow down and yield to:","a:Vehicles already in the roundabout.,b:Bicyclists and pedestrians in the roundabout.,c:Pedestrians and bicyclists as well as vehicles in the roundabout.,d:All of the above.",d,"When approaching a roundabout, slow down and yield to pedestrians, bicyclists, and any vehicles already circulating in the roundabout.",medium
3,"Signs, Signals & Road Markings",A steady yellow traffic light at an intersection means:,"a:Go through the intersection quickly.,b:Yield to other cars only.,c:Slow down and prepare to stop as the light will soon turn red.,d:The light will immediately turn green.",c,A steady yellow warns that the light will change to red; slow and prepare to stop unless you cannot do so safely.,easy
4,Safe & Defensive Driving Practices,What driving habit helps conserve gasoline?,"a:Sitting in the driveway with the engine running.,b:Accelerating quickly.,c:Slowing down gradually and anticipating traffic flow.",c,Avoid rapid acceleration and frequent hard braking; anticipate traffic to maintain smoother speeds and better fuel economy.,easy
3,"Signs, Signals & Road Markings",A flashing red traffic signal at an intersection is equivalent to what sign?,"a:A yield sign.,b:A slow sign.,c:A stop sign.",c,"A flashing red signal means you must come to a complete stop and then proceed when safe, like a stop sign.",easy
4,Safe & Defensive Driving Practices,"If another driver cuts you off, what is the best response?","a:Flash your high beams at the other driver.,b:Pull next to them and yell.,c:Let it go and continue driving safely.",c,"To avoid road rage and unsafe reactions, do not take it personally—let it go and maintain safe driving behavior.",easy
2,Traffic Laws & Rules of the Road,Where is it illegal and unsafe to attempt to pass another vehicle?,"a:On hills and curves.,b:At controlled intersections only.,c:In urban parking lots only.",a,"Passing is prohibited and unsafe on hills, curves, intersections, and at railroad crossings.",medium
5,Driving in Special Conditions,Which is a safe practice on potentially slippery roads?,"a:Always drive at the maximum posted speed.,b:Use cruise control to maintain a steady speed.,c:Slow down.",c,"On slippery roads, slow down, avoid sudden changes in direction or speed, increase following distance, and do not use cruise control.",easy
5,Driving in Special Conditions,"If an approaching driver fails to dim high beams, you should look:","a:Directly at the headlights to signal them.,b:Toward the left side of the road.,c:Toward the right side of the road.,d:Into the centerline of the road.",c,Glance toward the right edge of the road to avoid being temporarily blinded by an oncoming vehicle's high beams while maintaining lane position.,easy
5,Driving in Special Conditions,"To drive safely at night, you should:","a:Increase your following distance.,b:Not drive if you are tired.,c:Make sure your headlights are working properly.,d:All of the above.",d,"Night driving requires working headlights, extra following distance, and avoiding driving while fatigued to maintain safety.",medium
4,Safe & Defensive Driving Practices,How can you reduce the chance of causing a rear-end crash?,"a:Avoid sudden stops.,b:Before stopping, check mirrors and blind spots.,c:Release the gas to let the vehicle slow before applying the brakes.,d:All of the above.",d,"To help prevent rear-end collisions, avoid sudden stops, give following drivers warning by slowing early, check mirrors and blind spots before stopping, and apply brakes smoothly.",easy
7,Vehicle Ownership & Responsibilities,Seat belts are most effective when worn by:,"a:Only the person driving the car.,b:Only passengers on long trips.,c:Only occupants on expressways.,d:All occupants of the vehicle.",d,Seat belts protect all occupants; everyone in the vehicle should wear a seat belt to reduce injury in a crash.,easy
8,Special Situations & Road Users,Railroad crossings should always be treated as:,"a:Safe places to stop and wait.,b:Dangerous locations that require caution.,c:Safe locations to park a vehicle temporarily.",b,Railroad crossings are potentially dangerous; always look and listen for trains and obey crossing signals and gates.,easy
3,"Signs, Signals & Road Markings","When a traffic light turns green, what should you do first?","a:Back up slowly.,b:Yield the right-of-way to pedestrians.,c:Accelerate as quickly as possible.",b,"A green light permits you to go, but first yield to any pedestrians and traffic that remain in the intersection.",easy
8,Special Situations & Road Users,How should you approach railroad tracks when driving?,"a:Speed up to cross the tracks before the gate is lowered.,b:Look, listen, slow down, and be prepared to stop.,c:Try to drive around a lowered gate.",b,"When approaching railroad tracks, slow down, look and listen for trains, and be prepared to stop if signage or signals indicate an approaching train.",easy
8,Special Situations & Road Users,"On a road without sidewalks, which side should a pedestrian walk on?","a:Same side of the road on which traffic is moving.,b:Side with the lightest traffic.,c:The side of the road facing oncoming traffic.",c,Pedestrians should walk on the side facing oncoming traffic so they can see approaching vehicles and drivers can see them.,easy
8,Special Situations & Road Users,How should you behave when approaching a blind pedestrian using a white cane or guide dog?,"a:Take the right-of-way and proceed.,b:Slow down and be prepared to stop.,c:Proceed normally without changing speed.",b,"When near a blind pedestrian using a white cane or guide dog, slow, yield the right-of-way, and be prepared to stop to avoid causing harm.",easy
8,Special Situations & Road Users,"When you approach a stopped emergency vehicle with its lights flashing, what must you do?","a:Stay in your lane and continue at the same speed.,b:Slow down and, if possible, change lanes away from the stopped vehicle.,c:Drive to the right side of the road and stop.",b,"If possible, change lanes to leave extra space for stopped emergency or roadside assistance vehicles; otherwise slow down and pass carefully.",medium
6,"Alcohol, Drugs & Impaired Driving","If you plan to drink socially, what is a safe way to ensure you get home safely?","a:Drink coffee before driving.,b:Take a cold shower.,c:Ride home with a friend who has not been drinking.",c,Arrange a sober ride home; coffee or showers do not lower blood alcohol concentration or effects.,easy
4,Safe & Defensive Driving Practices,"When driving in traffic, what is generally the safest approach to speed?","a:Drive faster than the flow of traffic.,b:Drive slower than the flow of traffic.,c:Drive with the flow of traffic within the posted limits.",c,It is safest to travel with the flow of traffic while obeying the posted speed limit and adjusting for conditions.,medium
7,Vehicle Ownership & Responsibilities,"If you are involved in a serious motor vehicle crash, what should you do first?","a:Leave the scene if no one looks injured.,b:Stop your vehicle.,c:Only call the police if your vehicle is completely undamaged.",b,"If involved in a crash you must stop. Call 911 if anyone is injured. Report crashes to law enforcement when there is injury, death, or substantial property damage.",medium
8,Special Situations & Road Users,How should drivers respond to a school bus stopped with its stop arm extended?,"a:Come to a complete stop and wait to proceed.,b:Honk before passing the bus on its left.,c:Continue when you think most kids are done exiting.,d:Pass slowly without stopping.",a,"When a school bus is stopped with its stop arm extended, you are required to stop and must not proceed until the stop arm is withdrawn.",easy
2,Traffic Laws & Rules of the Road,"When making a right turn on a green light, what must you do?","a:Maintain your normal driving speed.,b:Stop and look for nearby police cars.,c:Yield to pedestrians.",c,"Before turning right on green, yield to pedestrians and any other traffic that has the right-of-way in the intersection.",easy
7,Vehicle Ownership & Responsibilities,Where is it illegal to park?,"a:On a hill.,b:In a parking lot.,c:On a marked crosswalk or in a marked bicycle lane.",c,Do not park on crosswalks or in designated bicycle lanes; follow local parking rules and keep within 12 inches of the curb when parking on the street.,easy
7,Vehicle Ownership & Responsibilities,Why is a leaky exhaust system dangerous?,"a:A loss of hearing.,b:Pollution.,c:Carbon monoxide poisoning.",c,"A leaking exhaust can allow carbon monoxide to enter the passenger compartment, risking carbon monoxide poisoning; repair leaks promptly.",medium
7,Vehicle Ownership & Responsibilities,How should you secure loose objects in your vehicle?,"a:Place them on the back seat.,b:Put them on the floor near the driver's seat.,c:Secure them so they cannot become hazards in a crash.",c,Secure loose items to prevent them from flying and causing injury or interfering with vehicle controls during sudden stops or collisions.,easy
3,"Signs, Signals & Road Markings",What do round warning signs most often indicate?,"a:School zones.,b:Upcoming railroad crossings.,c:No passing zones.",b,Round signs are used to warn drivers of an upcoming railroad crossing and to use caution.,easy
6,"Alcohol, Drugs & Impaired Driving",What can happen when alcohol is consumed with other drugs?,"a:The combination can decrease the effects of both substances.,b:The combination can increase the effects of both the drugs and alcohol.,c:The combination helps cure illnesses faster.",b,Combining alcohol with other drugs can amplify impairment and produce dangerous interactions; it increases risk and unpredictability.,medium
4,Safe & Defensive Driving Practices,"If you drive much slower than the flow of traffic on a two-lane road and cars are backing up, what should you do?","a:Continue at your slow speed regardless of following traffic.,b:Pull off the road when safe to let others pass.,c:Refuse to let following cars pass.",b,"If your slow driving causes traffic to back up on a two-lane road, you should pull off the roadway and allow others to pass when it is safe.",medium
3,"Signs, Signals & Road Markings",Which traffic signal indicates you should slow down and proceed with caution?,"a:A flashing yellow light.,b:A flashing red light.,c:A solid yellow light.",a,A flashing yellow light warns of a hazard; slow down and proceed with caution.,easy
3,"Signs, Signals & Road Markings",Where are stop lines painted on the pavement?,"a:Next to churches and schools.,b:In curves and on hills.,c:At intersections and pedestrian crosswalks.",c,Stop lines are solid white lines painted across lanes at intersections and crosswalks to show where vehicles must stop.,easy
5,Driving in Special Conditions,What usually causes hydroplaning?,"a:Driving too fast for wet conditions.,b:Excessive stops.,c:Sudden turns.",a,Hydroplaning occurs when tires cannot clear water at higher speeds and lose contact with the road surface.,medium
8,Special Situations & Road Users,"If you hear a siren behind you while driving, what is the correct action?","a:Stop where you are.,b:Pull over to the right and stop.,c:Speed up to get out of the way.",b,"When an emergency vehicle is approaching from behind with sirens or lights, safely pull to the right and stop to allow it to pass.",easy
2,Traffic Laws & Rules of the Road,When is it legal to pass another vehicle on the right?,"a:If the other vehicle is waiting to turn left and there is an available lane on the right.,b:Even if it means driving off the pavement.,c:On a narrow bridge.",a,You may pass on the right when the vehicle ahead is making or waiting to make a left turn and there is room; never pass by driving off the roadway.,medium
4,Safe & Defensive Driving Practices,How does smoking or preparing to smoke while driving affect your ability to drive?,"a:Does not affect driving abilities.,b:Helps maintain driver alertness.,c:Is a distracting activity.,d:Is required to stay awake.",c,"Smoking and preparing to smoke can distract you by taking your hands off the wheel or your eyes off the road, increasing crash risk.",easy
2,Traffic Laws & Rules of the Road,"Unless otherwise posted, what is the maximum speed limit on open mountain highways in Colorado?","a:55 mph,b:40 mph,c:20 mph,d:65 mph",b,"Unless a different speed is posted, the maximum speed on open mountain highways in Colorado is 40 mph.",easy
6,"Alcohol, Drugs & Impaired Driving","As alcohol builds up in your blood, what happens to your driving ability?","a:Makes you feel less confident.,b:Slows down your reactions.,c:Begins to metabolize itself more quickly.",b,"Alcohol impairs judgment, slows reaction time, reduces coordination, and can give a false sense of confidence — impairing driving ability.",easy
4,Safe & Defensive Driving Practices,What is defensive driving?,"a:Identifying dangerous situations and taking action to avoid accidents.,b:Getting ahead of poor drivers by driving aggressively.,c:Following the vehicle ahead at a close distance.",a,Defensive driving means recognizing hazards early and taking actions to prevent collisions.,easy
3,"Signs, Signals & Road Markings",What does a single broken white line down the center of a roadway indicate?,"a:Lanes move in the same direction and drivers may change lanes or pass when safe.,b:Lanes move in opposite directions and passing is prohibited.,c:Lanes move in the same direction and passing is not permitted.",a,A dashed white line separates lanes moving in the same direction and may be crossed to change lanes when safe.,easy
2,Traffic Laws & Rules of the Road,Which of the following has priority over the others when directing traffic?,"a:A steady red light,b:A stop sign,c:A police officer directing traffic.",c,"Directions given by a traffic officer take precedence over signs, signals, and pavement markings.",easy
2,Traffic Laws & Rules of the Road,"Unless posted otherwise, what is the speed limit on narrow, winding mountain highways?","a:40 mph,b:20 mph,c:55 mph,d:70 mph",b,"Colorado sets a lower default speed limit on narrow, winding mountain highways; unless posted otherwise the expected safe limit is 20 mph.",medium
3,"Signs, Signals & Road Markings",Which of the following about railroad crossings is true?,"a:It is against the law to go around lowered gates at a crossing.,b:You must stop at a railroad crossing when directed to do so by a flagger or sign.,c:Not all railroad crossings have flashing lights and gates.,d:All of the above.",d,"Obey all railroad crossing warnings: do not go around lowered gates, stop when directed, and be aware that not every crossing has lights or gates.",medium
4,Safe & Defensive Driving Practices,Driving while distracted by any activity typically:,"a:Is never dangerous.,b:Causes drivers to react more slowly to hazards.,c:Causes drivers to drive faster.,d:Improves driver concentration.",b,"Distracted driving reduces a driver's ability to notice and respond to hazards, increasing the likelihood of collisions.",easy
1,Licensing & Permit Requirements,If a driver accumulates the minimum of how many points in a 24-month period will their license be suspended?,"a:12 points,b:18 points,c:20 points,d:24 points",b,"In Colorado, accumulating 18 or more points within a 24-month period can result in suspension of your driver's license.",medium
4,Safe & Defensive Driving Practices,"If your vehicle begins to skid, what is the correct response?","a:Overcorrect the steering.,b:Turn the steering wheel into the direction of the skid.,c:Turn your steering wheel into traffic.",b,"If you start to skid, stay calm and steer in the direction of the skid to regain control.",medium
4,Safe & Defensive Driving Practices,"If you are upset from an incident at work, what should you do before driving?","a:Turn the radio up loud to distract yourself.,b:Drive fast to release tension.,c:Take a few minutes to cool off before driving home.",c,"If you are angry or upset, give yourself time to calm down before driving to avoid impaired judgment and aggressive behavior.",easy
4,Safe & Defensive Driving Practices,"Before switching on the ignition, what safety step should you take?","a:Buckle your safety belt and make sure all passengers have buckled theirs.,b:Be sure only adult passengers have buckled their seat belts.,c:Be sure only child passengers have buckled their seat belts.,d:Only the driver needs to buckle a seat belt.",a,"Develop a routine: before starting the engine, buckle your safety belt and ensure that all passengers are also properly restrained.",easy
3,"Signs, Signals & Road Markings",What do two solid yellow centerlines on the pavement mean?,"a:Passing is allowed for drivers from both directions.,b:Passing is allowed at the top of a hill.,c:Passing is not allowed.",c,Two solid yellow lines separate opposing traffic and indicate passing is prohibited for drivers in either direction.,easy
3,"Signs, Signals & Road Markings",A steady yellow traffic signal indicates which light will appear next?,"a:Flashing yellow,b:Steady green,c:Steady red,d:Flashing red",c,A steady yellow light warns that a steady red light is about to appear; prepare to stop if it is safe to do so.,easy
4,Safe & Defensive Driving Practices,Allow a larger space cushion than usual when stopped:,"a:On an incline (uphill).,b:At an intersection.,c:At a stop sign.,d:When there is no traffic behind you.",a,"When stopped on an uphill slope, leave more room ahead of you because the vehicle in front may roll backward when starting.",easy
8,Special Situations & Road Users,"When a driver is turning and a pedestrian is crossing without a traffic light, who must yield?","a:Whoever started moving last.,b:The driver.,c:Whoever is slower at the moment.",b,"Drivers must yield to pedestrians who are crossing the roadway, even if there is no traffic signal.",easy
5,Driving in Special Conditions,Which statement about winter driving is NOT true?,"a:Checking antifreeze and windshield washer fluid is especially important during the winter.,b:Winter is the most difficult driving season.,c:Using cruise control in winter weather is safe.,d:Using snow tires can increase traction on slippery roads.",c,"You should avoid using cruise control on snow, ice, rain, or fog. Winter requires extra caution, fluid checks, and consideration of snow tires.",medium
2,Traffic Laws & Rules of the Road,When must you pull over and stop for an emergency vehicle with flashing lights?,"a:Regardless of your direction.,b:Only if it is following you.,c:Only if it is approaching you from the opposite direction.",a,"You must pull to the right edge of the road and stop for an emergency vehicle using lights and/or siren, regardless of whether it approaches from behind or ahead.",easy
3,"Signs, Signals & Road Markings",Guide signs (directional and mileage signs) are typically what color?,"a:Green,b:Red,c:Yellow",a,"Guide signs that provide route, directional, and mileage information are normally green with white lettering.",easy
2,Traffic Laws & Rules of the Road,When should you signal before passing another vehicle?,"a:After changing lanes.,b:Just before changing lanes.,c:At any time.",b,Signal early enough to let other drivers know your intentions before you start the passing maneuver.,easy
8,Special Situations & Road Users,"If a pedestrian starts to cross in front of your vehicle, what should you do?","a:Speed up and pass in front of the pedestrian.,b:Flash your lights to warn them.,c:Slow down and be prepared to stop.",c,"Slow and be ready to stop any time pedestrians are on or near the roadway, especially where children may be present; always yield to them in crosswalks.",easy
4,Safe & Defensive Driving Practices,"When preparing to change lanes, which of these is most important to check?","a:Signal your intentions ahead of the lane change.,b:Check your blind spot.,c:Make sure the lane is clear before entering.,d:Flash your headlights to warn others.",b,"Always signal, check your mirrors, and quickly look over your shoulder to verify your blind spot is clear before changing lanes.",medium
6,"Alcohol, Drugs & Impaired Driving",Which of the following is NOT an effect of drinking alcohol?,"a:Your reflexes and reaction time speed up.,b:Your judgment of speed and distance is distorted.,c:You are less alert.",a,"Alcohol impairs judgment, reaction time, perception of speed and distance, and alertness; it does not improve reflexes.",medium
4,Safe & Defensive Driving Practices,"If your vehicle does not have ABS and you must stop quickly, what should you do?","a:Hold down the brake pedal.,b:Firmly pump your brakes.,c:Lightly tap the brakes.,d:Shift into neutral.",b,"If your vehicle lacks ABS, pump the brakes firmly and repeatedly to slow quickly while maintaining steering control.",medium
5,Driving in Special Conditions,"At night, which is the hardest to see?","a:Road signs.,b:Pedestrians.,c:Other motorists.,d:Lane markings.",b,"Compared to signs and other roadside objects, pedestrians are generally the hardest to see at night.",easy
3,"Signs, Signals & Road Markings",A regulatory sign with a red circle and a slash through a symbol means:,"a:That drivers should come to a complete stop.,b:The indicated action is forbidden.,c:That some drivers must yield to others.,d:That the lane is for high-occupancy vehicles only.",b,"A red circle with a slash over a symbol indicates the action shown is prohibited (no turns, no U-turns, no parking, etc.).",easy
7,Vehicle Ownership & Responsibilities,"If you discover a vehicle defect that could affect safe operation, you should:","a:Correct the defect as soon as possible.,b:Drive the vehicle at slower speeds until you can afford to fix it.,c:Ignore it until the next service appointment.",a,Any defect that could affect safe operation should be corrected as soon as possible before driving the vehicle.,easy
5,Driving in Special Conditions,"If it starts to sleet or snow while you are driving, you should:","a:Keep your windshield and mirrors clear, increase your following distance, and approach other vehicles with caution.,b:Increase your speed to reach your destination sooner.,c:Follow closely to the vehicle ahead to use its traction.,d:Turn off your headlights to reduce glare.",a,"In winter precipitation, keep windows and mirrors clear, slow down, and leave extra following distance since stopping distances increase.",medium
2,Traffic Laws & Rules of the Road,"When entering a public road from a driveway or private road, you should:","a:Force your way into traffic.,b:Yield to drivers already on the public road.,c:Assume you have the right-of-way.",b,Yield to vehicles already on the public road and merge only when it is safe to do so.,easy
8,Special Situations & Road Users,How should you behave when approaching service or maintenance vehicles working on the roadway?,"a:Treat them the same as any other vehicle.,b:Assume they will yield to you.,c:Yield and use extra caution around them.",c,Yield the right-of-way and use extra caution around maintenance and service vehicles; slow down and give them plenty of space.,medium
7,Vehicle Ownership & Responsibilities,"If you borrow an unfamiliar vehicle, what should you do before driving it?","a:Assume it operates the same as your car.,b:Hide defects to avoid embarrassing the owner.,c:Familiarize yourself with the vehicle's controls and check for defects.",c,"Before driving an unfamiliar vehicle, locate and test the lights, horn, wipers, gear selector, and brakes; fix any defects before driving.",easy
5,Driving in Special Conditions,Why is night driving typically more difficult than daytime driving?,"a:It is more likely to be raining at night.,b:Visibility is reduced in the dark.,c:Cars overheat more quickly at night.",b,Night driving reduces your field of vision and increases the chance of glare from other vehicles; drive slower and use proper headlights.,easy
8,Special Situations & Road Users,"If a transit bus is signaling to re-enter traffic after stopping, what must you do?","a:Honk to alert the bus driver.,b:Move to the left lane or slow to allow the bus to re-enter.,c:Expect the bus to yield to you.",b,"Yield to transit vehicles re-entering traffic by changing lanes, slowing, or stopping to let them merge safely.",easy
3,"Signs, Signals & Road Markings",Pentagonal (five-sided) road signs indicate:,"a:Speed limits.,b:School zones and school crossings.,c:No passing zones.,d:Railroad crossings.",b,Pentagonal signs identify school zones or school crossings; exercise extra caution for children and pedestrians in these areas.,easy
2,Traffic Laws & Rules of the Road,"To pass a slower vehicle on a two-lane, two-way road you must:","a:Use the lane belonging to oncoming traffic to complete the pass when it is safe and legal to do so.,b:Stay entirely in your lane while overtaking.,c:Flash your headlights to demand the vehicle move over.,d:Use the shoulder to pass.",a,"Passing on a two-lane, two-way road generally requires entering the oncoming lane; only pass when you have a clear view and it is legal and safe.",medium
2,Traffic Laws & Rules of the Road,When is it illegal to drive slower than the posted speed limit?,"a:When driving slowly disrupts the normal flow of traffic.,b:Only when driving in rural areas.,c:When in heavy traffic in a construction zone.",a,Driving so slowly that you impede the normal flow of traffic can be illegal and create safety hazards.,medium
2,Traffic Laws & Rules of the Road,What is the correct way to use a freeway exit ramp?,"a:Slow down before entering the exit ramp.,b:Slow down once moving onto the exit ramp.,c:Keep your speed constant once in the exit ramp.",b,"Do not decelerate on the mainline; instead, enter the exit ramp and then slow to the posted ramp speed once you are on the ramp.",easy
2,Traffic Laws & Rules of the Road,What is a good general rule to remember about passing other vehicles?,"a:Pass on the right whenever possible.,b:Drive with the flow of traffic and pass only as needed.,c:Try to get to the front of any slow-moving traffic so you can see better.",b,"Pass only when necessary and legal; driving with the flow of traffic reduces the number of lane changes and passing maneuvers, lowering collision risk.",easy
8,Special Situations & Road Users,How can a bicyclist who disobeys traffic laws be dealt with?,"a:They have different rules and cannot be ticketed.,b:They can be ticketed.,c:They will always receive a warning instead of a ticket.",b,Bicyclists have the same rights and responsibilities as drivers and can be cited for violating traffic laws.,easy
3,"Signs, Signals & Road Markings",How should drivers treat a flashing red traffic light when approaching it?,"a:Continue driving, as they have the right-of-way.,b:Stop if a police officer is nearby.,c:Treat it like a stop sign and stop.",c,"Flashing red lights are used at dangerous intersections and must be treated like stop signs: come to a complete stop, then proceed when safe.",easy
4,Safe & Defensive Driving Practices,"When making a turn, what should you do to your speed?","a:Increase your speed.,b:Maintain or reduce your speed as needed to maintain control.,c:Vary speed unpredictably.",b,"Reduce your speed when turning so you can maintain control, stay in your lane, and react appropriately.",easy
5,Driving in Special Conditions,"If an oncoming vehicle has its high beams on and is blinding you, what should you do?","a:Flash your lights to warn the other driver.,b:Look to the right side of the road until the vehicle passes.,c:Speed up to pass quickly.",b,"When faced with blinding headlights, look down and to the right side of the road until the vehicle has passed to avoid temporary blindness.",easy
4,Safe & Defensive Driving Practices,What should you do if you become tired while driving?,"a:Open the window to get some fresh air.,b:Stop driving and rest.,c:Drink coffee and keep driving.",b,"Fatigue impairs driving similarly to alcohol. If you feel very tired, stop driving, rest, or find a safe place to sleep.",easy
7,Vehicle Ownership & Responsibilities,A leaking exhaust system can:,"a:Cause excessive oil use.,b:Require your vehicle to have a tune-up sooner than usual.,c:Allow exhaust fumes into the passenger compartment and make you drowsy or cause death.,d:Increase brake wear.",c,"A leaking exhaust can allow carbon monoxide and other toxic gases into the vehicle, which can make drivers drowsy or cause death; repair leaks promptly.",medium
7,Vehicle Ownership & Responsibilities,"If you leave your vehicle unattended, what must you do with the ignition key?","a:Turn off the engine and leave the key in the ignition.,b:Lock the ignition and remove the key.,c:Set the parking brake only.,d:Leave the engine running to maintain cabin heat.",b,"When leaving a vehicle unattended you must stop the engine, lock the ignition, remove the key, and set the parking brake.",medium
3,"Signs, Signals & Road Markings",What is the shape of a stop sign?,"a:Rectangle.,b:Octagon.,c:Circle.",b,Stop signs are uniquely octagonal (eight-sided) to indicate the requirement to come to a full stop.,easy
2,Traffic Laws & Rules of the Road,When must you yield to an emergency vehicle?,"a:Under no circumstances.,b:When you see a flashing red or blue light or hear a siren.,c:Only when other vehicles yield.",b,You must yield the right-of-way to any emergency vehicle that is using its siren or flashing lights by pulling over and stopping when safe.,easy
4,Safe & Defensive Driving Practices,Distracted drivers are at a greater risk of a crash when using which device?,"a:A CD player.,b:A radio.,c:A cell phone (including hands-free).,d:A GPS with voice prompts.",c,Cell phone use is a major distraction that increases crash risk; hands-free use still distracts and reduces attention to the road.,easy
4,Safe & Defensive Driving Practices,Which behavior describes a good defensive driver?,"a:Drives slowly at all times.,b:Looks out for the actions of other drivers.,c:Travels at a constant speed.,d:Avoids using mirrors while driving.",b,"A defensive driver anticipates other road users' actions, stays alert, and watches for potential hazards rather than relying solely on their own vehicle's controls.",easy
4,Safe & Defensive Driving Practices,How can you avoid collisions caused by other vehicles' blind spots?,"a:Adjust your rearview mirrors every few minutes.,b:Honk your horn right before turning or changing lanes.,c:Glance over your shoulder to check blind spots before changing lanes.",c,"Before changing lanes or turning, glance over your shoulder in the direction of the move to check areas not visible in your mirrors.",easy
4,Safe & Defensive Driving Practices,"When approaching a curve, drivers should:","a:Immediately accelerate.,b:Continue slowing until they are driving straight again.,c:Slow down before reaching the curve and accelerate after passing the curve’s midpoint.,d:Brake hard while in the curve.",c,Reduce speed before the curve and then accelerate gently after passing the midpoint to maintain control.,medium
6,"Alcohol, Drugs & Impaired Driving","On average, the human body removes about how many standard alcoholic drinks per hour?","a:Three drinks per hour.,b:One drink per hour.,c:Two drinks per hour.,d:No measurable amount per hour.",b,"The average person metabolizes approximately one standard alcoholic drink per hour, though individual rates vary with many factors.",easy
6,"Alcohol, Drugs & Impaired Driving",Which is the best way to avoid alcohol-related crashes?,"a:Call a taxi after you begin drinking.,b:Decide before you start drinking that you will not drive.,c:Simply tell others 'No thanks, I'm driving' when offered a drink.",b,The only reliable way to avoid alcohol-impaired driving is to decide ahead of time that you will not drive after drinking.,medium
3,"Signs, Signals & Road Markings",What does a steady green arrow on a traffic signal indicate?,"a:May turn in the direction of the arrow after yielding to traffic and pedestrians already in the intersection.,b:Should merge into a lane in the direction of the arrow.,c:Should slow to a stop, if it is safe to do so.,d:Must wait for a circular green light as well.",a,A steady green arrow permits the movement indicated by the arrow; you must be in the proper lane and yield to any vehicles or pedestrians already in the intersection.,medium
3,"Signs, Signals & Road Markings",What do orange-colored road signs typically indicate?,"a:Work zone signs.,b:Regulatory signs.,c:School zone signs.,d:Guide signs.",a,Orange signs are normally used for highway work zone warnings and indicate people are working on or near the roadway.,easy
5,Driving in Special Conditions,Which headlights should you use when driving in fog?,"a:Use your high beams.,b:Use your low beams.,c:Use your parking lights.",b,"Use low-beam headlights when driving in fog, rain, or snow to reduce glare and improve visibility.",easy
4,Safe & Defensive Driving Practices,Which practice helps reduce road rage and aggressive driving?,"a:Allow extra travel time.,b:Ignore posted speed limits.,c:Drive faster than surrounding traffic.",a,"Allowing plenty of time for travel, obeying posted speeds, and using signals help reduce stress and aggressive driving incidents.",easy
2,Traffic Laws & Rules of the Road,"On a highway with double solid yellow lines, when may you cross them?","a:Cross these lines only to make a left turn into or from an alley, private road, or driveway.,b:Cross these lines to pass other vehicles if clear.,c:Cross these lines under no circumstances.",c,"Double solid yellow lines prohibit passing; you may only cross to make a left turn into or from a driveway, private road, or alley.",medium
3,"Signs, Signals & Road Markings",A diamond-shaped road sign typically indicates:,"a:A road hazard or warning.,b:An interstate route.,c:A school crossing sign only.",a,Diamond-shaped signs are warning signs that alert drivers to upcoming hazards or special conditions.,easy
6,"Alcohol, Drugs & Impaired Driving",Which method will sober someone up after drinking?,"a:Drinking tomato juice and lime.,b:Drinking hot coffee.,c:Allowing time to pass (only time makes you sober).",c,"Only the passage of time will reduce blood alcohol concentration; remedies like coffee, fresh air, or juice do not reduce BAC.",medium
2,Traffic Laws & Rules of the Road,A red traffic signal light requires you to do what?,"a:Stop at the stop line or, if none, before entering any crosswalk or intersection.,b:Slow down and proceed through the intersection.,c:Stop only if there are pedestrians present.",a,"Stop at the marked stop line, before the crosswalk, or before entering the intersection on a steady red signal.",easy
2,Traffic Laws & Rules of the Road,While waiting in an intersection to make a left turn you should:,"a:Signal and keep your wheels turned to the left toward the direction of your turn.,b:Signal and keep your wheels straight while waiting.,c:Flash your headlights to warn other drivers.,d:Keep the wheels lightly on the brakes and turned right.",b,Keep your wheels pointed straight when waiting to turn left; if struck from behind you will be less likely to be pushed into oncoming traffic.,medium
8,Special Situations & Road Users,"When an emergency vehicle with lights and siren is approaching, what must you do immediately?","a:Pull to the right and stop.,b:Pull to the right and slow down.,c:Pull to the right and turn on your vehicle's four-way flashers.",a,"If approached by an emergency vehicle using lights and/or sirens, you must drive to the right edge of the roadway and stop to allow it to pass.",easy
