section-num,section-name,question,options,correct-answer,note,difficulty
4,Driving in Special Conditions,"To reduce the effects of oncoming headlight glare at night, where should you direct your gaze?","a:Over your shoulder.,b:Toward the right edge of the road ahead.,c:Directly at the oncoming headlights.",b,"If oncoming drivers do not dim lights, keep your eyes on the right edge of the road to avoid being blinded by glare.",medium
5,"Alcohol, Drugs & Impaired Driving",Which is the best way to prevent alcohol-related crashes?,"a:Call a taxi.,b:Decide before you start drinking that you will not drive.,c:Simply say",a,The only reliable way to avoid drinking and driving is to decide before you start drinking that you will not drive; alcohol impairs judgment and makes safe decisions harder after drinking.,easy
6,Vehicle Ownership & Responsibilities,What is the safest practice for children riding in a vehicle?,"a:They may be held by a strong adult,b:They may stand in the back of the vehicle,c:They must be properly restrained in appropriate child seats or seat belts",c,Children must be secured in appropriate child restraints or seat belts; never hold a child in your arms while the vehicle is moving.,easy
2,"Signs, Signals & Road Markings",What color pavement markings separate lanes traveling in opposite directions?,"a:White,b:Yellow,c:Red,d:Brown",b,Yellow lines separate lanes of traffic moving in opposite directions; white lines separate same-direction lanes.,easy
6,Vehicle Ownership & Responsibilities,"Before driving an unfamiliar vehicle you borrowed, what should you do?","a:Familiarize yourself with controls and check for defects,b:Hide defects so the owner isn't embarrassed,c:Assume it's the same as your car,d:Drive carefully without checking",a,"When driving an unfamiliar vehicle, take time to locate and test controls and correct any defects before driving.",easy
6,Vehicle Ownership & Responsibilities,"When stopped in a travel lane on the roadway, what is allowed?","a:You may stop to drop off passengers.,b:You may not stop in a travel lane for any reason.,c:You may stop to look up an address briefly.",b,"Do not stop in a travel lane; proceed to a safe area off the roadway to pull over. If you miss an exit, go to the next exit to turn around.",easy
6,Vehicle Ownership & Responsibilities,"If an approaching train is near enough to be a danger, what must you do?","a:Slow down and proceed with caution.,b:Cross at your own risk if no signals are present.,c:Not cross the tracks until the train has completely passed.",c,"If a train is approaching and could be dangerous, you must wait until it has passed before crossing the tracks.",easy
1,Traffic Laws & Rules of the Road,"When you encounter a flashing red traffic light at an intersection, what must you do?","a:Stop and wait for a flashing green light.,b:Come to a complete stop,c:Slow down and drive carefully through the intersection.",b,"A flashing red light is treated like a stop sign: stop fully, look both ways, and go only when safe.",easy
1,Traffic Laws & Rules of the Road,"When entering the street from a driveway, what must you do?","a:Drive slowly and expect approaching vehicles to yield.,b:Sound your horn to warn pedestrians and vehicles.,c:Stop and proceed only when there are no pedestrians or vehicles approaching.",c,"Always stop before entering the roadway from a driveway, yield to approaching vehicles and pedestrians, and cross the sidewalk area only when safe.",medium
2,"Signs, Signals & Road Markings",What should a driver do when encountering a steady yellow traffic light?,"a:Accelerate to avoid a red light.,b:Slow to a stop unless already in the intersection.,c:Continue as they have the right-of-way.",b,A steady yellow light warns that a red light is about to appear; stop unless you are already within the intersection.,easy
1,Traffic Laws & Rules of the Road,"If two vehicles arrive at a four-way stop at the same time, who must yield?","a:Drivers should use hand motions to decide,b:The vehicle on the left must yield to the vehicle on the right,c:The vehicle on the right must yield to the vehicle on the left",b,"If two vehicles arrive simultaneously, the vehicle on the left must yield the right-of-way to the vehicle on the right.",easy
5,"Alcohol, Drugs & Impaired Driving",Which behavior can be a sign of a drunk driver?,"a:Maintaining perfect lane position.,b:Weaving between lanes.,c:Driving more slowly than the flow of traffic.",b,"Signs of drunk driving include weaving, erratic speed changes, jerking motions, and sudden stops.",medium
5,"Alcohol, Drugs & Impaired Driving","Does the type of alcoholic beverage (beer, wine, liquor) change how alcohol affects your reflexes and judgment?","a:Only mixed drinks cause strong effects,b:Yes — beer impairs less than wine,c:Yes — wine impairs less than beer,d:No — impairment depends on how much alcohol is in your bloodstream",d,All alcoholic beverages contain alcohol and will impair reflexes and judgment in proportion to the amount consumed.,easy
6,Vehicle Ownership & Responsibilities,"When parallel parking, how close should your vehicle be to the curb?","a:Within 18 inches of the curb.,b:Within 12 inches of the curb.,c:Within 24 inches of the curb.",b,"When parallel parked, position your wheels within 12 inches of the curb unless signs or markings indicate otherwise.",medium
1,Traffic Laws & Rules of the Road,"Under Michigan law, who must wear a seat belt?","a:The driver, any front-seat passenger, and any child under age 16,b:Only the driver,c:Only passengers in the back seat,d:Only children under 8",a,"Michigan law requires the driver, front-seat passengers, and children under 16 to be properly restrained.",easy
3,Safe & Defensive Driving Practices,Which factor does not affect vehicle stopping distance?,"a:Your reaction time.,b:The condition of your vehicle's brakes.,c:The time of day.",c,"Stopping distance depends on reaction time, vehicle weight, brake condition, tires, roadway and weather; time of day does not directly affect stopping distance.",medium
6,Vehicle Ownership & Responsibilities,When are seat belts most effective?,"a:When worn by the person driving the car.,b:When used only on expressways.,c:When worn by all occupants of the vehicle.",a,Seat belts protect everyone inside a vehicle; all occupants should wear them at all times.,easy
1,Traffic Laws & Rules of the Road,"Signaling before turning, changing lanes, or leaving a curb is:","a:A good driving habit and required by law.,b:Necessary only if other traffic is present.,c:Necessary only during the maneuver itself.",a,You must signal in advance of lane changes or turns (at least 100 feet) to inform others of your intentions.,easy
3,Safe & Defensive Driving Practices,When is it appropriate to honk your horn?,"a:To warn another road user — for example, if a child is about to run into the street.,b:When traveling through an intersection.,c:When passing a bicyclist.",a,"Use your horn as a warning to others when they may not see you and a collision is possible, such as a child stepping into the street.",easy
3,Safe & Defensive Driving Practices,What is the most important speed management rule when approaching curves?,"a:Accelerate gently before entering the curve.,b:Slow down before you enter the curve.,c:Drive at the posted speed limit entering the curve and slow at the sharpest part.",b,"Because of inertia, you should reduce speed before a curve to maintain control through the turn.",medium
7,Special Situations & Road Users,How should you safely pass a bicycle?,"a:Honk to alert the bicyclist,b:Drive briefly in the bicycle lane to pass,c:Slow down and give the bicyclist as much space as possible",c,Slow and give bicyclists plenty of room when passing; do not crowd or create wind blast that could unbalance them.,easy
7,Special Situations & Road Users,Which statement about railroad crossings is true?,"a:It is against the law to go around lowered gates.,b:Not all crossings have flashing lights or gates.,c:All of the above.",c,Do not drive around lowered gates; many crossings lack gates or lights—obey signs and any flaggers.,medium
1,Traffic Laws & Rules of the Road,A driver entering public traffic from a driveway or private road should:,"a:May force their way into traffic.,b:Yield to drivers already on the public road.,c:Has the right-of-way.",b,"When entering from a private driveway or road, yield to traffic on the public road and merge safely.",easy
4,Driving in Special Conditions,"At dusk or on overcast days, what lighting should you use?","a:Use four-way flashers while driving,b:Turn on your headlights (use low beams when near other vehicles),c:Use your parking lights only",b,"Turn on your headlights at dusk or on overcast days and use low beams when within 1,000 feet of an approaching vehicle or within 500 feet of a vehicle you are following.",easy
4,Driving in Special Conditions,Which statement about winter driving is NOT true?,"a:Winter is the most difficult driving season,b:Using cruise control in winter weather is safe,c:Checking antifreeze and windshield washer fluid is especially important in winter",c,"Do not use cruise control on snow, ice, or similar hazardous winter conditions. Winter driving demands extra caution; check fluids and consider snow tires to improve traction.",medium
1,Traffic Laws & Rules of the Road,What does a single dashed yellow centerline mean?,"a:Both lanes travel in the same direction.,b:Drivers may not pass from either direction.,c:Drivers in either direction may pass when it is safe.",c,A broken yellow centerline separates opposite-direction traffic and permits passing when safe.,easy
2,"Signs, Signals & Road Markings",What does a steady yellow arrow on a traffic signal indicate?,"a:No turn allowed,b:Continue as if the light is green,c:Slow and prepare to stop if safe,d:You may immediately turn left after yielding",c,A steady yellow arrow warns that the signal is changing to red; you should stop if it is safe to do so.,medium
1,Traffic Laws & Rules of the Road,"If two vehicles reach an uncontrolled intersection at the same time, who yields?","a:The driver on the left yields to the driver on the right.,b:The largest vehicle has the right-of-way.,c:The car on the left has the right-of-way.",a,"At uncontrolled intersections, the driver on the left must yield to the driver on the right and proceed when safe.",easy
3,Safe & Defensive Driving Practices,Which of these can help reduce road rage and aggressive driving?,"a:Speeding up to avoid slow drivers.,b:Allowing extra travel time.,c:Turning off your signals.",b,Planning extra time for trips reduces stress and helps prevent aggressive driving; also obey traffic laws and use signals.,easy
4,Driving in Special Conditions,"If you stop along the road at night, which lights should you leave on?","a:Headlights (low beams) and emergency flashers,b:All lights off,c:Parking lights only,d:High beams only",a,"If you stop at night, leave your low beam headlights on and use emergency flashers so others can see your vehicle.",medium
3,Safe & Defensive Driving Practices,"If a tire blows out while you are driving, what should you do first?","a:Brake hard immediately.,b:Accelerate to stabilize the car.,c:Hold the steering wheel firmly",c,"Keep control, steer straight, let the vehicle slow gradually, then brake gently and pull off when safe.",medium
4,Driving in Special Conditions,What should drivers do in bad weather regarding following distance?,"a:Increase their following distance.,b:Increase their speed to get through quickly.,c:Decrease their following distance.",a,"In adverse weather, increase the space between your vehicle and the one ahead to give more time to react.",easy
2,"Signs, Signals & Road Markings",What does a single dashed white line separating lanes mean?,"a:Drivers may change lanes or pass when it is safe.,b:Lanes move in opposite directions.,c:Drivers may not pass under any circumstances.",a,Dashed white lines separate lanes moving in the same direction and may be crossed to change lanes or pass if safe.,easy
6,Vehicle Ownership & Responsibilities,"When parking downhill on a two-way street, how should you turn your wheels?","a:Turn them to the left.,b:Turn them toward the curb (to the right).,c:Keep them straight ahead.",b,Turn the wheels toward the curb when parked downhill so the vehicle will roll away from traffic if it moves.,easy
4,Driving in Special Conditions,Which headlights should you use when driving in fog?,"a:High beam headlights.,b:Parking lights.,c:Low beam headlights.",c,Use low beams (and fog lights if equipped) in fog because high beams reflect off the fog and reduce visibility further.,easy
1,Traffic Laws & Rules of the Road,"When changing lanes, what should you do about signaling?","a:Rely only on your mirrors.,b:Signal at least 500 feet in residential areas.,c:Signal before changing lanes and check blind spots by glancing over your shoulder.",c,Signal in advance (about 100 feet in residential areas) and check mirrors and blind spots by looking over your shoulder before changing lanes.,medium
3,Safe & Defensive Driving Practices,Why should you avoid following other vehicles too closely?,"a:You may not see the vehicle's turn signals.,b:You may not see the road between the cars.,c:You may not have time to stop if the vehicle ahead slows suddenly.",c,Maintaining a safe following distance gives you time to react and stop to avoid a rear-end collision.,easy
3,Safe & Defensive Driving Practices,"If your accelerator sticks while driving, what action should you take?","a:Blow your horn to alert other drivers.,b:Slam on your brakes immediately.,c:Turn on your four-way flashers",c,"If the accelerator sticks, turn on hazard lights, apply brakes, shift to neutral, and turn off the ignition only when safe to avoid locking the steering.",difficult
1,Traffic Laws & Rules of the Road,"Unless otherwise posted, what is the speed limit in platted subdivisions?","a:35 mph.,b:45 mph.,c:25 mph.",c,Platted residential subdivision speed limits are typically 25 mph unless posted otherwise.,easy
1,Traffic Laws & Rules of the Road,"When exiting a highway, when should you slow down?","a:On the main road just before the exit lane.,b:Only when you see a toll booth.,c:After you have moved into the exit lane.",c,"Do not slow on the main road before the exit lane; move into the exit lane first, then slow down in the deceleration area.",medium
6,Vehicle Ownership & Responsibilities,"If your car breaks down on a highway, what should you do to warn other drivers?","a:Sound your horn at passing motorists.,b:Use your four-way (hazard) flashers and get off the road if possible.,c:Sit in the vehicle and wait quietly.",b,"If disabled on a highway, signal, move off the roadway if possible, turn on hazard flashers, and lift the hood to warn other drivers.",easy
3,Safe & Defensive Driving Practices,"If you are worried, nervous, angry, or crying, what should you do before driving?","a:Take time to calm down and focus before starting to drive,b:Drive immediately to get it over with,c:Assume you will drive no differently",b,Emotional distress can impair your driving. Take time to calm and refocus before getting behind the wheel.,easy
6,Vehicle Ownership & Responsibilities,"If involved in an accident, what should a driver do at the scene?","a:Not stop,b:Stand in a traffic lane to direct traffic.,c:Stop at or near the scene and avoid standing in traffic lanes.",c,"You must stop at or near the accident scene, move vehicles out of traffic if possible, do not stand in lanes, and turn off ignitions of wrecked vehicles.",easy
2,"Signs, Signals & Road Markings",A regulatory sign with a red circle and a slash through a symbol indicates what?,"a:Drivers should come to a complete stop,b:That some drivers should yield to other drivers,c:That action is forbidden",a,A red circle with a slash over a black symbol indicates the depicted action is prohibited.,easy
7,Special Situations & Road Users,Which of the following is true about emergency vehicles?,"a:They have the right-of-way when using sirens and flashing lights.,b:They may not use loudspeakers to give instructions.,c:You should follow them closely to get out of the way faster.",a,Yield the right-of-way to emergency vehicles using lights or sirens and obey any instructions from their loudspeakers; do not follow closely behind.,easy
3,Safe & Defensive Driving Practices,"When you see a 'Merging traffic' sign on a multi-lane roadway, what should you do?","a:Make room for entering vehicles by changing lanes if safe,b:Always keep your current speed,c:Honk at incoming drivers,d:Stop on the shoulder",a,"On multi-lane roads, move over or adjust speed to allow vehicles to merge safely; if no vehicle beside you, consider moving over one lane.",easy
2,"Signs, Signals & Road Markings",What does a flashing yellow light at an intersection mean?,"a:Stop and wait for a green light.,b:Slow down and proceed with caution.,c:Continue normally at posted speed.",b,"A flashing yellow light signals caution: slow down, look, and proceed carefully if it is safe.",easy
7,Special Situations & Road Users,"If an emergency vehicle with flashing lights is operating nearby, what should you do?","a:Speed up to get out of the way,b:Stop and block its path,c:Make every effort to give the emergency vehicle a clear path of travel",a,Yield the right-of-way by pulling to the curb or side of the road when safe to do so so emergency vehicles can pass quickly.,easy
1,Traffic Laws & Rules of the Road,"If traffic signals at an intersection stop working because of a power outage, how should drivers proceed?","a:Treat the intersection as a four-way stop and yield in turn,b:Park and wait for the power to be restored,c:Turn on hazard lights and proceed without stopping",c,"When signals are not functioning, drivers should yield as they would at a four-way stop: the vehicle that arrives first goes first; proceed with caution when it is your turn.",medium
7,Special Situations & Road Users,What is the “No zone” in relation to large trucks?,"a:An area where loud stereos are not allowed,b:The blind spots around a truck or bus,c:A special reduced speed zone",b,"The “No zone” refers to the truck’s blind spots on the sides, rear, and front where smaller vehicles disappear from view.",easy
3,Safe & Defensive Driving Practices,"If your vehicle begins to skid, which steering action is correct?","a:Keep the front wheels straight at all times.,b:Turn the wheel opposite the direction you want to go.,c:Turn the steering wheel in the direction you want the vehicle to go.",c,"Steer into the skid (in the direction you want to travel); as control returns, correct the steering.",medium
3,Safe & Defensive Driving Practices,Which practice helps prevent crashes by reducing misunderstandings with other road users?,"a:Ignore other drivers.,b:Drive only on side streets.,c:Communicate your intentions to other road users.",c,"Signal changes, use lights, and use the horn when appropriate to let others know your intentions.",easy
3,Safe & Defensive Driving Practices,When is it appropriate to use your horn to warn others?,"a:When passing another car on the road.,b:As a substitute for braking.,c:If another vehicle is in danger of hitting you.",c,Use your horn to alert others to immediate danger or to avoid a collision.,easy
3,Safe & Defensive Driving Practices,"If your wheels drop off the pavement onto the shoulder, how should you return?","a:Stop on the shoulder and wait for help.,b:Brake hard and turn sharply back onto the road.,c:Slow down and very carefully turn back onto the pavement.",c,"Reduce speed without heavy braking, then carefully steer back onto the pavement when safe.",medium
2,"Signs, Signals & Road Markings",What does an arrow painted on the pavement indicate?,"a:Only buses may use the lane,b:Drivers may optionally make that movement,c:Drivers in that lane must make the movement shown,d:Drivers must stop before making that movement",c,"A pavement arrow mandates that drivers in the lane must make the movement indicated, following any other traffic controls.",easy
1,Traffic Laws & Rules of the Road,How far before a turn should you signal under normal driving conditions?,"a:20 feet before the turn,b:As soon as you see the turn,c:At least 100 feet before the turn,d:50 feet before the turn",c,In normal conditions you should signal at least 100 feet before making a turn or lane change.,easy
7,Special Situations & Road Users,What can happen to a bicyclist who does not obey traffic laws?,"a:They are exempt from traffic laws,b:They can be ticketed,c:They will always receive only a warning",b,Bicyclists have the same rights and responsibilities as motorists and may be cited for violating traffic laws.,easy
7,Special Situations & Road Users,"As a pedestrian, what is the safest practice when reaching a street or crosswalk?","a:Always insist on the right-of-way over vehicles,b:Never enter a street or crosswalk when vehicles are approaching,c:Enter a crosswalk at any time because drivers must stop",b,Do not step into a street or crosswalk if vehicles are approaching and it appears they cannot safely stop; watch for driver actions before proceeding.,easy
3,Safe & Defensive Driving Practices,What practice best ensures safety when backing a vehicle?,"a:Check your rearview mirrors only after starting to back up,b:Honk your horn right before shifting into reverse,c:Walk behind the vehicle and check before getting into the driver’s seat",a,"Before backing, walk around the vehicle to check for children, pets, or objects you might not see from the driver’s seat.",easy
1,Traffic Laws & Rules of the Road,Before turning left you should always do which of the following?,"a:Sound your horn.,b:Swing to the right side of your lane.,c:Yield to oncoming vehicles and pedestrians.",c,"When turning left, yield the right-of-way to oncoming traffic and pedestrians before completing the turn.",easy
1,Traffic Laws & Rules of the Road,"If you miss your exit on an interstate, what should you do?","a:Stop and make a U-turn.,b:Back up on the shoulder to reach the exit.,c:Get off at the next exit and come back to the exit you missed.",c,Never back up or make a U-turn on a freeway; proceed to the next exit and safely turn around there.,easy
3,Safe & Defensive Driving Practices,What should be your first response to reduced visibility while driving?,"a:Turn on your windshield wipers.,b:Reduce your speed.,c:Turning on your headlights.",b,Reducing speed should be your initial response to decreased visibility or hazardous conditions; then use lights and wipers as appropriate.,easy
2,"Signs, Signals & Road Markings",What is the most common color for general warning signs?,"a:Green.,b:Yellow.,c:Red.",a,Most warning signs are diamond-shaped and yellow with black symbols or text to alert drivers to hazards.,easy
2,"Signs, Signals & Road Markings",Regulatory signs are usually what color and must be obeyed?,"a:Blue.,b:Green.,c:White.",c,"Regulatory signs (speed limits, no-turn, etc.) are typically white with black markings and are enforceable.",easy
3,Safe & Defensive Driving Practices,"When changing lanes, what steps should you take?","a:Check only mirrors and then change,b:Only signal and change lanes quickly,c:Speed up and move over without signaling,d:Signal",d,"Before changing lanes, signal early, check mirrors and blind spots, and ensure the lane is clear.",easy
3,Safe & Defensive Driving Practices,When is cruise control appropriate to use?,"a:When driving in heavy traffic.,b:When driving in rural areas with light traffic.,c:When roads are slippery from rain or snow.",b,"Cruise control is suitable on open, dry roads with light traffic—not in heavy or slippery conditions.",medium
3,Safe & Defensive Driving Practices,"If there is an oncoming car to your left and a bicyclist to your right, what should you do?","a:Split the difference and pass between both hazards.,b:Let the oncoming car pass first,c:Pull onto the shoulder between them.",b,"When facing multiple hazards, deal with one at a time: let the oncoming vehicle pass, then safely pass the bicyclist.",medium
3,Safe & Defensive Driving Practices,How is distracted driving best characterized?,"a:Nothing to be concerned about,b:Extremely risky behavior,c:Very uncommon",c,"Distracted driving is very risky and increases the chance of collisions with other vehicles, bicyclists, and pedestrians.",easy
7,Special Situations & Road Users,"When sharing the road with trucks, you should remember that trucks generally:","a:Need less time to pass on downgrades.,b:Require a smaller turning radius.,c:Require longer distances to stop than smaller vehicles.",c,"Because of their size and weight, trucks require longer stopping distances than passenger vehicles.",easy
4,Driving in Special Conditions,What is true about driving on a wet roadway?,"a:Deep water is less dangerous than shallow water,b:Water does not affect cars with good tires,c:As speed increases",c,"At higher speeds, tires are less effective at wiping water away, increasing the risk of hydroplaning; slower speeds are safer on wet roads.",medium
2,"Signs, Signals & Road Markings",Orange-colored road signs typically indicate what?,"a:Work zones.,b:Regulatory requirements.,c:School zones.",a,Orange signs are used to warn about highway work zones and the presence of workers or equipment.,easy
1,Traffic Laws & Rules of the Road,"If you encounter an intersection that is blocked by traffic ahead, what should you do?","a:Stay out of the intersection until you can completely pass through,b:Get as close as possible to the car in front of you,c:Proceed slowly into the intersection until traffic clears",c,Do not enter an intersection unless you can clear it without stopping; blocking the intersection is prohibited and unsafe.,easy
3,Safe & Defensive Driving Practices,"During normal weather and traffic conditions, what minimum following distance should you maintain?","a:One second,b:Two seconds,c:Three to four seconds",a,Keep a minimum following distance of three to four seconds in normal conditions; increase it during bad weather or heavy traffic.,medium
1,Traffic Laws & Rules of the Road,When must you yield to other drivers?,"a:When entering a street from a garage, alley, or driveway.,b:When your traffic signal is a green arrow.,c:Only when signs indicate.",a,"You must yield to drivers on the public road when entering from a driveway, alley, or garage and to pedestrians on sidewalks.",easy
1,Traffic Laws & Rules of the Road,"If a stop is required at an intersection but no stop line or crosswalk is marked, where should you stop?","a:At least 200 feet from either side,b:At the curb,c:Where you can see clearly without entering the intersection,d:Anywhere convenient",a,"If there is no stop line or crosswalk, stop at the point nearest the intersecting roadway where you can see approaching traffic without entering the intersection.",medium
6,Vehicle Ownership & Responsibilities,Is it acceptable to park in an access aisle next to a disability parking space?,"a:When you have a disability placard.,b:When all other spaces are full.,c:No — under no circumstances.",c,Access aisles must remain clear for mobility access; parking in them is prohibited and is a traffic infraction.,easy
4,Driving in Special Conditions,Hydroplaning is most often caused by which of the following?,"a:Sudden stops,b:Sudden turns,c:Driving too fast for wet conditions so tires cannot clear water",a,"At higher speeds, tires may be unable to clear water from the road and can lose contact with the pavement, causing hydroplaning.",medium
3,Safe & Defensive Driving Practices,"If you are waiting to turn left at a multilane intersection and opposing traffic blocks your view, what should you do?","a:Accelerate rapidly when the first lane is clear,b:Wait until you can see all lanes you must cross before turning,c:Wave for an oncoming driver to let you go",b,Do not begin a left turn until you can see that all lanes you must cross are clear and it is safe to complete the turn.,medium
6,Vehicle Ownership & Responsibilities,What hazards do worn or bald tires present?,"a:They can make turning more difficult,b:They are more likely to hydroplane,c:They can increase your stopping distance",c,"Tires with insufficient tread increase stopping distance, reduce traction, and raise the risk of hydroplaning.",medium
1,Traffic Laws & Rules of the Road,"When changing lanes on a highway, which actions should you take?","a:Signal only if traffic is present.,b:Change lanes quickly without checking.,c:Signal",c,"Proper lane change: signal early, check rearview and side mirrors, and glance over your shoulder to check blind spots.",easy
6,Vehicle Ownership & Responsibilities,How should a seat belt be positioned to be effective?,"a:Hidden beneath the seat.,b:Kept loose for comfort.,c:Buckled snugly across your hip bones and lower abdomen.",c,Lap belts should fit low across the hips and shoulder belts should lie comfortably across the chest to protect occupants.,easy
6,Vehicle Ownership & Responsibilities,What danger can a leaking exhaust system cause?,"a:Excessive oil use,b:Carbon monoxide poisoning that can make you drowsy or cause death,c:Better fuel efficiency,d:Earlier tune-ups needed",b,"A leaking exhaust can allow toxic fumes into the vehicle, causing drowsiness or death; have leaks repaired immediately.",difficult
3,Safe & Defensive Driving Practices,How should you check blind spots before changing lanes?,"a:Use the outside rearview mirror only.,b:Use the inside rearview mirror only.,c:Turn your head to look over your shoulder to check blind spots in addition to mirrors.",c,Mirrors do not show everything; always turn your head and check blind spots before every lane change.,easy
3,Safe & Defensive Driving Practices,"When preparing to change lanes, what checks should you make?","a:Quickly turn your head to check for vehicles in the blind spot,b:Check only your side-view mirror,c:Check side and rearview mirrors and glance over your shoulder for blind-spot checks",c,"Before moving into another lane, check side and rearview mirrors and then quickly glance over your shoulder to check the blind spot.",easy
7,Special Situations & Road Users,Why should you be extra cautious when passing a bicycle?,"a:Bicycles must stay to the far right and not swerve.,b:The bicycle always has the right-of-way.,c:Oncoming traffic may not see you as you move out to pass.",c,Bicyclists may swerve to avoid hazards and oncoming traffic may not expect you to pull out to pass.,easy
1,Traffic Laws & Rules of the Road,On which signal do you have the right-of-way to turn left?,"a:Green arrow pointing left,b:Solid green light,c:Flashing yellow light,d:Red arrow",a,A steady green arrow gives you the right-of-way to turn in the arrow's direction; oncoming traffic must stop for turning traffic.,easy
3,Safe & Defensive Driving Practices,What risk do drivers who eat or drink while driving face?,"a:They have trouble staying in their lanes and controlling their vehicles.,b:They make no driving errors.,c:They are better drivers because they aren't hungry.",a,"Eating or drinking while driving requires removing hands and eyes from driving tasks, making lane control and vehicle control more difficult.",easy
1,Traffic Laws & Rules of the Road,When are you legally required to stop your vehicle?,"a:At a stop sign, a red light, or when directed by a traffic officer,b:Only at stop signs,c:Only when a police officer signals you,d:Only when other vehicles are present",a,"You must stop at stop signs, red signals, and whenever a traffic officer orders you to stop.",easy
3,Safe & Defensive Driving Practices,"When passing a large vehicle, what should a driver of a small vehicle be prepared for?","a:Wind gusts that can affect vehicle control,b:Loud music from the large vehicle,c:Lower fuel efficiency,d:Extra lighting glare",a,Large vehicles can create strong wind gusts that can push smaller vehicles; be prepared to correct steering when passing.,medium
2,"Signs, Signals & Road Markings",What does a flashing red light at an intersection mean?,"a:You do not have to stop completely.,b:The traffic signal is broken.,c:The same as a stop sign — come to a complete stop.",c,"A flashing red light requires a full stop, yielding to other traffic and pedestrians before proceeding when safe.",easy
7,Special Situations & Road Users,"If stopped at a railroad crossing with more than one track, when is it safe to proceed?","a:Go through as soon as the first train passes,b:Start across after watching the first track,c:Wait until you have a clear view of all tracks",c,"After a train passes, do not proceed until you can see clearly down all tracks. A second train may be approaching on another track.",medium
3,Safe & Defensive Driving Practices,What should you do when driving to an unfamiliar area?,"a:Depend entirely on road signs to find your way.,b:Only have a general idea of your destination.,c:Plan your trip in advance.",c,"Before going into unfamiliar areas, plan your route using maps or directions so you avoid last-minute maneuvers and confusion.",easy
4,Driving in Special Conditions,"When driving in fog, which lights should you use?","a:High beam headlights,b:Low beam headlights,c:Interior dome light,d:Parking lights only",b,"Use low beam headlights in fog, rain, or snow to get better illumination without glare.",easy
7,Special Situations & Road Users,"When approaching a railroad crossing, under which condition must you always stop?","a:If a crossing gate is lowered,b:If the crossing lights are flashing,c:If a stop sign is posted",c,"Stop when gates are lowered, red lights flash, a stop sign is posted, a flagger signals, or a train is visible or so close that continuing would be hazardous.",medium
1,Traffic Laws & Rules of the Road,"When making a right turn on green, what must you do?","a:Maintain normal speed without checking,b:Stop unless a sign says otherwise,c:Yield to pedestrians and other traffic in the intersection,d:Turn wide into other lanes",c,"You may turn on a steady green unless prohibited, but you must yield to pedestrians and other traffic.",easy
1,Traffic Laws & Rules of the Road,"If the centerline has a solid yellow line next to a broken yellow line and the broken line is on your side, you may:","a:Pass only on expressways.,b:Pass when the way ahead is clear.,c:Only pass in an emergency.",b,"If the broken line is next to your lane, you may pass by crossing the centerline when it is safe and there is no oncoming traffic.",medium
5,"Alcohol, Drugs & Impaired Driving",How does drinking alcohol while taking drugs typically affect you?,"a:It decreases the effects of the drugs and alcohol.,b:It helps cure your illness.,c:It increases the effects of both the drugs and alcohol.",c,Combining alcohol and drugs can increase their effects and make it more dangerous to operate a vehicle.,medium
1,Traffic Laws & Rules of the Road,You want to make a left turn on a green light but heavy oncoming traffic is present. What should you do?,"a:Use the next intersection instead without entering the intersection.,b:Wait in the center of the intersection regardless of the light.,c:Enter the intersection to wait for a gap if the light is green and it's safe to prepare for the turn.",c,"If the light is green and it is safe, you may enter the intersection to prepare for a left turn; yield to oncoming traffic and turn when clear.",medium
3,Safe & Defensive Driving Practices,When must you allow a larger space cushion than usual when stopped?,"a:At a stop sign,b:At an intersection,c:When you are stopped on an uphill slope",c,Allow more space in front of your vehicle when stopped on an uphill slope because the vehicle ahead could roll back when traffic moves again.,easy
5,"Alcohol, Drugs & Impaired Driving",What is the only effective way to lower your blood alcohol concentration (BAC)?,"a:Drink coffee to sober up.,b:Allow your body time to eliminate the alcohol.,c:Exercise.",b,"Only time allows your body to metabolize alcohol and reduce BAC; coffee, exercise, or cold showers do not lower BAC.",easy
3,Safe & Defensive Driving Practices,"If you see an animal on the roadway, what is the correct action?","a:Pass as closely as possible,b:Slow and pass the animal slowly to avoid startling it,c:Ignore it and keep speed,d:Honk repeatedly",b,Be cautious when animals are on the road; pass slowly to avoid frightening them and creating a hazard.,easy
7,Special Situations & Road Users,On a two-lane street you're followed by a fire engine not using lights or siren. What should you do?,"a:Stop immediately.,b:Speed up to get out of the way.,c:Continue driving normally.",c,"If an emergency vehicle behind you is not using lights or siren, you do not need to clear the path; continue normally.",easy
1,Traffic Laws & Rules of the Road,"When turning or changing lanes, what must you always do?","a:Signal only if other vehicles are present.,b:Signal only when driving at night.,c:Signal your intentions in advance.",c,"Always use your signal when changing lanes, turning, or pulling from a curb so other road users know your plans.",easy
1,Traffic Laws & Rules of the Road,"If two drivers arrive at a four-way stop simultaneously, who has the right-of-way?","a:One driver may proceed without stopping.,b:The driver on the right.,c:The driver on the left.",b,"When two drivers arrive at the same time at a four-way stop, yield to the driver on your right and proceed when safe.",easy
1,Traffic Laws & Rules of the Road,"Unless posted otherwise, what is the speed limit on state highways?","a:25 mph.,b:55 mph.,c:35 mph.",b,"Unless posted otherwise, the speed limit on state highways is 55 mph; follow posted limits where different.",easy
2,"Signs, Signals & Road Markings",An octagonal road sign always indicates what?,"a:No parking,b:Speed limit,c:Stop,d:Yield",c,An eight-sided (octagonal) sign is always a stop sign; you must come to a complete stop.,easy
2,"Signs, Signals & Road Markings",When may you drive across a dashed white line?,"a:Any time without caution,b:When it is safe to change lanes,c:Only during daylight hours,d:Only when signaling",b,Dashed white lines separate lanes moving the same direction and may be crossed to change lanes when safe.,easy
1,Traffic Laws & Rules of the Road,"At an uncontrolled intersection where you arrive at the same time as a vehicle to your right, what should you do?","a:Yield to the vehicle on your right.,b:Speed up to get through first.,c:Assume the other vehicle will stop.",a,"At an uncontrolled intersection, the vehicle on the right has the right-of-way when vehicles arrive simultaneously.",easy
2,"Signs, Signals & Road Markings",What does a flashing yellow arrow for left turns mean?,"a:Left turns are prohibited,b:You may turn left only after yielding to oncoming traffic and pedestrians,c:You must stop completely before turning,d:You may turn without yielding",b,A flashing yellow arrow means left turns are permitted but you must yield to oncoming traffic and pedestrians.,medium
4,Driving in Special Conditions,Which parts of the road freeze first and dry last during cold weather?,"a:Roads in the sun,b:Flat open areas,c:Sections shaded by trees or buildings",c,Shaded sections of the road can freeze sooner and remain icy longer than other areas; take extra care in shaded spots.,medium
7,Special Situations & Road Users,May you drive around or under a railroad crossing gate that is being lowered or raised?,"a:Only if your vehicle can do so without damaging the gate.,b:No,c:If an approaching train is not too close.",b,Do not cross when gates are down or moving; flashing red lights and lowered gates require you to stop until the crossing is fully clear and gates are up.,medium
2,"Signs, Signals & Road Markings",What does a diamond-shaped road sign mean?,"a:Warning of existing or possible hazards ahead.,b:Alerting to school zones.,c:Indicating public recreational areas.",a,Diamond-shaped signs (usually yellow or orange) warn drivers of possible hazards or changing road conditions.,easy
1,Traffic Laws & Rules of the Road,What is the correct way to use a freeway exit ramp?,"a:Slow down before you enter the exit ramp,b:Keep your speed constant while on the exit ramp,c:Slow down once you have moved onto the exit ramp",a,Do not slow down on the freeway travel lanes; reduce your speed once you are on the exit ramp where it is safe to do so.,medium
1,Traffic Laws & Rules of the Road,"If another driver cuts you off, what is the safest response?","a:Let it go and continue driving safely,b:Pull next to them and yell,c:Flash your high beams aggressively,d:Brake-check them",a,"To avoid road rage and danger, do not respond aggressively if cut off; let it go and maintain safe driving behavior.",easy
3,Safe & Defensive Driving Practices,How should you check a blind spot before changing lanes?,"a:Only check the rearview mirror.,b:Only check the side mirror.,c:Glance over your shoulder toward the direction you plan to move.",c,Turn your head and look over your shoulder to check for vehicles in the blind spot before moving over.,easy
2,"Signs, Signals & Road Markings",Lanes of traffic moving in opposite directions are divided by what color lines?,"a:Red lines.,b:White lines.,c:Yellow lines.",c,Yellow lines are used to divide traffic moving in opposite directions.,easy
3,Safe & Defensive Driving Practices,Which describes an inattentive driver?,"a:Someone who daydreams or stares off the roadway while driving.,b:Someone who maintains eye contact with a passenger while driving.,c:Someone who watches only the vehicle directly ahead.",a,Distractions like daydreaming or looking away reduce situational awareness and increase crash risk.,easy
3,Safe & Defensive Driving Practices,Which factor(s) affect braking distance?,"a:The speed your vehicle is traveling,b:The condition of your brakes and tires,c:All of the above",c,"Braking distance is influenced by vehicle speed, the condition of brakes and tires, and pavement conditions among other factors.",medium
5,"Alcohol, Drugs & Impaired Driving",Which of these is NOT an effect of drinking alcohol?,"a:Your reflexes and reaction time slow down,b:Your judgment of speed and distance is distorted,c:You become more alert",c,"Alcohol impairs vision, judgment, reaction time, and alertness; it makes drivers less safe, not more alert.",medium
6,Vehicle Ownership & Responsibilities,How close to a railroad crossing are you allowed to park?,"a:You may not park within 100 feet of a railroad crossing.,b:You may not park within 50 feet of a railroad crossing.,c:You may not park within 75 feet of a railroad crossing.",b,Do not park within 50 feet of a railroad crossing to ensure clear visibility and safe passage of trains.,easy
1,Traffic Laws & Rules of the Road,"If two vehicles arrive at an intersection at the same time from different highways, who yields?","a:Either one may go first,b:The larger vehicle yields,c:The vehicle on the right yields,d:The vehicle on the left yields to the vehicle on the right",d,"When two vehicles reach an intersection simultaneously, the driver on the left must yield to the driver on the right.",easy
5,"Alcohol, Drugs & Impaired Driving",Which effect does alcohol have on drivers?,"a:Slows reflexes and reaction time,b:Makes you more alert,c:Helps you sleep better while driving,d:Improves coordination",a,"Alcohol is a depressant that slows brain activity, decreasing reaction time and impairing judgment needed for safe driving.",easy
4,Driving in Special Conditions,"When roads are slippery, what should you do regarding following distance?","a:Reduce your following distance,b:Ignore following distances,c:Increase your following distance,d:Keep the same distance as on dry roads",c,"On slippery roads you need a greater distance to stop, so increase following distance to improve safety.",easy
3,Safe & Defensive Driving Practices,"If an aggressive driver cuts you off, how should you respond?","a:Call the police immediately from the roadway.,b:Stay calm and move out of the aggressive driver's way.,c:Flash your lights to signal they are wrong.",b,Remain calm and get out of the aggressive driver's way; trying to retaliate increases danger and escalation.,easy
5,"Alcohol, Drugs & Impaired Driving",About how much alcohol does the average body eliminate per hour?,"a:One standard drink per hour.,b:Two drinks per hour.,c:Three drinks per hour.",a,"On average, the body processes about one standard alcoholic drink per hour, though many factors affect impairment.",difficult
1,Traffic Laws & Rules of the Road,What does a posted speed limit sign indicate?,"a:The maximum safe driving speed under ideal road and weather conditions.,b:Only a recommended driving speed.,c:The exact speed you must travel to avoid a ticket.",a,Speed limit signs show the maximum legal speed under ideal conditions; you must drive slower when conditions require it.,easy
4,Driving in Special Conditions,Why must drivers exercise increased caution at night?,"a:Traffic is denser at night,b:There is a larger volume of traffic at night,c:Visibility is reduced after dark",a,"Because visibility is reduced after dark, drivers cannot see as well; headlights are required from half an hour after sunset until half an hour before sunrise or whenever persons or vehicles are not visible for 500 feet.",easy
3,Safe & Defensive Driving Practices,"When parking uphill on a street with a curb, how should you position your front wheels?","a:Keep the front wheel straight and set the parking brake.,b:Turn the front wheels away from the curb.,c:Turn the front wheels toward the curb.",b,"When parking uphill with a curb, turn your wheels away from the curb so the vehicle will roll away from traffic if brakes fail.",easy
3,Safe & Defensive Driving Practices,What should you do before changing lanes on a multilane highway?,"a:Turn on your headlights,b:Sound your horn to alert other drivers,c:Check your mirrors and blind spot and then signal",a,"Before changing lanes, check rearview and side mirrors and quickly glance over your shoulder to check the blind spot, then signal and change lanes when safe.",medium
2,"Signs, Signals & Road Markings",A speed advisory sign attached to a curve means what?,"a:You may ignore it in bad weather,b:It is triangular,c:The recommended safe speed for the curve; reduce speed in wet/icy conditions,d:It is blue with black lettering",c,Advisory speed signs recommend a safe speed for the curve; drivers must use lower speeds in adverse conditions.,medium
1,Traffic Laws & Rules of the Road,When should you not pass other vehicles?,"a:All of the above,b:When your view is blocked by a curve or hill,c:When school bus lights are flashing or at intersections,d:Before or on a railroad crossing",b,"Do not pass in no-passing zones, at intersections, on hills or curves with limited visibility, at railroad crossings, or when a school bus is stopped with red lights.",easy
4,Driving in Special Conditions,Why is night driving generally more difficult than daytime driving?,"a:Cars overheat more at night.,b:It is more likely to rain at night.,c:Visibility is reduced in the dark.",c,Reduced visibility at night makes it harder to see hazards and judge distances; use headlights and slow down.,easy
3,Safe & Defensive Driving Practices,"When passing a vehicle that has just parked along the road, what should you assume?","a:The driver may open the car door or step out, so use extra caution.,b:That the driver will respect your right-of-way.,c:You should slam on your brakes.",a,Assume someone could exit the parked vehicle or a door could open; leave space and be cautious when passing.,easy
2,"Signs, Signals & Road Markings",Where are stop lines (solid white lines across traffic lanes) typically painted?,"a:Next to churches and schools,b:In curves and on hills,c:At mailboxes,d:At intersections and pedestrian crosswalks",d,Stop lines are painted across lanes at intersections and pedestrian crosswalks to indicate where drivers must stop.,easy
3,Safe & Defensive Driving Practices,Why is it important to allow a space cushion around your vehicle?,"a:To keep traffic moving faster.,b:To allow time to react to unexpected situations.,c:To prevent distractions.",c,A space cushion gives you time and room to respond to other drivers' mistakes or sudden hazards.,easy
7,Special Situations & Road Users,How should you regard railroad crossings?,"a:Safe to cross because trains are unlikely,b:Dangerous and to be approached with caution,c:Safe places to park temporarily",b,"Railroad crossings are potentially dangerous; always look and listen for trains and obey signs, signals, and flaggers.",easy
3,Safe & Defensive Driving Practices,"Before backing out of a driveway where children are playing nearby, what should you do?","a:Sound your horn so the children will hear you.,b:Walk to the rear of the vehicle to make sure the way is clear.,c:Rev your engine to warn the children that you are moving.",b,"Exit the vehicle and check behind it before backing up; do not rely solely on mirrors, especially when children are nearby.",easy
1,Traffic Laws & Rules of the Road,How should drivers treat a flashing red traffic light?,"a:Treat it like a stop sign and stop,b:Continue driving,c:Drive through if there is no crossing traffic",c,"A flashing red light means stop; proceed only when it is safe to do so, just like a stop sign.",easy
1,Traffic Laws & Rules of the Road,When can you proceed through an intersection controlled by a stop sign but with no stop line or crosswalk?,"a:After signaling for a turn,b:After slowing down and checking for traffic,c:After stopping at least 20 feet before the intersection,d:After coming to a complete stop before entering and ensuring it is safe to proceed",d,"Stop before entering the intersection where a stop sign is present; if no stop line or crosswalk, stop before entering and proceed when safe.",medium
5,"Alcohol, Drugs & Impaired Driving",Drivers who have consumed alcohol before driving typically:,"a:Are always aware of the risks they are taking.,b:Become better drivers because they are more careful.,c:Do not have sufficient control over their bodies",c,"Alcohol impairs judgment, vision, concentration, and reaction time; it is unsafe to drive after drinking.",easy
7,Special Situations & Road Users,"When you see an emergency vehicle using lights or siren, what must you do?","a:Slow down and remain in your lane,b:Keep driving at the same speed,c:Pull to the right curb and stop until it passes",c,Immediately pull over to the curb or side of the road and stop to allow the emergency vehicle a clear path of travel.,easy
4,Driving in Special Conditions,What should you do on slippery roads regarding speed?,"a:Speed up to avoid skidding,b:Slow down below the posted limit if necessary,c:Drive the posted speed limit regardless,d:Use cruise control to maintain steady speed",b,Reduce speed at the first sign of slippery conditions and avoid using cruise control; safety may require going below the posted limit.,easy
7,Special Situations & Road Users,A person walking with a white cane or guide dog is most likely:,"a:A person in a traffic study.,b:A blind person.,c:A deaf person.",c,Drivers must always yield the right-of-way to pedestrians who are blind and using a white cane or guide dog.,easy
1,Traffic Laws & Rules of the Road,When should you drive below the posted speed limit?,"a:When you see a police car,b:When entering a highway with other cars present,c:When conditions make driving less than perfect",c,"Drive below the posted speed when roads are wet, visibility is poor, or anything makes conditions less than ideal for safe driving.",medium
3,Safe & Defensive Driving Practices,"When passing a parked vehicle, what should you be prepared for?","a:To honk to alert drivers and pedestrians to your presence.,b:All other drivers to respect your right-of-way.,c:A person or vehicle to suddenly enter your lane.",c,Keep space between your vehicle and parked cars and be ready for someone to open a door or step into your path.,easy
5,"Alcohol, Drugs & Impaired Driving","If you drink socially, what measure helps ensure safe travel home?","a:Take a cold shower before driving.,b:Ride home with a friend who has not been drinking.,c:Drink coffee before driving.",b,"Arrange a sober ride home rather than relying on coffee or showers, which do not reduce BAC; on average the body needs about an hour to process one drink.",easy
3,Safe & Defensive Driving Practices,What is the best way to handle a tailgater?,"a:Ignore and maintain speed,b:Speed up to distance yourself,c:Change lanes or gradually slow to encourage them to pass,d:Slam on your brakes to scare them",c,"If someone is tailgating you, safely change lanes or gradually reduce speed to let them pass; do not brake-check or escalate.",easy
1,Traffic Laws & Rules of the Road,You must not drive faster than which of the following?,"a:The posted maximum speed limit,b:A speed that is safe for existing conditions,c:A speed that is faster than is reasonable and prudent for conditions",a,"You must never drive faster than is reasonable and prudent given weather, traffic, road, and visibility conditions; obey posted speed limits.",medium
2,"Signs, Signals & Road Markings",A flashing yellow traffic light indicates what?,"a:Speed up to clear the intersection quickly,b:Slow down and proceed with caution,c:Stop and wait for a green light",c,A flashing yellow light warns you to slow down and proceed through the intersection with caution.,easy
1,Traffic Laws & Rules of the Road,Where is passing another vehicle unsafe and therefore prohibited?,"a:When you have a clear view of the road ahead.,b:When next to a broken yellow line.,c:On a hill or curve with limited visibility.",c,Do not pass on hills or curves where you cannot see oncoming traffic or the road ahead clearly.,easy
1,Traffic Laws & Rules of the Road,What should you do when approaching an intersection with a flashing yellow light?,"a:Stop and wait for the light to change,b:Make a U-turn because the intersection is closed,c:Drive carefully through the intersection",a,A flashing yellow light means proceed with caution. Slow down and watch for cross-traffic before continuing.,easy
7,Special Situations & Road Users,"When driving near a motorcycle, what must you allow it?","a:The use of a complete lane.,b:To share only half a lane.,c:To drive on the shoulder beside you.",a,Motorcycles are entitled to a full lane and need room to maneuver safely.,easy
5,"Alcohol, Drugs & Impaired Driving",What happens when you take drugs along with alcohol?,"a:It is no more dangerous than alcohol alone.,b:The combination increases the risk of causing a crash.,c:It lessens alcohol's effects.",b,"Combining alcohol with drugs (prescription, over-the-counter, or illegal) increases impairment and crash risk.",medium
7,Special Situations & Road Users,What should drivers know about large trucks?,"a:They do not require extra space to turn,b:They can stop more quickly than passenger vehicles,c:They have large blind spots and need more room to maneuver",c,Large trucks have bigger blind spots and require more room to maneuver and stop. Avoid lingering in a truck’s blind spots.,easy
1,Traffic Laws & Rules of the Road,"Before passing on a multilane highway, what is essential?","a:Ensure the passing lane is clear and signal before changing lanes.,b:Always pass only on the right.,c:Assume oncoming traffic will yield.",a,Only pass when the lane you want is clear and you have signaled; check mirrors and blind spots.,easy
5,"Alcohol, Drugs & Impaired Driving",Which effects can alcohol have on a driver?,"a:Impaired thinking ability and coordination.,b:Slowed reaction time.,c:False sense of confidence.",b,"Alcohol dulls judgment, slows reactions, and impairs coordination and vision; it can produce false confidence.",medium
4,Driving in Special Conditions,"Compared to daytime driving, how dangerous is night driving?","a:Only riskier in rural areas,b:Less dangerous,c:More dangerous because visibility is reduced and there may be more impaired or tired drivers,d:No more or less dangerous",c,"Night driving is more hazardous due to reduced visibility, glare, and a higher proportion of impaired or drowsy drivers.",medium
1,Traffic Laws & Rules of the Road,"After completing a left turn from a two-way street onto a one-way street, where should your vehicle be positioned?","a:In the center of the street,b:In the right lane,c:Any lane is acceptable,d:In the left lane of the one-way street",d,"When turning left from a two-way onto a one-way street, finish the turn in the left lane closest to the lane you left.",easy
2,"Signs, Signals & Road Markings",Signs that warn drivers about hazardous conditions are called what?,"a:Information signs.,b:Regulatory signs.,c:Warning signs.",c,Warning signs alert drivers to potentially hazardous conditions ahead and should be obeyed to avoid accidents.,easy
1,Traffic Laws & Rules of the Road,What does a steady green light at an intersection permit you to do?,"a:Must slow down and prepare to stop.,b:Must stop and check for oncoming traffic before proceeding.,c:Drive through the intersection if the road is clear.",c,A steady green light means you may proceed through the intersection when it is safe; yield to pedestrians and vehicles already in the intersection.,easy
4,Driving in Special Conditions,What should you do to drive safely at night?,"a:Not drive if you are tired.,b:Only drive with high beams on.,c:Increase your following distance and ensure headlights work properly.",c,Night driving reduces visibility; increase following distance and make sure headlights are functioning.,medium
1,Traffic Laws & Rules of the Road,"If an officer is directing traffic at an intersection with working signals, what should you do?","a:Obey the traffic light,b:Honk to get the officer's attention,c:Follow only traffic signs,d:Obey the officer's directions",d,"When an officer is directing traffic, drivers, pedestrians, and cyclists must follow the officer's directions rather than traffic signals.",easy
1,Traffic Laws & Rules of the Road,"When you see a flashing red light at an intersection, how should you respond?","a:Slow and proceed if no one else is coming,b:Stop only if other cars are approaching,c:Treat as a yield sign,d:Stop completely and proceed only when safe",d,"A flashing red light means the same as a stop sign: come to a full stop, yield, and go when safe.",easy
5,"Alcohol, Drugs & Impaired Driving","As alcohol accumulates in your blood, which of the following occurs?","a:Your body metabolizes alcohol faster,b:You become more coordinated,c:You become less confident,d:Reaction times slow and errors increase",d,"Alcohol slows reaction time, increases confidence but reduces judgment, and leads to more driving errors.",medium
4,Driving in Special Conditions,Which of these lowers the risk of hydroplaning?,"a:Do not speed on wet roads.,b:All of the above.,c:Use tires with proper air pressure and good tread.",a,Avoiding excessive speed and maintaining proper tire pressure and tread depth all reduce hydroplaning risk.,medium
6,Vehicle Ownership & Responsibilities,When should drivers use the parking brake?,"a:Only when parked in a driveway.,b:Only when parking on an incline.,c:Every time they park.",c,"Always set the parking brake when parking, turn off the engine, take the keys, and lock the vehicle.",easy
2,"Signs, Signals & Road Markings","If your vehicle’s turn signals fail, what should you use to indicate a turn?","a:Headlights.,b:Your horn.,c:Hand signals.",c,Use standard hand signals when your vehicle’s turn signals are not functioning.,easy
3,Safe & Defensive Driving Practices,When does your vehicle's stopping distance increase?,"a:When driving in daylight with good visibility.,b:On paved highways in good conditions.,c:On a wet or icy road.",c,"Stopping distances increase on wet, icy, gravel, or otherwise slippery surfaces and in poor traction conditions.",medium
7,Special Situations & Road Users,When must you stop at a railroad crossing?,"a:Only if directed by a police officer.,b:Only if a train is visible from a distance.,c:When flashing red signals and gates are operating.",c,Stop when flashing red signals and gates are active or if directed by a flagger or stop sign; do not cross until signals stop and gates are fully raised.,easy
6,Vehicle Ownership & Responsibilities,Where is parking prohibited?,"a:In a parking lot.,b:On a hill.,c:On a crosswalk or in a marked bicycle lane.",c,"It is unlawful to park on a crosswalk or in a marked bicycle lane; when parking on a street, stay within 12 inches of the curb.",easy
1,Traffic Laws & Rules of the Road,"Before changing lanes from the right to the left on a multilane highway, what should you check?","a:Turn on your hazard lights,b:Sound your horn,c:Look over your left shoulder to check your blind spot,d:Only look in your rearview mirror",c,Always check mirrors and look over your shoulder to verify the blind spot is clear before changing lanes; signal as well.,easy
1,Traffic Laws & Rules of the Road,You approach an intersection with a green light but pedestrians are crossing against the red. What should you do?,"a:Honk your horn and proceed.,b:Speed up and pass in front of the pedestrians.,c:Stop to let the pedestrians cross safely.",c,Yield to pedestrians and vehicles in the intersection even if you have a green light; be extra cautious around pedestrians.,easy
1,Traffic Laws & Rules of the Road,When may you not cross a single broken white or yellow line?,"a:When the car in front of you is disabled.,b:When doing so would interfere with traffic.,c:When turning left into a driveway.",b,You may cross a single broken line to pass or change lanes as long as you can do so safely and without interfering with traffic.,easy
3,Safe & Defensive Driving Practices,"If another driver is aggressive toward you, what should you do?","a:Flash lights angrily,b:Cut them off to slow them down,c:Retaliate by tailgating,d:Avoid eye contact",d,"If threatened by an aggressive driver, stay calm, slow down, let them pass, and avoid eye contact or gestures.",easy
1,Traffic Laws & Rules of the Road,"If you see a vehicle entering your lane from an entrance ramp on the freeway, what should you do?","a:Speed up to pass them,b:Honk so they will yield,c:Change lanes or slow to allow them room to merge",c,Make room for vehicles entering the freeway by changing lanes or reducing speed so they can merge safely.,medium
4,Driving in Special Conditions,How should you negotiate turns when the roads are slick?,"a:Change lanes quickly,b:Accelerate rapidly through the turn,c:Take turns more slowly than usual",c,Approach turns and curves at slower speeds than normal in slippery conditions to maintain control.,easy
1,Traffic Laws & Rules of the Road,"If a crossing guard is directing traffic in a school zone, what must you do?","a:Assume the guard is not authorized to direct traffic.,b:Follow the crossing guard's directions.,c:Ignore the guard and copy surrounding traffic.",b,"Always be prepared to reduce speed and exercise caution when directed by a crossing guard, sign, or an officer; follow their instructions in school zones.",easy
1,Traffic Laws & Rules of the Road,"When passing on a two-lane road with opposite traffic, when should you return to your lane?","a:Return immediately after passing.,b:When there's enough room between you and the vehicle you passed.,c:Only if you plan to turn left.",b,"After passing, return to the right lane only when you can see the passed vehicle in your rearview mirror and there is enough space.",medium
2,"Signs, Signals & Road Markings",What does a red arrow displayed on a traffic signal mean?,"a:Stop and remain stopped until a green light or arrow appears,b:Stop then proceed when clear,c:Proceed slowly through the intersection",c,A red arrow requires a full stop and you must remain stopped until a green light or green arrow authorizes movement.,medium
2,"Signs, Signals & Road Markings",What must a driver do when approaching a flashing red traffic signal?,"a:Stop, yield to traffic and pedestrians, and proceed only when safe.,b:Slow down and proceed without stopping.,c:Merge to the right immediately.",a,"A flashing red signal requires a full stop and yielding to others, like a stop sign.",easy
3,Safe & Defensive Driving Practices,What helps conserve gasoline while driving?,"a:Slowing down gradually to avoid unnecessary braking,b:Sitting in drive with the car running,c:Accelerating quickly from stops",b,"Looking ahead and slowing gradually reduces the need for frequent acceleration and braking, which improves fuel efficiency.",easy
7,Special Situations & Road Users,"On a road without sidewalks, which side should a pedestrian walk on?","a:The same side as traffic is moving,b:The side with the lightest traffic,c:The side facing oncoming traffic",b,Pedestrians should walk facing oncoming traffic so they can see approaching vehicles and better avoid hazards.,easy
3,Safe & Defensive Driving Practices,What is the most common cause of traffic crashes?,"a:New drivers.,b:Human error.,c:Bad weather.",b,"Most crashes occur due to human error, such as failing to see other vehicles or making unexpected moves.",easy
1,Traffic Laws & Rules of the Road,"If you reach an intersection wanting to turn but are not in the proper lane, what should you do?","a:Drive to the next intersection and make the turn from the proper lane.,b:Quickly cut across traffic to make the turn.,c:Turn on your blinker and make the turn from your current lane.",a,Do not make last-minute turns; continue to the next intersection and make the turn from the correct lane.,easy
1,Traffic Laws & Rules of the Road,When should you always use your turn signal?,"a:When changing lanes or pulling into traffic from a parking area or curb.,b:Only when other traffic is present.,c:Only during the maneuver itself.",a,"You must signal each time you change lanes, pull into traffic, or leave a curbside parking space to inform other drivers of your intentions.",easy
5,"Alcohol, Drugs & Impaired Driving",Which of these will sober a person who has been drinking?,"a:Tomato juice and lime.,b:Hot coffee.,c:Time.",a,Only time allows the body to metabolize alcohol and reduce impairment; remedies like coffee do not sober someone.,easy
2,"Signs, Signals & Road Markings",What does a 'No stopping' sign generally allow you to do?,"a:Stop to discharge passengers at any time.,b:Stop long enough to unload packages.,c:Stop only to avoid a conflict with other traffic or obey a police officer or traffic signal.",c,"'No stopping' means you may only stop to obey traffic signals or police, or to avoid conflict with other traffic; you may not stop for convenience.",medium
1,Traffic Laws & Rules of the Road,What does a steady yellow traffic signal at an intersection mean?,"a:Yield to other cars.,b:Go.,c:Slow down and prepare to stop.",c,A steady yellow indicates the light is about to turn red; slow down and prepare to stop unless you are already in the intersection or cannot stop safely.,easy
5,"Alcohol, Drugs & Impaired Driving",How serious is drinking alcohol and driving?,"a:Safe after a few drinks,b:Only dangerous for inexperienced drivers,c:A serious traffic safety problem,d:A minor traffic safety problem",c,Driving under the influence is extremely dangerous; alcohol impairs the ability to drive safely regardless of experience.,easy
3,Safe & Defensive Driving Practices,"If you are driving in another vehicle's blind spot, what should you do?","a:Stay in the blind spot to prevent merging,b:Move forward or drop back so the other driver can see you,c:Keep a steady pace",a,Do not drive in someone else’s blind spot; either speed up or fall back so the other driver can see you in their mirrors.,easy
1,Traffic Laws & Rules of the Road,"Unless otherwise posted, what is the minimum speed limit on freeways?","a:45 mph,b:55 mph,c:70 mph",b,"Unless marked otherwise, the minimum speed limit on freeways is 55 mph. Always obey posted speed limits when different.",medium
3,Safe & Defensive Driving Practices,"When you are being tailgated and there is an open right lane, what should you do?","a:Speed up to increase the distance to the tailgater,b:Slow down abruptly to encourage the tailgater to pass,c:Move over to the right if there is an open lane",c,"If a right lane is available, move over to it. If not, wait until the road ahead is clear and then reduce speed slowly to encourage the tailgater to pass. Never brake suddenly.",medium
3,Safe & Defensive Driving Practices,"If you must stop quickly and your vehicle lacks ABS, what is the recommended braking method?","a:Firmly pump the brake pedal.,b:Hold down the brake pedal.,c:Lightly tap the brakes repeatedly.",a,Pumping the brakes helps stop a vehicle quickly while allowing you to maintain steering control when the vehicle does not have ABS.,medium
1,Traffic Laws & Rules of the Road,"If you are driving so slowly that traffic is backing up behind you on a two-lane road, what should you do?","a:Remain in your lane and maintain your slow speed.,b:Speed up slightly to delay other drivers.,c:Pull off the right side of the road and let the traffic pass.",c,"When your slow driving causes backups, pull over where safe to let other vehicles pass.",easy
1,Traffic Laws & Rules of the Road,What should you do before making a turn?,"a:Use your turn signal several seconds before the turn,b:Increase your speed to clear the intersection,c:Turn the steering wheel immediately",c,Activate your turn signal three to four seconds before you begin your turn so other road users know your intentions.,easy
2,"Signs, Signals & Road Markings",What do speed limit signs communicate?,"a:Potential driving speeds for the area.,b:The speed drivers should drive in heavy traffic.,c:The maximum or minimum speed that is legally allowed to be driven.",c,Speed limit signs indicate the legal maximum (or minimum) speed under ideal conditions; you must slow down when conditions make it unsafe.,easy
3,Safe & Defensive Driving Practices,Which of the following should you do when changing lanes?,"a:Avoid signaling your intentions.,b:Check your side and rearview mirrors.,c:Fail to check for other drivers.",b,"When changing lanes you should check mirrors, signal, and verify the lane is clear.",easy
2,"Signs, Signals & Road Markings","What are regulatory, enforceable signs called?","a:Guide signs,b:Regulatory signs,c:Information signs,d:Warning signs",b,Regulatory signs direct traffic and must be obeyed; failure to comply can result in penalties.,easy
7,Special Situations & Road Users,What is the safest method before crossing a railroad track?,"a:Look both ways only when the red light is flashing.,b:Listen,c:Cross quickly when you see a train approaching.",b,Always look and listen for trains from both directions and obey all signals; never cross until you are sure it is safe.,easy
3,Safe & Defensive Driving Practices,Anything that causes you to do which of these could lead to a crash?,"a:Take your eyes off the road.,b:Take your hands off the wheel.,c:Take your attention away from the task of driving.",c,"Any action that distracts your attention, eyes, or hands from driving increases crash risk.",easy
4,Driving in Special Conditions,"If an approaching driver fails to dim high beams, where is the safest place to look?","a:At the approaching vehicle’s wheels,b:Toward the right side of the road,c:Toward the left side of the road",b,"If another driver does not dim high beams, glance toward the right side of the road to avoid being blinded while keeping enough view of the roadway.",easy
2,"Signs, Signals & Road Markings",What does a “No standing” sign mean at a certain location?,"a:You may stop temporarily only to pick up or discharge passengers,b:You may never stop your vehicle there,c:You may park there if the driver remains in the vehicle",b,A No Standing sign means stopping is allowed only briefly to load or unload passengers; parking is not permitted.,easy
4,Driving in Special Conditions,"If you become stranded in a snowstorm, what is the best action?","a:Get out and go for help on foot,b:Lie down in the snow,c:Stay in your car and wait for help,d:Walk into the road to flag vehicles",c,"If stranded in a snowstorm, stay in your vehicle where you are more likely to be found and safer than walking in severe conditions.",medium
4,Driving in Special Conditions,What affects your ability to stop quickly?,"a:Signal lights.,b:The time of day.,c:Road conditions like wet or slippery surfaces.",c,Stopping ability is greatly affected by road conditions; reduce speed when roads are slippery to maintain control.,easy
7,Special Situations & Road Users,You approach a stopped emergency vehicle with flashing lights. What must you do?,"a:Stay in your lane and continue at the same speed.,b:Drive to the right and stop in the lane.,c:If possible",c,"When approaching stopped emergency, tow, or roadside assistance vehicles with lights flashing, change lanes away if safe; otherwise slow down and give as much space as possible.",easy
1,Traffic Laws & Rules of the Road,Which centerline pattern prohibits passing from either direction?,"a:Solid white,b:Combination solid and broken yellow,c:Single broken yellow,d:Double solid yellow",d,A double solid yellow centerline on a two-way road means neither direction may cross to pass.,easy
1,Traffic Laws & Rules of the Road,"When driving in the right lane of an expressway, when should you move into the left lane?","a:If traffic in your lane is slow and left lane is moving faster,b:Whenever you want to pass,c:During bad weather only,d:When you see an exit ahead",a,Move to another lane or adjust speed so you don't impede traffic and to allow others to merge when necessary.,easy
1,Traffic Laws & Rules of the Road,"When preparing for a right turn, where should you position your vehicle?","a:Near the center of the street,b:In the middle lane,c:Close to the left side of the street,d:As far to the right side of the road as possible",d,"To make a right turn safely, move as far right as practicable before turning.",easy
4,Driving in Special Conditions,"On potentially slippery roads, which of the following should you avoid?","a:Using cruise control,b:Reducing speed,c:Careful steering maneuvers,d:Increased following distance",a,Do not use cruise control on slippery roads; reduce speed and increase following distance instead.,medium
2,"Signs, Signals & Road Markings","If a driver's left arm and hand are extended upward, what is the hand signal indicating?","a:Come to a stop.,b:Turn right.,c:Turn left.",b,A raised left arm (hand up) means the driver intends to turn right; treat accordingly.,easy
4,Driving in Special Conditions,"If it begins to sleet or snow while you are driving, what should you do?","a:Allow extra following distance,b:All of the above,c:Approach other vehicles with caution,d:Keep windshield and mirrors clear",a,"In sleet or snow you should clear windows and mirrors, increase following distance, and approach vehicles cautiously.",easy
6,Vehicle Ownership & Responsibilities,What is the single most effective action to reduce injury or death in a crash?,"a:Wearing your seat belt,b:Limiting driving to weekdays,c:Staying in the right lane on multilane highways",a,Wearing a seat belt is the most effective measure to reduce the risk of death or serious injury in a crash.,easy
7,Special Situations & Road Users,"Compared with smaller vehicles, larger vehicles generally have:","a:No blind spots.,b:Smaller blind spots.,c:Larger blind spots.",c,"The larger the vehicle, the larger the blind spots; trucks and large SUVs have areas not visible in mirrors.",easy
1,Traffic Laws & Rules of the Road,"As you approach an intersection and the light turns from green to yellow, what is the safest action?","a:Apply the brakes sharply to stop immediately.,b:Be prepared to stop before entering the intersection.,c:Speed up to beat the red light.",b,A steady yellow light warns that the light will soon turn red. Slow down and be prepared to stop if it is safe.,easy
2,"Signs, Signals & Road Markings",A flashing red traffic signal at an intersection requires the same action as which sign?,"a:A slow sign.,b:A stop sign.,c:A yield sign.",b,"A flashing red signal is treated like a stop sign: come to a full stop, then proceed when safe.",easy
2,"Signs, Signals & Road Markings",A steady yellow traffic signal means that which steady light will appear next?,"a:Steady green,b:Flashing yellow,c:Steady red",c,A steady yellow indicates the signal is about to change to a steady red; prepare to stop unless you are already in the intersection.,easy
3,Safe & Defensive Driving Practices,Which of the following can cause distracted driving?,"a:Eating,b:Changing a radio station or CD.,c:Talking or texting on a cellphone.",b,"Drivers make many decisions per mile; performing additional tasks like eating, texting, or changing media creates dangerous distractions.",easy
4,Driving in Special Conditions,About how far could a fully loaded tractor-trailer travelling at 55 mph take to come to a complete stop?,"a:About 125 feet.,b:About 50 feet.,c:Approximately 400 feet.",c,Large trucks require much more stopping distance—often up to roughly 400 feet at 55 mph.,difficult
3,Safe & Defensive Driving Practices,How do you check blind spots before changing lanes?,"a:Only look in your side mirrors,b:Turn your head and look over your shoulder toward the lane you plan to enter,c:Use automatic sensors without head checks,d:Only look in your rearview mirror",b,Blind spots cannot be seen in mirrors; check by turning your head and looking over your shoulder in the direction of the lane change.,easy
1,Traffic Laws & Rules of the Road,"When a funeral procession is present, who has the right-of-way?","a:A pedestrian.,b:Another driver.,c:The funeral procession.",c,"Drivers, pedestrians, and bicyclists should yield the right-of-way to funeral processions; remaining vehicles in the procession may follow through intersections when the lead vehicle enters.",easy
1,Traffic Laws & Rules of the Road,"If you're on a one-way street and an emergency vehicle with lights approaches, what must you do?","a:Ignore it,b:Drive toward the nearest roadside and stop,c:Turn on your hazard lights and continue,d:Speed up and exit the street",b,"On a one-way street, you must drive toward the nearest roadside and stop for an emergency vehicle using lights or siren.",easy
3,Safe & Defensive Driving Practices,"When meeting an oncoming vehicle on a narrow road, what must you do?","a:Demand the other vehicle pull over,b:Allow the oncoming vehicle at least one-half of the main-traveled portion of the road,c:Pull completely off the road and stop",b,"On narrow roads, allow the oncoming vehicle at least one-half of the main-traveled portion so both vehicles can pass safely.",medium
3,Safe & Defensive Driving Practices,"When meeting an oncoming car with blinding headlights, you should:","a:Look toward the right side of the road until the vehicle has passed.,b:Flash your lights on and off to warn the other driver.,c:Use your bright lights until the other vehicle dims theirs.",a,"If an oncoming vehicle has high beams on, avert your gaze to the right edge of your lane to avoid being blinded.",easy
1,Traffic Laws & Rules of the Road,When may you turn right on a red light?,"a:Before pedestrians have finished crossing the intersecting crosswalks.,b:Where there is a sign prohibiting right on red.,c:After coming to a complete stop and yielding to pedestrians and vehicles in the intersection.",c,"You may turn right on red only after a full stop, yielding to pedestrians and vehicles, and if no sign prohibits the turn.",easy
3,Safe & Defensive Driving Practices,"During very adverse conditions or higher speeds, what following distance should you keep?","a:Six or more seconds.,b:Three seconds.,c:Four seconds.",a,"Increase your following distance to six or more seconds during poor weather, heavy traffic, or higher speeds to allow extra reaction time.",difficult
2,"Signs, Signals & Road Markings",What does a double solid yellow line down the center of a two-lane road mean?,"a:Lanes are moving in opposite directions and passing is allowed when safe,b:Lanes are moving in opposite directions and drivers are not permitted to pass,c:Lanes are moving in the same direction and drivers are not permitted to pass",b,Double solid yellow lines indicate traffic is moving in opposite directions and passing is prohibited for vehicles in both directions.,easy
5,"Alcohol, Drugs & Impaired Driving",Consuming which types of substances may impair driving and lead to DUII?,"a:Alcohol,b:Prescription drugs only,c:Alcoholic beverages only",c,"Many substances—alcohol, illegal drugs, inhalants, and some legal medications—can impair driving and result in arrest for DUII.",medium
7,Special Situations & Road Users,"If a driver is turning and a pedestrian is crossing without a traffic light, who must yield?","a:Whoever started moving last,b:Whoever is slower,c:The driver making the turn",a,"Drivers must yield to pedestrians crossing the road, even when turning and even if the pedestrian is not in a marked crosswalk.",easy
3,Safe & Defensive Driving Practices,"After a stressful or angering incident at work, what should you do before driving home?","a:Take a few minutes to calm down and cool off.,b:Play loud music to ignore your feelings.,c:Drive fast to relieve stress.",a,Driving while emotionally upset impairs judgment—pause to calm down before starting to drive.,easy
1,Traffic Laws & Rules of the Road,What is the correct procedure to change lanes?,"a:Signal and change lanes immediately to avoid traffic.,b:Check mirrors and signal,c:Signal",c,"Before changing lanes, signal, check mirrors, look over your shoulder to check the blind spot, and ensure the lane is clear before moving.",easy
2,"Signs, Signals & Road Markings",What does a steady green arrow on a traffic signal allow you to do?,"a:Turn in the direction of the arrow after yielding to vehicles and pedestrians already in the intersection.,b:Merge into a lane in the direction of the arrow regardless of pedestrians.,c:Stop and check for oncoming traffic before proceeding straight.",a,A steady green arrow permits the indicated turn; you must be in the proper lane and yield to any traffic or pedestrians already in the intersection.,easy
1,Traffic Laws & Rules of the Road,When may you cross double solid yellow lines?,"a:To pass another car at any time.,b:To turn left into a driveway or make a legal left turn.,c:To pass a slow-moving truck when safe.",b,"You may cross double solid yellow lines only to turn left into or out of driveways, alleys, or make permitted left turns.",medium
7,Special Situations & Road Users,"If two railroad tracks are side by side and one train passes, what should you do?","a:Always proceed after the first train passes,b:Always stop before crossing two tracks,c:Look for another train on the other track before proceeding",c,"After one train passes, check the other track(s) for additional approaching trains before you cross.",medium
1,Traffic Laws & Rules of the Road,"When merging onto a highway from an entrance ramp, what should you generally do?","a:Stop at the end of the ramp then enter slowly.,b:Accelerate to the speed of traffic and merge when safe.,c:Enter below the speed of highway traffic to be cautious.",b,"Use the acceleration lane to match traffic speed, signal, look for a gap, and merge safely.",easy
6,Vehicle Ownership & Responsibilities,"If you are involved in a crash, what steps should you take?","a:Leave the scene and report later.,b:Continue driving if damage is minor.,c:Stop immediately",c,"Stop, assist injured persons if you can do so safely, and contact police and emergency services as needed.",medium
6,Vehicle Ownership & Responsibilities,What do your brake lights communicate to other drivers?,"a:You have the emergency brake on,b:You are slowing down or stopping,c:You are making a turn",b,Brake lights indicate to drivers behind you that you are slowing down or stopping; keep them in working order.,easy
2,"Signs, Signals & Road Markings",A red flashing traffic light is equivalent to which traffic control device?,"a:A stop sign.,b:A solid red light.,c:A yield sign.",a,A red flashing light has the same meaning as a stop sign: come to a complete stop and proceed when safe.,easy
7,Special Situations & Road Users,"If a transit vehicle signals that it is re-entering traffic after a stop, what must you do?","a:Honk to let them know you’re there.,b:Yield to the transit vehicle.,c:Move to the left lane immediately.",b,"Yield to a transit vehicle signaling to re-enter traffic; slow down, change lanes if safe, or stop to allow it to merge safely.",easy
1,Traffic Laws & Rules of the Road,"Unless otherwise posted, what is the maximum speed limit on freeways?","a:55 mph.,b:70 mph.,c:45 mph.",b,"On Michigan freeways, the standard maximum speed is 70 mph unless signs indicate otherwise.",easy
3,Safe & Defensive Driving Practices,How do smoking and preparing to smoke while driving affect you?,"a:They do not affect driving abilities.,b:They help maintain driver alertness on long trips.,c:They are distracting activities that can take your hands or eyes off the road.",c,"Smoking while driving can distract you by requiring you to look away or take hands off the wheel, creating dangerous situations.",easy
1,Traffic Laws & Rules of the Road,"When approaching a steady green traffic light, you should:","a:Stop if a police officer is nearby.,b:Treat it like a four-way stop.,c:Continue if the intersection is clear",c,"With a steady green light, you may proceed but must yield to pedestrians and any vehicles still in the intersection.",easy
5,"Alcohol, Drugs & Impaired Driving",Which kinds of drugs can affect your driving ability?,"a:Only illegal drugs.,b:Only recreational drugs like marijuana.,c:Prescription medications",c,"Many medications—prescription, OTC, and illegal substances—can impair driving; check warning labels and consult your doctor.",medium
1,Traffic Laws & Rules of the Road,"If you miss your exit on a freeway, what should you do?","a:Back up on the shoulder,b:Make the turn quickly from your lane,c:Stop and ask for help,d:Continue to the next exit and turn around safely",d,If you miss your exit you should continue to the next exit or other safe location to turn around — do not back up on a freeway or shoulder.,easy
2,"Signs, Signals & Road Markings","If the solid white edge line on the right slants toward the left, what does that indicate?","a:A construction area is approaching,b:An intersection is just ahead,c:The road will become narrower ahead",b,A slanted edge line toward the center indicates the road narrows ahead; edge lines mark the boundary between the travel lane and the shoulder.,medium
7,Special Situations & Road Users,"When you approach a school bus stopped with its stop arm extended and lights flashing, what must you do?","a:Honk before passing.,b:Come to a complete stop and wait until the stop arm is withdrawn.,c:Drive past if no children appear to be exiting.",b,"When a school bus displays its stop arm and flashing lights, all nearby vehicles must stop until it is safe to proceed.",easy
1,Traffic Laws & Rules of the Road,When should you signal before passing another vehicle?,"a:Just before changing lanes.,b:After you have already begun to pass.,c:Early enough for other drivers to notice your intention.",c,Signal in sufficient time so other drivers can see and understand your planned maneuver.,easy
7,Special Situations & Road Users,What do crossbuck signs mark?,"a:School zones.,b:No passing zones.,c:Railroad crossings.",c,Crossbuck signs indicate a railroad crossing; yield to trains and obey crossing control devices.,easy
6,Vehicle Ownership & Responsibilities,"If you are involved in a serious motor vehicle crash, what is the first thing you must do?","a:Call the police,b:Determine if anyone is injured,c:Stop your vehicle",c,"If you are involved in a crash, stop your vehicle if possible and move it off the road if it is safe to do so. If anyone is injured, call 911. Serious crashes must be reported to law enforcement when there is injury, death, or significant property damage.",easy
3,Safe & Defensive Driving Practices,What should you adjust first when you get into a car to drive?,"a:Your rearview mirror.,b:Your steering wheel.,c:Your seat.",c,First adjust your seat so you can see clearly and reach controls; then adjust mirrors and steering wheel as needed.,easy
1,Traffic Laws & Rules of the Road,"When two vehicles arrive at an intersection at the same time with no signs or signals, who has the right-of-way?","a:The car whose driver honks first,b:The car approaching from the right,c:The car approaching from the left",c,"At an uncontrolled intersection of two similar roads, yield to the vehicle approaching from your right.",easy
6,Vehicle Ownership & Responsibilities,"When parking uphill next to a curb, besides setting the parking brake, which way do you turn the front wheels?","a:Turn them toward the curb,b:Turn them to the left only,c:Turn them away from the curb,d:Keep them straight ahead",c,"When parked uphill with a curb, turn your wheels away from the curb so the vehicle will roll into the curb if brakes fail.",easy
7,Special Situations & Road Users,"If you hear a fire engine or other emergency vehicle approaching from behind, what must you do?","a:Pull over to the side of the road and stop.,b:Slow down and continue in your lane.,c:Turn on your hazard lights and keep driving.",a,You must pull to the right and stop to allow emergency vehicles to pass safely.,easy
2,"Signs, Signals & Road Markings",Round traffic signs are used to indicate what?,"a:Stop signs ahead,b:No passing zones,c:School zones,d:Railroad crossings ahead",d,Round (circular) signs warn of railroad crossings and advise extra caution when approaching them.,easy
3,Safe & Defensive Driving Practices,How should drivers respond to a flashing yellow traffic signal?,"a:Come to a complete stop.,b:Increase their speed to clear the area quickly.,c:Slow down and proceed with caution.",c,"A flashing yellow light warns of a hazard; slow down, look carefully, and proceed with caution.",easy
1,Traffic Laws & Rules of the Road,"When making a turn, you must do what to your speed?","a:Increase your speed.,b:Reduce your speed to maintain control.,c:Maintain your current speed.",b,"Reduce speed when turning so you can maintain control, stay in your lane, and react to hazards.",easy
3,Safe & Defensive Driving Practices,"If you begin to feel tired while driving, what is the best course of action?","a:Stop driving and rest,b:Get some coffee and keep driving,c:Open your window to stay awake",b,"Drowsy driving is dangerous; if you become tired, stop driving and rest or find a safe place to sleep before continuing.",easy
5,"Alcohol, Drugs & Impaired Driving",What can happen when alcohol is combined with another drug?,"a:The effects of both may be reduced.,b:Nothing will happen.,c:The effects of both the alcohol and the drug may be increased.",c,"Combining alcohol with other drugs can enhance or unpredictably change effects, increasing impairment and danger.",medium
1,Traffic Laws & Rules of the Road,"At a four-way stop, who has the right-of-way?","a:The driver who arrives first.,b:The driver who arrives last.,c:The driver who waves others through.",a,"At four-way stops, the first vehicle to stop proceeds first; if two arrive together, the vehicle on the right goes first.",easy
1,Traffic Laws & Rules of the Road,"If you are waiting in an intersection to finish a left turn, how should you position your wheels?","a:Pulse your brakes,b:Keep wheels turned left,c:Keep wheels straight,d:Keep wheels turned right",c,"When waiting to complete a left turn, keep your wheels straight so if you're struck from behind you won't be pushed into oncoming traffic.",easy
1,Traffic Laws & Rules of the Road,"When turning left from multilane one-way streets or highways, where should you start?","a:The right lane.,b:The left lane.,c:The middle of the intersection.",b,"To turn left from multilane one-way streets/highways, start from the left lane.",easy
1,Traffic Laws & Rules of the Road,What is the first thing you should do before passing another vehicle?,"a:Check your mirrors and blind spots.,b:Honk repeatedly.,c:Re-enter your lane within 10 feet of the passed vehicle.",a,"Before passing, always check mirrors, blind spots, and signal your intention; return to lane only when safe.",easy
5,"Alcohol, Drugs & Impaired Driving",Lack of sleep affects driving ability similarly to which of the following?,"a:Being angry while driving.,b:Being under the influence of alcohol.,c:Taking amphetamines.",b,"Extended wakefulness impairs driving similar to alcohol; e.g., 18–24 hours awake approximates certain BAC effects.",difficult
4,Driving in Special Conditions,How should you respond to a work-zone sign that says '45 mph where workers present'?,"a:Drive at the usual speed unless workers are present; when workers are present, slow to 45 mph or lower.,b:Immediately slow to 45 mph whether workers are present or not.,c:Merge to the right lane and maintain speed.",a,"In such zones, slow down to the advisory speed when workers are present and drive with extra caution.",medium
3,Safe & Defensive Driving Practices,Where should you keep a space cushion around your vehicle?,"a:Only in back of your vehicle.,b:Only in front of the vehicle.,c:On all sides of your vehicle.",c,Maintain space on all sides of your vehicle to give time to react to hazards and avoid collisions.,easy
4,Driving in Special Conditions,Which driving method helps avoid crashes on icy or snowy roads?,"a:Get off the highways as quickly as possible.,b:Engage four-wheel drive.,c:Reduce your speed and increase following distance.",a,"When roads are snow-covered or icy, reducing speed and increasing following distance are the most important techniques for avoiding crashes.",medium
3,Safe & Defensive Driving Practices,"If your vehicle begins to skid, what is the correct steering response?","a:Turn your steering wheel into oncoming traffic.,b:Turn your steering wheel in the direction of the skid.,c:Overcorrect quickly to regain control.",b,"If your vehicle skids, remain calm and steer in the direction the rear of the vehicle is sliding to regain control.",medium
2,"Signs, Signals & Road Markings",What do two solid yellow lines down the center of the roadway mean?,"a:Passing is not allowed from either direction.,b:Passing is allowed for drivers from both directions.,c:Passing is allowed only when you are at the top of a hill.",a,Two solid yellow lines indicate no passing by traffic in either direction; they separate traffic moving in opposite directions.,easy
3,Safe & Defensive Driving Practices,"When driving in traffic, which practice is safest?","a:Fluctuate your speed to keep alert.,b:Drive with the flow of traffic within the posted speed limit.,c:Drive slower than the flow of traffic.",b,Driving consistently with the flow of traffic (within legal limits) reduces the chance of collisions caused by speed differentials.,easy
4,Driving in Special Conditions,When are roads most slippery during a rainstorm?,"a:The day after it rains,b:Only when it's cold,c:The first 10 to 15 minutes of the storm,d:After it has been raining for an hour",c,Pavement is often most slippery during the first 10–15 minutes of rain because oil and residue rise to the surface.,medium
3,Safe & Defensive Driving Practices,How should you prepare for hazards ahead on the roadway?,"a:Drive with your left foot resting lightly on the brake.,b:Stare straight ahead at all times.,c:Continuously scan the entire road and roadsides.",c,Search for and identify potential problems early by scanning far ahead and across the entire roadway and its sides.,medium
1,Traffic Laws & Rules of the Road,What should you do when approaching a roundabout?,"a:Slow down before entering.,b:Increase your speed.,c:Come to a complete stop before entering.",a,Approach a roundabout at a low speed and prepare to yield to traffic already in the circle.,easy
1,Traffic Laws & Rules of the Road,Where is it illegal to pass another vehicle?,"a:By using the shoulder of the highway.,b:If your lane is next to a solid yellow line and the passing lane is clear ahead.,c:On a hill or in a curve",c,"You may not pass on hills or curves where visibility is limited, never drive on the shoulder to pass, and never pass across solid yellow lines.",difficult
5,"Alcohol, Drugs & Impaired Driving",What should someone do before driving while taking a non-prescription drug?,"a:Continue driving regardless of label warnings.,b:Drink alcohol with the medication.,c:Read the drug labels for warnings about driving.",c,Over-the-counter medications can impair driving. Check labels and ask a doctor or pharmacist if unsure about driving while taking a drug.,easy
2,"Signs, Signals & Road Markings",Pennant-shaped roadside signs are typically used to indicate what?,"a:School zones.,b:Speed limits.,c:No passing zones.",c,Pennant-shaped signs placed on the left side of a roadway warn drivers they are entering a no passing zone.,easy
1,Traffic Laws & Rules of the Road,Where is passing prohibited?,"a:On hills and curves,b:Only at intersections,c:At railroad crossings only,d:Never prohibited",a,"Passing is prohibited in locations such as hills, curves, intersections, and railroad crossings where visibility or safety is compromised.",easy
2,"Signs, Signals & Road Markings",What do diamond-shaped yellow-and-black signs usually warn you about?,"a:Conditions on or near the road ahead.,b:Directions to cities and towns.,c:School zones only.",a,Diamond-shaped yellow warning signs indicate upcoming road conditions or hazards; they typically have black symbols on yellow backgrounds.,easy
1,Traffic Laws & Rules of the Road,"If you're stopped in line at a stop sign and cross traffic is clear after the vehicles ahead move, what must you do?","a:May slowly roll past the stop sign.,b:Must stop again at the stop sign or stop line before proceeding.,c:May proceed without stopping again.",b,You must come to a complete stop at a stop sign or stop line and yield to traffic and pedestrians before moving forward; do not let pressure from traffic make you skip the stop.,easy
1,Traffic Laws & Rules of the Road,Which of the following is a correct set of passing procedures?,"a:Signal at least 100 feet before changing lanes, check mirrors and blind spot, and return when you can see the passed vehicle’s headlights in the mirror.,b:Wait until you can see the entire vehicle you passed in your side mirror before returning.,c:Signal only while you are passing to alert other drivers.",a,"When passing, always signal early, check mirrors and blind spots, and only return to your lane when you can clearly see the passed vehicle’s front bumper or headlights in your rearview mirror.",medium
3,Safe & Defensive Driving Practices,Which practice reduces the risk of a rear-end collision?,"a:Avoid sudden stops by letting your vehicle slow gradually and signaling.,b:Stop abruptly to surprise drivers behind you.,c:Weave between lanes to keep traffic flowing.",a,Smooth deceleration and signaling give drivers behind you time to react and reduce rear-end collisions.,easy
3,Safe & Defensive Driving Practices,What is the proper name for turning your head and checking blind spots before lane changes?,"a:A bad driving habit,b:Checking your blind spot (a good driving habit),c:Mirroring,d:Unnecessary scanning",b,Turning your head to check blind spots before lane changes is a good driving habit; don't rely only on mirrors.,easy
4,Driving in Special Conditions,"When another vehicle approaches from the opposite direction at night, which headlight setting should you use?","a:Low beam setting,b:Turn headlights off and use parking lights,c:High beam setting",c,Do not use high beams when approaching or following another vehicle; switch to low beams to avoid blinding other drivers.,easy
7,Special Situations & Road Users,Why must drivers be particularly alert to motorcycles?,"a:Motorcyclists are less skilled than other drivers,b:They are more difficult to see than cars,c:They rarely use headlights",b,Motorcycles are smaller and easier to miss in traffic or in blind spots; it can also be harder to judge their speed and distance.,easy
3,Safe & Defensive Driving Practices,"If a tire suddenly blows out while you are driving, what should you do?","a:Slam on your brakes,b:Grip the steering wheel firmly and gradually slow to a stop,c:Keep driving normally",c,"If a tire blows out, hold the steering wheel firmly, ease off the accelerator, and slow gradually. Once you are moving very slowly, apply the brakes lightly and steer to a safe area off the road.",easy
4,Driving in Special Conditions,"When driving near heavy trucks, what must other road users allow for?","a:The decreased noise of larger vehicles.,b:The decreased stopping distance of large vehicles.,c:The increased stopping distance required by the larger vehicles.",c,Large trucks require greater stopping distances; give them space and avoid positioning where the truck driver’s view is blocked.,medium
7,Special Situations & Road Users,"If you approach a railroad crossing with signals flashing, what should you do?","a:Slow down and look for a train.,b:Stop and look for a train.,c:Look for a train then speed up to clear the crossing.",b,"If warning signals are flashing, stop no closer than 15 feet from the nearest rail and wait until signals and gates indicate it is safe to cross.",easy
1,Traffic Laws & Rules of the Road,The space you need to cross traffic safely depends on which factors?,"a:The presence of a stop sign only.,b:Use of your turn signals.,c:Road and weather conditions and oncoming traffic.",c,Crossing safely requires judging road and weather conditions plus gaps in oncoming traffic.,medium
3,Safe & Defensive Driving Practices,"If you have a tire blowout, what should you do first?","a:Do not immediately use your brakes and gradually slow down.,b:Take your foot off the gas.,c:Gradually slow and pull off the road.",b,"If you experience a blowout, ease off the gas and avoid immediately braking; slow down gradually, then gently apply brakes and pull over.",medium
1,Traffic Laws & Rules of the Road,Which lane-marking allows you to pass another vehicle?,"a:Broken white line.,b:Double solid yellow line.,c:Solid yellow line on your side.",a,Broken white lines separate lanes moving in the same direction and can be crossed to pass when safe.,easy
5,"Alcohol, Drugs & Impaired Driving",Which of the following is a possible effect of alcohol?,"a:Improved coordination,b:Faster judgment,c:Loss of concentration",c,"Alcohol impairs concentration, coordination, and judgment even at low levels of consumption.",easy
6,Vehicle Ownership & Responsibilities,When is parking on the freeway shoulder allowed?,"a:If no part of your vehicle is on the road.,b:Only in an emergency.,c:If you turn on your four-way flashers.",b,Parking on a freeway shoulder is prohibited except in an emergency.,easy
6,Vehicle Ownership & Responsibilities,"If your power steering fails while driving, what actions should you take?","a:Honk your horn and turn off the ignition,b:Turn on your hazard lights and brace yourself,c:Work harder to steer",a,"Power steering loss requires more effort to steer. Slow down, signal, and drive carefully to a safe spot to stop and address the problem.",medium
7,Special Situations & Road Users,"When driving through an area where children are playing, what should you expect?","a:Children will always wait at the curb.,b:Children will only play on sidewalks.,c:Children may run into the street without looking.",c,Expect unpredictable behavior from children and reduce speed accordingly to avoid collisions.,easy
3,Safe & Defensive Driving Practices,How can stress affect your driving?,"a:It causes you to fall asleep at the wheel.,b:It decreases your chances of an accident.,c:It lowers your ability to focus on driving.",c,Emotional stress can reduce concentration and impair driving ability; avoid driving when emotionally unstable.,medium
3,Safe & Defensive Driving Practices,What is 'highway hypnosis' and how does it occur?,"a:A result of excessive sleep the night before driving.,b:A condition prevented by frequent rest stops.,c:A condition caused by staring at the roadway for long periods without actively scanning.",c,"Staring ahead for long periods without scanning can make you zone out, reducing reaction ability—take breaks and scan.",medium
7,Special Situations & Road Users,What should you do when you see signs indicating a nearby railroad crossing?,"a:Speed up to clear the crossing quickly.,b:Try to drive around a gate if it is descending.,c:Look and listen for trains",c,"When signs warn of a railroad crossing, slow, look, listen, and be prepared to stop if needed.",medium
6,Vehicle Ownership & Responsibilities,Which restraints are most effective in a crash?,"a:Only a lap and shoulder belt.,b:Only an airbag.,c:Both a lap/shoulder belt and an airbag.",c,Wearing both lap/shoulder belts and using airbags together provides the most protection in frontal crashes.,easy
6,Vehicle Ownership & Responsibilities,"If your vehicle strikes an unattended parked car and you cannot find the owner, what must you do?","a:Leave a written notice with your name, address, and accident details.,b:Drive away and report later.,c:Do nothing if no one saw it.",a,"If you cannot find the owner, leave a written note with contact information and accident circumstances.",medium
6,Vehicle Ownership & Responsibilities,"If a flagger is directing traffic in a construction zone, what must drivers do?","a:Ignore the flagger and copy other cars,b:Drive at normal speed,c:Assume the flagger is not supposed to be there,d:Follow the flagger's directions",d,Drivers must obey flaggers and posted instructions in construction zones; failure to do so is illegal and dangerous.,easy
1,Traffic Laws & Rules of the Road,Which statement about speed is true?,"a:Speeding can be safe in light traffic.,b:Speeding is not dangerous if you are a skilled driver.,c:Driving too slowly on certain highways can be dangerous.",c,Driving excessively slowly can disrupt traffic and create hazards; speeding also increases the risk and severity of crashes.,medium
1,Traffic Laws & Rules of the Road,"At a yield sign, what must you do?","a:Always come to a full stop before proceeding.,b:Slow down and yield the right-of-way to traffic already in the roadway you are entering.,c:Yield only to traffic on the right.",b,A yield sign means you must slow down and yield to traffic and pedestrians in the roadway you are entering; stop if necessary to avoid a collision.,easy
6,Vehicle Ownership & Responsibilities,"When approaching a railroad crossing without signals, what should you do?","a:Always come to a complete stop.,b:Assume all crossings have signals.,c:Slow down and be prepared to stop.",c,"At unmarked railroad crossings, slow down, look and listen for trains, and be prepared to stop; wait until trains have completely passed.",medium
7,Special Situations & Road Users,What obligation does a driver have when encountering pedestrians?,"a:Yield the right-of-way only when the pedestrian is legally entitled to it,b:Always yield the right-of-way to pedestrians,c:Make sure the pedestrian is aware of your vehicle before proceeding",b,Drivers must do everything possible to avoid striking pedestrians and must yield the right-of-way to pedestrians even if they are not crossing legally.,easy
1,Traffic Laws & Rules of the Road,"If you miss your freeway exit, what should you do?","a:Make a U-turn through the median,b:Go to the next exit,c:Back up on the shoulder to reach the exit",b,"If you miss your exit, continue to the next one. Do not stop, back up, cross medians, or make sudden lane changes to try to catch an exit.",easy
3,Safe & Defensive Driving Practices,How can you avoid collisions caused by blind spots when changing lanes?,"a:Turn your head quickly to check the blind spot before changing lanes.,b:Adjust your rearview mirrors every few minutes.,c:Honk your horn right before changing lanes.",a,"Before turning or changing lanes, glance over your shoulder toward the direction of the move to check the blind spot; don't rely on mirrors alone.",medium
3,Safe & Defensive Driving Practices,"If the driver ahead is distracted and driving with one hand while talking, what should you do?","a:Attempt to pass immediately,b:Give extra following distance and be prepared for sudden moves,c:Follow their example,d:Tailgate to pressure them",b,Allow extra space and be prepared for errors when the driver ahead appears distracted.,easy
1,Traffic Laws & Rules of the Road,Many crashes are caused by drivers doing what?,"a:Consistently checking mirrors and blind spots.,b:Yielding the right-of-way appropriately.,c:Driving too fast for conditions.",c,A common cause of crashes is driving too fast for current road or weather conditions; always reduce speed when conditions are poor.,easy
1,Traffic Laws & Rules of the Road,"At an uncontrolled intersection, what should a driver do?","a:Maintain speed and proceed without checking.,b:Always come to a full stop regardless of traffic.,c:Yield to vehicles approaching from the right and be prepared to stop to avoid a crash.",c,"At an intersection with no signs or signals, yield to vehicles from the right and be prepared to stop if needed to avoid a collision.",medium
1,Traffic Laws & Rules of the Road,"At an intersection controlled by a stop sign, after stopping you should look which way first?","a:Check your rearview mirror for tailgaters.,b:Move when the vehicle ahead moves.,c:Right",c,"When stopped, look left first (vehicles from that side are nearer), then right, then left again before proceeding.",medium
3,Safe & Defensive Driving Practices,"If your vehicle’s right wheels leave the pavement, how should you safely return to the road?","a:Take your foot off the accelerator,b:Stop immediately on the shoulder and back onto the road,c:Accelerate and steer back quickly",c,"Do not panic. Ease off the accelerator, hold the steering wheel steady, slow down, then when traffic permits gently steer back onto the pavement.",medium
7,Special Situations & Road Users,"When you see a blind pedestrian using a white cane or guide dog, what should you do?","a:Take the right-of-way immediately.,b:Pass quickly to avoid delay.,c:Slow down and be prepared to stop.",c,Yield to blind pedestrians and be prepared to stop to prevent injury.,easy
3,Safe & Defensive Driving Practices,Which behavior is characteristic of a good defensive driver?,"a:Driving slowly at all times regardless of conditions.,b:Maintaining a constant speed on every road.,c:Looking out for the actions of other drivers and anticipating potential problems.",c,Defensive drivers anticipate others' actions and adjust to avoid conflicts and crashes.,easy
4,Driving in Special Conditions,"When driving in rain, which lights should you use?","a:Low beam headlights.,b:High beam headlights.,c:Parking lights.",a,"In rainy conditions, use your low beam headlights to increase visibility.",easy
3,Safe & Defensive Driving Practices,"When the driver behind you wants to pass, what should you do?","a:Maintain the same speed and lane position without adjustment.,b:Speed up to prevent them from passing.,c:Slow down to allow space in front of your vehicle so they can pass safely.",c,Ease off the accelerator to create room for the passing vehicle to move back into your lane safely.,easy
2,"Signs, Signals & Road Markings",What does a solid white line down the center of a two-lane road signify?,"a:Lanes are moving in opposite directions and passing is prohibited,b:Lanes are moving in opposite directions and passing is allowed when safe,c:Lanes are moving in the same direction and drivers are not permitted to pass",c,Solid white lines separate lanes of traffic moving in the same direction; they discourage or prohibit lane changes.,medium
3,Safe & Defensive Driving Practices,What is a vehicle's blind spot?,"a:The area visible in your rearview mirror.,b:The space directly behind your vehicle.,c:An area you cannot see without turning your head.",c,Blind spots are areas beside or behind your vehicle that are not visible in mirrors and require a head check.,easy
5,"Alcohol, Drugs & Impaired Driving",Which item does NOT affect your blood alcohol concentration (BAC)?,"a:Body weight,b:Time between drinks,c:Amount drunk,d:Type of alcoholic beverage consumed",d,"BAC depends on weight, amount consumed, and time, but not on the type of alcoholic beverage.",medium
1,Traffic Laws & Rules of the Road,What does a red traffic signal require you to do?,"a:Stop before entering any crosswalk.,b:Stop at the stop line.,c:Stop before entering the intersection.",c,A red traffic light requires you to stop before entering the intersection; also stop at any stop line or crosswalk if present.,easy
1,Traffic Laws & Rules of the Road,A two-lane road divided by a broken yellow centerline indicates what?,"a:The road is one-way,b:The road is under repair,c:No passing allowed,d:Traffic travels in both directions",d,Yellow centerlines separate traffic moving in opposite directions; a broken line allows passing when safe.,easy
1,Traffic Laws & Rules of the Road,"To pass a slower vehicle on a two-lane, two-way road, what must you do?","a:Use the shoulder to pass,b:Pass without signaling,c:Use the oncoming traffic lane only when it is safe and legal,d:Flash your lights at oncoming drivers",c,"Passing on a two-lane, two-way road requires using the oncoming lane and only when it is safe and legal to do so.",medium
6,Vehicle Ownership & Responsibilities,"If you notice a vehicle defect that may affect safety, you should:","a:Drive the vehicle at slower speeds until you can afford to fix it.,b:Correct the defect as soon as possible.,c:Wait until the next inspection to fix it.",b,"Any defect affecting safe operation should be corrected promptly, preferably before driving the vehicle.",easy
2,"Signs, Signals & Road Markings","When pedestrians are in crosswalks marked by two solid white lines, what must drivers do?","a:Motor vehicles have the right-of-way.,b:No one has the right-of-way.,c:Give pedestrians the right-of-way.",c,Crosswalk markings indicate where pedestrians should cross; you must stop for and yield to pedestrians in crosswalks.,easy
7,Special Situations & Road Users,Under what circumstances may you drive around lowered railroad crossing gates?,"a:When the train has passed,b:Under no circumstances,c:When the crossing lights have stopped flashing",b,You must never go around lowered crossing gates. Always stop when signals indicate an approaching train.,easy
7,Special Situations & Road Users,Why must you use extra caution near a pedestrian with a white cane?,"a:They are blind and need extra right-of-way consideration.,b:They are police officers.,c:They are deaf.",a,"When encountering a blind pedestrian using a white cane or guide dog, slow down, yield, and be prepared to stop to ensure their safety.",easy
1,Traffic Laws & Rules of the Road,When is it legal to pass on the right of another vehicle?,"a:Even if it means driving off the pavement.,b:On a narrow bridge.,c:If the vehicle is waiting to turn left and there's an available passing lane.",c,You may pass on the right when there is a proper passing lane or when a vehicle is waiting or turning left; never pass by driving off the pavement.,medium
1,Traffic Laws & Rules of the Road,"When driving on an interstate, what should you do before changing lanes?","a:Use cruise control to maintain speed,b:Stop on the shoulder if you are tired,c:Signal, check your mirrors, and check your blind spot",c,"On an interstate, always signal, check mirrors, and check your blind spot before changing lanes or passing.",easy
3,Safe & Defensive Driving Practices,"If an oncoming vehicle fails to dim its high beams, where should you look?","a:At the vehicle's lights,b:Toward the right side of the road,c:Down at the dash,d:Toward the centerline",b,If another vehicle is using high beams you should glance toward the right side of the road to avoid being blinded while maintaining course.,easy
3,Safe & Defensive Driving Practices,How can you prevent drowsiness on long trips?,"a:Decrease your speed to stay relaxed.,b:Turn up the radio volume to stay alert.,c:Stop at regular intervals to rest and stretch.",c,Regular stops to rest and stretch help prevent drowsiness more effectively than stimulants like loud music.,easy
6,Vehicle Ownership & Responsibilities,"Approaching a railroad crossing warning sign, what should you be prepared to do?","a:Look for a way around lowered gates.,b:Drive faster than the train.,c:Stop if a train is nearby.",c,Railroad warning signs mean a train may be near; be prepared to stop and never go around barriers.,easy
6,Vehicle Ownership & Responsibilities,Which statement about seat belts and child restraints is correct?,"a:Always ensure all passengers are using the appropriate seat belt or child restraint,b:You should never place a rear-facing infant restraint in the front seat of a vehicle with a passenger airbag,c:An airbag can be dangerous to an infant even in a low-speed crash",b,Always fasten your seat belt and ensure children are properly restrained; infants should not be placed in a front seat with an active passenger airbag.,easy
2,"Signs, Signals & Road Markings",A broken yellow line beside a solid yellow line means what?,"a:Passing is allowed from the side with the broken line,b:Passing is prohibited from either side,c:Passing is allowed from the side with the solid line,d:Passing is allowed both directions",a,"Where a broken yellow line is next to a solid yellow line, vehicles next to the broken line may pass when safe.",easy
7,Special Situations & Road Users,"When you hear the siren or see an emergency vehicle approaching, what must you do?","a:Slow down but remain in your lane.,b:Motion for the emergency vehicle to pass you on the left.,c:Drive to the right side of the road and stop until it passes.",c,"Immediately pull as far to the right as is safely possible and stop until the emergency vehicle passes; if in an intersection, clear it before stopping on the right.",easy
1,Traffic Laws & Rules of the Road,"When entering an expressway behind other vehicles, what is most important?","a:Match the speed and position to merge smoothly with traffic,b:Keep eyes on the vehicle directly behind you,c:Stay as close as possible to the car ahead,d:Stop at the end of the ramp if necessary",a,Adjust your speed and position to merge smoothly into the flow of traffic rather than following too closely or stopping.,medium
4,Driving in Special Conditions,What do work zone signs indicate?,"a:Less-than-ideal driving conditions and that work is underway.,b:It is summer.,c:You must stop immediately and back up.",a,Work zone signs (orange with black lettering) warn that work is being done; slow down and pay extra attention.,easy
7,Special Situations & Road Users,How should you approach a railroad crossing that has only a crossbuck and no gates or flashing lights?,"a:Wait for a flagger's signal,b:Turn down your radio to listen for trains,c:Cross quickly,d:Proceed when you know no train is coming",d,Approach railroad crossings with extreme caution and cross only when you are sure no train is coming from either direction.,medium
4,Driving in Special Conditions,What is the best general way to reduce your risk of hydroplaning?,"a:Keep tires properly maintained and slow down when roads are wet.,b:Use cruise control on wet roads.,c:Drive faster to get across puddles quickly.",a,Well-maintained tires and reduced speed in wet conditions lower the chance of hydroplaning.,medium
4,Driving in Special Conditions,"When it begins to rain while you are driving, how should you adjust?","a:Maintain the posted speed limit regardless of conditions.,b:Increase speed to maintain momentum.,c:Slow down and turn on headlights if visibility is reduced.",c,"Reduce speed and use headlights in rain; if visibility is severely reduced, safely pull over and stop.",easy
1,Traffic Laws & Rules of the Road,Which actions should drivers take when preparing to turn left?,"a:Slow down gradually while checking the rearview mirror.,b:Watch for oncoming vehicles and pedestrians.,c:Move into the left lane before the intersection.",b,"Signal 3–5 seconds before turning, check mirrors as you slow, move into the left lane if multilane, yield to traffic and pedestrians, and turn when your path is clear.",medium
1,Traffic Laws & Rules of the Road,What greatly increases stopping distances and crash severity?,"a:New tires,b:Night driving only,c:Slow speeds,d:High speeds",d,Higher speeds dramatically increase stopping distance and the severity of collisions.,easy
7,Special Situations & Road Users,"After stopping for a school bus unloading children, what should you watch for before proceeding?","a:The bus driver waving you on.,b:Children waving to you before you go.,c:Children walking along the side of the road.",c,Always watch for children walking near the bus; proceed only when it is safe and the bus signals are retracted.,easy
3,Safe & Defensive Driving Practices,Which of these is true about drowsy drivers?,"a:Opening a window or turning up the radio will reliably keep them alert,b:They can drive poorly and appear intoxicated,c:Drinking coffee is a full remedy,d:They never exhibit signs of impairment",b,Drowsiness can impair driving similarly to alcohol; simple measures like windows or radio are not reliable fixes.,medium
4,Driving in Special Conditions,Which recommendation does not directly promote safe night driving?,"a:Keep your windshield clean,b:Carry a flashlight in your vehicle,c:Be aware that tinted windows reduce visibility in the dark",a,"Keeping windows clean and avoiding heavily tinted windows improves visibility at night; while a flashlight can be useful, it does not directly improve driving visibility.",medium
7,Special Situations & Road Users,"When using a roundabout, who must you yield to?","a:Entering traffic,b:Traffic already in the roundabout,c:Traffic to your left only,d:Pedestrians only",b,"When entering a roundabout you must yield to traffic already circulating in it, which travels counterclockwise around the center island.",medium
7,Special Situations & Road Users,"When approaching a railroad crossing without flashing signals or gates, what should you be prepared to do?","a:Cross immediately and as quickly as possible.,b:Yield to any approaching train and never cross unless there is room for your vehicle on the other side.,c:Always stop before crossing regardless of traffic.",b,Be ready to yield to trains and ensure your vehicle can clear the tracks; do not shift gears while crossing to avoid stalling.,medium
2,"Signs, Signals & Road Markings",A diamond-shaped traffic sign indicates what type of message?,"a:A school crossing sign,b:An interstate route marker,c:Warning about potential hazards",c,Diamond-shaped signs are warning signs that alert drivers to upcoming hazards or changes in road conditions.,easy
3,Safe & Defensive Driving Practices,"When driving on major highways, what should you do to maintain safety?","a:Focus on one distant point to relax,b:Rely on cruise control at all times,c:Drive with a single hand on the wheel,d:Stay alert and keep your eyes moving",d,"On highways you must remain alert, keep scanning the road, and be ready to react to hazards to avoid 'highway hypnosis.'",easy
5,"Alcohol, Drugs & Impaired Driving",Which factors influence the effects of alcohol on a person?,"a:How much time passes between drinks (and all the above),b:The body weight of the individual,c:The amount of food in the stomach",c,"BAC and alcohol effects are influenced by how much you drink, how quickly you drink, your body weight, and whether you have eaten, among other factors.",medium
2,"Signs, Signals & Road Markings","Which traffic signal requires a complete stop, yielding to traffic and pedestrians, then proceeding when clear?","a:A flashing red light.,b:A flashing yellow light.,c:A solid green light.",a,"A flashing red signal is equivalent to a stop sign: stop, yield, and proceed only when safe.",easy
3,Safe & Defensive Driving Practices,What is the correct way to back up a vehicle safely?,"a:Turn your head and look through the rear window while backing.,b:Rely only on your mirrors.,c:Open the door and step out to check.",a,"When backing, look over your shoulder through the rear window; do not depend solely on mirrors or sensors.",easy
2,"Signs, Signals & Road Markings",When may you cross solid yellow center lines?,"a:To pass traffic moving in the same direction,b:Only when making a turn,c:At any time",b,Solid yellow lines generally separate traffic moving in opposite directions and should not be crossed except to make a permitted turn into or out of a driveway or side road.,medium
7,Special Situations & Road Users,"When stopped in a line of traffic crossing railroad tracks with no signals, what should you ensure?","a:You may pass slower drivers while on the tracks.,b:You have the right-of-way and don’t need to check for trains.,c:That there is enough room on the far side so you can completely clear the tracks.",c,Make sure you can fully clear the tracks before entering; never stop on the tracks or attempt to pass another vehicle while crossing.,medium
4,Driving in Special Conditions,Which driving adjustment is required when weather suddenly changes?,"a:Ignore and continue as before,b:Only worry about vehicles behind you,c:A change in driving to adapt to new conditions",c,"When weather changes, adjust speed, following distance, and other driving habits to match the new conditions.",medium
1,Traffic Laws & Rules of the Road,"If a traffic signal shows a green arrow and a red light simultaneously, what may you do?","a:Drive straight ahead only,b:Wait for a solid green light to go any direction,c:Proceed only in the direction of the green arrow",c,"A green arrow with a red light authorizes movement only in the direction indicated by the arrow, as long as the intersection is clear.",easy
3,Safe & Defensive Driving Practices,Driving while distracted by any activity typically causes what effect?,"a:You will react faster to hazards,b:You will react more slowly to hazards,c:You will drive faster than usual",b,"Distractions slow reaction times and reduce attention to driving tasks, increasing crash risk.",easy
4,Driving in Special Conditions,Which action best helps prevent hydroplaning?,"a:Ensure your tires have good tread and proper inflation.,b:Both ensure good tire condition and reduce speed when wet.,c:Reduce your speed when driving in heavy rain.",a,"Good tire tread and proper inflation, plus reducing speed in wet conditions, reduce hydroplaning risk.",medium
2,"Signs, Signals & Road Markings",Regulatory signs are used to do what?,"a:Warn of upcoming hazards in a diamond shape.,b:Indicate what a driver must or must not do.,c:Indicate places of interest.",c,"Regulatory signs tell drivers the laws and rules that must be followed, such as speed limits and turn prohibitions.",easy
6,Vehicle Ownership & Responsibilities,"When approaching an accident scene, what should you do?","a:Always stop no matter what.,b:Stop and drive toward the scene to get a better view.,c:Keep your attention on driving and continue unless you are involved or help has not arrived.",c,Do not stop at an accident unless you are involved or emergency help has not arrived; keep moving and watch for people on or near the road.,medium
7,Special Situations & Road Users,Drivers must yield to pedestrians in the street under which circumstances?,"a:Even if the pedestrian is crossing carelessly or against signals.,b:Only when the pedestrian is in a marked crosswalk.,c:Only when the pedestrian is on the same side of the road as you.",a,Drivers must yield to pedestrians in the roadway regardless of how the pedestrian behaves.,medium
3,Safe & Defensive Driving Practices,A driver's left arm and hand extended downward is signaling what?,"a:They intend to turn left,b:They intend to stop or slow,c:They are unsure,d:They intend to turn right",b,Left arm extended downward is the hand signal meaning the driver plans to stop or slow; adjust your driving accordingly.,easy
3,Safe & Defensive Driving Practices,"If another vehicle is about to hit you, what should you do to alert them?","a:Sound your horn to warn them.,b:Wave your arms wildly.,c:Turn off your lights.",a,Use your horn to alert other drivers or pedestrians to immediate danger when a collision is imminent.,easy
4,Driving in Special Conditions,"When driving in fog, what headlight setting should you use and how should you proceed?","a:Use low beams, reduce speed, and drive cautiously,b:Use high beams to see farther ahead,c:Use parking lights only,d:Turn off lights to avoid glare",a,In fog you should use low beam headlights (not high beams) and reduce speed to improve visibility and safety.,medium
1,Traffic Laws & Rules of the Road,"Which instruction must you obey over traffic signs, signals, and pavement markings?","a:A steady red light,b:A police officer directing traffic,c:A stop sign",a,"Directions from traffic officers take precedence over signs, signals, and pavement markings. Officers include police, fire police, flaggers, and school crossing guards.",easy
1,Traffic Laws & Rules of the Road,You approach an intersection and the light turns solid yellow. What should you do?,"a:Stop immediately wherever you are.,b:Consider it the same as a caution sign and keep going.,c:Slow and stop before entering if you can do so safely; otherwise proceed carefully.",c,"A solid yellow warns a red is coming; stop before entering if it is safe, otherwise proceed through the intersection carefully.",easy
3,Safe & Defensive Driving Practices,"If a pedestrian begins crossing in front of your vehicle, you should:","a:Slow down and be prepared to stop.,b:Flash your lights.,c:Speed up and pass in front of them.",a,"Always slow and be ready to stop for pedestrians, especially children; yield the right-of-way to those in crosswalks.",easy
5,"Alcohol, Drugs & Impaired Driving",What can happen if you drink alcohol while taking prescription or over-the-counter medicine?,"a:The combination can multiply impairing effects,b:The medicine will cancel the alcohol's effects,c:The alcohol reduces the medicine's power,d:Nothing — it's safe",a,Mixing alcohol with medications can greatly increase impairment and unpredictable effects; combining them multiplies risk.,medium
1,Traffic Laws & Rules of the Road,"When a traffic signal turns green, what must you do before proceeding?","a:Accelerate immediately,b:Ignore pedestrians,c:Back up to re-position,d:Yield the right-of-way to pedestrians and vehicles still in the intersection",d,"A green light allows you to go, but you must first yield to any traffic or pedestrians still in the intersection.",easy
1,Traffic Laws & Rules of the Road,"If you turn onto a street with multiple lanes moving in your direction, into which lane should you enter?","a:Any lane marked with an arrow only,b:The far right lane always,c:The lane closest to the lane you came from,d:The middle lane",c,"When turning onto a street with more than one lane going your direction, enter the lane nearest your previous lane and do not change lanes during the turn.",easy
2,"Signs, Signals & Road Markings",Guide signs that provide directional and mileage information have what background color?,"a:Yellow,b:Green,c:Red",a,Guide or destination signs are green with white lettering and provide directional and mileage information.,easy
1,Traffic Laws & Rules of the Road,Why is city driving considered more dangerous than expressway driving?,"a:Because lanes are narrower,b:Because of lower speed limits,c:Because expressways are less maintained,d:Because of cross traffic and pedestrians",d,"City driving has more intersections, cross traffic, and pedestrians, increasing the potential for collisions.",easy
1,Traffic Laws & Rules of the Road,A driver entering interstate traffic from an entrance ramp should:,"a:Force their way into traffic,b:Yield to traffic already on the interstate,c:Stop at the end of the ramp,d:Expect others to stop",b,"When entering interstate traffic from a ramp, yield to vehicles already on the highway and merge safely.",easy
1,Traffic Laws & Rules of the Road,"A 'Reduced speed, 35 mph' sign means what?","a:The sign is advisory only,b:You have ample time to slow down before the zone,c:The new 35 mph speed limit begins at the sign,d:The reduced speed begins at the next speed sign",c,A posted reduced speed sign establishes the new speed limit starting at the sign; you must reduce to that speed at the sign.,medium
5,"Alcohol, Drugs & Impaired Driving",How does even a small amount of alcohol affect your driving?,"a:Only a blood alcohol level greater than the legal limit can impair you.,b:Alcohol does not affect driving skills.,c:Even small amounts reduce concentration",c,Any alcohol impairs the skills needed for safe driving—no amount of alcohol makes driving safer.,easy
1,Traffic Laws & Rules of the Road,When must you stop at an intersection with a flashing red light?,"a:Only stop if another vehicle is present.,b:Stop at the intersection,c:Slow down and proceed if the way appears clear.",b,A flashing red signal is equivalent to a stop sign: stop completely and go only when the intersection is clear.,easy
1,Traffic Laws & Rules of the Road,"When two drivers arrive at an open intersection at the same time, which driver must yield?","a:The driver on the right has the right-of-way.,b:The driver on the left has the right-of-way.,c:One driver may continue driving without stopping.",c,"If you arrive at an open intersection at the same time as a vehicle to your right, yield to that vehicle; proceed only when it is safe.",easy
1,Traffic Laws & Rules of the Road,"You cannot pass safely on a two-way, two-lane street unless which condition is met?","a:Your vehicle is capable of the speed necessary to pass.,b:You are able to clearly see the road ahead.,c:You can return to your lane before meeting oncoming traffic.",c,"Safe passing requires you can complete the maneuver and return to your lane before encountering oncoming traffic, along with adequate visibility and speed.",medium
1,Traffic Laws & Rules of the Road,What does a solid yellow line on your side of the centerline indicate?,"a:Do not pass.,b:Pass with caution.,c:Slow down.",a,A solid yellow line beside your lane means passing is prohibited from your direction.,easy
1,Traffic Laws & Rules of the Road,Is it legal to cross a double solid yellow centerline to pass another vehicle?,"a:No.,b:Yes.,c:Only if there is no oncoming traffic.",a,Crossing double solid yellow lines to pass is prohibited except for permitted turns into driveways or alleys.,easy
5,"Alcohol, Drugs & Impaired Driving",Which of the following can impair your ability to drive?,"a:Alcohol.,b:Certain medications and drugs.,c:Lack of sleep.",c,"Alcohol, legal and illegal drugs, and drowsiness can all impair driving ability.",medium
3,Safe & Defensive Driving Practices,Which of the following is NOT a factor in stopping distance?,"a:Braking distance,b:Reaction distance,c:Steering ability,d:Perception time",c,"Stopping distance is based on perception time, reaction distance, and braking distance; steering ability is not a direct factor.",medium
6,Vehicle Ownership & Responsibilities,"If stopped by a police officer, what should you do while waiting?","a:Stay in your vehicle with your hands on the steering wheel and wait for the officer.,b:Unbuckle your seat belt and lower your window.,c:Get your paperwork out before the officer reaches the car.",a,"Remain in the vehicle with hands visible, wait for the officer to approach and request documents; do not exit unless asked.",easy
7,Special Situations & Road Users,"When approaching railroad tracks, what should you do?","a:Drive around a lowered gate if traffic is light.,b:Speed up to cross before a gate comes down.,c:Look",c,"Always look and listen for trains, slow down, and be ready to stop; never try to beat a train or bypass a gate.",easy
2,"Signs, Signals & Road Markings",What device is commonly used on highways to direct drivers into lanes for turning?,"a:Flashing red lights.,b:Flashing yellow lights.,c:Lane arrows painted on the pavement.",c,Arrows on pavement or signs indicate which lanes are for turning or for through traffic.,easy
2,"Signs, Signals & Road Markings",What is the purpose of highway pavement markings?,"a:They are only used in construction zones,b:They are usually not important,c:They provide guidance and information for drivers",c,"Pavement markings inform drivers about lane usage, passing zones, upcoming hazards, and correct positioning on the roadway.",easy
7,Special Situations & Road Users,What should you do if an emergency vehicle with flashing lights and siren is approaching from behind?,"a:Pull over to the side of the road and stop.,b:Speed up to keep ahead of it.,c:Remain in your lane but slow down.",a,Yield the right-of-way: move to the right edge of the road and stop when safe to do so.,easy
6,Vehicle Ownership & Responsibilities,"If your vehicle is blocking traffic after an accident, what should you do if possible?","a:Wait for police to arrive before moving,b:Push it into oncoming traffic,c:Never move the vehicle,d:Move it off the traveled portion of the roadway",d,"If possible after a minor collision, move your vehicle out of the travel lane to a safe location; do not leave the scene without providing required information.",easy
4,Driving in Special Conditions,"If you need to slow on a slippery road, what should be your first action?","a:Take your foot off the gas.,b:Firmly apply your brakes.,c:Apply the parking brake.",a,"On slippery surfaces, first remove your foot from the accelerator; if further slowing is needed, gently apply brakes.",medium
7,Special Situations & Road Users,How can you avoid being in a truck or bus driver’s blind spot?,"a:Flash your lights to alert them to your presence.,b:Never pass them under any circumstances.,c:Avoid driving alongside large vehicles and do not tailgate.",c,Large vehicles have significant blind spots; avoid lingering beside them and maintain a safe following distance.,easy
3,Safe & Defensive Driving Practices,Which rule best describes passing other vehicles safely?,"a:Pass on the right whenever possible,b:Drive with the flow of traffic and pass only when necessary,c:Try to reach the front of slow traffic to improve visibility",b,Pass only as needed and keep pace with the flow of traffic; excessive passing increases collision risk.,medium
2,"Signs, Signals & Road Markings",What does a solid red arrow on a traffic signal mean?,"a:It allows turns without yielding.,b:It warns of a lane closure ahead.,c:It has the same meaning as a circular red light; you must stop and not turn in that direction.",c,A solid red arrow prohibits traffic in the direction indicated until the arrow changes.,easy
4,Driving in Special Conditions,"On wet pavement, what conditions should drivers remember?","a:Wet roads have no effect on traction.,b:You can stop in the same distance as on dry pavement.,c:Pavement can be especially slippery right after rain begins and hydroplaning is possible.",c,Roads can be most slippery when rain first begins because oil and debris mix with water; slow down and increase stopping distance to avoid hydroplaning.,medium
1,Traffic Laws & Rules of the Road,"Before entering a roundabout, who must you yield to?","a:Only bicyclists in the roundabout,b:Vehicles already in the roundabout,c:Only pedestrians in the roundabout",b,"Yield to vehicles and bicyclists already circulating in the roundabout, and watch for pedestrians crossing the approaches.",medium
1,Traffic Laws & Rules of the Road,"If you drive much slower than the posted limit and impede traffic, what should you do?","a:Continue at the same slow speed,b:Pull off the road and allow others to pass,c:Refuse to let others pass,d:Increase your speed suddenly",b,"If you're driving significantly slower than traffic on a two-lane road and causing backups, you must pull off and let others pass.",medium
3,Safe & Defensive Driving Practices,"When entering a crowded freeway, how should you merge into traffic?","a:Enter at any speed and force your way into a gap.,b:Use the acceleration lane to match speed to freeway traffic,c:Stop at the end of the ramp then merge quickly.",b,"Use the entrance ramp to accelerate and match freeway speeds, check mirrors and blind spots, and yield to vehicles already on the freeway.",medium
6,Vehicle Ownership & Responsibilities,"If stopped for a traffic violation or equipment check, which documents must you produce?","a:Driver's license, proof of registration, and proof of insurance,b:Only your license,c:Only proof of registration,d:Only proof of insurance",a,"When stopped you must produce your license, vehicle registration, and proof of insurance upon request.",easy
2,"Signs, Signals & Road Markings",What does a green arrow on a traffic signal mean?,"a:It is the same as a circular green and you may go straight,b:It applies only to buses,c:You may go only if accompanied by a green circle,d:Traffic in the indicated lane must turn in the arrow's direction and may proceed",d,A green arrow allows movement in the direction shown and requires that traffic in that lane turn as indicated.,easy
7,Special Situations & Road Users,"When you see or hear an emergency vehicle coming, what should you do?","a:Proceed slowly and permit the vehicle to pass.,b:Drive as far to the right side of the road as is safe and stop.,c:Stop immediately in the middle of the road.",b,"On two-lane or undivided roads, immediately move to the right and stop; do not stop within an intersection.",easy
2,"Signs, Signals & Road Markings",What colors are used on signs that indicate distance to the next highway exit?,"a:Green with white letters.,b:Black with white letters.,c:Red with white letters.",c,Destination and directional signs are green with white letters or symbols to indicate exits and distances.,easy
7,Special Situations & Road Users,"On a divided multilane highway, how should you respond when you see or hear an approaching emergency vehicle?","a:Disregard the signal if other lanes are available for the emergency vehicle.,b:Stop as quickly as you can in your lane.,c:Slow down",c,"When you hear or see an emergency vehicle, slow, move to allow a clear path, and stop; do not attempt to outdrive the emergency vehicle.",medium
7,Special Situations & Road Users,"At a light rail intersection, what should you always do?","a:Pay attention and obey all traffic signals and look both ways before crossing tracks.,b:Share the road and treat tracks like a regular street.,c:Drive around lowered crossing gates if no train is visible.",a,"Always obey signals, never drive around lowered gates, and look both ways before turning across train tracks.",medium
2,"Signs, Signals & Road Markings",What does a single broken white line down the center of a two-lane road indicate?,"a:Lanes moving in opposite directions and passing is prohibited.,b:Opposing traffic and passing is allowed.,c:Traffic lanes are moving in the same direction and passing is permitted.",c,White lines separate traffic moving in the same direction; dashed lines mean drivers next to them may pass when safe.,easy
7,Special Situations & Road Users,"If you hear a siren behind you while driving, what should you do?","a:Safely pull over to the right and stop to allow the emergency vehicle to pass.,b:Stop where you are.,c:Speed up to get out of the way.",a,"When you hear or see an emergency vehicle approaching from behind, create a clear path by pulling over to the right and stopping when safe.",easy
3,Safe & Defensive Driving Practices,"If a driver behind you is driving aggressively, what is the safest action?","a:Move out of their way and avoid eye contact,b:Speed up to get away,c:Stare at the driver to show displeasure,d:Brake sharply",a,"If confronted by an aggressive driver, try to get out of their way, avoid eye contact, and avoid any gestures or escalation.",easy
7,Special Situations & Road Users,"At a school crossing sign, what should a driver do?","a:Always sound your horn when children are present,b:Always stop whether a sign instructs or not,c:Watch for children and be ready to stop,d:Speed up to clear the area",c,When approaching a school crossing be alert for children and prepared to stop; yield to pedestrians in crosswalks.,easy
4,Driving in Special Conditions,"At night, which road user is the hardest to see?","a:Road signs.,b:Pedestrians.,c:Other motorists.",b,Pedestrians are the hardest to see at night compared to roadside objects or other vehicles; use extra caution and low-beam headlights.,easy
7,Special Situations & Road Users,"When an authorized emergency vehicle using a siren or lights approaches, what must you do immediately?","a:Turn on your four-way flashers and continue driving.,b:Pull to the right and slow down without stopping.,c:Pull to the right and stop.",c,You must immediately move to the right edge of the roadway and stop to allow the emergency vehicle to pass.,easy
5,"Alcohol, Drugs & Impaired Driving","For drivers 21 and older, it is illegal to drive with a BAC of at least:","a:0.08 percent.,b:0.05 percent.,c:0.02 percent.",a,"For drivers age 21 or older, operating a vehicle with a blood alcohol concentration of 0.08% or higher is illegal.",easy
5,"Alcohol, Drugs & Impaired Driving",Does drinking coffee reduce your blood alcohol concentration?,"a:Yes — it decreases BAC.,b:Yes — it cancels the effect of alcohol.,c:No — it has no effect on BAC.",c,Drinking coffee does not lower blood alcohol concentration or make you sober; it may only help you feel more awake.,easy
6,Vehicle Ownership & Responsibilities,What does a reflective orange triangle on the rear of a vehicle indicate?,"a:The vehicle is a slow-moving vehicle (less than 25 mph).,b:The vehicle is an ambulance.,c:The vehicle is a school bus.",a,An orange reflective triangle signals a slow-moving vehicle such as farm equipment or certain trailers.,easy
6,Vehicle Ownership & Responsibilities,You may not park within how many feet of a fire hydrant?,"a:15 feet.,b:20 feet.,c:30 feet.",a,Do not park within 15 feet of a fire hydrant to ensure emergency access.,easy
2,"Signs, Signals & Road Markings",What does a single broken yellow line down the center of a two-lane road indicate?,"a:Lanes move in opposite directions and passing is allowed when it is safe.,b:Lanes move in the same direction and passing is not allowed.,c:Lanes move in opposite directions and passing is not permitted.",a,A dashed yellow centerline separates opposite-flow traffic and allows passing when the way ahead is clear and safe.,easy
3,Safe & Defensive Driving Practices,When should you increase your following distance?,"a:Only when exiting an expressway.,b:When behind a large vehicle that blocks your view or in poor weather.,c:When following a motorcycle in ideal conditions.",b,"Increase following distance when behind large vehicles that impede your view, in bad weather, heavy traffic, or when being tailgated.",medium
7,Special Situations & Road Users,What lane width entitlement do motorcycles have?,"a:The same full lane width as other motor vehicles.,b:Half the width of a lane.,c:Only the bicycle lane.",a,Motorcycles are entitled to the full width of a traffic lane just like other vehicles; do not crowd them when passing.,easy
2,"Signs, Signals & Road Markings",What do pentagonal signs indicate?,"a:No passing zones.,b:Speed limits.,c:School zones and school crossings.",c,Pentagonal signs indicate you are in a school zone; be extra alert for children and pedestrians.,easy
1,Traffic Laws & Rules of the Road,"On a highway divided by two solid yellow lines, when may you cross the lines?","a:Under no circumstances.,b:To pass another vehicle if no oncoming traffic is present.,c:Only to make a left turn into or from an alley",c,Double solid yellow lines prohibit passing; you may cross them to make permitted left turns or enter/exit driveways.,medium
2,"Signs, Signals & Road Markings",What does an 'End school zone' sign indicate?,"a:Children are no longer present.,b:The beginning of a reduced speed area.,c:The reduced school-zone speed restriction has ended.",c,An 'End school zone' sign shows that the special reduced-speed school zone is finished.,easy
1,Traffic Laws & Rules of the Road,"When merging onto a freeway, what is the best practice?","a:Proceed slowly until there's an opening,b:Accelerate on the ramp to match freeway speed and merge safely,c:Stop at the end of the ramp and wait,d:Turn on hazard lights until merged",b,Use the acceleration lane to reach freeway speed and merge smoothly; yield to traffic already on the freeway.,medium
3,Safe & Defensive Driving Practices,What helps you avoid emergency stops while driving in traffic?,"a:Honk to make others aware of your presence,b:Stay in the right lane only,c:Look ahead and maintain a safe following distance",a,Maintaining a safe following distance and scanning ahead gives you time to react to hazards without abrupt emergency stops.,easy
3,Safe & Defensive Driving Practices,Another driver is trying to pass you. What is the proper response?,"a:Pull off the road immediately.,b:Signal to the other driver when it is safe for them to pass.,c:Check for oncoming traffic and adjust your speed to allow a safe pass.",c,"When another driver is passing, slow or adjust speed to create a safe gap so they can return to your lane easily; keep right.",easy
3,Safe & Defensive Driving Practices,When should you always signal?,"a:Only on highways.,b:Only when turning left.,c:Changing lanes",c,"Use turn signals whenever changing lanes, entering/exiting parking spaces, or pulling into traffic to communicate with others.",easy
2,"Signs, Signals & Road Markings",Downward-facing triangular signs are used to tell drivers to do what?,"a:Indicate school zones.,b:Indicate construction zones.,c:Yield.",c,A downward-pointing triangle is used for yield signs; slow down and yield the right-of-way when you see one.,easy
1,Traffic Laws & Rules of the Road,When are you allowed to exceed the posted speed limit?,"a:When passing another vehicle.,b:At no time.,c:Where no police officers are present.",b,You must never exceed the posted speed limit; passing does not justify speeding.,easy
1,Traffic Laws & Rules of the Road,To enter a freeway safely you should:,"a:Signal and expect freeway traffic to yield,b:Stop at the ramp and wait for a gap,c:Signal,d:Slow to a crawl to check traffic",c,"Signal and accelerate on the ramp to match freeway speed, yielding to traffic already on the freeway.",medium
4,Driving in Special Conditions,"If you must drive in fog, which lights should you use?","a:Turn on your low beam headlights.,b:Turn on your hazard lights.,c:Drive at the posted maximum speed limit.",a,Use low beams (not high beams) in fog and turn on headlights when visibility is reduced to 500 feet or less; high beams reduce visibility in fog.,easy
6,Vehicle Ownership & Responsibilities,"When parking uphill with a curb, which way should you turn your wheels?","a:Turn them toward the sidewalk,b:Turn them sharply toward the curb,c:Turn your front wheels away from the curb,d:Keep them straight ahead",c,"When parking uphill with a curb, turn the front wheels away from the curb so a roll will be stopped by the curb.",easy
2,"Signs, Signals & Road Markings",Which traffic light indicates you should slow down and proceed with caution through an intersection?,"a:A flashing yellow light.,b:A flashing red light.,c:A solid yellow light.",a,A flashing yellow light means proceed with caution and be prepared to stop if necessary.,easy
1,Traffic Laws & Rules of the Road,"Unless a different speed is posted, what is the speed limit inside condominium complexes?","a:35 mph,b:25 mph,c:Follow the posted speed limit,d:45 mph",a,"Unless a different speed limit is posted, the default limit in condominium complexes is 25 mph. Always obey posted signs if present.",easy
1,Traffic Laws & Rules of the Road,"When you are making a left turn, who must you yield the right-of-way to first?","a:Oncoming traffic,b:Pedestrians only,c:Drivers already in the intersection,d:Vehicles behind you",a,When turning left you must yield to oncoming traffic and to pedestrians and bicyclists already in the intersection.,easy
1,Traffic Laws & Rules of the Road,"On a roadway with traffic moving in opposite directions, what is the correct use of the shared center lane?","a:To slow down or stop before making a left turn,b:As a through-traffic lane when traffic is slow,c:To pass other vehicles",c,The center lane is for making left turns from either direction; do not use it for passing or as a through lane.,medium
7,Special Situations & Road Users,When must you yield to emergency vehicles?,"a:When you see flashing lights or hear a siren.,b:Only when other vehicles yield.,c:Under no circumstances.",a,You must yield the right-of-way to emergency vehicles that are using their sirens or flashing lights by pulling over and stopping when safe.,easy
2,"Signs, Signals & Road Markings",What color are signs that typically indicate areas of public recreation?,"a:Red,b:Brown,c:Green,d:Orange",b,Brown signs indicate cultural or historical sites and areas of public recreation.,easy
3,Safe & Defensive Driving Practices,How is defensive driving defined?,"a:Driving aggressively to control traffic.,b:Using safe driving strategies to prevent crashes.,c:Being more dangerous than not driving defensively.",b,"Defensive driving means adjusting your driving to conditions, your physical/emotional state, and the actions of others to reduce crash risk.",easy
3,Safe & Defensive Driving Practices,Using which device increases distracted driver crash risk the most?,"a:Radio.,b:Cell phone.,c:CD player.",b,Using a cell phone (including hands-free) or other audio devices can be a dangerous distraction and increase crash risk.,medium
3,Safe & Defensive Driving Practices,Which best describes defensive driving?,"a:Following other vehicles closely to reduce traffic flow.,b:Getting ahead of slow drivers by aggressive maneuvers.,c:Identifying hazardous driving situations and taking action to avoid accidents.",c,Defensive driving means anticipating and avoiding dangerous situations before they lead to a crash.,easy
4,Driving in Special Conditions,"When approaching a heavy truck from behind on an uphill grade, what should you know?","a:You are always permitted to safely pass it on the left.,b:The truck will match posted speed on hills.,c:The truck may be traveling slower than the posted speed limit.",c,Large vehicles slow on inclines; exercise caution and do not attempt unsafe passes on hills with limited visibility.,medium
2,"Signs, Signals & Road Markings",What do orange-colored road signs typically indicate?,"a:The start of a no passing zone.,b:A school zone is ahead.,c:Construction",c,"Orange signs are used for construction, maintenance, and emergency operations, usually with black symbols or words.",easy
7,Special Situations & Road Users,"If you hear a siren but cannot see the emergency vehicle immediately, what should you do?","a:Keep driving until you actually see the vehicle.,b:Slow down but do not stop until you see it.,c:Pull to the curb and stop while you try to locate it.",c,"If you hear an emergency vehicle nearby but don’t know its location, safely pull over to the right and stop until you can be sure it is not coming toward you.",medium
4,Driving in Special Conditions,"If your wheels slip off the pavement edge, how should you return to the road?","a:Speed up and steer quickly back onto the pavement.,b:Jerk the steering wheel to snap back onto the road.,c:Slow down gently",c,"Ease off the gas, gently brake to reduce speed, and when safe, steer back onto the pavement—avoid sudden movements.",medium
6,Vehicle Ownership & Responsibilities,What must you do if you leave your vehicle unattended?,"a:Turn off the engine only.,b:Set the parking brake only.,c:Turn off the engine",c,"When leaving your vehicle unattended, stop the engine, lock the ignition, remove the key, and set the parking brake.",easy
7,Special Situations & Road Users,Which of the following statements is true about motorcycles?,"a:It is okay for other vehicles to follow motorcycles closely.,b:A motorcycle with two people is more balanced than a single rider.,c:The driver of a passenger vehicle must change lanes completely when passing a motorcycle.",c,Motorcycles are entitled to full lane width; ensure you move fully into the adjacent lane before passing a motorcycle.,medium
7,Special Situations & Road Users,When must you stop for a school bus?,"a:If you are driving on a two-lane highway and its red lights are flashing.,b:When it approaches you, even if its lights are not flashing.,c:When it is parked on the shoulder with no one in it.",a,"You must stop for a stopped school bus displaying flashing red lights; on a two-lane road, traffic from both directions must stop and remain stopped while red lights flash and/or the stop arm is extended.",easy
3,Safe & Defensive Driving Practices,How can you ensure your physical condition does not impair your driving?,"a:Know the effects of any medicine on your driving ability,b:Be aware of your physical limitations and drive only when safe,c:Keep physically fit and get regular examinations",c,Be aware of how medicines and health conditions affect driving; know your limitations and seek medical advice or avoid driving when impaired.,medium
2,"Signs, Signals & Road Markings",What does a flashing yellow traffic light tell you to do?,"a:Proceed with caution.,b:Merging traffic.,c:Pedestrian crossing.",a,A flashing yellow traffic light means you should drive with caution.,easy
5,"Alcohol, Drugs & Impaired Driving",What effect does alcohol have on driving skills and judgment?,"a:It has no effect on either.,b:It helps driving skills but harms your judgment.,c:It harms both driving skills and judgment.",c,"Alcohol impairs reaction time, vision, judgment of speed/distance, and can lower inhibitions, making driving unsafe.",easy
3,Safe & Defensive Driving Practices,"To check your blind spot when changing lanes to the left, where should you glance?","a:At your rearview mirror,b:At your side mirror,c:Over your left shoulder,d:Over your right shoulder",c,Check the blind spot by glancing over the shoulder in the direction you intend to move.,easy
3,Safe & Defensive Driving Practices,"If you see other drivers acting angrily or aggressively, how should you respond?","a:Don’t make eye contact and avoid them,b:React with hand gestures to show you won’t be intimidated,c:Distance yourself mentally and physically from the situation",a,"When confronted by angry drivers, avoid eye contact and gestures and do what you can to put space between you and the aggressive driver.",easy
3,Safe & Defensive Driving Practices,How can you relieve fatigue during a long trip?,"a:Drive with one eye closed to stay alert.,b:Stop and rest every two hours.,c:Do arm exercises while driving.",b,Schedule regular breaks—about every two hours—to rest and stretch to reduce fatigue on long trips.,easy
2,"Signs, Signals & Road Markings",What does a solid yellow arrow signal mean?,"a:It is never used as a traffic signal.,b:It has the same meaning as a circular yellow light — prepare to stop.,c:It means drivers may turn in the direction indicated by the arrow.",b,A solid yellow arrow warns that the protected turn is ending and you should slow and prepare for a red arrow.,medium
6,Vehicle Ownership & Responsibilities,Why is a leaky exhaust system dangerous inside a vehicle?,"a:It lowers fuel economy drastically.,b:It can allow carbon monoxide to enter the passenger compartment.,c:It causes louder horn noise.",b,"Exhaust leaks can allow carbon monoxide to build up inside the vehicle, which is poisonous and potentially fatal.",medium
1,Traffic Laws & Rules of the Road,Under which condition may you continue through an intersection showing a yellow light?,"a:If there is an emergency vehicle crossing your lane,b:If pedestrians are crossing,c:If you were already in the intersection when the light turned yellow",c,"If a steady yellow appears while you are already within the intersection, continue through it cautiously; do not stop abruptly.",medium
2,"Signs, Signals & Road Markings",What are the standard colors of warning signs that indicate upcoming hazards?,"a:White letters or symbols on blue,b:Black letters or symbols on yellow,c:Black letters or symbols on white",b,Most warning signs are yellow with black lettering or symbols; work zone warnings are orange with black markings.,easy
4,Driving in Special Conditions,How can you reduce the risk of hydroplaning?,"a:Drive through shallow water,b:Drive more quickly,c:Drive more slowly",c,Reduce speed in wet conditions to help tires clear water from the road and avoid hydroplaning.,easy
1,Traffic Laws & Rules of the Road,"When turning left onto a one-way street, where should you complete the turn?","a:Either lane,b:The lane closest to the direction you came from,c:The right lane",a,Turn from the lane closest to the direction you are coming from into the lane closest to that lane on the one-way street.,medium
6,Vehicle Ownership & Responsibilities,What should you do before switching on your ignition?,"a:Make sure only child passengers have buckled their seat belts,b:Make sure only adult passengers have buckled their seat belts,c:Buckle your safety belt and ensure all passengers are buckled",a,"Develop a routine: before starting the engine, fasten your seat belt and confirm that all passengers are properly restrained.",easy
3,Safe & Defensive Driving Practices,What effect does increasing your vehicle’s speed have on your field of vision?,"a:It increases your field of vision.,b:It has no effect on your field of vision.,c:It decreases your field of vision.",a,"Higher speeds narrow your effective field of vision, reducing your ability to see hazards in time to react.",medium
2,"Signs, Signals & Road Markings",What symbol indicates a slow-moving vehicle?,"a:Rectangular red sign,b:Diamond-shaped yellow sign,c:Reflective orange triangle,d:Flashing blue light",c,Slow-moving vehicles display a reflective orange triangle indicating they travel 25 mph or less.,easy
6,Vehicle Ownership & Responsibilities,"When parallel parking between two cars, what should you do first?","a:Back in without aligning,b:Turn wheels left immediately,c:Pull up even with the car in front of the space,d:Turn wheels right immediately",c,"Before backing into a parallel parking space, stop parallel to the car ahead of the space to align your vehicle.",medium
3,Safe & Defensive Driving Practices,When should you reduce speed while driving?,"a:On narrow or winding roads,b:Only when the road is wet,c:Only at intersections",c,"Slow down on narrow or winding roads, at intersections and railroad crossings, on hills, in blind curves, where there are pedestrians, and when roads are wet or slippery.",easy
6,Vehicle Ownership & Responsibilities,"If a vehicle with ABS loses traction on a slippery road, how should you brake?","a:Press and hold the brake pedal firmly,b:Press and hold the gas pedal,c:Pump the brakes",c,"With Anti-Lock Braking System, press and hold the brake pedal firmly and steer to safety; ABS will modulate braking automatically.",medium
1,Traffic Laws & Rules of the Road,When must you pull over and stop for an emergency vehicle with flashing lights?,"a:Only if sirens are used,b:Only if it is approaching from behind,c:Only if it is following you,d:Whenever it approaches",d,You must pull to the right edge of the road and stop for an emergency vehicle with flashing lights regardless of its direction of approach.,easy
7,Special Situations & Road Users,"What is a ""No zone"" around a large vehicle?","a:A designated no passing zone.,b:A one-way traffic area.,c:The blind spot of a large vehicle.",c,"""No zones"" are the large blind spots around trucks and big vehicles; avoid lingering there to stay visible to the truck driver.",easy
6,Vehicle Ownership & Responsibilities,"If you are involved in a crash and someone is injured, what should you do?","a:Always leave the injured where they are without checking them.,b:Not move the injured unnecessarily; keep them warm and provide first aid if trained.,c:Move the injured away from the scene immediately.",b,Do not move injured persons unless necessary; keep them warm and provide first aid if you are able while waiting for emergency responders.,medium
2,"Signs, Signals & Road Markings",A red and white triangular sign at an intersection indicates what?,"a:Always come to a full stop at the intersection,b:Slow down and yield the right-of-way to vehicles and pedestrians,c:Slow down only if an emergency vehicle is approaching",b,"A triangular red-and-white sign is a yield sign; you must slow and yield the right-of-way to traffic and pedestrians, stopping if necessary.",easy
3,Safe & Defensive Driving Practices,How far ahead (in seconds) should drivers look down the road to help prevent sudden stops or turns?,"a:5 seconds,b:12 seconds,c:10 seconds",c,Scan about 12 seconds ahead while driving to anticipate hazards and avoid abrupt maneuvers.,medium
2,"Signs, Signals & Road Markings",What is the shape of a stop sign?,"a:A circle.,b:A rectangle.,c:An octagon (eight-sided).",c,Stop signs are uniquely octagonal. All eight-sided signs indicate you must stop completely before proceeding.,easy
1,Traffic Laws & Rules of the Road,How should drivers respond to a steady red traffic light?,"a:Continue driving because you have the right-of-way.,b:Drive through the intersection if there is no crossing traffic.,c:Stop and remain stopped until the light changes",c,A steady red requires you to stop. You may turn right on red after stopping unless a sign prohibits it and when it is safe to do so.,easy
2,"Signs, Signals & Road Markings",Lanes moving in the same direction are divided by which color lines?,"a:Red,b:Yellow,c:White,d:Blue",c,Solid and broken white lines separate lanes moving in the same direction; yellow separates opposite directions.,easy
6,Vehicle Ownership & Responsibilities,"If your accelerator sticks while driving, what is the recommended action?","a:Shift to neutral and apply steady braking while steering to safety,b:Shift to park immediately,c:Reach down and try to lift the pedal,d:Turn off the ignition while moving",a,"If the accelerator sticks, keep control, shift to neutral, apply steady pressure on the brake, steer safely off the road, then turn off the engine.",difficult
3,Safe & Defensive Driving Practices,Which is a safe way to drive through a curve?,"a:Slow down as you enter the curve and accelerate as you exit,b:Maintain the same speed throughout the curve,c:Speed up as you enter and slow down as you exit",a,Reduce speed before entering a curve and gradually accelerate as you exit to maintain control and traction.,medium
7,Special Situations & Road Users,"Why should drivers be extra alert for motorcyclists, bicyclists, and pedestrians?","a:They obey different traffic laws than cars.,b:They always have the right-of-way.,c:They can be harder to see and may move differently than larger vehicles.",c,Smaller road users can be more difficult to spot and have less visible lighting; always watch for them to prevent collisions.,easy
2,"Signs, Signals & Road Markings",How must you treat traffic signs and pavement markings?,"a:You must obey them at all times.,b:They are merely suggestions.,c:Only follow them when other traffic is present.",a,"Traffic signs, signals, and pavement markings control flow and safety and must always be obeyed.",easy
3,Safe & Defensive Driving Practices,When is it allowable to pass another vehicle on the shoulder?,"a:Never — do not drive off the pavement to pass,b:When the vehicle ahead is turning,c:When there are no pedestrians present,d:When traffic is very slow",a,You may not drive off the pavement or onto the shoulder to pass under any circumstances.,easy
1,Traffic Laws & Rules of the Road,What does a posted speed limit represent?,"a:The suggested speed under ideal conditions.,b:The maximum legal speed under dangerous conditions.,c:The maximum legal speed under ideal conditions.",c,A speed limit is the maximum legal speed you may travel under ideal conditions; you must drive slower when conditions are unsafe.,easy
1,Traffic Laws & Rules of the Road,When is it illegal to drive below the posted speed limit?,"a:When passing is allowed,b:Always in construction zones,c:Only on rural roads,d:When driving so slowly that you disrupt the normal flow of traffic",d,Driving unreasonably slow so as to disrupt traffic flow is illegal; drive at a safe speed consistent with conditions.,medium
1,Traffic Laws & Rules of the Road,"When entering a roadway from a driveway or private road, what should you do?","a:Blow your horn to warn approaching vehicles,b:Drive out quickly to merge with traffic,c:Yield to pedestrians and traffic on the roadway",a,"When entering from a private road or driveway, you must yield the right-of-way to pedestrians and vehicles already on the roadway.",easy
7,Special Situations & Road Users,How should you safely pass a bicyclist on a two-lane road without bike lanes?,"a:Slow until there is no oncoming traffic, then pass while leaving sufficient space.,b:Continue straight — the bicyclist must move.,c:Do not pass until a traffic signal or stop sign.",a,Pass bicyclists as you would other vehicles but allow at least 3 feet (more on higher-speed roads) and avoid startling them with unnecessary honking.,medium
4,Driving in Special Conditions,Which statement about a work zone is true?,"a:It is marked with black and white signs.,b:It does not require drivers to slow down.,c:It may be moving or stationary and requires extra caution.",c,"Work zones can be stationary or moving (e.g., line painting) and are marked by orange signs; slow down and pay attention.",easy
1,Traffic Laws & Rules of the Road,"Unless otherwise posted, what is the speed limit on ordinary non-highway streets (not freeways or subdivisions)?","a:25 mph.,b:55 mph.,c:35 mph.",b,"Unless a different limit is posted, the typical maximum on such roads is 55 mph in Michigan.",medium
3,Safe & Defensive Driving Practices,Which of the following commonly causes traffic accidents?,"a:Inattentive driving,b:Excessive speed for conditions,c:Following other vehicles too closely,d:All of the above",c,"Common causes of crashes include speeding for conditions, inattention, and following too closely; all contribute to accidents.",easy
3,Safe & Defensive Driving Practices,When should you look over your shoulder to check blind spots?,"a:Changing lanes.,b:Pulling toward or away from a curb.,c:Turning left or right.",c,"Look over your shoulder to check blind spots whenever you change your vehicle's position, including changing lanes, turning, or curbing.",medium
2,"Signs, Signals & Road Markings",What do double solid yellow lines down the center of the road mean?,"a:You must stop and yield to oncoming traffic.,b:Passing is allowed only during daylight.,c:Passing is not allowed from either direction.",c,Double solid yellow lines indicate no passing in either direction except to turn where permitted.,easy
2,"Signs, Signals & Road Markings","If a green arrow at an intersection changes to a solid green light, what must you do when turning?","a:You may no longer turn in that direction.,b:You keep the right-of-way to turn without yielding.,c:You may still turn but must yield to oncoming traffic and pedestrians.",c,A solid green requires yielding to oncoming traffic and pedestrians before turning.,easy
