section-num,section-name,question,options,correct-answer,note,difficulty
2,Traffic Laws & Rules of the Road,What is the default speed limit on most urban streets in South Carolina when no speed limit is posted?,"a:25 mph,b:30 mph,c:35 mph,d:40 mph",b,South Carolina sets the default speed limit in urban and business districts at 30 mph when no other limit is posted. Always look for posted signs since specific roads may have different limits.,medium
2,Traffic Laws & Rules of the Road,"Under South Carolina's GDL program, at what age can a teenager apply for a beginner's permit?","a:14,b:15,c:16,d:15 and a half",b,"In South Carolina, teens can apply for a beginner's permit at age 15. They must hold the permit for at least 1 year (180 days minimum practice) and meet supervised driving requirements before obtaining a restricted license.",medium
2,Traffic Laws & Rules of the Road,"What is true about signaling before turns, lane changes, or pulling from a curb?","a:You only need to signal during the maneuver.,b:It is a good driving habit and is required by law.,c:It is only necessary if other vehicles are present.",b,"You are legally required to signal before turning, changing lanes, or pulling away from a curb so other road users know your intentions in advance. In many states, including South Carolina, you must signal continuously for at least 100 feet before the maneuver at typical speeds, and longer on higher-speed roads when practical.",
2,Traffic Laws & Rules of the Road,What is the speed limit in most South Carolina school zones?,"a:15 mph,b:20 mph,c:25 mph,d:30 mph",c,South Carolina school zones have a speed limit of 25 mph when children are present or warning lights are active. Always reduce speed well before entering a school zone and watch for pedestrians near the road.,medium
2,Traffic Laws & Rules of the Road,"In South Carolina, what term is used for the offense of driving while impaired by alcohol?","a:DWI (Driving While Intoxicated),b:DUI (Driving Under the Influence),c:OWI (Operating While Intoxicated),d:DUII (Driving Under the Influence of Intoxicants)",b,South Carolina uses the term DUI (Driving Under the Influence) — not DWI. This is state-specific terminology and is directly tested on the SCDMV knowledge exam. The legal BAC threshold is 0.08% for drivers 21 and older.,medium
2,Traffic Laws & Rules of the Road,What is the legal BAC limit for a driver age 21 or older in South Carolina?,"a:0.04%,b:0.06%,c:0.08%,d:0.10%",c,"A BAC of 0.08% or higher is per se illegal for drivers 21 and older in South Carolina. Commercial drivers face a stricter 0.04% limit. At or above 0.08%, the BAC level alone establishes impairment regardless of how the driver appears.",medium
2,Traffic Laws & Rules of the Road,"Under South Carolina's zero tolerance law, what BAC level is illegal for a driver under 21?","a:Any measurable amount — 0.00%,b:0.02%,c:0.04%,d:0.08%",b,"South Carolina's zero tolerance law sets the illegal threshold for drivers under 21 at 0.02% BAC. A driver under 21 with a BAC of 0.02% or higher faces DUI charges and license suspension, even if they do not appear visibly impaired.",medium
2,Traffic Laws & Rules of the Road,South Carolina's seatbelt law for front-seat occupants uses which enforcement type?,"a:Secondary enforcement — officers must have another reason to stop the vehicle,b:Primary enforcement — officers can stop a vehicle solely for a seatbelt violation,c:Enforcement only for drivers, not passengers,d:No enforcement — seatbelts are recommended but not required",b,"South Carolina uses primary enforcement for front-seat occupants, meaning an officer can stop a vehicle solely for a front-seat seatbelt violation. Back-seat passengers are covered by secondary enforcement. All occupants are required to wear seatbelts.",medium
2,Traffic Laws & Rules of the Road,How long must a South Carolina teen hold a beginner's permit before applying for a restricted license?,"a:6 months,b:180 days (approximately 6 months),c:1 full year,d:90 days",b,South Carolina requires teens under 18 to hold their beginner's permit for at least 180 days (approximately 6 months) before they can take the road test for a driver's license.,medium
2,Traffic Laws & Rules of the Road,"Under South Carolina's Move Over law, what must you do when approaching a stopped vehicle with flashing lights on the side of the road?","a:Move over only for law enforcement vehicles,b:Slow to 25 mph regardless of posted limit,c:Move one lane away if safe, or slow to a safe speed if a lane change isn't possible,d:Activate your hazard flashers and maintain speed",c,"South Carolina's Move Over law requires drivers to move one lane away from any stopped emergency, law enforcement, towing, or highway utility vehicle with flashing lights. If moving over is not safely possible, slow to a safe and reasonable speed.",medium
2,Traffic Laws & Rules of the Road,What is the speed limit on most South Carolina rural two-lane roads when no sign is posted?,"a:45 mph,b:50 mph,c:55 mph,d:60 mph",c,"The default speed limit on most South Carolina rural roads is 55 mph when no other limit is posted. Interstate highways have a higher default of 70 mph. Always check for posted signs, especially in areas with frequent intersections or pedestrian activity.",medium
2,Traffic Laws & Rules of the Road,"Under South Carolina's implied consent law, a driver suspected of DUI who refuses a chemical test will face:","a:No penalty — the refusal cannot be used against them,b:A 6-month license suspension for a first offense,c:Only a fine, not a license suspension,d:The same penalties as an actual DUI conviction",b,South Carolina's implied consent law means drivers have agreed to submit to chemical testing by driving on state roads. A first-offense refusal triggers a 6-month license suspension. The refusal can also be mentioned in court proceedings.,medium
2,Traffic Laws & Rules of the Road,Texting while driving in South Carolina is:,"a:Legal unless you are under 18,b:Legal for drivers over 21 only,c:Prohibited for all drivers at all times,d:Legal only when the vehicle is stopped at a traffic signal",c,"South Carolina prohibits texting while driving for all drivers of any age. Reading, composing, or sending a text message while operating a vehicle is illegal statewide. Violating this law is a primary offense — officers can stop you for it directly.",medium
2,Traffic Laws & Rules of the Road,What must you do before turning right on a red light in South Carolina?,"a:Slow to 10 mph, then proceed,b:Signal, then proceed without stopping if no traffic is coming,c:Come to a complete stop, yield to all traffic and pedestrians, then proceed if clear,d:Wait for the light to turn green",c,Right turns on red are permitted in South Carolina after a complete stop and yielding to all pedestrians and cross traffic. A 'No Turn on Red' sign overrides this rule. Never make the turn until you have verified the intersection is fully clear.,medium
2,Traffic Laws & Rules of the Road,You are driving and a school bus ahead activates its flashing red lights and extends its stop arm. You are in the lane directly behind the bus. What must you do?,"a:Pass carefully on the left if no children are visible,b:Stop at least 20 feet behind the bus and wait,c:Slow to 15 mph and proceed past the bus,d:Stop only if children are actively exiting",b,"When a school bus displays flashing red lights and its stop arm extends, drivers must stop at least 20 feet away and wait until the lights stop flashing and the arm retracts. On an undivided two-lane road, traffic in both directions must stop.",medium
2,Traffic Laws & Rules of the Road,What is the recommended following distance in South Carolina under normal driving conditions?,"a:1 second,b:2 seconds,c:3 seconds,d:4 seconds",c,"South Carolina recommends the 3-second rule as the minimum following distance in normal conditions. Pick a fixed landmark — when the vehicle ahead passes it, you should reach it no sooner than 3 seconds. In rain or on slick roads, increase to 4–6 seconds.",medium
2,Traffic Laws & Rules of the Road,You arrive at a 4-way stop at exactly the same moment as a driver to your left. Who has the right of way?,"a:You do, because the other driver is to your left,b:The other driver, because you are to their right,c:Whoever signals first has the right of way,d:Neither — both must wait for a traffic officer",a,"At a 4-way stop when two vehicles arrive simultaneously, the driver to the RIGHT has the right of way. If you are to the right of the other driver, you go first. Stated differently: you yield to traffic coming from your RIGHT.",medium
2,Traffic Laws & Rules of the Road,A flashing red light at an intersection in South Carolina means:,"a:Yield to cross traffic, then proceed,b:Slow and proceed with caution,c:Stop completely, yield to all traffic, then proceed when safe,d:The signal is malfunctioning — treat as a green light",c,"A flashing red light is treated like a stop sign in South Carolina. Come to a complete stop, check for traffic and pedestrians in all directions, yield the right of way, and proceed when safe. This is different from a flashing yellow, which means caution without requiring a full stop.",medium
2,Traffic Laws & Rules of the Road,"On a South Carolina highway, you see a solid yellow line on YOUR side of the center stripe. This means:","a:You may pass if the road ahead appears clear,b:You are prohibited from crossing the center line to pass,c:Passing is allowed for vehicles going faster than 55 mph,d:You are in a passing zone — proceed when safe",b,"A solid yellow line on your side of the road means you may not cross the center line to pass. The solid line indicates a no-passing zone due to limited visibility — a hill, curve, or other hazard. Wait for a dashed yellow line on your side before passing.",medium
2,Traffic Laws & Rules of the Road,You are driving on an interstate in South Carolina. What is the maximum speed limit for passenger vehicles in most rural sections?,"a:65 mph,b:70 mph,c:75 mph,d:80 mph",b,South Carolina's standard interstate speed limit for passenger vehicles is 70 mph in rural sections. Urban interstate sections through major cities like Columbia or Charleston may have lower posted limits. Always follow the posted sign.,medium
2,Traffic Laws & Rules of the Road,Which of the following actions is NOT allowed when passing another vehicle on a two-lane road in South Carolina?,"a:Passing when there is a dashed yellow center line on your side,b:Passing on a long, straight section with clear visibility ahead,c:Passing when approaching the crest of a hill where oncoming traffic cannot be seen,d:Passing a slow-moving farm vehicle with adequate sight distance",c,"Passing near the crest of a hill is prohibited because you cannot see oncoming traffic. Passing is also prohibited on curves, near intersections, in school zones, and wherever solid yellow lines appear on your side. Visibility must be clear for the entire passing maneuver.",medium
2,Traffic Laws & Rules of the Road,An emergency vehicle with lights and siren approaches from the opposite direction on a divided highway. What must you do?,"a:Pull to the right and stop as soon as safely possible,b:Maintain speed — on a divided highway the rule does not apply to you,c:Slow to 25 mph until the emergency vehicle passes,d:Move to the left lane to create space",a,"Even on a divided highway when an emergency vehicle approaches from the opposite direction, South Carolina law requires you to pull to the right and stop. The right-and-stop rule applies regardless of direction on undivided roads; on divided roads local customs may vary, but pulling right and stopping is always safest and required by law.",medium
2,Traffic Laws & Rules of the Road,What color and shape is a railroad advance warning sign?,"a:White rectangle with a red R,b:Yellow circle with a large X and 'RR',c:Red octagon with 'STOP',d:Orange diamond with a locomotive symbol",b,"Railroad advance warning signs are round (circular), yellow, and display a large X with 'RR' — warning drivers that a railroad crossing is ahead. The circular shape is reserved specifically for railroad warning signs, making them distinctive from other warning signs (which are diamond-shaped).",medium
2,Traffic Laws & Rules of the Road,"In South Carolina, when must you turn on your vehicle's headlights?","a:Only between midnight and 5 AM,b:Only when it is raining heavily,c:From sunset to sunrise and whenever visibility is reduced to less than 500 feet,d:Only on rural roads and highways",c,South Carolina requires headlights from sunset to sunrise and any time weather reduces visibility to less than 500 feet. Many states also require headlights whenever windshield wipers are in use — a rule that is tested because drivers often forget it applies in light drizzle as well.,medium
2,Traffic Laws & Rules of the Road,You are making a left turn at an intersection with a green light. Oncoming traffic is still moving. When can you turn?,"a:Immediately — a green light gives you the right of way to turn,b:Only after you enter the intersection and oncoming traffic clears,c:After you yield to oncoming traffic and find a safe gap,d:Only when a dedicated left-turn arrow appears",c,"A solid green light allows you to turn left, but you must first yield to oncoming traffic and pedestrians in the crosswalk. Enter the intersection to position yourself, then wait for a safe gap before completing the turn. Failing to yield on a left turn is one of the most common crash causes.",medium
2,Traffic Laws & Rules of the Road,A yellow diamond-shaped sign with a pedestrian symbol means:,"a:No pedestrians allowed on this road,b:A school zone is ahead — reduce speed,c:Pedestrian crossing ahead — be prepared to stop,d:Parking area for pedestrians only",c,"A yellow diamond sign with a pedestrian symbol warns drivers of a pedestrian crossing ahead. Reduce speed, scan for people crossing or preparing to cross, and be ready to stop. This type of crossing may or may not have a marked crosswalk.",medium
2,Traffic Laws & Rules of the Road,"Under South Carolina law, which of the following is true about nighttime driving restrictions for teens with a restricted license?","a:No nighttime restrictions exist in South Carolina,b:Drivers under 16 may not drive between midnight and 6 AM,c:Drivers under 17 may not drive between midnight and 6 AM without a licensed adult,d:Drivers under 18 may not drive at all between 10 PM and 5 AM",c,"South Carolina restricts drivers under 17 with a restricted license from driving between midnight and 6 AM unless accompanied by a licensed adult age 21 or older, or driving to/from work or a school-sponsored activity. The curfew is midnight — not 10 PM or 11 PM.",medium
2,Traffic Laws & Rules of the Road,What does a green traffic signal arrow pointing left indicate?,"a:You may turn left after yielding to oncoming traffic,b:You may turn left without yielding — oncoming traffic is stopped,c:Left turns are prohibited at this intersection,d:Oncoming traffic has the green — yield before turning",b,"A green arrow (protected left turn) means you may turn in the direction of the arrow without yielding — oncoming traffic has a red light. Protected turns are the safest type of left turn. When the arrow ends and a solid green appears, you must then yield to oncoming traffic.",medium
2,Traffic Laws & Rules of the Road,You are driving and your wheels drift off the paved road onto a soft shoulder. What is the safest way to return to the pavement?,"a:Jerk the wheel sharply back onto the road immediately,b:Apply the brakes hard and stop before returning,c:Ease off the gas, steer gently, and gradually return to the lane when safe,d:Continue on the shoulder until you reach a driveway",c,"When wheels drift onto a soft shoulder, ease off the gas and steer gently — do not jerk the wheel. Sudden overcorrection causes rollovers, especially at highway speeds. Gradually return to the lane when speed has reduced and you have a clear, safe entry.",medium
2,Traffic Laws & Rules of the Road,"When approaching an uncontrolled railroad crossing in South Carolina, you must:","a:Stop completely regardless of whether a train is visible,b:Slow to 15 mph and check for trains,c:Slow down, look and listen in both directions, and only cross when safe,d:Maintain speed if no warning lights are active",c,"At uncontrolled railroad crossings, South Carolina law requires you to slow down, look both ways, and listen for trains before crossing. You are not required to stop unless a train is coming or warning signals are active — but you must be certain the tracks are clear. Trains cannot stop quickly.",medium
2,Traffic Laws & Rules of the Road,South Carolina's Move Over law applies to which types of stopped vehicles with flashing lights?,"a:Law enforcement vehicles only,b:Law enforcement and fire/rescue vehicles only,c:Emergency, law enforcement, towing, and highway utility vehicles,d:Any vehicle using hazard flashers on the side of the road",c,"South Carolina's Move Over law covers emergency vehicles, law enforcement, towing/recovery operations, and highway utility vehicles — any vehicle performing roadside operations with activated warning lights. The law is designed to protect both first responders and service workers operating on or near the roadway.",medium
8,Special Situations & Road Users,Do drivers need to stop for a stopped school bus when traveling in the opposite direction on a four-lane highway?,"a:Drivers in the opposite direction must stop unless the highway is physically divided by a median or barrier.,b:Drivers in the opposite direction never have to stop on any four-lane road.",a,"Whether you must stop for a school bus depends on whether the roadway is physically divided, not just on the number of lanes. On a four‑lane road with no physical median or barrier, drivers in both directions must stop for a bus with flashing red lights and an extended stop arm. Only on a divided highway, where a median or barrier separates opposing traffic, are drivers traveling in the opposite direction generally not required to stop, though they must slow and use caution.",
2,Traffic Laws & Rules of the Road,"After passing another vehicle on a two-lane road with opposing traffic, when should you return to your lane?","a:Only after signaling for at least five seconds.,b:When there is enough room between you and the passed vehicle.,c:Immediately regardless of distance.",b,"After passing, you should not move back into your lane until you can see the front of the vehicle you passed in your rearview mirror and there is a safe following distance. This ensures you do not cut off the other driver and that you have enough space to slow or react if needed.",
2,Traffic Laws & Rules of the Road,When are you driving too slowly?,"a:When you are driving slower than 40 mph on any highway.,b:When you block or interfere with vehicles moving at a normal, safe speed for conditions.,c:When you do not pass other cars often.",b,"You are driving too slowly when your speed is so low that you block or interfere with vehicles moving at a normal, safe speed for conditions. Driving much slower than the flow of traffic can be just as dangerous as speeding because it causes sudden braking, lane changes, and increases the risk of collisions.",
6,"Alcohol, Drugs & Impaired Driving",What is the only reliable way to reduce your blood alcohol concentration (BAC)?,"a:Drink coffee,b:Exercise,c:Allow your body time to eliminate the alcohol,d:Take a cold shower",c,"Only time lowers your BAC. Your body must metabolize the alcohol, and this process cannot be sped up by coffee, exercise, cold showers, or any other trick. You may feel more awake with caffeine or a shower, but your coordination, judgment, and reaction time remain impaired until enough time has passed.",
2,Traffic Laws & Rules of the Road,"When parking facing uphill where there is no curb, which way should you turn your wheels?","a:Turn your wheels away from the edge of the road,b:Turn your wheels toward the edge of the road (right),c:Keep the wheels straight,d:Turn wheels toward the center of the road",b,"When parking uphill with no curb, turn the front wheels toward the edge of the road. If the brakes fail, the vehicle will roll away from traffic and off the roadway instead of into the lane.",
5,Driving in Special Conditions,"When visibility is low because of fog, what is the proper driving technique?","a:Turn on interior lights to improve visibility,b:Slow down and use low beam headlights,c:Increase speed to clear the fog quickly,d:Use high beams for better viewing",b,"In fog, slow down and use low beam headlights. High beams reflect off the fog and make it harder to see. If visibility becomes extremely poor, pull completely off the road and wait until conditions improve.",
2,Traffic Laws & Rules of the Road,"Before changing lanes on a multilane highway, what should you do?","a:Flash your headlights to warn others,b:Reduce speed drastically,c:Check your rearview and side mirrors and look over your shoulder for blind-spot vehicles,d:Turn on your hazard lights",c,"Before changing lanes, signal, check your rearview and side mirrors, and then look over your shoulder to check your blind spot. Only move when you are sure the lane is clear and you have enough space.",
4,Safe & Defensive Driving Practices,"If your vehicle begins to skid, what should you avoid doing?","a:Apply the brakes hard,b:Stay off the brakes and steer to regain control,c:Pump the brakes repeatedly,d:Turn off the engine immediately",a,"If your vehicle begins to skid, avoid braking hard. Sudden or hard braking can make the skid worse. Instead, ease off the accelerator and steer smoothly in the direction you want the front of the vehicle to go. In vehicles without ABS, you may need to pump the brakes gently; with ABS, apply firm, steady pressure and let the system work.",
2,Traffic Laws & Rules of the Road,"When driving on an interstate and you intend to change lanes or pass, what should you do?","a:Always use cruise control before changing lanes.,b:Stop on the shoulder first if tired.,c:Signal before changing lanes or passing and make sure the lane is clear.",c,"Before changing lanes or passing on an interstate, always signal to let other drivers know your intentions, then check your mirrors and blind spots and move only when it is safe. Never stop on the shoulder unless it is an emergency.",
6,"Alcohol, Drugs & Impaired Driving",What can happen when alcohol is combined with another drug?,"a:The effects of both may be reduced,b:The combined effects of both substances may be increased,c:Nothing will happen,d:They cancel each other out",b,"Mixing alcohol with other drugs is dangerous because the substances can interact and intensify each other’s effects. This can greatly increase drowsiness, slow reaction time, impair judgment, and raise the risk of overdose or a crash. You should never assume another drug will cancel out alcohol; they often make impairment worse.",
2,Traffic Laws & Rules of the Road,"If you miss your exit on an interstate, what should you do?","a:Stop and make a U-turn on the highway.,b:Back up to the missed exit.,c:Roll down your window and ask for directions.,d:Continue to the next exit and return safely.",d,"If you miss your exit on an interstate, keep going to the next exit, then safely turn around or follow signs to return. Never stop, back up, or make a U-turn on the highway, as this can cause serious crashes with fast-moving traffic.",
8,Special Situations & Road Users,What must you do when you approach a stopped school bus on your side of a two-lane road with red lights flashing?,"a:Change lanes and pass cautiously.,b:Stop and remain stopped until the lights stop flashing.,c:Slow down to 10 mph and pass carefully.",b,"On a two-lane road, when a school bus on your side has red lights flashing and the stop arm extended, you must come to a complete stop and remain stopped until the red lights stop flashing and the stop arm is withdrawn. Passing at any reduced speed is illegal and extremely dangerous because children may be crossing the road.",
7,Vehicle Ownership & Responsibilities,"If your vehicle has a mechanical problem, what is the safest action?","a:Turn on hazard lights and pull off the road when possible.,b:Stop in your lane and turn on hazard lights.,c:Signal and pull into the slow lane and stop there.",a,"If your vehicle has a mechanical problem, signal, turn on your hazard lights, and carefully move off the roadway to the shoulder or a safe area away from traffic. Stopping in a travel lane is very dangerous because other drivers may not see you or have time to react.",
2,Traffic Laws & Rules of the Road,How should you treat an intersection where the traffic signal is not operating?,"a:Proceed without stopping if the intersection looks clear.,b:Only stop if police are present.,c:Drive quickly through to avoid delays.,d:As an all-way stop: come to a full stop and yield before entering.",d,"When a traffic signal is completely out, you must treat the intersection as an all-way stop. Come to a full stop, then proceed in turn, yielding to any vehicles already in the intersection and to pedestrians. Driving through without stopping is unsafe and against the law.",difficult
8,Special Situations & Road Users,"When sharing the road with a truck, what should you remember about trucks' stopping ability?","a:They have a smaller turning radius than passenger cars,b:They can stop as quickly as motorcycles,c:They require longer distances to stop than smaller vehicles,d:They require less distance to stop than smaller vehicles",c,"Trucks are much heavier than passenger cars, so they need more distance to come to a complete stop, even with good brakes. When following or cutting in front of a truck, leave extra space so the driver has enough room to stop safely if traffic slows or an emergency occurs.",
4,Safe & Defensive Driving Practices,"If you experience a tire blowout while driving, which of the following steps are appropriate?","a:Immediately stop in the middle of the road,b:Accelerate to maintain control,c:Turn sharply to reach the shoulder quickly,d:Remove your foot from the gas and do not immediately apply the brakes",d,"If a tire blows out, take your foot off the accelerator, steer straight, slow gradually, and then pull off the road.",
8,Special Situations & Road Users,A large truck ahead is making a right turn on a street with two lanes in each direction. What is likely to occur?,"a:The truck must remain in the right lane the entire turn.,b:The truck will always use the left lane to turn.,c:The truck may need to swing wide to finish the turn.,d:The truck can finish the turn in either lane.",c,"Large trucks often need extra room to turn right because their rear wheels follow a tighter path than the front wheels. To avoid hitting the curb, parked cars, or pedestrians, the truck may swing wide to the left before completing the right turn. Give trucks plenty of space and never try to squeeze between a turning truck and the curb.",
5,Driving in Special Conditions,"If your wheels drop off the pavement onto the shoulder, what should you do?","a:Accelerate and swerve back immediately.,b:Brake hard and turn sharply back onto the road.,c:Slow down gradually and carefully steer back onto the road when it is safe.,d:Stop on the shoulder and remain there indefinitely.",c,"If your wheels drop off the pavement, stay calm, ease off the accelerator, and slow down gradually while keeping the vehicle straight. Do not jerk the wheel or brake hard. When you have slowed and it is safe, gently steer back onto the roadway, checking traffic before re-entering.",
2,Traffic Laws & Rules of the Road,When should you use your turn signal?,"a:Only when changing lanes.,b:Whenever you intend to turn or move left or right, including changing lanes and entering or leaving traffic.,c:Only when pulling away from the curb.",b,"You must use your turn signal any time you intend to move left or right, not just for lane changes. This includes turning at intersections, changing lanes, entering or leaving a parking space, pulling away from or toward the curb, and entering traffic from a driveway or alley. Signaling lets other road users anticipate your actions and helps prevent collisions.",difficult
6,"Alcohol, Drugs & Impaired Driving","True or False: By driving in South Carolina, you have consented to submit to chemical tests for intoxication if requested by law enforcement.","a:Only if arrested,b:False,c:True,d:Only if under 21",c,"South Carolina, like all states, has an implied consent law. By driving on public roads, you agree in advance that if an officer lawfully requests a chemical test (such as a breath, blood, or urine test) after a DUI arrest or lawful stop, you will submit to it. Refusal can lead to license suspension and other penalties, even if you are not ultimately convicted of DUI.",
4,Safe & Defensive Driving Practices,"If your vehicle lacks ABS and you need to stop quickly, what is the recommended technique?","a:Hold the brake pedal down hard and steer.,b:Lightly tap the brakes repeatedly.,c:Firmly pump your brakes.",c,"In a vehicle without ABS, you should use a firm pumping action on the brake pedal in an emergency stop. Press the brakes firmly until the wheels almost lock, then release slightly and reapply. This helps you slow quickly while still being able to steer. In a vehicle with ABS, you press and hold the brake pedal firmly and let the system pump for you.",
3,"Signs, Signals & Road Markings",What color and text style do temporary construction and maintenance signs use?,"a:Red background with green writing.,b:Green background with white writing.,c:Yellow background with blue writing.,d:Orange background with black writing.",d,"Temporary construction and maintenance (work zone) signs are standardized with an orange background and black symbols or lettering. The bright orange color alerts drivers to changing road conditions, workers, lane shifts, or reduced speeds so they can slow down and proceed with extra caution.",
8,Special Situations & Road Users,"When following a motorcycle, what should you do?","a:Share the same following distance as behind cars always.,b:Follow closer because motorcycles stop faster.,c:Assume motorcyclists are more visible than cars.,d:Allow extra space in front of your vehicle.",d,"When following a motorcycle, increase your following distance. Motorcycles can stop and maneuver more quickly than larger vehicles and are harder to see. Leaving extra space gives you more time to react if the rider slows, swerves, or stops suddenly, reducing the risk of rear‑end collisions.",
2,Traffic Laws & Rules of the Road,"Before making a left turn from a one-way street, which lane should you be in?","a:The lane nearest the center of the street.,b:The lane nearest the right curb.,c:Any available lane.,d:The lane nearest the left curb.",d,"When turning left from a one‑way street, you should start from the lane nearest the left curb. Begin and end your turn in the proper lane so you stay in your lane and avoid conflicts with traffic going straight or turning right. Always signal and check mirrors and blind spots before turning.",
4,Safe & Defensive Driving Practices,Which action disrupts smooth traffic flow?,"a:Slowing down to look at a crash or unusual scene.,b:Avoiding needless lane changes.,c:Using public transit instead of driving.,d:Maintaining a steady speed with traffic.",a,"Slowing down just to look at a crash or unusual scene (rubbernecking) causes sudden speed changes, backups, and can trigger rear‑end collisions. Safe drivers keep their attention on the road and maintain a steady speed with traffic instead of slowing to look.",
3,"Signs, Signals & Road Markings",What do double solid yellow lines painted down the middle of the road mean?,"a:Railroad crossing ahead.,b:Passing is not permitted from either direction,c:Pedestrian crossing ahead.,d:Only passing by heavy trucks allowed.",b,"Double solid yellow center lines mean vehicles in both directions may not cross the lines to pass. You may usually cross them only to turn left into or out of a driveway or side road, or when directed by traffic control, but not for passing another moving vehicle.",difficult
2,Traffic Laws & Rules of the Road,Which of the following is illegal and may result in fines and/or imprisonment?,"a:Participating in or assisting a race on a public highway.,b:Speeding.,c:Driving barefoot.,d:Steering with one hand.",a,"Organizing, participating in, or assisting in a speed contest or race on a public road is illegal in all states and can lead to fines, license suspension, and even jail time. While speeding is also illegal, the question specifically refers to conduct that commonly carries the possibility of imprisonment, which clearly applies to illegal racing.",
3,"Signs, Signals & Road Markings",If a green arrow changes to a solid green light you may:,"a:No longer turn under any circumstance.,b:Still turn in the arrow's direction but must yield to oncoming traffic and pedestrians.,c:Have the right-of-way over oncoming traffic.,d:Only go straight.",b,"A green arrow gives you a protected turn, but when it changes to a solid green light, you may still turn in that direction only after yielding to oncoming traffic, bicycles, and pedestrians in the crosswalk. You no longer have a protected turn and must wait for a safe gap.",
2,Traffic Laws & Rules of the Road,Which of the following best describes a safe place to pass another vehicle?,"a:On a hill or curve where visibility is limited.,b:At any railroad crossing.,c:At a street crossing or highway intersection.,d:Only where you can see far enough ahead to be sure no oncoming traffic is present.",d,"Passing is only safe and legal where you have a clear view far enough ahead to be sure no oncoming traffic or hazards are present. You must never pass on hills, curves, at intersections, railroad crossings, or anywhere signs or road markings prohibit passing.",difficult
8,Special Situations & Road Users,"If a transit vehicle signals to re-enter the roadway after a stop, what must you do?","a:Yield to the transit vehicle and allow it to re-enter.,b:Honk to alert the driver.,c:Speed up to pass before it merges.,d:Remain in your lane and ignore its signals.",a,"When a bus or other transit vehicle signals that it is pulling away from a stop, you must yield and allow it to re-enter traffic when it is safe. This often means slowing down or changing lanes so the large vehicle can merge smoothly and safely.",
4,Safe & Defensive Driving Practices,"When entering a gap in highway traffic, what should you do?","a:Speed up and force other vehicles to make way.,b:Check traffic ahead, behind, and in the lane you’re entering,c:Stop in the lane until a gap appears.,d:Watch only the cars behind the gap.",b,"When entering a gap in highway traffic, you must be sure the space is safe. Check the traffic ahead of you and behind you, and also check the traffic in the lane you are entering, including your blind spots. Never force your way in or stop in a moving lane; instead, adjust your speed smoothly to fit into the gap.",
3,"Signs, Signals & Road Markings",What does a solid white edge line that slants left toward the center of the road indicate?,"a:The road narrows ahead (edge line angles into the roadway).,b:There is an intersection ahead.,c:You must turn left soon.,d:There is a passing zone ahead.",a,"A solid white edge line marks the outer edge of the roadway. When this line angles or slants toward the center of the road, it warns that the usable roadway is narrowing ahead, so you should be prepared to adjust your position and speed.",
5,Driving in Special Conditions,Hydroplaning occurs when tires ride on water; how can you reduce the chance of hydroplaning?,"a:Move to the shoulder as soon as it starts to rain.,b:Put on cruise control to keep a constant speed.,c:Slow down.,d:Drive faster to get through the water quickly.",c,"Hydroplaning happens when your tires lose contact with the road and ride on a thin layer of water, usually at higher speeds on wet pavement. The best way to reduce the chance of hydroplaning is to slow down in wet conditions and make smooth steering and braking inputs so your tires can maintain traction.",
8,Special Situations & Road Users,"At a crosswalk, who has the right-of-way?","a:Construction workers must yield to vehicles,b:Pedestrians must be yielded to by vehicles,c:Only pedestrians with signals have the right-of-way,d:Pedestrians must yield to vehicles",b,"Drivers must yield to pedestrians in crosswalks, whether the crosswalk is marked or unmarked, unless a traffic signal or police officer clearly directs otherwise. Always be prepared to stop for people crossing the street at intersections and marked crosswalks.",
3,"Signs, Signals & Road Markings","When you approach an intersection with a flashing red light, what must you do?","a:Come to a complete stop, yield to traffic and pedestrians, then proceed when safe,b:Slow down and proceed with caution,c:Stop and remain stopped as long as the light is red,d:Only stop if other vehicles are present",a,"A flashing red light means the same as a stop sign. You must come to a complete stop, check for cross traffic and pedestrians, yield the right‑of‑way as needed, and then proceed only when it is safe.",
8,Special Situations & Road Users,True or false: You do not have to stop for a school bus with flashing red lights if it is on a private road.,"a:True.,b:Only if the bus is on a driveway.,c:Only for commercial vehicles.,d:False.",d,"When a school bus has its red lights flashing and stop arm extended, you must stop whether it is on a public street or a private road, unless a specific state exception applies (such as on the opposite side of a divided highway). Treat private roads and parking lots the same as public roads for school‑bus stopping rules.",
2,Traffic Laws & Rules of the Road,Which statement about making a right turn is correct?,"a:You should turn from the rightmost lane and enter the rightmost lane unless signs or markings allow otherwise.,b:You should not swing wide to the left when making a right turn.,c:You may make a right turn on red after stopping and yielding, unless prohibited by a sign.,d:You must always wait for a green light to turn right, even if there is no traffic.",c,"After yielding to traffic and pedestrians, you may turn right on red unless a sign specifically prohibits it; stay close to the right curb and turn into the nearest lane.",
4,Safe & Defensive Driving Practices,"If another vehicle suddenly cuts directly in front of you creating a hazard, what should you do first?","a:Take your foot off the gas pedal to increase your following distance.,b:Swerve immediately into the adjacent lane without checking.,c:Honk and slam on the brakes as your first reaction.,d:Speed up to pass the vehicle that cut in front of you.",a,"If a vehicle pulls in too closely ahead of you, the safest first response is to ease off the accelerator to increase your following distance. This gives you more time and space to react. Only brake hard or swerve if you cannot avoid a collision by simply slowing and creating space.",
4,Safe & Defensive Driving Practices,Which factors affect braking distance?,"a:The condition of the pavement.,b:The condition of your brakes and tires.,c:The vehicle's speed.,d:All of the above.",d,"Braking distance is affected by several factors: your speed, the condition of your brakes and tires, and the condition of the road surface. Higher speeds greatly increase the distance needed to stop, and worn brakes, bald tires, or wet/icy pavement will also lengthen braking distance.",
4,Safe & Defensive Driving Practices,Fatigue while driving increases the risk of:,"a:Being on time.,b:Missing an exit only.,c:Falling asleep behind the wheel and crashing.",c,"Fatigue slows your thinking and reaction time and can cause you to fall asleep at the wheel. A drowsy driver may drift out of their lane or fail to react to hazards, greatly increasing the risk of a serious crash.",
4,Safe & Defensive Driving Practices,"When the driver behind you wants to pass, what is the recommended response?","a:Maintain the same speed regardless.,b:Speed up to prevent the pass.,c:Slow down to allow room in front of your vehicle for the other driver to complete the pass.",c,"When someone wants to pass you, help them do it safely. Slightly reduce your speed to create more space in front of you so the passing driver has room to move back into the lane without cutting too closely in front of you.",
2,Traffic Laws & Rules of the Road,"When entering a crowded freeway, what steps should you take to merge?","a:Use the acceleration lane to match freeway speed, use mirrors, check blind spots, and yield to traffic.,b:Stop on the ramp and wait for a large gap.,c:Merge at a much slower speed than traffic.,d:Assume freeway traffic will yield to you.",a,"Freeway traffic has the right of way. Use the acceleration lane to reach the speed of traffic, check your mirrors and blind spots, and merge only when there is a safe gap. Do not stop on the ramp unless absolutely necessary.",
2,Traffic Laws & Rules of the Road,"At an uncontrolled intersection, what is the appropriate driver response?","a:Maintain your speed and proceed.,b:Always come to a complete stop regardless of other vehicles.,c:Yield to any vehicle approaching from the right and be prepared to stop to avoid a crash.",c,"At an intersection with no signs or signals, you must yield to vehicles that arrive from your right. Approach slowly, be ready to stop, and proceed only when you are sure it is safe and you will not cause other drivers to brake suddenly.",difficult
8,Special Situations & Road Users,How should you respond to an emergency vehicle with flashing lights in your area?,"a:Make every effort to give the emergency vehicle a clear path of travel.,b:Stop your vehicle and block its passage.,c:Speed up to avoid the vehicle.",a,"When an emergency vehicle approaches with flashing lights and/or siren, you must yield the right of way. Safely move to the right side of the road and stop if possible, or otherwise create a clear path so the emergency vehicle can pass quickly and safely.",
8,Special Situations & Road Users,Which statement about stopping for school buses is correct?,"a:You only need to stop for a school bus if you see children crossing.,b:You must stop for a stopped school bus with flashing red lights on any two-lane highway.,c:You must stop for a bus that is completely off the roadway in a passenger loading zone.",b,"On a two‑lane road, traffic in both directions must stop when a school bus is stopped with its red lights flashing and stop arm extended, because children may be crossing the road. You do not have to stop for a bus that is completely off the roadway in a designated loading zone where children are not allowed to cross the street, unless your state law specifically requires it.",
2,Traffic Laws & Rules of the Road,"On a road with two or more lanes going the same direction, where should slower traffic generally travel?","a:In the left lane except to pass.,b:In any lane.,c:In the right lane except to pass.",c,"On roads with two or more lanes in the same direction, slower traffic should usually travel in the right lane so faster vehicles can pass on the left. Staying right unless passing helps traffic flow smoothly and reduces lane‑changing conflicts.",
4,Safe & Defensive Driving Practices,What is the best way to prevent a dangerous situation while driving?,"a:Turn off the radio.,b:Constantly be aware of what is happening around your vehicle.,c:Keep your eyes focused only on the road ahead.",b,"The best way to avoid dangerous situations is to stay constantly aware of traffic and road conditions all around your vehicle—ahead, to the sides, and behind. This continuous scanning lets you spot hazards early and gives you more time and space to react safely.",
4,Safe & Defensive Driving Practices,"If a tire suddenly blows out, what is the best immediate response?","a:Pull over immediately without slowing.,b:Hold the steering wheel firmly.,c:Apply the brake hard and hold it down.",b,"If a tire blows out, grip the steering wheel firmly and keep the vehicle going straight. Ease off the accelerator and let the car slow down gradually; brake gently only after you have the vehicle under control and your speed has dropped. Then move off the road to a safe place. Slamming on the brakes can cause a loss of control.",
6,"Alcohol, Drugs & Impaired Driving",Which action will sober someone who has been drinking?,"a:Getting fresh air,b:Drinking hot coffee,c:Drinking tomato juice,d:Allowing time for the body to eliminate the alcohol",d,"Only time allows your body to eliminate alcohol and lower your blood alcohol concentration. Fresh air, coffee, cold showers, or juices may make someone feel more awake, but they do not speed up the liver’s ability to process alcohol or make a person sober.",
2,Traffic Laws & Rules of the Road,Why should you look farther ahead on a freeway compared to a city street?,"a:To see potential hazards earlier and allow more time to react.,b:Because it takes a quarter-mile to stop your vehicle.,c:To help you keep up with traffic.",a,"On freeways you travel at higher speeds, so you cover more distance in less time. Looking farther ahead gives you more time to see hazards, slow traffic, and merging vehicles early so you can change lanes or adjust speed smoothly instead of braking hard at the last second.",
4,Safe & Defensive Driving Practices,"For quick, controlled turns, where should your hands be placed on the steering wheel?","a:Both hands on the shifter,b:On opposite sides of the steering wheel,c:One on top and one on the bottom,d:Next to each other on the top of the wheel",b,"Keeping your hands on opposite sides of the steering wheel (commonly around the 9 and 3 o’clock positions) gives you the best leverage and control. This position allows quick, precise steering movements while keeping the vehicle stable during sudden turns or evasive maneuvers.",
6,"Alcohol, Drugs & Impaired Driving",Which driving abilities are reduced by alcohol or drugs?,"a:Alertness and concentration.,b:Reaction time and coordination.,c:All of the above.,d:Only night vision.",c,"Alcohol and many drugs slow brain function and muscle coordination. They reduce alertness and concentration and increase reaction time, making it harder to notice hazards and respond in time. Because they affect multiple skills at once, all of the listed abilities are impaired.",
8,Special Situations & Road Users,How should you respond when you see a pedestrian with a white cane or guide dog at the edge of the roadway?,"a:Sound your horn to warn them,b:Stop and remain stopped until the person is safely away from the roadway,c:Wave them across the street,d:Slowly drive around them",b,"A pedestrian with a white cane or guide dog is visually impaired and has the right‑of‑way. You must stop and remain stopped, giving them plenty of time and space to cross or move away from the roadway safely. Do not honk, wave, or drive around them, as this can confuse or endanger them.",
5,Driving in Special Conditions,Which action typically leads to hydroplaning?,"a:Frequent sudden turns on dry roads.,b:Sudden stops on dry pavement.,c:Excessive speed on wet pavement.",c,"Hydroplaning happens when a layer of water builds up between your tires and the road so the tires lose direct contact. This is most likely at higher speeds on wet pavement, especially with worn tires. Slowing down in rain and driving with good tires greatly reduces the risk.",
2,Traffic Laws & Rules of the Road,"When a motorist makes a left turn at an intersection, they should yield to a bicyclist coming from the opposite direction:","a:Only at marked bike lanes.,b:False.,c:True.,d:Only if the bicyclist is on the sidewalk.",c,"When turning left, you must yield to all oncoming traffic that is close enough to be a hazard, including bicyclists. Bicycles on the roadway have the same right‑of‑way as other vehicles, whether or not there is a bike lane or sidewalk involved.",
2,Traffic Laws & Rules of the Road,"When parked facing uphill on a street with a curb, how should you set your wheels?","a:Turn the wheels slightly to the left,b:Keep the wheels straight,c:Turn the wheels toward the curb,d:Turn the wheels away from the curb",d,"When parking facing uphill with a curb, turn your front wheels away from the curb. If the brakes fail, the vehicle will roll back slightly and the front tire will rest against the curb, helping prevent it from rolling into traffic.",
5,Driving in Special Conditions,True or False: In foggy conditions you should use your low beam headlights.,"a:Only use parking lights,b:Only use high beams,c:TRUE,d:FALSE",c,"In fog, always use low beam headlights. High beams reflect off the water droplets in the fog and shine back at you, making it harder to see. Low beams help you see the road and help others see you without creating glare.",
5,Driving in Special Conditions,"When weather suddenly changes, what should you do?","a:Be especially aware of vehicles behind you and adjust for their speed.,b:Adapt your driving to the new weather conditions.,c:Slow down when driving in rain or fog.",b,"When the weather changes suddenly, you must adjust your driving to match the new conditions. This can include slowing down, increasing following distance, turning on appropriate lights, and being especially alert to other vehicles around you.",
5,Driving in Special Conditions,When is it important to reduce your speed?,"a:Only when other vehicles are speeding.,b:Only on downhill grades.,c:On narrow or winding roads",c,"You should reduce speed on narrow or winding roads because your view of oncoming traffic, pedestrians, and obstacles is limited and curves can reduce traction. Slowing down gives you more time to react and helps keep your vehicle under control.",
3,"Signs, Signals & Road Markings","If you turn onto a two-lane road divided by a broken yellow line, what does that tell you about the road?","a:You are on a one-way street.,b:The road is under repair.,c:Traffic is moving in both directions (two-way road).",c,"A broken yellow centerline means traffic flows in both directions and passing is allowed when it is safe and legal to do so. Yellow lines always separate opposite directions of travel, while white lines separate traffic moving in the same direction.",
3,"Signs, Signals & Road Markings","If you are already in an intersection when a green light changes to yellow, what should you do?","a:Stop immediately in the intersection,b:Continue and clear the intersection safely,c:Increase your speed to exit the intersection faster,d:Back up to avoid blocking traffic",b,"If the light turns yellow after you have entered the intersection, you should continue through and clear the intersection safely. Stopping in the middle of the intersection or backing up is dangerous and illegal in most situations.",difficult
4,Safe & Defensive Driving Practices,"At intersections, crosswalks, and railroad crossings you should always:","a:Trust stopped vehicles and pass cautiously.,b:Only check the road ahead.,c:Slowly pass vehicles that are stopped for no reason.,d:Look to the sides of your vehicle to see what is coming.",d,"At intersections, crosswalks, and railroad crossings, always look to both sides as well as ahead to see pedestrians, cyclists, and other vehicles that may be entering your path. Never assume stopped vehicles can be safely passed; they may be yielding to someone you cannot see.",difficult
8,Special Situations & Road Users,Which statement about blind spots is true?,"a:Large trucks have bigger blind spots than most passenger vehicles.,b:You can check blind spots using only your rearview mirrors.,c:Having one outside mirror on each side eliminates blind spots.",a,"Large trucks and buses have much larger blind spots than passenger cars, especially directly behind them and along both sides. Even with properly adjusted mirrors, every vehicle has blind spots, so you must turn your head to check them before changing lanes. Do not linger alongside large trucks where the driver may not see you.",
4,Safe & Defensive Driving Practices,Which is NOT a factor used to determine stopping distance?,"a:Perception time,b:Reaction distance,c:Braking distance,d:Steering ability",d,"Total stopping distance is the sum of perception time (seeing the hazard), reaction distance (moving your foot to the brake), and braking distance (the distance the vehicle travels while slowing to a stop). Steering ability does not change how far it takes you to stop in a straight line.",
4,Safe & Defensive Driving Practices,"If your car begins to skid, which way should you turn the steering wheel?","a:In the direction you want the vehicle to go.,b:In the opposite direction of the skid.,c:Keep the wheels straight and do not turn.",a,"When a car begins to skid, you should look and steer in the direction you want the front of the vehicle to go. This helps the tires regain traction and keeps you from overcorrecting. As the vehicle starts to straighten out, gently adjust the steering as needed and avoid sudden braking or jerky movements.",
4,Safe & Defensive Driving Practices,In bad weather you should:,"a:Brake hard to stop faster.,b:Steer off the road immediately.,c:Steer and brake smoothly.,d:Drive in a low gear at all times.",c,"In bad weather, the road surface is more slippery and it is easier to lose control. Steer and brake smoothly so your tires can maintain traction. Sudden hard braking or sharp steering can cause skids or loss of control, especially on wet, icy, or snowy roads.",
2,Traffic Laws & Rules of the Road,How should you use a freeway exit ramp correctly?,"a:Slow down once you are on the exit ramp.,b:Begin slowing only after you have come to a complete stop on the shoulder.,c:Keep the same freeway speed all the way through the exit ramp.",a,"When leaving a freeway, signal and move into the exit lane at freeway speed, then slow down only after you are fully on the exit ramp. Braking while still in the main travel lane can surprise drivers behind you and increase the risk of a rear‑end collision. Use the ramp area to reduce speed to the posted advisory speed for the exit.",
2,Traffic Laws & Rules of the Road,Who is required to wear seat belts in a moving vehicle?,"a:Only front-seat occupants and required child passengers.,b:Only the driver and children under 18.,c:All occupants of the vehicle should be properly restrained.",c,"Everyone in a moving vehicle should wear a seat belt or appropriate child restraint. Seat belts greatly reduce the risk of serious injury or death in a crash by keeping occupants from being thrown around inside the vehicle or ejected. Many states legally require all occupants to be properly restrained, and at minimum all front‑seat occupants and children must be buckled up.",
5,Driving in Special Conditions,"When you see orange construction signs and cones on a freeway, what must you do?","a:Change lanes and maintain your speed,b:Be prepared for workers and equipment ahead and slow down,c:Ignore them if traffic is light,d:Speed up to get through the work zone quickly",b,"Orange signs and cones indicate a work zone. You must slow down, be prepared to stop, and watch for workers, lane shifts, and construction equipment. Work zones often have reduced speed limits and narrowed lanes, so extra caution and lower speeds help protect both workers and drivers.",
2,Traffic Laws & Rules of the Road,"Before making a right turn on red (where permitted), you must:","a:Slow down and proceed without stopping if the way is clear.,b:Increase your speed because you have the right-of-way.,c:Come to a complete stop",c,"Unless a sign says “No Turn on Red,” you may turn right on red only after coming to a complete stop, checking for and yielding to pedestrians and all cross traffic, and then proceeding when it is safe.",
2,Traffic Laws & Rules of the Road,When may you proceed through an intersection with a stop sign but no stop line or crosswalk?,"a:After stopping at least 20 feet back from the intersection.,b:After coming to a complete stop before entering and verifying it is safe.,c:Only if no other vehicles are visible.,d:After slowing down but not stopping.",b,"At a stop sign with no stop line or crosswalk, you must come to a complete stop before entering the intersection, then move forward only when you have checked in all directions and it is clearly safe to proceed.",difficult
4,Safe & Defensive Driving Practices,Why should you allow an extra cushion of space behind a vehicle that cannot see its rear?,"a:Drivers of large vehicles or those towing may not see vehicles directly behind them, so give extra following space.,b:Small passenger cars always stop faster.,c:Station wagons require more space than trucks.,d:It is safe to tailgate them to increase visibility.",a,"Large vehicles and vehicles towing trailers often have large blind spots directly behind them. If you follow too closely, the driver may not see you and you will have less time to react. Leave extra following distance so you stay visible and have more space to stop or maneuver.",
2,Traffic Laws & Rules of the Road,What should you do when passing another vehicle?,"a:Speed up and pass without checking mirrors or blind spots.,b:Check mirrors and blind spots, signal, and pass only when safe.,c:Honk repeatedly while passing.,d:Re-enter your lane only when you can see the passed vehicle in your rearview mirror with safe space ahead.",b,"Before passing, check your mirrors and blind spots, signal, and make sure you have enough clear space to pass safely. After passing, return to your lane only when you can see the front of the passed vehicle in your rearview mirror and there is plenty of space between you.",
2,Traffic Laws & Rules of the Road,"When you are approaching a yield sign, what must you do?","a:Yield the right-of-way to cross traffic that is close enough to cause a conflict.,b:Always come to a complete stop even if the way is clear.,c:Yield only to vehicles on your right.",a,"A yield sign means you must slow down and be prepared to stop. You must let traffic and pedestrians already in or close to the intersection go first, and you may proceed only when you can enter without forcing others to slow or stop suddenly.",
4,Safe & Defensive Driving Practices,Which sign of an aggressive driver might you observe?,"a:Using turn signals consistently,b:Erratic,c:Driving slowly and yielding often,d:Pulling over to help other drivers",b,"Erratic driving—such as sudden lane changes, tailgating, speeding, or frequent braking—is a common sign of aggressive driving. When you see this behavior, do not engage; instead, create space and let the aggressive driver go ahead.",
8,Special Situations & Road Users,Do bicyclists have the same rights and responsibilities as motor vehicle drivers on public roads?,"a:True,b:False",a,"Bicyclists using public roads generally have the same rights and responsibilities as drivers of motor vehicles. They must obey traffic signals, signs, lane markings, and right‑of‑way rules, and motorists must treat them as legitimate road users.",
8,Special Situations & Road Users,True or false: Drivers are always required to stop for a stopped school bus when traveling on a two-lane road.,"a:True.,b:False.,c:Only during school hours.,d:Only if children are visible.",a,"On a two‑lane road with no physical divider, drivers in both directions must stop for a school bus with its red lights flashing and stop arm extended while it is loading or unloading children. You must remain stopped until the lights stop flashing and the stop arm is withdrawn.",
4,Safe & Defensive Driving Practices,"When steering, how should you hold the wheel and turn it?","a:Grasp the wheel tightly with your palms and thumbs tucked inside.,b:Use only your fingertips on the inside of the wheel.,c:Place both hands on opposite sides of the wheel with a firm, relaxed grip, keeping thumbs on the outside of the rim",c,"Keep both hands on opposite sides of the steering wheel with a firm but relaxed grip, using your fingers and keeping your thumbs on the outside of the rim. This gives you better control and reduces the chance of injury from airbag deployment compared with gripping tightly or wrapping your thumbs inside the wheel.",
8,Special Situations & Road Users,"If a cyclist is ahead in your lane and you want to pass, what should you do?","a:Pass the cyclist only when you can leave plenty of space, usually by moving into the next lane when it is safe.,b:Tap your horn loudly to make them move over.,c:Wait until the opposite lane is clear and change lanes to pass,d:Follow closely until the cyclist pulls off the road",c,"Bicycles are vehicles, but you must give them extra space. Do not squeeze past a cyclist in the same lane. Wait until the opposite lane is clear, then change lanes or move over far enough to leave a safe buffer—at least several feet—before passing, and return to your lane only when you are well ahead.",
3,"Signs, Signals & Road Markings","When a stop line is present at an intersection, where must drivers stop?","a:Before reaching the stop line.,b:On top of the stop line.,c:Only if pedestrians are in the crosswalk.,d:Past the stop line to improve visibility.",a,"At a stop sign with a marked stop line, you must bring your vehicle to a complete stop before the line. Stopping on or past the line can put you into the crosswalk or intersection and endanger pedestrians or cross traffic. After stopping at the line, you may move forward slowly if needed to improve visibility, but the legal stop must be made before the line.",
2,Traffic Laws & Rules of the Road,"If traffic is merging into your lane on the freeway, what should you do when possible?","a:Hold your lane and refuse to change position.,b:Assert your right-of-way by maintaining speed.,c:Make room for merging vehicles.",c,"On freeways, drivers already in the through lane should, when safe, help merging traffic by adjusting speed or changing lanes to create a gap. This smooths traffic flow and reduces the risk of collisions at merge points. You still have the right-of-way, but cooperation and making room when possible is the safest practice.",
8,Special Situations & Road Users,"When approaching a railroad crossing that lacks flashing signals or gates, what should you do?","a:Always stop before crossing the tracks.,b:Cross immediately as quickly as possible.,c:Prepare to yield to any train at the crossing and ensure there is room to fully clear the tracks.",c,"At a railroad crossing without gates or flashing lights, you must slow, look, and listen for trains and be prepared to stop. Only proceed when you are sure no train is coming and there is enough space on the far side to clear the tracks completely. Never stop on the tracks, and avoid shifting gears while crossing so you do not stall.",difficult
7,Vehicle Ownership & Responsibilities,What problems do worn or bald tires create?,"a:They improve fuel economy.,b:They prevent hydroplaning.,c:They have no effect on handling.,d:They can increase stopping distance and make turns more difficult.",d,"Worn or bald tires have reduced tread, which greatly lowers traction. This increases your stopping distance, makes steering and cornering less stable, and raises the risk of skidding or hydroplaning on wet roads. Keeping tires in good condition is essential for safe braking and control.",
2,Traffic Laws & Rules of the Road,Which of the following is true about passing procedure?,"a:You only need to signal if another car is present.,b:Never check your blind spot when passing.,c:Signal at least 100 feet before changing lanes and check mirrors and blind spots.,d:You can pass without signaling if on a clear road.",c,"Before passing or changing lanes, you must signal in advance (at least 100 feet in most areas), check your mirrors, and look over your shoulder to check your blind spot. Signaling lets other drivers know your intentions, and checking blind spots ensures there is no vehicle hidden beside you before you move.",difficult
4,Safe & Defensive Driving Practices,Which activities can cause distracted driving?,"a:Eating, using a cellphone, or changing the radio.,b:Only texting on a phone.,c:Driving without sunglasses.,d:Listening to the radio at low volume.",a,"Distracted driving is anything that takes your eyes off the road, your hands off the wheel, or your mind off driving. Eating, using a cellphone, or changing the radio all create this kind of distraction and increase crash risk.",
5,Driving in Special Conditions,"To improve visibility in rain or fog, which lights should drivers use?","a:Parking lights only.,b:Low beam headlights.,c:High beam headlights.",b,"In rain or fog, always use low beam headlights. Low beams light the road without bouncing as much light back at you, while high beams can reflect off moisture in the air and actually make it harder to see.",
5,Driving in Special Conditions,Why should you not use high beam headlights in fog or mist?,"a:It drains the battery faster.,b:Vehicles behind you will follow too closely.,c:The light will reflect back into your eyes and reduce visibility.,d:Other drivers may not see you.",c,"High beams shine more light straight ahead and will reflect off fog, mist, or heavy rain back into your eyes. This glare reduces how far and how clearly you can see, so you should use low beams in these conditions.",
3,"Signs, Signals & Road Markings",What do two solid yellow lines on the pavement mean?,"a:Passing is allowed if you are near the top of a hill,b:You may cross to pass if you signal,c:Passing is allowed for drivers from both directions,d:Passing is not allowed",d,"Two solid yellow lines separate traffic moving in opposite directions and mean that passing is not allowed for vehicles traveling in either direction. You may only cross them to turn left into or out of a driveway or side road when it is safe and legal, but not to pass another vehicle.",
2,Traffic Laws & Rules of the Road,"If you park downhill on a two-way road with no curb, which way should you turn your front wheels?","a:Turn toward oncoming traffic.,b:Toward the side of the road (right),c:Toward the center of the road (left),d:Keep them straight ahead",b,"When parking downhill on a two-way road with no curb, turn your front wheels toward the side of the road. If the vehicle rolls, it will move off the roadway instead of into traffic, reducing the chance of a collision.",
2,Traffic Laws & Rules of the Road,"Before changing lanes, what checks should you make?","a:Only check the inside rearview mirror.,b:Flash your headlights to alert other drivers.,c:Check side mirrors and look over your shoulder to ensure the lane is clear.,d:Immediately slow down without checking.",c,"Before changing lanes, check your mirrors and then quickly look over your shoulder to check your blind spot. This ensures there is no vehicle, motorcycle, bicycle, or other hazard in the lane you want to enter before you move over.",
4,Safe & Defensive Driving Practices,"When driving in areas where children may be present, what should you expect?","a:Children will only cross at marked crosswalks.,b:Children will always wait at the curb before crossing.,c:Children will avoid residential streets.,d:Children may run into the street without looking",d,"In areas where children may be present—such as neighborhoods, school zones, and parks—you must expect that children can act unpredictably and may suddenly run into the street without looking. Slow down, cover the brake, and be ready to stop at all times in these areas.",difficult
3,"Signs, Signals & Road Markings",What does a flashing yellow light at an intersection mean?,"a:Stop and wait for a green light.,b:Slow down and proceed with caution.,c:Yield only to traffic on the left.,d:Continue at normal speed without looking.",b,"A flashing yellow light means you must slow down and proceed through the intersection with caution. Look carefully for cross traffic, pedestrians, and other hazards, and continue only when it is safe to do so; you do not have to stop unless needed for safety.",
3,"Signs, Signals & Road Markings",What color lines divide lanes of traffic moving in the same direction?,"a:Yellow lines.,b:White lines.,c:Red lines.",b,"White lines separate lanes of traffic moving in the same direction. Broken white lines mean you may change lanes when it is safe, while solid white lines discourage or prohibit lane changes. Yellow lines are used to separate traffic moving in opposite directions.",
2,Traffic Laws & Rules of the Road,A prudent driver should:,"a:Assume most drivers obey right-of-way rules.,b:Always be prepared to yield the right-of-way.,c:Assume all other drivers obey right-of-way rules.,d:Never yield even if it prevents a crash.",b,"Right-of-way rules indicate who should go first, but they do not give anyone an absolute right to proceed regardless of safety. A prudent driver is always prepared to yield the right-of-way if it will help prevent a collision, even when they are legally entitled to go.",difficult
2,Traffic Laws & Rules of the Road,The space needed to cross traffic safely depends on which factors?,"a:Road and weather conditions and oncoming traffic.,b:Only the presence of a stop sign.,c:Only your use of turn signals.",a,"The time and space you need to cross traffic safely depend on how fast other vehicles are coming, how far away they are, and how road and weather conditions affect traction and visibility. You must judge the speed and distance of oncoming traffic and allow extra space when roads are wet, icy, or visibility is reduced.",
4,Safe & Defensive Driving Practices,Which of these commonly contributes to traffic crashes?,"a:Driving well below the flow of traffic.,b:Following other vehicles at a safe distance.,c:Inattentive driving.",c,"Inattentive or distracted driving is one of the most common causes of crashes because drivers may miss signals, brake lights, or hazards. Safe following distance and driving with the flow of traffic (within the speed limit) help prevent collisions, while inattention greatly increases risk.",
6,"Alcohol, Drugs & Impaired Driving",Which of the following can lower your blood alcohol concentration (BAC) and reduce alcohol's effects?,"a:Drinking coffee.,b:Eating high-fat foods.,c:Taking a cold shower.,d:Time.",d,"Only time lowers your blood alcohol concentration. Your body must metabolize the alcohol, and this process cannot be sped up by coffee, food, showers, or any other tricks. You may feel more awake with coffee or a cold shower, but you will still be impaired until enough time has passed for your body to eliminate the alcohol.",
8,Special Situations & Road Users,"If there are two railroad tracks side by side, what should you do after one train passes?","a:Look and listen for another train on the other track before crossing,b:Drive around lowered gates if the first train has passed,c:Always assume it's safe to cross after the first train,d:Speed up to get across quickly",a,"When there are multiple railroad tracks, one train passing does not mean it is safe to cross. Another train may be coming on the other track, sometimes hidden by the first train. After one train passes, stay behind the gates if they are still down and continue to look and listen carefully for another train before crossing.",
3,"Signs, Signals & Road Markings",What does a solid yellow arrow signal mean?,"a:It has the same meaning as a circular yellow light and indicates you should prepare to stop.,b:It always allows turns in the indicated direction.,c:It is not used on traffic signals.",a,"A solid yellow arrow means the protected turning phase is ending. You should slow down and prepare to stop if it is safe to do so, just as you would for a circular yellow light. If you are already in the intersection when the yellow arrow appears, complete your turn with caution.",
3,"Signs, Signals & Road Markings","When you see a sign for your chosen exit, how should you respond?","a:Signal and move into the exit lane promptly,b:Reduce your speed once you are within the deceleration lane,c:Both signal and move into the lane and then slow to the posted exit speed,d:Ignore the sign until the last moment",c,"When you see the sign for your exit, signal early, check traffic, and move smoothly into the exit or deceleration lane. Once you are in that lane, gradually reduce your speed to match the posted exit speed. Do not slow sharply while still in the main travel lane, as that can surprise drivers behind you.",
7,Vehicle Ownership & Responsibilities,How can you ensure your physical condition won't impair your driving?,"a:Have regular physical exams, know medication effects on driving, and drive within your limitations.,b:Ignore physical issues while driving.,c:Only avoid driving if you feel extremely ill.,d:Assume all medications are safe to take before driving.",a,"Safe driving requires that you are physically and mentally fit to drive. Regular checkups help you know your limitations, and you must understand how any medications you take can affect alertness, vision, or reaction time. If your condition or medication could impair you, you should not drive or should limit your driving accordingly.",
3,"Signs, Signals & Road Markings",What does a broken yellow centerline indicate?,"a:Passing on the left is permitted when the way ahead is clear.,b:Passing on the right is permitted when the way ahead is clear.,c:Passing is not permitted.",a,"A broken yellow centerline separates traffic moving in opposite directions and indicates that passing on the left is allowed when it is safe. You may cross the line to pass if you have enough clear distance ahead and no oncoming traffic or other hazards. If conditions are not safe, you must stay in your lane even though passing is permitted.",
3,"Signs, Signals & Road Markings","When a traffic signal turns green, what is your responsibility?","a:Honk before entering the intersection,b:Back up if someone is blocking you,c:Accelerate as quickly as possible,d:Yield the right-of-way to pedestrians and traffic still in the intersection",d,"A green light means you may go if the intersection is clear, but it does not give you the right to move immediately without checking. You must first yield to pedestrians in the crosswalk and to any vehicles already in the intersection that are completing their movements. Enter only when it is safe.",
2,Traffic Laws & Rules of the Road,You are required to stop your vehicle in which situations?,"a:Only at flashing yellow lights.,b:Only at intersections with stop signs.,c:At a stop sign,d:Only when pedestrians are present.",c,"You must come to a complete stop at a stop sign before the crosswalk, stop line, or entering the intersection, and remain stopped until it is safe to proceed. In addition, the law also requires you to stop for steady or flashing red traffic signals and whenever directed by a traffic officer or flagger.",
7,Vehicle Ownership & Responsibilities,"When parking uphill on a street with a curb, how should you position your wheels?","a:Keep the front wheels straight and set the parking brake.,b:Turn the front wheels away from the curb (left) and set the parking brake.,c:Turn the front wheels toward the curb (right).",b,"When you park facing uphill with a curb, turn your front wheels away from the curb and let the vehicle roll back slightly until the tire gently touches the curb. If your brakes fail, the curb will stop the car from rolling into traffic. Always set the parking brake as well.",
7,Vehicle Ownership & Responsibilities,"Before switching on the ignition, what safety step should you take?","a:Confirm that only adult passengers have buckled their belts.,b:Only buckle child passengers' belts.,c:Buckle your safety belt and make sure passengers have buckled theirs.",c,"Before starting the car, buckle your own safety belt and make sure every passenger, adults and children, is properly buckled. The driver is responsible for ensuring that all occupants are using seat belts or appropriate child restraints.",
3,"Signs, Signals & Road Markings",You are approaching an intersection with a steady yellow light and have not yet entered. What should you do?,"a:Speed up to beat the red light,b:Come to a safe stop if you can do so,c:Sound your horn and proceed,d:Continue through without slowing",b,"A steady yellow light means the signal is about to turn red. If you have not yet entered the intersection, you should slow down and stop if you can do so safely. Only continue through if you are too close to stop safely when the light turns yellow.",
8,Special Situations & Road Users,A motorist must stop for a school bus unloading children on a two-lane road:,"a:Only if the bus is in your lane.,b:Only if children are on the roadway.,c:True.,d:False.",c,"On a two-lane road, traffic in both directions must stop when a school bus is stopped with red lights flashing to load or unload children. You must remain stopped until the lights stop flashing and the bus moves or the driver signals you to proceed.",
4,Safe & Defensive Driving Practices,"What is the term for slowing down to look at collisions or unusual events, and why avoid it?","a:Rubbernecking; it causes traffic congestion.,b:Alert driving; it prevents collisions.,c:Defensive driving; it improves safety.,d:Sightseeing; it reduces delays.",a,"Rubbernecking is when drivers slow down just to look at a crash or something unusual on the road. This unnecessary slowing disrupts traffic flow, increases congestion, and can lead to rear-end and secondary collisions. Keep your attention on the road and maintain a safe, steady speed.",
5,Driving in Special Conditions,"To avoid glare from oncoming headlights at night, what should you do?","a:Flash your high beams at them,b:Glance briefly toward the right edge of the road,c:Stare at the bright lights to adjust faster,d:Keep focus on the centerline",b,"To reduce glare from oncoming headlights at night, briefly look toward the right edge of your lane and use it as a guide, rather than staring into the lights. This helps protect your night vision while still keeping you oriented on the roadway.",
3,"Signs, Signals & Road Markings",A steady green arrow at an intersection generally allows drivers to:,"a:Ignore the arrow if the circular light is red.,b:Merge into any lane in the arrow's direction without yielding.,c:Reverse direction.,d:Turn in the arrow's direction after yielding to traffic and pedestrians.",d,"A steady green arrow means you may make the protected turn in the direction of the arrow. Even though opposing traffic is stopped, you must still watch for and yield to pedestrians in the crosswalk and any vehicles already in the intersection.",
3,"Signs, Signals & Road Markings",A driver signaling with the left arm bent upward is indicating they intend to:,"a:Stop.,b:Turn right.,c:Slow down.,d:Turn left.",b,"Standard hand signals use the left arm: straight out for a left turn, bent upward for a right turn, and bent downward for slowing or stopping. A left arm bent upward clearly indicates the driver intends to turn right.",
8,Special Situations & Road Users,Why must drivers be particularly alert for motorcycles?,"a:Motorcyclists are less skilled drivers than other motorists.,b:Motorcycles are smaller and harder to see than cars.,c:Motorcycles rarely use their headlights.",b,"Drivers must be especially alert for motorcycles because they are smaller, can be easily hidden in blind spots, and are harder to see in traffic. Their size also makes it more difficult to judge their speed and distance, so extra caution and careful scanning are essential.",
4,Safe & Defensive Driving Practices,On which surfaces does your vehicle's stopping distance increase?,"a:On wet or icy roads.,b:On paved highways in good condition.,c:Only when driving at night.",a,"Stopping distance increases on wet, icy, or otherwise slippery surfaces because your tires have less traction. It takes longer for the brakes to slow the vehicle, so you must allow more following distance and reduce speed in these conditions.",
3,"Signs, Signals & Road Markings","At an intersection with a flashing red light, what must you do?","a:Treat it as a yield signal and continue,b:Come to a full stop,c:Speed up to clear the intersection quickly,d:Slow down and proceed with caution",b,"A flashing red light means the same as a stop sign. You must come to a complete stop, yield to any traffic or pedestrians with the right of way, and then proceed only when the intersection is clear and it is safe.",
5,Driving in Special Conditions,"When driving through work zones, you should:","a:Maintain your normal speed through the zone.,b:Change lanes frequently.,c:Reduce your speed and be prepared to stop.,d:Increase your speed to clear the zone quickly.",c,"In work zones you must slow down, obey the posted work-zone speed limits, and be prepared to stop suddenly. Workers, equipment, and lane shifts can appear unexpectedly, so extra caution and reduced speed are required.",
3,"Signs, Signals & Road Markings",Does the presence of double solid yellow lines in the center of the road allow passing from either direction?,"a:Yes,b:No,c:No, they prohibit passing from either direction,d:No, you must stay in your lane at all times",b,"Double solid yellow lines prohibit crossing the centerline for passing in either direction, except to turn into driveways or entrances.",
5,Driving in Special Conditions,"As daylight begins to fade, which lights should you use to help others see your vehicle?","a:Emergency flashers.,b:Parking lights.,c:Low beam headlights.,d:High beam headlights.",c,"As it starts to get dark, turn on your low-beam headlights so other drivers can see you and you can see the road better. Parking lights alone are not enough while driving, and high beams should be reserved for dark, open roads with no oncoming traffic or vehicles ahead.",
4,Safe & Defensive Driving Practices,What does defensive driving involve?,"a:Identifying dangerous driving situations and taking action to avoid accidents,b:Racing to avoid being cut off by other drivers,c:Following the vehicle ahead closely to reduce reaction time,d:Ignoring other drivers' errors",a,"Defensive driving means constantly scanning for potential hazards, predicting what other road users might do, and adjusting your speed and position early to avoid conflicts. The goal is to prevent collisions rather than just reacting at the last moment.",
7,Vehicle Ownership & Responsibilities,Which of these is a prohibited parking location?,"a:Within 100 feet of a driveway.,b:Within 45 feet of a fire hydrant.,c:On a sidewalk.",c,"Parking on a sidewalk is prohibited because it blocks pedestrians and can force them into traffic. You also may not park within a short distance of fire hydrants (commonly 15 feet) or block driveways, since emergency access and property access must be kept clear.",difficult
6,"Alcohol, Drugs & Impaired Driving",Are the effects of alcohol on reflexes and judgment dependent on the type of alcoholic beverage?,"a:Effects are most pronounced with mixed drinks.,b:Effects are less pronounced with beer than wine.,c:Effects are less pronounced with wine than beer.,d:Effects depend on how much alcohol is in the bloodstream.",d,"The effect of alcohol on your reflexes and judgment depends on your blood alcohol concentration (BAC), not on whether you drank beer, wine, or liquor. A standard serving of each type of drink can contain about the same amount of alcohol, so impairment is determined by how much alcohol is in your bloodstream, how quickly you drank it, your body size, and other factors.",
7,Vehicle Ownership & Responsibilities,When is parking on the shoulder of a freeway allowed?,"a:If you need to look at a map for directions.,b:Only in an emergency; otherwise parking on the shoulder is prohibited.,c:As long as you turn on your hazard lights.",b,"You may stop or park on the shoulder of a freeway only in an emergency, such as a breakdown or medical issue. For non‑emergencies, you must continue to the next exit or safe area off the freeway. If you must stop for an emergency, pull as far off the roadway as possible and turn on your hazard lights so other drivers can see you.",
4,Safe & Defensive Driving Practices,How should you check for vehicles in your blind spots?,"a:Rely on the inside rearview mirror.,b:Use your horn to detect vehicles.,c:Look over your shoulder into the appropriate blind spot.,d:Only use the outside rearview mirrors.",c,"Blind spots are areas alongside and slightly behind your vehicle that you cannot see in your mirrors. Before changing lanes or merging, quickly look over your shoulder in the direction you plan to move to make sure no vehicle is in your blind spot.",
8,Special Situations & Road Users,"As a pedestrian, what should you avoid doing?","a:Entering a street or crosswalk when vehicles are approaching.,b:Using crosswalks when vehicles are present.,c:Waiting for vehicles to stop before crossing.,d:Using sidewalks when available.",a,"As a pedestrian, you should never step into a street or crosswalk when vehicles are approaching and may not have enough time or distance to stop safely. Even if you have the right‑of‑way, you must make sure it is safe to cross and that drivers see you and are stopping.",
4,Safe & Defensive Driving Practices,"If your accelerator becomes stuck while driving, which is the best immediate action among these?","a:Slam on the brakes hard.,b:Turn on your hazard lights as you take steps to safely stop the engine and slow down.,c:Blow your horn to warn others.",b,"If your accelerator sticks, keep control of the vehicle and focus on slowing and stopping safely. Turn on your hazard lights to warn others, shift to neutral if you can, apply the brakes firmly but smoothly, and steer to a safe location. Once you are out of traffic and stopped, turn off the engine. Sounding the horn is less important than immediately working to slow and stop the vehicle safely.",
8,Special Situations & Road Users,"When making a left turn at an intersection, must you yield to an oncoming bicyclist?","a:False — bicycles must yield.,b:Only if the bicyclist is on the sidewalk.,c:Only if the bicyclist is wearing a helmet.,d:True — yield to oncoming bicycles in the same way as vehicles.",d,"You must treat bicycles as vehicles when you are turning. When making a left turn, you must yield to oncoming bicyclists in the same way you yield to oncoming cars or motorcycles. If the bicyclist is approaching from the opposite direction and going straight, allow them to pass through the intersection before you turn.",
8,Special Situations & Road Users,You should never park a vehicle in which of the following locations?,"a:Within 20 feet of a crosswalk at an intersection.,b:Within 50 feet of a railroad crossing.,c:Within 30 feet of a traffic signal or flashing beacon on the side of the roadway.,d:All of the above.",b,"Parking is prohibited within 50 feet of a railroad crossing, within 20 feet of a crosswalk at an intersection, and within 30 feet of a signal light, stop sign, or flashing beacon on the side of the road. All of these distances help keep sight lines clear so drivers, pedestrians, and train operators can see each other in time to react safely.",difficult
2,Traffic Laws & Rules of the Road,"If the traffic light changes from green to solid yellow as you approach an intersection, what should you do?","a:Stop before entering if you can do so safely; if not, continue through cautiously.,b:Consider it the same as a caution sign and continue without slowing.,c:Stop immediately no matter how close you are.",a,"A solid yellow light warns that the signal is about to turn red. You must stop before entering the intersection if you can do so safely. If you are too close to stop safely when the light turns yellow, continue through the intersection with caution rather than braking suddenly and risking a rear‑end collision.",difficult
7,Vehicle Ownership & Responsibilities,True or false: When making an emergency roadside stop it is unnecessary to set your parking brake.,"a:False.,b:True.,c:Only if on a flat surface.,d:Only if your vehicle has automatic transmission.",a,"When you make an emergency roadside stop, you should secure your vehicle so it cannot roll. Turn on your emergency flashers and set the parking brake, even if the road seems flat or you have an automatic transmission. This reduces the risk of your vehicle moving unexpectedly and improves safety for you and other road users.",
8,Special Situations & Road Users,"If you see a pedestrian using a guide dog or carrying a white cane who is crossing the road, what must you do?","a:Pass close to them to move quickly,b:Always yield the right-of-way to that pedestrian,c:Only yield if they are at a corner,d:Tell them the best place to cross",b,"Blind or visually impaired pedestrians using a white cane or guide dog have the right-of-way. You must always stop or yield to them and allow them to completely cross safely before proceeding. Never try to hurry past, direct them, or interfere with their movement.",
4,Safe & Defensive Driving Practices,What is the recommended habit for checking blind spots when changing lanes or merging?,"a:Check blind spots only when driving fast.,b:Turn your head to check over your shoulder to see the blind spot.,c:Rely only on side and rearview mirrors.",b,"Mirrors do not show areas directly alongside and slightly behind your vehicle, known as blind spots. Before changing lanes, merging, or pulling away from the curb, you must quickly turn your head and look over your shoulder to check these blind spots, in addition to using your mirrors.",
6,"Alcohol, Drugs & Impaired Driving","For drivers aged 21 and older, at what BAC is it illegal to drive?","a:0.08 percent or higher.,b:0.05 percent.,c:0.02 percent.",a,"In most U.S. states, for drivers 21 and older, it is illegal to drive with a blood alcohol concentration (BAC) of 0.08% or higher. You can still be impaired at lower levels, but 0.08% is the standard per se legal limit for DUI for adults.",
2,Traffic Laws & Rules of the Road,"After turning left from a two-way street onto a one-way street, where should your car be positioned?","a:In the right lane of the one-way street.,b:In the center of the street.,c:In the left lane of the one-way street.",c,"When turning left onto a one-way street, finish the turn in the lane closest to the one you left, typically the left lane.",
2,Traffic Laws & Rules of the Road,Where should you stop at a stop sign that does not have a marked crosswalk?,"a:Before entering the intersection.,b:At the center of the intersection.,c:After you begin to enter the intersection if nothing is visible.",a,"At a stop sign with no stop line or marked crosswalk, you must stop before entering the intersection. Stop where you can see cross traffic, but before crossing the edge of the intersecting roadway, and then proceed only when it is safe and after yielding as required.",
8,Special Situations & Road Users,You must yield to a pedestrian using a white cane or guide dog:,"a:Only at marked crosswalks.,b:At all times.,c:Only when a crossing guard is present.,d:Only if accompanied by another adult.",b,"Pedestrians who are blind or visually impaired and using a white cane or guide dog have the right‑of‑way at all times. You must stop and allow them to cross safely, whether or not there is a marked crosswalk, signal, or crossing guard.",
4,Safe & Defensive Driving Practices,Which action can reduce road rage and aggressive driving?,"a:Allow extra travel time and be patient.,b:Speed up to keep up with traffic.,c:Ignore turn signals from others.",a,"Allowing extra travel time helps you stay calm, avoid rushing, and reduces the urge to speed, tailgate, or make aggressive maneuvers. Planning ahead and being patient are key strategies to prevent road rage and keep driving decisions safe and courteous.",
3,"Signs, Signals & Road Markings","If you approach a flashing red traffic signal, what is the correct action?","a:Treat it as a stop sign and come to a complete stop,b:Proceed without stopping if no vehicles are near,c:Wait until it turns green before moving,d:Slow down but do not stop",a,"A flashing red signal is treated exactly like a stop sign. You must come to a complete stop, check for cross traffic and pedestrians, yield the right‑of‑way as needed, and proceed only when the way is clear and it is safe.",difficult
8,Special Situations & Road Users,Which statement about railroad crossings is correct?,"a:It is illegal to go around lowered gates, and you must obey stop signals and flaggers.,b:You may go around gates if you do not see a train.,c:All railroad crossings have flashing lights and gates.",a,"At railroad crossings, you must always obey warning lights, bells, signs, gates, and any flagger instructions. It is illegal and extremely dangerous to drive around or under lowered gates, even if you do not see a train, and some crossings have only signs without active signals, so you must approach every crossing with caution.",difficult
6,"Alcohol, Drugs & Impaired Driving",True or false: Alcohol is the single greatest common factor in fatal motor vehicle crashes.,"a:Only on weekends.,b:Only for drivers under 25.,c:False.,d:True.",d,"Alcohol is a major contributing factor in fatal crashes because it slows reaction time, reduces coordination, and impairs judgment and vision. Even small amounts of alcohol can significantly increase crash risk, which is why laws and safety messages strongly emphasize never driving after drinking.",
8,Special Situations & Road Users,How are bicycles treated when used on roadways?,"a:Bicycles are hazards and may be ignored.,b:Bicycles are considered vehicles and must follow the same road rules.,c:Bicycles must always use sidewalks.,d:Bicycles are not subject to traffic signals.",b,Bicycles are vehicles on the roadway and bicyclists and motorists must follow the same traffic laws.,
4,Safe & Defensive Driving Practices,"If your wheels slip off the edge of the roadway, what is the correct action to take?","a:Slow down and regain control, then gently steer back onto the pavement when safe.,b:Slam on the brakes immediately,c:Jerk the steering wheel to force the vehicle back onto the pavement,d:Speed up and swerve back onto the pavement quickly",a,"If your wheels drop off the pavement edge, keep a firm grip on the wheel, ease off the gas, and slow down gradually. Do not slam on the brakes or jerk the steering wheel, because sudden moves can cause you to lose control or skid into oncoming traffic. Once you have slowed and the way is clear, gently steer back onto the roadway.",
2,Traffic Laws & Rules of the Road,"When turning right on a green light, what must you do?","a:Maintain your normal driving speed without yielding.,b:Stop completely before turning even if clear.,c:Sound your horn to warn pedestrians.,d:Yield to pedestrians and any traffic in the intersection.",d,"You may turn on steady green unless prohibited, but you must yield to pedestrians and other traffic in the intersection.",
2,Traffic Laws & Rules of the Road,"At a yield sign, what must you do?","a:Always come to a complete stop even if the way is clear.,b:Slow down and be prepared to stop; yield the right-of-way to cross traffic and pedestrians close enough to be a hazard.,c:Yield only to vehicles on your right.",b,"At a yield sign, you must slow down and be prepared to stop. Give the right-of-way to any vehicle or pedestrian close enough to enter your path and create a hazard. If traffic is clear, you do not have to stop, but you must enter the intersection only when it is safe.",
2,Traffic Laws & Rules of the Road,How must you treat a flashing red traffic signal when approaching an intersection?,"a:Come to a complete stop, yield to pedestrians and oncoming traffic, then proceed when safe.,b:Slow down and proceed with caution.,c:Stop and remain stopped as long as the light is flashing red.",a,"A flashing red signal is treated like a stop sign: stop completely, yield to others, and go when clear.",
6,"Alcohol, Drugs & Impaired Driving",Any amount of alcohol in your bloodstream can affect your:,"a:Knowledge only.,b:Judgment and physical coordination.,c:Vehicle registration status.,d:Right-of-way privileges.",b,"Any amount of alcohol can slow your brain’s processing, weaken judgment, and reduce coordination. Even if you are below the legal BAC limit, your ability to react, make safe decisions, and control the vehicle can be impaired.",
4,Safe & Defensive Driving Practices,A driving distraction is defined as what?,"a:Anything that improves your attention to driving,b:Anything that takes your attention away from driving,c:Anything that causes you to pay more attention to the road,d:A device that only affects passengers",b,"A driving distraction is anything that takes your attention away from the driving task. This includes visual distractions (eyes off the road), manual distractions (hands off the wheel), and cognitive distractions (mind off driving), all of which increase crash risk.",
2,Traffic Laws & Rules of the Road,When preparing to turn left from a two-way street you should position your vehicle:,"a:In any lane that is free.,b:Well left of the centerline.,c:Near the centerline.,d:Near the right-hand side.",c,"For a left turn from a two‑way street, you should be in the lane closest to the centerline. Position your vehicle near the centerline, signal, yield to oncoming traffic and pedestrians, and then turn into the first legal lane without cutting across extra lanes.",
5,Driving in Special Conditions,When should you drive below the posted speed limit?,"a:Only when entering a highway,b:Whenever other drivers are passing you,c:Only when a police officer is present,d:Whenever road or weather conditions make driving unsafe at the posted speed",d,"You must adjust your speed to match conditions, even if that means driving below the posted limit. Slow down when visibility is reduced, roads are wet, icy, or gravel, traffic is heavy, or there are hazards such as sharp curves or work zones. The key is to drive at a speed that is safe and reasonable for current conditions, not only when conditions are less than perfect.",difficult
2,Traffic Laws & Rules of the Road,"After passing another vehicle, when is it safe to return to your driving lane?","a:When the other driver waves you back.,b:After signaling for one second.,c:When someone in the other car honks.,d:When you can see the passed vehicle's headlights in your rearview mirror.",d,"After passing, you need enough space before moving back into your lane. A good rule is to wait until you can see the front of the passed vehicle, including both headlights, in your inside rearview mirror. This shows you have a safe following distance before returning.",
5,Driving in Special Conditions,Should you use high beam headlights when driving in fog?,"a:FALSE,b:TRUE",a,"In fog, always use low beam headlights. High beams reflect off the water droplets in the fog and shine back into your eyes, making it harder to see. Low beams, along with fog lights if your vehicle has them, help you see the road and help others see you without creating glare.",
8,Special Situations & Road Users,"If a police officer stops you, what is the correct immediate action?","a:Speed up to get to a safer location,b:Drive to the nearest police station instead of stopping,c:Exit your vehicle and approach the officer,d:Pull over to the right side of the road and stop as far off the roadway as possible",d,"When an officer signals you to stop, slow down and pull over to the right side of the road as soon as it is safe, stopping as far off the roadway as you reasonably can. Stay in your vehicle with your hands visible and follow the officer’s instructions.",
2,Traffic Laws & Rules of the Road,"If several vehicles arrive simultaneously at an uncontrolled intersection, who has the right-of-way?","a:Yield to the vehicle on your right.,b:Wait until there are no vehicles before proceeding.,c:Yield to the vehicle on your left.",a,"At an uncontrolled intersection where two or more vehicles arrive at the same time, you must yield to the vehicle on your right. This rule helps decide who goes first when there are no signs, signals, or clear right-of-way markings.",
1,Licensing & Permit Requirements,How many days do you have to notify SCDMV of a name or address change?,"a:10 days.,b:15 days.,c:30 days.,d:45 days.",a,South Carolina law requires you to notify the SCDMV of any change of name or address within 10 days. Reporting changes promptly helps ensure your license and registration information are accurate and that you receive important notices.,
5,Driving in Special Conditions,In rainy weather you should be most careful when turning or stopping:,"a:One half hour after it stops raining.,b:After it has been raining all day.,c:During the first half hour of rain.,d:Only during heavy storms.",c,"Roads are most slippery during the first 15–30 minutes of rain because oil and other residues on the road surface mix with the water and rise to the top. During this time, be especially careful when turning or stopping, and reduce your speed to maintain traction.",
4,Safe & Defensive Driving Practices,Which statements about large trucks are true?,"a:It is safe to tailgate trucks.,b:Trucks have smaller blind spots than cars.,c:Always drive beside a large truck for better visibility.,d:Trucks have larger blind spots than passenger vehicles and you should avoid driving beside them for long periods.",d,"Trucks are much larger than passenger vehicles and have bigger blind spots, especially along the sides and directly behind the trailer. If you drive beside or close behind a truck, the driver may not see you, and the truck may need extra room to turn or change lanes. For safety, pass promptly and avoid lingering in these blind spots.",
2,Traffic Laws & Rules of the Road,"When passing another vehicle, when is it safe to move back into the right lane?","a:When you can see both headlights of the passed vehicle in your rearview mirror.,b:When you are one car length ahead.,c:When you are 50 feet in front of the passed vehicle.",a,"After passing, you should not move back into the right lane until you can see both headlights of the vehicle you passed in your rearview mirror. This ensures you have created a safe following distance and reduces the risk of cutting off the other driver or causing a rear-end collision.",
7,Vehicle Ownership & Responsibilities,"If you must park in an unusual area, what should you ensure about your vehicle?","a:Make sure the vehicle is visible to drivers approaching from any direction,b:Park five feet from the curb,c:Park with your reverse lights on,d:Place your car in neutral and turn off the engine",a,"If you must park in an unusual or unexpected location, your top priority is to make sure other drivers can see your vehicle in time to react safely. Park where your vehicle is clearly visible from all directions and does not block traffic. Use hazard lights if appropriate so approaching drivers are warned of your parked vehicle.",
2,Traffic Laws & Rules of the Road,"If two drivers arrive at an open intersection at the same time, who has the right-of-way?","a:The larger vehicle.,b:The driver on the right.,c:The one who signals first.,d:The driver on the left.",b,"At an open or uncontrolled intersection where two vehicles arrive at the same time, the driver on the left must yield to the driver on the right. This rule helps prevent confusion and collisions when there are no signs or signals controlling the intersection.",difficult
2,Traffic Laws & Rules of the Road,"When entering a freeway, what should you do?","a:Signal and assume freeway traffic will stop for you.,b:Enter slowly and force traffic to adjust.,c:Stop at the end of the ramp and wait for an opening.,d:Signal, accelerate to match freeway speed, and yield to traffic already on the freeway.",d,"When entering a freeway, use the entrance ramp and acceleration lane to match the speed of traffic, signal your intention to merge, and yield to vehicles already on the freeway. Do not stop at the end of the ramp unless absolutely necessary; instead, adjust your speed and merge when it is safe.",
4,Safe & Defensive Driving Practices,"If a tire suddenly goes flat while you're driving, what should you do first?","a:Rapidly pump the brake pedal,b:Slam on the brakes immediately,c:Take your foot off the accelerator and allow the vehicle to slow,d:Turn sharply toward the shoulder",c,"If a tire blows out, keep a firm grip on the steering wheel, stay straight, and take your foot off the accelerator so the vehicle can slow down gradually. Braking hard or turning sharply can cause you to lose control, especially at higher speeds.",
4,Safe & Defensive Driving Practices,What should be your first reaction to reduced visibility while driving?,"a:Turn on windshield wipers.,b:Turn on your headlights.,c:Increase your following distance only.,d:Reduce your speed.",d,"When visibility drops, your first reaction should be to ease off the accelerator and reduce speed so you have more time to see and react to hazards. You should also turn on your headlights and increase following distance, but slowing down is the most immediate safety step.",
8,Special Situations & Road Users,"If you are on a one-way street and an emergency vehicle with flashing lights approaches, what should you do?","a:Drive toward the nearest edge or curb and stop.,b:Speed up and take the nearest exit.,c:Turn on your flashers and continue driving.",a,"On a one‑way street, when an emergency vehicle with lights or siren approaches, move safely and promptly to the nearest edge or curb—right or left—and stop until it has passed. Stopping clears a path and prevents sudden conflicts as the emergency vehicle comes through.",
8,Special Situations & Road Users,"On a two-lane highway, what must you do when you approach a stopped school bus with flashing red lights?","a:You must stop and remain stopped until the bus driver waves you through.,b:You may pass at a reduced speed if no children are visible.,c:You must stop and may not pass until the bus turns off its flashing red lights and resumes driving.",c,"On a two‑lane road, traffic in both directions must stop for a school bus with flashing red lights. You must remain stopped and may not pass until the red lights stop flashing and the bus starts moving or the driver signals that you may proceed.",
2,Traffic Laws & Rules of the Road,"When changing lanes, what should you do to ensure safety?","a:Rely solely on the rearview mirror.,b:Change lanes without signaling if clear.,c:Look over your shoulder in the direction you plan to move and check mirrors.,d:Rely only on the left side mirror.",c,"Before changing lanes, always signal, check your mirrors, and then look over your shoulder in the direction you want to move to check your blind spot. Never rely only on mirrors; the shoulder check helps you see vehicles that are hidden from your mirror view.",
2,Traffic Laws & Rules of the Road,"When traveling in a travel lane, you should:","a:Park briefly to drop off passengers.,b:Stop in the lane to check an address.,c:Keep moving until you can safely pull off the roadway.,d:Make a U-turn if you miss an exit.",c,"You must not stop in a travel lane except in emergencies or when traffic is stopped. If you miss an exit or turn, keep driving until you reach a safe place off the roadway to pull over or turn around.",
2,Traffic Laws & Rules of the Road,"When approaching a roundabout, what should you do?","a:Slow down, yield to traffic and pedestrians in the circle, and enter to the right.,b:Speed up to enter before other vehicles.,c:Enter to the left and drive clockwise.,d:Stop and wait for a green light.",a,"At roundabouts in the U.S., you slow down, yield to pedestrians in crosswalks and to traffic already in the circle, then enter to the right and travel counterclockwise. Do not speed up to beat other vehicles, enter to the left, or wait for a traffic light unless one is present and controlling entry.",
4,Safe & Defensive Driving Practices,Anything that requires you to do which of the following could cause a crash?,"a:Take your eyes off the road.,b:Take your hands off the wheel.,c:Take your attention away from driving.,d:Any of the above.",c,"Any distraction that takes your eyes off the road, your hands off the wheel, or your mind off driving can lead to a crash. Visual, manual, and cognitive distractions all reduce your ability to react to hazards in time.",
8,Special Situations & Road Users,"When a bicyclist is making a left turn, which action might they legally take?","a:Cut through all lanes without regard for traffic.,b:Always wait on the sidewalk.,c:Use the left lane when preparing to or making the left turn.,d:Only turn left from the right edge of the road.",c,"Bicyclists generally have the same rights and duties as drivers of vehicles. When making a left turn, a bicyclist may legally move into and use the appropriate left-turn lane or left portion of the lane, after yielding as required and signaling, just like a motor vehicle.",
2,Traffic Laws & Rules of the Road,How should a driver entering interstate traffic from an entrance ramp behave?,"a:Assume they have the right-of-way and enter regardless of others.,b:Force their way into traffic.,c:Yield to drivers already on the interstate and merge when safe.,d:Stop at the end of the ramp and wait for traffic to clear completely in all lanes.",c,"Traffic already on the interstate has the right-of-way. Use the entrance ramp and acceleration lane to reach the speed of traffic, signal, and merge only when there is a safe gap. Never force your way in or assume others must move for you.",
3,"Signs, Signals & Road Markings",What must you do when facing a green arrow signal?,"a:Proceed immediately without yielding.,b:Turn only if no vehicles are behind you.,c:Yield to any vehicles, bicycles, or pedestrians still in the intersection, then proceed in the direction of the arrow.,d:Wait four seconds before moving.",c,"A green arrow means you have a protected turn in the direction of the arrow, but you must still yield to any vehicles, bicycles, or pedestrians already in the intersection or still clearing it. Once the intersection is clear, you may proceed with your turn.",
4,Safe & Defensive Driving Practices,"If you have a sudden tire blowout, how should you use the brakes?","a:Use the brakes lightly after slowing down and regaining control.,b:Pump the brakes rapidly.,c:Apply full force to the brakes.,d:Do not use the brakes at all, even after you have slowed.",a,"If a tire blows out, hold the steering wheel firmly and ease your foot off the accelerator so the vehicle slows gradually. Once the vehicle is under control and your speed has dropped, brake gently and lightly as needed to pull off the road safely. Hard or sudden braking can cause loss of control, especially with a blown tire.",
5,Driving in Special Conditions,When driving on wet pavement you should remember:,"a:Roads are especially slippery right after rain begins.,b:Hydroplaning can occur at high speeds.,c:Give yourself extra space when stopping.,d:All of the above.",d,"On wet pavement, roads are especially slippery just after the rain begins because oil and residue mix with water. At higher speeds your tires can ride on top of the water (hydroplaning), causing loss of traction. Always increase your following distance and brake earlier and more gently on wet roads.",
2,Traffic Laws & Rules of the Road,Before turning left you should:,"a:Accelerate slightly to make the turn faster.,b:Sound your horn to warn others.,c:Swing to the right of your lane.,d:Yield to oncoming vehicles and pedestrians.",d,"Before turning left, you must yield to oncoming vehicles, bicycles, and pedestrians that are close enough to be a hazard. Wait until there is a safe gap in oncoming traffic and the crosswalk is clear, then turn into the correct lane without swinging wide.",
4,Safe & Defensive Driving Practices,Which definition best matches distracted driving?,"a:Anything that causes you to pay more attention to driving.,b:Driving while tired only.,c:Anything that takes your attention away from driving, including your eyes, hands, or mind.,d:Only using a cellphone while driving.",c,"Distracted driving is any activity that takes your attention away from driving. This includes things that take your eyes off the road, your hands off the wheel, or your mind off driving, such as texting, eating, adjusting controls, or daydreaming.",
8,Special Situations & Road Users,When following a large truck on the freeway you should:,"a:Drive in the truck's blind spot to stay out of traffic.,b:Always pass on the right.,c:Follow farther behind than you would a passenger vehicle.,d:Follow closer to reduce wind effects.",c,"Large trucks need more distance to stop and have bigger blind spots than passenger cars. When following a truck, stay farther back than you would behind a car so you can see the road ahead and have enough time to react if the truck slows or stops suddenly.",
2,Traffic Laws & Rules of the Road,Can drivers pass on a two-lane road when there is a single solid yellow line on their side of the centerline?,"a:False,b:True",a,A solid yellow line on your side of the centerline means passing is not allowed because it is unsafe to move into the oncoming lane. You may only pass when the broken yellow line is on your side and the way is clear.,
3,"Signs, Signals & Road Markings","At a red light that displays a green arrow in your direction, you may proceed if:","a:You first come to a complete stop.,b:You wait for the circular green light.,c:You yield only to oncoming vehicles.,d:You are in the proper lane and the intersection is clear.",d,"A green arrow means you have a protected turn in that direction. You may proceed if you are in the correct lane and the intersection is clear, but you must still yield to pedestrians in the crosswalk and any vehicles already in the intersection.",
5,Driving in Special Conditions,"If oncoming headlights blind you at night, what is the correct action?","a:Look toward the right edge of the roadway until the vehicle passes.,b:Switch to high beams to see better.,c:Look directly at the lights to get used to them.,d:Close your eyes briefly.",a,"Bright oncoming headlights can temporarily blind you. To reduce glare and stay in your lane, look toward the right edge of the roadway and use it as a guide until the vehicle passes. Do not look directly at the lights or close your eyes.",
8,Special Situations & Road Users,How should you regard railroad crossings?,"a:Safe places to park.,b:Safe to cross most of the time.,c:Dangerous; always check carefully.,d:Only dangerous at night.",c,"Railroad crossings are always potentially dangerous because trains cannot stop quickly and always have the right of way. Slow down, look and listen for trains, obey all signals and gates, and never cross until you are sure it is safe and there is room to clear the tracks completely.",
5,Driving in Special Conditions,"If your vehicle starts to lose traction due to water on the road (hydroplaning), what should you do?","a:Drive at a constant higher speed to regain traction.,b:Slow down gradually and avoid applying the brakes.,c:Apply the brakes firmly to stop immediately.",b,"When your vehicle hydroplanes, the tires are riding on a thin layer of water and have little or no contact with the road. You should ease off the accelerator, keep the steering wheel straight, and slow down gradually. Avoid hard braking or sudden steering, because these can cause a complete loss of control.",
2,Traffic Laws & Rules of the Road,True or false: At a four-way stop you must yield to motorists who arrived before you.,"a:Only if they signal.,b:Only if they are on the right.,c:False.,d:True.",d,"At a four‑way stop, drivers must yield to vehicles that arrived first. If two vehicles arrive at the same time, the driver on the left yields to the driver on the right. Always proceed in the order of arrival and only when it is safe.",
6,"Alcohol, Drugs & Impaired Driving",How serious is drinking alcohol and driving?,"a:A serious traffic safety problem.,b:A minor traffic safety problem.,c:Safe if you have only had a few drinks.",a,"Drinking and driving is a major cause of crashes, injuries, and deaths. Even small amounts of alcohol slow your reaction time, reduce coordination, and impair judgment. Because any impairment can make driving unsafe, alcohol and driving together are always a serious traffic safety problem.",
8,Special Situations & Road Users,True or False: Drivers should avoid driving beside large vehicles for extended periods and be cautious when passing them.,"a:FALSE,b:TRUE",b,"Large trucks and buses have large blind spots along both sides, directly behind, and sometimes directly in front of the vehicle. If you drive next to them for a long time, the driver may not see you, and a lane change or wind gust could push you into danger. It is safer to pass promptly when it is legal and safe, or drop back so you are clearly visible.",
3,"Signs, Signals & Road Markings",When you see a school crossing sign you should:,"a:Always come to a complete stop even if no children are present.,b:Watch for children and be prepared to stop.,c:Speed up to clear the area quickly.,d:Sound your horn to clear children from the road.",b,"A school crossing sign warns that children may be crossing the road. You should slow down, watch carefully for children on or near the roadway, and be prepared to stop if they are in or approaching the crosswalk. You are not required to stop if the crossing is clear, but you must be ready to do so.",
3,"Signs, Signals & Road Markings",What should you do when encountering a flashing yellow traffic light?,"a:Yield to all traffic before crossing.,b:Stop,c:Slow down and proceed through the intersection with caution.",c,"A flashing yellow light means you do not have to stop, but you must slow down, be prepared to yield if needed, and proceed through the intersection with extra caution.",
2,Traffic Laws & Rules of the Road,"When a stop is required but there is no stop line or crosswalk, where should you stop?","a:Only if you can see at least 200 feet in both directions.,b:At the point nearest the intersecting roadway where you can see approaching traffic without entering it.,c:You are not required to stop.",b,"When there is a stop sign but no stop line or crosswalk, you must stop before entering the intersection at the point nearest the intersecting roadway where you can see approaching traffic, without actually entering the cross street.",difficult
4,Safe & Defensive Driving Practices,An inattentive driver is one who:,"a:Maintains eye contact with passengers constantly.,b:Daydreams or stares off the roadway while driving.,c:Only watches the vehicle directly ahead.,d:Uses mirrors regularly.",b,"An inattentive driver is mentally or visually distracted from the driving task, such as daydreaming or staring away from the roadway, which greatly increases the risk of missing hazards and causing a crash.",
2,Traffic Laws & Rules of the Road,What greatly increases stopping distances and crash severity?,"a:Slow speeds.,b:Driving in the rain with headlights on.,c:Night driving.,d:High speeds.",d,High speeds make it take much longer to stop and greatly increase crash severity because the force of impact rises rapidly as speed increases.,
3,"Signs, Signals & Road Markings",What does a steady red arrow on a traffic light mean?,"a:You may not proceed in the arrow's direction until it turns green,b:You may turn after yielding to oncoming traffic,c:You may turn after stopping completely,d:You may proceed with caution",a,A steady red arrow means you must stop and may not go in the direction of the arrow until a green arrow or green light allows movement in that direction.,
2,Traffic Laws & Rules of the Road,"If you are driving so slowly that traffic queues behind you on a two-lane road, what must you do?","a:Stop in the lane until traffic clears,b:Pull off the right side of the road and let traffic pass,c:Decrease your speed further,d:Not allow other cars to pass you",b,"If you are driving so slowly that traffic is building up behind you on a two‑lane road, you are impeding the normal flow of traffic. When it is safe, you should pull off to the right side of the road or into a turnout area and allow the vehicles behind you to pass. This keeps traffic moving smoothly and reduces the risk of unsafe passing maneuvers by frustrated drivers.",
4,Safe & Defensive Driving Practices,When passing a bicyclist you should:,"a:Slow down and give the cyclist as much space as possible.,b:Drive into the bicycle lane until you can pass.,c:Honk to alert the bicyclist to move over.,d:Pass very quickly and close to the cyclist.",a,"When passing a bicyclist, slow down and give them as much space as possible, following your state’s minimum passing distance (often at least 3 feet, and more at higher speeds). Treat a bicycle like any other vehicle in the lane: change lanes or move well over when safe, and never pass closely or at high speed because a small wobble or road hazard could cause a serious crash.",
4,Safe & Defensive Driving Practices,Which statement about vehicle blind spots is correct?,"a:You can check blind spots using the inside rearview mirror.,b:Blind spots are not a safety concern.,c:Blind spots disappear if you have only one outside mirror.,d:Large trucks have bigger blind spots than most passenger cars.",d,"All vehicles have blind spots—areas you cannot see in your mirrors. Large trucks and buses have much larger blind spots on all sides than passenger cars, especially directly behind and along the sides near the cab. You should avoid lingering in these areas and pass large trucks quickly and safely so the driver can see you.",
5,Driving in Special Conditions,At about what speed can cars begin to hydroplane on standing water?,"a:40 miles per hour,b:45 miles per hour,c:35 miles per hour",c,"Hydroplaning happens when your tires ride up on a layer of water and lose contact with the road. This can begin at speeds as low as about 35 mph on standing water, especially if your tires are worn or the water is deep. To reduce the risk, slow down in wet conditions, avoid sudden steering or braking, and make sure your tires are in good condition.",difficult
8,Special Situations & Road Users,"If you see a pedestrian with a guide dog or carrying a white cane, you must:","a:Flash your headlights to alert them.,b:Honk to warn them to wait.,c:Continue driving; pedestrians must yield.,d:Yield the right-of-way to the pedestrian.",d,"A pedestrian using a white cane or a guide dog is visually impaired and has special legal protection. You must always yield the right‑of‑way, stop well before the crosswalk, and allow them to cross safely. Do not honk or try to wave them on; remain stopped until they are safely out of your path.",
4,Safe & Defensive Driving Practices,"Faced with an oncoming car to the left and a bicyclist to the right, what is safest?","a:Split the difference and pass between them.,b:Let the oncoming car pass,c:Attempt to pass both at once quickly.,d:Pull onto the shoulder between the two hazards.",b,"When you face hazards on both sides, you should not try to squeeze between them. Instead, deal with one hazard at a time. In this case, slow down and let the oncoming car pass first, then move over and pass the bicyclist with plenty of space when it is safe.",
8,Special Situations & Road Users,Are you required to obey school crossing guards?,"a:At all times.,b:Only during school hours.,c:Only when children are present.",a,"School crossing guards have legal authority to direct traffic. You must obey their instructions whenever they are on duty and directing traffic, regardless of the time of day or whether you see children in the crosswalk.",
8,Special Situations & Road Users,Should motorists keep a safe operating distance when near cyclists?,"a:FALSE,b:TRUE",b,"Cyclists are vulnerable road users, so you must give them extra space and time. Maintain a safe following distance—at least three to four seconds—and allow plenty of room when passing so you have time to react if they need to swerve or stop.",
6,"Alcohol, Drugs & Impaired Driving",Which types of drugs can affect your driving ability?,"a:Only illegal drugs.,b:Over-the-counter,c:Only prescriptions.,d:Illegal, prescription, and over-the-counter drugs can all affect driving.",b,"Any drug that affects your mind or body can impair driving, including illegal drugs, prescription medications, and over‑the‑counter medicines. Always read labels and follow medical advice, and never drive if a drug makes you drowsy, dizzy, or less alert.",
2,Traffic Laws & Rules of the Road,Which statement about speed is true?,"a:Speeding is never fatal.,b:Driving too slowly on certain highways can be dangerous.,c:Speeding is not dangerous if you are skilled.",b,"Driving much slower than the normal flow of traffic can be dangerous because it may cause other drivers to brake suddenly or make risky passing maneuvers. Safe driving means adjusting your speed to match traffic and road conditions, without exceeding the speed limit.",
2,Traffic Laws & Rules of the Road,When must drivers yield the right-of-way to pedestrians in a crosswalk?,"a:Only if the pedestrian waves to you.,b:Only if the pedestrian is not distracted.,c:At all times.",c,"Drivers must always yield to pedestrians who are in a marked or unmarked crosswalk. You must slow or stop as needed to let pedestrians cross safely, regardless of whether they make eye contact, signal, or appear distracted.",
8,Special Situations & Road Users,Which statement about railroad crossings is true?,"a:You have the right-of-way at all railroad crossings,b:You need not stop for a crossing without gates,c:You may pass another vehicle on the tracks if it is safe,d:You must stop when directed to do so by a flagger or stop sign at a crossing",d,"At railroad crossings, trains always have the right-of-way. You must stop when a flagger, stop sign, or other traffic control device at the crossing requires it, and you must never drive onto the tracks unless you can fully clear them.",difficult
3,"Signs, Signals & Road Markings",What does a double solid yellow line down the center of a two-lane road indicate?,"a:Lanes move in opposite directions and passing is allowed when safe,b:Lanes move in the same direction and passing is prohibited,c:Lanes move in opposite directions and passing is prohibited,d:You may cross to pass if no cars are coming",c,A double solid yellow line separates traffic moving in opposite directions and means no passing from either side. You must stay in your lane and may only cross when making a permitted turn or when specifically allowed by law.,
3,"Signs, Signals & Road Markings",What do double solid yellow lines in the center of the road indicate about passing?,"a:Passing allowed only during daylight.,b:Passing is allowed from both directions.,c:Only the right lane may pass.,d:Passing is not allowed from either direction, except for permitted turns where allowed by law.",d,Double solid yellow lines mean traffic in opposite directions and no passing from either direction. In most situations you may not cross these lines to pass another vehicle; you may only cross when making a lawful left turn or when specifically allowed by local law.,
8,Special Situations & Road Users,"When emergency vehicles are using sirens and flashing lights, what must drivers do?","a:Follow closely behind them,b:Ignore them and continue driving,c:Pull into the intersection and wait,d:Yield the right-of-way to them",d,"When an emergency vehicle approaches using a siren and flashing lights, you must yield the right-of-way by pulling to the right side of the road and stopping, when safe. Remain stopped until the vehicle has passed and always follow any directions given by emergency personnel.",
7,Vehicle Ownership & Responsibilities,Where is it illegal to park?,"a:On a hill,b:In a parking lot,c:In front of your driveway,d:On a crosswalk or in a marked bicycle lane",d,"It is illegal and unsafe to park where you block traffic or other road users, such as on a crosswalk, in a marked bicycle lane, or in front of a driveway. Parking on a hill or in a parking lot is allowed as long as there are no signs or markings prohibiting it and your vehicle is properly secured.",
5,Driving in Special Conditions,"At dawn, dusk, or in rain or snow when visibility is reduced, what should you do to help others see you?","a:Flash your high beams,b:Use only your parking lights,c:Increase your instrument panel brightness,d:Turn on your headlights",d,"Use your headlights, specifically low beams, whenever visibility is reduced by rain, snow, fog, or at dawn and dusk. This makes your vehicle easier for others to see without creating glare, which can happen if you use high beams in poor conditions.",
8,Special Situations & Road Users,"What are ""No zones"" around large trucks?","a:Areas where you can squeeze around while it turns.,b:Areas where smaller cars disappear into the truck's blind spots.,c:Safe spaces to travel close behind the truck.,d:Designated passenger loading zones.",b,"""No zones"" are the large blind spots around trucks and other big vehicles where your car may completely disappear from the truck driver’s view. Avoid driving for long periods directly beside, very close in front of, or close behind a large truck so the driver can see you and react safely.",
2,Traffic Laws & Rules of the Road,"When parked uphill on a street with a curb, which way should you turn your front wheels?","a:Turn the wheels sharply toward the curb,b:Turn the wheels slightly to the right,c:Turn the wheels sharply away from the curb,d:Point the wheels straight ahead",c,"When you park facing uphill with a curb, turn your front wheels sharply away from the curb. If the vehicle rolls, the back of the front tire will move toward and rest against the curb, helping prevent the car from rolling into traffic.",
3,"Signs, Signals & Road Markings",How should you respond to a steady yellow arrow traffic signal?,"a:Honk to alert other drivers,b:Proceed immediately without yielding,c:Merge into any lane shown by the arrow,d:Stop if you can do so safely; a red arrow is coming",d,"A steady yellow arrow means the protected turn phase is ending and a red arrow is about to appear. You should stop if you can do so safely. If you are too close to the intersection to stop safely, proceed with caution and be prepared for the light to change.",
4,Safe & Defensive Driving Practices,"If another car appears likely to hit you, what should you do first?","a:Sound your horn to warn the other driver.,b:Wave your arms out the window.,c:Use emergency lights only.",a,"If another car may hit you, your first action should be to try to prevent the collision by warning the other driver. Sounding your horn is the quickest way to alert them that they are about to collide with you. Waving your arms or relying only on emergency flashers is slower and less effective in an immediate emergency.",
4,Safe & Defensive Driving Practices,Which item is a common contributing factor to crashes?,"a:Getting adequate rest and staying alert.,b:Exceeding speed limits or driving too fast for conditions.,c:Scanning the environment and staying focused on driving.",b,"Speeding or driving too fast for road, traffic, or weather conditions is one of the most common causes of crashes. Higher speed reduces your time to react and increases stopping distance and crash severity. In contrast, getting adequate rest and scanning the road ahead are safe driving habits that help prevent collisions.",
2,Traffic Laws & Rules of the Road,You arrive at an intersection with a flashing red light. What must you do?,"a:Wait for a green light to appear.,b:Stop at the intersection and then proceed when the way is clear.,c:Turn right only.,d:Slow and drive through the intersection without stopping.",b,"A flashing red light is treated like a stop sign. You must come to a complete stop, check for cross traffic and pedestrians, yield as necessary, and then proceed only when the intersection is clear and it is safe to go.",
5,Driving in Special Conditions,"If the roadway ahead is flooded, what should you do?","a:Try to drive through at low speed.,b:Slam on the brakes to avoid water.,c:Turn around and find another route; do not drive through flooded areas.,d:Drive only in the center of the roadway.",c,"You should never drive through flooded roadways. Water can be deeper or moving faster than it appears, can hide holes or debris, and even a small depth can sweep a vehicle away or stall it. The safest action is to turn around and find another route.",
3,"Signs, Signals & Road Markings",What does a broken yellow line down the center of the road indicate?,"a:Passing is permitted from either direction when safe.,b:A construction zone ahead.,c:Passing is prohibited for both directions.,d:Bike lane separation.",a,"A broken yellow line in the center separates traffic moving in opposite directions and indicates that passing is allowed from either direction when it can be done safely. You must still check for oncoming traffic, ensure enough space to pass, and obey any additional signs or markings.",
4,Safe & Defensive Driving Practices,"When driving in traffic, what is the safest practice regarding speed?","a:Drive faster than the flow of traffic,b:Drive with the flow of traffic within the posted speed limit,c:Fluctuate your speed frequently to stay alert,d:Drive slower than the flow of traffic",b,"In traffic, you should generally move with the flow of traffic while staying at or below the posted speed limit. Large speed differences between you and surrounding vehicles increase the risk of rear-end and side-swipe collisions. Driving much faster or much slower than other traffic is unsafe; instead, match the general flow as long as it is within legal and safe limits.",
7,Vehicle Ownership & Responsibilities,What is the safest way for small children to ride in a vehicle?,"a:Held by a strong adult.,b:Standing on the floor in the back of the vehicle.,c:Secured in an appropriate child safety seat or seat belt for their size.",c,"Small children must always be properly restrained in a child safety seat or seat belt that is appropriate for their age, height, and weight. In a crash, an adult cannot safely hold a child, and standing or moving around in the vehicle is extremely dangerous. Properly installed child restraints greatly reduce the risk of serious injury.",
3,"Signs, Signals & Road Markings",Regulatory traffic signs are typically what color?,"a:Yellow.,b:Orange.,c:White.,d:Green.",c,"Regulatory signs tell you about traffic laws and regulations you must obey, such as speed limits, lane use, and parking restrictions. In the U.S., these signs are typically white rectangles or squares with black, red, or green lettering or symbols. Yellow signs are usually warning signs, not regulatory.",
8,Special Situations & Road Users,"When you approach a pedestrian using a white cane or guide dog who is crossing, you must:","a:Carefully drive around them.,b:Sound your horn and proceed slowly.,c:Stop until the pedestrian is safely out of your path.",c,"When a pedestrian using a white cane or guide dog is crossing or preparing to cross, you must stop and remain stopped until the person has completely crossed and is safely out of your path. Blind pedestrians have the right-of-way, and sudden noises like horns can startle them or their guide dogs.",
8,Special Situations & Road Users,"On a four-lane highway, if you approach a stopped school bus on the opposite side with red lights flashing, what must you do?","a:You may continue driving; you are not required to stop when approaching from the opposite side.,b:Stop regardless of how many lanes there are.,c:Pass slowly while watching for children.",a,"On a divided or multi-lane highway (typically four or more lanes) where there is a physical median or barrier, drivers traveling in the opposite direction of a stopped school bus with flashing red lights are usually not required to stop. However, they must slow down, use extreme caution, and be prepared for children who may be near the roadway. Always check your state’s specific rules, as some states require all traffic to stop on undivided roads regardless of lane count.",
2,Traffic Laws & Rules of the Road,When merging onto a freeway you should be traveling:,"a:Much slower than freeway traffic.,b:At or near the speed of the freeway traffic.,c:At the speed recommended by signage only.,d:At the posted speed limit only.",b,"When using a freeway on‑ramp, use the acceleration lane to match the speed of traffic already on the freeway, as long as you do not exceed the speed limit. Entering too slowly forces other drivers to brake or swerve, while entering too fast can be unsafe and illegal.",
7,Vehicle Ownership & Responsibilities,"In a vehicle with airbags, where is the safest place for children age 12 and under to ride?","a:In the back seat.,b:In the bed of a pickup truck.,c:In the front passenger seat.",a,"Children age 12 and under are safest in the back seat, properly secured in the correct child safety seat or seat belt for their size. Front airbags are designed for adults and can seriously injure small children in a crash, so they should not ride in the front passenger seat when a back seat is available.",
8,Special Situations & Road Users,"When approaching railroad tracks, how should you prepare?","a:Speed up to clear the crossing quickly.,b:Drive around lowered gates if you don't see a train.,c:Look and listen for trains, slow down, and be prepared to stop if necessary.",c,"Always approach railroad crossings with caution. Slow down, look both ways, and listen for trains, even if signals are not flashing. Be prepared to stop if a train is approaching or if warning devices are activated, and never try to beat a train through the crossing.",
7,Vehicle Ownership & Responsibilities,"When approaching the scene of an accident, what is the correct behavior?","a:Drive to the scene to offer eyewitness accounts.,b:Stop and gather around to watch.,c:Keep your attention on driving and keep moving unless you are involved or help is needed.",c,"When you come upon a crash scene, keep your attention on the road and continue driving unless you are directly involved or emergency help is clearly needed and you can safely assist. Unnecessary stopping or slowing to look creates additional hazards and can cause more collisions.",
8,Special Situations & Road Users,Which of the following is true about passing a motorcycle?,"a:You do not need to be fully in the adjacent lane to pass.,b:You may pass a motorcycle without changing lanes.,c:The driver of a passenger vehicle must change lanes completely when passing a motorcycle.,d:Motorcycles must share lane markings so you can pass closely.",c,Motorcycles occupy a full lane; drivers must move completely into the left lane when passing a motorcycle from the left.,
3,"Signs, Signals & Road Markings",A diamond-shaped roadway sign indicates what type of message?,"a:A regulatory command you must follow.,b:Warning about a road hazard or special condition ahead.,c:A school crossing only.,d:An interstate route marker.",b,"Diamond-shaped signs are used for warnings. They alert you to upcoming hazards or special conditions such as curves, merging traffic, or pedestrian crossings so you can adjust speed and be prepared.",
4,Safe & Defensive Driving Practices,"If your wheels drop off the roadway or pavement edge, what should you do?","a:Turn back onto the roadway immediately and sharply.,b:Slow down, keep control, and return to the road gradually when it is safe.,c:Stop and call for help.",b,"If your wheels drop off the pavement edge, stay calm, ease off the gas, and keep steering straight. After you have slowed and checked for traffic, gently steer back onto the roadway when there is a safe gap. Do not jerk the wheel or turn sharply, as this can cause you to lose control or swerve into another lane.",
4,Safe & Defensive Driving Practices,What common mistake do drivers make when backing up?,"a:Signaling too early,b:Relying solely on rearview mirrors,c:Failing to turn their head and look both ways out the rear window,d:Backing up slowly",c,"When backing up, you must turn your head and look through the rear window in the direction of travel. Relying only on mirrors can hide children, pedestrians, or objects in blind spots, increasing the risk of a collision.",
8,Special Situations & Road Users,"True or false: If traffic is moving across a railroad track in a stream, it is safe to stop on the track briefly.","a:True.,b:Only if no train is visible.,c:False.,d:Only in an emergency.",c,"Never stop on railroad tracks, even briefly. Only enter a crossing if there is enough space on the far side for your entire vehicle to clear the tracks. Trains cannot stop quickly, and being stopped on the tracks is extremely dangerous and illegal.",difficult
5,Driving in Special Conditions,"Why are roads especially slippery just after rain begins, and what should you do?","a:Increase your speed to avoid puddles.,b:Test tire traction while going uphill.,c:Decrease how far ahead you look.,d:Roads are slippery and you should slow down and avoid fast turns or stops.",d,"When rain first begins, oil and residue on the road mix with water and make the surface very slippery. You should slow down, increase following distance, and avoid fast turns or sudden stops so your tires can maintain traction.",
2,Traffic Laws & Rules of the Road,What is the maximum speed limit in a rural area unless a higher limit is allowed by federal law?,"a:60 mph,b:55 mph,c:40 mph,d:50 mph",b,"On most U.S. DMV exams, the general maximum speed limit in rural areas (where not otherwise posted) is 55 mph, unless a higher limit is specifically posted or allowed by law. Always follow the posted speed limit; if no sign is present, use the general statutory limit for that type of road and area.",difficult
2,Traffic Laws & Rules of the Road,Are motorists required to yield to pedestrians who cross against a traffic signal?,"a:False — drivers must still do everything possible to avoid hitting a pedestrian, even one crossing against the signal.,b:True — pedestrians walking against a signal have no claim to right-of-way.,c:Only on highways.,d:Only at marked crosswalks.",a,"Drivers must do everything reasonably possible to avoid hitting pedestrians, even when the pedestrian is crossing against the signal and does not have the legal right-of-way. You should slow or stop if needed to prevent a collision, while still recognizing that a pedestrian walking against a signal is not lawfully entitled to the right-of-way.",difficult
6,"Alcohol, Drugs & Impaired Driving",Combining drugs with alcohol:,"a:Increases the risk of causing a crash.,b:Lessens alcohol's effects.,c:Is no more dangerous than alcohol alone.,d:Only impacts long trips.",a,"Mixing alcohol with any drugs—prescription, over-the-counter, or illegal—greatly increases impairment. The combined effects can be stronger and less predictable than either substance alone, which significantly raises the risk of causing a crash.",
2,Traffic Laws & Rules of the Road,"When passing on a two-lane road, what should you do?","a:Pass without checking mirrors if the road looks clear.,b:Sound your horn continuously while passing.,c:Judge the distance and speed of oncoming vehicles carefully.,d:Flash your headlights as a signal to pass.",c,"Before passing on a two-lane road, you must carefully judge the speed and distance of oncoming traffic and be sure you have enough clear space to complete the pass safely. Only move into the opposing lane when you are certain you can pass and return to your lane without interfering with oncoming vehicles.",
8,Special Situations & Road Users,You must stop at a railroad crossing when:,"a:Flashing red signals and gates are operating.,b:Directed to do so by a flagger or stop sign.,c:All of the above.,d:The crossing is controlled by a stop sign.",c,"You must stop at a railroad crossing whenever flashing red lights are operating, gates are down or coming down, a stop sign is posted, or a flagger or other traffic control device directs you to stop. Always obey these warnings and do not proceed until you are sure no train is approaching and it is clearly safe to cross.",
2,Traffic Laws & Rules of the Road,You must not drive at a speed greater than which of the following?,"a:The posted maximum speed only.,b:A speed that is safe for the conditions only.,c:A speed that is faster than is reasonable and prudent for existing conditions.",c,"You must never drive faster than is reasonable and prudent for current conditions, even if that speed is below the posted limit. The basic speed law requires you to adjust your speed for rain, fog, traffic, curves, and visibility so you can stop safely within the distance you can see ahead.",
4,Safe & Defensive Driving Practices,"If your tire blows out while driving, what is the correct initial reaction?","a:Slam on the brakes immediately,b:Speed up to reach a safe area,c:Hold the steering wheel firmly and gradually slow to a stop,d:Jump out of the car",c,"If a tire blows out, grip the steering wheel firmly, keep the vehicle going straight, and gently ease off the accelerator. Once you have the car under control and your speed has dropped, move to the side of the road and stop in a safe place. Slamming on the brakes can cause loss of control.",
2,Traffic Laws & Rules of the Road,"When passing another vehicle, when should you return to your original lane?","a:As soon as you clear the front bumper of the vehicle.,b:When you are 50 feet ahead of the vehicle.,c:When you can see the passed vehicle's headlights in your rearview mirror.",c,"After passing, do not move back into your original lane until you can see both headlights of the vehicle you passed in your rearview mirror. This ensures you have enough space and do not cut off the other driver.",
4,Safe & Defensive Driving Practices,How should you behave when another vehicle is passing you?,"a:Brake hard to prevent them from passing.,b:Honk continuously to warn them off.,c:Speed up to keep your position.,d:Maintain a steady speed and allow them to pass.",d,"When another vehicle is passing you, stay in your lane, maintain a steady speed, and, if necessary, slightly reduce speed to help them pass safely. Never speed up or brake suddenly while you are being passed.",
8,Special Situations & Road Users,Is it ever acceptable to drive around or under a moving railroad crossing gate?,"a:If you first look carefully in both directions.,b:Never; do not drive around or under a lowering or lowered gate.,c:If an approaching train is not too close.",b,"You must never drive around, under, or through a railroad crossing gate that is lowering, lowered, or rising. Flashing lights and gates mean a train is approaching or nearby, and trains cannot stop quickly. Always wait until the lights stop flashing and the gates are fully raised before crossing.",
6,"Alcohol, Drugs & Impaired Driving",Alcohol is classified as which type of substance?,"a:A stimulant.,b:A hallucinogen.,c:A depressant.,d:An antihistamine.",c,"Alcohol is classified as a depressant. It slows activity in the central nervous system, which reduces reaction time, coordination, and judgment. Even small amounts can affect your ability to drive safely.",
8,Special Situations & Road Users,"When you see a railroad crossing warning sign, what should you be prepared to do?","a:Drive faster than the train to beat it across,b:Be prepared to stop if a train is nearby,c:Ignore it if you do not see tracks,d:Drive around any lowered gates",b,"A railroad crossing warning sign means you are approaching tracks and must be ready to slow or stop. Look and listen for trains, and never try to beat a train or drive around lowered gates.",
3,"Signs, Signals & Road Markings",What do crossbuck signs indicate?,"a:School zones.,b:No passing zones.,c:Railroad crossings.",c,"A crossbuck is the white X-shaped sign that marks a railroad crossing. It tells you to yield to trains, look and listen carefully, and obey any flashing lights or gates.",
4,Safe & Defensive Driving Practices,Is it wise to continually improve your driving and observation skills?,"a:False,b:True",b,"Driving always involves changing conditions and risks, so it is wise to keep improving your observation, judgment, and vehicle-handling skills. Better skills help you spot hazards early and avoid collisions.",
7,Vehicle Ownership & Responsibilities,Is parking in a handicap access aisle beside a handicap stall permitted?,"a:True,b:False",b,Parking in the striped handicap access aisle is not allowed. These areas provide extra space for wheelchair users and lifts to safely enter and exit vehicles parked in designated disabled spaces.,
4,Safe & Defensive Driving Practices,"If you are about to be struck from the rear, which action should you avoid?","a:Hold the steering wheel firmly,b:Be ready to apply the brakes if necessary,c:Brace against the seat back and put your head against the head restraint,d:Release your seat belt",d,"If you are about to be hit from the rear, keep your seat belt fastened, hold the steering wheel firmly, and press your head and back against the seat and head restraint. This helps control the vehicle and reduces the risk of whiplash or being thrown forward.",
6,"Alcohol, Drugs & Impaired Driving",Which ability is affected first by alcohol?,"a:Judgment.,b:Vision.,c:Balance.,d:Hearing.",a,"Alcohol first affects judgment and decision‑making, even when you may feel normal. This reduced judgment makes you more likely to take risks, misjudge distances, and react poorly, long before you notice major changes in vision, balance, or hearing.",
6,"Alcohol, Drugs & Impaired Driving",What does the acronym BAC stand for?,"a:Blood alcohol consent,b:Blood alcohol concentration (BAC),c:Body alcohol content,d:Base alcohol content",b,BAC stands for blood alcohol concentration. It is a measurement of how much alcohol is in a person’s bloodstream and is used to determine legal impairment for driving.,
2,Traffic Laws & Rules of the Road,When must you stop at an intersection because of a signal?,"a:When you see a flashing red light.,b:When you see a steady yellow light.,c:When you see a yellow arrow.",a,"A flashing red light means you must come to a complete stop, just as you would at a stop sign, and then proceed only when it is safe. A steady yellow warns that the light is about to turn red, and a yellow arrow warns that the protected turn is ending; you are not always required to stop immediately for those.",
5,Driving in Special Conditions,"When exiting the freeway on a ramp that curves downhill, what should you do?","a:Maintain freeway speed until halfway down the ramp.,b:Reduce speed to a safe level before entering the curve.,c:Brake sharply while in the curve.,d:Shift to neutral before the curve.",b,"On a downhill, curving exit ramp, you should slow to a safe speed before you enter the curve. Braking hard while in the curve can cause skidding or loss of control, especially on a downgrade.",
8,Special Situations & Road Users,Why should you leave extra space in front of a large truck?,"a:So other drivers can merge onto the freeway.,b:So other drivers have room to slow down in front of the truck.,c:Because trucks take longer to stop and need extra room to stop safely.",c,"Large trucks are heavier and need a much longer distance to stop than passenger cars. Leaving extra space in front of a truck gives the truck driver the room needed to brake safely if traffic slows or stops suddenly, reducing the risk of a rear‑end collision.",
4,Safe & Defensive Driving Practices,What is true about tailgating (following too closely)?,"a:It cannot lead to a traffic citation.,b:It reduces collisions by preventing being cut off.,c:Is encouraged on busy roads.,d:It can anger other drivers and may result in legal consequences.",d,Tailgating increases the chance of collisions and contributes to aggressive driving; it can also lead to citations.,
7,Vehicle Ownership & Responsibilities,"If you hit a parked vehicle and cannot find the owner, what must you do?","a:Leave a note with your name and address securely attached to the parked vehicle.,b:Wait indefinitely for the owner to return.,c:Call your insurance only after you get home.",a,"If you hit a parked vehicle and cannot find the owner, you must stop, leave a note with your name, address, and contact information securely on the vehicle, and follow any required reporting laws. This ensures the owner can contact you and that the collision is properly documented.",
2,Traffic Laws & Rules of the Road,"While you are crossing an intersection and an emergency vehicle with siren and lights approaches, you should:","a:Pull to the left and stop.,b:Continue through the intersection,c:Stop immediately in the intersection.,d:Speed up and clear the intersection quickly.",b,"When an emergency vehicle approaches with lights and siren, you must yield by pulling to the right and stopping. If you are already in an intersection, continue through it first, then pull to the right and stop as soon as it is safe. Stopping in the intersection can block traffic and the emergency vehicle.",
7,Vehicle Ownership & Responsibilities,"If your vehicle has airbags, what should you also do for maximum protection?","a:Rely on the airbags alone.,b:Always wear your seat belt in combination with airbags.,c:Wear the lap belt behind your back.",b,"Airbags are designed to work together with seat belts, not replace them. For maximum protection, always wear your lap and shoulder belt properly even in a vehicle equipped with airbags, as seat belts help keep you in position so the airbag can protect you effectively.",
5,Driving in Special Conditions,Why is driving at night generally more difficult than driving during the day?,"a:Cars overheat more quickly at night.,b:It is more likely to rain at night.,c:Visibility is reduced in the dark.",c,"Driving at night is harder because you cannot see as far or as clearly as in daylight. Headlights limit your field of vision, and hazards, pedestrians, and road signs are harder to detect. Always use proper headlights and drive slowly enough that you can stop within the distance you can see ahead.",
3,"Signs, Signals & Road Markings",Which road marking or device is commonly used on some highways to indicate which lanes are for turning?,"a:White lines on the side of the road.,b:Arrows painted on the roadway and lane-use markings.,c:Flashing red lights on the shoulder.",b,"On many roads, arrows and lane-use markings are painted directly on the pavement to show which lanes are for turning or going straight. These markings help drivers get into the correct lane before an intersection and reduce last‑second lane changes.",
5,Driving in Special Conditions,True or False: Ramps and bridges tend to freeze before the main road surface.,"a:True,b:False,c:Only during heavy snow,d:Only in shaded areas",a,"Bridges and ramps freeze first because they are exposed to cold air above and below, unlike regular road surfaces that are insulated by the ground. Even when the main roadway looks just wet, bridges and ramps can be icy, so you should slow down and use extra caution when temperatures are near freezing.",
8,Special Situations & Road Users,"At a school crossing sign, how should you behave?","a:Always stop regardless of circumstances.,b:Sound your horn to warn children.,c:Drive faster to clear the area quickly.,d:Watch closely for children and be ready to stop.",d,"At a school crossing, you must slow down, watch carefully for children, and be prepared to stop at any time. Children may behave unpredictably, so you should be extra alert, obey any crossing guard, and always yield to pedestrians in the crosswalk.",
7,Vehicle Ownership & Responsibilities,"If your vehicle has a two-part seat belt system, you should:","a:Use only the lap belt.,b:Use both the lap and shoulder belts.,c:Use only the shoulder belt.,d:Use neither if the airbags are present.",b,"In a two‑part seat belt system, the lap belt and shoulder belt are designed to work together. The lap belt keeps your lower body in place, and the shoulder belt helps protect your head and chest in a crash. Using both greatly reduces the risk of serious injury compared with using only one part or none.",
4,Safe & Defensive Driving Practices,"If you observe other drivers acting angrily, what should you do?","a:Distance yourself from the situation and get away safely,b:Don’t make eye contact and avoid gestures,c:React with hand gestures to show displeasure,d:Challenge them to change behavior",a,"When you encounter an angry or aggressive driver, your priority is to stay safe and avoid escalating the situation. Create space between your vehicle and the aggressive driver and, when it is safe, leave the area or change routes. Avoid eye contact and do not respond with gestures or challenges, as this can provoke road rage and increase the risk of a crash.",
8,Special Situations & Road Users,"If there is no marked crosswalk and you see a pedestrian crossing your lane, you should:","a:Make sure the pedestrian sees you before proceeding rapidly.,b:Cautiously drive around the pedestrian.,c:Stop and let the pedestrian finish crossing.,d:Honk to warn the pedestrian.",c,Drivers must yield to pedestrians in the roadway even if there is no marked crosswalk; stop and let them cross safely.,
4,Safe & Defensive Driving Practices,When is it appropriate to honk your horn?,"a:To express frustration at another driver.,b:To warn others of an immediate danger,c:Every time you pass another vehicle.,d:When traveling through an intersection.",b,"Your horn is a safety device used to warn others of immediate danger, such as when another driver is about to move into your lane or a pedestrian steps into your path without seeing you. It should not be used to express anger, to greet people, or routinely at intersections.",
2,Traffic Laws & Rules of the Road,"While waiting in the intersection to complete a left turn, how should you position your wheels?","a:Flash your headlights to get other drivers to yield,b:Signal and keep your wheels straight,c:Turn wheels sharply to the right,d:Signal and keep your wheels turned to the left",b,"When waiting in an intersection to turn left, keep your front wheels pointed straight ahead until you actually begin the turn. If your wheels are turned left and you are hit from behind, your vehicle can be pushed into oncoming traffic. Keeping the wheels straight reduces this risk and allows you to stay in your lane if struck.",
3,"Signs, Signals & Road Markings",A pentagon-shaped traffic sign is used to indicate:,"a:A regulatory command.,b:A general warning of hazards.,c:A stop requirement.,d:A school zone or school crossing.",d,"Pentagon-shaped signs are used for school zones and school crossings. When you see this five-sided sign, be prepared to slow down, watch for children, and obey any reduced speed limits or crossing guard instructions in the area.",
3,"Signs, Signals & Road Markings",What information do blue road signs provide?,"a:Mileage and distance to locations.,b:Motorist services such as food,c:Construction and maintenance warnings.",b,"Blue road signs are service signs. They point to facilities and services for drivers, such as gas stations, restaurants, lodging, rest areas, hospitals, and telephones so you can find help and amenities while traveling.",
3,"Signs, Signals & Road Markings",What color are guide (destination) signs that show directions and mileage?,"a:Green,b:Red,c:Blue,d:Yellow",a,"Guide or destination signs that show directions and mileage are green. These signs help you navigate by giving route information, directions to cities or exits, and distances to upcoming destinations.",
4,Safe & Defensive Driving Practices,Driving significantly slower than surrounding traffic is:,"a:Only acceptable in bad weather.,b:Always safer than driving at the flow of traffic.,c:Recommended when you are unsure of the limit.,d:Often a hazard because others may try risky passes.",d,"Driving much slower than surrounding traffic can be dangerous because it disrupts the normal flow and may cause other drivers to brake suddenly or make risky passing maneuvers. When conditions allow, you should travel near the flow of traffic while staying at or below the posted speed limit.",
3,"Signs, Signals & Road Markings","Approaching an intersection with a flashing yellow light, you should:","a:Increase speed to clear the intersection.,b:Stop before entering the intersection.,c:Wait for a green light.,d:Slow down and proceed with caution.",d,"A flashing yellow light means you must slow down and proceed with caution. Look carefully for cross traffic, pedestrians, and other hazards, and continue through the intersection only when it is safe to do so. You are not required to stop unless needed for safety.",
5,Driving in Special Conditions,"When should you use your headlights on rainy, snowy, or foggy days?","a:When weather reduces visibility so others can see you.,b:Only during heavy rainstorms.,c:To warn others of bad weather without using wipers.,d:It is not required to use headlights in rain.",a,"In rain, snow, or fog, you should turn on your low-beam headlights whenever visibility is reduced so that you can see and be seen more easily. In many states, the law requires headlights to be on whenever your windshield wipers are in continuous use.",
2,Traffic Laws & Rules of the Road,"When you face a green traffic light but pedestrians are in the intersection, you must:","a:Proceed because you have the green light.,b:Yield the right-of-way to pedestrians.,c:Signal and continue through the intersection.,d:Speed up to clear the intersection.",b,"When you have a green light, you may go only if the intersection is clear. Pedestrians already in the crosswalk have the right-of-way, even against your green. You must wait until they have safely crossed before proceeding or turning.",
5,Driving in Special Conditions,What is true about driving on wet roadways?,"a:As speed increases, tires become less effective at removing water and may hydroplane.,b:Good tires eliminate all wet-road risks.,c:Deep water is less dangerous than shallow water.,d:Water improves tire traction at high speeds.",a,"On wet roads, as your speed increases, your tires cannot squeeze water out of the way as effectively. This can cause hydroplaning, where your tires ride on top of the water and lose contact with the road. To reduce this risk, slow down in wet conditions and make sure your tires are in good condition.",
4,Safe & Defensive Driving Practices,Which statements about steering are true?,"a:Both of the above are incorrect.,b:Keep your thumbs inside the rim at all times.,c:Hands should be on opposite outside rim positions and use one hand only for backing or controls.,d:Always steer with one hand while driving.",c,"For normal driving, place your hands on opposite sides of the steering wheel (commonly around 9-and-3 or 8-and-4) with your thumbs resting on the outside of the rim, not hooked inside. This gives you better control and reduces injury risk if the airbag deploys. Use one hand on the wheel only briefly when backing straight or when you must reach for a control, and return to a two‑handed grip as soon as possible.",difficult
6,"Alcohol, Drugs & Impaired Driving",How can you avoid alcohol-related crashes?,"a:Decide before you start drinking that you will not drive and use alternatives such as taxis.,b:Just say “No thanks, I’m driving” after you start drinking.,c:Drink only beer so it is safer.,d:Wait five minutes before driving after stopping drinking.",a,"The safest way to avoid an alcohol‑related crash is to decide in advance that if you drink, you will not drive. Plan a sober ride such as a taxi, rideshare, public transit, or a designated driver. Once you have started drinking, your judgment is already affected, so you cannot reliably decide later that you are “okay to drive.”",
2,Traffic Laws & Rules of the Road,How must you yield the right-of-way to an emergency vehicle using siren and flashing lights?,"a:Move into the right lane and drive slowly until it passes.,b:Stop immediately wherever you are.,c:Drive as close to the right edge of the road as possible and stop.,d:Proceed normally unless the emergency vehicle is directly behind you.",c,"When an emergency vehicle approaches using a siren and flashing lights, you must yield the right‑of‑way by pulling as close as safely possible to the right edge of the road and stopping. Do not stop in an intersection; clear the intersection first, then pull over and stop until the emergency vehicle has passed.",difficult
3,"Signs, Signals & Road Markings",What color lines divide lanes of traffic moving in opposite directions?,"a:Yellow,b:White,c:Red,d:Blue",a,"Yellow center lines separate traffic moving in opposite directions. White lines separate lanes moving in the same direction, so yellow is the correct color for opposing traffic.",
4,Safe & Defensive Driving Practices,"When parallel parking, the recommended approach is to:","a:Stop parallel to the vehicle ahead of the space and back into the space.,b:Signal right,c:Drive into the space forward and back up as needed.,d:Park without signaling to avoid confusing others.",b,"When parallel parking, signal, pull up even with the vehicle ahead of the space, and back in, parking within 18 inches of the curb.",difficult
2,Traffic Laws & Rules of the Road,"When changing lanes, what three actions are important?","a:Signal, check your mirrors, and check your blind spot before moving.,b:Only signal and change lanes quickly.,c:Check mirrors after you have moved into the lane.,d:Change lanes without signaling if no one seems nearby.",c,"Before changing lanes, you should always: (1) signal your intention, (2) check your mirrors, and (3) check your blind spot by looking over your shoulder. Only move when the lane is clear and safe.",
5,Driving in Special Conditions,"To reduce the chance of skidding on slippery surfaces, you should:","a:Test your tires by braking sharply while turning.,b:Slow down before entering curves and intersections.,c:Shift to a lower gear after starting down a steep hill only.,d:Speed up before entering curves and brake in the curve.",b,"On slippery roads, reduce speed and slow down before curves and intersections. Braking or turning suddenly on a slick surface can cause your tires to lose traction and the vehicle to skid.",
7,Vehicle Ownership & Responsibilities,What should you do before starting a parked vehicle?,"a:Adjust the side mirror and make sure the heater works.,b:Check the fuel gauge and adjust the radio volume.,c:Adjust the seat and mirrors and fasten your safety belt.,d:Check around the vehicle and then start driving without adjusting anything.",c,"Before starting a parked vehicle, adjust your seat so you can reach the controls comfortably, set your mirrors for a clear view behind and to the sides, and fasten your safety belt. Doing this before moving helps you maintain control and awareness as soon as the vehicle is in motion.",
8,Special Situations & Road Users,"When you see an approaching emergency vehicle using flashing lights, what must you do?","a:Move into the right lane and drive slowly.,b:Pull over to the curb or edge of the road and stop until it passes.,c:Speed up to clear the way.,d:Maintain your speed and lane until it passes.",b,"When an emergency vehicle approaches using flashing lights and/or a siren, you are required to pull as far to the right as is safely possible and stop. Stay stopped until the emergency vehicle has passed. This gives them a clear path and reduces the chance of a collision.",
7,Vehicle Ownership & Responsibilities,Which statement about tires is correct?,"a:Under-inflated tires provide a smoother ride,b:Tires must have good tread and be free of damage,c:Over-inflated tires do not skid on wet roads,d:Tires do not need regular inspection",b,"Tires must have adequate tread depth and be free of cuts, bulges, or other damage to maintain traction and reduce the risk of blowouts. They should be inspected regularly for wear and proper inflation to ensure safe handling and stopping distances.",
6,"Alcohol, Drugs & Impaired Driving","If you've had several beers, which action will actually reduce the effects of alcohol?","a:Drink several cups of coffee.,b:Wait several hours.,c:Take a cold shower.",b,"Only time reduces the effects of alcohol. Your body needs time to metabolize alcohol, and nothing you do—such as drinking coffee, taking a cold shower, or exercising—will speed this up. As a rough guide, it takes about one hour for the body to process one standard drink, but this can vary by person.",
2,Traffic Laws & Rules of the Road,What does a posted speed limit sign represent?,"a:The maximum legal driving speed under ideal conditions.,b:Only a recommended safe speed.,c:The exact speed you must drive to avoid a ticket in all conditions.,d:A minimum speed requirement.",a,"A posted speed limit is the maximum legal speed allowed on that road in ideal conditions. You must drive slower when conditions are less than ideal, such as in rain, fog, heavy traffic, or poor visibility, so that you can stop safely and maintain control.",difficult
2,Traffic Laws & Rules of the Road,What should you never do when preparing to change lanes?,"a:Check for other drivers moving into the same lane.,b:Move into another lane while inside an intersection.,c:Check your blind spot by looking over your shoulder.",b,"You should not change lanes while you are in the middle of an intersection because traffic movements are more complex and other drivers may not expect a lane change there. Instead, change lanes before or after the intersection, and always signal, check your mirrors, and look over your shoulder to check your blind spot.",
2,Traffic Laws & Rules of the Road,Why should you signal continuously while turning?,"a:It forces others to yield to you,b:It lets other road users know your intentions,c:It is illegal to turn off your signal early,d:It is unsafe to signal before a turn",b,"You should signal continuously while turning so that other drivers, cyclists, and pedestrians clearly understand what you are about to do. Keeping your signal on through the entire turn gives others time to react and adjust their speed or position, which reduces the chance of a collision. The law requires you to signal for a certain distance before turning and to keep signaling until the turn or lane change is completed, not because it is illegal to cancel the signal early in all circumstances, but because clear communication is essential for safety.",difficult
3,"Signs, Signals & Road Markings","Which traffic control device corresponds to coming to a full stop, yielding to others, then proceeding when clear?","a:A flashing yellow light.,b:A solid green light.,c:A flashing red light.,d:A steady red arrow.",c,"A flashing red light means you must stop completely, just as you would at a stop sign. After stopping, you must yield to any pedestrians or vehicles that have the right-of-way, and then proceed only when the intersection is clear and it is safe. This is different from a flashing yellow light, where you slow down and proceed with caution without stopping if the way is clear.",
2,Traffic Laws & Rules of the Road,"On a narrow road when meeting an oncoming vehicle, you must:","a:Demand the other vehicle yield to you.,b:Drive onto the shoulder at all costs.,c:Pull completely off the road and stop.,d:Allow the oncoming vehicle at least one-half of the main-traveled portion of the road.",d,"On a narrow two-way road, each driver must share the available pavement so that both vehicles can pass safely. You are required to allow the oncoming vehicle at least one-half of the main-traveled portion of the road. You should slow down and move as far to the right as is safe, but you are not required to drive off the road or onto the shoulder unless it is necessary and safe to avoid a collision.",
2,Traffic Laws & Rules of the Road,When should you begin reducing speed as you prepare to exit an interstate?,"a:Only after reaching the exit ramp.,b:Immediately upon entering the deceleration lane.,c:About halfway through the deceleration lane.,d:As you approach the deceleration lane.",b,"On an interstate, you should maintain freeway speed until you reach the deceleration lane for your exit. Once you are in the deceleration lane, you can begin slowing down to the posted advisory speed for the exit ramp. Slowing down before you enter the deceleration lane can surprise drivers behind you and disrupt the flow of traffic on the main freeway lanes.",
8,Special Situations & Road Users,True or False: Large trucks can have blind spots extending up to 200 feet behind them.,"a:Only when heavily loaded,b:FALSE,c:TRUE,d:Only on highways",c,"Large trucks and other big commercial vehicles have very large blind spots, especially directly behind them. These blind spots can extend up to about 200 feet to the rear, where the truck driver may not be able to see you in their mirrors. If you follow too closely behind a truck, the driver may not know you are there, and you will have less time to react if the truck slows or stops suddenly. Always leave extra following distance and avoid lingering in a truck’s blind spots.",difficult
2,Traffic Laws & Rules of the Road,"When making a left turn at an intersection, what must you do?","a:Always yield to oncoming traffic and pedestrians,b:Expect oncoming traffic to yield to you,c:Turn without yielding if you have a signal,d:Begin your turn as soon as the light turns green",a,"When turning left, you must always yield to oncoming traffic and to pedestrians in the crosswalk. Oncoming vehicles going straight or turning right have the right-of-way unless they are facing a red light or stop sign. Only begin your left turn when there is a safe gap and the crosswalk is clear.",
5,Driving in Special Conditions,Sudden gusts of wind on highways can:,"a:Cause problems for all vehicles.,b:Only affect large vehicles.,c:Only reduce visibility.,d:Only affect motorcycles.",a,"Strong or sudden gusts of wind can push or destabilize any vehicle, especially at highway speeds. Large vehicles, motorcycles, and vehicles with trailers are more affected, but all drivers should be prepared to steer smoothly and reduce speed if necessary. Wind can also blow dust or debris, reducing visibility.",
3,"Signs, Signals & Road Markings",Warning signs that indicate upcoming hazards typically use which color scheme?,"a:Black symbols on yellow.,b:Red letters on yellow.,c:White letters on blue.,d:Black symbols on white.",a,"General warning signs in the United States are typically yellow with black symbols or lettering. They alert drivers to upcoming hazards such as curves, intersections, or pedestrian crossings. Construction and maintenance warning signs use orange with black symbols.",
2,Traffic Laws & Rules of the Road,Where is a U-turn prohibited?,"a:On or near any curve or hill.,b:In a parking lot.,c:On a straight road with 500 feet clear view both ways.,d:At intersections with stop signs.",a,You must not make a U-turn on or near a curve or hill where you cannot see oncoming traffic from both directions. Limited visibility makes it unsafe because approaching drivers may not have time to react. Only make U-turns where they are not prohibited by signs and where you have a clear view and enough space to turn safely.,
8,Special Situations & Road Users,When is it legal to drive around or under a lowered railroad crossing gate?,"a:If you can see clearly both directions.,b:If the warning lights are not flashing.,c:Never.",c,"It is never legal to drive around or under a lowered railroad crossing gate. A train may be approaching faster or more quietly than you expect, or a second train may be coming. Always wait until the gates are fully raised and the warning lights and bells have stopped before crossing.",
2,Traffic Laws & Rules of the Road,Which of these should you never do when changing lanes?,"a:Check for other vehicles moving into the same lane.,b:Change lanes abruptly or without signaling.,c:Look over your shoulder to check the blind spot.",b,"When changing lanes, you must always signal, check your mirrors, and look over your shoulder to check your blind spot. You should never change lanes abruptly or without signaling because other drivers will not be prepared for your movement and a collision can easily occur.",
2,Traffic Laws & Rules of the Road,"While merging onto an interstate, what is the correct action?","a:Select a safe gap and merge into the flow of traffic at a matching speed.,b:Always stop on the ramp before entering.,c:Merge across two lanes at once to reach your destination faster.,d:Enter slowly and expect traffic to yield.",a,"When merging onto an interstate, use the acceleration lane to reach a speed close to that of traffic on the highway, then select a safe gap and merge. You must yield to vehicles already on the freeway and avoid stopping on the ramp unless traffic or signals require it.",
8,Special Situations & Road Users,An orange and red triangular sign on the rear of a vehicle indicates:,"a:A slow-moving vehicle.,b:Shoulder work ahead.,c:The vehicle has the right-of-way.,d:The vehicle is oversized.",a,"An orange and red triangular emblem on the rear of a vehicle is a slow-moving vehicle sign. It warns that the vehicle usually travels 25 mph or less, such as farm equipment or certain maintenance vehicles, so you should be prepared to slow down and pass only when safe and legal.",
4,Safe & Defensive Driving Practices,Why is it beneficial to look far ahead while driving on the highway?,"a:It lets you text safely,b:It reduces the need for last-minute braking or turning,c:It helps you keep up with traffic,d:It allows you to spot upcoming police officers",b,"Looking far ahead on the highway helps you spot hazards, slow traffic, and road changes early. This gives you time to adjust your speed or lane smoothly, reducing the need for sudden braking or sharp turns and making your driving safer and more comfortable.",
2,Traffic Laws & Rules of the Road,The car ahead stops at a crosswalk. What should you do?,"a:Pass the vehicle slowly at 10 mph or less.,b:Stop and proceed only after all pedestrians have cleared.,c:Change lanes and cautiously pass the stopped vehicle.,d:Sound your horn and pass on the left.",b,"If the car ahead stops at a crosswalk, you must also stop and never pass it. There may be pedestrians in the crosswalk that you cannot see. Wait until all pedestrians have completely crossed and it is clearly safe before you proceed.",difficult
2,Traffic Laws & Rules of the Road,How far in advance must you signal before turning according to South Carolina law?,"a:50 feet.,b:150 feet.,c:100 feet.",c,South Carolina law requires you to signal at least 100 feet before turning. This gives other drivers and pedestrians enough time to see your intention and react safely.,
4,Safe & Defensive Driving Practices,"When passing a vehicle that has just parked at the curb, what assumption should you make?","a:Expect the parked vehicle to re-enter traffic immediately.,b:Speed up to pass quickly.,c:Assume the driver may open a door into traffic and exercise caution.",c,"When passing a parked vehicle, you should assume someone might open a door or pull out suddenly. Slow slightly if needed, leave extra space, and be ready to brake or steer away.",
4,Safe & Defensive Driving Practices,"If heavy smoke covers the roadway ahead, you should:","a:Reduce speed, move as far right as possible, and stop off the roadway.,b:Turn on high beam headlights and continue slowly.,c:Stop in the travel lane until smoke clears.,d:Increase speed to clear the area quickly.",a,"If smoke or fog severely limits visibility, slow down, move as far right as you safely can, and stop completely off the roadway. Keep your lights on low beam and hazard lights on so others can see you.",
2,Traffic Laws & Rules of the Road,"If you are turning left onto a one-way street, into which lane should you complete the turn?","a:The lane closest to your previous lane.,b:The rightmost lane.,c:Either lane at your discretion.",a,"When turning left onto a one‑way street, you must enter the lane closest to the center line or to the lane you turned from. Do not swing wide into another lane during the turn.",
3,"Signs, Signals & Road Markings",A red traffic signal requires you to do which of the following?,"a:Stop before entering the intersection,b:Stop at the stop line,c:All of the above,d:Stop before entering any crosswalk",c,"At a steady red light, you must come to a complete stop at the stop line if there is one, before any crosswalk, and before entering the intersection. The law requires you to stop at whichever of these you reach first and remain stopped until the light changes or you are otherwise allowed to proceed.",
5,Driving in Special Conditions,When is highway pavement especially slippery?,"a:After it has been raining several hours.,b:Only during heavy rainstorms.,c:One to two hours into a rain.,d:Just after it begins to rain.",d,"Pavement is most slippery just after rain begins because oil, grease, and dust that have built up on the road mix with the first water and form a slick film. After it has rained for a while, much of this residue is washed away and the surface usually becomes less slippery, though you should still drive with caution.",
2,Traffic Laws & Rules of the Road,"When completing a pass, how will you know you have enough space to return to your lane?","a:The other driver signals you to return.,b:You can see both headlights of the passed vehicle in your rearview mirror.,c:You have waited at least five seconds.,d:You can hear the passed vehicle honk.",b,"When passing, you need enough space before moving back into your lane so you don’t cut off the other driver. A good rule is to wait until you can see the entire front of the passed vehicle, including both headlights, in your rearview mirror. This indicates you have created a safe following distance before returning to your lane.",
8,Special Situations & Road Users,Is it illegal to drive alongside a motorcycle in the same lane?,"a:True,b:False",a,"Motorcycles are entitled to a full lane, just like any other motor vehicle. Drivers of cars and trucks must not share a lane side‑by‑side with a motorcycle because it leaves the rider with too little space to maneuver or avoid hazards. Always allow a motorcycle the full width of the lane.",
5,Driving in Special Conditions,"If oncoming headlights are blinding you at night, what should you do?","a:Look toward the right edge of the road until the vehicle passes.,b:Switch to high beams to see better.,c:Stare directly into the headlights.,d:Flash your lights repeatedly.",a,"At night, bright oncoming headlights can temporarily blind you. To reduce glare, briefly look toward the right edge of your lane and use the road edge or lane line as a guide until the vehicle passes. Do not stare directly into the headlights, and do not use your high beams at oncoming traffic.",
2,Traffic Laws & Rules of the Road,"If a traffic light turns from green to yellow as you near an intersection, what should you do?","a:Turn off your headlights.,b:Accelerate to beat the light.,c:Be prepared to stop safely; do not speed up to beat the red.,d:Stop abruptly in the center of the intersection.",c,"A steady yellow light warns that the signal is about to turn red. You should slow down and be prepared to stop before the intersection if you can do so safely, rather than speeding up to try to beat the red light. Entering on red or stopping abruptly in the intersection is unsafe and often illegal.",difficult
8,Special Situations & Road Users,"When you see an emergency vehicle with flashing lights and/or siren, what must you do?","a:Slow down and stay in your lane.,b:Keep driving in your lane.,c:Pull to the right curb or side of the road and stop.",c,"When an emergency vehicle approaches with flashing lights and/or a siren, you must pull as close as safely possible to the right-hand edge or curb of the road and stop until the vehicle has passed. This creates a clear path so the emergency vehicle can move quickly and safely.",
2,Traffic Laws & Rules of the Road,True or False: You only need to signal 50 to 75 feet before turning at an intersection in South Carolina.,"a:Only at night,b:False,c:True,d:Only when other vehicles are present",b,"In South Carolina, you must signal continuously for at least 100 feet before turning or changing lanes. Signaling only 50 to 75 feet before a turn does not give other road users enough warning and does not meet the legal requirement, so the statement is false.",difficult
4,Safe & Defensive Driving Practices,What is true about excessive speed?,"a:It increases your ability to react to hazards.,b:It reduces the chance of a crash.,c:It often leads to high-risk decision-making and increases crash risk.,d:It is always acceptable if you are an experienced driver.",c,"Driving at excessive speed greatly increases crash risk. Higher speeds reduce the time you have to see and react to hazards, increase stopping distance, and make any collision more severe. Speeding often leads to poor decisions, such as unsafe passing or running yellow lights.",
4,Safe & Defensive Driving Practices,What is the best way to handle being tailgated?,"a:Change lanes or gradually slow down to encourage the tailgater to pass,b:Slam on your brakes to make them back off,c:Speed up to get away from the tailgater,d:Yell and gesture to the other driver",a,"If you are being tailgated, the safest response is to create space. When it is safe, change lanes to let the tailgater pass, or gradually slow down so they can go around you. Avoid sudden braking or aggressive behavior, which can cause a rear-end crash or escalate conflict.",
4,Safe & Defensive Driving Practices,If another driver cuts you off in traffic you should:,"a:Flash your headlights and speed up to retaliate.,b:Attempt to block their vehicle.,c:Pull alongside and yell at them.,d:Let it go and continue driving safely.",d,"If another driver cuts you off, stay calm and avoid reacting aggressively. Do not speed up, block them, or confront them. Instead, slow slightly if needed to re-establish a safe following distance and continue driving defensively. This helps prevent road rage and reduces crash risk.",
7,Vehicle Ownership & Responsibilities,A leaky exhaust system is dangerous because it can cause:,"a:Loss of hearing.,b:Brake failure.,c:Carbon monoxide poisoning.,d:Increased fuel economy.",c,"A leaky exhaust system is dangerous because it can let carbon monoxide leak into the passenger area. Carbon monoxide is a colorless, odorless gas that can quickly cause headache, dizziness, unconsciousness, and death. Any suspected exhaust leak should be repaired immediately and the vehicle should not be driven in enclosed spaces.",
1,Licensing & Permit Requirements,Which drivers are covered by the South Carolina Point System?,"a:Only permit holders.,b:Only intermediate drivers.,c:All licensed drivers.,d:Only drivers with prior convictions.",c,"All licensed drivers in South Carolina are subject to the point system. When you are convicted of certain traffic violations, points are added to your driving record. Accumulating too many points within a set time period can lead to suspension of your driving privileges.",
4,Safe & Defensive Driving Practices,Which foot should you use for both braking and accelerating?,"a:Left foot for braking and right for accelerating,b:Right foot for both braking and accelerating,c:Either foot for braking,d:Alternate feet to improve reaction time",b,"You should use your right foot for both the accelerator and the brake. This helps prevent accidentally pressing both pedals at once and gives you more consistent, controlled movements between speeding up and slowing down.",
4,Safe & Defensive Driving Practices,"At night, which of these is most difficult to see?","a:Traffic lights.,b:Other motorists.,c:Road signs.,d:Pedestrians.",d,"At night, pedestrians are usually the hardest to see because they are smaller, often not well lit, and may wear dark clothing. Drivers should use headlights properly, reduce speed in poorly lit areas, and scan carefully for people walking along or crossing the road.",
2,Traffic Laws & Rules of the Road,"On a two-way, two-lane street, what must be true before you can pass safely?","a:You can see the road ahead clearly and can return to your lane before meeting oncoming traffic.,b:Your vehicle is capable of the speed to pass, regardless of visibility.,c:You have signaled for at least 50 feet.,d:Other drivers wave you on to pass.",a,"On a two-way, two-lane road, you may only pass when you can clearly see enough clear roadway ahead, there are no signs or markings prohibiting passing, and you can complete the pass and return to your lane before meeting oncoming traffic. Never rely on other drivers waving you on; base your decision on your own clear view and legal passing conditions.",difficult
2,Traffic Laws & Rules of the Road,What do speed limit signs tell you?,"a:Suggested safe speeds only for bad weather,b:How fast other drivers are traveling,c:Recommended speeds for heavy traffic,d:The maximum or minimum legal speed allowed on that roadway under ideal conditions",d,"Speed limit signs show the maximum (and sometimes minimum) legal speed for that road in ideal conditions. You must still slow down below the posted limit when weather, traffic, or road conditions make the posted speed unsafe.",
4,Safe & Defensive Driving Practices,Why is maintaining a space cushion around your vehicle important?,"a:It prevents distractions from other vehicles.,b:It gives you time to react to unexpected situations.,c:It helps keep traffic flowing faster.",b,"A space cushion is the safety gap between your vehicle and others. Keeping this space gives you time and room to see hazards early and react smoothly to sudden stops, swerves, or mistakes by other drivers.",
2,Traffic Laws & Rules of the Road,"When parallel parking between two vehicles, what is the first maneuver you should make?","a:Pull up even with the car ahead of the space you want,b:Turn the wheel to the right immediately,c:Back in at full speed,d:Stop in the middle of the lane",a,"For standard parallel parking, after signaling and checking traffic, you first pull up and stop parallel and close to the vehicle in front of the space. From this position you then begin backing into the space while turning the wheel as needed.",
4,Safe & Defensive Driving Practices,True or false: Talking or texting on a cell phone while driving will not significantly increase your crash risk.,"a:False.,b:True.,c:Only true for hands-free phones.,d:Only true when driving slowly.",a,"Talking or texting on a phone while driving takes your attention away from the road and greatly increases your chance of a crash. Even hands-free conversations can be distracting, so you should minimize phone use and never text while driving.",
8,Special Situations & Road Users,When must you yield to emergency vehicles?,"a:Only if the emergency vehicle is behind you.,b:When you see flashing lights or hear a siren.,c:Only if another vehicle yields first.,d:Under no circumstances.",b,"You must yield to emergency vehicles using a siren and/or flashing lights by pulling to the right side of the road and stopping when safe. Stay stopped until the emergency vehicle has passed, unless a police officer directs you otherwise.",difficult
2,Traffic Laws & Rules of the Road,When should you yield your legal right-of-way?,"a:Only at uncontrolled intersections.,b:Whenever yielding helps prevent a collision.,c:Never — you always have the right-of-way.",b,"Right-of-way is never absolute. Even if the law says you have the right-of-way, you must yield whenever doing so will help prevent a collision. Safe driving means being willing to let others go first if it avoids a crash.",difficult
4,Safe & Defensive Driving Practices,How can you help the driver behind you keep a safe following distance?,"a:Drive 10 mph faster than the car behind you.,b:Drive 10 mph slower than the car behind you.,c:Maintain a steady speed and signal early for maneuvers.",c,"Keeping a steady speed and signaling early for turns, lane changes, or slowing helps the driver behind you judge distance and react smoothly. Sudden speed changes or late signals make it harder for them to maintain a safe following distance.",
1,Licensing & Permit Requirements,Is holding a driver license a right or a privilege?,"a:A requirement,b:A privilege,c:A right,d:A guarantee",b,"In the United States, driving is a privilege, not a guaranteed right. You must meet licensing requirements, obey traffic laws, and can lose your license if you violate those laws or become unsafe to drive.",
2,Traffic Laws & Rules of the Road,What should you do when approaching an intersection with a flashing yellow light?,"a:Stop and wait for the light to change.,b:Proceed through the intersection with caution.,c:Make a U-turn because the intersection is closed.",b,"A flashing yellow light means you do not have to stop, but you must slow down and proceed through the intersection with caution. Be prepared to yield to pedestrians and cross traffic if necessary.",
5,Driving in Special Conditions,Why is night driving more hazardous?,"a:Distance and vehicle speeds are harder to judge in the dark.,b:The speed limit is increased at night.,c:There are always fewer vehicles on the road at night.",a,"Night driving is more dangerous because you cannot see as far or as clearly, making it harder to judge other vehicles’ distance and speed. Your headlights limit how much of the road you can see, so hazards may appear with less warning.",
3,"Signs, Signals & Road Markings",A solid white line down the center of a two-lane road indicates:,"a:A center turn lane is present.,b:Lanes are moving in the same direction and lane changes are discouraged or prohibited.,c:Lanes are moving in opposite directions and passing is allowed.,d:A pedestrian-only zone.",b,"White lines separate traffic moving in the same direction. A solid white line between lanes means you should stay in your lane; lane changes and passing are discouraged and may be prohibited in some areas, such as near intersections or in tunnels.",
8,Special Situations & Road Users,What must you do when a school bus is stopped ahead with lights flashing and its stop arm extended?,"a:Proceed only if you are on the opposite side of a divided highway with a physical median or barrier.,b:Come to a complete stop until the red lights stop flashing and the stop arm is withdrawn.,c:Do not change lanes and do not pass while the red lights are flashing and the stop arm is extended.,d:Stop regardless of whether you see children in the road whenever the red lights are flashing and the stop arm is extended.",b,"When a school bus has red lights flashing and the stop arm extended, you must stop and remain stopped until the lights stop flashing and the stop arm is withdrawn. On a divided highway with a physical median, only traffic traveling in the same direction as the bus must stop; on undivided roads, traffic in both directions must stop.",
6,"Alcohol, Drugs & Impaired Driving","For drivers under 21, at what BAC can the license be suspended?","a:0.08 percent or more.,b:Any detectable amount of alcohol.,c:0.15 percent or more.",b,"Many states, including South Carolina, have zero-tolerance laws for drivers under 21. Any detectable amount of alcohol in the system can lead to penalties such as license suspension, even if the BAC is below the adult legal limit of 0.08 percent.",
3,"Signs, Signals & Road Markings",What do yellow lines on the roadway separate?,"a:Traffic lanes on one-way streets.,b:Traffic moving in opposite directions on two-way roads.,c:Carpool lanes from regular lanes.,d:Bike lanes from vehicle lanes.",b,Yellow lines separate traffic moving in opposite directions on two-way roads. A single or double yellow centerline helps drivers know where the middle of the road is and when passing is allowed or prohibited.,
4,Safe & Defensive Driving Practices,When should you increase your following distance?,"a:When exiting an expressway or when conditions require more time to react.,b:When following a motorcycle, bicycle, or any vehicle that could stop quickly.,c:When behind a large vehicle that blocks your vision or in any situation where you need extra time and space to react.",c,"You should increase your following distance whenever conditions make it harder to see or stop in time. This includes when following large vehicles that block your view, in bad weather, in heavy traffic, when following motorcycles or bicycles, when exiting an expressway, or when you are being tailgated.",
5,Driving in Special Conditions,"If it begins to sleet or snow while you are driving, you should:","a:All of the above,b:Keep your windshield and mirrors clear,c:Allow additional following distance from the vehicle ahead,d:Approach other vehicles with extra caution",a,"In sleet or snow you should do all of the following: keep your windshield and mirrors clear for visibility, increase your following distance to allow more stopping time, and approach other vehicles with extra caution because traction and control are reduced. All of these actions together help you drive more safely in winter conditions.",
8,Special Situations & Road Users,Why should you not make sudden stops in front of large trucks or buses?,"a:They need longer distances to stop due to their size and weight.,b:Truck drivers can always stop quickly.,c:Because large vehicles travel slower than passenger cars.,d:Small vehicles are easier to see behind trucks.",a,"Large trucks and buses are much heavier than passenger cars and need a longer distance to stop, even with good brakes. If you stop suddenly in front of them, they may not be able to stop in time, which can cause a serious rear‑end collision. Always avoid cutting closely in front of large vehicles and leave extra space.",
2,Traffic Laws & Rules of the Road,"When parking next to a curb, when should you use your turn signals?","a:Only when pulling next to the curb.,b:Only when pulling away from the curb.,c:When pulling next to or away from the curb.",c,"You must signal any time you change your position on the road, including when you pull toward a curb to park and when you pull away from the curb to reenter traffic. Signaling both movements lets other drivers, cyclists, and pedestrians know what you intend to do so they can react safely.",
5,Driving in Special Conditions,What should you do on slippery roads?,"a:Always drive at the posted limit even if conditions are poor.,b:Brake sharply to test traction.,c:Slow down.,d:Drive faster to get through the area quickly.",c,"On slippery roads from rain, snow, or ice, you should slow down to maintain traction and control. Lower speeds reduce the chance of skidding and give you more time and distance to stop or steer around hazards.",
6,"Alcohol, Drugs & Impaired Driving",Which statement about drugs and driving is correct?,"a:No drugs affect driving if taken in small amounts.,b:Prescription drugs are always safe if you feel alert.,c:Even over-the-counter drugs can impair your driving.,d:Only illegal drugs impair your driving.",c,"Many drugs, including over‑the‑counter cold medicines, allergy pills, and prescription medications, can make you drowsy, dizzy, or slow your reactions. It is illegal and unsafe to drive when any drug impairs your ability, even if the drug is legal or prescribed. Always read labels and follow medical advice before driving.",
8,Special Situations & Road Users,How can you avoid being in a truck or bus driver's blind spot?,"a:Never pass them under any circumstances.,b:Avoid driving alongside large vehicles and do not tailgate.,c:Flash your lights to make them aware of you.,d:Drive as close as possible to their rear bumper.",b,"Large trucks and buses have big blind spots along their sides and directly behind them. To stay visible, avoid driving right next to them for long periods and never follow too closely. Leave extra space so the driver can see you in their mirrors and you have room to react.",
2,Traffic Laws & Rules of the Road,"Before changing lanes, besides checking mirrors, what should you do?","a:Always slow down in your current lane.,b:Never look over your right shoulder.,c:Glance over your shoulder to check your blind spot.",c,"Before changing lanes, you must check your mirrors and then quickly glance over your shoulder in the direction you plan to move. This shoulder check lets you see the blind spot that mirrors cannot cover and helps you avoid vehicles that may be hidden there.",
4,Safe & Defensive Driving Practices,Which of the following is a common cause of crashes?,"a:Driving too fast for conditions,b:Consistently checking mirrors and blind spots,c:Always yielding the right-of-way,d:Using seat belts properly",a,"Driving too fast for conditions is a major cause of crashes. Even if you are at or below the posted speed limit, you must slow down when roads are wet, icy, foggy, or crowded. Safe speed depends on visibility, traffic, and road surface, not just the number on the sign.",
7,Vehicle Ownership & Responsibilities,"After a minor intersection collision with no injuries, what should you do?","a:Move your vehicle out of the traffic lane if possible.,b:Leave vehicles in the traffic lane until police arrive.,c:Immediately drive away from the scene.,d:Walk away from the vehicles and leave them.",a,"After a minor crash with no injuries, and if the vehicles can be moved, you should pull them out of the traffic lane to a safe spot such as the shoulder or a nearby parking area. This helps prevent additional collisions, keeps traffic flowing, and allows everyone to exchange information safely.",
2,Traffic Laws & Rules of the Road,"If you miss your freeway exit, what should you do?","a:Make a U-turn through the median to reach your exit.,b:Stop and back up to your exit.,c:Continue to the next exit and re-route safely.",c,"If you miss your freeway exit, keep going to the next exit. Never stop, back up, or make a U-turn on the freeway or in the median. Continuing to the next exit and re-routing is the only safe and legal option.",
2,Traffic Laws & Rules of the Road,"When entering a roundabout, to whom should you yield?","a:Only to cars,b:Any crossing pedestrians and bicyclists as well as traffic already in the roundabout.,c:Only vehicles inside the roundabout.",b,"At a roundabout, you must yield to pedestrians and bicyclists crossing at the entrances and exits, and to all vehicles already circulating in the roundabout. Enter only when there is a safe gap in traffic.",
3,"Signs, Signals & Road Markings",A broken yellow centerline indicates:,"a:Passing is prohibited for both directions.,b:Passing on the left is permitted when the way ahead is clear.,c:The road is one-way.,d:Passing on the right is required.",b,A broken yellow centerline separates traffic moving in opposite directions and means you may pass on the left when there is no oncoming traffic and it is safe and legal to do so.,
2,Traffic Laws & Rules of the Road,Which action is prohibited when changing lanes?,"a:Check for other drivers moving into the same lane.,b:Cross the centerline in an intersection.,c:Check your blind spots by looking over your left or right shoulder.",b,"You must never change lanes by crossing the centerline within an intersection. Lane changes should be made before or after the intersection, and only after checking mirrors and blind spots by looking over your shoulder to be sure the lane is clear.",
4,Safe & Defensive Driving Practices,"When another driver is passing you, what should you do?","a:Maintain your speed and position while being on guard and allow space if they need to return to your lane.,b:Speed up to prevent them passing.,c:Move out of the lane immediately regardless of conditions.",a,"When another driver is passing you, stay in your lane and maintain a steady speed so they can judge their pass safely. Be prepared for unexpected actions and allow space for the passing vehicle to return to your lane if needed.",
5,Driving in Special Conditions,"Compared to daytime driving, driving at night is:","a:Safe if you use high beams always.,b:More dangerous due to reduced visibility and other factors.,c:Less dangerous.,d:No different.",b,"Driving at night is more dangerous because you cannot see as far, it is harder to judge distances and speeds, glare can reduce visibility, and there is a higher chance of encountering fatigued or impaired drivers.",
8,Special Situations & Road Users,"On a four-lane roadway, must you stop for a stopped school bus when you are traveling in the opposite direction?","a:True (you do not need to stop when traveling opposite on a divided four-lane),b:False",b,"On a four‑lane road that is not divided by a physical barrier or unpaved median, drivers in both directions must stop for a school bus with its red lights flashing and stop arm extended. You are excused from stopping only when you are on the opposite side of a clearly divided highway (such as a raised median, barrier, or unpaved strip). If it is simply a painted center line on a four‑lane road, you must stop even when traveling in the opposite direction.",
2,Traffic Laws & Rules of the Road,"At a yield sign, what is your required action?","a:Yield to cross traffic that is close enough to cause a conflict.,b:Always stop before proceeding no matter what.,c:Yield only to vehicles on your right.",a,"At a yield sign, you must slow down and be prepared to stop, yielding the right‑of‑way to any traffic or pedestrians already in the intersection or close enough to be a hazard. If there is no conflicting traffic, you may proceed without stopping.",
8,Special Situations & Road Users,"At a railroad crossing, what must you be sure to do?","a:Only look for trains coming from one direction.,b:Rely on crossing gates alone to indicate a train is coming.,c:Watch for vehicles that must stop at all railroad crossings and be cautious of multiple trains.",c,"At railroad crossings, always look and listen for trains coming from either direction and be prepared to stop. Watch for vehicles that must stop at all crossings, such as school buses and vehicles carrying hazardous materials. Never assume the tracks are clear just because the gates are up or lights are off; check carefully for more than one train.",
2,Traffic Laws & Rules of the Road,"If you reach an intersection blocked by traffic ahead, you should:","a:Move forward slowly to keep traffic flowing.,b:Stay out of the intersection until you can clear it.,c:Get as close to the car ahead as possible.,d:Enter the intersection and wait.",b,"You must not enter an intersection unless there is enough space on the other side for your vehicle to completely clear it. Entering when traffic is stopped ahead can leave you blocking the intersection, which is illegal and can prevent cross traffic and emergency vehicles from passing.",difficult
3,"Signs, Signals & Road Markings",A broken yellow line beside a solid yellow line means:,"a:No passing is allowed from either direction.,b:Passing is permitted only on the right.,c:Traffic next to the broken line may pass; traffic next to the solid line may not.,d:Both directions may pass freely.",c,"A broken yellow line next to a solid yellow line means passing is allowed only for traffic on the side with the broken line, and only when it is safe. Traffic on the side with the solid yellow line must not cross it to pass.",
4,Safe & Defensive Driving Practices,"When changing lanes, how can drivers see objects in their blind spots?","a:Look over the left or right shoulder toward the blind spot.,b:Trust the outside mirror only.,c:Use the inside rearview mirror only.,d:Flash headlights to make other vehicles visible.",a,Blind spots cannot be seen with mirrors alone. Look over your shoulder toward the lane you plan to enter to check blind spots.,
2,Traffic Laws & Rules of the Road,"After passing another vehicle in the same direction, when is it safe to move back into the right lane?","a:When you can no longer see the vehicle behind you,b:Immediately after passing,c:After about three seconds,d:When you can see the entire front of the passed vehicle in your rearview mirror",d,Do not return to your lane until you can clearly see the passed vehicle's front in your rearview mirror and it is safe to do so.,
3,"Signs, Signals & Road Markings",What does a solid yellow arrow on a traffic signal indicate?,"a:You should speed up to make the turn before the light changes.,b:You do not need to signal to turn from the indicated lane.,c:The green arrow protection is ending; prepare to stop and yield to oncoming traffic.",c,A solid yellow arrow means the protected turning time is ending; yield to oncoming traffic and prepare to stop.,
4,Safe & Defensive Driving Practices,What following distance should you maintain under normal driving conditions?,"a:At least a three- to four-second gap.,b:One-second gap.,c:Following distance is only important on snow and ice.",a,"Under normal conditions keep at least a three- to four-second following distance; increase it for adverse weather, higher speeds, or heavy traffic.",
5,Driving in Special Conditions,When must headlights be used?,"a:When parking on the shoulder,b:Only after 7 p.m. and before 7 a.m.,c:Only during heavy rain,d:From a half hour after sunset until a half hour before sunrise and whenever visibility is reduced",d,"Use headlights from one‑half hour after sunset to one‑half hour before sunrise, and any time visibility is poor (such as in rain, fog, or snow) so you can see and be seen by other road users.",
3,"Signs, Signals & Road Markings",What does a single dashed yellow line between lanes indicate?,"a:Drivers may pass if it is safe to do so.,b:Both lanes travel in the same direction.,c:Passing is prohibited for both directions.,d:It marks a bike lane.",a,"A single dashed yellow line in the center of the road separates traffic moving in opposite directions. When the line is dashed, drivers in both directions may cross it to pass if there is no oncoming traffic and it is safe and legal to do so.",
5,Driving in Special Conditions,"If you suffer a tire blowout while driving, what should you do?","a:Tap or pump the brakes to slow down.,b:Apply the brakes firmly and quickly to stop immediately.,c:Slow down gradually and avoid braking until the vehicle has slowed.",c,"In a tire blowout, hold the steering wheel firmly, ease off the accelerator, and let the vehicle slow down gradually. Avoid braking hard; braking suddenly can cause you to lose control. Once the vehicle has slowed and is stable, steer to a safe place off the road and stop.",
2,Traffic Laws & Rules of the Road,"If you drive much slower than the normal flow of traffic, what may be required?","a:You always retain the right-of-way.,b:Pull off the road and let other vehicles pass if you are causing traffic to back up.,c:You should refuse to let others pass.",b,"Driving much slower than the normal flow of traffic can create a hazard by causing other drivers to brake or make sudden lane changes. On two-lane roads, if several vehicles are lined up behind you, you may be required to pull off at a safe place and let them pass.",
2,Traffic Laws & Rules of the Road,"If you miss your exit on the freeway, what should you NOT do?","a:Back up on the road or shoulder.,b:Proceed to the next exit and find a safe route to your destination.,c:Continue on the freeway and find an alternate route.",a,"If you miss your exit on a freeway, you must never back up on the travel lanes or the shoulder because fast-moving traffic may not expect a vehicle reversing. Instead, continue to the next exit, leave the freeway safely, and then find a route back to your intended destination.",
5,Driving in Special Conditions,"If dust or smoke reduces your visibility, what should you do?","a:Slow down and turn on your headlights.,b:Turn on parking lights only.,c:Turn on your emergency flashers.",a,"When dust or smoke reduces visibility, slow down and turn on your low-beam headlights so you can see and be seen. If visibility becomes so poor that you cannot drive safely, pull completely off the road and stop. Parking lights alone are not sufficient, and emergency flashers are typically used only when stopped or moving very slowly in an emergency.",
3,"Signs, Signals & Road Markings",What does a flashing yellow traffic light mean?,"a:Merging traffic.,b:Pedestrian crossing.,c:Proceed with caution.",c,"A flashing yellow traffic signal means you must slow down and proceed through the intersection with caution. You do not have to stop, but you must be prepared to yield to other vehicles, pedestrians, or hazards.",
3,"Signs, Signals & Road Markings","When you see a 'Merging traffic' sign on the freeway, what should you do?","a:Always remain at your present speed regardless of traffic.,b:Honk at incoming traffic to warn them.,c:Make room for entering vehicles by changing lanes if it is safe to do so.",c,"When you see a merging traffic sign on a freeway or multi‑lane road, you should help entering vehicles merge safely. If possible, change lanes away from the merge area or adjust your speed to create a safe gap, while still obeying speed limits and checking mirrors and blind spots.",
4,Safe & Defensive Driving Practices,What is the most common cause of traffic crashes?,"a:Bad weather,b:Mechanical failure,c:Human error,d:New drivers",c,"Most crashes are caused by human error, such as inattention, distraction, misjudging speed or distance, or failing to yield. Weather and mechanical problems do contribute to some crashes, but they are far less common than driver mistakes.",
2,Traffic Laws & Rules of the Road,Which statements about driving speed are true?,"a:Speed has no impact on fatality risk.,b:Higher speeds increase the chance of fatality and you should increase following distance at higher speeds.,c:Faster speeds always reduce stopping distance.,d:Speed has no effect on stopping distance.",b,"As your speed increases, both your stopping distance and the severity of any collision increase. Because it takes longer to see, react, and stop at higher speeds, you must leave more following distance to have enough time and space to avoid hazards.",
2,Traffic Laws & Rules of the Road,At what speed should you travel relative to conditions and other vehicles?,"a:At a speed appropriate for road and weather conditions and within the posted limit.,b:Always at the posted speed limit regardless of conditions.,c:Always at the speed of surrounding vehicles no matter what.,d:At the maximum possible speed for your vehicle.",a,"You must always choose a speed that is safe for current road, traffic, and weather conditions and that does not exceed the posted speed limit. In rain, fog, heavy traffic, or other poor conditions, you are required to slow down even if that means driving below the posted limit.",
5,Driving in Special Conditions,"If you become stranded in a snowstorm, what is the best course of action?","a:Lay down in your car and go to sleep,b:Walk into the road to flag down drivers,c:Get out of the car and go for help,d:Stay in your car and wait for help",d,"If you are stranded in a snowstorm, you should usually stay with your vehicle. The car provides shelter from the cold and is much easier for rescuers to see than a person on foot. Run the engine only periodically to conserve fuel and prevent carbon monoxide buildup by keeping the exhaust pipe clear of snow. Use hazard lights, dome light, or bright cloth to signal for help rather than walking into the storm.",
6,"Alcohol, Drugs & Impaired Driving",What can occur if you drink alcohol while taking prescription or OTC medicine?,"a:The medicine always blocks alcohol's effects.,b:The combination can multiply the impairing effects of alcohol or the medicine.,c:Alcohol helps medicines work better.,d:No interaction occurs.",b,"Alcohol can interact with many prescription and over‑the‑counter medicines in a way that increases drowsiness, slows reaction time, and impairs judgment. The combination can be more dangerous than either substance alone and can seriously affect your ability to drive safely.",
8,Special Situations & Road Users,"When operating near a large commercial vehicle, you should:","a:Drive on its right side on hills and curves.,b:Always pass immediately.,c:Avoid driving beside it for long periods.,d:Follow closely to reduce wind drag.",c,"Large trucks and buses have big blind spots along both sides, especially on the right. If you drive beside them for a long time, the driver may not see you and could change lanes into your path. Pass safely and promptly, and avoid lingering next to large commercial vehicles.",
2,Traffic Laws & Rules of the Road,When is it permissible to drive on the shoulder to pass another vehicle?,"a:When the vehicle ahead is turning left.,b:Only if the shoulder is wide enough.,c:If traffic is stopped ahead.,d:Never; do not pass on the shoulder.",d,"You must not drive on the shoulder to pass another vehicle. The shoulder is for emergencies and stopped vehicles, not for travel or passing. Other drivers do not expect moving traffic there and may pull onto the shoulder suddenly, creating a serious crash risk.",
7,Vehicle Ownership & Responsibilities,"When stopped for a traffic violation or during an equipment check, what must a driver produce if requested?","a:Proof of registration.,b:Proof of insurance.,c:Their driver license.",a,"When stopped by law enforcement, you are generally required to show your driver license, proof of vehicle registration, and proof of financial responsibility (insurance) upon request. Keeping these documents readily available in the vehicle helps the stop go smoothly and ensures you are complying with state law.",
4,Safe & Defensive Driving Practices,"If an aggressive driver is tailgating you, you should:","a:Brake-check them.,b:Speed up to increase the gap.,c:Stare at the driver as they pass.,d:Make every effort to get out of their way.",d,"If someone is tailgating you, stay calm and avoid any actions that could escalate the situation, such as brake-checking or making eye contact. When it is safe, change lanes or otherwise allow the aggressive driver to pass. Your goal is to create space and reduce risk, not to punish or confront the other driver.",
7,Vehicle Ownership & Responsibilities,After an accident you should:,"a:Report the accident the following week.,b:Leave the scene and call your insurance company from home.,c:Protect the area,d:Only exchange insurance information if requested.",c,"After a collision, you must stop at or near the scene, prevent further crashes if you can do so safely, and protect the area by turning on hazard lights, setting out flares or warning triangles if available, and moving vehicles out of traffic when appropriate. Then check for injuries, call 911 or law enforcement, exchange information, and report the crash as required by law.",
2,Traffic Laws & Rules of the Road,When must you yield the right-of-way to a pedestrian?,"a:Only when pedestrians signal you to stop.,b:To any pedestrian crossing a street in a marked or unmarked crosswalk.,c:Only to pedestrians in marked crosswalks.",b,"Drivers must yield to pedestrians in both marked and unmarked crosswalks. An unmarked crosswalk typically exists at most intersections, even if there are no painted lines. For safety, be prepared to yield to pedestrians crossing the road anywhere, especially where visibility is limited or people are clearly attempting to cross.",
5,Driving in Special Conditions,"When driving in fog, is using your high beam headlights recommended?","a:True,b:False",b,"In fog, use low beam headlights. High beams reflect off the water droplets in the fog and shine back into your eyes, making it harder to see. Low beams, and fog lights if your vehicle has them, help you see the road and help others see you without creating extra glare.",
8,Special Situations & Road Users,"If a crossing guard is directing traffic in a school zone, what must drivers do?","a:Assume the guard's directions are optional.,b:Copy what surrounding traffic does instead.,c:Follow the crossing guard's directions.",c,"A crossing guard’s instructions must be obeyed just like those of a traffic signal or police officer. In school zones, follow the guard’s hand signals and stop signs, even if they differ from the normal traffic light, to protect children and other pedestrians crossing the street.",
2,Traffic Laws & Rules of the Road,When should the maximum posted speed limit be driven?,"a:Only under ideal driving conditions,b:Only at night,c:Only during the day,d:Whenever traffic is heavy",a,"The posted maximum speed is the fastest you are allowed to drive only when conditions are ideal: good visibility, dry pavement, light traffic, and a safe vehicle. If conditions are less than ideal—such as rain, fog, heavy traffic, or poor road surfaces—you must drive slower than the posted maximum so you can stop safely and maintain control.",
4,Safe & Defensive Driving Practices,When is it appropriate to use your horn?,"a:When it may help prevent a collision.,b:To express annoyance at a slow driver.,c:Whenever another vehicle is in your way.",a,"Use your horn to alert other road users when it may help prevent a collision or warn of a hazard, such as when another driver is about to move into your lane without seeing you. Do not use the horn to express anger, impatience, or just because someone is in your way; unnecessary horn use can startle others and create unsafe situations.",
4,Safe & Defensive Driving Practices,What should you do when driving through a work zone?,"a:Activate your four-way flashers and continue at the same speed.,b:Increase your speed to avoid impeding traffic.,c:Stay alert, slow down, and obey all work-zone signs and flaggers.",c,"In work zones you must slow down, stay alert, and be prepared for sudden changes such as lane shifts, workers near the roadway, and construction vehicles entering or leaving. Always obey the posted work-zone speed limits, signs, and any directions from flaggers, and increase your following distance to allow more time to react.",difficult
3,"Signs, Signals & Road Markings",Approaching an octagonal sign means you must:,"a:Come to a complete stop.,b:Slow and proceed without stopping.,c:Yield only to oncoming traffic.,d:Turn left.",a,"An octagonal (eight-sided) red sign is always a STOP sign. You must come to a complete stop at the stop line, crosswalk, or before entering the intersection, then yield to pedestrians and other traffic before proceeding when it is safe.",
8,Special Situations & Road Users,"When you hear or see an approaching emergency vehicle using its siren or lights, what must you do?","a:Drive to the right side of the road and stop until it passes.,b:Motion for the emergency vehicle to pass you.,c:Slow to a stop in your lane and wave it on.",a,"When an emergency vehicle approaches using its siren and/or flashing lights, you must immediately yield the right-of-way by pulling as far to the right side of the road as safely possible and stopping until it has passed. If you are in an intersection, clear the intersection first, then pull to the right and stop. Do not stop in the middle of your lane or wave the vehicle around you.",
4,Safe & Defensive Driving Practices,Which method checks a blind spot before changing lanes?,"a:Use the inside rearview mirror only.,b:Sound your horn.,c:Use only the side mirror.,d:Turn your head and look over your shoulder.",d,"Blind spots are areas you cannot see in your mirrors. Before changing lanes, you must briefly turn your head and look over your shoulder in the direction of the lane you want to enter to make sure no vehicle is in your blind spot.",
5,Driving in Special Conditions,Which statement about a work zone is correct?,"a:Drivers do not need to slow down in work zones.,b:They are marked with black and white signs.,c:Work zones may be stationary or moving and are marked with orange signs; drivers must slow down.",c,"Work zones are marked with orange signs and may be stationary (like road repairs) or moving (like line painting or mowing). Drivers must slow down, obey posted work zone speed limits, and be prepared for workers, equipment, and sudden stops.",
3,"Signs, Signals & Road Markings",What color are pavement markings that separate lanes of traffic moving in opposite directions?,"a:Blue,b:Yellow,c:White,d:Red",b,"Yellow pavement markings separate traffic moving in opposite directions, such as the centerline on a two‑way road. White lines separate lanes of traffic moving in the same direction.",
8,Special Situations & Road Users,"When a school bus is stopped with its stop arm extended, drivers should:","a:Proceed when they think children have finished crossing.,b:Honk to warn children before passing on the left.,c:Come to a complete stop and wait until the stop arm is withdrawn.",c,"When a school bus has its red lights flashing and stop arm extended, drivers in most situations must come to a complete stop and remain stopped until the lights stop flashing and the stop arm is withdrawn, and it is clearly safe to proceed.",
7,Vehicle Ownership & Responsibilities,When must you show proof of insurance to law enforcement?,"a:Only if you are in an accident.,b:Only if you are stopped and cited.,c:If stopped for a citation or involved in a collision.",c,"You must carry proof of financial responsibility (usually an insurance card) whenever you drive and show it to law enforcement when requested, such as if you are stopped for a traffic violation or involved in a collision.",
8,Special Situations & Road Users,"If you approach a railroad crossing and see no train, when must you still stop?","a:If the crossing lights are flashing.,b:If the crossing gate is lowered.,c:If a stop sign is posted.,d:All of the above.",c,"You must stop at a railroad crossing any time a stop sign is posted, the crossing lights are flashing, the gate is down or coming down, or a flagger directs you to stop—even if you do not see a train. These controls mean a train may be approaching or the crossing is not safe to enter.",
8,Special Situations & Road Users,"If a truck or bus is making a right turn where you also need to turn right, what is the safest action?","a:Try to squeeze between the vehicle and the curb,b:Pass on the right between the truck and curb,c:Quickly turn before the truck completes its turn,d:Wait until the truck or bus has completed its turn before you turn",d,Large trucks and buses often swing wide or start a turn from another lane to complete a right turn. Never try to squeeze between them and the curb or rush ahead of them. Wait until the truck or bus has fully completed the turn before you make your right turn.,
7,Vehicle Ownership & Responsibilities,"When parking downhill on a two-way street, which way should you turn your wheels?","a:Keep the wheels straight ahead.,b:Turn the wheels to the left toward the center of the road.,c:Turn the wheels to the right toward the curb.",c,"When parking downhill on a two-way street with a curb, turn your front wheels toward the curb (to the right). If the vehicle rolls, the front tire will hit the curb and stop the car from rolling into traffic.",
7,Vehicle Ownership & Responsibilities,What do your brake lights communicate to other drivers?,"a:You are making a turn,b:You are changing lanes,c:You are slowing down or stopping,d:Your emergency brake is on",c,"Brake lights warn drivers behind you that you are slowing down or stopping. This gives them time to reduce speed and maintain a safe following distance, helping to prevent rear-end collisions.",
6,"Alcohol, Drugs & Impaired Driving",Which behavior is a common sign of impaired (drunk) driving?,"a:Weaving between lanes.,b:Driving consistently with traffic flow.,c:Using turn signals properly.",a,"Weaving between lanes is a classic sign of impaired driving. Alcohol and drugs affect judgment, coordination, and reaction time, which can cause drifting, weaving, sudden braking, inconsistent speeds, and other erratic movements.",
4,Safe & Defensive Driving Practices,What is the purpose of rumble strips on the road?,"a:Through sound and vibration they warn inattentive drivers that their vehicle is leaving the travel lane.,b:They help test a vehicle's shock absorbers.,c:They alert drivers to potential tire problems.",a,"Rumble strips are grooved or raised patterns on the road that create noise and vibration when you drive over them. This alerts inattentive or drowsy drivers that they are drifting out of their lane or approaching a hazard, giving them time to correct their path.",
8,Special Situations & Road Users,Drivers are prohibited from passing a school bus when its red lights are flashing:,"a:Only on two-lane roads.,b:True.,c:False.,d:Only during school hours.",b,"When a school bus has its red lights flashing and the stop arm extended, drivers in most situations must stop and may not pass until the lights stop flashing and the bus moves or the driver signals you to proceed. Some states allow passing on the opposite side of a divided highway, but the general safety rule is that flashing red lights mean you must stop, not pass.",
6,"Alcohol, Drugs & Impaired Driving","Before driving while taking medication, what should you do?","a:Consult your doctor or pharmacist about possible driving effects,b:Have someone follow you home,c:Leave your windows open while driving,d:Take an extra dose to stay alert",a,"Many prescription and over‑the‑counter medicines can make you drowsy, slow your reactions, or affect your judgment. Before driving, you should ask your doctor or pharmacist whether a medication can affect your ability to drive safely and follow their advice about driving or dosage timing.",
8,Special Situations & Road Users,"If a fire engine is following you on a two-lane street but has no lights or siren on, how should you respond?","a:Speed up to get out of its way.,b:Stop immediately as quickly as possible.,c:Continue driving normally.",c,"You are required to yield and pull over only when an emergency vehicle is using its lights and/or siren. If a fire engine is behind you with no lights or siren, treat it like any other vehicle: obey the speed limit, maintain a safe following distance, and continue driving normally.",
5,Driving in Special Conditions,Which statement about winter driving is NOT true?,"a:Checking antifreeze and washer fluid is important.,b:Using snow tires can improve traction.,c:Winter is the most difficult driving season.,d:Using cruise control in winter is safe.",d,"Cruise control should not be used on snow, ice, or in other slippery or hazardous conditions because it can cause you to lose control if the tires start to skid. In winter, you should check antifreeze and washer fluid, consider snow tires for better traction, and drive with extra caution.",
2,Traffic Laws & Rules of the Road,"When the road center has a solid yellow line next to a broken yellow line with the broken line next to your lane, you may:","a:Pass if traffic ahead is clear.,b:Pass only in an emergency.,c:Never pass under any condition.,d:Pass only during daylight hours.",a,"A solid yellow line next to a broken yellow line means only the side with the broken line may pass. If the broken line is on your side, you may cross it to pass when the lane is clear and it is safe, and there is no oncoming traffic.",
4,Safe & Defensive Driving Practices,How would you describe backing (reversing) a vehicle?,"a:Dangerous only in large vehicles.,b:Always dangerous because it's hard to see behind the vehicle.,c:Dangerous only when you have a helper.,d:Always risky because your view to the rear and sides is limited; back slowly and check carefully.",b,"Backing is always risky because your view to the rear and sides is limited, even with mirrors or cameras. You should back slowly, check around the vehicle before moving, and use a helper when possible to reduce blind spots and avoid hitting people or objects.",
2,Traffic Laws & Rules of the Road,"If a police officer directs traffic to go through a red light without stopping, what should you do?","a:Refuse and wait for the light to change.,b:Follow the officer's directions and go through the intersection.,c:Obey the red light and stop until it turns green.",b,"A police officer directing traffic has authority over traffic signals and signs. When an officer tells you to proceed through a red light, you must follow the officer’s directions, proceeding carefully through the intersection as instructed.",
5,Driving in Special Conditions,"If you must drive in fog, you should use:","a:Low beam headlights.,b:High beam headlights.,c:Only parking lights.,d:Interior dome lights.",a,"In fog, use low beam headlights. High beams reflect off the water droplets in the fog and create glare, which makes it harder to see. Low beams help you see the road and help others see you without increasing glare.",
2,Traffic Laws & Rules of the Road,"At an uncontrolled intersection, you and another vehicle arrive at the same time and the other vehicle is on your right. What should you do?","a:Increase speed and hurry through the intersection.,b:Yield to the vehicle on your right and wait.,c:Enter the intersection forcing the other vehicle to stop.",b,"At an uncontrolled intersection, if two vehicles arrive at the same time, the driver on the left must yield to the driver on the right. If the other vehicle is on your right, you should wait and allow that vehicle to go first.",
5,Driving in Special Conditions,"If your wheels run off the pavement, what is the correct recovery technique?","a:Hit the brakes hard and jerk the steering wheel back onto the road.,b:Grip the wheel,c:Stop in place and wait for help.,d:Immediately swerve back onto the pavement at speed.",b,"If your wheels drop off the pavement, keep a firm grip on the steering wheel, ease off the accelerator, and slow down gradually. Once the vehicle is under control and your speed is reduced, gently steer back onto the pavement when it is safe. Sudden braking or jerking the wheel can cause you to lose control or skid.",
8,Special Situations & Road Users,"At a railroad crossing that has only a crossbuck and no gates or lights, how should you proceed?","a:Only proceed if another driver waves you on,b:Turn up your radio to better hear approaching trains,c:Cross quickly without stopping,d:Approach with extreme caution and cross only when you are sure no train is coming",d,"At a crossing with only a crossbuck and no gates or lights, you must treat it as an uncontrolled crossing: slow down, look and listen carefully in both directions, and be prepared to stop. Cross only when you are sure no train is coming and there is enough space to clear the tracks completely. Obey any flagger if present.",
4,Safe & Defensive Driving Practices,Which statement about backing on a roadway is correct?,"a:Drivers should look behind them and check traffic before and while backing.,b:Drivers should look straight ahead while backing.,c:Traffic checks are not necessary when backing.,d:Only use mirrors when backing.",a,"When backing, you must check behind your vehicle before moving and continue to look to the rear while backing. Turn your head and look over your shoulder, using mirrors as a supplement, not a substitute. Always make sure the path is clear of traffic, pedestrians, and obstacles.",
2,Traffic Laws & Rules of the Road,Which of the following about left turns is correct?,"a:Swing wide into the right lane while turning left.,b:Always finish a left turn onto a four-lane roadway in the far right lane.,c:Complete a left turn into the legal lane nearest your previous lane.",c,"For a standard left turn, you should enter and complete the turn into the legal lane nearest to the center line or nearest to the lane you came from, unless signs or lane markings direct otherwise. Swinging wide into other lanes can surprise other drivers and is unsafe.",
6,"Alcohol, Drugs & Impaired Driving",Which driving skills are impaired by alcohol or drugs?,"a:Both alertness and coordination.,b:Coordination.,c:None of the above.,d:Alertness.",a,"Alcohol and many drugs impair multiple driving skills at the same time, including alertness, coordination, judgment, and reaction time. Because both alertness and coordination are affected, you are less able to notice hazards and less able to control the vehicle smoothly and quickly.",
4,Safe & Defensive Driving Practices,You must exercise extreme caution and yield to children playing in the street:,"a:True.,b:False.,c:Only near schools.,d:Only if signs are posted.",a,"You must always use extra caution around children near the roadway. Children can be unpredictable and may suddenly run into the street, so you should slow down, be prepared to stop, and yield to them whether or not you are near a school or see warning signs.",
4,Safe & Defensive Driving Practices,"Regarding speed control in curves, what is most important?","a:Increase speed before entering the curve to maintain momentum.,b:Slow down before you enter the curve.,c:Drive at the posted speed entering the curve and then slow at the sharpest part.",b,"You should slow down before entering a curve, then maintain a safe, steady speed through it. Braking hard in the middle of a curve can cause loss of control, especially at higher speeds. Entering too fast makes it harder to stay in your lane and react to hazards.",
8,Special Situations & Road Users,Approximately how far might a fully loaded tractor-trailer need to stop from 55 mph?,"a:125 feet,b:400 feet,c:50 feet",b,"Large trucks need much more distance to stop than passenger cars. A fully loaded tractor‑trailer traveling about 55 mph may need roughly 400 feet or more to come to a complete stop, depending on conditions. Never cut closely in front of a truck because it may not be able to stop in time.",difficult
5,Driving in Special Conditions,How should you adjust your driving on gravel or dirt roads?,"a:Brake hard in turns for better control,b:Expect better visibility than on pavement,c:Drive at the same speed as on pavement,d:Slow down because you have less traction than on pavement",d,"On gravel or dirt roads, your tires have less traction and your stopping distance increases. You should slow down, avoid sudden steering or hard braking, and increase your following distance to maintain control on the loose surface.",
7,Vehicle Ownership & Responsibilities,"If you are involved in a collision, what should you do first?","a:Leave the scene and call your insurance company,b:Drive to the nearest service station,c:Report the accident to the police within one week,d:Remain near the scene",d,"If you are involved in a collision, you must stop and remain at or near the scene. First, check for injuries and call emergency services if needed. If possible, move vehicles out of traffic, turn on hazard lights, and then exchange information and report the crash as required by law. Leaving the scene is illegal in most situations.",
6,"Alcohol, Drugs & Impaired Driving",What effect does even a small amount of alcohol have on driving abilities?,"a:Alcohol affects only balance,b:Only levels above the legal limit have any effect.,c:Even the smallest amount can reduce concentration,d:Alcohol improves alertness.",c,"Even small amounts of alcohol impair attention, perception, judgment, and memory; no amount is safe for driving.",
3,"Signs, Signals & Road Markings",What does a solid yellow line on your side of the centerline mean?,"a:Slow down immediately.,b:You may not pass from your direction of travel.,c:You may pass with caution.,d:The lane is for buses only.",b,A solid yellow line next to your lane indicates passing is prohibited from your direction.,
2,Traffic Laws & Rules of the Road,"When preparing to change lanes, you should first:","a:Start signaling only after you begin the lane change.,b:Check your side and rearview mirrors and signal about 100 feet before changing lanes.,c:Rely only on your mirrors and avoid turning your head.,d:Begin signaling as you move into the next lane.",b,"Before changing lanes, check your mirrors, signal in advance, and then quickly glance over your shoulder to check your blind spot before moving. Signaling about 100 feet ahead is a common guideline in lower‑speed areas, but the key is to signal early enough for others to react and always combine mirror checks with a head check.",difficult
8,Special Situations & Road Users,Is it unlawful for a car to try to share a lane with a motorcycle?,"a:False,b:True",b,Motorcycles are entitled to the full width of a traffic lane. A car must not try to share a lane with a motorcycle.,
7,Vehicle Ownership & Responsibilities,"When parking uphill on a roadway with no curb, which way should you turn your front wheels?","a:Turn them toward the center of the road (left).,b:Turn them toward the side of the road (right).,c:Keep them straight ahead.",b,"On an uphill without a curb, turn your wheels toward the road's edge so a rollback will not move into traffic.",
4,Safe & Defensive Driving Practices,"If you are being tailgated and cannot change lanes, what is the correct response?","a:Wait until the way ahead is clear and then gradually reduce speed to encourage the tailgater to pass.,b:Brake sharply to scare the tailgater off.,c:Speed up to put distance between you.,d:Immediately pull to the left shoulder and stop.",a,"If you are being tailgated and cannot safely change lanes, keep a steady pace and, when the road ahead is clear, gradually reduce your speed. This increases the following distance in front of you and encourages the tailgater to pass when it becomes safe. Never brake suddenly to “teach them a lesson,” and do not speed up, because both actions increase the risk of a rear-end collision.",
2,Traffic Laws & Rules of the Road,Which of the following is unlawful regarding passing?,"a:Passing on multi-lane highways when lanes permit.,b:Passing only when it is safe.,c:Passing another vehicle in any marked no-passing zone or over a railroad crossing.",c,"Passing is only legal where it is clearly permitted and safe. It is unlawful to pass in any marked no‑passing zone, over or within a short distance of a railroad crossing, on hills or curves where you cannot see far enough ahead, or when there is a solid yellow line on your side of the road. You may pass on multi‑lane roads only when lane markings and conditions allow it and you can do so safely.",
8,Special Situations & Road Users,"At a railroad crossing with lowered gates and flashing lights, what should you do?","a:Slowly go around the gates if traffic is heavy.,b:Drive around the gates if you don't see a train.,c:Come to a complete stop behind the gates and wait until they are raised and it is safe to proceed.",c,"At a railroad crossing with lowered gates and flashing lights, you must stop before the gate and wait. Do not drive around or under the gates, even if you do not see a train coming. Trains are often closer and moving faster than they appear, and signals may activate before you can see the train. Proceed only after the gates are fully raised, the lights stop flashing, and you have checked that the tracks are clear.",
3,"Signs, Signals & Road Markings",What do double solid yellow lane markings mean?,"a:Only trucks may pass.,b:Both directions may pass.,c:Neither direction may pass.,d:The lane to the right may pass.",c,"Double solid yellow lines between lanes of traffic mean that vehicles traveling in either direction are not allowed to pass or cross the lines to overtake another vehicle. You must stay in your lane and may only cross these lines when making a permitted left turn into or out of a driveway or side road, if state law allows, but not for passing.",
7,Vehicle Ownership & Responsibilities,When entering your parked vehicle you should:,"a:Look around for obstacles or hazards before entering.,b:Enter only from the passenger side.,c:Signal traffic to stop so you can open your door.,d:Open the trunk first.",a,"Before entering your parked vehicle, walk around it and look for obstacles, children, pedestrians, or other hazards that could be in your path. Check the traffic side carefully before opening the door so you do not step into the path of approaching vehicles or cyclists. This habit helps prevent collisions and injuries before you even start driving.",
2,Traffic Laws & Rules of the Road,When changing lanes you should:,"a:Signal only after starting the lane change.,b:Rely entirely on your mirrors.,c:Signal at least 500 feet before residential lane changes.,d:Check mirrors, signal, and check blind spots before changing lanes.",d,"Before changing lanes, check your mirrors to see traffic behind and beside you, signal in advance (about 100 feet before the lane change in residential areas), then quickly glance over your shoulder to check your blind spot before moving. Never rely only on mirrors and never signal after you start moving into the new lane.",difficult
5,Driving in Special Conditions,True or false: Work zones on highways have become increasingly safe for workers and drivers.,"a:Only under police supervision.,b:Only on rural highways.,c:False.,d:True.",c,"Work zones are still dangerous areas for both workers and drivers. Crashes and serious injuries continue to occur in these areas, so you must slow down, obey all signs and flaggers, and stay alert whenever you drive through a work zone.",difficult
2,Traffic Laws & Rules of the Road,"If traffic is approaching while you plan a three-point turnabout, what should you do?","a:Begin the turnabout quickly to beat the traffic,b:Flash your headlights and start immediately,c:Yield to all approaching traffic before starting the turnabout,d:Signal and proceed without checking for traffic",c,"A three‑point turn should only be done when you have clear space and enough time to complete it safely. If any traffic is approaching from either direction, you must wait and yield until the roadway is clear before starting the maneuver.",difficult
2,Traffic Laws & Rules of the Road,Which statement is true about driving too slowly?,"a:Driving too slowly is never unsafe.,b:Speed does not affect safety.,c:It is always safer to drive slower than traffic.,d:Driving too slowly on some highways can be dangerous.",d,"Driving much slower than the flow of traffic can be dangerous because it forces other drivers to brake suddenly or make risky lane changes and passing maneuvers. On some roads there are minimum speed limits, and you must not drive so slowly that you interfere with normal, safe traffic movement.",
8,Special Situations & Road Users,The term 'No zone' refers to:,"a:Blind spots around a truck or bus.,b:A special reduced-speed area.,c:A roadway with restricted radio volume.,d:A designated no-parking zone.",a,"A 'No‑zone' is the large blind spot area around trucks and buses where the driver cannot see you in their mirrors. These areas are along both sides, directly behind, and sometimes directly in front of the vehicle. Avoid lingering in these zones so the truck or bus driver can see you and react safely.",
4,Safe & Defensive Driving Practices,"When driving to an unfamiliar area, what is the best practice?","a:Start driving and look up directions on the road,b:Depend only on road signs while driving,c:Plan your trip in advance,d:Only have a vague idea of your destination",c,"Planning your trip before you drive—by checking a map, GPS, or written directions—reduces the need to look away from the road and make last‑second decisions. This helps you stay focused on traffic and hazards instead of trying to figure out where to go while driving.",
5,Driving in Special Conditions,How can you prevent hydroplaning?,"a:Use high beams in the rain.,b:Drive faster over puddles to clear water.,c:Shift into neutral when entering water.,d:Keep tires with good tread and proper inflation",d,"Hydroplaning happens when your tires ride on top of water and lose contact with the road. Keeping tires properly inflated, with good tread depth, and driving at lower speeds in wet conditions greatly reduces the risk. Sudden speed changes or driving fast through water make hydroplaning more likely.",
6,"Alcohol, Drugs & Impaired Driving",What is the penalty for refusing a chemical test when requested by law enforcement in South Carolina?,"a:One month.,b:Three months.,c:Six months.",c,"Under South Carolina's implied consent law, refusal to submit to chemical testing results in a six-month license suspension, in addition to other penalties.",
4,Safe & Defensive Driving Practices,How should you scan the road to prepare for hazards?,"a:Continuously scan the road and roadsides rather than staring straight ahead.,b:Stare straight ahead at all times.,c:Keep your left foot lightly on the brake when scanning.,d:Focus only on the vehicle directly ahead.",a,"Safe drivers constantly scan ahead, to the sides, and check mirrors so they can spot hazards early. Looking far down the road and along the roadsides gives you more time to react to braking traffic, pedestrians, or obstacles, instead of staring only straight ahead or at the vehicle directly in front of you.",
4,Safe & Defensive Driving Practices,"If a vehicle is tailgating you on a two-lane road and you cannot change lanes, what should you do?","a:Speed up to increase distance between you and the tailgater,b:Slow down gradually to encourage the tailgater to pass,c:Brake sharply to frighten them away,d:Stop in your lane until they pass",b,"If you are being tailgated and cannot change lanes, gradually slowing down increases the following distance and often encourages the tailgater to pass when it is safe. Avoid speeding up or braking suddenly, as both can increase the risk of a rear‑end collision.",
4,Safe & Defensive Driving Practices,"As you approach the crest of a hill, what is the best precaution?","a:Maintain the same speed you had earlier.,b:Prepare to stop if necessary.,c:Speed up slightly to clear the hill.",b,"When you approach the crest of a hill, you cannot see what is ahead—stopped traffic, a slow vehicle, an animal, or debris may be just over the top. You should ease off the accelerator, cover the brake, and be prepared to stop if necessary. Speeding up reduces your time to react and increases stopping distance, making it more dangerous.",
8,Special Situations & Road Users,"Approaching a stopped emergency vehicle with lights flashing, what must you do?","a:Maintain speed and pass closely.,b:Change lanes away from it,c:Drive to the right and stop in the lane next to it.,d:Speed up to get past the scene quickly.",b,"If an emergency or roadside assistance vehicle is stopped with lights flashing, change lanes away; if unsafe, slow to below the posted speed and give space.",
6,"Alcohol, Drugs & Impaired Driving","On average, how fast does the body eliminate alcohol?","a:Two drinks per hour.,b:Three drinks per hour.,c:About one standard drink per hour.",c,"The body typically processes alcohol at an average rate of about one standard drink per hour, though this varies by person based on weight, sex, health, and other factors. Nothing—coffee, cold showers, or exercise—can speed this up; only time reduces your blood alcohol concentration.",
5,Driving in Special Conditions,"If an oncoming driver fails to dim their headlights at night, where should you look to avoid being blinded?","a:Toward the center of the roadway.,b:Look straight ahead at the lights.,c:Toward the right side of the road.",c,"If an oncoming driver does not dim their high beams, do not stare into the bright lights. Instead, glance toward the right edge of your lane or the right side of the road to use the lane line or road edge as a guide. This helps you avoid being blinded while keeping your vehicle in the proper lane.",
2,Traffic Laws & Rules of the Road,"On a highway marked with double solid yellow lines, which action is allowed?","a:You may not cross them under any circumstance.,b:You may cross only to make a left turn into or from an alley, private road, or driveway.,c:You may cross them to pass other vehicles if there is no oncoming traffic.",b,"Double solid yellow lines mean passing is prohibited for traffic in both directions. You may not cross them to pass another vehicle. However, you are allowed to cross double solid yellow lines to make a left turn into or from an alley, side street, private road, or driveway when it is safe.",
3,"Signs, Signals & Road Markings",What is the purpose of broken yellow lines on the roadway?,"a:They separate lanes of traffic moving in opposite directions and indicate passing may be allowed.,b:They separate lanes of traffic moving in the same direction.,c:They mark pedestrian crosswalks.",a,Broken yellow lines separate lanes of traffic moving in opposite directions and show that you may pass another vehicle when it is safe and legal to do so. You must still check for oncoming traffic and road conditions before crossing the line.,
6,"Alcohol, Drugs & Impaired Driving",Drowsiness while driving can have effects similar to what other impairments?,"a:It has no effect on driving ability.,b:It makes you a better driver.,c:It can impair your judgment similar to alcohol and drugs.",c,"Drowsy driving slows your reaction time, narrows your attention, and harms your judgment in ways very similar to alcohol or drug impairment. A tired driver may drift from their lane, miss hazards, or react too slowly to avoid a crash.",
2,Traffic Laws & Rules of the Road,"On a four-lane highway, slower traffic should use which lane?","a:The right lane.,b:The center lane.,c:Any lane as long as you signal.,d:The left lane.",a,"On multi-lane roads, slower traffic should keep right so faster vehicles can pass on the left. The left lane is generally used for passing or faster-moving traffic, which helps traffic flow smoothly and reduces lane-changing conflicts.",
3,"Signs, Signals & Road Markings",What does a yellow diamond-shaped sign with black symbols typically indicate?,"a:Directions to nearby cities and towns,b:Maximum speed limits,c:Traffic laws and regulations,d:A warning about conditions on or near the road ahead",d,"Yellow diamond-shaped signs with black symbols are warning signs. They alert you to conditions such as curves, intersections, pedestrian crossings, or other hazards so you can slow down and be prepared.",
3,"Signs, Signals & Road Markings",What does a broken yellow line beside a solid yellow line mean about passing?,"a:Passing is prohibited from either direction.,b:Passing is permitted from the side with the broken line and prohibited from the solid line side.,c:Passing is permitted from the side next to the solid line.",b,"A broken yellow line next to a solid yellow line means passing is allowed only for traffic on the side with the broken line, and not allowed for traffic on the side with the solid line. This is used where passing is safe in one direction but too risky in the other.",
3,"Signs, Signals & Road Markings",An octagonal road sign always means what?,"a:Stop.,b:Speed limit.,c:Hospital ahead.",a,"An eight‑sided (octagonal) sign is reserved exclusively for STOP signs. When you see this shape, you must come to a complete stop at the limit line, crosswalk, or before entering the intersection, and proceed only when it is safe.",
2,Traffic Laws & Rules of the Road,"When approaching a heavy truck from behind while going uphill, what should you expect?","a:The truck must always pull over to let you pass.,b:You will always be able to safely pass the truck.,c:The truck may be traveling slower than the posted speed limit and passing may be unsafe.,d:The truck will always be at posted speed.",c,"Large trucks often slow down on upgrades because of their weight, so they may travel below the posted speed limit. On hills, curves, or where visibility is limited, passing can be unsafe or illegal because you may not see oncoming traffic in time. Be patient and only pass where it is legal and you have clear sight distance.",
4,Safe & Defensive Driving Practices,When should you look over your shoulder to check your blind spot?,"a:Only when passing another vehicle.,b:When changing lanes.,c:Only when parking.",b,"You must check your blind spots by quickly looking over your shoulder whenever you change lanes, merge, or move laterally in traffic, because mirrors do not show every area around your vehicle. A shoulder check helps you see vehicles, motorcycles, bicycles, or pedestrians that may be hidden in your blind spots.",
8,Special Situations & Road Users,Is nighttime the safest time for cyclists to ride?,"a:True,b:False",b,Nighttime is more dangerous for cyclists because they are harder for drivers to see and depth perception and reaction times are reduced in the dark. Both drivers and bicyclists must use lights and reflectors as required by law and exercise extra caution after dark.,
8,Special Situations & Road Users,"When driving near a motorcycle, what must you allow the motorcyclist to use?","a:Only half of a lane.,b:A complete lane (full lane width).,c:The shoulder beside the lane.",b,"Motorcycles are entitled to a full lane, just like any other motor vehicle. Do not crowd a motorcycle or share a lane with it; give the rider the entire lane width so they have room to maneuver around hazards and maintain stability.",
5,Driving in Special Conditions,"In fog, rain, or snow, which lights should you use?","a:Low beam headlights.,b:High beam headlights.,c:Fog lights only.",a,"In fog, rain, or snow, you should use low-beam headlights because their light aims down toward the road and is less likely to reflect back at you. High beams can bounce off moisture in the air and create glare, making it harder to see.",
3,"Signs, Signals & Road Markings",A solid red arrow on a traffic signal means:,"a:The arrow is only advisory.,b:You may turn if no oncoming traffic is present.,c:Drivers may proceed with caution.,d:The same as a circular red light; do not turn in the arrow's direction.",d,A solid red arrow means you must stop and may not go in the direction of the arrow while it is red. It functions like a circular red light for that specific turning movement: no turns are allowed in that direction until the signal changes or a sign specifically allows a turn on red where permitted by law.,
6,"Alcohol, Drugs & Impaired Driving",What is the only thing that reduces blood alcohol concentration (BAC) and alcohol's effects on the body?,"a:Eating foods high in fat.,b:Drinking caffeine.,c:Time.",c,"Only time lowers your blood alcohol concentration. Your body must metabolize the alcohol, and this process cannot be sped up by food, coffee, cold showers, or exercise. You may feel more awake with caffeine, but you will still be impaired until enough time has passed.",
4,Safe & Defensive Driving Practices,True or False: Your driving speed has no effect on the distance your vehicle travels after you apply the brakes.,"a:TRUE,b:FALSE,c:Only on dry roads,d:Only with ABS brakes",b,"Speed has a major effect on stopping distance. The faster you drive, the longer it takes to react and the farther your vehicle travels after you hit the brakes. Both reaction distance and braking distance increase with speed, so higher speeds require much more space to stop safely.",
4,Safe & Defensive Driving Practices,"When passing a row of parked vehicles, what should you be prepared for?","a:Assume parked cars will stay stationary,b:Driving closely to parked vehicles to allow more room for traffic,c:A person or vehicle to suddenly enter your lane,d:Other drivers and pedestrians will always observe the right-of-way",c,"When passing parked vehicles, you should expect that a car door might open, a vehicle might pull out, or a pedestrian might step into your lane. Slow down if needed, leave extra space, and be ready to brake or steer smoothly to avoid sudden hazards.",
2,Traffic Laws & Rules of the Road,What does a steady green light at an intersection mean?,"a:Only pedestrians may proceed.,b:You may drive through the intersection if the way is clear and may turn unless prohibited,c:You must stop and check for oncoming traffic before proceeding.,d:Slow down and prepare to stop.",b,"A steady green light means you may go straight or turn, if it is not prohibited by signs or signals, but only if the intersection is clear. You must still yield to pedestrians in the crosswalk and to any vehicles already in the intersection.",
2,Traffic Laws & Rules of the Road,Another driver is attempting to pass your vehicle. What should you do?,"a:Pull off the road,b:Check for oncoming traffic and adjust your speed to allow safe passing,c:Signal to the other driver when it is safe for them to pass,d:Speed up to prevent them from passing",b,"When another driver is passing you, stay in your lane, maintain a steady speed, or slightly reduce speed if needed so they can pass and return safely. Do not speed up or signal them when to pass; simply make it easier and safer for them to complete the maneuver.",
3,"Signs, Signals & Road Markings",What do pentagonal road signs indicate?,"a:No passing zones.,b:Speed limits.,c:School zones and school crossings.,d:General warning signs.",c,"Pentagonal (five-sided) signs are used for school zones and school crossings. When you see this shape, slow down, watch carefully for children, and be prepared to stop for pedestrians in or approaching the crosswalk.",
3,"Signs, Signals & Road Markings",Traffic signs with an orange background typically warn of:,"a:School zones.,b:General roadway hazards.,c:Regulatory rules.,d:Construction and maintenance work.",d,"Orange traffic signs are used for temporary traffic control in construction and maintenance areas. They warn you of road work, lane shifts, workers, and equipment so you can slow down, follow directions, and drive with extra caution.",
3,"Signs, Signals & Road Markings",A flashing yellow traffic light indicates drivers should:,"a:Yield only to pedestrians.,b:Slow down and proceed with caution.,c:Stop and wait for green.,d:Speed up to clear the intersection.",b,"A flashing yellow light means you do not have to stop, but you must slow down and proceed with extra caution. Look for cross traffic, pedestrians, and other hazards, and be prepared to yield if necessary.",
2,Traffic Laws & Rules of the Road,"From which lane should you begin a left turn from multilane, one-way streets?","a:The middle of the intersection.,b:The right lane.,c:The left lane.",c,"On a multilane, one‑way street, you must begin a left turn from the leftmost lane that is designated for left turns. Starting from the correct lane keeps you aligned with traffic and prevents cutting across other lanes during the turn.",
2,Traffic Laws & Rules of the Road,"When entering an interstate highway from a ramp, what should you do?","a:Use the ramp and acceleration lane to match freeway speed, check traffic, and merge into a safe gap.,b:Stop at the end of the ramp and enter when it feels safe.,c:Slow to well below freeway speed so other drivers can adjust.",a,"When entering an interstate, use the entrance ramp and acceleration lane to match the speed of traffic, check mirrors and blind spots, and merge when there is a safe gap. You should not stop at the end of the ramp unless traffic or signals require it, because stopping makes merging dangerous.",
2,Traffic Laws & Rules of the Road,When are you required to stop your vehicle?,"a:Only when there is a stop sign.,b:Whenever a police officer orders you to stop.,c:At a steady or flashing red traffic light.,d:Both b and c.",d,"You must stop whenever a police officer directs you to and at steady or flashing red traffic lights, as well as at stop signs and certain other situations. Traffic control devices and lawful orders from officers must always be obeyed.",
6,"Alcohol, Drugs & Impaired Driving","Before driving after taking medication, what should you do?","a:Double your following distance only at night.,b:Make more rest stops than usual.,c:Drive immediately so the medicine won't affect you.,d:Understand the medication's effects and adjust your driving.",d,"Many prescription and over‑the‑counter medicines can make you drowsy, dizzy, or slow your reactions. Always read the label or ask a doctor or pharmacist how the medication may affect driving, and avoid driving if it can impair your alertness, coordination, or judgment.",
8,Special Situations & Road Users,"When sharing the road with bicyclists, you should do which of the following?","a:Treat bicycles as vehicles on the road and be extra careful when near them.,b:Pass as closely as possible because they're small.,c:Expect them to always yield to you.",a,"Bicycles are vehicles and usually have the same rights and duties as drivers. Give cyclists extra space, pass only when it is safe, and never crowd them. Leave a wide clearance when passing and be careful not to turn across their path after you pass.",
3,"Signs, Signals & Road Markings",A solid yellow line next to a broken yellow line indicates what?,"a:Vehicles next to the broken line may pass when safe.,b:Vehicles in both directions may pass anytime.,c:Vehicles next to the solid line may pass.",a,"A solid yellow line next to a broken yellow line means only the vehicles on the side with the broken line are allowed to pass, and only when it is safe. Vehicles on the side with the solid yellow line must not cross it to pass.",
2,Traffic Laws & Rules of the Road,You arrive at a 4-way stop at the same time as a driver on your left. Who has the right of way?,"a:The driver on your left, because they were there first,b:You have the right of way — the driver to your left must yield to you,c:Whoever signals first proceeds first,d:The driver going straight always has priority",b,"At a 4-way stop when two vehicles arrive simultaneously, the driver to the RIGHT has the right of way. Since the other driver is to your LEFT, you are to their right — meaning you have the right of way and should proceed first.",medium
5,Driving in Special Conditions,"If you must make an emergency stop on an interstate, what should you do?","a:Get out of your vehicle and flag down the first vehicle that passes.,b:Pull off the road, turn on your emergency flashers, and stay in your vehicle, if you can.,c:Sound your horn at passing cars to get their attention.",b,"If you must stop on an interstate, pull completely off the travel lanes onto the shoulder if possible, turn on your emergency flashers so others can see you, and stay inside your vehicle with your seat belt fastened unless there is an immediate danger such as fire or traffic striking your vehicle.",
2,Traffic Laws & Rules of the Road,"When preparing to pass on a two-lane road, what should be your primary check?","a:Judge the distance and speed of oncoming vehicles.,b:Flash your headlights as you pass.,c:Sound your horn as you pass.,d:Assume oncoming traffic will slow down.",a,"Before passing on a two-lane road, your main concern is whether there is enough clear space ahead in the oncoming lane. Carefully judge the distance and speed of oncoming vehicles and only begin passing if you are sure you can complete the maneuver and return to your lane without forcing any other driver to slow or swerve.",
3,"Signs, Signals & Road Markings",On which road marking may you legally pass another vehicle?,"a:You are on a road with a solid line next to your lane.,b:You are on a hill or curve.,c:You are on a road with a broken line next to your lane.",c,"A broken center line next to your lane means you may pass when it is safe. A solid line next to your lane means you must not pass, and you should never pass on hills, curves, or anywhere your view of oncoming traffic is limited.",
2,Traffic Laws & Rules of the Road,"After passing another vehicle, you should move back into your original lane when:","a:You have cleared the front bumper of the passed vehicle.,b:You can see the passed vehicle’s headlights in your rearview mirror.,c:You are 50 feet ahead of the passed vehicle.,d:The passing vehicle signals you to move over.",b,"After passing, do not move back into your original lane until you can see the front of the vehicle you passed (its headlights in the daytime or at night) in your rearview mirror. This ensures you have enough space ahead and do not cut off the other driver.",difficult
3,"Signs, Signals & Road Markings",What do blue traffic signs generally indicate?,"a:Regulatory requirements like speed limits.,b:Mileage distances to locations.,c:Construction and maintenance warnings.,d:Information on motorist services (rest areas, hospitals, food).",d,"Blue traffic signs are service signs. They give information about motorist services such as rest areas, gas stations, food, lodging, and hospitals along the roadway.",
5,Driving in Special Conditions,"When entering a freeway, how should you check traffic to merge safely?","a:Using your side mirror and looking over your shoulder.,b:Using only your rearview mirror.,c:Using your rearview and side mirrors without looking over your shoulder.",a,"Before merging onto a freeway, use your mirrors and then look over your shoulder to check your blind spot. This helps you see vehicles that are not visible in your mirrors so you can choose a safe gap and merge smoothly.",
4,Safe & Defensive Driving Practices,"If a child is about to run into the street, what should you do?","a:Sound a sharp blast of your horn while being prepared to stop.,b:Flash your headlights.,c:Continue at the same speed.",a,"If a child appears ready to run into the street, immediately cover the brake and be prepared to stop while giving a sharp blast of your horn to warn the child and others nearby. Use the horn to alert, but your primary responsibility is to slow or stop to avoid a collision.",
8,Special Situations & Road Users,What must you do when approaching a pedestrian who uses a guide dog or white cane?,"a:Honk so they know to clear the way.,b:Swerve quickly around them.,c:Yield the right-of-way.",c,Stop and give the blind pedestrian the right-of-way; do not honk or attempt to steer around them abruptly.,
6,"Alcohol, Drugs & Impaired Driving",Any amount of alcohol in your blood may affect which abilities?,"a:Right-of-way privileges.,b:Judgment and physical coordination.,c:Knowledge.",b,"Any amount of alcohol can affect your judgment and physical coordination, even if you do not feel drunk. Because driving requires quick decisions and precise control, even small amounts of alcohol can make driving unsafe.",
