section-num,section-name,question,options,correct-answer,note,difficulty
2,Traffic Laws & Rules of the Road,What is the minimum age to apply for a learner's permit in Connecticut?,"a:14,b:15,c:15 and a half,d:16",d,"Connecticut requires applicants to be at least 16 years old to apply for a learner's permit — one of the older permit ages in the United States. Most states allow permits at 15 or 15½, making Connecticut's 16-year minimum a state-specific fact commonly tested on the CT DMV exam.",medium
2,Traffic Laws & Rules of the Road,What is the legal BAC limit for adult drivers (age 21+) in Connecticut?,"a:0.04%,b:0.06%,c:0.08%,d:0.10%",c,Connecticut's per se DUI limit is 0.08% BAC for adult drivers. Reaching 0.08% is itself sufficient for a DUI charge regardless of apparent impairment. Commercial drivers face a stricter 0.04% limit.,medium
2,Traffic Laws & Rules of the Road,"Under Connecticut's GDL program, how many hours of supervised driving must a permit holder complete before upgrading to a restricted license?","a:20 hours,b:30 hours,c:40 hours,d:50 hours",c,"Connecticut law requires a minimum of 40 hours of supervised, behind-the-wheel driving practice before a 16- or 17-year-old permit holder can apply for a driver's license.",medium
2,Traffic Laws & Rules of the Road,Connecticut requires a learner's permit holder to hold the permit for how long before applying for a restricted license?,"a:3 months,b:6 months,c:9 months,d:12 months",b,Connecticut requires permit holders to hold the learner's permit for at least 6 months (180 days) before applying for a restricted operator's license at age 16½. This holding period ensures permit holders gain adequate supervised experience.,medium
2,Traffic Laws & Rules of the Road,"Under Connecticut law, what curfew restriction applies to licensed 16- and 17-year-old drivers?","a:They cannot drive between 10:00 PM and 6:00 AM.,b:They cannot drive between 11:00 PM and 5:00 AM.,c:They cannot drive between Midnight and 5:00 AM.,d:They cannot drive after 9:00 PM.",b,"In Connecticut, licensed drivers who are 16 or 17 years old are prohibited from driving between 11:00 PM and 5:00 AM, unless traveling for employment, school, religious activities, or medical necessity.",medium
2,Traffic Laws & Rules of the Road,What is the default speed limit on urban streets in Connecticut when no speed limit sign is posted?,"a:20 mph,b:25 mph,c:30 mph,d:35 mph",c,"Connecticut's default speed limit in urban areas is 25 mph when no other limit is posted. In business and residential districts, the default is specifically set at 25 mph — drivers should not assume a higher speed is legal without a posted sign.",medium
2,Traffic Laws & Rules of the Road,You are driving on a Connecticut highway and see an emergency vehicle pulled over with flashing lights. What does the Move Over law require?,"a:Honk and slow to 20 mph,b:Move one lane away from the stopped vehicle if safe; if not, slow to a safe speed,c:Stop completely until the vehicle leaves,d:Only move over for police — not tow trucks or utility workers",b,"Connecticut's Move Over law requires drivers to move one lane away from any stopped emergency, law enforcement, fire, or towing vehicle with flashing lights. If a lane change is not safe, slow to a reasonable and safe speed.",medium
2,Traffic Laws & Rules of the Road,"In Connecticut, when must you stop for a pedestrian?","a:Only when the pedestrian is in a marked crosswalk,b:Whenever a pedestrian is crossing or about to cross the roadway at a crosswalk — marked or unmarked,c:Only when a pedestrian signal is present,d:Only when the pedestrian is in your direct lane of travel",b,Connecticut law requires drivers to yield to and stop for pedestrians at all crosswalks — including unmarked intersections. Any intersection where two roads meet is legally a crosswalk even without painted lines. Failing to yield to a pedestrian at a crosswalk is a serious moving violation.,medium
2,Traffic Laws & Rules of the Road,What is the speed limit in a Connecticut school zone when children are present?,"a:10 mph,b:15 mph,c:20 mph,d:25 mph",c,Connecticut school zones have a 20 mph speed limit when children are present or zone warning lights are flashing. Always reduce speed well before entering the zone and remain alert for children near the road.,medium
2,Traffic Laws & Rules of the Road,What must you do when a school bus stops on a two-lane Connecticut road and displays flashing red lights?,"a:Stop only if driving behind the bus,b:Slow to 15 mph and pass carefully,c:Stop in both directions at least 10 feet from the bus until lights stop flashing,d:Yield only if children are visibly crossing",c,Connecticut law requires vehicles in both directions on an undivided road to stop at least 10 feet from a school bus with flashing red lights and an extended stop arm. You may not proceed until the lights stop flashing and the arm retracts.,medium
2,Traffic Laws & Rules of the Road,"Under Connecticut law, what happens if a driver under 21 is found driving with any alcohol in their system?","a:They face only a civil fine on the first offense,b:They are subject to DUI penalties under the zero tolerance law since the legal limit is 0.02% for under-21 drivers,c:No penalty unless above 0.08%,d:Only a license warning is issued for the first offense",b,Connecticut's zero tolerance law sets an illegal BAC limit of 0.02% for drivers under 21. Any BAC at or above 0.02% results in license suspension and DUI-related penalties. This effectively prohibits any alcohol use before driving for underage drivers.,medium
2,Traffic Laws & Rules of the Road,Can you turn right on a red light in Connecticut?,"a:No, right turns on red are prohibited statewide,b:Yes, after a complete stop and yielding, unless a sign prohibits it,c:Yes, without stopping if no pedestrians are visible,d:Only between 7 AM and 9 PM",b,Right turns on red are permitted in Connecticut after a complete stop and yielding to pedestrians and cross traffic. Always check for 'No Turn on Red' signs — they are common at many Connecticut intersections.,medium
2,Traffic Laws & Rules of the Road,"On a two-lane Connecticut road, a solid yellow line is on your side of the center. You are approaching a slow-moving vehicle. May you pass?","a:Yes, if you can complete the pass quickly,b:Yes, if the other vehicle is going more than 15 mph below the speed limit,c:No, the solid yellow line on your side prohibits passing by crossing the center,d:Yes, if you signal for at least 100 feet first",c,A solid yellow center line on your side of the road absolutely prohibits crossing to pass another vehicle. Wait for a section where a dashed yellow line is on your side before attempting to pass.,medium
2,Traffic Laws & Rules of the Road,What is the minimum following distance recommended in Connecticut for normal driving conditions?,"a:1 second,b:2 seconds,c:3 seconds,d:4 seconds",c,"Connecticut recommends a minimum 3-second following distance under normal conditions. In rain, fog, or heavy traffic, increase to 4–6 seconds. The 3-second rule gives adequate time to react to a sudden stop in front of you.",medium
2,Traffic Laws & Rules of the Road,"In Connecticut, when an emergency vehicle with sirens and lights approaches from any direction, you must:","a:Speed up to the next intersection and pull over,b:Stop immediately in your current lane,c:Pull to the right edge of the road and stop until the vehicle has passed,d:Move to the left lane and slow down",c,Connecticut law requires drivers to immediately pull to the right side of the road and stop when an emergency vehicle with active lights and siren approaches from any direction. Remain stopped until the vehicle has completely passed.,medium
2,Traffic Laws & Rules of the Road,What does a flashing red light at a Connecticut intersection mean?,"a:Slow down and proceed with caution,b:Stop completely, yield to traffic, then proceed when safe,c:The signal is broken — treat as an uncontrolled intersection,d:Yield to cross traffic only",b,"A flashing red light is treated as a stop sign in Connecticut. Come to a complete stop, look in all directions, yield to existing traffic and pedestrians, and proceed when the way is clear.",medium
2,Traffic Laws & Rules of the Road,What is the maximum speed limit on most Connecticut interstates in rural areas?,"a:55 mph,b:60 mph,c:65 mph,d:70 mph",c,Connecticut's maximum interstate speed limit is 65 mph. Urban sections and portions near Hartford and New Haven are frequently posted at lower limits. Always follow posted signs — Connecticut does not have 70 mph rural interstates like some western states.,medium
2,Traffic Laws & Rules of the Road,"For a newly licensed 16- or 17-year-old driver in Connecticut, who is allowed in the vehicle as a passenger during the first six months?","a:Only immediate family members.,b:Only a licensed driving instructor, parents/guardians, or one qualified trainer age 20+.,c:Any passenger under the age of 21.,d:Up to three non-family passengers.",b,"During the first six months of holding a license, a 16- or 17-year-old Connecticut driver may only carry a licensed driving instructor, parents or a legal guardian, or one person who is at least 20 years old and has held a license for 4+ consecutive years without suspension.",medium
2,Traffic Laws & Rules of the Road,"Under Connecticut's implied consent law, refusing to take a chemical test after a DUI stop results in:","a:No penalty — refusal is a constitutional right,b:A 6-month license suspension for a first refusal,c:Only a fine with no license action,d:A warning on your first offense",b,Connecticut's implied consent law means that driving on public roads constitutes consent to chemical testing. A first-offense refusal results in a 6-month license suspension separate from any DUI charges. Refusal can also be used as evidence in court.,medium
2,Traffic Laws & Rules of the Road,"In Connecticut, what does a solid white line at a crosswalk or intersection indicate?","a:A no-parking zone,b:A stop line — you must stop before the line at a stop sign or red light,c:A bike lane boundary,d:The edge of the travel lane",b,A solid white line across the road at an intersection is a stop line. You must stop with your front wheels behind this line when a stop sign or red light requires a stop. Rolling past the stop line and then stopping is a violation.,medium
2,Traffic Laws & Rules of the Road,"Under Connecticut law, who must wear a seatbelt, and what is the fine for failing to do so?","a:Only front-seat occupants; the fine is $50.,b:Only passengers under 18; the fine is $100.,c:All drivers and passengers must wear seatbelts; the fine is $75 for each violator.,d:Only the driver; the fine is $25.",c,"Connecticut law requires all drivers and passengers to wear a seatbelt. If either the driver or any passenger fails to do so, they can be cited individually and fined $75.",medium
2,Traffic Laws & Rules of the Road,You arrive at a 4-way stop at the same time as a driver on your left. Who has the right of way?,"a:The driver on your left, because they were there first,b:You have the right of way — the driver to your left must yield to you,c:Whoever signals first proceeds first,d:The driver going straight always has priority",b,"At a 4-way stop when two vehicles arrive simultaneously, the driver to the RIGHT has the right of way. Since the other driver is to your LEFT, you are to their right — meaning you have the right of way and should proceed first.",medium
2,Traffic Laws & Rules of the Road,Which of the following cell phone restrictions applies to 16- and 17-year-old drivers in Connecticut?,"a:They may use hands-free cell phones only.,b:They may use cell phones at any time.,c:They may not use any cell phone or mobile electronic device, even if hands-free.,d:They may only use cell phones for text messaging.",c,"In Connecticut, learner's permit holders and 16- and 17-year-old licensed drivers are strictly prohibited from using any cell phone (including hands-free devices) or mobile electronic devices while driving, except in an emergency.",medium
2,Traffic Laws & Rules of the Road,A driver with a Connecticut learner's permit is driving alone at 7 PM on a Tuesday. Is this legal?,"a:Yes, permit holders may drive alone during daylight hours only,b:No, permit holders must always drive with a licensed adult at least 20 years old in the front seat,c:Yes, learner's permit holders have no passenger restrictions,d:No, permit holders may only drive on weekends",b,Connecticut learner's permit holders must always be accompanied by a licensed adult at least 20 years old sitting in the front passenger seat. Driving alone on a learner's permit is illegal regardless of the time of day.,medium
2,Traffic Laws & Rules of the Road,"Under Connecticut law, when are you required to turn on your vehicle's headlights?","a:Only from 8:00 PM to 6:00 AM.,b:From sunset to sunrise, when visibility is less than 500 feet, and whenever you use your windshield wipers.,c:Only during heavy rain or snow storms.,d:Only when driving on highways after dark.",b,"Connecticut law requires drivers to turn on headlights from sunset to sunrise, whenever visibility is reduced to less than 500 feet, and any time windshield wipers are in use due to rain, snow, or sleet.",medium
5,Driving in Special Conditions,"If you must make an emergency stop on an interstate, what should you do?","a:Get out of your vehicle and flag down the first vehicle that passes.,b:Pull off the road, turn on your emergency flashers, and stay in your vehicle, if you can.,c:Sound your horn at passing cars to get their attention.",b,"If you must stop on an interstate, pull completely off the travel lanes onto the shoulder if possible, turn on your emergency flashers so others can see you, and stay inside your vehicle with your seat belt fastened unless there is an immediate danger such as fire or traffic striking your vehicle.",
2,Traffic Laws & Rules of the Road,"When preparing to pass on a two-lane road, what should be your primary check?","a:Judge the distance and speed of oncoming vehicles.,b:Flash your headlights as you pass.,c:Sound your horn as you pass.,d:Assume oncoming traffic will slow down.",a,"Before passing on a two-lane road, your main concern is whether there is enough clear space ahead in the oncoming lane. Carefully judge the distance and speed of oncoming vehicles and only begin passing if you are sure you can complete the maneuver and return to your lane without forcing any other driver to slow or swerve.",
3,"Signs, Signals & Road Markings",On which road marking may you legally pass another vehicle?,"a:You are on a road with a solid line next to your lane.,b:You are on a hill or curve.,c:You are on a road with a broken line next to your lane.",c,"A broken center line next to your lane means you may pass when it is safe. A solid line next to your lane means you must not pass, and you should never pass on hills, curves, or anywhere your view of oncoming traffic is limited.",
2,Traffic Laws & Rules of the Road,"After passing another vehicle, you should move back into your original lane when:","a:You have cleared the front bumper of the passed vehicle.,b:You can see the passed vehicle’s headlights in your rearview mirror.,c:You are 50 feet ahead of the passed vehicle.,d:The passing vehicle signals you to move over.",b,"After passing, do not move back into your original lane until you can see the front of the vehicle you passed (its headlights in the daytime or at night) in your rearview mirror. This ensures you have enough space ahead and do not cut off the other driver.",difficult
3,"Signs, Signals & Road Markings",What do blue traffic signs generally indicate?,"a:Regulatory requirements like speed limits.,b:Mileage distances to locations.,c:Construction and maintenance warnings.,d:Information on motorist services (rest areas, hospitals, food).",d,"Blue traffic signs are service signs. They give information about motorist services such as rest areas, gas stations, food, lodging, and hospitals along the roadway.",
5,Driving in Special Conditions,"When entering a freeway, how should you check traffic to merge safely?","a:Using your side mirror and looking over your shoulder.,b:Using only your rearview mirror.,c:Using your rearview and side mirrors without looking over your shoulder.",a,"Before merging onto a freeway, use your mirrors and then look over your shoulder to check your blind spot. This helps you see vehicles that are not visible in your mirrors so you can choose a safe gap and merge smoothly.",
8,Special Situations & Road Users,What must you do when approaching a pedestrian who uses a guide dog or white cane?,"a:Honk so they know to clear the way.,b:Swerve quickly around them.,c:Yield the right-of-way.",c,Stop and give the blind pedestrian the right-of-way; do not honk or attempt to steer around them abruptly.,
6,"Alcohol, Drugs & Impaired Driving",Alcohol is classified as which type of substance?,"a:A depressant.,b:A stimulant.,c:An antihistamine.",a,"Alcohol is a central nervous system depressant. It slows brain activity and impairs judgment, coordination, and reaction time, making it dangerous to drive after drinking.",
6,"Alcohol, Drugs & Impaired Driving",Any amount of alcohol in your blood may affect which abilities?,"a:Right-of-way privileges.,b:Judgment and physical coordination.,c:Knowledge.",b,"Any amount of alcohol can affect your judgment and physical coordination, even if you do not feel drunk. Because driving requires quick decisions and precise control, even small amounts of alcohol can make driving unsafe.",
4,Safe & Defensive Driving Practices,When is using your horn appropriate?,"a:When it may help prevent a collision.,b:When another driver makes a mistake.,c:When another vehicle is in your way and you want them to move.",a,"Use your horn only to alert others to a potential collision or to warn of immediate danger. Do not use it to show anger, impatience, or to punish other drivers for mistakes.",
8,Special Situations & Road Users,"At a crosswalk, who has the right-of-way?","a:Construction workers must yield to you.,b:You must yield to pedestrians.,c:Pedestrians must yield to you.",b,"Drivers must yield to pedestrians in crosswalks, whether marked or unmarked, when pedestrians are in or approaching your lane. Always be prepared to stop for people crossing the street.",
3,"Signs, Signals & Road Markings",What does a green arrow signal require you to do?,"a:Proceed immediately without yielding.,b:Ignore any pedestrians in the intersection.,c:Wait four seconds before proceeding.,d:Yield to vehicles, bicyclists, and pedestrians in the intersection, then complete the turn.",d,"A green arrow gives you a protected movement in the direction of the arrow, but you must still yield to any vehicles, bicyclists, or pedestrians already in the intersection before you complete your turn.",
5,Driving in Special Conditions,Why is winter driving more hazardous than other seasons?,"a:There are increased hours of darkness.,b:Road conditions can be affected by freezing temperatures, ice, snow, and fog.,c:Both of the above.",c,"Winter driving is more dangerous because there are more hours of darkness and road surfaces can become slippery or obscured by ice, snow, and fog. These conditions reduce traction and visibility, requiring slower speeds and greater following distances.",
2,Traffic Laws & Rules of the Road,What general attitude should a driver have about right-of-way rules?,"a:Assume most drivers obey the right-of-way rules.,b:Always be prepared to yield the right-of-way.,c:Assume all drivers automatically obey the right-of-way rules.",b,"Right-of-way laws say who should go first, but they do not guarantee that others will follow them. Safe drivers always stay ready to yield, even when they legally have the right-of-way, if yielding will prevent a collision.",
5,Driving in Special Conditions,"If a tire blows out suddenly while you're driving, what steps should you take?","a:Hold the steering wheel firmly, ease off the accelerator, and exit the traffic lane slowly.,b:Pump the brakes rapidly to stop quickly.,c:Brake hard and steer immediately to the right edge.,d:Turn on your hazards and speed up to reach the shoulder faster.",a,"When a tire blows out, the car may pull to one side. Hold the steering wheel firmly, ease off the accelerator, and let the vehicle slow down. Once it is under control and speed has dropped, steer gradually off the road and brake gently if needed. Sudden hard braking or sharp steering can cause loss of control.",
6,"Alcohol, Drugs & Impaired Driving",How many alcoholic drinks does it take to affect your driving ability?,"a:One,b:Two,c:Three",a,"Alcohol begins to affect judgment and reaction time with the first drink. Even one drink can impair your ability to drive safely, so the safest choice is not to drive after drinking any amount of alcohol.",
6,"Alcohol, Drugs & Impaired Driving",What is the only thing that can reduce blood alcohol concentration (BAC)?,"a:Time,b:Eating foods high in fat,c:Drinking caffeine",a,"Once alcohol is in your system, only time allows your body to metabolize it and lower your BAC. Food, coffee, cold showers, or exercise may make you feel more awake but do not speed up the elimination of alcohol.",
8,Special Situations & Road Users,"When ridden on public roadways, bicycles are legally classified as:","a:Pedestrians.,b:Vehicles.,c:Hazards.,d:Motor vehicles.",b,"Bicycles ridden on public roads are treated as vehicles. Cyclists must obey traffic signals, signs, lane markings, and right‑of‑way rules just like drivers of cars, including stopping at red lights and stop signs and riding in the same direction as traffic.",
7,Vehicle Ownership & Responsibilities,"If your vehicle has a two-part seat belt, how should you wear it?","a:Use only the shoulder belt.,b:Use both the lap and shoulder belts.,c:Use only the lap belt.",b,"If your vehicle has both a lap belt and a shoulder belt, you must wear both. The lap belt should be low and snug across the hips, and the shoulder belt should cross the chest and shoulder, not the neck or under the arm. Using only one part greatly reduces protection in a crash.",
2,Traffic Laws & Rules of the Road,Where is a U-turn prohibited?,"a:On a straight roadway with a clear view for 500 feet in both directions.,b:On or near any curve or hill.,c:In a parking lot.",b,You must not make a U‑turn on or near a curve or hill where you cannot see far enough ahead to be sure it is safe. Limited visibility makes it hard to judge oncoming traffic and can lead to serious head‑on collisions.,
2,Traffic Laws & Rules of the Road,You arrive at a 4-way stop at the same time as another vehicle on your right. Who has the right of way?,"a:You have the right of way because you are on the left,b:The vehicle on your right has the right of way,c:Whoever is going straight has priority,d:The larger vehicle has priority",b,"When two vehicles arrive simultaneously at a 4-way stop, the vehicle on the right has the right of way. The yield-to-the-right rule is a universal standard in the United States. Always be cautious — another driver may not follow the rule correctly.",medium
4,Safe & Defensive Driving Practices,Driving noticeably slower than surrounding traffic is:,"a:Often a hazard because other drivers may become frustrated and try to pass you.,b:Appropriate if you don’t know the speed limit.,c:A good idea if the weather is bad, but you must not drive so slowly that you unnecessarily block or endanger other traffic.",a,"Driving much slower than the normal flow of traffic can be dangerous because other drivers may not expect it and may make sudden or risky lane changes or passing maneuvers. You should generally travel at the speed of traffic (within the speed limit) and adjust your speed reasonably for conditions, such as bad weather, without becoming an unnecessary obstruction.",difficult
4,Safe & Defensive Driving Practices,What qualifies as a driving distraction?,"a:Anything that causes evasive action while driving.,b:Anything that takes your attention away from driving.,c:Anything that causes you to pay more attention to driving.",b,"A driving distraction is anything that takes your attention away from the driving task—your eyes from the road, your mind from driving, or your hands from the wheel. Examples include texting, eating, adjusting controls, or focusing on passengers instead of traffic.",
5,Driving in Special Conditions,"When following another vehicle at night, what headlight setting should you use?","a:Keep your headlights on the low beam setting.,b:Use your high beam headlights.,c:Use your high beam headlights until you are within 10 feet of the vehicle ahead.",a,"Use low beam headlights when following another vehicle at night so you do not shine bright light into the driver’s mirrors and eyes. High beams can blind or distract the driver ahead, increasing the risk of a crash.",
8,Special Situations & Road Users,How must you treat a pedestrian using a guide dog or carrying a white cane?,"a:You must always yield the right-of-way.,b:You must tell them where to cross the street.,c:You only have to yield the right-of-way if you are at a corner.",a,"A pedestrian with a guide dog or white cane is considered blind or visually impaired and must always be given the right-of-way. Slow down or stop well in advance, never crowd them or honk, and allow them to cross at their own pace anywhere they are legally crossing, not just at corners.",
4,Safe & Defensive Driving Practices,A driver should keep watch over which areas around the vehicle?,"a:Only directly in front.,b:Beside, ahead, and to the rear of the vehicle.,c:Only the rearview mirror.,d:Only in the direction of travel.",b,"Safe drivers constantly scan all around their vehicle—far ahead, to both sides, and behind using mirrors. This helps you spot hazards early, adjust speed or lane position, and avoid sudden emergencies.",
5,Driving in Special Conditions,"If your vehicle begins to lose traction on water (hydroplaning), you should:","a:Drive at a constant speed to gain better traction.,b:Apply the brakes firmly to prevent your vehicle from sliding.,c:Slow down gradually and not apply the brakes.",c,"When hydroplaning, your tires are riding on water instead of the road. Ease off the accelerator and slow down gradually without sudden braking or steering. Hard braking can cause a skid and complete loss of control.",
7,Vehicle Ownership & Responsibilities,"When parking on any hill, what should you do?","a:Turn your front wheels parallel to the road regardless.,b:Use your parking brake and leave the vehicle in Park.,c:Leave the vehicle in neutral to relieve brake pressure.,d:Always point the wheels toward the center of the road.",b,"On any hill, always set the parking brake and leave the vehicle in Park (or in gear with a manual). Turn the front wheels so if the vehicle rolls, it will roll into the curb or away from traffic, not down the hill into the roadway.",
5,Driving in Special Conditions,"If you encounter a deep puddle in the roadway, what is the safest action?","a:Avoid the puddle if possible.,b:Maintain the posted speed to make it through the water.,c:Shift into neutral while driving through it.,d:Speed up to create a wake and drive through.",a,"Deep water can cause hydroplaning, engine damage, or loss of control. If you can safely avoid a deep puddle, do so. If you must drive through water, slow down, keep a steady speed, and stay in the shallowest part.",
5,Driving in Special Conditions,"If you see animals standing near the roadway while driving, what should you do?","a:Speed up to scare them away.,b:Slow down and proceed with caution.,c:Quickly swerve into the next lane.",b,"When animals are near the road, slow down and be prepared to stop. Animals can move unpredictably into your path. Do not speed up or swerve suddenly, as that can cause you to lose control or hit another vehicle.",
4,Safe & Defensive Driving Practices,Which action can reduce incidents of road rage?,"a:Use your horn frequently.,b:Always signal when changing lanes.,c:Talk on your cell phone while driving.,d:Tailgate slower drivers to encourage them.",b,"Always signal before changing lanes so other drivers know what you intend to do. Clear communication helps prevent surprises, misunderstandings, and aggressive reactions that can lead to road rage.",
3,"Signs, Signals & Road Markings","Approaching an intersection with a flashing red light, how should you respond?","a:Slow down and yield the right-of-way.,b:Drive carefully through without stopping.,c:Come to a complete stop, check traffic, and go when safe.,d:Treat it as a yield sign.",c,"A flashing red light is treated the same as a stop sign. You must come to a complete stop, yield to any traffic or pedestrians with the right-of-way, and then proceed only when it is safe.",
7,Vehicle Ownership & Responsibilities,"If your vehicle develops a mechanical problem while driving, what should you do?","a:Signal and pull into the slow lane.,b:Put on your hazard lights and pull off the road.,c:Stop in your lane and put on your hazard lights.",b,"If your vehicle has a mechanical problem, turn on your hazard lights and carefully steer off the roadway to a safe place. Making your vehicle visible and getting out of moving traffic reduces the risk of a collision.",
5,Driving in Special Conditions,"If bad weather reduces your visibility, you should:","a:Speed up to get off the road quickly.,b:Drive in the lane closest to oncoming traffic.,c:Increase your following distance.",c,"When visibility is reduced by bad weather, slow down and increase your following distance. The extra space gives you more time to see hazards and stop safely if traffic ahead slows or stops.",
5,Driving in Special Conditions,"If an oncoming vehicle has its high beams on and is blinding you at night, you should:","a:Look ahead toward the left edge of your lane.,b:Look ahead toward the right edge of your lane.,c:Look straight ahead in your lane.",b,"At night, if oncoming high beams are blinding you, do not look directly at the lights. Instead, glance toward the right edge of your lane and use your peripheral vision to keep your vehicle centered until the other car passes.",
3,"Signs, Signals & Road Markings",Regulatory road signs are commonly what color background?,"a:Yellow.,b:Green.,c:White.,d:Blue.",c,"Regulatory signs tell you about traffic laws and regulations you must obey, such as speed limits, lane use, and parking rules. In the U.S., these are most commonly white rectangles with black, red, or green symbols or lettering, which is why white is the standard background color associated with regulatory signs.",
2,Traffic Laws & Rules of the Road,"When preparing to exit an interstate, when should you reduce your speed?","a:About halfway through the deceleration lane.,b:As you approach the deceleration lane.,c:Immediately upon entering the deceleration lane.",c,"On an interstate, you should maintain highway speed until you are actually in the deceleration lane. Once you enter the deceleration lane, then begin slowing to the advisory or posted speed for the exit ramp. Slowing too early on the main roadway can surprise faster traffic behind you and increase the risk of a rear-end collision.",
4,Safe & Defensive Driving Practices,"Before entering an intersection, in what order should you scan?","a:Left–right–left.,b:Left only.,c:Right–left–right.",a,"Before entering an intersection, you should scan left, then right, then left again. Traffic coming from your left is closer to you and will reach the intersection sooner, so you check that direction first, then check for hazards from the right, and finally recheck the left to be sure it is still clear before you proceed.",
3,"Signs, Signals & Road Markings",No passing zone signs and markings indicate:,"a:There are oncoming cars passing in your direction.,b:Passing is only permitted during daylight hours.,c:You cannot see far enough ahead to pass safely.",c,"No passing zone signs and pavement markings warn that it is unsafe to move into the oncoming lane to pass. This is usually because your view of oncoming traffic is limited by hills, curves, or other conditions, so you cannot see far enough ahead to pass safely. When you see these signs or solid yellow lines on your side, you must not pass.",
6,"Alcohol, Drugs & Impaired Driving","For persons age 21 or older, what BAC level is illegal for driving?","a:0.05 percent.,b:0.08 percent.,c:0.02 percent.,d:0.10 percent.",b,"In most U.S. states, it is illegal for drivers age 21 or older to operate a vehicle with a blood alcohol concentration (BAC) of 0.08% or higher. At or above this level, you are considered legally impaired, and you can be arrested and convicted of DUI even if you feel you can still drive.",difficult
5,Driving in Special Conditions,"If a tire suddenly blows out while driving, what is the correct response?","a:Pump the brakes rapidly.,b:Grip the steering wheel firmly, slow down, and exit the traffic lane.,c:Brake hard and steer sharply to the right.,d:Immediately turn off the engine and coast.",b,"If a tire blows out, keep a firm grip on the steering wheel, stay calm, and avoid sudden braking. Gently ease off the accelerator so the vehicle slows down gradually, keep the vehicle going straight, and signal and steer to the shoulder or a safe place out of traffic. Once you are out of the traffic lane and under control, brake more firmly to come to a complete stop.",
5,Driving in Special Conditions,What should you do to reduce the chance of losing traction on wet roads?,"a:Make abrupt turns.,b:Apply the brakes firmly.,c:Slow down.",c,"On wet roads, the main way to reduce the chance of losing traction or hydroplaning is to slow down. Lower speed allows your tires to maintain better contact with the road surface. You should also avoid sudden steering, hard braking, or rapid acceleration, because abrupt actions can cause skids when the road is slippery.",
2,Traffic Laws & Rules of the Road,A flashing yellow light at an intersection means you should:,"a:Slow down and proceed with caution.,b:Come to a complete stop as quickly as possible.,c:Stop and proceed only when the intersection is clear.",a,"A flashing yellow light warns you to use extra caution but does not require a full stop. You should slow down, scan for cross traffic, pedestrians, and hazards, and proceed only when it is safe. Stop only if needed for safety or to yield the right-of-way.",
3,"Signs, Signals & Road Markings",How should you proceed when approaching an intersection with a flashing yellow light?,"a:Stop before crossing the intersection.,b:Slow down and proceed with caution.,c:Wait for a green light before proceeding.,d:Maintain your current speed.",b,"When you see a flashing yellow light at an intersection, you must slow down and proceed with caution. Look carefully for cross traffic, pedestrians, and any vehicles that may not yield properly. You do not have to stop unless needed for safety, but you should be prepared to react quickly.",
2,Traffic Laws & Rules of the Road,"If you are continually being passed on both sides while driving in the center lane of an expressway, you should:","a:Stay in the center lane.,b:Move to the lane on your right.,c:Move to the lane on your left.",b,"On expressways and other multi-lane roads, you should generally travel in the right-hand lane unless you are passing or preparing for a left turn. If vehicles are passing you on both sides while you are in the center lane, you are likely going slower than the flow of traffic. Move safely to the lane on your right so faster traffic can pass on the left.",
8,Special Situations & Road Users,"When you are following a motorcycle, what should you do?","a:Drive more slowly.,b:Allow a larger following distance.,c:Be ready to use your horn.,d:Maintain your usual close following distance.",b,"Allowing a larger following distance behind a motorcycle is important because motorcycles can stop and maneuver more quickly than larger vehicles and are less stable on wet or uneven surfaces. A three- to four-second following distance gives you enough time to react if the rider slows, stops, or falls.",
4,Safe & Defensive Driving Practices,"If you see pedestrians near the roadway, how should you proceed?","a:Sound your horn and maintain speed.,b:Speed up to pass quickly.,c:Slow down and pass with caution.,d:Ignore them unless they step into the road.",c,"When pedestrians are near the roadway, you must slow down and pass with caution, watching carefully in case they step into the road. Be prepared to stop and always yield to pedestrians in crosswalks or when they are crossing legally.",
6,"Alcohol, Drugs & Impaired Driving",What is the only thing that will lower your blood alcohol concentration (BAC) and remove alcohol's effects from your body?,"a:Drinking caffeine.,b:Eating foods high in fat.,c:Time.",c,Only the passage of time allows the body to metabolize alcohol and eliminate its impairing effects.,
2,Traffic Laws & Rules of the Road,"When turning left at an intersection, whom must you yield to?","a:You should always yield to oncoming traffic and pedestrians.,b:Oncoming traffic and pedestrians should yield to you.,c:You should never yield to oncoming traffic.,d:Only yield to vehicles, not pedestrians.",a,Drivers turning left must yield to oncoming traffic and to pedestrians in the crosswalk.,difficult
3,"Signs, Signals & Road Markings",What does a double solid yellow centerline indicate?,"a:Both lanes may pass.,b:The lane to the right may pass.,c:Neither lane may pass.",c,"A double solid yellow centerline separates traffic moving in opposite directions and means passing is not allowed from either direction. You may not cross these lines to pass another vehicle; you may only cross when making a permitted left turn into or out of a driveway or side road, if it is safe and not otherwise prohibited.",
5,Driving in Special Conditions,"When driving at night on a dimly lit street, how should you drive?","a:Drive slowly enough to stop within the illuminated area of your headlights.,b:Turn on high beams to better see ahead.,c:Keep the instrument panel lights bright to be seen.,d:Drive at the posted daytime speed limit only.",a,"At night you must drive slowly enough that you can stop within the distance you can see with your headlights. This is called ""overdriving your headlights"" if you go too fast, because you would not be able to stop in time for hazards that appear in the lit area.",
2,Traffic Laws & Rules of the Road,"If you are being passed in a no passing zone, what should you do to allow the passing vehicle to re-enter the lane safely?","a:Pull off the road.,b:Maintain your speed and position.,c:Slow down and let the other driver safely return to the drive lane.",c,"If another driver is passing you, even in a no‑passing zone, you should help avoid a collision. Slightly reduce your speed so the passing driver has more space and time to return to the lane safely. Never speed up or swerve while you are being passed.",
7,Vehicle Ownership & Responsibilities,"If you parallel park facing downhill, you should:","a:Turn your wheels sharply toward the side of the road.,b:Turn your wheels away from the side of the road.,c:Keep your wheels straight.",a,"When parking facing downhill, turn the front wheels toward the curb or road edge and set the parking brake. If the vehicle rolls, the front tire will hit the curb or edge and stop the car from rolling into traffic.",
5,Driving in Special Conditions,"When driving in work zones, you should:","a:Pass the driver in front of you as soon as you can.,b:Follow the driver in front of you closely.,c:Avoid tailgating and keep a safe following distance.",c,"Work zones often have lane shifts, workers close to traffic, and sudden slowdowns. You should avoid tailgating and leave extra following distance so you have more time to react to stopped or slowing vehicles and any unexpected changes.",difficult
4,Safe & Defensive Driving Practices,"If a vehicle suddenly cuts in front of you and creates a hazard, what should you do first?","a:Honk and step on the brake firmly.,b:Take your foot off the gas pedal.,c:Swerve into the lane next to you.",b,"If a vehicle suddenly cuts in front of you, the safest first action is to ease off the accelerator. This begins to increase your following distance smoothly. Then, if needed, brake gently. Sudden hard braking or swerving can cause you to lose control or be hit from behind.",
3,"Signs, Signals & Road Markings",A broken yellow centerline indicates:,"a:Passing on the left is permitted when the way ahead is clear.,b:Passing is not permitted.,c:Passing on the right is permitted when the way ahead is clear.",a,A broken yellow centerline separates traffic moving in opposite directions and allows passing on the left when there is no oncoming traffic and it is safe. You must still judge distance and speed of oncoming vehicles and never cross the line if your view is blocked or you cannot complete the pass safely.,
2,Traffic Laws & Rules of the Road,"When passing on the left, when is it safe to move back into the right lane?","a:After about three seconds.,b:When you can see the front of the passed vehicle in your rearview mirror.,c:When you can no longer see the vehicle over your right shoulder.,d:When the passed driver flashes their lights.",b,"After passing another vehicle, you should not move back into the right lane until you can see the front of the vehicle you passed (often its headlights) in your inside rearview mirror. This helps ensure you have enough space and do not cut the other driver off. Always signal before returning to the lane.",difficult
4,Safe & Defensive Driving Practices,When is it appropriate to use your horn?,"a:When another driver makes a mistake.,b:When it may help prevent a collision.,c:To encourage slow drivers to move faster.,d:To greet friends on the sidewalk.",b,"Use your horn only to help prevent a collision or to warn others of a hazard when necessary. It should not be used to show anger, hurry other drivers, or greet people. Unnecessary horn use can startle others and create unsafe situations.",
5,Driving in Special Conditions,"When driving on snow or ice, what should you avoid using?","a:Cruise control.,b:Lower gears downhill.,c:Gradual steering inputs.,d:Increased following distance.",a,"On snow or ice, you should avoid using cruise control because it can cause your wheels to spin or lose traction without you noticing quickly. Instead, keep full control of your speed with the pedals, make all steering and braking inputs gradual, and increase your following distance to allow more time to react.",
8,Special Situations & Road Users,"When driving near a large commercial vehicle, you should:","a:Drive on its right side when on curves and hills.,b:Avoid driving beside it for long stretches of time.,c:Follow the large vehicle closely to reduce wind drag on your vehicle.",b,"Large trucks and buses have large blind spots along both sides, especially on the right. Avoid driving beside them for long periods so the driver can see you and you have room to react if the truck needs to change lanes or avoid a hazard.",
8,Special Situations & Road Users,Why should motorists give extra space to children riding bicycles?,"a:They are smaller and more difficult to see than adults.,b:They do not have the same physical reflexes as adults.,c:Both of the above.",c,"Children on bicycles are smaller, harder to see, and often less predictable than adults. They may have slower reflexes and less traffic experience, so you must give them extra space and be prepared for sudden moves.",
6,"Alcohol, Drugs & Impaired Driving",Is it legal to drive while using medication that impairs your driving?,"a:Yes, if it is prescribed by a physician.,b:Only if you do not feel drowsy.,c:Under no circumstances.,d:Only on short trips.",c,"Driving is illegal if any medication or drug—prescription, over‑the‑counter, or illegal—impairs your ability to drive safely. The key issue is impairment, not whether a doctor prescribed it or how far you are driving.",difficult
4,Safe & Defensive Driving Practices,"If you are about to be struck from the rear, you should not:","a:Release your seat belt.,b:Brace yourself.,c:Press your head against the head restraint.",a,"If you are about to be hit from the rear, keep your seat belt fastened, press your back firmly against the seat, and press your head against the head restraint. This helps reduce whiplash and other injuries.",
4,Safe & Defensive Driving Practices,How do stopping distances and collision severity change as speed increases?,"a:Are not affected by a vehicle's speed.,b:Decrease as a vehicle's speed increases.,c:Increase as a vehicle's speed increases.",c,"As speed increases, your vehicle needs a longer distance to stop, and the force of a collision increases sharply. Higher speeds mean more severe crashes and a greater chance of serious injury or death.",
3,"Signs, Signals & Road Markings",What does a 'No passing zone' sign indicate to drivers?,"a:Maintain a steady speed.,b:That it is not safe to pass.,c:To speed up slightly.",b,"A No Passing Zone sign tells you that it is unsafe and illegal to pass other vehicles in that area, usually because of limited visibility, hills, curves, or other hazards.",
2,Traffic Laws & Rules of the Road,"If you miss your freeway exit, what should you NOT do?","a:Continue to the next exit and return from there.,b:Back up on the road or shoulder.,c:Find an alternate route beyond the exit.,d:Proceed to the next crossroad to turn around.",b,"If you miss your freeway exit, never stop or back up on the freeway or shoulder. This is extremely dangerous because traffic is moving at high speed and drivers do not expect a vehicle moving in reverse. Instead, continue to the next exit, leave the freeway safely, and then find a legal way to return to your route.",difficult
2,Traffic Laws & Rules of the Road,"Before returning to your lane after passing, what should you confirm?","a:That the passed vehicle signaled for you to return.,b:That you can see both headlights of the passed vehicle in your rearview mirror.,c:That you are one vehicle length ahead.,d:That the passed vehicle slowed down.",b,"After passing another vehicle, do not move back into your original lane until you are sure you have enough space. A good rule is to wait until you can see both headlights of the vehicle you passed clearly in your rearview mirror. This indicates you are far enough ahead to return without cutting the other driver off.",difficult
2,Traffic Laws & Rules of the Road,"Approaching an intersection at the posted speed when the signal turns yellow, you should:","a:Proceed through the intersection without caution.,b:Speed up to cross the intersection before the light turns red.,c:Stop before entering the intersection, if you can do so safely.,d:Proceed with caution if you cannot stop safely.",c,"A steady yellow light means the signal is about to turn red. You must stop before entering the intersection if you can do so safely. If you are too close to stop safely when the light turns yellow, continue through the intersection with caution rather than braking hard and risking a rear‑end collision.",difficult
6,"Alcohol, Drugs & Impaired Driving",Which driving skills are affected by alcohol or drugs?,"a:Alertness.,b:Coordination.,c:Both of the above.",c,"Alcohol and many drugs affect several critical driving skills at the same time. They reduce alertness, slow your reaction time, and harm coordination and judgment. Because both alertness and coordination are impaired, any amount of impairment can make it harder to notice hazards and control your vehicle safely.",
5,Driving in Special Conditions,Why is driving at night more dangerous than during the day?,"a:You cannot see as far ahead at night.,b:The road is always more slippery at night.,c:Your reaction time is slower at night.",a,"Driving at night is more dangerous mainly because you cannot see as far ahead. Headlights provide much less visibility than daylight, and glare from other vehicles can further reduce what you can see. With less time to spot hazards, you must slow down and use extra caution at night.",
6,"Alcohol, Drugs & Impaired Driving",Which statement is true about medications and driving?,"a:Most cold medications can make a person drowsy.,b:Over-the-counter medications cannot impair driving ability if taken in the recommended dosages.,c:All of the above.",a,"Many prescription and over‑the‑counter medicines, including cold medications, can make you drowsy or otherwise impair your driving. Even when taken as directed, some drugs slow your reaction time, affect judgment, or cause dizziness. You must read labels and warnings and talk with your doctor or pharmacist to understand how a medication may affect your ability to drive safely.",
2,Traffic Laws & Rules of the Road,What is the correct way to pass another vehicle?,"a:Drive at the same speed as the vehicle you are passing.,b:Pass the vehicle as slowly as possible.,c:Pass the vehicle as safely and as quickly as possible.",c,"When you pass another vehicle, you should move into the passing lane, accelerate to complete the pass promptly, and avoid lingering in the blind spot. Passing should always be done within the speed limit and only when you have enough clear space to return safely to your lane without cutting off the other driver.",difficult
5,Driving in Special Conditions,When are large trucks likely to lose speed?,"a:Driving down long, gradual hills.,b:Driving up long or steep hills.,c:Driving on level roads.,d:While passing smaller vehicles.",b,"Large trucks are heavy and require a lot of power to climb. On long or steep upgrades, they often lose speed because the engine is working harder against gravity. Expect trucks to slow down on hills and adjust your driving so you do not follow too closely or cut in front of them.",
6,"Alcohol, Drugs & Impaired Driving",Which of the following substances can impair your ability to drive?,"a:Tranquilizers, marijuana, and sedatives.,b:Cough syrups and cold tablets containing codeine or antihistamines.,c:All of the above.",c,"Many substances can impair driving, including tranquilizers, marijuana, sedatives, and some cough or cold medicines that contain codeine or antihistamines. These drugs can cause drowsiness, slow reactions, and affect judgment. Always check medication labels and warnings and avoid driving if a drug may make you less alert.",
2,Traffic Laws & Rules of the Road,Turning left on red is legal only when:,"a:You are traveling on a two-way street and turning onto a two-way street.,b:You are traveling on a one-way street and turning onto another one-way street.,c:You yield to all other traffic at the intersection.",b,"In most U.S. states, you may turn left on a red light only after stopping completely and only when turning from a one‑way street onto another one‑way street, unless a sign prohibits it. You must yield to pedestrians and all other traffic that has the right‑of‑way before making the turn.",
4,Safe & Defensive Driving Practices,What behavior describes defensive driving?,"a:Put one car length between you and the car ahead.,b:Look only at the car in front of you while driving.,c:Keep your eyes moving to look for possible hazards.",c,"Defensive driving means constantly scanning the road ahead, behind, and to the sides, checking mirrors often, and watching for potential hazards so you can react early and safely.",
5,Driving in Special Conditions,"When stopping on snow or ice while driving a vehicle with ABS, what should you do?","a:Pump the brakes.,b:Press and hold the brake pedal firmly.,c:Stay off the brakes and wait for the car to drift to a stop.",b,"With ABS, you should press the brake pedal firmly and hold it. The system automatically pumps the brakes to help prevent skidding and maintain steering control on snow or ice.",
2,Traffic Laws & Rules of the Road,"When changing lanes, which action is prohibited?","a:Looking over your shoulder to check blind spots.,b:Checking for drivers entering the same lane.,c:Moving into another lane while inside an intersection.,d:Signaling before changing lanes.",c,"You should not change lanes while you are in an intersection because traffic is crossing and conditions can change quickly. Instead, stay in your lane through the intersection, then change lanes when you are clear and it is safe.",
7,Vehicle Ownership & Responsibilities,How close may you park to a fire hydrant?,"a:Within 15 feet.,b:Within 10 feet.,c:Within 20 feet.,d:Within 5 feet.",a,"In most U.S. states, you must not park within 15 feet of a fire hydrant so firefighters have enough room to connect hoses and work quickly in an emergency.",difficult
2,Traffic Laws & Rules of the Road,From which lane should you make a left turn when turning from a one-way street?,"a:The lane nearest the left curb.,b:The lane nearest the center of the street.,c:The lane nearest the right curb.",a,"When turning left from a one-way street, you should start from the lane closest to the left curb and turn into the first legal lane on the road you are entering, unless signs or lane markings direct otherwise.",
2,Traffic Laws & Rules of the Road,"When turning left at an intersection, you must:","a:You should always yield to oncoming traffic and pedestrians.,b:Oncoming traffic and pedestrians should yield to you.,c:You should never yield to oncoming traffic and pedestrians.",a,"When turning left, you must yield to oncoming vehicles and to pedestrians in the crosswalk. Wait until there is a safe gap and any required signal (green light or green arrow) allows the turn, then complete the turn without cutting off oncoming traffic or pedestrians.",
6,"Alcohol, Drugs & Impaired Driving",Which statement about alcohol and driving is true?,"a:If you can walk in a straight line after drinking, it is safe to drive.,b:If you are under the legal blood alcohol concentration limit, your driving isn't impaired.,c:Alcohol affects judgement, which is needed to drive safely.",c,"Alcohol slows your reactions and affects judgment, coordination, and vision even at low levels. You can be unsafe to drive even if you feel fine or are under the legal limit, so you should never rely on how you feel or simple tests like walking a straight line to decide if you can drive.",
4,Safe & Defensive Driving Practices,"To be aware of traffic behind you, you should:","a:Frequently check your rearview mirror.,b:Turn and look out your back window.,c:Keep other vehicles out of your blind spots.",a,"Safe drivers regularly check their rearview and side mirrors so they know what is happening behind and to the sides of their vehicle. This helps you adjust speed, change lanes safely, and react early if another driver is approaching too fast or following too closely.",
3,"Signs, Signals & Road Markings",What must you do when you approach an eight-sided (octagonal) sign?,"a:Slow down.,b:Stop completely at the sign.,c:Turn if the way is clear.,d:Yield and proceed without stopping.",b,"An eight-sided (octagonal) sign is always a stop sign. You must come to a complete stop at the stop line, crosswalk, or before entering the intersection, then yield to pedestrians and other traffic with the right-of-way and proceed only when it is safe.",
2,Traffic Laws & Rules of the Road,"When a red light is showing but a green arrow is also displayed, when may you proceed in the arrow direction?","a:First come to a complete stop.,b:Wait until the light changes.,c:Are in the proper lane and the intersection is clear.",c,"A green arrow means you have a protected turn in the direction of the arrow, even if the main light is red. You may proceed only if you are in the correct lane for that arrow and the intersection is clear, yielding to any pedestrians or vehicles already in the intersection.",
3,"Signs, Signals & Road Markings",A diamond-shaped road sign indicates:,"a:Yield.,b:Stop.,c:Warning.",c,"Diamond-shaped signs are used for warnings. They alert drivers to special conditions or hazards ahead, such as curves, merging traffic, or construction zones. They are typically yellow for general warnings and orange in work zones.",
8,Special Situations & Road Users,You should always stop before crossing railroad tracks when:,"a:There isn't room on the other side for you to completely cross the tracks.,b:The railroad crossing is located in a city or town that has frequent train traffic.,c:You are transporting two or more young children in a passenger vehicle.",a,"You must never stop on railroad tracks. Only proceed when there is enough space on the far side for your entire vehicle to clear the tracks. Trains can come at any time and cannot stop quickly, so you must be sure you can fully cross before entering the crossing.",
4,Safe & Defensive Driving Practices,What is a likely effect of tailgating another vehicle?,"a:Can frustrate other drivers and make them angry.,b:Reduces collisions by preventing being 'cut off.',c:Cannot result in a traffic citation.",a,"Tailgating, or following too closely, increases the risk of rear-end collisions and can anger or intimidate other drivers. It is unsafe, can lead to road rage, and may result in a citation for following too closely or careless driving.",
3,"Signs, Signals & Road Markings","From top to bottom, what is the proper order of traffic lights?","a:Green,b:Red,c:Red, yellow, green,d:Yellow",c,"On a standard vertical traffic signal, the lights are arranged red at the top, yellow in the middle, and green at the bottom. This order helps drivers quickly recognize the signal even from a distance or in poor visibility.",
2,Traffic Laws & Rules of the Road,When is it permitted to pass another vehicle?,"a:You are on a hill or curve.,b:You are on a road with a solid line next to your lane.,c:You are on a road with a broken line next to your lane.",c,"A broken (dashed) line next to your lane means you may pass when it is safe and legal to do so. A solid line next to your lane means no passing. You must also avoid passing on hills, curves, or anywhere your view of oncoming traffic is limited.",
4,Safe & Defensive Driving Practices,Which statement about blind spots is correct?,"a:Blind spots can be eliminated with one outside mirror.,b:Large trucks have bigger blind spots than passenger vehicles.,c:Blind spots can be checked using your rearview mirror alone.,d:Mirrors always show everything around your car.",b,"Large trucks have much bigger blind spots than passenger cars, especially directly behind, directly in front, and along both sides. Even with properly adjusted mirrors, every vehicle still has blind spots, so you must turn your head to check them before changing lanes or merging.",
3,"Signs, Signals & Road Markings","Approaching a steady yellow light at an intersection, what should you do if you have not entered the intersection?","a:Speed up to beat the red light.,b:Reduce speed and prepare to stop; stop if you can do so safely.,c:Come to a safe stop no matter what.,d:Increase your speed and proceed.",b,"A steady yellow light means the signal is about to turn red. If you have not yet entered the intersection, you should slow down and be prepared to stop, and you must stop if you can do so safely before the intersection. Do not speed up to beat the red light.",difficult
4,Safe & Defensive Driving Practices,Which is a safe driving technique?,"a:Using your high beam lights in fog.,b:Constantly staring at the road ahead.,c:Checking your rearview mirrors frequently.,d:Driving with only parking lights on.",c,"Safe drivers scan all around them, including checking rearview and side mirrors frequently to know what is happening behind and beside their vehicle. Staring straight ahead causes you to miss hazards, and high beams in fog create glare that makes it harder to see. Parking lights alone are not for driving.",
4,Safe & Defensive Driving Practices,"To check a blind spot before changing lanes, where should you look?","a:Only the inside rearview mirror.,b:Over your left or right shoulder to view the blind spot.,c:Only the left outside mirror.,d:Only the left-side window.",b,"Before changing lanes, check your mirrors first, then quickly look over the shoulder on the side you are moving toward. This head check lets you see the blind spot that mirrors cannot show, helping you avoid vehicles hidden beside you.",
5,Driving in Special Conditions,When are streets and highways most slippery?,"a:Just after it starts to rain.,b:When they are wet after several hours of rain.,c:When they are clean and dry.,d:During freezing temperatures only.",a,"Roads are usually most slippery just after it starts to rain because oil and other residues on the pavement mix with the first water and rise to the surface. After it has rained for a while, much of this washes away and traction generally improves, though you must still drive carefully.",
3,"Signs, Signals & Road Markings",What is the purpose of broken yellow centerlines on roads?,"a:Separate lanes of traffic moving in opposite directions.,b:Indicate no passing zones.,c:Separate lanes moving in the same direction.,d:Mark bicycle lanes.",a,Broken yellow centerlines separate lanes of traffic moving in opposite directions and also indicate that passing is allowed when it can be done safely and is not otherwise prohibited by signs or additional markings.,difficult
5,Driving in Special Conditions,By how much should you reduce your speed when driving on packed snow?,"a:One-third.,b:One-quarter.,c:One-half.",c,"On packed snow, you should reduce your normal speed by about half. Snow greatly reduces traction, so driving at roughly 50% of your usual dry‑road speed helps you maintain control and gives you more distance to stop safely.",
5,Driving in Special Conditions,"When driving in fog, which headlights should you use?","a:High beam headlights.,b:Four-way flashers.,c:Low beam headlights.",c,"In fog, always use low beam headlights. High beams reflect off the water droplets in the fog and shine back at you, making it harder to see. Low beams aim light down toward the road and improve visibility without as much glare.",
6,"Alcohol, Drugs & Impaired Driving",Combining a prescription drug with alcohol can:,"a:Make you more alert.,b:There will likely be no effect.,c:Make you unfit to drive.",c,"Combining alcohol with many prescription or over‑the‑counter drugs can greatly increase drowsiness, slow reaction time, and impair judgment. This makes you unsafe and legally unfit to drive, even if each substance alone might seem mild.",
4,Safe & Defensive Driving Practices,You should always travel at:,"a:At a speed appropriate for road and weather conditions.,b:At the speed of vehicles surrounding you.,c:At the speed limit.",a,"You must choose a speed that is safe for current road, traffic, and weather conditions while never exceeding the posted speed limit. In poor conditions, the safe speed is often lower than the limit, even if other drivers are going faster.",
7,Vehicle Ownership & Responsibilities,Which of the following statements about seat belt use is false?,"a:They prevent a 'human collision' by holding you in place.,b:They are not necessary if your vehicle has an airbag.,c:They keep you from being thrown from the vehicle in the event of an accident.",b,"Seat belts are essential safety equipment in every vehicle, even if it has airbags. Airbags are designed to work together with seat belts, not replace them. Seat belts keep you in position so the airbag can protect you correctly, prevent you from hitting the interior of the car, and greatly reduce the chance of being ejected in a crash.",
2,Traffic Laws & Rules of the Road,Which of the following persons' instructions must drivers obey?,"a:Security guards patrolling parking lots.,b:Other drivers whose vehicles are broken down on the roadway.,c:Flaggers (signal persons) at construction sites.",c,"Drivers must always obey instructions from authorized traffic control personnel, including flaggers at construction or maintenance sites. Flaggers help direct traffic safely around work zones and protect both workers and drivers. Instructions from other drivers or private security in parking lots are not legally binding in the same way as those from authorized traffic control officials.",difficult
5,Driving in Special Conditions,"If dust or smoke reduces your visibility, you should drive more slowly and turn on your:","a:Emergency flashers.,b:Headlights.,c:Parking lights.",b,"When dust, smoke, or similar conditions reduce visibility, you should slow down and turn on your low-beam headlights. This helps you see the road and makes your vehicle more visible to others. Emergency flashers are for stopped or very slow-moving vehicles in specific situations, and parking lights alone are not sufficient for driving in low-visibility conditions.",
8,Special Situations & Road Users,Which of these statements about railroad crossings is correct?,"a:You must always drive carefully at railroad crossings and never proceed if a train is approaching.,b:You should never stop your vehicle on the railroad tracks.,c:You must stop when directed to do so by a flagger, stop sign, or warning signal.,d:All of the above.",c,"At railroad crossings, you must stop when directed by a flagger, a stop sign, or active warning devices such as flashing red lights or gates. Even when not required to stop, you must slow down, look, and listen for trains, and never proceed if a train is approaching or if you cannot safely clear the tracks.",
5,Driving in Special Conditions,Which is a dangerous driving habit in work zones?,"a:Tailgating another vehicle.,b:Failing to watch for workers and moving equipment.,c:Both of the above.,d:Driving below the posted work zone speed.",c,"In work zones, following too closely and failing to watch for workers, equipment, and changing traffic patterns are both dangerous behaviors. Work zones often have sudden stops, lane shifts, and workers close to moving traffic, so you must leave extra space, reduce speed as posted, and stay highly alert. Simply driving below the posted work zone speed is not inherently dangerous if done safely and appropriately for conditions.",difficult
6,"Alcohol, Drugs & Impaired Driving",What happens as your blood alcohol concentration (BAC) increases?,"a:More intoxicated.,b:More sober.,c:More coordinated.",a,"As your blood alcohol concentration (BAC) increases, alcohol has a stronger effect on your brain and body. Your judgment, coordination, and reaction time become more impaired, which means you are more intoxicated and less able to drive safely.",
2,Traffic Laws & Rules of the Road,The posted maximum speed limit should be driven only under which conditions?,"a:During the day.,b:During the night.,c:Under ideal conditions.",c,"The posted maximum speed is the fastest you may legally drive only when conditions are ideal—good weather, good visibility, light traffic, and a safe road surface. In rain, fog, heavy traffic, or poor road conditions, you must drive slower than the posted maximum.",
5,Driving in Special Conditions,"If you drive too fast on a wet road, what danger may occur?","a:Your tires will start to glide over the water.,b:Your ability to judge speed and control will be impaired.,c:Your own spray will obscure the vision of other drivers.",a,"On a wet road at higher speeds, your tires can lose contact with the road and ride up on a thin layer of water, a condition called hydroplaning. When this happens, you can lose steering and braking control, greatly increasing the risk of a crash.",
5,Driving in Special Conditions,What should you do when driving on gravel or dirt roads?,"a:Your tires grip the road better than on pavement.,b:Your tires do not have as much traction as they do on pavement, so you must slow down.,c:Visibility is better than on pavement.",b,"Gravel and dirt roads provide less traction than paved roads because the surface is loose. Your tires can slip more easily, so you must slow down, allow more distance to stop, and avoid sudden steering, braking, or acceleration.",
8,Special Situations & Road Users,"If you reach a railroad crossing with lowered gates and flashing lights, you should:","a:Slow down and drive around the gates.,b:Come to a complete stop well behind the gates, wait for the tracks to clear, and proceed once the gates are lifted.,c:Drive around the crossing gates if you can't see a train.",b,"At a railroad crossing with lowered gates and flashing lights, you must stop and remain stopped well behind the gates. Do not drive around or under the gates. Proceed only after the train has passed, the lights stop flashing, and the gates are fully raised, and you have checked that the tracks are clear.",
6,"Alcohol, Drugs & Impaired Driving","If you are under 21, your license may be suspended after driving with a blood alcohol level of:","a:0.08 percent or more.,b:Any amount.,c:0.15 percent or more.",b,"For drivers under 21, many states, including Connecticut, use a zero-tolerance standard. Any measurable amount of alcohol in the blood can result in license suspension because drivers under the legal drinking age are not allowed to drive with alcohol in their system.",difficult
3,"Signs, Signals & Road Markings",What is the purpose of rumble strips?,"a:They test a vehicle's shock absorbers.,b:They alert drivers to potential tire problems.,c:Through vibration and sound, they alert inattentive drivers that their vehicles have left the travel lane.",c,"Rumble strips are grooved or raised patterns on the road that create noise and vibration when you drive over them. This alerts inattentive or drowsy drivers that they are drifting out of their lane or approaching a hazard, giving them time to correct their path.",
4,Safe & Defensive Driving Practices,What is the safest response if you encounter an aggressive driver?,"a:Challenge them.,b:Get out of their way.,c:Speed up.",b,"When you encounter an aggressive driver, your priority is safety, not winning or teaching them a lesson. Create space, avoid eye contact or gestures, and let them pass or move away from you. This reduces the chance of a confrontation or collision.",
5,Driving in Special Conditions,Which area is most likely to be icy after snow or rain on cold days?,"a:A hilly, open road,b:A residential road,c:A road in a shaded area",c,"Shaded areas of the road freeze first and thaw last because they receive less sunlight. After snow or rain on cold days, ice can remain in shaded spots even when the rest of the road looks clear, so you should slow down and be especially cautious there.",
2,Traffic Laws & Rules of the Road,You enter a left-turn lane for an upcoming turn and see oncoming traffic. What should you do first?,"a:Move to the left of the center lane.,b:Signal before you arrive at the intersection.,c:Turn your front wheels to the left to be prepared to turn.",b,"Before making a left turn, you should signal well in advance—typically at least 100 feet before the turn—so other drivers know your intentions. Stay in the proper turn lane with your wheels pointed straight until you actually begin the turn; if your wheels are turned and you are hit from behind, your vehicle could be pushed into oncoming traffic.",
3,"Signs, Signals & Road Markings",What does a steady green traffic light allow you to do at an intersection?,"a:Increase your speed.,b:Adjust your mirrors.,c:Continue through the intersection at a safe and reasonable speed if it is clear.",c,"A steady green light means you are allowed to proceed straight or turn, but only if the intersection is clear and it is safe. You must still yield to pedestrians in the crosswalk and to any vehicles already in the intersection or lawfully within it. Green never means to speed up; it means you may go with caution.",
5,Driving in Special Conditions,How can sudden highway wind gusts affect vehicles?,"a:They generally affect only large vehicles.,b:They can cause problems for all vehicles.,c:They only reduce visibility.,d:They have no effect on vehicles.",b,"Sudden wind gusts can push any vehicle sideways, making it harder to stay in your lane and control steering. While large vehicles and vehicles with high profiles are especially affected, all vehicles can be destabilized. Wind can also blow dust, sand, or debris, which may reduce visibility and create additional hazards.",
2,Traffic Laws & Rules of the Road,What does a broken yellow line next to a solid yellow line indicate?,"a:Passing is permitted from the lane next to the broken yellow line.,b:Passing is permitted from the lane next to the solid yellow line.,c:Passing is not permitted from either direction.",a,A broken yellow line next to a solid yellow line separates traffic moving in opposite directions. The side with the broken line is allowed to cross the center line to pass when it is safe and legal. The side with the solid line must not cross to pass. This helps control where passing is allowed on two-way roads.,
4,Safe & Defensive Driving Practices,How should you approach the right-of-way rules when driving?,"a:Assume all drivers automatically obey the right-of-way rules.,b:Assume most drivers obey the right-of-way rules.,c:Always be prepared to yield the right-of-way.",c,"Right-of-way rules say who should go first, but they do not guarantee that others will follow them. You should always be ready to yield, even if you are legally entitled to go, if yielding will help avoid a collision. Defensive drivers never insist on their right-of-way when it would create a dangerous situation.",difficult
7,Vehicle Ownership & Responsibilities,"If you park facing uphill where there is no curb, you should set the parking brake and:","a:Turn your wheels toward the edge of the road.,b:Turn your wheels away from the edge of the road.,c:Keep your wheels facing straight.",a,"When parking facing uphill with no curb, turn your front wheels toward the edge of the road and set the parking brake. If the vehicle starts to roll, the front tire will move toward the shoulder or off the roadway instead of into traffic. With a curb, you turn the wheels away from the curb when parking uphill.",
4,Safe & Defensive Driving Practices,When changing lanes you should:,"a:Rely on the rearview mirror.,b:Look over your shoulder in the direction you plan to move.,c:Rely on the left side mirror.",b,"Before changing lanes, always check your mirrors and then look over your shoulder in the direction you plan to move. This shoulder check lets you see into your blind spot, where vehicles may be hidden from your mirrors.",
4,Safe & Defensive Driving Practices,"When following a large truck on the freeway in bad weather, how should you follow?","a:Closely behind the truck in bad weather because the driver can see farther ahead than you can.,b:Farther behind the truck than you would when following a passenger vehicle.,c:No more than one car length behind the truck so the driver can see you.",b,"Large trucks block your view of the road ahead and need more distance to stop. In bad weather, increase your following distance even more so you have time to react and can see around the truck. Never follow closely or tailgate a large vehicle.",
5,Driving in Special Conditions,Which action helps prevent hydroplaning in wet weather?,"a:Put on your cruise control to maintain a constant speed.,b:Slow down.,c:Move to the shoulder of the road as soon as it starts to rain.",b,"Hydroplaning happens when your tires ride on a thin layer of water and lose contact with the road, usually at higher speeds. Slowing down in wet conditions helps your tires maintain traction and reduces the risk of hydroplaning.",
3,"Signs, Signals & Road Markings",What do orange-colored traffic signs indicate?,"a:Construction and maintenance warning signs.,b:General warning signs.,c:Red.",a,"Orange traffic signs are used in construction and maintenance areas. They warn you of road work, lane shifts, workers, and equipment ahead, so you should slow down and be prepared for changing conditions.",
2,Traffic Laws & Rules of the Road,Where is it safe to pass another vehicle?,"a:Within an intersection where there are no oncoming vehicles,b:Wherever signs and/or pavement markings permit passing,c:Within a curve where there are no oncoming vehicles",b,Passing is only safe and legal where signs and pavement markings allow it and where you have a clear view ahead. You must never pass in an intersection or on a curve or hill where your view of oncoming traffic is blocked.,difficult
3,"Signs, Signals & Road Markings",What message appears on a red octagonal sign?,"a:One-way.,b:Do not enter.,c:Stop.",c,"A red octagonal (eight‑sided) sign is always a STOP sign. You must come to a complete stop at the stop line, crosswalk, or before entering the intersection, and proceed only when it is safe.",
2,Traffic Laws & Rules of the Road,"At an uncontrolled intersection where vehicles to your right and left arrive simultaneously, yield to:","a:Yield the right-of-way to the vehicle on your left.,b:Yield the right-of-way to the vehicle on your right.,c:Wait until there are no vehicles at the intersection before proceeding.",b,"At an uncontrolled intersection where vehicles arrive at the same time, the driver must yield to the vehicle on their right. This rule helps decide who goes first when there are no signs or signals.",difficult
2,Traffic Laws & Rules of the Road,You are required to stop your vehicle when:,"a:Where there is a red traffic light.,b:At any intersection where a police officer orders you to stop.,c:Both of the above.",c,You must stop at a steady or flashing red light and whenever a police officer directing traffic orders you to stop. Traffic signals and lawful orders from officers both override your right-of-way.,
7,Vehicle Ownership & Responsibilities,"If you must park in an area not normally used for parking, you should:","a:Park with your reverse lights on.,b:Make sure your vehicle is visible to drivers approaching from any direction.,c:Park five feet from the curb.",b,"If you must park where vehicles are not usually parked, position your vehicle so it can be clearly seen by drivers from all directions. Good visibility reduces the chance of a collision with passing traffic.",
2,Traffic Laws & Rules of the Road,"If you approach an intersection with a steady yellow light and have not entered it, you should:","a:Speed up to beat the red light.,b:Reduce you speed and proceed carefully through the intersection.,c:Come to a safe stop.",c,"A steady yellow light means the signal is about to turn red. If you have not yet entered the intersection, you should slow down and stop if you can do so safely, rather than speeding up to get through.",
5,Driving in Special Conditions,"If a tire blows out while driving, what should you do?","a:Apply the brakes firmly and quickly.,b:Hold the steering wheel tightly and use the brakes lightly to slow down.,c:Pull over immediately onto the roadway without slowing.,d:Speed up to reach the shoulder.",b,"If a tire blows out, keep a firm grip on the steering wheel, ease off the gas, and let the vehicle slow down gradually. Brake gently only after you have the car under control, then steer to a safe place off the road. Sudden or hard braking can cause you to lose control.",
7,Vehicle Ownership & Responsibilities,"From which areas of your vehicle must you remove snow, ice, and frost before driving?","a:Just the windshield.,b:All windows and mirrors.,c:Just the windshield and passenger window.",b,"Before driving, clear snow, ice, and frost from all windows and mirrors so you have an unobstructed view in every direction. Snow or ice left on glass or mirrors can block your vision and create dangerous blind spots.",
3,"Signs, Signals & Road Markings",A steady red arrow on a traffic signal means:,"a:Drivers may turn in the indicated direction after coming to a complete stop.,b:Drivers may turn in the indicated direction.,c:Drivers cannot turn in the indicated direction.",c,A steady red arrow means you must stop and may not go in the direction of the arrow until it turns green or a green arrow appears. It works like a red light specifically for that turning movement.,
4,Safe & Defensive Driving Practices,How often should you check your rearview mirrors while driving?,"a:Often to see how traffic is moving behind you.,b:To see if a vehicle is in your blind spot.,c:Only when you are slowing down.",a,"You should glance in your rearview and side mirrors regularly to stay aware of traffic behind and beside you. This helps you react early to vehicles approaching quickly, changing lanes, or slowing, and supports safe lane changes and turns.",
3,"Signs, Signals & Road Markings",What color are traffic control devices and signs used in construction and maintenance areas?,"a:Yellow.,b:Orange.,c:Red.",b,"Orange signs, cones, barrels, and barriers are used in construction and maintenance zones. When you see orange traffic control devices, slow down, stay alert, and be prepared for workers, lane shifts, and equipment on or near the roadway.",
7,Vehicle Ownership & Responsibilities,"If your car becomes disabled while on the highway, what should you do if possible?","a:Stop in the right lane.,b:Park with all four wheels off the traveled highway, if possible.,c:Stop where you are.",b,"If your vehicle becomes disabled on a highway, you should, if possible, move it completely off the traveled portion of the road so it does not block traffic or create a hazard. Park with all four wheels off the roadway and turn on your emergency flashers so other drivers can see you.",
5,Driving in Special Conditions,Why is night driving more hazardous than daytime driving?,"a:Distance and vehicle speed are difficult to judge in the dark.,b:The speed limit is increased at night.,c:There are fewer cars on the roads at night.",a,"Night driving is more dangerous because you cannot see as far or as clearly as in daylight. Limited visibility makes it harder to judge how far away other vehicles are and how fast they are moving, so you must drive more cautiously and within the range of your headlights.",difficult
4,Safe & Defensive Driving Practices,When should you yield your legal right-of-way?,"a:Never. It confuses other drivers.,b:Whenever it helps prevent collisions.,c:Often, even at controlled intersections.",b,"Even if you have the legal right-of-way, you should yield whenever it helps prevent a collision. You can never assume other drivers will obey the rules, so it is safer to let them go first if there is any doubt or risk of a crash.",difficult
5,Driving in Special Conditions,"If you experience a tire blowout, how should you slow the vehicle?","a:Apply the brakes firmly and immediately.,b:Tap or pump the brakes lightly.,c:Slow down gradually by easing off the accelerator and use brakes lightly.,d:Turn off the ignition to stop quickly.",c,"With a tire blowout, a sudden brake application can cause you to lose control. Instead, hold the steering wheel firmly, ease your foot off the accelerator to slow down gradually, and once the vehicle has slowed and is stable, apply the brakes lightly to come to a controlled stop off the roadway.",
5,Driving in Special Conditions,"To reduce the risk of hydroplaning in rainy conditions, you should:","a:Put on your cruise control to maintain a constant speed.,b:Decrease your speed.,c:Move to the shoulder of the road as soon as it starts to rain.",b,"Hydroplaning happens when your tires ride on top of water and lose contact with the road. The faster you drive on a wet surface, the greater the risk. To reduce the chance of hydroplaning, slow down, especially when it first starts to rain or when water is pooling on the roadway.",
7,Vehicle Ownership & Responsibilities,If a vehicle is equipped with airbags:,"a:Seat belts should still be worn.,b:Seat belts do not need to be worn.,c:Seat belts should be worn behind the back.",a,"Airbags are designed to work together with seat belts, not replace them. Seat belts keep you properly positioned so the airbag can protect you and reduce the risk of being thrown from the vehicle. You should always wear both the lap and shoulder belt, even in vehicles with airbags.",
5,Driving in Special Conditions,"If your vehicle's rear starts skidding left, which way should you steer?","a:Steer to the left (into the skid).,b:Steer to the right (away from the skid).,c:Tap your brakes lightly and shift into neutral.,d:Turn the wheel sharply the opposite direction of the skid.",a,"When the rear of your vehicle skids, you should steer in the same direction the rear is sliding (""into the skid""). If the rear skids left, gently steer left. This helps realign the vehicle with your direction of travel and regain control. Avoid sudden braking or jerking the wheel.",
6,"Alcohol, Drugs & Impaired Driving","In a motor vehicle on a highway, what is the law regarding open containers of alcohol?","a:It is generally illegal for drivers or passengers to possess or drink from open containers of alcohol in the passenger area of a vehicle on a public road.,b:It is legal for passengers to drink alcohol in a moving vehicle on public roads.,c:It is legal for a driver to drink alcohol as long as they are not legally drunk.",a,It is illegal for occupants to possess or consume open alcohol containers in a motor vehicle on a highway.,
2,Traffic Laws & Rules of the Road,Which statement about driving too slowly is true?,"a:Driving too slowly is not an unsafe practice.,b:Driving too slowly on certain highways can be dangerous.,c:The speed at which you drive a vehicle does not affect safety.",b,"Driving much slower than the flow of traffic can be dangerous because it forces other drivers to brake or change lanes suddenly and may lead to risky passing. On many highways there are minimum speed limits, and you are expected to drive at a speed that does not unnecessarily block or endanger other traffic, while still obeying the posted limit and adjusting for conditions.",
2,Traffic Laws & Rules of the Road,To enter a gap in highway traffic you should:,"a:Watch only the vehicles behind the gap.,b:Check behind you, then watch the vehicle ahead.,c:Speed up and let the other vehicles make way.",b,"When entering a gap in highway traffic, first check behind and to the sides to be sure it is safe to move, then focus on the traffic ahead in the lane you are entering. Adjust your speed so you can smoothly merge into the gap without forcing other drivers to brake hard or change lanes.",
4,Safe & Defensive Driving Practices,"As you approach the crest of a hill, you should:","a:Speed up slightly.,b:Prepare to stop, if needed.,c:Maintain a steady speed.",b,"When approaching the crest of a hill, you cannot see oncoming traffic, stopped vehicles, pedestrians, or obstacles on the other side. You should reduce speed and be prepared to stop if needed so you have enough time and space to react safely to anything that appears as you reach the top.",
1,Licensing & Permit Requirements,"If you are 16 or 17 and convicted of driving more than 20 mph over the speed limit, your license will be suspended for:","a:30 days.,b:45 days.,c:60 days.",b,"For many states, including Connecticut (which this rule matches), a 16- or 17‑year‑old convicted of driving more than 20 mph over the speed limit faces a 45‑day license suspension for a first offense, along with fines and fees. Speeding at this level is treated seriously because younger drivers have less experience and a higher crash risk.",difficult
7,Vehicle Ownership & Responsibilities,"If you are in a minor collision with no injuries and little damage, what should you do with your vehicle?","a:Leave your vehicle in the traffic lane until law enforcement arrives.,b:Move your vehicle out of the traffic lane, if possible.,c:Not move your vehicle for any reason.",b,"After a minor collision with no injuries and little damage, you should, if it is safe and the vehicle is drivable, move it out of the traffic lane to the shoulder or a safe area. This helps prevent additional crashes, keeps traffic flowing, and allows you to exchange information safely away from moving vehicles.",
5,Driving in Special Conditions,"If oncoming headlights are blinding you at night, what is the recommended technique?","a:Look toward the right edge of the road.,b:Switch your lights to high beams.,c:Turn your lights on and off.",a,"When oncoming headlights blind you at night, avoid looking directly at the glare. Instead, glance toward the right edge of your lane and use the right edge line or lane markings as a guide until the vehicle passes. This reduces the effect of glare while helping you maintain your lane position.",
3,"Signs, Signals & Road Markings",A double solid yellow centerline means that passing is:,"a:Allowed from both directions.,b:Allowed only from your direction of travel.,c:Not allowed from either direction.",c,"A double solid yellow centerline separates traffic moving in opposite directions and means passing is prohibited for vehicles traveling in either direction. You may cross the lines only when making a permitted left turn or entering/exiting a driveway or side road, when it is safe and legal to do so.",
2,Traffic Laws & Rules of the Road,"When passing another vehicle, when is it safe to return to your original lane?","a:Cannot see the vehicle directly to your right.,b:See the vehicle's headlights in your rearview mirror.,c:Have passed the other vehicle's front bumper.",b,"It is safest to move back into your original lane only after you can clearly see the entire front of the vehicle you passed in your rearview mirror, including its headlights at night. This ensures you have enough space and reduces the risk of cutting off the other driver.",
5,Driving in Special Conditions,"If heavy smoke covers the roadway ahead, what should you do?","a:Turn on high beams and continue.,b:Reduce speed, move right, and stop off the roadway.,c:Turn on four-way flashers and proceed slowly.,d:Speed up to get past the smoke.",b,"In heavy smoke or fog, visibility can drop suddenly. You should slow down, move as far right as you safely can, and stop completely off the roadway if possible. Keep your lights on so others can see you, and wait until conditions improve before continuing.",
5,Driving in Special Conditions,"If your wheels run off the pavement edge, what should you do first?","a:Turn sharply to re-enter the road.,b:Hold the wheel firmly, ease off the gas, and gently brake.,c:Speed up and re-enter quickly.,d:Immediately swerve back onto the pavement.",b,"If your wheels drop off the pavement, stay calm and keep a firm grip on the steering wheel. Ease off the accelerator and brake gently to slow down. Once the vehicle is under control and traffic is clear, steer back onto the pavement gradually; jerking the wheel can cause a skid or rollover.",
4,Safe & Defensive Driving Practices,You should increase the distance between your vehicle and the one ahead when you:,"a:Are following a small passenger vehicle.,b:Are being tailgated by another driver.,c:Are driving more slowly than the posted speed limit.",b,"When another driver is following too closely, you should increase your following distance from the vehicle ahead. Extra space in front gives you more time to slow down gradually, which reduces the chance that the tailgater will hit you from behind.",
7,Vehicle Ownership & Responsibilities,"If you hit a parked vehicle and cannot find the owner, what must you do?","a:Call your insurance company when you get home.,b:Wait near the vehicle for the owner.,c:Leave a note with your name and address on the vehicle.,d:Drive away and report it later.",c,"If you hit a parked vehicle and cannot find the owner, you must leave a note in a secure, visible place on the vehicle with your name, address, and contact information, and report the collision as required by local law. This ensures the owner can reach you to handle damages properly.",
3,"Signs, Signals & Road Markings",A solid yellow line beside a broken yellow line means that:,"a:Driving in both directions may pass.,b:The lane next to the broken line may pass.,c:The lane next to the solid line may pass.",b,A solid yellow line next to a broken yellow line means only the traffic on the side with the broken line may pass when it is safe. Traffic on the side with the solid line must not cross it to pass.,
6,"Alcohol, Drugs & Impaired Driving",Which ability is affected first by alcohol?,"a:Balance.,b:Judgement.,c:Vision.",b,"Alcohol first affects judgment and decision‑making, even before you feel or look obviously impaired. Poor judgment leads to risky choices such as speeding, following too closely, or misjudging gaps in traffic.",
4,Safe & Defensive Driving Practices,"If a tire suddenly goes flat while driving, you should:","a:Press down on the brake pedal as hard as you can.,b:Slow down gradually and not brake.,c:Rapidly pump the brake pedal several times.",b,"If a tire blows out, hold the steering wheel firmly, ease your foot off the accelerator, and let the vehicle slow down gradually. Avoid hard braking; brake gently only after you have the vehicle under control and are moving more slowly, then pull off the road when it is safe.",
7,Vehicle Ownership & Responsibilities,You may not park within how many feet of a stop sign?,"a:30 feet,b:25 feet,c:15 feet",a,"In most U.S. jurisdictions, you must not park within 30 feet of a stop sign. This space keeps the sign clearly visible to approaching drivers and provides room for vehicles to see and react safely at the intersection.",difficult
4,Safe & Defensive Driving Practices,Fatigue while driving increases the risk of:,"a:Missing an exit.,b:Being late for an appointment.,c:Falling asleep behind the wheel and crashing.",c,"Driving while fatigued greatly increases the chance of nodding off or falling asleep at the wheel. Drowsiness slows reaction time, reduces awareness, and can lead to drifting out of your lane or crashing.",
4,Safe & Defensive Driving Practices,Collisions are more likely to occur when:,"a:All vehicles are traveling at about the same speed.,b:One lane of traffic is traveling faster than the other lanes.,c:One vehicle is traveling faster or slower than the flow of traffic.",c,"Collisions are more likely when one vehicle is moving much faster or much slower than surrounding traffic. Large speed differences create more lane changes, sudden braking, and closing speeds that are harder to judge, all of which increase crash risk. When most vehicles travel at about the same speed, traffic tends to flow more smoothly and predictably.",
8,Special Situations & Road Users,"When a school bus is picking up or dropping off children, drivers must:","a:Stop, regardless of your direction of travel.,b:Stop if you are driving in the same direction.,c:Slow down and be prepared to stop.",b,"You must always stop for a school bus with flashing red lights when you are traveling in the same direction as the bus. On an undivided two‑way road, drivers in both directions must stop. However, on a divided highway with a physical median or barrier, drivers traveling in the opposite direction usually do not have to stop. Because of this divided‑highway exception, the rule is not ""regardless of direction"" in all situations.",
2,Traffic Laws & Rules of the Road,Where is a U-turn explicitly not allowed?,"a:In a parking lot.,b:On or near any curve or hill.,c:On a straight roadway with a clear view for 500 feet in both directions.,d:At a four-way intersection with a traffic signal.",b,"You must not make a U‑turn where you cannot see far enough ahead to do so safely, such as on or near a curve or hill that blocks your view of oncoming traffic. Limited visibility means you may not have enough time or space to complete the turn before another vehicle reaches you, greatly increasing the risk of a collision.",
6,"Alcohol, Drugs & Impaired Driving",What is the only thing that lowers blood alcohol concentration (BAC)?,"a:Drinking caffeine,b:Eating foods high in fat,c:Time",c,"Only time lowers your blood alcohol concentration. Your body must metabolize the alcohol, and this process cannot be sped up by coffee, food, cold showers, or any other method. You may feel more awake with caffeine or food, but your BAC and level of impairment remain essentially the same until enough time passes.",
4,Safe & Defensive Driving Practices,What should you do prior to entering a curve?,"a:Activate your turn signal.,b:Reduce your speed.,c:Brake hard.",b,"Slow down before you enter a curve so you can steer smoothly and keep good control of the vehicle. Braking hard while you are already in the curve can cause your tires to lose traction and may lead to skidding, especially on wet or slippery roads.",
5,Driving in Special Conditions,At about what speed can tires begin to hydroplane on standing water?,"a:As low as 35 mph.,b:Around 45 mph.,c:About 55 mph.,d:Only above 60 mph.",a,"Tires can start to hydroplane at relatively low speeds if there is enough water on the road and the tread cannot channel it away. Around 35 mph, your tires may begin to lose contact with the road surface and ride up on a thin film of water, greatly reducing steering and braking control.",difficult
6,"Alcohol, Drugs & Impaired Driving",Which of the following factors affects how alcohol is absorbed in an individual?,"a:Weight,b:Height,c:Intelligence",a,"A person’s body weight is one of the key factors that affects how quickly alcohol is absorbed and how strongly it affects them. In general, smaller or lighter people reach a higher blood alcohol concentration from the same amount of alcohol than heavier people. Other important factors include biological sex, how much and what you have eaten, and how quickly you drink.",
8,Special Situations & Road Users,You see an emergency vehicle with flashing lights behind you in the city. What should you do?,"a:Drive to the right edge of the road and slow down.,b:Drive to the right edge of the road and stop.,c:Stay in your lane, slow down, and let it pass.",b,"When an emergency vehicle approaches from behind with flashing lights and siren, you must move to the right side of the road and stop until it has passed. If you are in an intersection, clear the intersection first, then pull over to the right and stop. This gives the emergency vehicle a clear path and reduces the chance of a collision.",
4,Safe & Defensive Driving Practices,"When passing a row of parked vehicles, you should:","a:Be prepared for a person or vehicle to unexpectedly enter your lane.,b:Expect all other drivers and pedestrians to respect your right-of-way.,c:Drive closely to the parked vehicles to allow more room for moving traffic.",a,"When passing parked vehicles, leave extra space and be ready for doors to open, people to step out, or vehicles to pull away from the curb suddenly. Keeping a safe distance from the parked cars and scanning ahead helps you react in time if someone unexpectedly enters your lane.",
5,Driving in Special Conditions,"When driving at night, you should:","a:Always use your high beams.,b:Look directly at the headlights of an oncoming vehicle.,c:Increase your following distance.",c,"At night your visibility is reduced, so you need more time and space to see and react to hazards. Increasing your following distance gives you a larger safety cushion. Use high beams when appropriate on open, unlit roads, but switch to low beams when you are following another vehicle closely or when an oncoming vehicle is within range so you do not blind other drivers.",
2,Traffic Laws & Rules of the Road,"After passing a vehicle traveling the same direction, it is safe to return to the right lane when:","a:After about three seconds.,b:When you can no longer see the passed vehicle over your right shoulder.,c:When you can see the entire front of the passed vehicle in your rearview mirror.",c,"When you pass another vehicle, you should not move back into the right lane until you can see the entire front of the vehicle you passed in your inside rearview mirror. This helps ensure you have left enough space and are not cutting the other driver off. Before moving back, also check your mirrors and blind spot to confirm it is safe.",
3,"Signs, Signals & Road Markings",A broken yellow line between two lanes of traffic means:,"a:Both lanes of traffic are going in the same direction.,b:Passing is permitted when it's safe.,c:Passing is not permitted.",b,A broken (dashed) yellow line between lanes means the lanes carry traffic in opposite directions and passing is allowed when it is safe and legal. You may cross a broken yellow line to pass another vehicle if you have enough clear distance ahead and no signs or conditions prohibit passing.,
3,"Signs, Signals & Road Markings","On a roadway with a single broken white centerline, what is permitted?","a:You must stay within your lane.,b:You may cross the centerline to change lanes.,c:You may change lanes only from the left lane.,d:You may pass only on the left.",b,"A single broken white line separates lanes of traffic moving in the same direction. You may cross a broken white line to change lanes when it is safe to do so, after checking mirrors and blind spots and signaling your intention.",
8,Special Situations & Road Users,There is no marked crosswalk and a pedestrian is crossing your lane ahead. What should you do?,"a:Make eye contact with and then pass the pedestrian.,b:Slow down as you pass the pedestrian.,c:Stop and let the pedestrian finish crossing the street.",c,"Even without a marked crosswalk, you must yield to pedestrians in your lane and allow them to cross safely.",
3,"Signs, Signals & Road Markings",A broken yellow line next to a solid yellow line means passing is:,"a:Permitted from the side next to the solid yellow line.,b:Not permitted from either direction.,c:Permitted from the side next to the broken yellow line.",c,A broken yellow line next to a solid yellow line means passing is allowed only from the side with the broken line. Drivers on the side with the solid yellow line must not pass because it is considered unsafe from that direction.,
2,Traffic Laws & Rules of the Road,"When entering an interstate highway, you should:","a:Stop, check for cars, and enter when safe.,b:Check for cars and reduce your speed to 25 mph before entering the traffic lane.,c:Check for cars, increase your speed to match the flow of traffic, and merge when the way is clear.",c,"Use the entrance ramp and acceleration lane to reach a speed close to the flow of freeway traffic, check your mirrors and blind spots, signal, and then merge when there is a safe gap. Stopping on the ramp is dangerous because freeway drivers do not expect stopped vehicles.",
4,Safe & Defensive Driving Practices,"Like alcohol and other drugs, how can drowsiness affect your driving?","a:Help you be a better driver.,b:Make you feel better.,c:Impair your judgment.",c,"Drowsiness slows your reaction time, narrows your attention, and impairs your judgment, similar to alcohol or drugs. You may not notice hazards in time or may make poor decisions, which greatly increases crash risk.",
4,Safe & Defensive Driving Practices,"On the highway, looking far ahead of your vehicle helps you do what?","a:Spot upcoming police officers.,b:Reduce need for last-minute braking or turning.,c:Keep up with traffic speed.,d:See the license plates of distant cars.",b,"Looking well ahead on the highway lets you see problems early—like slowing traffic, lane closures, or debris—so you can ease off the gas or change lanes gradually instead of braking or turning at the last second.",
2,Traffic Laws & Rules of the Road,"If you want to enter the freeway but there is no gap in traffic, you should:","a:Maintain your speed and force the other drivers to create a gap.,b:Slow down on the ramp to wait for a gap.,c:Stop at the end of the ramp to wait for a gap.",b,"You must adjust your speed on the entrance ramp so you can merge into a safe gap without forcing other drivers to brake hard. If there is no gap, ease off the accelerator and be prepared to adjust your speed to fit into traffic; stopping at the end of the ramp should be avoided and used only if absolutely necessary because it makes merging much more difficult and can be hazardous.",
8,Special Situations & Road Users,Why is it dangerous to follow a motorcycle too closely?,"a:They do not follow the same rules as motor vehicles.,b:A motorcycle can stop much faster than a standard vehicle.,c:They brake more slowly than motor vehicles.",b,"Motorcycles are lighter and can stop more quickly than most cars. If you follow too closely, you may not have enough time or distance to stop if the motorcycle brakes suddenly, so you should leave extra following space.",
3,"Signs, Signals & Road Markings",Construction zone signs are generally what color and shape?,"a:Square or rectangular with white and red coloring.,b:Round or octagonal with black and yellow coloring.,c:Diamond-shaped or rectangular with orange and black coloring.",c,"Work-zone and construction signs are standardized with an orange background and black symbols or wording. They are usually diamond-shaped for warnings or rectangular for specific instructions, so drivers can quickly recognize temporary construction areas and adjust speed and position.",
5,Driving in Special Conditions,Which is true about traffic in work zones?,"a:Drivers do not need to obey traffic signs.,b:Traffic patterns can change daily.,c:Traffic patterns usually remain the same.,d:Speed limits are always increased.",b,"In work zones, lane locations, directions of travel, and merge points can change from day to day as construction progresses. Drivers must watch for updated signs, cones, and flaggers and be prepared for new patterns each time they pass through.",difficult
7,Vehicle Ownership & Responsibilities,"If a vehicle's suspension is failing, what problem is most likely to occur?","a:Vehicle control problems.,b:Squealing brakes.,c:Flat tires.,d:Battery drain.",a,"The suspension system keeps your tires in proper contact with the road and helps stabilize the vehicle. When it is worn or failing, the vehicle can bounce, sway, or lean excessively, making steering and control more difficult, especially in turns or during sudden maneuvers.",
2,Traffic Laws & Rules of the Road,How can you check your blind spot when changing lanes?,"a:Using the inside rearview mirror.,b:Turning your head and looking over your shoulder.,c:Using your side mirror.",b,"Mirrors do not show everything around your vehicle; areas just to the side and slightly behind are blind spots. Before changing lanes, you must briefly turn your head and look over your shoulder in the direction of the lane change to be sure no vehicle is in that blind spot.",
2,Traffic Laws & Rules of the Road,"When driving next to a dashed single white line, you may:","a:You cannot cross the line to pass.,b:You may cross the line to pass and change lanes.,c:You may only cross the line to change lanes if you are in the left lane.",b,"A dashed (broken) white line separates lanes of traffic moving in the same direction. You may cross it to pass or change lanes when it is safe and legal to do so, after checking mirrors and blind spots and signaling your intention.",
5,Driving in Special Conditions,"If no reduced speed signs are posted in a work zone, what speed should you follow?","a:You should obey the normal speed limit.,b:You should drive 15 mph slower than the posted speed limit.,c:You should drive 15 mph faster than the posted speed limit.",a,"If a work zone does not post a reduced speed limit, you must follow the regular posted speed limit for that road. Still, you should drive at a safe speed for conditions and be prepared to slow down for workers, equipment, and lane shifts, even if the numeric limit has not changed.",difficult
4,Safe & Defensive Driving Practices,"If a child is riding a bicycle near your vehicle, what should you expect?","a:That the child will be in total control.,b:The child may make unpredictable movements; expect the unexpected.,c:That the child will obey all traffic laws.,d:That the child will always yield to cars.",b,"Children on bicycles are often unpredictable and may suddenly swerve, stop, or enter your lane without warning. You should slow down, give them extra space, and be ready to brake or steer safely because they may not fully understand traffic rules or vehicle stopping distances.",
5,Driving in Special Conditions,"To avoid conflicts with merging traffic from on-ramps on an interstate, what is the best action?","a:Change lanes to the left.,b:Slow down.,c:Maintain your speed and position.",a,Move to the left lane when safe and traffic permits to allow merging vehicles space to enter from the right.,
3,"Signs, Signals & Road Markings",Blue traffic signs typically provide information about:,"a:Motorist services.,b:Construction and maintenance.,c:Mileage information, such as distances to specific locations.",a,"Blue traffic signs are service signs. They give information about motorist services such as rest areas, gas stations, food, lodging, and hospitals. Construction and maintenance are shown with orange signs, and mileage or distance information is typically shown with green guide signs.",
8,Special Situations & Road Users,"At a crosswalk, drivers must:","a:You must yield to pedestrians.,b:Pedestrians must yield to you.,c:Construction workers must yield to you.",a,"At crosswalks, drivers must yield to pedestrians. When there are no traffic signals or when pedestrians have the walk signal, you must slow or stop to let them cross safely. Always be prepared to stop for people in or about to enter a crosswalk, including in work zones where construction workers may be present.",
2,Traffic Laws & Rules of the Road,"Approaching a Yield sign, you should:","a:Must yield to vehicles only on your right.,b:Must yield the right-of-way to cross traffic that is close enough to cause conflict.,c:Should slow down but never stop.",b,"At a yield sign, you must slow down and be prepared to stop. You must yield the right‑of‑way to any cross traffic or pedestrians that are close enough to create a conflict. If there is no traffic or pedestrians that would be affected, you may proceed without stopping.",
4,Safe & Defensive Driving Practices,"If you begin to feel drowsy while driving, what should you do?","a:Take some caffeine pills.,b:Try to fight it.,c:Take a break.",c,"Drowsy driving is very dangerous because your reaction time and judgment are greatly reduced. If you start to feel sleepy, the safe choice is to pull over at the first safe place and take a break—rest, nap, stretch, or switch drivers. Caffeine and trying to fight sleep are not reliable substitutes for actual rest.",
2,Traffic Laws & Rules of the Road,"If a police officer directs you to go through an intersection despite a red light, you should:","a:Stop and remain stopped until the light turns green, even if directed otherwise by an officer.,b:Go through the intersection without stopping whenever an officer is present.,c:Follow the officer’s directions, coming to a complete stop if required, then proceed through the red light only when directed and when it is safe.",c,"A police officer directing traffic has authority over traffic signals and signs. You must follow the officer’s directions, but you should still drive safely. If an officer waves you through a red light, you should come to a complete stop if that is what the officer indicates, then proceed when directed and when it is safe. You should not automatically drive through a red light without stopping unless the officer clearly directs you to keep moving without stopping.",difficult
2,Traffic Laws & Rules of the Road,What does a broken yellow centerline between two lanes of traffic mean?,"a:Passing on the left is permitted when the way ahead is clear.,b:Passing is not permitted.,c:Passing on the right is permitted when the way ahead is clear.",a,"A broken yellow centerline between lanes of opposite-direction traffic means passing is allowed on the left when it is safe and legal. You must check for oncoming traffic, ensure you have enough distance to pass, and never exceed the speed limit or pass where signs or road conditions prohibit it.",
2,Traffic Laws & Rules of the Road,How should you treat an intersection when the traffic signal is not functioning?,"a:Come to a full stop and yield the right-of-way before entering the intersection.,b:If the intersection is clear, the driver does not need to stop.,c:Drive quickly through the intersection to get out of the way of other vehicles.",a,"When a traffic signal is completely out, you must treat the intersection like an all‑way stop. Come to a full stop at the intersection, then proceed only after yielding to any vehicles or pedestrians who arrived first or are already in the intersection, and when it is safe to go.",
4,Safe & Defensive Driving Practices,"If a child is about to run into the street, what should you do?","a:Flash your headlights.,b:Start to prepare to slow down and, if necessary, sound a sharp blast of your horn.,c:Drive faster to pass before they get there.,d:Ignore them unless they step out.",b,"When children are near the street, you must be ready to slow or stop immediately. Cover your brake, reduce speed, and use a quick, sharp horn blast if needed to warn the child and others. Never speed up or ignore a child near the roadway.",
5,Driving in Special Conditions,"Work zone barriers, drums, cones, and signs are used to:","a:Make drivers angry about slow traffic.,b:Inconvenience drivers.,c:Keep traffic out of hazardous work zones.",c,"Work zone barriers, cones, drums, and signs are safety devices. They guide traffic safely through or around construction areas and keep vehicles away from workers and hazards.",
1,Licensing & Permit Requirements,Having a driver license is considered a:,"a:Right, not a privilege.,b:Privilege, not a right.,c:Requirement.",b,"In the U.S., driving is not an automatic right. A driver license is a privilege granted by the state when you meet legal requirements, and it can be restricted, suspended, or revoked if you violate the law.",
2,Traffic Laws & Rules of the Road,"If a traffic signal is green but a police officer signals you to stop, what should you do?","a:Obey the traffic signal.,b:Do what the vehicle in front of you does.,c:Obey the officer.",c,"Law enforcement directions override traffic signals and signs. If an officer signals you to stop, you must stop even if the light is green or signs say you may proceed.",
3,"Signs, Signals & Road Markings",An orange-and-red triangular emblem on the rear of a vehicle indicates what?,"a:Shoulder work ahead.,b:Slow-moving vehicle.,c:The vehicle has the right-of-way.",b,"An orange-and-red reflective triangle on the rear of a vehicle means it is a slow-moving vehicle, such as a farm tractor or horse-drawn wagon. Approach slowly and be prepared to reduce speed or pass only when safe and legal.",
8,Special Situations & Road Users,When must you obey directions from a school crossing guard?,"a:Only during school hours.,b:Unless you do not see any children present.,c:At all times.",c,"You must obey a school crossing guard’s directions whenever they are giving instructions, not just during school hours or only when children are visible. Crossing guards are authorized to control traffic to protect pedestrians, and their directions have the same legal weight as traffic control devices.",
5,Driving in Special Conditions,"When driving in fog, which lights should you use?","a:High beam headlights.,b:Four-way flashers.,c:Low beam headlights.",c,"In fog, always use low beam headlights. High beams reflect off water droplets in the fog and shine back into your eyes, making it harder to see. Low beams, and fog lights if your vehicle has them, help you see the road and help others see you without creating glare.",
4,Safe & Defensive Driving Practices,Which of the following best describes the thinking of a defensive driver?,"a:They know other drivers will do the right thing.,b:They consider what other drivers might do and are prepared to react.,c:They expect no breaks and give none.",b,"A defensive driver constantly scans the road, thinks about what other drivers, pedestrians, and cyclists might do next, and stays ready to react safely. Instead of assuming others will always follow the rules, they leave space, adjust speed, and plan escape routes to avoid collisions.",
8,Special Situations & Road Users,"When approaching someone crossing with a white cane or guide dog, how should you respond?","a:Carefully drive around them.,b:Honka horn as you pass.,c:Stop until the person is well clear of your path.,d:Proceed slowly while they cross.",c,"When a person with a white cane or guide dog is crossing or preparing to cross, you must stop and remain stopped until they are safely and completely out of your path. Do not honk, rush around them, or inch forward, as this can confuse or endanger the pedestrian.",
3,"Signs, Signals & Road Markings",What color and lettering do temporary construction and maintenance signs have?,"a:Yellow background with blue writing.,b:Red background with green writing.,c:Orange background with black writing.",c,"Temporary construction and maintenance signs are orange with black letters or symbols. This color combination alerts drivers that they are entering a work zone and should slow down, watch for workers and equipment, and be prepared for lane shifts or stopped traffic.",
4,Safe & Defensive Driving Practices,"If you have a sudden tire blowout while driving, you should:","a:Use the brakes lightly.,b:Pump the brakes.,c:Apply the brakes firmly.",a,"If a tire blows out, grip the steering wheel firmly, ease your foot off the accelerator, and let the vehicle slow down gradually. Use the brakes lightly only after you have the vehicle under control and are slowing down, then steer to a safe place off the road.",
4,Safe & Defensive Driving Practices,Which foot should be used for both braking and accelerating in most vehicles?,"a:Use your left foot for braking.,b:Use your right foot for both braking and accelerating.,c:Alternate feet when braking suddenly.,d:Use left for accelerating and right for braking.",b,"In normal passenger vehicles with automatic or manual transmissions, you should use your right foot for both the accelerator and the brake. This helps prevent accidentally pressing both pedals at once and gives you better control when stopping.",
2,Traffic Laws & Rules of the Road,What does a solid yellow line on your side of the centerline indicate?,"a:Reduce your speed.,b:Traffic light ahead.,c:Do not pass.",c,A solid yellow line on your side of the centerline means you may not legally pass other vehicles from your lane. It marks a no-passing zone because of limited visibility or other safety concerns.,
2,Traffic Laws & Rules of the Road,"To turn left from a multilane one-way street onto another one-way street, you should start the turn from:","a:Any lane (as long as it is safe).,b:The lane closest to the left curb.,c:The lane in the center of the road.",b,"When turning left from a one-way street onto another one-way street, start from the lane closest to the left curb and turn into the lane closest to the left curb on the new street. This keeps traffic organized and reduces the chance of conflicts with other vehicles.",
5,Driving in Special Conditions,"To avoid glare from an oncoming vehicle's headlights, you should:","a:Look briefly toward the right side of the road.,b:Stay focused on the centerline on the road.,c:Flash your high beams.",a,"When facing glare from oncoming headlights at night, briefly look toward the right edge of your lane and use it as a guide, rather than looking directly at the lights. Continue scanning the road ahead as the vehicle passes to maintain awareness and lane position.",
8,Special Situations & Road Users,"If you approach a stopped school bus with flashing lights and its signal arm extended, you should:","a:Proceed at 15 mph if no children are present.,b:Proceed at normal speed, but watch for children.,c:Stop.",c,"When a school bus has flashing red lights and an extended stop arm, you must come to a complete stop and remain stopped until the lights stop flashing and the stop arm is retracted. This applies on most roads in both directions unless a specific state exception applies (such as divided highways with a physical median). Proceeding at any speed while the red lights and stop arm are active is unsafe and illegal.",difficult
4,Safe & Defensive Driving Practices,What should you do if you become tired while driving?,"a:Drink coffee.,b:Open a window.,c:Stop to rest or change drivers.",c,"If you feel tired while driving, the only safe choice is to get off the road and rest or switch drivers. Fatigue slows your reaction time and harms your judgment, similar to alcohol. Coffee, fresh air, or loud music may make you feel more awake briefly, but they do not restore alertness enough to drive safely.",
6,"Alcohol, Drugs & Impaired Driving","If your car starts to skid out of control, what should you do first?","a:Pump the brakes.,b:Stay off the brakes and steer to regain control.,c:Apply the brakes firmly.,d:Turn off the engine immediately.",b,"In a skid, your first action should be to stay off the brakes and gently steer in the direction you want the front of the vehicle to go. Braking hard or jerking the wheel can make the skid worse. Once the vehicle begins to straighten out and you regain traction, you can make smooth, small corrections as needed.",
2,Traffic Laws & Rules of the Road,At a Yield sign you must:,"a:Yield the right-of-way only to vehicles on your right.,b:Always slow down and proceed without stopping.,c:Yield the right-of-way to cross traffic that is near enough to cause conflict.",c,"At a Yield sign, you must slow down and be prepared to stop. You must let cross or merging traffic go first if it is close enough to be a hazard. If there is no traffic close enough to cause a conflict, you may proceed without stopping, but you must still approach at a safe, controlled speed.",
5,Driving in Special Conditions,"If the road is slippery, adjust your following distance to be:","a:No different than normal.,b:Farther from the car ahead than normal.,c:Closer to the car ahead than normal.",b,"On slippery roads, your stopping distance increases, so you must leave more space between your vehicle and the one ahead. Increasing your following distance gives you extra time to brake gently and avoid skids or rear-end collisions if the vehicle in front slows or stops suddenly.",
4,Safe & Defensive Driving Practices,"If you feel fatigued while driving, you should:","a:Increase your speed to reach your destination more quickly.,b:Increase the volume of your radio.,c:Find a safe parking area to take a short nap.",c,"If you notice signs of fatigue (e.g., drifting lanes, heavy eyelids), stop in a safe place and rest or take a short nap.",
4,Safe & Defensive Driving Practices,"As your speed increases, what becomes more important?","a:Turn on your headlights.,b:Look well ahead of your vehicle.,c:Change lanes frequently.",b,At higher speeds your stopping distance increases; look well ahead to give yourself more time to react.,
4,Safe & Defensive Driving Practices,You should allow an extra cushion of space when following which vehicle?,"a:When following a station wagon.,b:When following a driver who cannot see the rear of their vehicle.,c:When following a small passenger car.",b,Give larger vehicles or those towing trailers extra space because their drivers may have limited rear visibility and they block your sight of the road ahead.,
3,"Signs, Signals & Road Markings","If a green light turns yellow while you are already in the intersection, what should you do?","a:Increase speed to clear it quickly.,b:Continue moving and clear the intersection safely.,c:Stop immediately where you are.,d:Back up out of the intersection.",b,"If you are already in the intersection when the light turns yellow, proceed to clear it safely.",
4,Safe & Defensive Driving Practices,When should you adjust your rearview and side mirrors?,"a:Whenever you need to use them.,b:Before you get into the car.,c:Before you move the vehicle.",c,"Before you move the vehicle, adjust your seat and then your mirrors so you have a clear view behind and to the sides. Doing this before driving prevents you from taking your attention off the road to adjust mirrors while the vehicle is in motion.",
8,Special Situations & Road Users,"If there is no marked crosswalk and a pedestrian is crossing your lane, you should:","a:Cautiously drive around the pedestrian.,b:Make sure the pedestrian can see you before proceeding.,c:Stop and let the pedestrian finish crossing.",c,"Drivers must yield to pedestrians in the roadway, even if a crosswalk is not marked.",
5,Driving in Special Conditions,How can you reduce the risk of hydroplaning in rainy conditions?,"a:Drive at a speed appropriate for ideal conditions.,b:Apply your brakes as soon as your car starts to skid.,c:Slow down.",c,Hydroplaning happens when your tires ride on a thin layer of water and lose contact with the road. The best way to reduce this risk is to slow down in wet conditions and drive at a speed that allows your tires to maintain good traction.,
4,Safe & Defensive Driving Practices,Which behavior may identify an aggressive driver?,"a:The number of passengers in their car.,b:Their erratic and improper lane changes.,c:Their tendency to drive slowly.,d:Using turn signals consistently.",b,"Aggressive drivers often show unsafe behaviors such as tailgating, speeding, and making improper or erratic lane changes. If you see a driver weaving in and out of traffic or changing lanes abruptly, give them space and do not engage.",
3,"Signs, Signals & Road Markings",What does a red-painted curb generally mean?,"a:Loading zone.,b:The area is reserved for picking up or dropping off passengers.,c:No parking, standing, or stopping.",c,"A red-painted curb generally means no stopping, standing, or parking at any time, except when required by a traffic signal or officer. It is used where stopping could create a hazard, such as near fire hydrants or in front of fire station driveways.",
7,Vehicle Ownership & Responsibilities,What should you do before switching on your vehicle's ignition?,"a:Buckle your safety belt.,b:Be sure all passengers have buckled their safety belts.,c:Both of the above.",c,"Before starting your vehicle, you should always buckle your own seat belt and make sure all passengers are properly buckled. Making this a habit every time you drive greatly reduces the risk of injury in a crash.",
4,Safe & Defensive Driving Practices,Which factor commonly contributes to crashes?,"a:Getting adequate rest and staying alert.,b:Scanning the environment regularly.,c:Exceeding the posted speed limit or driving too fast for conditions.,d:Driving at the general flow of traffic.",c,"Driving faster than the posted speed limit or too fast for weather, traffic, or road conditions greatly increases stopping distance and reduces your time to react. Speeding is one of the most common contributing factors in crashes, so staying within the limit and slowing down when conditions are poor is essential for safety.",
4,Safe & Defensive Driving Practices,"When following a large truck on the freeway, how should you position your vehicle?","a:Follow closer than you would a passenger car.,b:Follow farther back than you would a passenger car.,c:Drive on the truck's right side and wait to pass.,d:Pass quickly on the right.",b,"Large trucks need more distance to stop and have big blind spots directly behind them. By following farther back than you would behind a passenger car, you give yourself more time to react and allow the truck driver to see you in their mirrors.",
4,Safe & Defensive Driving Practices,"If your vehicle begins to skid, you should:","a:Brake abruptly.,b:Stay off the brakes.,c:Brake lightly.",b,"If your vehicle begins to skid, ease off the accelerator and stay off the brakes so you do not lock the wheels and lose more control. Look and steer in the direction you want the front of the vehicle to go. Once the vehicle is back under control, you can brake gently if needed. In vehicles with ABS, press the brake firmly and steer where you want to go while the system prevents wheel lockup.",
8,Special Situations & Road Users,"Which statement about motorcycle, scooter, and moped operators is correct?","a:Are easy to see and are predictable.,b:Must share a traffic lane with another vehicle.,c:Have the right to use a complete traffic lane.",c,"Motorcycles, scooters, and mopeds are entitled to use a full traffic lane just like any other vehicle. Do not share their lane or crowd them; when passing, move fully into the adjacent lane and give them the same space you would give a car.",
8,Special Situations & Road Users,When should drivers yield to pedestrians in a crosswalk?,"a:Only if the pedestrians first wave to the driver.,b:Only if the pedestrians are not texting while walking.,c:At all times.",c,"Drivers must yield to pedestrians in crosswalks whenever pedestrians are in or entering the crosswalk, whether it is marked or unmarked. You must stop or slow as needed to let them cross safely, regardless of whether they signal you or what they are doing while walking.",
5,Driving in Special Conditions,"If an oncoming driver fails to dim their headlights, you should:","a:Look straight ahead.,b:Look toward the right side of the road.,c:Look toward the center of the roadway.",b,Looking toward the right edge of the road (not directly at the oncoming headlights) reduces glare and helps you avoid being temporarily blinded. Use the right edge line or road edge as a guide while keeping enough of the road in view to steer safely.,
8,Special Situations & Road Users,How might a bicyclist behave when making a left turn?,"a:They may use the left lane.,b:They may cut unpredictably through multiple lanes without yielding.,c:They must always wait on the side of the road and may never use a travel lane to turn left.",a,"Bicyclists generally have the same rights and duties as drivers of motor vehicles. When preparing for a left turn, a bicyclist may move into the leftmost lane or appropriate left‑turn lane, signal, and complete the turn like a car, when it is safe. They should not weave unpredictably through lanes, and simply waiting on the side of the road is not the standard left‑turn method.",
2,Traffic Laws & Rules of the Road,When passing on a two-lane road you should:,"a:Sound your horn as you pass.,b:Flash your headlights as you pass.,c:Judge the speed and distance to any oncoming vehicles and only pass if there is enough clear space.",c,"Before passing on a two‑lane, two‑way road, you must carefully judge the speed and distance of oncoming traffic to be sure you have enough clear space to pass and return to your lane safely. If you are not certain there is enough time and distance, do not start to pass. Sounding your horn or flashing headlights is not a substitute for having a safe passing distance.",
5,Driving in Special Conditions,What is true about fines for speeding in work zones?,"a:They are not enforced.,b:They can be doubled or increased.,c:They can always be argued in court successfully.,d:There are no extra penalties.",b,"In many states, speeding and certain violations in work zones carry higher fines, often doubled, to protect road workers and encourage extra caution. Always slow down, obey posted work‑zone speed limits, and be prepared for sudden stops or lane shifts.",difficult
2,Traffic Laws & Rules of the Road,From which lane should you make a right turn where lane markings or signs do not control turning?,"a:Turn from any lane.,b:Turn from the right lane.,c:Speed up to provide room for vehicles behind.",b,"When there are no specific lane markings or signs for turning, you should turn from the lane closest to the direction you want to go. For a right turn, that means turning from the rightmost lane into the closest legal lane on the road you are entering, unless signs or markings say otherwise.",
1,Licensing & Permit Requirements,Drivers aged 16 or 17 are prohibited from using which devices while driving?,"a:Text messaging device.,b:Both of the above.,c:Cell phone.",b,"Drivers aged 16–17 are generally prohibited from using any cell phone or text messaging device while driving, even if it is hands‑free. These restrictions exist because young drivers are at higher crash risk and distraction greatly increases that risk. Violations can result in fines and possible license suspension.",difficult
2,Traffic Laws & Rules of the Road,Which of the following is unlawful regarding passing?,"a:Both of the above.,b:Pass another vehicle in any marked no passing zone.,c:Pass another vehicle over a railroad crossing.",a,You must never pass in a marked no‑passing zone or at a railroad crossing. These areas are specifically marked because sight distance is limited or conditions make passing especially dangerous. Always wait until you are in a legal passing zone with clear visibility and no oncoming traffic.,
2,Traffic Laws & Rules of the Road,You should not start to cross an intersection if doing so will block it after the light turns red under which condition?,"a:Under any circumstances.,b:Unless you entered the intersection on a yellow light.,c:Unless you entered the intersection on a green light.",a,"You should not enter an intersection unless you are sure you can clear it completely, even if the light is green when you start. Blocking the intersection when the light changes prevents cross traffic from moving and is illegal in many places. Always wait behind the stop line until there is enough space on the far side to pull all the way through.",difficult
4,Safe & Defensive Driving Practices,In traffic traveling 50–55 mph you are least likely to crash if you:,"a:Drive a few miles per hour faster than most other vehicles.,b:Drive a few miles per hour slower than most other vehicles.,c:Stay within that speed range.",c,"You are least likely to crash when you travel at the same speed as the flow of traffic, as long as that speed is within the posted limit and safe for conditions. Driving significantly faster or slower than surrounding traffic increases lane changes and conflicts, which raises the risk of collisions.",
2,Traffic Laws & Rules of the Road,Which of these is correct about checking blind spots when changing lanes?,"a:Vehicles with two outside mirrors do not have blind spots.,b:Look over your right shoulder for a right lane change and your left shoulder for a left lane change.,c:You only need to turn and look over your right shoulder for lane changes to the right or left.",b,"Every vehicle has blind spots that mirrors cannot cover. Before changing lanes, signal, check your mirrors, and then quickly look over your right shoulder for a right lane change or over your left shoulder for a left lane change. This head check lets you see vehicles that may be hidden in your blind spots.",
2,Traffic Laws & Rules of the Road,How must you treat a flashing red traffic signal?,"a:Are traveling in the wrong direction.,b:Must treat the intersection as if it is controlled by a stop sign.,c:May not proceed until it changes to green.",b,"A flashing red light means you must stop completely, just as you would at a stop sign. Stop before the crosswalk or limit line, yield to pedestrians and other traffic, and proceed only when it is safe.",
2,Traffic Laws & Rules of the Road,Is it ever acceptable to drive off the paved road to pass another vehicle?,"a:If there are two or more lanes traveling in your direction.,b:If the vehicle ahead is turning left.,c:Under no circumstances.",c,You must never drive off the paved or main‑traveled portion of the roadway to pass another vehicle. Passing should only be done within a proper lane on the roadway where it is legal and safe.,
4,Safe & Defensive Driving Practices,Which statements about driving speed are true?,"a:As your speed increases, your stopping distance and crash severity increase.,b:As your speed increases, you should increase your following distance.,c:Both of the above.",c,"As your speed increases, your stopping distance and crash severity increase, and you have less time to react to hazards. You should increase your following distance at higher speeds so you have more space and time to stop or steer away from danger.",
6,"Alcohol, Drugs & Impaired Driving","After several beers, what will reduce the effects of alcohol on your system?","a:Taking a cold shower.,b:Waiting several hours.,c:Drinking several cups of coffee.",b,"Only time allows your body to eliminate alcohol and lower your blood alcohol concentration. Coffee, cold showers, or exercise may make you feel more awake but do not make you less impaired for driving.",
8,Special Situations & Road Users,Increase your following distance behind large vehicles so you can:,"a:To better see around the sides of the vehicle.,b:Because following too closely will get you caught in the vehicle's slipstream.,c:Because other drivers tend to pull behind large vehicles before trying to pass them.",a,"Large vehicles block your view of the road ahead and have large blind spots. By increasing your following distance, you can see farther down the road and have more time to react to slowing or stopped traffic.",
1,Licensing & Permit Requirements,A driver's license is considered which of the following?,"a:A right.,b:A privilege.,c:A requirement.,d:A guarantee.",b,"Driving is not a basic right; it is a privilege granted by the state. You must meet licensing requirements and obey traffic laws to keep that privilege. If you drive unsafely or break the law, your license can be suspended or revoked.",
5,Driving in Special Conditions,"When poor visibility is caused by rain or fog, which lights should you turn on?","a:Parking lights.,b:High beam headlights.,c:Low beam headlights.,d:Interior dome light.",c,"In rain, fog, or other low‑visibility conditions, you should use low beam headlights. Low beams help others see you without causing glare. High beams can reflect off moisture in the air and actually make it harder for you to see.",
4,Safe & Defensive Driving Practices,"Using the steering wheel as a clock face, where should a driver's hands be placed?","a:9 and 3 o'clock.,b:11 and 4 o'clock.,c:9 and 12 o'clock.,d:8 and 2 o'clock.",a,Modern safety guidance recommends placing your hands at about 9 and 3 o’clock on the steering wheel. This position gives you good control of the vehicle and works better with airbags than the older 10 and 2 recommendation.,
4,Safe & Defensive Driving Practices,"At intersections, crosswalks, and railroad crossings you should always:","a:Stop, listen, and proceed cautiously.,b:Look to the sides of your vehicle to see what is coming.,c:Slowly pass vehicles that seem to be stopped for no reason.,d:Always assume other drivers will stop for you.",b,"At intersections, crosswalks, and railroad crossings, you must actively scan to the left and right to see pedestrians, cyclists, and other vehicles that may cross your path. Looking to the sides helps you spot hazards early so you can slow, yield, or stop if needed.",difficult
5,Driving in Special Conditions,"When you drive through a construction zone, you should:","a:Stop to watch the workers.,b:Decrease your following distance.,c:Pass the construction zone carefully and not “rubberneck.”,d:Ignore work‑zone speed limits if traffic is light.",c,"In construction zones, keep your attention on the road and the workers, but do not slow down just to look. Follow posted work‑zone speed limits, maintain a safe following distance, and pass through smoothly without “rubbernecking,” which can cause sudden slowdowns and crashes.",difficult
8,Special Situations & Road Users,"If a pedestrian with a guide dog is waiting to cross where you are turning right, what should you do?","a:Tell the pedestrian when to cross.,b:Wait until the person has crossed before turning.,c:Turn off your engine until they cross.,d:Proceed slowly and honk to warn them.",b,"Pedestrians using guide dogs or white canes are visually impaired and must always be given the right‑of‑way. When you are turning and such a pedestrian is waiting to cross, you must wait until they have completely and safely crossed before you turn. Do not honk, rush them, or try to direct them verbally.",
4,Safe & Defensive Driving Practices,Why is extra space needed in front of a large truck?,"a:To allow other drivers to merge onto the freeway.,b:To give the truck driver enough room to stop safely.,c:To give other drivers space when they want to slow down.",b,"Large trucks are much heavier than passenger cars and need a longer distance to stop. Leaving extra space in front of a truck gives the truck driver enough room to slow or stop safely if traffic changes suddenly, reducing the risk of a rear‑end collision.",
6,"Alcohol, Drugs & Impaired Driving",What is the only medically proven way to remove alcohol from your system?,"a:Drink coffee.,b:Give your body time.,c:Take a cold shower.,d:Exercise vigorously.",b,"Once alcohol is in your bloodstream, only time allows your body to process and eliminate it. Coffee, cold showers, and exercise might make you feel more awake, but they do not lower your blood alcohol concentration or make you safer to drive.",
2,Traffic Laws & Rules of the Road,"If you park uphill on a two-way road with no curb, which way should you turn your front wheels?","a:Straight ahead.,b:Right, toward the side of the road.,c:Left, toward the center of the road.",b,"When parking uphill on a two‑way road with no curb, turn your front wheels to the right, toward the side of the road. If your brakes fail, the vehicle will roll away from the traffic lane and off the roadway instead of into oncoming traffic.",
4,Safe & Defensive Driving Practices,Should you always drive slower than other traffic?,"a:No.,b:Yes.,c:Only if you are driving significantly slower than the normal flow of traffic.",a,"You should drive at a speed that matches the safe flow of traffic and posted limits, not always slower than other vehicles. Driving much slower than surrounding traffic can cause congestion and increase the risk of crashes because other drivers may need to brake or change lanes suddenly.",
3,"Signs, Signals & Road Markings","When double solid yellow lines separate lanes of traffic, passing is:","a:Permitted from the left.,b:Permitted from the right.,c:Not permitted from either direction.",c,Double solid yellow lines separate traffic moving in opposite directions and mean that vehicles in both directions are prohibited from crossing the lines to pass. You must stay in your lane and may only cross these lines to turn left into or out of a driveway or side road where it is specifically allowed by law.,
3,"Signs, Signals & Road Markings",An orange-colored road sign indicates:,"a:There is roadwork ahead.,b:You must change lanes ahead.,c:There is a detour ahead.",a,"Orange road signs are used for construction and maintenance work zones. They warn you of roadwork, lane shifts, workers, or equipment ahead so you can slow down, be alert, and follow any posted instructions.",
8,Special Situations & Road Users,"When a large truck makes a right turn on a multi-lane street, what may it do?","a:May complete its turn in either of the two lanes.,b:May have to swing wide to complete the right turn.,c:Must stay in the right lane at all times while turning.",b,"Large trucks often need extra space to make right turns and may swing wide to the left before turning right so their rear wheels clear the curb. You should never try to squeeze between a turning truck and the curb or assume it will stay tightly in the right lane; instead, give the truck plenty of room to complete the turn safely.",
3,"Signs, Signals & Road Markings",Roads with a double solid yellow centerline indicate that passing is:,"a:Allowed from both directions.,b:Allowed only from your direction of travel.,c:Not allowed from either direction.",c,"A double solid yellow centerline means passing is not allowed from either direction. These lines separate opposing traffic where sight distance or other conditions make passing unsafe, so you must remain in your lane and only cross when making a permitted left turn into or out of a driveway or side road.",
5,Driving in Special Conditions,"When visibility is reduced by rain or fog, which lighting should you use?","a:High beam headlights.,b:Parking lights.,c:Low beam headlights.,d:Fog lights.",c,"In rain, fog, snow, or sleet, you should use low beam headlights because they aim light down toward the road and reduce glare. High beams reflect off moisture in the air and can make it harder to see. Use fog lights only if your vehicle has them and local law allows, but always with low beams, not instead of them.",
2,Traffic Laws & Rules of the Road,"When changing lanes, which action should you never do?","a:Look over your shoulder to check your blind spot.,b:Change lanes abruptly or spontaneously.,c:Check for other vehicles moving into the same lane.",b,"Abrupt or spontaneous lane changes are dangerous because other drivers do not have time to react. Before changing lanes, always signal, check your mirrors, and look over your shoulder to check your blind spot. Only move when it is safe and predictable for others.",
4,Safe & Defensive Driving Practices,When is it inappropriate to use your horn?,"a:If it may help prevent a collision.,b:Near blind pedestrians.,c:When visibility ahead is limited.,d:To warn another driver of imminent danger.",b,"Use your horn only to help prevent collisions or warn of immediate danger. Around blind pedestrians, avoid using the horn because it can startle or disorient them; instead, slow down, be prepared to stop, and give them the right-of-way.",difficult
8,Special Situations & Road Users,"If you see a pedestrian using a guide dog or carrying a white cane, you must:","a:The pedestrian must yield the right-of-way.,b:You must yield the right-of-way.,c:Honk your horn to let them know you are there.",b,"A pedestrian using a white cane or a guide dog is legally blind or visually impaired and has the right-of-way. You must slow down or stop as needed and allow them to cross safely, even if this means waiting longer than usual.",
5,Driving in Special Conditions,"When visibility is very low due to fog, you should:","a:Turn on your high beam headlights.,b:Slow down and use your low beam headlights.,c:Increase your speed so you do not cause an accident.",b,"In fog, high beams reflect off the moisture in the air and make it harder to see. Use low beam headlights, slow down, and increase your following distance. If visibility becomes so poor that you cannot see ahead safely, pull off the road to a safe area and wait for conditions to improve.",
4,Safe & Defensive Driving Practices,"When near a distracted driver, what minimum following distance should you maintain?","a:One to two seconds.,b:Two to three seconds.,c:Three to four seconds.,d:Less than one second.",c,"Distracted drivers may brake suddenly, drift in their lane, or miss traffic signals. To protect yourself, leave extra space by following at least three to four seconds behind them, which gives you more time to react if they make a mistake.",
8,Special Situations & Road Users,"When an emergency vehicle is using siren and lights, what must you do?","a:Move to the right edge of the road and stop.,b:Stop immediately even if in an intersection.,c:Slow to the right lane and continue slowly.,d:Speed up and clear the way by passing.",a,"When an emergency vehicle approaches with lights and siren, you must yield the right-of-way by moving as far to the right side of the road as safely possible and stopping until it has passed. Do not stop in an intersection; if you are already in the intersection, clear it first, then pull to the right and stop.",difficult
5,Driving in Special Conditions,"During rainy weather, when should you be most careful turning or stopping?","a:One half hour after it stops raining.,b:During the first half hour of rain.,c:After it has been raining all day.,d:Only when puddles form.",b,"Roads are most slippery at the beginning of a rainstorm, typically during the first 20–30 minutes. Oil and other residues on the road surface mix with the fresh rainwater and create a slick film, reducing traction. As rain continues, this buildup is washed away and the road usually becomes less slippery.",
3,"Signs, Signals & Road Markings",Yellow lines on the roadway separate:,"a:Traffic lanes on one-way streets.,b:Traffic moving in opposite directions on two-way roads.,c:All carpool lanes from regular traffic lanes.",b,"Yellow lines are used to separate traffic moving in opposite directions on two-way roads. A single or double solid yellow line means no passing where the line is solid; a broken yellow line means passing is allowed when it is safe. White lines, not yellow, separate traffic moving in the same direction, such as on one-way streets or multi-lane roads.",
4,Safe & Defensive Driving Practices,When may you safely return to your lane after passing another vehicle?,"a:When you are 50 feet ahead of the passed vehicle.,b:When you can see both headlights of the passed vehicle in your rearview mirror.,c:When the passed vehicle signals you to return.,d:After signaling for three seconds.",b,"After passing another vehicle, you should not move back into your original lane until you can see both headlights of the vehicle you passed in your rearview mirror. This indicates you have enough space ahead of that vehicle to return safely without cutting them off.",difficult
5,Driving in Special Conditions,"If it feels like your tires have lost contact with the road, what is the right action?","a:Pump the brakes quickly and firmly.,b:Ease off the gas and stay off the brakes.,c:Shift into a lower gear immediately.,d:Turn the steering wheel sharply to correct it.",b,"If your tires lose contact with the road (hydroplaning), gently ease off the accelerator and keep the steering wheel straight. Do not brake or make sudden turns, as this can cause a skid. Wait until you feel the tires regain traction before braking or steering more sharply.",
2,Traffic Laws & Rules of the Road,"If facing a green light but the intersection ahead is blocked by traffic, you should:","a:Turn left and find another route.,b:Stay out of the intersection until traffic clears.,c:Follow the other vehicles and enter the intersection.",b,"If the intersection is blocked, you must wait behind the stop line even if the light is green. Entering when you cannot clear the intersection can block cross traffic and is illegal in many jurisdictions. Only proceed when there is enough space to fully clear the intersection.",
2,Traffic Laws & Rules of the Road,Who must drivers turning left yield to?,"a:Overtaking cars.,b:Oncoming cars and pedestrians in the crosswalk.,c:No one.",b,"When turning left, you must yield to oncoming traffic that is going straight or turning right, and to pedestrians in the crosswalk. The oncoming vehicles have the right‑of‑way unless you have a protected green arrow and the intersection is clear.",
3,"Signs, Signals & Road Markings","On a green arrow signal, what must you do?","a:Wait four seconds before proceeding.,b:Yield to any vehicle, bicycle, or pedestrian still in the intersection and then turn.,c:Turn without yielding to others.,d:Only yield to pedestrians.",b,"A green arrow gives you a protected turn in the direction of the arrow, but you must still yield to any vehicle, bicycle, or pedestrian that is already in the intersection. Once the intersection is clear, you may complete your turn.",
2,Traffic Laws & Rules of the Road,"If another vehicle is passing you, what should you do?","a:Brake hard.,b:Maintain a constant speed.,c:Speed up.",b,"When another vehicle is passing you, keep a steady speed and stay in your lane. Do not speed up, as this makes passing unsafe and may be illegal. If necessary, you may slightly reduce speed to help the other driver pass safely.",
1,Licensing & Permit Requirements,For how long do passenger restrictions apply to newly licensed drivers?,"a:Three months.,b:Six months.,c:Twelve months.,d:Two months.",b,"In many states, including several that use this wording, newly licensed drivers under 18 have passenger restrictions for the first six months. During this period, they may generally only carry a driving instructor, parents/guardians, or a qualifying licensed adult, unless specific exceptions apply.",
6,"Alcohol, Drugs & Impaired Driving","If arrested for a first-time DUI and you refuse a breath test, your license will be suspended for at least:","a:14 days.,b:45 days.,c:21 days.",b,"Refusing a chemical test (such as a breath test) after a DUI arrest usually triggers an automatic administrative license suspension that is longer than if you had taken and failed the test. Many states set this refusal suspension at a minimum of about 45 days or more for a first offense, plus additional requirements before you can get your license back.",
4,Safe & Defensive Driving Practices,Why is using a cell phone while driving considered dangerous?,"a:It occupies the driver's hands, eyes, and mind.,b:It causes the driver to be concerned about the cost of the call.,c:It draws the attention of other drivers.",a,"Using a cell phone while driving is dangerous because it creates three types of distraction at once: visual (eyes off the road), manual (hands off the wheel), and cognitive (mind off driving). This greatly increases the chance of missing hazards, reacting too slowly, or drifting out of your lane.",
5,Driving in Special Conditions,"When visibility is poor due to fog, which headlight setting should you use?","a:Turn on your emergency flashers.,b:Turn your lights to their high beam setting.,c:Turn your lights to their low beam setting.",c,"In fog, rain, snow, or mist, you should use low beam headlights. High beams reflect off moisture droplets in the air and shine back into your eyes, making it harder to see. Low beams reduce glare and help you see the road and other vehicles more clearly.",
2,Traffic Laws & Rules of the Road,Changing from one lane to another is best done:,"a:Quickly and often.,b:When a car is in your blind spot.,c:Gradually and carefully.",c,"Lane changes should be made gradually and carefully: signal in advance, check your mirrors, look over your shoulder to check blind spots, and move smoothly into the next lane when it is safe. Frequent or sudden lane changes increase the risk of collisions.",
1,Licensing & Permit Requirements,The conviction of a 16- or 17-year-old for violating the electronic device law may result in:,"a:A $500 fine.,b:A 10-day suspension.,c:A 30-day suspension.",c,"For drivers under 18, using an electronic device while driving is typically treated as a serious offense. A first conviction can result in a license suspension of about 30 days or more, along with fines and possible driver retraining, to emphasize that distracted driving is especially dangerous for new drivers.",
5,Driving in Special Conditions,"To help avoid skidding on slippery surfaces, you should:","a:Shift to a lower gear after starting down a steep hill.,b:Speed up to enter curves and slow down to exit them.,c:Slow down before entering curves and intersections.",c,"On slippery roads, sudden braking or sharp steering in a curve can easily cause a skid. You should reduce speed before you enter curves and intersections so you can steer smoothly and gently through them. Slowing first gives your tires better grip and reduces the chance of losing control.",
5,Driving in Special Conditions,"If the roadway is wet or icy, what should you do?","a:Drive at the posted speed.,b:Speed up.,c:Reduce your speed.",c,"Wet, snowy, or icy roads greatly reduce traction, so your tires cannot grip the road as well. You should reduce your speed below the posted limit and drive smoothly, allowing extra time and space to stop. The posted speed is for ideal conditions, not for bad weather or slippery surfaces.",
8,Special Situations & Road Users,At a railroad crossing you must do which of the following?,"a:Watch for vehicles that must stop at all railroad crossings such as school buses and hazardous-materials trucks.,b:Watch for multiple trains.,c:Both of the above.",c,"At railroad crossings, you must be alert for more than just trains. Some vehicles, like school buses and trucks carrying hazardous materials, must stop at all tracks, so you should be prepared to slow or stop behind them. You must also look and listen for multiple trains that may be coming from either direction on any track.",
2,Traffic Laws & Rules of the Road,"When entering a roundabout, you should slow down and:","a:Yield to any crossing pedestrians and bicyclists.,b:Yield to any car already within the roundabout.,c:Both of the above.",c,"When approaching a roundabout, slow down and be prepared to stop if needed. You must yield to pedestrians and bicyclists in crosswalks and to all vehicles already circulating in the roundabout. Enter only when there is a safe gap in traffic, then proceed in a counterclockwise direction.",
5,Driving in Special Conditions,How should you drive through a work zone?,"a:Increase your speed to get through the zone as quickly as possible.,b:Reduce your speed and be prepared to stop suddenly.,c:Maintain your normal speed the whole way through the zone.",b,"Work zones often have lane shifts, workers close to traffic, and unexpected stops. You must slow down, obey all work-zone signs and flaggers, and be ready to stop suddenly. Reducing speed gives you more time to react and helps protect both workers and drivers.",
2,Traffic Laws & Rules of the Road,"On a two-way road with a dashed yellow line next to a solid yellow line, what does this mean?","a:Passing is permitted only from the direction next to the dashed line.,b:Passing is permitted from both directions.,c:Passing is prohibited from both directions.",a,A dashed yellow line next to a solid yellow line means only the traffic on the dashed-line side may pass when safe. Traffic on the solid-line side must not cross the line to pass.,
8,Special Situations & Road Users,"When a school bus is stopped on the road ahead to load or unload children, you must:","a:Come to a complete stop until all the children have left the bus.,b:Come to a complete stop until the red lights stop flashing and the stop arm is withdrawn.,c:Change lanes, drive slowly, and pass the bus cautiously.",b,"When a school bus has flashing red lights and an extended stop arm, you must stop and remain stopped until the red lights stop flashing and the stop arm is withdrawn, unless a specific state law clearly allows otherwise (such as a divided highway with a median).",
2,Traffic Laws & Rules of the Road,"When merging onto a freeway, you should be driving:","a:At or near the speed of traffic on the freeway.,b:Five to 10 mph slower than the speed of traffic on the freeway.,c:The posted speed limit for freeway traffic.",a,"Use the freeway entrance ramp and acceleration lane to reach the speed of traffic already on the freeway, conditions permitting. Matching the flow allows you to merge smoothly and safely without forcing other drivers to brake suddenly.",
4,Safe & Defensive Driving Practices,"When planning to pass another vehicle, what is a safe assumption?","a:That the other driver will maintain a constant speed.,b:That the other driver will make room for you.,c:Do not assume other drivers will give you space to return to the lane.,d:That using your turn signal guarantees a safe pass.",c,"When passing, you must not rely on other drivers to slow down or create space for you. Plan your pass so you have enough clear distance to overtake and return to your lane safely without depending on others to adjust.",
8,Special Situations & Road Users,"On roadways, bicycles are legally considered:","a:Vehicles.,b:Hazards.,c:Dangerous.",a,"Bicycles are considered vehicles on the road. Cyclists generally have the same rights and responsibilities as drivers of motor vehicles and must obey traffic signs, signals, and lane markings.",
8,Special Situations & Road Users,"After stopping for a train that has just passed, what should you do before proceeding?","a:Wait for signal lights to stop flashing.,b:Look for a second train.,c:Both of the above.",c,"After a train passes, you must still treat the crossing as active until all warning devices indicate it is safe. Wait until the lights stop flashing and any gates are fully raised, and also look carefully for a second train that may be coming on another track before you proceed.",
8,Special Situations & Road Users,There is an emergency vehicle approaching with flashing lights and a siren. How should you respond?,"a:Slow down and keep moving.,b:Maintain your speed.,c:Pull over to the right and stop.",c,"When an emergency vehicle approaches with lights and siren, you must yield the right‑of‑way by pulling as far to the right side of the road as you safely can and stopping. Stay stopped until the emergency vehicle has passed, unless a police officer directs otherwise.",
6,"Alcohol, Drugs & Impaired Driving","When taking any medication, what should you do before driving?","a:Consult your doctor about the effects before driving.,b:Keep your window open and drive more slowly.,c:Have someone follow you home.",a,"Many prescription and over‑the‑counter medicines can make you drowsy, dizzy, or otherwise impair your driving. Before you drive after taking any medication, ask your doctor or pharmacist how it may affect your ability to drive safely.",
8,Special Situations & Road Users,What are 'No zones' around trucks?,"a:Areas where you can safely follow closely behind a truck.,b:Areas where your vehicle may be in the truck’s blind spots or too close for the truck to stop or maneuver safely.,c:Areas several car lengths ahead of a truck where it is always safe to merge.",b,"“No‑zones” are the large danger areas around trucks and other large vehicles where your car may be hidden in the driver’s blind spots or be so close that the truck cannot stop or maneuver safely. Avoid lingering beside a truck, tailgating, or cutting in too closely in front of it so the truck driver can see you and has enough space to react.",
4,Safe & Defensive Driving Practices,What is the best way to avoid dangerous situations while driving?,"a:Turn off the radio.,b:Constantly know what is happening around your vehicle.,c:Keep eyes fixed ahead only.,d:Drive with high beam headlights on.",b,"The best way to avoid dangerous situations is to stay constantly aware of what is happening all around your vehicle—ahead, to the sides, and behind. By scanning and checking mirrors regularly, you can spot potential hazards early and have more time to react safely.",
2,Traffic Laws & Rules of the Road,From where on a two-way street should you begin a left turn?,"a:Near the right-hand side of the road.,b:Near the centerline.,c:On the left of the centerline.",b,"On a two‑way street, start a left turn from the lane closest to the centerline, not from the right side or to the left of the centerline. This position shortens the turn, keeps you out of oncoming traffic, and lines you up to enter the correct lane in the new roadway.",
4,Safe & Defensive Driving Practices,Before changing lanes you should check mirrors and:,"a:Never look over your right shoulder.,b:Always slow down in your traffic lane.,c:Glance over your shoulder.",c,"Before changing lanes, check your mirrors and then quickly glance over your shoulder in the direction you plan to move. This shoulder check lets you see into your blind spot, an area your mirrors cannot show, and helps you avoid vehicles riding alongside you.",
4,Safe & Defensive Driving Practices,"After passing another vehicle, when is it safe to return to your lane?","a:When you see the passed vehicle’s headlights in your rearview mirror.,b:When the driver you passed signals you to return.,c:When you have signaled for three seconds.,d:When you are two car lengths ahead.",a,"After passing, do not move back too soon. Stay in the passing lane until you can see the entire front of the vehicle you passed, including both headlights, in your rearview mirror. This means you have enough space to return without cutting the other driver off.",
2,Traffic Laws & Rules of the Road,"When merging onto an interstate, what is the correct action?","a:Always stop before entering.,b:Merge carefully into a safe gap in traffic.,c:Expect traffic to clear because you have the right-of-way.,d:Cross two lanes at once to reach the fast lane.",b,"When using an interstate on‑ramp, use the acceleration lane to match the speed of traffic, signal, and merge into a safe gap. Drivers already on the freeway have the right‑of‑way, so you must adjust your speed and position to enter without forcing them to brake suddenly.",
4,Safe & Defensive Driving Practices,Which statement about blind spots is true?,"a:They are eliminated if you have one outside mirror on each side of the vehicle.,b:Large trucks have bigger blind spots than most passenger vehicles.,c:Blind spots can be checked by looking in your rearview mirrors.",b,"Blind spots are areas you cannot see with your mirrors alone. Large trucks and buses have much bigger blind spots on all sides than passenger cars, so you should avoid lingering alongside them where the truck driver may not see you.",
5,Driving in Special Conditions,Which road surface is most likely to freeze first?,"a:A tunnel,b:An intersection,c:A bridge",c,"Bridges and overpasses lose heat from both the top and bottom, so they can freeze before regular road surfaces that sit on the ground. Always slow down and use extra caution on bridges in cold or icy conditions.",
2,Traffic Laws & Rules of the Road,"At a red traffic light that displays a green arrow for your lane, when may you proceed in the arrow's direction?","a:You first come to a complete stop.,b:You wait until the light changes.,c:You are in the proper lane and the roadway is clear.",c,"A green arrow means you have a protected movement in the direction of the arrow. You may proceed if you are in the correct lane and the path is clear of pedestrians, cyclists, and other vehicles, even though the main signal is red.",
4,Safe & Defensive Driving Practices,"If you are about to be hit from the rear, which action should you avoid?","a:Applying your brakes.,b:Allowing your hands to let go of the steering wheel.,c:Pressing your head against the head restraint.,d:Keeping a firm grip on the wheel.",b,"If you are about to be hit from the rear, keep a firm grip on the steering wheel and press your head firmly against the head restraint to reduce whiplash. Do not let go of the steering wheel, because you may lose control of the vehicle after impact.",
7,Vehicle Ownership & Responsibilities,"If your vehicle has a two-part safety belt system, you should:","a:Use only the lap belt.,b:Use both the lap and shoulder belts.,c:Use only the shoulder belt.",b,"In a two-part belt system, the lap belt keeps your lower body in place and the shoulder belt protects your upper body and head. Using both together provides the best protection in a crash.",
3,"Signs, Signals & Road Markings","If you see a lane control sign showing an arrow with the word only below it, you should:","a:Travel in the direction of the arrow.,b:Always make a lane change.,c:Look for a destination sign to follow.",a,"A lane marked with an arrow and the word “ONLY” means that lane is reserved for traffic going in that arrow’s direction. If you are in that lane, you must travel in the direction shown and not go straight or turn another way.",
2,Traffic Laws & Rules of the Road,"If the center of the road has one solid yellow line and one broken yellow line, and the broken line is next to your lane, what does that mean?","a:You are not allowed to pass in this area.,b:You are only allowed to make right turns in this area.,c:You are in a passing zone and may pass on the left when no oncoming traffic is present.",c,"A solid yellow line means no passing from that side, while a broken yellow line means passing is allowed when safe. If the broken line is next to your lane, you may cross the centerline to pass on the left when there is no oncoming traffic and you have enough clear distance. Drivers on the side with the solid line may not pass.",
2,Traffic Laws & Rules of the Road,"Before changing lanes or attempting to pass, what actions should you take?","a:Signal your intention before changing lanes.,b:Check your blind spots and mirrors.,c:All of the above.",c,"Before changing lanes or passing, you must signal to let other drivers know your intention, check your mirrors, and look over your shoulder to check blind spots. This helps you see vehicles that may not appear in your mirrors and prevents collisions when moving into another lane.",
3,"Signs, Signals & Road Markings",What does a solid yellow arrow on a traffic signal indicate?,"a:Prepare to stop; the protected turn is ending and you must yield to oncoming traffic and pedestrians.,b:Speed up to make the turn before it changes.,c:You do not need to signal to turn.,d:You have a protected turn and may turn without yielding.",a,"A solid yellow arrow means the protected turning movement is ending and the signal will soon change to red. You should prepare to stop if you have not yet entered the intersection, and you must yield to oncoming traffic and pedestrians if you proceed. Do not speed up to beat the light.",
5,Driving in Special Conditions,Roads are most slippery just after rain begins. In that situation you should:,"a:Decrease the distance you look ahead of your vehicle.,b:Avoid making turns and stops while driving at high speeds.,c:Test your tires' traction while going uphill.",b,"When rain first begins, oil and other residues on the road mix with water and make the surface very slippery. You should slow down and avoid sudden or sharp turns and quick stops, especially at higher speeds, to reduce the risk of skidding or losing control.",
2,Traffic Laws & Rules of the Road,Which of the following is NOT a safe practice on the interstate?,"a:Slower traffic must keep to the right.,b:Change lanes without signaling.,c:If you miss your exit, go to the next exit.",b,"On interstates, slower traffic should keep right, and if you miss your exit you must continue to the next one rather than stopping, backing up, or making a U-turn. It is unsafe and illegal in most places to change lanes without signaling, because other drivers need advance warning of your lane change.",difficult
4,Safe & Defensive Driving Practices,Distracted driving is:,"a:Anything that causes evasive action while driving.,b:Anything that takes your attention away from driving.,c:Anything that causes you to pay more attention to driving.",b,"Distracted driving is any activity that takes your attention away from the driving task. This includes taking your eyes off the road, your hands off the wheel, or your mind off driving, and it greatly increases crash risk.",
8,Special Situations & Road Users,When must you yield to a pedestrian?,"a:Only if they are in a crosswalk.,b:You must use due care to avoid hitting pedestrians and be prepared to yield whenever they are in or near your path, even if they are not crossing properly.,c:Only if the traffic lights favor the pedestrian.",b,"You must always exercise due care to avoid hitting pedestrians, even if they are crossing improperly. You must yield to pedestrians in crosswalks and be prepared to stop or slow down whenever a pedestrian is in or near your path, regardless of who technically has the right‑of‑way.",difficult
8,Special Situations & Road Users,"If an oncoming vehicle is approaching while you are about to pass a pedestrian, what should you do?","a:Slow down and let the oncoming vehicle pass before you pass the pedestrian.,b:Keep driving at the same speed; the oncoming vehicle must stop.,c:Honk your horn to get the pedestrian to move over.,d:Pass the pedestrian quickly between the oncoming vehicle and the pedestrian.",a,"When you face both an oncoming vehicle and a pedestrian on the side, handle one hazard at a time. Slow down and let the oncoming vehicle pass first, then move around the pedestrian only when you have enough clear space and it is safe.",
2,Traffic Laws & Rules of the Road,"If two vehicles arrive at a four-way stop at the same time and one is on your left, who has the right-of-way?","a:The driver on your left has the right-of-way.,b:You have the right-of-way.,c:Whoever is signaling to make a turn has the right-of-way.",b,"At a four‑way stop, if two vehicles arrive at the same time, the driver on the right goes first. If the other vehicle is on your left, you are to that driver’s right, so you have the right‑of‑way after you both stop and ensure it is safe.",
2,Traffic Laws & Rules of the Road,"If you drive significantly slower than the flow of traffic, what may occur?","a:Interfere with traffic and receive a ticket.,b:Improve traffic flow.,c:Demonstrate defensive driving techniques.",a,"Driving much slower than the normal flow can be just as dangerous as speeding because it forces other drivers to brake or change lanes unexpectedly. If you unnecessarily impede traffic, you may receive a citation for obstructing normal traffic flow.",
5,Driving in Special Conditions,"As daylight begins to fade, which lights should you use so others can see you?","a:Emergency flashers.,b:Parking lights.,c:Low beam headlights.",c,"As daylight fades, you must turn on your low beam headlights so other drivers can see you and you can see the road. Parking lights and emergency flashers are not a substitute for headlights while driving.",
5,Driving in Special Conditions,"When driving in fog, you should:","a:Slow down and use your high beam headlights.,b:Slow down and use your low beam headlights.,c:Turn your lights on and off to warn other drivers.",b,"In fog, slow down and use low beam headlights. High beams reflect off the fog and make it harder to see. If visibility becomes too poor, pull off the road to a safe place and wait until conditions improve.",
5,Driving in Special Conditions,"If an oncoming vehicle's bright headlights are blinding you at night, what should you do?","a:Look toward the right edge of your lane.,b:Stop until the other driver passes.,c:Look below their headlights.",a,"When oncoming headlights blind you, briefly look toward the right edge of your lane and use the road edge or lane line as a guide. This reduces glare and helps you maintain your lane until the vehicle passes.",
4,Safe & Defensive Driving Practices,Slowing down to look at collisions or other unusual events:,"a:Causes traffic congestion.,b:Prevents rear-end collisions.,c:Improves traffic flow by preventing collisions.",a,"Slowing down just to look at a crash or something unusual (rubbernecking) disrupts traffic flow, causes congestion, and can lead to additional collisions. Keep your attention on the road and maintain a safe, steady speed.",
2,Traffic Laws & Rules of the Road,Approaching a flashing red traffic signal requires you to:,"a:Reduce your speed and proceed with caution.,b:Come to a complete stop and remain stopped as long as the light is red.,c:Come to a complete stop, yield to oncoming traffic or pedestrians, then proceed.",c,"A flashing red light is treated the same as a stop sign. You must come to a complete stop, then yield to any pedestrians and oncoming or cross traffic before proceeding when it is safe.",
4,Safe & Defensive Driving Practices,"If you continually drive faster than surrounding vehicles and repeatedly pass on a two-lane road, what is most likely to happen?","a:Get you to your destination much more quickly and safely.,b:Increase your chances of a collision.,c:Help prevent traffic congestion.",b,"Driving faster than surrounding traffic and frequently passing on a two‑lane road greatly increases your risk of a head‑on or side‑swipe collision. Each pass requires entering the oncoming lane, judging speed and distance correctly, and returning safely, so repeated passing raises the chance that one of those judgments will be wrong.",
5,Driving in Special Conditions,"When driving in fog, rain, or snow, you should use:","a:Low beams.,b:High beams.,c:Fog lights only.",a,"In fog, rain, or snow you should use low‑beam headlights. High beams reflect off moisture droplets in the air and create glare, which actually makes it harder to see. Low beams aim light down toward the road and improve your ability to see and be seen without blinding others.",
5,Driving in Special Conditions,"Why should you use headlights on rainy, snowy, or foggy days?","a:So others can see your vehicle.,b:To keep your engine warm.,c:To warn others of bad weather.,d:To increase interior visibility.",a,"On rainy, snowy, or foggy days, headlights help other drivers see your vehicle, even in daylight. Many states require headlights whenever windshield wipers are in continuous use. Using low beams in poor weather improves your visibility to others and reduces the chance of collisions.",
5,Driving in Special Conditions,"If your wheels drop off the pavement edge, what is the correct approach to re-enter the roadway?","a:Turn immediately back onto the roadway sharply.,b:Wait until safe, then gradually re-enter the roadway.,c:Stop where you are and walk back onto the road.,d:Accelerate and jerk the wheel to return.",b,"If your wheels drop off the pavement, stay calm, ease off the accelerator, and keep steering straight. Once you have slowed and checked that traffic is clear, gently steer back onto the roadway. Jerking the wheel or turning sharply at high speed can cause you to lose control or skid into oncoming traffic.",
4,Safe & Defensive Driving Practices,To check for vehicles in your blind spots you should look:,"a:The inside rearview mirror.,b:The outside rearview mirror.,c:Over your shoulders.",c,"Mirrors do not show areas directly alongside and slightly behind your vehicle, known as blind spots. Before changing lanes or merging, quickly glance over your shoulder in the direction you plan to move to check these blind spots, while also using your mirrors and signals.",
7,Vehicle Ownership & Responsibilities,You want to park downhill on a two-way road with no curb. Which way should you turn your front wheels?,"a:Straight ahead,b:Right, toward the side of the road,c:Left, toward the center of the road",b,"On a downhill slope with no curb, turn the front wheels toward the right, off the roadway. If the vehicle rolls, it will move away from traffic instead of into the lane.",
5,Driving in Special Conditions,When is it necessary to use your low-beam headlights?,"a:When driving in fog.,b:When on a freeway.,c:When on a well-lit street.,d:When following another vehicle at night or when approaching oncoming traffic.",a,"Use low‑beam headlights whenever visibility is reduced, such as in fog, rain, snow, or mist. High beams can reflect off moisture in the air and create glare, making it harder to see. Low beams are also required at night when you are within about 300–500 feet of oncoming traffic or following another vehicle, to avoid blinding other drivers.",difficult
5,Driving in Special Conditions,When driving through a construction zone you should:,"a:Slightly increase your speed.,b:Expect the unexpected.,c:Expect construction workers to yield to motorists.",b,"Construction zones often have narrowed lanes, lane shifts, workers close to traffic, and slow or stopped vehicles. You must slow down as needed, obey all signs and flaggers, and be prepared for sudden changes—always expect the unexpected.",
5,Driving in Special Conditions,"If the roadway ahead is flooded, what is the safest action?","a:Slam on the brakes.,b:Not drive through the flooded area; turn around and find another route.,c:Drive only in the center of the roadway.",b,"Do not drive through flooded roadways. Water can be deeper or moving faster than it appears, can hide holes or debris, and as little as a foot of moving water can sweep a vehicle away. Turn around and find another route.",
3,"Signs, Signals & Road Markings","When you see a school crossing sign, what should you do?","a:Always stop, whether there is a stop sign or not.,b:Always sound your horn when you see children.,c:Watch for children and be ready to stop.",c,"A school crossing sign warns that children may be crossing or walking near the roadway. Slow down, watch carefully for children, obey any crossing guards, and be prepared to stop when necessary.",
2,Traffic Laws & Rules of the Road,On a one-way street you may turn left onto another one-way street only if:,"a:You increase your speed before the turn.,b:Traffic on the street moves to the right.,c:Traffic on the street moves to the left.",c,"On a one-way street, you may turn left onto another one-way street only when traffic on the street you are turning onto is moving to the left (the same direction you will be traveling) and there is no sign prohibiting the turn. Always complete the turn into the nearest lane going in your direction.",
5,Driving in Special Conditions,"If weather or light conditions require you to have lights on while driving, which lights should you use?","a:Use your parking lights.,b:Use your high beams.,c:Use your low beams.",c,"When weather or light conditions require you to turn on your lights, you should use your low beam headlights. Low beams help you see and be seen without creating glare. High beams can reflect off rain, fog, or snow and actually make it harder to see, and parking lights alone are never enough while driving.",
7,Vehicle Ownership & Responsibilities,You must show proof of insurance to a law enforcement officer when:,"a:Only if you are involved in a collision.,b:If you are involved in a collision or stopped for a citation.,c:Only if you are stopped and cited.",b,You must carry proof of financial responsibility (usually an insurance card) whenever you drive and show it to a law enforcement officer if you are involved in a collision or are stopped and cited. Failing to show proof when requested can result in additional penalties.,
3,"Signs, Signals & Road Markings",When is it legal to drive around or under a lowered railroad crossing gate?,"a:When you can see clearly in both directions.,b:Never.,c:When the warning lights are not flashing.",b,"It is never legal to drive around or under a lowered railroad crossing gate. You must wait until the gates are fully raised, the warning lights have stopped, and you have checked that the tracks are clear before crossing.",
8,Special Situations & Road Users,Which statement about large trucks is correct?,"a:They take longer to stop than passenger vehicles.,b:They are more maneuverable than passenger vehicles.,c:They all have air brakes that allow them to stop quickly.,d:They have better visibility than cars.",a,"Large trucks are heavier and need more distance to stop than passenger vehicles traveling at the same speed. Because of their size and weight, they cannot stop quickly, so you should avoid cutting in front of them and give them extra space.",
3,"Signs, Signals & Road Markings",A broken yellow line down the center of the road indicates:,"a:Passing is not permitted from either direction.,b:Passing is permitted from either direction.,c:A construction zone is ahead.",b,A broken yellow line in the center of a two‑way road separates traffic moving in opposite directions and indicates that passing is allowed in both directions when it can be done safely and without interfering with oncoming traffic.,difficult
4,Safe & Defensive Driving Practices,Which of the following best defines a distraction while driving?,"a:Anything that takes your attention away from driving.,b:Anything that causes evasive action while driving.,c:Anything that causes you to pay more attention to driving.",a,"A driving distraction is anything that takes your attention away from the driving task—visually, manually, or mentally—such as texting, eating, or adjusting controls, which increases your risk of a crash.",
3,"Signs, Signals & Road Markings",What does a flashing yellow light at an intersection require you to do?,"a:Stop, then enter when safe.,b:Yield to all traffic before crossing.,c:Slow down and proceed through carefully.,d:Speed up to clear the intersection.",c,"A flashing yellow light means you do not have to stop, but you must slow down, look for cross traffic and pedestrians, and proceed through the intersection only when it is safe.",
6,"Alcohol, Drugs & Impaired Driving",How is alcohol classified in terms of its effect on the body?,"a:A stimulant.,b:An antihistamine.,c:A depressant.,d:A hallucinogen.",c,"Alcohol is classified as a depressant because it slows down the central nervous system, impairing judgment, coordination, and reaction time, all of which are critical for safe driving.",
8,Special Situations & Road Users,"When facing a green light with pedestrians in the intersection, you must:","a:You have the right-of-way over pedestrians.,b:Pedestrians must wait for you to cross.,c:You must yield the right-of-way to pedestrians.",c,"When you have a green light, you may proceed only if the intersection is clear; you must always yield the right‑of‑way to pedestrians who are already in the crosswalk or intersection, even if you have the green.",
5,Driving in Special Conditions,"On a short entrance ramp with no acceleration lane, how should you enter the interstate?","a:Immediately enter the far-right traffic lane on the interstate and speed up to match the flow of traffic.,b:Use the shoulder of the main road to get up to the speed of traffic.,c:Speed up and enter the interstate only after you have identified a gap in traffic.",c,"On a short entrance ramp without an acceleration lane, you must look for a safe gap in interstate traffic while still on the ramp, then accelerate and merge only when that gap appears. Never use the shoulder to gain speed, and do not move directly into the lane without first identifying a safe opening.",
6,"Alcohol, Drugs & Impaired Driving",Reaction time is slower after which activity?,"a:Drinking alcohol.,b:Sleeping.,c:Working hard.",a,"Alcohol is a central nervous system depressant that slows brain function and muscle coordination, which increases the time it takes to see a hazard, decide what to do, and react. Even small amounts of alcohol can lengthen reaction time and make safe driving more difficult.",
7,Vehicle Ownership & Responsibilities,When should your wheels NOT be pointed straight ahead?,"a:When parked on a hill or sloping driveway.,b:When waiting to make a left turn at a light.,c:When parked on a level roadway with no curb.,d:When stopped in traffic behind another car.",a,"When parking on a hill or sloping driveway, you should turn your wheels so that if the vehicle rolls, it will move toward the curb or edge of the road and away from traffic. In normal driving situations—waiting to turn, stopped in traffic, or parked on level ground without a curb—your wheels are generally kept pointed straight ahead.",
5,Driving in Special Conditions,Continuous hard braking on ice and snow often:,"a:Helps you stop faster.,b:Locks the front wheels of a vehicle, causing a loss of steering.,c:Keeps the brakes from freezing.",b,"On ice and snow, pressing and holding the brakes hard can cause the wheels to lock, which makes the vehicle slide and removes your ability to steer. Instead, slow down early and brake gently and progressively; if you do not have ABS, use a light, repeated braking action to avoid wheel lockup.",
5,Driving in Special Conditions,What must you do when you see orange construction signs and cones on a freeway?,"a:Change lanes immediately and keep speed.,b:Be prepared for workers and equipment and slow down.,c:Stop in the travel lane to observe.,d:Speed up to pass the area quickly.",b,"Orange signs and cones indicate a work zone. You must slow down, be prepared for lane shifts, stopped or slow traffic, and workers or equipment close to the roadway. Follow posted work-zone speed limits and any directions from signs or flaggers.",
2,Traffic Laws & Rules of the Road,"When exiting the freeway on a curved downhill ramp, you should:","a:Slow to a safe speed before entering the curve.,b:Wait until in the curve to begin braking.,c:Maintain freeway speed until the ramp levels out.,d:Accelerate slightly to maintain momentum.",a,"On a curved downhill exit ramp, you should slow to a safe speed before you enter the curve. Braking hard while already in the curve, especially going downhill, can cause your tires to lose traction and the vehicle to skid. Entering the ramp at a controlled speed lets you steer smoothly and maintain control.",
8,Special Situations & Road Users,The driver ahead of you stops at a crosswalk. You should:,"a:Cautiously pass the vehicle at 10 mph or slower.,b:Stop, proceeding only when all the pedestrians have crossed.,c:Change lanes, look carefully, and pass the stopped vehicle.",b,"If the driver ahead of you stops at a crosswalk, you must also stop and wait until all pedestrians have safely crossed. Never pass a vehicle stopped at a crosswalk; a pedestrian may be in front of that vehicle where you cannot see them. Passing in this situation is both illegal and extremely dangerous.",difficult
4,Safe & Defensive Driving Practices,"If your vehicle begins to skid, what should you do first?","a:Ease up on the gas pedal and steer in the direction you want the vehicle to go.,b:Brake as hard as possible.,c:Turn off the ignition immediately.,d:Shift into neutral and hold the wheel steady.",a,"When your vehicle begins to skid, your first action should be to ease off the accelerator (and avoid hard braking) so the tires can regain traction. At the same time, look and steer in the direction you want the front of the vehicle to go, which is generally the same direction the rear of the vehicle is skidding. This helps you straighten out and regain control without overcorrecting.",
6,"Alcohol, Drugs & Impaired Driving",What is the only reliable way to remove alcohol from your body?,"a:Drink strong coffee.,b:Take a cold shower.,c:Wait; allow time to pass.,d:Exercise vigorously.",c,"Only time will remove alcohol from your system; food, coffee, showers, or exercise do not speed up alcohol elimination.",
4,Safe & Defensive Driving Practices,"If a vehicle is following you too closely on a two-lane road, what should you do?","a:Reduce your speed slowly and increase your following distance to encourage the tailgater to pass when safe.,b:Speed up to increase the distance between you and the other car.,c:Apply your brakes to slow down, then resume your original speed.",a,"If another vehicle is following too closely, the safest response is to increase your following distance ahead and gradually reduce your speed to encourage the tailgater to pass when it is safe and legal. Do not speed up or brake suddenly; both can increase the risk of a rear-end collision. Creating more space and letting the tailgater go around you lowers the danger.",
2,Traffic Laws & Rules of the Road,"If your view to the side is blocked at an intersection, what should you do?","a:Maintain speed and look both ways.,b:Slow, then inch forward until you can see clearly in both directions.,c:Stop only if other vehicles are nearby.,d:Proceed without stopping if you think it's clear.",b,"When your side view is blocked at an intersection, you must slow or stop and move forward gradually until you can clearly see cross traffic in both directions. Only proceed when you are sure the way is clear; never assume it is safe if you cannot see.",difficult
8,Special Situations & Road Users,"If pedestrians are illegally crossing midblock instead of in a crosswalk, how should you respond?","a:Must stop for them.,b:Do not have to stop for them.,c:Should honk your horn at them.",a,"Drivers must always exercise due care to avoid hitting pedestrians, even when pedestrians are crossing illegally. You are required to slow or stop as necessary to avoid a collision, because safety takes priority over who is at fault.",
4,Safe & Defensive Driving Practices,How would you describe backing up a vehicle?,"a:Never dangerous.,b:Always dangerous.,c:Dangerous only for large vehicles.,d:Safe if you back up quickly.",b,"Backing up is always hazardous because your view is limited and it is harder to see small children, pedestrians, or obstacles behind you. Back slowly, check all mirrors, look over your shoulder, and use a spotter if available.",difficult
2,Traffic Laws & Rules of the Road,"If you approach a green light but traffic is blocking the intersection, you should:","a:Partially enter the intersection to establish your right-of-way.,b:Don't enter the intersection until you can get completely across.,c:Continue into the intersection and wait for traffic to clear.",b,"You must not enter an intersection unless you can drive completely through it without stopping. Even with a green light, entering when traffic blocks your exit can leave you stuck in the intersection and is illegal in many states.",difficult
2,Traffic Laws & Rules of the Road,To safely enter highway traffic you should look for at least a:,"a:A two-second gap.,b:A three-second gap.,c:A four-second gap.",c,"To merge safely onto a highway, you generally need about a four‑second gap in traffic. This gives you enough time and space to accelerate to the speed of traffic and blend in without forcing other drivers to brake suddenly.",
2,Traffic Laws & Rules of the Road,When may you legally block an intersection?,"a:During rush hour traffic.,b:Under no circumstances.,c:If you entered the intersection on the green light.",b,"You must not enter an intersection unless you can completely clear it, even if the light is green. If traffic ahead is stopped and you cannot get all the way through, you must wait behind the stop line so you do not block cross traffic.",
8,Special Situations & Road Users,Where are a truck's blind spots typically located?,"a:Directly behind the truck or bus.,b:Along both sides, especially the right side.,c:Along both sides and directly behind the truck or bus.",c,"Large trucks have big blind spots, often called ""no-zones,"" along both sides—especially the right side—and directly behind the trailer. If you are in these areas, the truck driver may not see you. As a general rule, if you cannot see the truck driver’s mirrors, the driver probably cannot see you.",
4,Safe & Defensive Driving Practices,"When passing another vehicle on multi-lane roads, when should you move back into the right lane?","a:When you can see both headlights of the passed vehicle in your rearview mirror.,b:When you are one vehicle length ahead.,c:When you are 50 feet ahead.,d:When the passed vehicle slows down.",a,"After passing, do not move back into the right lane until you can see both headlights of the vehicle you passed in your rearview mirror. This ensures you have left enough space and reduces the risk of cutting the other driver off or causing a rear-end collision.",
2,Traffic Laws & Rules of the Road,"Before stopping your vehicle at a traffic signal or sign, what is a recommended action?","a:Press down hard on the accelerator.,b:Check your mirrors for surrounding traffic.,c:Set the parking brake.",b,"Before stopping for a signal or sign, check your mirrors so you know what traffic is doing behind and around you. This helps you brake smoothly and gives you time to react if a vehicle behind is approaching too fast.",
8,Special Situations & Road Users,Why should you avoid making sudden stops in front of large trucks and buses?,"a:Small vehicle drivers cannot adequately see large trucks and buses in their rearview mirrors.,b:Large trucks and buses require longer distances to stop than smaller passenger vehicles.,c:Large trucks and buses travel at higher speeds than small vehicles.",b,"Large trucks and buses are much heavier than passenger cars and need a longer distance to stop. If you cut in front of them and brake suddenly, they may not be able to stop in time, greatly increasing the risk of a rear-end crash.",
8,Special Situations & Road Users,Vehicles stopped behind a school bus with its red lights flashing must remain stopped until:,"a:All students are off the bus.,b:The stop arm is retracted.,c:The stop arm is retracted and the bus resumes motion.",c,"When a school bus has its red lights flashing and stop arm extended, traffic in both directions (with limited exceptions on divided highways) must remain stopped. You may not move again until the red lights are off, the stop arm is retracted, and the bus has started moving, ensuring children are clear of the roadway.",
6,"Alcohol, Drugs & Impaired Driving",How many alcoholic drinks are needed to affect your driving?,"a:Three.,b:Two.,c:One.,d:None — only heavy drinking impairs you.",c,"Even one standard drink can slow reaction time, reduce coordination, and affect judgment. Because any amount of alcohol can impair driving ability, the safest choice is not to drive after drinking at all.",
7,Vehicle Ownership & Responsibilities,"When backing out from an alley or driveway onto a sidewalk, what must drivers do?","a:Stop only if pedestrians are on the sidewalk.,b:Stop before driving onto the sidewalk area.,c:Assume pedestrians will yield to vehicles.,d:Sound horn and proceed quickly.",b,"When coming out of an alley, driveway, or parking lot across a sidewalk, you must stop before crossing the sidewalk area. This allows you to check carefully and yield to pedestrians, who have the right-of-way on the sidewalk.",
7,Vehicle Ownership & Responsibilities,"If you park facing uphill on a street with a curb, you should set the parking brake and:","a:Turn the front wheels toward the curb.,b:Turn the front wheels away from the curb.,c:Leave the front wheels straight.",b,"When parking facing uphill with a curb, turn the front wheels away from the curb and set the parking brake. If the vehicle rolls, the front tire will touch the curb and stop the car from rolling into traffic.",
5,Driving in Special Conditions,When is pavement most slippery during rain?,"a:If it has been raining for one to two hours.,b:If it has just begun to rain.,c:If it has been raining several hours.,d:After it stops raining.",b,"Pavement is most slippery just after rain begins, especially after a dry spell. Oil and residue on the road mix with the first water to create a slick surface until continued rain washes it away.",
1,Licensing & Permit Requirements,"After you have held your license for six months, which passenger is NOT allowed in your vehicle?","a:Your 18-year-old friend.,b:Your parent(s).,c:Your younger brother.",a,"In Connecticut, during the first six months with a newly issued driver’s license, you may not carry any passengers except a licensed driving instructor, your parents or legal guardian, or a person at least 20 years old who has held a license for four or more years and has no suspensions. Friends your age (even 18) are not allowed during this period, but immediate family such as a younger brother and your parents are allowed under the law.",
2,Traffic Laws & Rules of the Road,"When entering traffic after parking at a curb, what should you do?","a:Should drive more slowly than other traffic for 200 feet.,b:Should wait for a large enough gap to get up to the speed of traffic.,c:Should wait for the first two vehicles to pass, then drive into the lane.",b,"When pulling out from a curb, you must signal, check mirrors and blind spots, and wait for a gap large enough so you can accelerate smoothly up to the speed of traffic without forcing other drivers to brake or swerve. Entering too slowly or cutting in front of traffic creates a hazard.",
4,Safe & Defensive Driving Practices,What is the correct technique when backing up?,"a:Rely only on your rearview mirror.,b:Press hard on the gas pedal to maneuver quickly.,c:Look through the rear window while backing slowly.,d:Close your eyes briefly to focus.",c,"When backing, place your right arm over the back of the passenger seat, turn your body, and look directly through the rear window while backing slowly. Use your mirrors only as a supplement. Moving slowly gives you time to react to people, vehicles, or objects behind you.",
4,Safe & Defensive Driving Practices,To prevent becoming an aggressive driver you should:,"a:Relax and concentrate on driving.,b:Drive above the posted speed limit.,c:Tailgate the driver in front of you.",a,"To avoid becoming an aggressive driver, give yourself extra time, stay relaxed, and focus on safe driving rather than on other drivers’ mistakes. Avoid speeding, tailgating, or reacting angrily, as these behaviors increase risk and can escalate into road rage.",
2,Traffic Laws & Rules of the Road,When may you cross double yellow lines to pass another vehicle?,"a:Vehicle in front of you moves to the right to let you pass.,b:Yellow line next to your side of the road is broken.,c:Yellow line next to the opposite side of the road is broken.",b,"Double yellow lines separate traffic moving in opposite directions. You may only cross to pass when the yellow line next to your lane is broken and it is safe to do so. If the line next to you is solid, you must not cross it to pass, even if the opposite side has a broken line.",
2,Traffic Laws & Rules of the Road,"At a four-way stop, to whom do you yield the right-of-way?","a:On your left.,b:Who arrived before you.,c:Across from your vehicle.",b,"At a four‑way stop, vehicles proceed in the order they arrive. You must yield to any driver who reached the intersection before you. If two vehicles arrive at the same time, the driver on the left yields to the driver on the right.",
8,Special Situations & Road Users,A pedestrian who started crossing after a 'Don't Walk' signal is in the intersection when your light turns green. What do you do?,"a:Proceed if you have the right-of-way.,b:Proceed if the pedestrian is not in your lane.,c:Wait until the pedestrian finishes crossing before proceeding.",c,You must yield to any pedestrian in the intersection; wait until they have cleared the roadway before going.,
8,Special Situations & Road Users,"When a school bus is stopped on your side of the road with red lights flashing, what must you do?","a:Slow to a speed no faster than 10 mph.,b:Stop until the lights stop flashing.,c:Change lanes and pass cautiously.",b,"When a school bus on your side of the road has red lights flashing and the stop arm extended, you must stop and remain stopped until the red lights stop flashing and the stop arm is withdrawn. This protects children who may be crossing the road.",
3,"Signs, Signals & Road Markings","When approaching an intersection with a flashing yellow signal, what is required?","a:Come to a complete stop at the intersection.,b:Maintain your normal speed.,c:Slow down and proceed with caution.,d:Only proceed if you have the right-of-way.",c,"A flashing yellow signal means you must slow down, be prepared to yield, and proceed through the intersection with caution. You do not have to stop, but you must be alert for cross traffic and pedestrians.",
8,Special Situations & Road Users,A school bus is stopped ahead of you in your lane with red lights flashing. What must you do?,"a:Stop and proceed when you think all of the children have exited the bus.,b:Slow to 25 mph and pass cautiously.,c:Stop for as long as the red lights are flashing.",c,"When a school bus in your lane has red lights flashing, you must stop and remain stopped as long as the red lights are flashing and the stop arm is out. This rule applies even if you do not see children; they may be crossing in front of or behind the bus.",
2,Traffic Laws & Rules of the Road,"When passing another vehicle, how do you know you have enough room to return to your lane?","a:If the other driver signals for you to re-enter the lane.,b:If you can see both of the passed vehicle's headlights in your rearview mirror.,c:If you look over your shoulder and see the passed car behind you.,d:If you can no longer see the vehicle in your side mirror.",b,"After passing, you should not move back into your lane until you can see both headlights of the vehicle you passed clearly in your inside rearview mirror. This shows you have enough space in front of that vehicle to return without cutting them off or forcing them to brake suddenly.",difficult
4,Safe & Defensive Driving Practices,What are blind spots?,"a:Spots in your vision when you become fatigued.,b:Traffic control devices.,c:Areas of the road that cannot be seen in a vehicle's mirrors.",c,"Blind spots are areas around your vehicle that you cannot see with your mirrors alone, usually along the sides and slightly behind your car. Before changing lanes or merging, you must quickly turn your head to check these areas to be sure no vehicle, motorcycle, or bicycle is hidden there.",
6,"Alcohol, Drugs & Impaired Driving","In terms of its effect on the nervous system, alcohol is classified as which of the following?","a:A depressant.,b:A stimulant.,c:Neither of the above.",a,"Alcohol is a depressant, meaning it slows down the central nervous system. This reduces reaction time, coordination, and judgment, making it much harder to drive safely even at relatively low amounts.",
6,"Alcohol, Drugs & Impaired Driving",What term refers to the amount of alcohol in a person's blood?,"a:Blood alcohol concentration (BAC).,b:Rate of alcohol consumption (RAC).,c:Implied consent (IC).,d:Alcohol impairment ratio (AIR).",a,"Blood Alcohol Concentration (BAC) is the measure of how much alcohol is in a person’s bloodstream, usually expressed as a percentage. As BAC increases, a driver’s coordination, reaction time, and judgment become more impaired, which greatly increases crash risk.",
