section-num,section-name,question,options,correct-answer,note,difficulty
2,Traffic Laws & Rules of the Road,Which agency handles driver licensing and permits in Maryland?,"a:Maryland DMV,b:Maryland Motor Vehicle Administration (MVA),c:Maryland DOT,d:Maryland Secretary of State",b,"Maryland's Motor Vehicle Administration (MVA) handles driver licensing, vehicle registration, and permits. Maryland does not have a traditional DMV — the MVA is the equivalent agency in Maryland.",medium
2,Traffic Laws & Rules of the Road,Maryland's real MVA knowledge test has 25 questions. How many must you answer correctly to pass — and what makes this threshold unusual?,"a:18 correct (72%) — lower than most states,b:20 correct (80%) — same as most states,c:22 correct (88%) — higher than most states,d:25 correct (100%) — perfect score required",c,Maryland requires 22 out of 25 correct — an 88% passing threshold. This is significantly higher than the 80% standard used by most other states. Maryland's stricter standard means you can miss only 3 questions. This makes thorough preparation especially important.,medium
2,Traffic Laws & Rules of the Road,How many questions can you miss on Maryland's MVA knowledge test and still pass?,"a:5 questions (80% threshold),b:4 questions (84% threshold),c:3 questions (88% threshold),d:2 questions (92% threshold)",c,"You can miss only 3 questions on Maryland's 25-question test. At 88%, Maryland's passing threshold is one of the highest in the nation. If you miss 4 or more questions, you fail. Thorough study of the Maryland Driver's Manual is essential.",medium
2,Traffic Laws & Rules of the Road,What is the minimum age for a Maryland learner's permit applicant?,"a:15,b:15 and three-quarters (15¾),c:16,d:14",b,Maryland requires applicants to be at least 15 years and 9 months old (15¾) to apply for a learner's permit. This is a precise age requirement — slightly higher than the typical 15-year minimum used by many other states.,medium
2,Traffic Laws & Rules of the Road,What is the legal BAC limit for a Maryland driver age 21 or older?,"a:0.04%,b:0.06%,c:0.08%,d:0.10%",c,"Maryland sets the DUI limit at 0.08% BAC for drivers 21 and older. Maryland also has a separate DWI charge for BAC between 0.07% and 0.08%, which carries penalties but is distinct from DUI. Commercial drivers face a stricter 0.04% limit.",medium
2,Traffic Laws & Rules of the Road,What BAC triggers Maryland's zero tolerance law for drivers under 21?,"a:0.00%,b:0.02%,c:0.04%,d:0.08%",b,Maryland sets the underage alcohol limit at 0.02% BAC for drivers under 21. This is the standard zero tolerance threshold used by most states — effectively prohibiting any alcohol consumption before driving for those under 21.,medium
2,Traffic Laws & Rules of the Road,"Under Maryland's GDL program, how many hours of supervised driving must a permit holder complete?","a:30 hours (10 at night),b:60 hours (10 at night),c:40 hours (10 at night),d:50 hours (10 at night)",b,"Maryland requires 60 hours of supervised driving practice, with at least 10 hours driven at night. The supervising driver must be a licensed driver age 21 or older seated in the front seat. These hours must be certified before applying for a provisional license.",medium
2,Traffic Laws & Rules of the Road,What is the default speed limit on Maryland urban streets when no speed limit sign is posted?,"a:25 mph,b:30 mph,c:35 mph,d:45 mph",b,"Maryland sets the default speed limit in urban and business areas at 30 mph when no sign is posted. On rural roads, the default is 55 mph. Always check for posted signs — but use these defaults when no sign is visible.",medium
2,Traffic Laws & Rules of the Road,Maryland's Move Over law requires what when approaching a stationary emergency vehicle with flashing lights on a highway?,"a:Slow to 25 mph only,b:Move one lane away if safe, or reduce speed to 20 mph below the posted limit if a lane change is not possible,c:Stop completely behind the vehicle,d:Only required for police — not tow trucks",b,"Maryland's Move Over law requires moving one lane away from stationary emergency, law enforcement, utility, or tow vehicles with flashing lights. If a safe lane change is not possible, reduce speed to at least 20 mph below the posted speed limit (or 20 mph on roads posted under 40 mph).",medium
2,Traffic Laws & Rules of the Road,You approach a school bus stopped on an undivided road with flashing red lights and stop arm extended. You must:,"a:Stop only if you are directly behind the bus,b:Stop in both directions at least 20 feet from the bus,c:Slow to 15 mph and pass carefully,d:Stop only if children are visible outside",b,"Maryland law requires all vehicles in both directions on an undivided road to stop at least 20 feet from a school bus displaying flashing red lights. Wait until the stop arm retracts and lights stop before proceeding. On a divided highway with a median, only traffic behind the bus must stop.",medium
2,Traffic Laws & Rules of the Road,When must Maryland drivers turn on their headlights?,"a:Only from sunset to sunrise,b:From 30 minutes after sunset to 30 minutes before sunrise, and when visibility is under 1,000 feet,c:Only in rain and fog,d:Only at night between 10 PM and 5 AM",b,"Maryland requires headlights from one-half hour after sunset to one-half hour before sunrise, and whenever weather reduces visibility to less than 1,000 feet. Maryland's threshold of 1,000 feet is more conservative than many other states, which use 500 feet.",medium
2,Traffic Laws & Rules of the Road,A flashing red traffic signal requires you to:,"a:Slow down and proceed with caution,b:Yield to cross traffic and proceed,c:Come to a complete stop, yield, and proceed when safe,d:Continue at the posted speed",c,"A flashing red signal is treated like a stop sign in Maryland. Make a complete stop, yield to all traffic and pedestrians, and proceed when the way is clear. A flashing yellow means caution — reduce speed but a full stop is not required.",medium
2,Traffic Laws & Rules of the Road,What is the minimum recommended following distance in Maryland under normal conditions?,"a:1 second,b:2 seconds,c:3 seconds,d:4 seconds",c,"Maryland recommends a minimum 3-second following distance under normal conditions. In rain, fog, or on wet roads, increase to at least 6 seconds. The 3-second rule: count 3 seconds from when the car ahead passes a fixed point to when you reach the same point.",medium
2,Traffic Laws & Rules of the Road,"On a two-lane road in Maryland, when may you legally cross a solid yellow center line?","a:When the road ahead is visible for at least 500 feet,b:You may never cross a solid yellow line on your side to pass,c:When the vehicle ahead is going significantly below the limit,d:When you signal for at least 200 feet in advance",b,A solid yellow line on your side is an absolute prohibition on passing. No exceptions. Only when a dashed (broken) yellow line is on your side may you pass when it is safe to do so.,medium
2,Traffic Laws & Rules of the Road,Maryland seatbelt law requires which occupants to wear a seatbelt?,"a:Driver and front-seat passengers only,b:All occupants,c:Only those under 18,d:Driver only",b,Maryland requires all vehicle occupants — in all seating positions — to wear a seatbelt. Maryland has primary enforcement. Children must use appropriate child safety seats based on age and size.,medium
2,Traffic Laws & Rules of the Road,"When an emergency vehicle with lights and siren approaches from behind, you must:","a:Accelerate to clear the area,b:Pull to the right edge and stop,c:Slow to 10 mph in your current lane,d:Move to the left lane and slow down",b,"Maryland law requires you to immediately pull to the right edge of the road and stop when an emergency vehicle with active lights and siren approaches. Remain stopped until the vehicle passes. If in an intersection, clear it first, then pull over.",medium
2,Traffic Laws & Rules of the Road,Can you make a right turn on a red light in Maryland?,"a:No, right turns on red are prohibited statewide,b:Yes, after a complete stop, yielding to traffic and pedestrians, unless a sign prohibits it,c:Yes, without stopping if the turn is clear,d:Only on one-way streets",b,"Right turns on red are permitted in Maryland after a complete stop, yielding to all pedestrians and cross traffic, and unless a 'No Turn on Red' sign is posted. Always make a full stop — rolling through on red while turning right is illegal.",medium
2,Traffic Laws & Rules of the Road,You arrive at a 4-way stop at exactly the same time as a vehicle to your left. Who goes first?,"a:The vehicle on your left goes first,b:You go first — yield to the right means the other driver yields to you,c:The larger vehicle goes first,d:Whoever got there first in the sequence goes first",b,"At a 4-way stop when vehicles arrive simultaneously, the driver to the right has the right of way. The vehicle on your left must yield to you. This is the universal tie-breaking rule. If you arrived clearly before the other driver, you go first regardless of direction.",medium
2,Traffic Laws & Rules of the Road,What does a steady red arrow traffic signal mean?,"a:You may turn in the arrow direction if no traffic is present,b:You must stop and may not move in the arrow direction until the signal changes,c:Slow down and turn carefully in the arrow direction,d:The signal is broken — treat as a stop sign",b,"A steady red arrow means you must stop and may not turn in the indicated direction until the signal changes to green. Unlike a green ball (which allows right turns on red after stopping), a red arrow prohibits movement in that direction.",medium
2,Traffic Laws & Rules of the Road,What is the maximum speed limit on Maryland rural interstate highways?,"a:55 mph,b:60 mph,c:65 mph,d:70 mph",c,Maryland's maximum speed limit on rural interstate highways is 65 mph for passenger vehicles. Some urban sections may have lower posted limits. Maryland's maximum of 65 mph is lower than the 70 mph limit used in many other states.,medium
2,Traffic Laws & Rules of the Road,A pedestrian is crossing in a marked crosswalk. You must:,"a:Proceed if you have a green light,b:Slow to 20 mph and proceed carefully,c:Stop and yield until the pedestrian has completely cleared the roadway,d:Yield only if the pedestrian is in your direct lane",c,Maryland law requires stopping and yielding to pedestrians in crosswalks. You must remain stopped until the pedestrian has completely crossed — even if you have a green light. Pedestrian right-of-way in a crosswalk is absolute in Maryland.,medium
2,Traffic Laws & Rules of the Road,Maryland's MVA passing threshold is 88% — how does this compare to most other states?,"a:It is lower than the national average of 90%,b:It is the same as most states — 80% is the standard,c:It is higher than the 80% standard used by most states — making it harder to pass,d:It is the lowest in the country",c,Maryland's 88% (22/25) passing threshold is significantly higher than the 80% standard used by most other states. This means you can only miss 3 questions — far less room for error than states where you can miss 7 or 8. Thorough preparation of the Maryland Driver's Manual is critical.,medium
2,Traffic Laws & Rules of the Road,Maryland law requires you to signal before a turn or lane change at least how far in advance?,"a:50 feet,b:100 feet,c:200 feet,d:300 feet",b,"Maryland law requires drivers to signal at least 100 feet before turning or changing lanes. On higher-speed roads, signaling earlier is advisable. Failing to signal or signaling too late is illegal and dangerous.",medium
2,Traffic Laws & Rules of the Road,"When driving in fog in Maryland, which lights should you use?","a:High beams for maximum range,b:Low beams or fog lights,c:Hazard flashers only,d:No special requirement",b,"In fog, use low beams or dedicated fog lights — never high beams. High beams reflect off fog particles and create glare. Maryland's coastal and low-lying areas can experience sudden and dense fog, so this rule is particularly important in those regions.",medium
2,Traffic Laws & Rules of the Road,You are at a railroad crossing with flashing lights and a lowered gate. What must you do?,"a:Slow to 15 mph and proceed if you can see no train,b:Stop and wait until the gate rises and lights stop flashing,c:Stop, look, and proceed if you are certain no train is coming,d:Only stop if a sign is present requiring it",b,"When a railroad crossing has active warning signals (flashing lights) and/or a lowered gate, stop completely and wait until the gate fully rises and lights stop flashing. Never try to beat a train or drive around a gate — trains cannot stop quickly and are much faster than they appear.",medium
2,Traffic Laws & Rules of the Road,"After passing a vehicle on the left, when is it safe to move back into the right lane?","a:After about three seconds.,b:When you can no longer see the vehicle over your right shoulder.,c:When you can see the front of the passed vehicle in your rearview mirror.",c,Return to your original lane only after you can see the entire front of the vehicle you passed (including its headlights) in your inside rearview mirror and you have checked your blind spot. This ensures you have enough space and do not cut the other driver off.,
8,Special Situations & Road Users,When may you legally drive around or under a lowered railroad crossing gate?,"a:When warning lights are not flashing.,b:When you can see clearly both directions.,c:Never.,d:When traffic is backed up.",c,"You must never drive around or under lowered railroad gates, even if you do not see a train or traffic is delayed. Trains are fast and cannot stop quickly, and signals can activate before you see the train. Always wait until the gates are fully raised and the lights stop flashing.",difficult
6,"Alcohol, Drugs & Impaired Driving",What restriction applies to all drivers under 21 regarding alcohol?,"a:They cannot drive after consuming any alcohol.,b:They cannot drive after midnight.,c:They cannot smoke while driving.,d:They cannot drive on highways.",a,Drivers under 21 are prohibited from driving after consuming any alcohol; a zero-tolerance rule applies and violations can suspend licenses.,difficult
2,Traffic Laws & Rules of the Road,"If a pedestrian began crossing after the Don't Walk started and is in the intersection when your light turns green, what should you do?","a:Proceed if the pedestrian is not in your lane.,b:Wait until the pedestrian finishes crossing before going.,c:Proceed because you have the right-of-way.,d:Honk and continue carefully.",b,You must yield to pedestrians already in the intersection and wait until they have crossed before proceeding on your green signal.,difficult
5,Driving in Special Conditions,How can you reduce the risk of hydroplaning on wet roads?,"a:Move to the shoulder as soon as it rains.,b:Put on cruise control.,c:Slow down.,d:Speed up to maintain momentum.",c,"Hydroplaning occurs when your tires ride on a layer of water and lose contact with the road, causing loss of steering and braking control. The best way to reduce this risk is to slow down in wet conditions and drive smoothly, especially in heavy rain or standing water.",
2,Traffic Laws & Rules of the Road,"If you approach a green light but the intersection is blocked by traffic, what is the best action?","a:Partially enter the intersection to establish your right-of-way.,b:Don't enter the intersection until you can get completely across.,c:Continue into the intersection and wait for traffic to clear.",b,"Do not enter an intersection unless you can completely clear it, even if the light is green. Entering and stopping in the middle of the intersection can block cross traffic and emergency vehicles and may be illegal. Wait behind the stop line until there is enough space to drive all the way through.",difficult
3,"Signs, Signals & Road Markings",Regulatory signs are typically what color?,"a:Yellow.,b:White.,c:Green.,d:Red.",b,"Most regulatory signs that tell you about laws and rules (such as speed limits, lane use, and parking) are white rectangles with black or red lettering or symbols. Some specific regulatory signs, like STOP and DO NOT ENTER, are red, but the general background color for many regulatory signs is white.",
8,Special Situations & Road Users,"If you see an emergency vehicle with flashing lights behind you on a city street, what should you do?","a:Stay in your lane and slow down.,b:Drive to the right edge of the road and stop.,c:Drive to the right edge and slow down but stay moving.,d:Speed up and get out of the way.",b,"When an emergency vehicle with flashing lights and siren approaches from behind, you must yield the right-of-way by pulling as far to the right side of the road as safely possible and stopping. Stay stopped until the emergency vehicle has passed. If you are in an intersection, drive through it first, then pull over and stop.",difficult
7,Vehicle Ownership & Responsibilities,"If you must park in an unusual area, what should you do to reduce hazard?","a:Park with your reverse lights on.,b:Make sure your vehicle is visible to drivers approaching from any direction.,c:Park five feet from the curb.",b,"If you must park in an unusual or less visible area, your main goal is to avoid creating a hazard. Choose a location where your vehicle can be clearly seen by drivers approaching from any direction, and use hazard lights if appropriate and legal so others can spot your parked vehicle in time to react safely.",
6,"Alcohol, Drugs & Impaired Driving","As your blood alcohol concentration (BAC) rises, what happens to you?","a:More sober.,b:More coordinated.,c:More intoxicated.",c,"Blood alcohol concentration (BAC) is the amount of alcohol in your bloodstream. As BAC increases, your judgment, reaction time, coordination, and vision become more impaired. A higher BAC always means you are more intoxicated and less able to drive safely.",
4,Safe & Defensive Driving Practices,"If it feels like your tires have lost contact with the road surface (hydroplaning), what should you do?","a:Ease your foot off the gas and avoid braking.,b:Slow down by pumping the brakes quickly and firmly.,c:Slow down by shifting into a lower gear.,d:Steer sharply to the side of the road.",a,"When your vehicle hydroplanes, the tires ride on top of the water and lose grip with the road. Any sudden braking, accelerating, or sharp steering can cause a skid. The safest response is to gently ease your foot off the accelerator, keep the steering wheel straight, and wait until you feel the tires regain traction before braking or turning.",
2,Traffic Laws & Rules of the Road,"When passing another vehicle, when is it safe to return to the right lane?","a:When you are one vehicle length ahead of the passed vehicle.,b:When you can see both headlights of the passed vehicle in your rearview mirror.,c:When you are 50 feet ahead of the passed vehicle.",b,"After passing, you need enough space before moving back into the right lane so you do not cut off the other driver. A common safe rule is to wait until you can see both headlights of the vehicle you passed in your inside rearview mirror. This indicates you have created a safe following distance before returning to the lane.",
6,"Alcohol, Drugs & Impaired Driving",What is the only effective way to remove alcohol from your system?,"a:Drink strong coffee.,b:Wait.,c:Take a cold shower.",b,"Time is the only factor that reduces BAC; eating, coffee, or showers do not speed up alcohol elimination.",
2,Traffic Laws & Rules of the Road,Under what circumstances may you legally block an intersection?,"a:If you entered the intersection on a green light.,b:During rush hour traffic.,c:Under no circumstances.",c,"You should not enter an intersection unless there is enough space to clear it completely, even if the light is green. Stopping in the middle of the intersection blocks cross traffic and can create serious safety hazards. The only time a vehicle may be in the intersection when the light changes is when it entered lawfully and is completing a turn or clearing the intersection, not sitting and blocking it due to congestion.",
2,Traffic Laws & Rules of the Road,How should you treat an intersection controlled by a flashing red traffic signal?,"a:Treat it like a stop sign—come to a complete stop, yield, then proceed.,b:Reduce your speed and proceed with caution.,c:Come to a complete stop and remain stopped while the light is red.,d:Treat it the same as a flashing yellow signal.",a,"A flashing red light is treated the same as a stop sign. You must come to a complete stop at the stop line, crosswalk, or before entering the intersection, then look for other vehicles, bicycles, and pedestrians. Proceed only when the way is clear and it is your turn to go.",
4,Safe & Defensive Driving Practices,What should you do before entering a curve?,"a:Activate your turn signal.,b:Reduce your speed.,c:Brake hard.",b,"Reducing speed before entering a curve helps you maintain better control and traction. Braking hard while already in the curve can cause skidding or loss of control, especially in poor conditions. Slow to a safe speed before you begin turning, then steer smoothly through the curve.",
4,Safe & Defensive Driving Practices,Where should a driver be watching while driving?,"a:Only directly ahead.,b:Beside, ahead, and behind the vehicle.,c:Only in mirrors.,d:At dashboard instruments.",b,"Safe drivers constantly scan the entire traffic scene: ahead for developing hazards, to the sides for pedestrians and cross traffic, and behind using mirrors to know what other vehicles are doing. This wide scanning helps you anticipate problems early and react smoothly instead of making sudden moves.",
3,"Signs, Signals & Road Markings",What type of information do blue traffic signs provide?,"a:Motorist services such as rest areas or hospitals.,b:Construction and maintenance warnings.,c:Mileage to specific locations.",a,"Blue traffic signs are used for motorist services and information, such as rest areas, gas stations, food, lodging, and hospitals. Construction and maintenance warnings are orange, and mileage or destination information is usually shown on green guide signs.",
5,Driving in Special Conditions,Which headlights are best to use when driving in fog?,"a:High beam headlights.,b:Four-way flashers.,c:Fog lights only.,d:Low beam headlights.",d,"In fog, rain, or snow, use low beam headlights because their light aims down toward the road and reduces glare. High beams reflect off moisture droplets in the air and can bounce back into your eyes, making it harder to see. If your vehicle has fog lights, you may use them together with low beams for better visibility.",
2,Traffic Laws & Rules of the Road,Which statement about using a deceleration lane to exit is true?,"a:Do not use your turn signal until the vehicle has moved into the deceleration lane.,b:Do not follow the posted warning speeds unless the roadway is slippery.,c:Do not slow down until your vehicle has moved into the deceleration lane.",c,"Use your turn signal before entering the deceleration lane to show others you are exiting. Stay at normal highway speed on the main roadway, then move into the deceleration lane and begin slowing down there. This keeps through traffic flowing smoothly and reduces the risk of rear-end collisions on the main lanes.",
2,Traffic Laws & Rules of the Road,"On the interstate, what is the best way to avoid traffic merging from on-ramps to your right?","a:Maintain your speed and position.,b:Slow down.,c:Change lanes to the left when it is safe.",c,"On interstates, traffic often enters from the right. When you see vehicles merging, the safest and most courteous action is to move one lane to the left if it is legal and safe. This creates space for merging vehicles and reduces sudden braking or lane changes. If you cannot move left safely, adjust your speed slightly to help them merge smoothly.",
4,Safe & Defensive Driving Practices,"When another vehicle is passing you, what is the proper action?","a:Brake hard.,b:Maintain a constant speed.,c:Speed up.",b,"When another vehicle is passing you, you should maintain a steady speed or slow slightly so the pass can be completed quickly and safely. Do not speed up, because that forces the passing driver to stay in the oncoming lane longer and increases the risk of a collision. Hard braking is also unsafe unless needed to avoid a crash, because it can surprise drivers behind you.",
2,Traffic Laws & Rules of the Road,"If motorists see pedestrians in an upcoming crosswalk, what should they do?","a:Pull to the right and go around.,b:Wait for the pedestrians to cross.,c:Proceed since the motorist has right-of-way.,d:Honk to hurry them along.",b,"Drivers must always yield to pedestrians in a marked crosswalk and in many states at unmarked crosswalks as well. If you see pedestrians in or about to enter the crosswalk, slow down and stop, then wait until they have completely crossed your lane and it is safe before proceeding. Going around them or trying to hurry them with your horn is dangerous and illegal.",difficult
6,"Alcohol, Drugs & Impaired Driving",What is the only proven method to remove alcohol from your system?,"a:Drink coffee.,b:Give your body time.,c:Take a cold shower.,d:Exercise vigorously.",b,"Only time allows your body to process and eliminate alcohol. Your liver can handle only a certain amount per hour, and nothing speeds this up. Coffee, cold showers, or exercise might make you feel more awake, but they do not lower your blood alcohol concentration or make you safe to drive.",
4,Safe & Defensive Driving Practices,"If you begin to feel drowsy while driving, what is the safest action?","a:Open a window.,b:Stop and either rest or switch drivers.,c:Drink something with caffeine.",b,"To avoid fatigued driving, stop frequently during long trips and rest or change drivers to ensure you are alert.",
8,Special Situations & Road Users,When must you always stop before crossing railroad tracks?,"a:If there isn't room on the other side to fully clear the tracks.,b:When the crossing is in a busy town.,c:Only if a train is visible.,d:If you are carrying no passengers.",a,"You must never enter a railroad crossing unless there is enough space on the far side for your entire vehicle to clear the tracks. If you move forward without enough room, you risk being trapped on the tracks if traffic stops. Always wait behind the stop line or before the tracks until you can drive completely across without stopping.",difficult
5,Driving in Special Conditions,What should you remember when driving on gravel or dirt roads?,"a:Visibility is better than on pavement.,b:Your tires have less traction than on pavement, so you must slow down.,c:Your tires grip the road better than on pavement.",b,"On gravel or dirt, the loose surface greatly reduces traction compared with paved roads. Your tires can slide more easily, especially when braking or turning. You should slow down, increase following distance, and make all steering, braking, and acceleration smooth to avoid skids.",
6,"Alcohol, Drugs & Impaired Driving",Which of the following removes alcohol and its effects from your body?,"a:Drinking caffeine.,b:Eating foods high in fat.,c:Time.",c,"Only time allows the body to eliminate alcohol and reduce blood alcohol concentration (BAC). No food, drink, or activity will speed this process.",
5,Driving in Special Conditions,What is a likely result of continuous hard braking on ice or snow?,"a:Helps you stop faster.,b:Locks the front wheels and causes loss of steering.,c:Keeps the brakes from freezing.",b,"On ice or snow, hard continuous braking can cause your wheels to lock, especially the front wheels, which results in a loss of steering control. Instead, slow down early and brake gently. If your vehicle has ABS, press the brake pedal firmly and let the system pump the brakes for you while you steer.",
5,Driving in Special Conditions,"On a slippery road, how should you adjust your following distance?","a:No different than normal.,b:Farther than normal.,c:Closer than normal.,d:Only if it's snowing.",b,"On slippery roads, it takes much longer to stop, so you must increase your following distance. Leaving more space gives you extra time to brake gently and avoid skidding if the vehicle ahead slows or stops suddenly.",difficult
2,Traffic Laws & Rules of the Road,Which action should you never do when changing lanes?,"a:Check your blind spot by looking over your shoulder.,b:Move into another lane while within an intersection.,c:Check for other drivers moving into the same lane.",b,"You should never change lanes while you are actually in an intersection. Intersections are busy areas where vehicles, pedestrians, and turning traffic may move unpredictably. Lane changes there increase the risk of side collisions. Instead, change lanes before or after the intersection, and always check mirrors, blind spots, and signal.",
2,Traffic Laws & Rules of the Road,"At a red light with a green arrow, when may you proceed in the arrow's direction?","a:You first come to a complete stop.,b:You wait until the light changes.,c:You are in the proper lane and the roadway is clear.",c,"A green arrow is a protected turn signal for the lane it controls. If you are in that lane, you may proceed in the direction of the arrow when the roadway is clear, but you must still yield to pedestrians in the crosswalk and any traffic already in the intersection.",
5,Driving in Special Conditions,"In very foggy conditions, what lighting should you use?","a:High beam headlights.,b:Emergency flashers.,c:Low beam headlights.,d:Parking lights only.",c,"In fog, use low beam headlights (and fog lights if your vehicle has them). High beams reflect off the water droplets in the fog and shine back at you, making it harder to see. Low beams aim light down toward the road and reduce glare so you can better see lane lines and the edge of the roadway.",
2,Traffic Laws & Rules of the Road,"When merging onto the freeway, how fast should you be driving?","a:Five to 10 mph slower than freeway traffic.,b:At or near the speed of traffic on the freeway.,c:At the posted speed limit for freeway traffic.,d:As slow as needed to enter safely.",b,"When merging onto a freeway, use the entrance ramp and acceleration lane to reach a speed at or near that of traffic already on the freeway, as long as it is safe. Matching the flow of traffic makes it easier to find a gap and reduces the risk of collisions caused by large speed differences.",
2,Traffic Laws & Rules of the Road,"If you approach a vehicle stopped at a crosswalk, may you pass it?","a:You may not pass that vehicle.,b:You may go around if it seems safe.,c:You must honk first.,d:You may pass on the left only.",a,You must never pass a vehicle that is stopped at a crosswalk. That driver may be yielding to pedestrians you cannot see from your position. Passing could put those pedestrians directly in your path and cause a serious collision. Stay behind the stopped vehicle until you are sure the crosswalk is clear and traffic can proceed.,difficult
4,Safe & Defensive Driving Practices,"If there are oncoming vehicles to your left and parked cars to your right, where should you steer?","a:Closer to the oncoming vehicles than the parked vehicles.,b:Closer to the parked vehicles than the oncoming vehicles.,c:Take a middle course between the oncoming and parked vehicles.",c,"When you have hazards on both sides—oncoming traffic to the left and parked cars to the right—you should steer a middle course. This gives you space from oncoming vehicles while also reducing the risk of hitting parked cars or an opening door. Adjust slightly as needed, but avoid driving too close to either side.",
8,Special Situations & Road Users,"If a truck or bus is making a right turn where you also plan to turn right, how should you act?","a:Squeeze between the truck or bus and the curb.,b:Quickly turn before the truck or bus is able to.,c:Wait until the truck or bus completes its turn before you turn.",c,Large vehicles may swing wide during turns; do not try to pass between the truck and curb—wait until it completes the turn.,
4,Safe & Defensive Driving Practices,What is the primary danger of excessive speed?,"a:Saves time so you can get to your destination more quickly.,b:Helps you maneuver around obstacles.,c:Increases the likelihood of serious bodily injury and death.",c,"Driving too fast increases your stopping distance and reduces the time you have to react. If a crash happens at higher speed, the impact forces are much greater, which makes serious injury or death more likely. Speeding does not significantly reduce travel time on most trips but greatly increases crash risk and severity.",
2,Traffic Laws & Rules of the Road,"If a police officer directs traffic to go through a red signal, what should you do?","a:Stop until the light turns green.,b:Follow the officer's directions and go through the intersection.,c:Come to a complete stop before proceeding.",b,"A police officer directing traffic has authority over traffic signals and signs. If an officer tells you to go through a red light, you must follow the officer’s directions, proceeding carefully as instructed. Their job is to manage traffic safely in special situations such as crashes, road work, or signal malfunctions.",
2,Traffic Laws & Rules of the Road,"Before changing lanes or attempting to pass, what must you do?","a:Check your blind spots and mirrors.,b:Signal your intention before changing lanes.,c:All of the above.",c,"Before changing lanes or passing, you must signal to let other drivers know your intentions and check that the lane is clear. Use your mirrors and also turn your head to check blind spots that mirrors do not show. Only move into the new lane when you are sure it is safe.",
4,Safe & Defensive Driving Practices,"If a tire suddenly goes flat while you are driving, what should you do?","a:Press down on the brake pedal as hard as you can.,b:Slow down gradually and avoid braking heavily.,c:Rapidly pump the brake pedal several times.",b,"If a tire blows out, keep a firm grip on the steering wheel, ease your foot off the accelerator, and let the vehicle slow down gradually. Avoid hard braking, because it can cause loss of control, especially with a flat tire. Once you have slowed and the vehicle is stable, brake gently if needed and steer off the road to a safe place.",
2,Traffic Laws & Rules of the Road,"When changing lanes, what checks should you perform to ensure it is safe?","a:Check your side mirror and look over your shoulder.,b:Check only the inside rearview mirror.,c:Slow down before changing lanes.",a,"Before changing lanes, always check your mirrors and then quickly look over your shoulder in the direction you plan to move. This head check lets you see into your blind spot, where vehicles may not appear in your mirrors. Only move when the lane is clear and you have signaled in advance.",
2,Traffic Laws & Rules of the Road,Which of the following is unlawful regarding passing?,"a:Pass another vehicle in any marked no passing zone.,b:Pass another vehicle over a railroad crossing.,c:Both of the above.",c,Passing is illegal in marked no‑passing zones and at railroad crossings in all states. These areas are designed to protect you where visibility or conditions make passing unsafe. You must stay in your lane and wait until you are past the no‑passing zone or crossing before attempting to pass.,difficult
4,Safe & Defensive Driving Practices,How do stopping distances and crash severity change as vehicle speed increases?,"a:Decrease as a vehicle's speed increases.,b:Are not affected by a vehicle's speed.,c:Increase as a vehicle's speed increases.",c,"As speed increases, both your stopping distance and the force of any crash increase. You need more distance to see a hazard, react, and bring the vehicle to a complete stop. In a collision, higher speed means much greater impact energy, which leads to more severe damage and injuries.",
8,Special Situations & Road Users,Why is extra road space needed in front of a large truck?,"a:So other drivers can merge in front.,b:So the truck driver has room to stop.,c:Because the truck travels slower downhill.,d:To allow the truck to change lanes freely.",b,"Large trucks are heavy and need much more distance to stop than smaller vehicles. Leaving extra space in front of a truck gives the driver enough room to brake safely if traffic slows or stops suddenly, reducing the risk of rear‑end collisions.",
4,Safe & Defensive Driving Practices,Which behavior is a likely sign of an aggressive driver?,"a:The number of passengers in their car.,b:Their erratic and improper lane changes.,c:Their tendency to drive slowly.",b,"Erratic, improper lane changes are a classic sign of aggressive driving. Aggressive drivers often weave through traffic, change lanes without signaling, cut others off, or follow too closely. When you see this behavior, stay calm, give them space, and avoid eye contact or confrontation.",
5,Driving in Special Conditions,Why is nighttime driving more hazardous than daytime driving?,"a:You cannot see as far ahead at night.,b:The road is always more slippery at night.,c:Your reaction time is slower at night.",a,"Night driving is more hazardous mainly because you cannot see as far ahead. Headlights provide limited range, reduce your ability to spot hazards early, and glare from oncoming lights can further reduce visibility. Even if you feel alert, you must slow down and increase following distance at night to compensate for reduced visibility.",
8,Special Situations & Road Users,"At a railroad crossing with lowered gates and flashing lights, how must you respond?","a:Drive around if no train is visible.,b:Come to a complete stop well behind the gates and wait.,c:Slowly creep under the gates.,d:Proceed if you see only one rail track.",b,"When gates are down and lights are flashing at a railroad crossing, you must stop and wait. It is illegal and extremely dangerous to drive around or under the gates, even if you do not see a train. Trains are fast, heavy, and cannot stop quickly, so you must remain stopped until the gates are fully raised and the lights stop flashing.",difficult
2,Traffic Laws & Rules of the Road,"When passing another vehicle, when is it safe to return to your lane?","a:When you see the vehicle's headlights in your rearview mirror.,b:When you cannot see the vehicle directly to your right.,c:After signaling for one second.,d:As soon as you pass the front bumper.",a,"After passing, you should not move back into your lane until you can see the entire front of the vehicle you passed in your rearview mirror, including its headlights in the case of a car at night. This ensures you have left enough space and will not cut the other driver off when you return to your lane.",
4,Safe & Defensive Driving Practices,"If a driver is tailgating you on a two-lane road and there is no lane to move into, what should you do?","a:Reduce your speed slowly to encourage the tailgater to pass.,b:Speed up to increase the distance between you and the tailgater.,c:Apply your brakes to slow down, then resume your original speed.",a,"If someone is tailgating and you cannot move to another lane, gradually reduce your speed to encourage them to pass when it is safe. Do not speed up or brake suddenly, as that can increase the risk of a rear-end collision. Smoothly creating more space in front of you gives you more time to react and reduces the danger from the tailgater behind.",
4,Safe & Defensive Driving Practices,What is the best general strategy to avoid dangerous driving situations?,"a:Always keep your eyes focused ahead of your car.,b:Turn off the radio.,c:Know what is happening around your vehicle.",c,"Constantly checking mirrors and scanning ahead and to the sides helps you spot hazards early, such as sudden stops, merging vehicles, or pedestrians. Knowing what is happening all around your vehicle gives you more time and space to react safely and avoid dangerous situations.",
3,"Signs, Signals & Road Markings","If you see a lane sign showing an arrow with the word 'ONLY' underneath, what must you do?","a:Always make a lane change.,b:Look for a destination sign to follow.,c:Travel in the direction of the arrow.",c,A lane control sign with an arrow and the word “ONLY” means traffic in that lane must go in the direction of the arrow and cannot turn or continue straight in any other direction. You must follow the arrow shown when you are in that lane.,
3,"Signs, Signals & Road Markings",What does a broken yellow line next to a solid yellow line mean?,"a:Passing is permitted from the side next to the solid yellow line.,b:Passing is not permitted from either direction.,c:Passing is permitted from the side next to the broken yellow line.",c,"A broken yellow line next to a solid yellow line separates traffic moving in opposite directions. Passing is allowed only from the side with the broken line, and drivers on the side with the solid line must not cross it to pass.",
3,"Signs, Signals & Road Markings",When may you cross double yellow lines to pass another vehicle?,"a:If the vehicle in front moves to the right to let you pass.,b:When the yellow line next to your side of the road is broken.,c:If the yellow line on the opposite side is broken.",b,"For two-way roads with a solid and a broken yellow line together, you may only cross to pass when the line closest to your lane is broken and it is safe. If the line next to you is solid, you must not cross it to pass, even if the other side has a broken line.",
6,"Alcohol, Drugs & Impaired Driving",What is a possible effect of taking a prescription drug while drinking alcohol?,"a:There will likely be no effect.,b:It will make you more alert.,c:It can make you unfit to drive.",c,"Many prescription drugs can cause drowsiness, slowed reaction time, or poor judgment. When combined with alcohol, these effects are often stronger, making you unsafe to drive and potentially putting you over the legal limit or otherwise unfit to operate a vehicle.",
3,"Signs, Signals & Road Markings",What does a double solid yellow centerline indicate about passing?,"a:Allowed from both directions.,b:Allowed only from your direction of travel.,c:Not allowed from either direction.",c,"A double solid yellow centerline separates traffic moving in opposite directions and means no passing is allowed from either direction. You may cross these lines only to turn left into or out of a driveway or side road when it is safe, but you may not use the opposing lane to pass.",
2,Traffic Laws & Rules of the Road,"On a one-way street, you may turn left onto another one-way street only when:","a:You increase your speed before the turn.,b:Traffic on the street moves to the right.,c:Traffic on the street moves to the left.",c,"On a one‑way street, you may turn left onto another one‑way street only if traffic on the street you are turning onto flows to the left and there is no sign prohibiting the turn. Always yield to pedestrians and other traffic and complete the turn into the nearest left lane.",
2,Traffic Laws & Rules of the Road,"When making a left turn at an intersection, whom must you yield to?","a:Oncoming traffic and pedestrians.,b:Only oncoming vehicles.,c:No one, you have the right-of-way.,d:Only vehicles on your right.",a,"When turning left at an intersection, you must yield to oncoming vehicles that are close enough to be a hazard and to pedestrians crossing the street you are turning into. Wait until there is a safe gap in oncoming traffic and the crosswalk is clear before completing your turn.",
8,Special Situations & Road Users,When must you yield to a pedestrian?,"a:Only if they are in a crosswalk.,b:Only if the traffic lights favor the pedestrian.,c:You must do everything possible to avoid hitting a pedestrian and be prepared to yield whenever necessary to prevent a collision.",c,"Drivers must do everything reasonably possible to avoid hitting a pedestrian, even if the pedestrian is acting unsafely. You must always be prepared to yield to pedestrians in crosswalks (marked or unmarked) and at intersections, and you should slow or stop whenever necessary to prevent a collision, even if you technically have the right‑of‑way.",difficult
3,"Signs, Signals & Road Markings",What do 'No passing zone' signs indicate to drivers?,"a:To speed up slightly.,b:That it is not safe to pass.,c:To maintain a steady speed.",b,"A No Passing Zone sign tells you that passing is prohibited because it is unsafe, such as near hills, curves, intersections, or where visibility is limited. You must stay in your lane and not drive into the oncoming lane to pass another vehicle in this area.",
5,Driving in Special Conditions,What should you do when the roadway is wet or icy?,"a:Drive at the posted speed.,b:Speed up.,c:Reduce your speed.",c,"On wet, snowy, or icy roads, your tires have less traction, so it takes longer to stop and is easier to lose control. You should reduce your speed and drive smoothly, avoiding sudden braking or sharp steering.",
8,Special Situations & Road Users,When must drivers yield right-of-way to pedestrians in a crosswalk?,"a:Only if the pedestrians first wave to the driver.,b:Only if the pedestrians are not texting while walking.,c:Drivers must yield to pedestrians in crosswalks whenever they are crossing or about to cross in the driver’s lane or an adjacent lane.",c,"Drivers must always yield to pedestrians who are in a marked or unmarked crosswalk at an intersection. You must slow or stop as needed to let them cross safely, regardless of whether they signal you or what they are doing.",
4,Safe & Defensive Driving Practices,What risk does fatigue pose while driving?,"a:Missing an exit.,b:Being late for an appointment.,c:Falling asleep behind the wheel and crashing.",c,"Fatigue slows your reaction time, reduces your ability to notice hazards, and can cause you to fall asleep at the wheel. Even brief “microsleeps” can lead to losing control of the vehicle and serious crashes.",
2,Traffic Laws & Rules of the Road,When is it legal to drive faster than the posted speed limit?,"a:Never.,b:If you feel it is reasonable and prudent.,c:When passing another vehicle.",a,"The posted speed limit is the maximum speed allowed under ideal conditions. It is never legal to exceed that limit, and you must often drive slower when conditions such as traffic, weather, or road surface require it for safety.",
3,"Signs, Signals & Road Markings","Approaching an intersection with a flashing red light, what must a driver do?","a:Reduce your speed and proceed with caution.,b:Come to a complete stop, yield to oncoming traffic and pedestrians, then proceed.,c:Come to a complete stop and remain stopped as long as the light is red.",b,"A flashing red light means you must come to a complete stop, just as you would at a stop sign. After stopping, yield to any traffic or pedestrians with the right-of-way, and proceed only when the intersection is clear and it is safe.",
3,"Signs, Signals & Road Markings","On a green arrow signal, what must you do before turning?","a:Yield to any vehicle, bicycle, or pedestrian in the intersection.,b:Wait four seconds before turning.,c:Only yield to vehicles.,d:Turn immediately without checking.",a,"A green arrow permits the turn but requires yielding to any vehicles, cyclists, or pedestrians still in the intersection.",
4,Safe & Defensive Driving Practices,When should you allow extra following distance behind another vehicle?,"a:When following a station wagon.,b:When following a large vehicle, bus, or vehicle towing a trailer that blocks the driver’s rear view.,c:When following a small passenger car.",b,"Increase your following distance behind large vehicles, buses, trucks, or vehicles towing trailers because their drivers cannot see directly behind them and they need more space to stop or maneuver. Extra space gives you more time to react if they slow, stop, or make wide turns.",
4,Safe & Defensive Driving Practices,"If your vehicle has ABS and you must stop on snow or ice, what should you do with the brake pedal?","a:Pump the brakes.,b:Press and hold the brake pedal firmly.,c:Stay off the brakes and wait for the car to drift to a stop.",b,"With ABS, press the brake pedal firmly and keep steady pressure on it. The system automatically pumps the brakes to prevent wheel lockup and help you maintain steering control, even on snow or ice.",
2,Traffic Laws & Rules of the Road,What is the legal status of texting while driving?,"a:Permitted if driving at a slow speed.,b:Not legal in most states and highly dangerous.,c:Legal if the driver is 21 years of age or older.",b,Texting while driving is illegal and considered highly distracting; Maryland law prohibits using handheld devices while driving.,
2,Traffic Laws & Rules of the Road,"If you face a green light but the intersection is blocked by traffic, what should you do?","a:Turn left and find another route.,b:Stay out of the intersection until traffic clears.,c:Follow the other vehicles and enter the intersection.",b,"You must not enter an intersection unless there is enough space to clear it completely, even if the light is green. If traffic ahead is stopped, wait behind the crosswalk or stop line until you can drive all the way through without blocking the intersection.",
2,Traffic Laws & Rules of the Road,Why should you signal continuously while turning?,"a:It is illegal to turn off your signal before completing a turn.,b:It notifies other drivers of your intended actions.,c:It is always unsafe to turn off a signal before completing a turn.",b,"Signaling throughout a turn lets other drivers, cyclists, and pedestrians know exactly what you plan to do, reducing surprises and collisions. You should keep your signal on before and during the turn so others can react safely.",difficult
4,Safe & Defensive Driving Practices,Where are large trucks' blind spots commonly located?,"a:On the immediate left of the cab.,b:Directly behind the body.,c:Both on the immediate left of the cab and directly behind the body.",c,"Large trucks have big blind spots, often called ""no-zones,"" where the driver cannot see you. A major blind spot is directly behind the trailer, and another is along the left side near and behind the cab. If you cannot see the truck driver in their side mirror, they likely cannot see you, so avoid lingering in these areas.",
8,Special Situations & Road Users,Which statement about blind spots is accurate?,"a:They are eliminated if you have one outside mirror on each side of the vehicle.,b:Large trucks have bigger blind spots than most passenger vehicles.,c:Blind spots can be checked by looking in your rearview mirrors.",b,"Blind spots are areas you cannot see with your mirrors alone. Large trucks have much larger blind spots than passenger cars, so you should give them extra space and avoid driving alongside or close behind them where the driver cannot see you.",
3,"Signs, Signals & Road Markings",What does a steady red arrow on a traffic light mean?,"a:Drivers must come to a full stop and may not proceed in the arrow's direction.,b:Drivers may turn after stopping.,c:Drivers should speed up to clear the intersection.,d:Drivers may turn if clear.",a,A steady red arrow means you must stop and you are not allowed to go in the direction the arrow points until it turns green. Treat it like a red light specifically for that turning movement.,difficult
2,Traffic Laws & Rules of the Road,Which statement is true about driving too slowly on highways?,"a:Driving too slowly is not an unsafe practice.,b:Driving too slowly on certain highways can be dangerous.,c:The speed at which you drive a vehicle does not affect safety.",b,"Driving much slower than surrounding traffic can be dangerous because it causes other drivers to brake or change lanes suddenly and may lead to risky passing. On highways, you should generally drive at the posted speed and with the flow of traffic, as long as conditions are safe.",
2,Traffic Laws & Rules of the Road,"If you approach an intersection with a steady yellow light and haven't entered it, what should you do?","a:Speed up to beat the red light.,b:Come to a safe stop if you can.,c:Drive through regardless.,d:Stop in the middle of the intersection.",b,"A steady yellow light means the signal is about to turn red. If you have not yet entered the intersection, you should slow down and stop if you can do so safely. Only continue through if you are too close to the intersection to stop without braking hard or risking a rear-end collision.",difficult
3,"Signs, Signals & Road Markings",What is the purpose of broken yellow lines on streets and highways?,"a:Indicate no passing zones.,b:Separate lanes of traffic moving in the same direction.,c:Separate lanes of traffic moving in opposite directions.",c,"Broken yellow centerlines separate traffic moving in opposite directions. A broken yellow line also means you may pass another vehicle when it is safe and legal to do so, but you must watch carefully for oncoming traffic.",
5,Driving in Special Conditions,"If oncoming headlights are blinding you at night, what should you do?","a:Switch to high beams.,b:Turn your lights on and off.,c:Look toward the right edge of the road.,d:Close your eyes briefly.",c,"When oncoming headlights are too bright, avoid looking directly at them. Instead, glance toward the right edge of your lane and use the road edge or lane markings as a guide. This reduces glare while helping you keep your vehicle in the correct position.",
2,Traffic Laws & Rules of the Road,You enter a left-turn lane and there is oncoming traffic. What should you do before turning?,"a:Turn your front wheels to the left to be prepared to turn.,b:Signal at least 100 feet before the intersection and keep your wheels straight while waiting.,c:Move to the left of the center lane.",b,"Before making a left turn, signal well in advance—typically at least 100 feet before the turn in most areas—so other drivers know your intentions. As you wait to turn, keep your front wheels pointed straight ahead. If your wheels are turned left and you are hit from behind, your vehicle could be pushed into oncoming traffic.",
5,Driving in Special Conditions,"If dust or smoke reduces visibility, what lighting should you use?","a:Emergency flashers only.,b:Parking lights only.,c:Low-beam headlights.",c,"When dust, smoke, or similar conditions reduce visibility, turn on your low-beam headlights so you can see and be seen by others. High beams can reflect off particles in the air and make it harder to see, while parking lights or emergency flashers alone do not provide adequate forward lighting or make your vehicle clearly visible at a distance.",
3,"Signs, Signals & Road Markings",How should you react to a flashing yellow light at an intersection?,"a:Stop, then proceed when clear.,b:Slow down and proceed with caution.,c:Yield to all traffic before crossing.,d:Ignore it and go normally.",b,"A flashing yellow light means you do not have to stop, but you must slow down, look carefully for cross traffic and pedestrians, and proceed only when it is safe.",
6,"Alcohol, Drugs & Impaired Driving",What does the acronym BAC stand for?,"a:Blood alcohol concentration.,b:Big alcohol content.,c:Blood alcohol conservation.",a,BAC measures the percentage of alcohol in a person's bloodstream; 0.08% or higher is the legal limit for drivers 21 and older.,
8,Special Situations & Road Users,"When you see an emergency vehicle approaching with flashing lights, how must you respond?","a:Move into the right lane and drive slowly until it has passed.,b:Maintain your speed and stay in your lane until it has passed.,c:Pull over to the curb or edge of the road and stop until it has passed.",c,"When an emergency vehicle approaches with flashing lights and/or a siren, you must pull as close as you safely can to the right edge of the road and stop, waiting until the vehicle has passed before reentering traffic.",
3,"Signs, Signals & Road Markings",A broken yellow centerline next to your lane indicates what about passing?,"a:Passing is not permitted.,b:Passing on the right is permitted when the way ahead is clear.,c:Passing on the left is permitted when the way ahead is clear.",c,"A broken yellow centerline next to your lane means you may cross it to pass a vehicle ahead of you on the left, but only when the lane is clear and there is no oncoming traffic.",
4,Safe & Defensive Driving Practices,"If a tire suddenly blows out while driving, what is the safest course of action?","a:Pump the brakes rapidly.,b:Brake hard and steer toward the right edge of the roadway.,c:Grip the steering wheel firmly, slow down, and move out of the travel lane.",c,"If a tire blows out, keep a firm grip on the steering wheel, do not brake hard, ease off the accelerator to slow down gradually, and then steer to a safe place out of the traffic lane before stopping.",
3,"Signs, Signals & Road Markings",What does a broken yellow centerline mean?,"a:Passing is not permitted.,b:Passing on the right is permitted when the way ahead is clear.,c:Passing on the left is permitted when the way ahead is clear.",c,"A broken yellow centerline separates traffic moving in opposite directions. When the line on your side is broken, you may cross it to pass another vehicle on the left if there is no oncoming traffic and it is safe. You must still judge carefully for enough clear distance and never pass where visibility or conditions make it unsafe.",
2,Traffic Laws & Rules of the Road,"When crossing a sidewalk to enter the roadway from an alley, driveway, or parking lot, what must a driver do?","a:Stop before driving onto the sidewalk or sidewalk area.,b:Stop only if pedestrians are on the sidewalk.,c:Expect pedestrians on the sidewalk to yield the right-of-way.,d:Sound your horn and proceed slowly.",a,"When you are coming from an alley, driveway, or parking lot and must cross a sidewalk to enter the street, you must stop before driving across the sidewalk area. Pedestrians on the sidewalk have the right‑of‑way, and you must yield to them and to traffic on the roadway before proceeding.",
2,Traffic Laws & Rules of the Road,How should you respond to a traffic signal that is flashing yellow?,"a:Maintain your normal speed.,b:Slow down and proceed with caution.,c:Come to a complete stop at the intersection.",b,"A flashing yellow signal means you must slow down and proceed with caution. You do not have to stop, but you should reduce speed, scan carefully for cross traffic, pedestrians, or hazards, and be prepared to yield if necessary.",
2,Traffic Laws & Rules of the Road,You are parking downhill on a two-way road with no curb. Which way should you turn the front wheels?,"a:Straight ahead,b:Right, toward the side of the road,c:Left, toward the center of the road",b,"When parking downhill on a two‑way road with no curb, turn your front wheels to the right, toward the edge of the road or shoulder. If your brakes fail, the vehicle will roll off the roadway instead of into traffic.",
2,Traffic Laws & Rules of the Road,"At an uncontrolled intersection where vehicles arrive simultaneously from the right and left, to whom should you yield?","a:Yield the right-of-way to the vehicle on your left.,b:Yield the right-of-way to the vehicle on your right.,c:Wait until there are no vehicles at the intersection before proceeding.",b,"At an uncontrolled intersection (no signs or signals), if two vehicles arrive at about the same time, the driver on the left must yield to the driver on the right. Yielding to the vehicle on your right helps prevent confusion and collisions.",difficult
4,Safe & Defensive Driving Practices,"When changing lanes, what visual check is required?","a:Rely on the rearview mirror.,b:Look over your shoulder in the direction you plan to move.,c:Rely on the left side mirror.",b,"Before changing lanes, always check your mirrors and then quickly look over your shoulder in the direction you want to move. This shoulder check lets you see the blind spot that mirrors cannot cover, helping you avoid vehicles that may be alongside you.",
3,"Signs, Signals & Road Markings","If there is a solid yellow line on your side of the centerline, what does it mean?","a:Do not pass.,b:Traffic light ahead.,c:Reduce your speed.",a,A solid yellow line on your side of the centerline means you must not pass other vehicles from your lane. It marks a no‑passing zone because visibility or road conditions make passing unsafe.,
5,Driving in Special Conditions,What should you do to reduce the risk of hydroplaning in rainy conditions?,"a:Put on your cruise control to maintain a constant speed.,b:Move to the shoulder of the road as soon as it starts to rain.,c:Decrease your speed.",c,"To reduce the risk of hydroplaning, slow down in wet conditions and drive smoothly. Lower speeds help your tires maintain contact with the road instead of riding up on a layer of water, which can cause a complete loss of steering and braking control.",
6,"Alcohol, Drugs & Impaired Driving",Any amount of alcohol in your bloodstream can impair which of the following?,"a:Knowledge.,b:Right-of-way privileges.,c:Judgment and physical coordination.",c,"Any amount of alcohol can affect the parts of your brain that control judgment, reaction time, and coordination. Even if you are below the legal limit, your ability to drive safely can be reduced, increasing your risk of a crash and possible legal consequences.",
8,Special Situations & Road Users,How should you respond to a pedestrian using a guide dog or carrying a white cane?,"a:You must tell them where to cross the street.,b:You must always yield the right-of-way.,c:You only have to yield if you are at a corner.",b,Pedestrians using a guide dog or carrying a white cane are visually impaired and must always be given the right‑of‑way. Slow down or stop as needed and allow them to cross safely without honking or pressuring them.,
2,Traffic Laws & Rules of the Road,"At a yield sign, what must you do?","a:Yield the right-of-way to cross traffic that is close enough to cause a conflict.,b:Yield only to vehicles on your right.,c:Slow down but never stop.",a,At a yield sign you must slow down and be ready to stop. You must let cross or merging traffic go first if they are close enough to be a hazard. Only proceed when you are sure you can enter or cross without interfering with other road users.,
3,"Signs, Signals & Road Markings",A solid yellow line next to a broken yellow line means which vehicles may pass?,"a:Driving in both directions may pass.,b:Vehicles next to the broken line may pass.,c:Vehicles next to the solid line may pass.",b,"A solid yellow line next to a broken yellow line means passing is allowed only for traffic next to the broken line, and not allowed for traffic next to the solid line. Drivers may cross the broken line to pass when it is safe and legal, but must not cross the solid line to pass.",
5,Driving in Special Conditions,What attitude should you have when driving in a construction zone?,"a:Slightly increase your speed.,b:Expect the unexpected.,c:Expect workers to yield to motorists.",b,"In construction zones you should slow down, stay alert, and expect the unexpected. Lanes may shift, workers and equipment may be close to traffic, and traffic may stop suddenly. A cautious, patient attitude helps protect both workers and drivers.",
3,"Signs, Signals & Road Markings",What message will be displayed on a red octagon-shaped sign?,"a:Do not enter.,b:Stop.,c:One-way.",b,"A red octagon-shaped sign always means STOP. You must come to a complete stop at the stop line, crosswalk, or before entering the intersection, then proceed only when it is safe and after yielding to any pedestrians or vehicles with the right-of-way.",
5,Driving in Special Conditions,"If an oncoming driver fails to dim their headlights, what is the best action for you to take?","a:Turn on your high beams to signal them.,b:Look toward the right side of the road.,c:Look toward the center of the roadway.,d:Keep looking straight ahead.",b,"If an oncoming driver does not dim their high beams, avoid looking directly at the glare. Instead, glance toward the right edge of your lane and use the road edge or lane line as a guide while still checking traffic ahead. This reduces temporary blindness and helps you maintain safe lane position.",
8,Special Situations & Road Users,"If a child is riding a bicycle near your vehicle, what should you expect?","a:The child to be fully in control.,b:The unexpected from the child.,c:That honking will correct behavior.,d:That the child will always stop at intersections.",b,"Children on bicycles are often unpredictable. They may suddenly swerve, stop, or enter your lane without warning. You should slow down, give them extra space, and be prepared for unexpected movements rather than assuming they are fully in control or that honking will correct their behavior.",
4,Safe & Defensive Driving Practices,When should you increase the space between your vehicle and the one ahead?,"a:When you are following a small passenger vehicle.,b:When you are being tailgated by another driver.,c:When you are driving more slowly than the posted speed limit.",b,"If another driver is following you too closely (tailgating), you should increase the space in front of your vehicle. A larger following distance gives you more time to brake gently and reduces the chance that a sudden stop will cause the tailgater to hit you from behind.",
2,Traffic Laws & Rules of the Road,How do you know it's safe to return to your lane after passing another car?,"a:If the other driver signals for you to re-enter the lane.,b:If you look over your shoulder and see the passed car behind you.,c:When you can see both headlights of the passed vehicle in your rearview mirror.",c,"After passing, it is generally safe to return to your lane when you can see both headlights of the vehicle you passed in your rearview mirror. This indicates you have enough space ahead of that vehicle. Always signal and check your mirrors and blind spot before moving back into the lane.",
2,Traffic Laws & Rules of the Road,When are you required to stop your vehicle?,"a:At any intersection where a police officer orders you to stop.,b:At a red traffic light.,c:Both of the above.,d:Only at stop signs.",c,"You must stop when directed by a police officer and at red traffic lights. Traffic officers’ directions must always be obeyed, even if they differ from signs or signals. You are also required to stop at stop signs and certain other situations, but this question focuses on officers’ orders and red lights together.",
7,Vehicle Ownership & Responsibilities,"Before starting the engine, which safety action should you take?","a:Buckle your safety belt.,b:Be sure all passengers have buckled their safety belts.,c:Both of the above.",c,"Before starting the engine, you should always fasten your own seat belt and make sure all passengers are buckled. This habit ensures everyone is properly restrained before the vehicle moves, greatly reducing the risk of injury in a crash or sudden stop.",
2,Traffic Laws & Rules of the Road,When should you drive at the posted maximum speed limit?,"a:At night.,b:Only under ideal conditions.,c:During rain.,d:Whenever the driver wants.",b,"The posted maximum speed is the fastest you may drive only when conditions are ideal: good visibility, dry pavement, light traffic, and safe road conditions. In rain, fog, heavy traffic, or poor road conditions, you must drive slower than the posted maximum so you can stop safely and maintain control.",
4,Safe & Defensive Driving Practices,"Like drugs or alcohol, what effect can drowsiness have on driving?","a:Improve awareness.,b:Make you feel better.,c:Impair your judgment.,d:Increase reaction speed.",c,"Drowsiness slows your reaction time, narrows your attention, and makes your judgment less reliable, much like alcohol or drugs. A drowsy driver may not notice hazards in time or may make poor decisions, greatly increasing crash risk.",
4,Safe & Defensive Driving Practices,How can you keep track of traffic behind you?,"a:Turn and look out your back window.,b:Frequently check your rearview mirror.,c:Keep other vehicles out of your blind spots.,d:All of the above.",b,"To stay aware of traffic behind you, glance frequently in your mirrors, especially the inside rearview mirror. This helps you notice vehicles that are following too closely, changing lanes, or approaching quickly so you can adjust your driving safely.",
4,Safe & Defensive Driving Practices,"If the rear of your vehicle skids left, how should you steer to correct it?","a:Do not turn your steering wheel.,b:Turn your steering wheel to the left to correct the skid.,c:Turn your steering wheel to the right to correct the skid.,d:Brake hard and hold the pedal down.",b,"In a rear-wheel skid, always steer in the direction the rear of the vehicle is sliding. If the rear skids left, you steer left; if it skids right, you steer right. This helps the vehicle straighten out and regain traction. Avoid sudden braking or overcorrecting, which can make the skid worse.",
4,Safe & Defensive Driving Practices,"To help others see you as daylight fades, what lights should you use?","a:Parking lights.,b:Low beam headlights.,c:Emergency flashers.,d:High beam headlights.",b,"As daylight fades or in low-visibility conditions, you should turn on your low beam headlights so others can see you and you can see the road. Parking lights and emergency flashers are not for normal driving, and high beams can blind oncoming drivers or those ahead of you.",
8,Special Situations & Road Users,"If you approach a stopped emergency vehicle using visual signals, what should you do?","a:Increase your speed to get around the incident quickly.,b:Ask the emergency workers if they need your help.,c:Move into the lane farthest from the vehicle or slow down.",c,"If an emergency vehicle is stopped with visual signals, move over to a non-adjacent lane if possible; otherwise slow down to a safe speed and be prepared to stop.",
8,Special Situations & Road Users,Why should drivers give extra space to children on bicycles?,"a:They do not have the same physical reflexes as adults.,b:They are smaller and more difficult to see than adults.,c:Both of the above.",c,"Children on bicycles are less predictable and often lack the judgment and physical control that adults have. They are also smaller and can be harder to see, especially near parked cars or at driveways. Because of this, you should slow down and give them extra space, particularly near schools, parks, and in residential neighborhoods.",
6,"Alcohol, Drugs & Impaired Driving","If you've had several beers, how can the alcohol effects be reduced?","a:Drinking several cups of coffee.,b:Waiting several hours.,c:Taking a cold shower.",b,"Once alcohol is in your system, only time can lower your blood alcohol concentration. Coffee, cold showers, exercise, or other “quick fixes” may make you feel more awake but do not make you less impaired. Waiting long enough for your body to process the alcohol is the only safe way to reduce its effects before driving.",
8,Special Situations & Road Users,"If a stopped school bus ahead in your lane has red lights flashing, how long must you remain stopped?","a:Stop and proceed when you think all of the children have exited the bus.,b:Slow to 25 mph and pass cautiously.,c:Stop for as long as the red lights are flashing.",c,"When a school bus is stopped with its red lights flashing and stop arm extended, you must stop and remain stopped in most situations, whether you are approaching from behind or from the opposite direction on an undivided road. You may not proceed until the red lights stop flashing and the stop arm is withdrawn, indicating that children are no longer boarding or exiting.",difficult
2,Traffic Laws & Rules of the Road,"Before making a left turn from a one-way street, which lane should you be in?","a:The lane nearest the center of the street.,b:The lane nearest the right curb.,c:The lane nearest the left curb.,d:Any lane as long as it is clear.",c,"For a left turn from a one‑way street, you should be in the lane nearest the left curb before turning. Start the turn from that leftmost lane and turn into the first legal lane going in your new direction. Positioning yourself correctly before the turn helps prevent conflicts with other vehicles and keeps your path predictable.",
5,Driving in Special Conditions,"Why use headlights on rainy, snowy, or foggy days?","a:To warn others of bad weather conditions.,b:To keep your engine warm.,c:So others can see your vehicle.",c,"Headlights help other drivers see you in rain, snow, or fog and also improve your own visibility. Many states require headlights whenever wipers are in continuous use, and you should use low beams in these conditions so you do not create glare.",
4,Safe & Defensive Driving Practices,Why is slowing down to look at crashes or odd events discouraged?,"a:It causes traffic congestion.,b:It prevents rear-end collisions.,c:It improves traffic flow.,d:It helps emergency responders.",a,"Slowing down just to look at a crash or unusual event (rubbernecking) disrupts normal traffic flow, creates sudden slowdowns, and increases the risk of rear‑end and other collisions. Keep your attention on the road ahead and maintain a safe, steady speed.",
2,Traffic Laws & Rules of the Road,How can you check a blind spot when changing lanes?,"a:Using the inside rearview mirror.,b:Turning your head and looking over your shoulder.,c:Using your side mirror.",b,"Mirrors do not show everything around your vehicle; there are areas called blind spots. Before changing lanes, quickly turn your head and look over your shoulder in the direction you plan to move to make sure no vehicle is in your blind spot.",
3,"Signs, Signals & Road Markings",How should you respond to a flashing yellow traffic signal?,"a:Wait for the green light before proceeding.,b:Slow down and cross the intersection carefully.,c:Stop before crossing the intersection.",b,"A flashing yellow light means proceed with caution. Slow down, look for cross traffic and pedestrians, and continue through the intersection only when it is safe to do so; you are not required to stop unless needed for safety.",
3,"Signs, Signals & Road Markings","If you approach a steady yellow traffic signal and have not entered the intersection, what should you do?","a:Speed up to beat the red light.,b:Reduce your speed and proceed carefully through the intersection.,c:Come to a safe stop.",c,"A steady yellow light warns that the signal is about to turn red. If you have not yet entered the intersection and can stop safely, you must come to a stop before the intersection or crosswalk instead of speeding up to beat the red.",
5,Driving in Special Conditions,"In fog, rain, or snow which headlights are appropriate to use?","a:Low beams.,b:High beams.,c:Fog lights only.",a,"In fog, rain, or snow, always use low beam headlights. High beams reflect off moisture in the air and create glare, making it harder to see. If your vehicle has fog lights, you may use them in addition to low beams when conditions are very poor, but never rely on fog lights alone.",
7,Vehicle Ownership & Responsibilities,"If you park facing uphill on a street with a curb, how should you turn the front wheels?","a:Turn the front wheels toward the curb.,b:Turn the front wheels away from the curb.,c:Leave the front wheels straight.",b,"When parking facing uphill with a curb, turn the front wheels away from the curb and let the vehicle roll back slightly until the tire gently touches the curb. This way, if the brakes fail, the curb will stop the vehicle from rolling into traffic.",
5,Driving in Special Conditions,Which type of roadway is most likely to be icy in cold weather after precipitation?,"a:A hilly, open road,b:A residential road,c:A road in a shaded area.",c,"Roads in shaded areas are often the iciest because they receive less sunlight. They freeze sooner and thaw later than open areas, so after snow or rain in cold weather, shaded spots can stay icy even when the rest of the road looks clear.",
8,Special Situations & Road Users,"If you see pedestrians near the roadway, what should you do?","a:Sound your horn and maintain your speed.,b:Speed up to clear the area quickly.,c:Slow down and pass with caution.",c,"When pedestrians are near the roadway, slow down, be prepared to stop, and pass with great caution. People can step into the road unexpectedly, and drivers must yield to pedestrians in crosswalks and avoid endangering anyone on or near the road.",
2,Traffic Laws & Rules of the Road,How can you make room for cars entering the freeway?,"a:Maintaining your speed and position.,b:Merging into a different lane when possible.,c:Slowing down only if someone honks at you.",b,"To help vehicles enter a freeway smoothly, move over to another lane when it is safe so they have space to merge. If you cannot change lanes, adjust your speed to create a safe gap. Maintaining speed without adjusting or waiting for a horn can create dangerous merging situations.",
4,Safe & Defensive Driving Practices,How are stopping distances and crash severity affected by higher speeds?,"a:Are not affected by vehicle speed.,b:Decrease as vehicle speed increases.,c:Increase as vehicle speed increases.",c,"Stopping distance and crash severity both increase as speed increases. At higher speeds, your vehicle travels farther during your reaction time and also needs more distance to brake to a stop. In a crash, more speed means more energy to be absorbed, which greatly increases the chance of serious injury or death.",
2,Traffic Laws & Rules of the Road,"If the driver ahead stops at a crosswalk, what should you do?","a:Stop and wait until pedestrians have cleared.,b:Cautiously pass at 10 mph.,c:Change lanes and pass immediately.,d:Honk and go around them.",a,"If the driver ahead has stopped at a crosswalk, you must also stop and wait until you are sure pedestrians have cleared. Passing a stopped vehicle at a crosswalk is dangerous and illegal in many states because pedestrians may be crossing where you cannot see them until you stop.",difficult
5,Driving in Special Conditions,Why is night driving more hazardous?,"a:The speed limit is increased at night.,b:There are fewer cars on the roads at night.,c:Distance and vehicle speed are difficult to judge in the dark.",c,"Night driving is more hazardous mainly because you cannot see as far or as clearly. Headlights limit how much of the road you can see, and glare and darkness make it harder to judge other vehicles’ distance and speed. This reduced visibility means you must drive more cautiously at night.",
2,Traffic Laws & Rules of the Road,"When facing a green light and pedestrians are in the intersection, what must you do?","a:Yield the right-of-way to pedestrians.,b:Proceed since you have the green.,c:Sound your horn and continue.,d:Speed up to clear the intersection first.",a,"A green light means you may go only if the intersection is clear and it is safe. Pedestrians already in the crosswalk have the right-of-way, even when you have a green signal. You must wait until they have safely crossed before you proceed.",
8,Special Situations & Road Users,"When passing a motorcycle, what must you ensure?","a:Have your vehicle fully in the left lane before and during the pass.,b:Blow your horn and pass closely.,c:Allow the motorcycle a full lane and do not crowd it.,d:Pass on the shoulder if the lane is narrow.",c,"Motorcycles are entitled to a full lane, just like any other vehicle. When passing, move completely into the passing lane, give the motorcycle plenty of space, and never crowd or share the lane with it. Only return to your lane after you can see the motorcycle clearly in your rearview mirror.",
3,"Signs, Signals & Road Markings",What does a flashing yellow traffic light at an intersection mean?,"a:Slow down and proceed with caution.,b:Come to a complete stop as quickly as possible.,c:Stop and proceed only when the intersection is clear.",a,"A flashing yellow light means you do not have to stop, but you must slow down, look carefully in all directions, and proceed only when it is safe. Treat it as a warning that cross traffic or pedestrians may be present.",
3,"Signs, Signals & Road Markings",What must you do when you approach an intersection with a flashing red light?,"a:Slow down and yield the right-of-way.,b:Slow down and drive carefully through the intersection.,c:Come to a complete stop, check traffic, and go when safe.",c,"A flashing red light is treated the same as a stop sign. You must come to a complete stop, check for cross traffic and pedestrians, yield the right-of-way as needed, and then proceed only when it is safe.",
2,Traffic Laws & Rules of the Road,"If pedestrians are illegally crossing mid-street, how should you respond?","a:You must stop for them.,b:You do not have to stop.,c:Honk and proceed.,d:Drive around them slowly.",a,"Drivers must always exercise due care to avoid hitting pedestrians, even if the pedestrians are crossing illegally. If people are in the roadway, you must slow or stop as needed so they can cross safely, rather than trying to force your way through.",
3,"Signs, Signals & Road Markings",What does a yellow left-turn arrow signal indicate?,"a:The protected left turn is about to end.,b:Yield to pedestrians only.,c:Stop and wait.,d:Left turns are prohibited.",a,"A yellow left-turn arrow warns that your protected left-turn phase is ending. You should be prepared to stop if you have not yet entered the intersection, and understand that you will soon need to yield to oncoming traffic and pedestrians when the signal changes.",
5,Driving in Special Conditions,"When in a work zone, what following distance practice should you follow?","a:Follow closely to the driver ahead.,b:Avoid tailgating and maintain a safe following distance.,c:Pass as soon as possible.,d:Ride the bumper to prevent merging.",b,"Work zones often have sudden stops, lane shifts, and workers or equipment near the roadway. You should avoid tailgating and leave extra space between you and the vehicle ahead so you have more time to react to unexpected changes.",difficult
8,Special Situations & Road Users,How must you yield the right-of-way to an emergency vehicle using siren and flashing lights?,"a:Stopping immediately, even if you are within an intersection.,b:Drive as closely to the right edge of the road as possible and stop.,c:Move into the right lane and drive slowly until it has passed.",b,"When an emergency vehicle approaches using siren and flashing lights, you must yield the right‑of‑way by moving as far to the right side of the road as you safely can and stopping. Do not stop in an intersection; instead, clear the intersection first, then pull to the right and stop. Remain stopped until the emergency vehicle has passed and it is safe to reenter traffic.",difficult
3,"Signs, Signals & Road Markings",What does a flashing red traffic light at an intersection require you to do?,"a:The same thing as a yield sign.,b:The light is about to turn green.,c:The same thing as a stop sign.",c,"A flashing red traffic light means you must come to a complete stop, just as you would at a stop sign. Stop at the stop line, crosswalk, or before entering the intersection, then look for other vehicles and pedestrians. Proceed only when the way is clear and it is safe to do so.",
3,"Signs, Signals & Road Markings",A broken yellow line beside a solid yellow line means what?,"a:Passing is permitted from the lane next to the broken line.,b:Passing is not permitted from either lane.,c:Passing is permitted only from the lane next to the solid line.,d:Both lanes may pass anytime.",a,A broken yellow line beside a solid yellow line separates traffic moving in opposite directions. Passing is allowed only from the side with the broken line and only when it is safe. Vehicles next to the solid yellow line may not cross it to pass.,
5,Driving in Special Conditions,"If you encounter a flooded roadway, what is the safest action?","a:Slam on the brakes.,b:Turn around and find another route.,c:Drive only in the center of the roadway.",b,"If you encounter a flooded roadway, do not try to drive through the water. Even shallow water can hide road damage or sweep a vehicle away. The safest choice is to turn around and use another route, even if it takes more time.",
7,Vehicle Ownership & Responsibilities,Is it legal to have open alcoholic containers in a vehicle on a highway?,"a:Legal if only passengers drink.,b:Illegal to possess or drink from open containers in a vehicle.,c:Legal if the driver is not drunk.,d:Legal when parked on the shoulder.",b,"Open container laws generally prohibit drivers and passengers from possessing or consuming alcohol from open containers in a vehicle being driven on a public road. In Maryland, it is illegal to have an open alcoholic beverage in the passenger area of a motor vehicle while it is on a highway, regardless of whether the driver is drinking.",
6,"Alcohol, Drugs & Impaired Driving",Which factor affects how alcohol is absorbed into the body?,"a:Weight,b:Height,c:Intelligence",a,"Body weight is one of the main factors that affects how quickly alcohol is absorbed and how strongly it affects you. People with lower body weight generally reach a higher blood alcohol concentration (BAC) from the same amount of alcohol than heavier people. Other factors include biological sex, how much and how quickly you drink, and whether you have food in your stomach.",
8,Special Situations & Road Users,Why avoid sudden stops in front of large trucks and buses?,"a:They require longer distances to stop than smaller vehicles.,b:Small vehicles cannot see trucks in rearview mirrors.,c:Large vehicles travel faster.,d:They can swerve more quickly.",a,"Large trucks and buses are much heavier than passenger cars and need a longer distance to stop, even with good brakes. If you stop suddenly in front of them, they may not be able to slow or stop in time to avoid a rear-end collision. Always leave extra space in front of large vehicles and avoid cutting in and braking hard.",
3,"Signs, Signals & Road Markings",What do yellow centerlines on the pavement indicate?,"a:All carpool lanes from regular traffic lanes.,b:Traffic lanes on one-way streets.,c:Traffic moving in opposite directions on two-way roads.",c,"Yellow centerlines separate traffic moving in opposite directions on two-way roads. A solid yellow line generally means no passing, while a broken yellow line means you may pass when it is safe and legal. White lines, not yellow, are used to separate lanes of traffic moving in the same direction, such as on one-way streets or carpool lanes.",
4,Safe & Defensive Driving Practices,"If a tire blows out while driving, what is the correct immediate response?","a:Apply the brake and hold it.,b:Hold the steering wheel firmly and use the brakes lightly.,c:Pull over quickly.",b,"If a tire blows out, grip the steering wheel firmly to keep control and steer straight. Do not slam on the brakes. Ease your foot off the accelerator, let the vehicle slow down gradually, and then brake gently if needed. Once you have the vehicle under control and your speed is reduced, move safely to the side of the road.",
6,"Alcohol, Drugs & Impaired Driving",What is the only thing that can lower blood alcohol concentration (BAC)?,"a:Drinking caffeine.,b:Eating foods high in fat.,c:Time.",c,"Only time lowers your blood alcohol concentration (BAC). Your body needs time to metabolize alcohol, and nothing—coffee, cold showers, exercise, or food—can speed this process up. You may feel more awake with caffeine or food, but you will still be impaired until enough time has passed for your BAC to drop.",
2,Traffic Laws & Rules of the Road,"When passing on a two-lane road, what should you be sure to do?","a:Flash your headlights as you pass.,b:Sound your horn as you pass.,c:Judge the distance and speed of any oncoming vehicles.",c,"On a two-lane road, only pass when you are sure there is enough clear distance ahead and that oncoming vehicles are far enough away and not approaching too fast. If you are unsure about the speed or distance of oncoming traffic, do not start to pass.",
3,"Signs, Signals & Road Markings","When you come to a flashing red traffic light, what must you do?","a:You are traveling in the wrong direction.,b:You may not proceed until it changes to green.,c:Treat the intersection as if there is a stop sign.",c,"A flashing red light means the same as a stop sign. You must come to a complete stop, yield to pedestrians and other vehicles in or approaching the intersection, and then proceed only when it is safe.",
4,Safe & Defensive Driving Practices,"If your vehicle's wheels have run off the pavement edge, what is the correct first action?","a:Turn the front wheels sharply to the left to get back on the pavement.,b:Hold the steering wheel firmly, release the gas, and gently apply the brakes.,c:Turn the front wheels slightly to the left to edge the car back onto the pavement.",b,"If your wheels drop off the pavement, keep a firm grip on the steering wheel, ease off the accelerator, and brake gently to slow down. Once the vehicle is under control and traffic allows, steer back onto the pavement gradually rather than jerking the wheel.",
4,Safe & Defensive Driving Practices,"If the rear of your vehicle skids to the left, what should you do?","a:Steer to the right.,b:Tap your brakes lightly and shift into neutral.,c:Steer to the left.",c,"In a rear-wheel skid, take your foot off the brake and accelerator and steer in the direction you want the front of the car to go. If the rear of the vehicle slides left, steer left to help straighten the vehicle and regain traction.",
5,Driving in Special Conditions,What should you do when roads are slippery after rain begins?,"a:Avoid fast turns and stops.,b:Decrease look-ahead distance.,c:Test tires' traction by accelerating uphill.,d:Increase speed to shorten travel time.",a,"When rain first begins, oil and dirt on the road make the surface very slippery. Slow down and avoid fast or sudden turns and stops so your tires can maintain traction and you reduce the chance of skidding.",
4,Safe & Defensive Driving Practices,When should you not use your horn?,"a:To warn someone you might hit.,b:Near blind pedestrians.,c:When visibility ahead is limited.,d:To alert drivers of a danger.",b,"Use your horn only to help prevent a collision or alert others to a real danger. You should not use your horn around blind pedestrians because they rely heavily on sound cues to orient themselves, and an unnecessary horn blast can be confusing or disorienting. Instead, slow down, yield, and proceed only when it is clearly safe.",difficult
6,"Alcohol, Drugs & Impaired Driving",What does 'implied consent' require of drivers in Maryland?,"a:You will submit to a physical examination before licensure.,b:You will submit to a field sobriety test to determine impairment.,c:You must submit to a requested chemical test to determine your BAC.",c,"Implied consent means that by driving on Maryland roads, you have already agreed to take a chemical test (such as a breath or blood test) if a law enforcement officer lawfully requests it to determine your blood alcohol concentration (BAC) or presence of drugs. Refusing this test can lead to license suspension and other penalties, even if you are not convicted of DUI.",difficult
6,"Alcohol, Drugs & Impaired Driving",A driver who has been drinking is more likely to have which impairment?,"a:Yield right-of-way to emergency vehicles.,b:Keep a three to four second following distance.,c:Slower reaction time.,d:Increased alertness.",c,"Alcohol affects the brain and nervous system, slowing your reaction time and making it harder to respond quickly to hazards. Even small amounts of alcohol can delay how fast you brake, steer, or make decisions, which greatly increases your risk of a crash.",difficult
8,Special Situations & Road Users,"When driving near a large commercial vehicle, what is a safe practice?","a:Follow the large vehicle closely to reduce wind drag on your vehicle.,b:Avoid driving beside it for long stretches of time.,c:Drive on its right side when on curves and hills.",b,"Large trucks and buses have big blind spots along both sides, especially on the right, as well as in front and behind. To stay safe, avoid driving beside them for long periods. Either drop back or pass promptly and safely so the truck driver can see you and you are not trapped in a blind spot.",
1,Licensing & Permit Requirements,What should you do to prepare yourself and your vehicle before driving?,"a:Adjust the seat to a reclining position.,b:Kick the tires.,c:Properly adjust your seat and mirrors.",c,"Before driving, you should adjust your seat so you can reach the pedals and controls comfortably and maintain good control of the vehicle, and adjust your mirrors to minimize blind spots and maximize visibility. Also make sure everyone is properly buckled and the vehicle is legally registered and in safe operating condition.",
7,Vehicle Ownership & Responsibilities,When should you wear a seat belt while in a vehicle?,"a:Only on long trips.,b:All the time.,c:Only on high-speed highways.,d:Only when driving at night.",b,"Seat belts should be worn every time you are in a moving vehicle. Laws generally require drivers and front-seat passengers to be belted, and many states, including Maryland, require all occupants under a certain age to be properly restrained in any seat. Wearing a seat belt at all times greatly reduces the risk of serious injury or death in a crash.",
8,Special Situations & Road Users,Why is it dangerous to follow a motorcycle too closely?,"a:Motorcycles do not follow traffic rules.,b:They can stop much quicker than cars.,c:They brake more slowly than cars.,d:They are heavier than cars.",b,"Motorcycles are lighter and can often stop more quickly than cars. If you follow too closely, you may not have enough time or space to react if the motorcyclist brakes suddenly or swerves to avoid a hazard. Always leave extra following distance behind motorcycles to reduce the risk of a rear-end collision.",
2,Traffic Laws & Rules of the Road,"On a short entrance ramp with no acceleration lane, what should you do before merging onto the interstate?","a:Immediately enter the far-right traffic lane on the interstate and then speed up to match traffic.,b:Use the shoulder of the main road to get up to the speed of traffic.,c:Speed up on the ramp and enter the interstate only after you have identified a safe gap in traffic.",c,"On a short entrance ramp without an acceleration lane, you must judge traffic carefully and wait for a safe gap before merging. Signal early, look for a suitable opening, and then accelerate firmly on the ramp so that you are close to the speed of traffic as you merge. Never use the shoulder as a makeshift acceleration lane, and do not force your way into traffic without a safe gap.",
2,Traffic Laws & Rules of the Road,"When passing another vehicle, you should move back into your original lane when:","a:You are 50 feet in front of the passed vehicle.,b:You can see both headlights of the passed vehicle in your rearview mirror.,c:You have cleared the front bumper of the passed vehicle.,d:The other driver signals you to move back into the lane.",b,"After passing, you should not move back into your original lane until you can see both headlights of the vehicle you passed in your rearview mirror. This indicates you have enough space ahead of that vehicle to return without cutting them off or forcing them to brake suddenly.",difficult
4,Safe & Defensive Driving Practices,At what speed should you travel under varying conditions?,"a:At the speed of vehicles surrounding you.,b:At the speed limit.,c:At a speed appropriate for road and weather conditions.",c,"You must always adjust your speed to match road, weather, and traffic conditions, even if that means driving below the posted speed limit. In rain, fog, heavy traffic, or poor visibility, a slower speed may be necessary to maintain control and stop safely, but you must never exceed the posted limit.",
6,"Alcohol, Drugs & Impaired Driving",Which of these substances can impair your ability to drive?,"a:Tranquilizers, marijuana, and sedatives.,b:Cough syrups and cold tablets containing codeine or antihistamines.,c:All of the above.",c,"Many substances can impair driving, including prescription drugs, over‑the‑counter medicines, and illegal drugs. Tranquilizers, marijuana, sedatives, and some cough or cold medicines with codeine or antihistamines can cause drowsiness, slow reaction time, and affect judgment. Because all of the listed options can impair driving, the correct choice is that all of the above can affect your ability to drive safely.",
5,Driving in Special Conditions,What should you do when driving on a slippery surface such as snow or ice?,"a:Increase your following distance and avoid sudden braking or acceleration.,b:Pump your brakes rapidly to stop as quickly as possible.,c:Shift to a low gear before descending steep hills and brake gently.",a,"On snow or ice, you should increase your following distance and avoid sudden braking or acceleration. Driving smoothly gives your tires the best chance of maintaining traction. Pumping the brakes rapidly is not recommended, especially in vehicles with ABS, and while shifting to a lower gear on steep hills can help, the most important general practice on any slippery surface is to leave extra space and avoid sudden inputs.",
2,Traffic Laws & Rules of the Road,"To safely enter a gap in highway traffic, what is the correct procedure?","a:Watch only the vehicles behind the gap.,b:Check behind you, then watch the vehicle ahead and the gap.,c:Speed up and let other vehicles make way.",b,"To merge safely into highway traffic, you must be aware of vehicles behind and beside you as well as the traffic in the lane you are entering. Check behind you and your blind spots, then focus on the traffic in front and the size of the gap so you can adjust your speed to match the flow and enter smoothly. Never rely on other drivers to move out of your way by speeding up aggressively.",
8,Special Situations & Road Users,When must you obey a school crossing guard's directions?,"a:At all times.,b:Only during school hours.,c:Only when children are present.",a,"A school crossing guard has legal authority to direct traffic, similar to a traffic control device. You must obey the guard’s instructions whenever they are giving directions, regardless of the time of day or whether you see children present. Ignoring a crossing guard’s signal is both unsafe and against the law.",
3,"Signs, Signals & Road Markings",What do double yellow centerline markings indicate about passing?,"a:Allowed from both directions.,b:Allowed only from your direction.,c:Not allowed from either direction.",c,"A solid double yellow centerline means traffic in both directions is separated and passing across the lines is not allowed for either direction. You may cross these lines only when making a permitted left turn or when instructed by law enforcement, but you may not use the opposing lane to pass another vehicle.",
3,"Signs, Signals & Road Markings",What does a solid yellow arrow on a traffic signal indicate?,"a:You should speed up so you can make the turn before the light changes.,b:You do not need to signal to turn from the indicated lane.,c:You should prepare to stop and yield the right-of-way to oncoming traffic.",c,A solid yellow arrow means the protected turning phase is ending. You should prepare to stop if it is safe to do so and be ready to yield to oncoming traffic and pedestrians before turning. Do not speed up to beat the light.,
2,Traffic Laws & Rules of the Road,"When preparing to exit the interstate, when should you start slowing?","a:Immediately upon entering the deceleration lane.,b:About halfway through the deceleration lane.,c:As you approach the deceleration lane.,d:Before you see the exit sign.",a,"On interstates, you should maintain highway speed until you reach the deceleration lane. Once you enter the deceleration lane, begin slowing to the posted exit or ramp advisory speed. Slowing early on the main travel lanes can surprise drivers behind you and increase the risk of a rear-end collision.",
4,Safe & Defensive Driving Practices,What is the purpose of rumble strips along the roadway?,"a:Alert inattentive drivers through vibration and sound.,b:Test a vehicle's shock absorbers.,c:Warn drivers of tire problems.,d:Provide decorative road texture.",a,"Rumble strips are raised or grooved patterns on the roadway that cause vibration and noise when driven over. They are designed to alert inattentive or drowsy drivers that they are drifting out of their lane or approaching a hazard, such as an intersection, toll plaza, or work zone.",difficult
7,Vehicle Ownership & Responsibilities,"If your car's suspension is worn, what problem can result?","a:Vehicle control problems.,b:Squealing brakes.,c:Slack in the steering.",a,"A worn suspension system can reduce your ability to control the vehicle, especially when turning, braking, or driving over bumps. This can lead to swaying, bouncing, and longer stopping distances, all of which increase the risk of losing control.",
2,Traffic Laws & Rules of the Road,"Before entering an intersection, in what order should you scan for traffic?","a:Look to your right.,b:Look to your left.,c:Look left, then right, then left again.",c,"Before entering an intersection, scan left, then right, then left again. Traffic from the left is usually closer and reaches you first, so you double-check that direction. Also check straight ahead for vehicles, pedestrians, and any hazards before proceeding.",
4,Safe & Defensive Driving Practices,Which driving behavior most blocks the smooth flow of traffic?,"a:Slowing down to look at a collision scene.,b:Avoiding unnecessary lane changes.,c:Using public transportation instead of your vehicle.",a,"Slowing down just to look at a crash or incident, called rubbernecking, suddenly disrupts traffic speed and attention. This creates shock waves of braking behind you, increases congestion, and raises the risk of rear-end collisions. Choosing steady, predictable driving and avoiding distractions helps traffic flow smoothly.",
4,Safe & Defensive Driving Practices,When is it appropriate to sound your horn?,"a:Another driver makes a mistake.,b:Another vehicle is in your way.,c:When it may help prevent a collision.",c,"The horn is a safety device used to warn others of a possible collision, such as when someone is about to move into your lane or doesn’t see you. It should not be used to show anger or just because someone inconvenienced you. Use it briefly and only when it can help prevent a crash.",
5,Driving in Special Conditions,"In heavy fog, what is the correct approach to driving?","a:Turn on high beam headlights.,b:Increase your speed so you clear the fog quickly.,c:Slow down and use low beam headlights.",c,"In fog, high beams reflect off the water droplets and make it harder to see. You should slow down, turn on low beam headlights (and fog lights if equipped), and increase following distance. If visibility is so poor that you cannot safely continue, pull completely off the roadway and wait until conditions improve.",
3,"Signs, Signals & Road Markings",What does a curb painted red indicate?,"a:A loading zone.,b:Reserved for picking up or dropping off passengers.,c:No parking, standing, or stopping.",c,"A red curb means you may not stop, stand, or park there for any reason, not even to quickly drop off or pick up passengers. This keeps certain areas clear for safety, such as near fire hydrants, intersections, or other critical zones.",
8,Special Situations & Road Users,When must you yield to a pedestrian using a white cane or guide dog?,"a:Only when a crossing guard is present.,b:Only when the guide dog is leading the person across the street.,c:At all times.",c,Pedestrians using a white cane or guide dog must be given the right-of-way at all times.,
5,Driving in Special Conditions,"If you encounter a deep puddle ahead, what is the best action?","a:Shift into neutral as you drive through the water.,b:Avoid the puddle if possible.,c:Maintain the posted speed to make it through the water.",b,"Avoid driving through deep puddles whenever you can. Water can cause you to hydroplane, hide potholes or debris, and damage brakes or the engine. If you cannot avoid the water, slow down before entering and drive through at a low, steady speed.",
5,Driving in Special Conditions,When during rainy weather should you be most cautious about turning or stopping?,"a:One half hour after it stops raining.,b:After it has been raining all day.,c:During the first half hour of rain.",c,"During the first part of a rainstorm, oil and other residues on the road mix with the water and make the surface especially slick. This reduces traction, so you must be extra cautious when turning or stopping during the first 20–30 minutes of rain.",
2,Traffic Laws & Rules of the Road,What is your obligation to pedestrians at a crosswalk?,"a:You must yield to pedestrians.,b:Pedestrians must yield to vehicles.,c:Construction workers must yield to you.,d:Pedestrians only yield when lights are present.",a,"Drivers must yield to pedestrians in crosswalks, whether they are marked or unmarked, and must stop when necessary to let them cross safely. Always approach crosswalks at a speed that allows you to stop if a pedestrian is present or about to enter.",
5,Driving in Special Conditions,"If you see orange construction signs and cones on a freeway, what should you expect?","a:Slow down because the lane ends ahead.,b:Change lanes and maintain your current speed.,c:Be prepared for workers and equipment ahead.",c,"Orange construction signs and cones mean you are entering a work zone. Expect workers, equipment, lane shifts, or closures ahead. Slow down, follow posted work-zone speed limits, and be prepared to stop or change lanes as directed.",
8,Special Situations & Road Users,Which statement about railroad crossings is correct?,"a:You have the right-of-way at a railroad crossing and do not need to stop.,b:You must stop at a railroad crossing when directed to do so by a flagger or stop sign.,c:You should put on your cruise control near a railroad crossing to maintain a constant speed.",b,"At railroad crossings, you must stop when a flagger, stop sign, or active warning device tells you to, and any time a train is approaching. Never assume you have the right-of-way over a train; always slow, look, and listen before crossing the tracks.",difficult
5,Driving in Special Conditions,What should you do to avoid losing traction on wet roads?,"a:Make abrupt turns.,b:Apply the brakes firmly.,c:Slow down.",c,"On wet roads, tires have less grip and can hydroplane, especially at higher speeds. Slowing down reduces the water buildup under your tires, helping them maintain contact with the road so you can steer and brake more safely.",
8,Special Situations & Road Users,How should you behave when approaching a pedestrian using a white cane or guide dog?,"a:Carefully drive around them.,b:Honk as a warning and proceed.,c:Stop until the person is clear of your path.,d:Pass closely at low speed.",c,"A white cane or guide dog indicates a blind or visually impaired pedestrian. You must stop and yield the right-of-way, allowing them to completely clear your lane and any nearby lanes they may enter before you proceed.",
3,"Signs, Signals & Road Markings","On a roadway marked with a single broken white centerline, what is permitted?","a:You must stay within your lane.,b:You may cross the centerline to change lanes.,c:You may change lanes only from the left lane.",b,"A single broken white line separates lanes of traffic moving in the same direction. You may cross it to change lanes when it is safe, after checking mirrors and blind spots and signaling your intention.",
2,Traffic Laws & Rules of the Road,"If a police officer signals you to stop while the traffic signal is green, what should you do?","a:Do what the vehicle in front of you does.,b:Obey the traffic signal.,c:Obey the officer.",c,"A police officer’s directions override traffic signals and signs. If an officer signals you to stop, you must stop even if the traffic light is green, and follow the officer’s instructions until they release you.",
2,Traffic Laws & Rules of the Road,Which of these is unsafe behavior on an interstate?,"a:Slower traffic keeping to the right.,b:Changing lanes without signaling.,c:If you miss your exit, proceed to the next exit.",b,"On interstates, it is unsafe and illegal in most places to change lanes without signaling because other drivers cannot anticipate your movement. You should signal every lane change, keep slower traffic to the right, and if you miss an exit, continue to the next one rather than making sudden or unsafe maneuvers.",
5,Driving in Special Conditions,At what speeds can a car begin to hydroplane on standing water?,"a:40 miles per hour.,b:35 miles per hour.,c:45 miles per hour.",b,"Hydroplaning can start at relatively low highway speeds when there is enough standing water and your tires cannot push the water away. Around 35 mph, especially with worn tires or deeper water, your tires can begin to ride up on a thin film of water and lose contact with the road, greatly reducing steering and braking control.",difficult
6,"Alcohol, Drugs & Impaired Driving",Which driving skills are affected by alcohol and/or drugs?,"a:Alertness.,b:Coordination.,c:Both of the above.",c,"Alcohol and many drugs slow your brain and body, which reduces alertness, coordination, reaction time, and judgment. Because both alertness and coordination are affected, your overall ability to notice hazards, steer smoothly, and react in time is seriously reduced, making driving unsafe even at low levels of impairment.",
3,"Signs, Signals & Road Markings",What does a red arrow pointing right on a traffic signal mean?,"a:Turn in that direction after slowing and checking for traffic.,b:Not turn in that direction until the light turns green.,c:Turn in that direction after you come to a complete stop.",b,"A steady red arrow means you must stop and you are not allowed to turn in the direction of the arrow. You must wait until a green arrow or green light appears before making the turn, and then proceed only when it is safe and legal to do so.",
2,Traffic Laws & Rules of the Road,What should you never do when changing lanes?,"a:Check blind spots by looking over your shoulder.,b:Change lanes or pass in an intersection.,c:Check for other drivers moving into the same lane.,d:Signal your intent.",b,"You should not change lanes or pass another vehicle within an intersection because traffic is crossing and paths are more complex, increasing the risk of a collision. When changing lanes, you should always signal, check your mirrors, and look over your shoulder to check blind spots before moving into the new lane.",difficult
3,"Signs, Signals & Road Markings",What do double solid yellow lane markings indicate?,"a:Neither lane may pass.,b:Both lanes may pass.,c:The lane to the right may pass.",a,Double solid yellow lines between lanes of traffic moving in opposite directions mean that passing is not allowed for vehicles in either direction. You must stay in your lane and may only cross these lines when making a permitted left turn or when directed by traffic control or emergency personnel.,
2,Traffic Laws & Rules of the Road,What is the best way to change lanes?,"a:Quickly and often.,b:When a car is in your blind spot.,c:Gradually and carefully.",c,"The safest way to change lanes is to do it gradually and carefully. Check your mirrors, look over your shoulder to clear your blind spot, signal in advance, and only move when there is a safe gap. Sudden or frequent lane changes increase the risk of a collision.",
5,Driving in Special Conditions,"If an oncoming vehicle's bright headlights affect your vision at night, what should you do?","a:Stop until the other driver passes.,b:Look below their headlights.,c:Glance toward the right edge of your lane.",c,"When oncoming high beams affect your vision, do not look directly at the lights. Instead, briefly glance toward the right edge of your lane or the right side of the road to use it as a guide, while using your peripheral vision to track the other vehicle until it passes.",
2,Traffic Laws & Rules of the Road,What approach should a driver take regarding right-of-way rules?,"a:Assume all drivers obey right-of-way rules.,b:Assume most drivers obey right-of-way rules.,c:Always be prepared to yield the right-of-way to avoid collisions.",c,"Right-of-way rules say who should go first, but they do not guarantee that others will follow them. You should always be prepared to yield your legal right-of-way if it will help avoid a collision, even when you technically have the right to proceed.",
2,Traffic Laws & Rules of the Road,When is it legal to turn left on a red light?,"a:When traveling on a one-way street turning onto another one-way street after stopping.,b:When on a two-way turning onto a two-way after stopping.,c:Whenever traffic is light.,d:Never under any circumstances.",a,"In many U.S. states, after coming to a complete stop and yielding to traffic and pedestrians, you may turn left on red only when turning from a one-way street onto another one-way street, unless a sign prohibits it. You may not turn left on red from a two-way street onto a two-way street.",difficult
5,Driving in Special Conditions,"If your car begins to skid, how should you react?","a:Pump the brakes.,b:Stay off the brakes and steer to regain control.,c:Apply maximum braking force.,d:Turn off the engine immediately.",b,"If your car begins to skid, stay off the brakes and off the accelerator. Look and steer in the direction you want the front of the vehicle to go, making smooth steering corrections until you regain traction. Hard braking or sudden inputs can make the skid worse.",
2,Traffic Laws & Rules of the Road,Who must drivers turning left yield to?,"a:Oncoming cars.,b:Overtaking cars.,c:No one.",a,Drivers turning left must yield to oncoming traffic and pedestrians until it is safe to turn.,
5,Driving in Special Conditions,"When driving on a dimly lit street at night, how should you drive?","a:Slow enough to stop within the area illuminated by your headlights.,b:Turn on your high beam headlights to better see ahead.,c:Keep the instrument panel lights bright to be more visible to other drivers.",a,Drive at a speed that allows you to stop within the distance lit by your headlights so you can avoid hazards in time.,
4,Safe & Defensive Driving Practices,How should you follow a large truck on the freeway?,"a:No more than one car length behind.,b:Farther behind than when following a passenger car.,c:Closely behind in bad weather.,d:Directly beside the truck.",b,Give extra following distance behind large trucks because they have larger blind spots and require more stopping distance.,
2,Traffic Laws & Rules of the Road,"When preparing to turn left at an upcoming corner, to whom must you yield the right-of-way?","a:Only to oncoming vehicles also turning left.,b:To oncoming vehicles and pedestrians in the crosswalk.,c:To pedestrians who are crossing or have the Walk signal.",b,"When you turn left, you must yield to oncoming vehicles that are close enough to be a hazard and to pedestrians in the crosswalk. Oncoming traffic has the right‑of‑way unless they are controlled by a signal giving you a protected left turn. Never start your turn until you are sure all oncoming vehicles and pedestrians you might conflict with have cleared or are far enough away.",
2,Traffic Laws & Rules of the Road,May you drive off the paved roadway to pass another vehicle?,"a:If the vehicle ahead is turning left.,b:Under no circumstances.,c:If there are two or more lanes in your direction.,d:If the shoulder is paved and wide.",b,You may not drive off the paved or main-traveled portion of the road (onto the shoulder) to pass another vehicle.,
4,Safe & Defensive Driving Practices,How do defensive drivers think about others on the road?,"a:They know other drivers will do the right thing.,b:They consider what other drivers might do and are prepared to react.,c:They expect no breaks and give none.",b,"Defensive drivers do not assume others will always follow the rules. Instead, they constantly think about what other drivers might do—especially mistakes—and stay ready to slow, stop, or change lanes safely. This mindset helps prevent crashes caused by someone else’s unexpected actions.",
3,"Signs, Signals & Road Markings",What are blind spots?,"a:Areas around your vehicle that cannot be seen in your mirrors and require a head check.,b:Spots in your vision when tired.,c:Traffic control devices.,d:The rearview mirror view.",a,"Blind spots are areas around your vehicle that you cannot see using your mirrors alone. They are typically along the sides and slightly to the rear of your vehicle. Because vehicles, motorcycles, or bicycles can hide in these areas, you must briefly turn your head to check over your shoulder before changing lanes or merging.",
3,"Signs, Signals & Road Markings",What color are traffic control devices in construction and maintenance areas?,"a:Yellow.,b:Red.,c:Orange.,d:Green.",c,"In work zones, traffic control devices such as signs, cones, drums, and barriers are typically orange. Orange warns drivers that there are construction or maintenance activities ahead and that they should slow down, stay alert, and be prepared for lane shifts or workers on or near the roadway.",difficult
2,Traffic Laws & Rules of the Road,"When parallel parking downhill, how should you position your wheels?","a:Turn your wheels sharply toward the side of the road.,b:Keep your wheels straight.,c:Turn your wheels away from the side of the road.",a,"When parking facing downhill, you should turn your front wheels toward the curb or roadside. If the vehicle starts to roll, it will move into the curb or edge of the road instead of into traffic. Always set the parking brake as well.",
4,Safe & Defensive Driving Practices,What can tailgating other drivers cause?,"a:Reduce collisions.,b:Frustrate other drivers and increase danger.,c:Prevent passing.,d:Improve traffic flow.",b,"Tailgating means following another vehicle too closely. It reduces your time to react if the driver ahead brakes or swerves and often makes other drivers nervous or angry, which can lead to sudden or unsafe maneuvers. Keeping a safe following distance lowers the risk of rear-end collisions.",
2,Traffic Laws & Rules of the Road,"If you drive markedly slower than surrounding traffic, what is likely to happen?","a:Interfere with traffic and receive a ticket.,b:Demonstrate defensive driving techniques.,c:Improve traffic flow.",a,"Driving much slower than the normal flow of traffic can be just as dangerous as speeding. Other drivers may need to brake or change lanes suddenly to get around you, which increases the risk of crashes. If you are impeding the normal, safe flow of traffic without a good reason, you can be cited for obstructing traffic.",
7,Vehicle Ownership & Responsibilities,"Before driving, how much of the vehicle's windows should you clear of snow, frost, and ice?","a:Just the windshield.,b:All windows.,c:Just the windshield and passenger window.",b,"Before driving, you should clear snow, frost, and ice from all windows and mirrors so you have a full, unobstructed view in every direction. Limited visibility makes it harder to see other vehicles, pedestrians, and hazards, and in many states it is illegal to drive with windows that are not properly cleared.",
5,Driving in Special Conditions,"When weather or reduced visibility requires headlights, which should you use?","a:Use your parking lights.,b:Use your high beams.,c:Use your low beams.",c,"In rain, fog, snow, or other low-visibility conditions, you should use your low beam headlights. Low beams help you see the road and help others see you without causing glare. High beams can reflect off fog, rain, or snow and actually make it harder to see, and parking lights alone are not sufficient for driving.",
4,Safe & Defensive Driving Practices,"As you approach the top of a hill, how should you drive?","a:Maintain a steady speed.,b:Prepare to stop if necessary.,c:Speed up slightly.,d:Move into the left lane.",b,"As you approach the top of a hill, you cannot see what is on the other side, so you must be ready to stop if needed. Reduce speed and stay in your lane so you can react safely to stalled vehicles, slow traffic, pedestrians, or other hazards that may be just beyond the crest.",
3,"Signs, Signals & Road Markings",What is the typical color and shape of construction zone signs?,"a:Diamond-shaped or rectangular with orange and black coloring.,b:Round or octagonal with black and yellow coloring.,c:Square or rectangular with white and red coloring.",a,"Construction and work-zone signs are usually orange with black symbols or lettering and are often diamond-shaped, though some may be rectangular. The orange color warns drivers of temporary conditions such as road work, lane shifts, or workers and equipment near the roadway.",
4,Safe & Defensive Driving Practices,Why should you look farther ahead on a freeway than on a city street?,"a:To see potential hazards earlier.,b:Because it takes a quarter-mile to stop.,c:Because it helps you keep up with traffic.",a,"On freeways you travel at higher speeds, so situations develop and change more quickly. Looking farther ahead gives you more time to see slowing traffic, lane changes, and hazards early so you can react smoothly instead of braking or swerving at the last second.",
6,"Alcohol, Drugs & Impaired Driving",Which statement is true about drugs and driving?,"a:Only illegal drugs can impair your driving.,b:Even over-the-counter drugs can impair your driving.,c:Any prescription drug is safe to use if you don't feel drowsy.",b,"Many drugs can affect your driving, including prescription and over‑the‑counter medicines such as cold or allergy pills. They can cause drowsiness, blurred vision, or slower reactions. Always read labels and follow medical advice; do not drive if a medication can affect your alertness or coordination.",
8,Special Situations & Road Users,To whom must you give the right-of-way when they are crossing the street?,"a:Only if they are in a marked crosswalk.,b:Only pedestrians near traffic lights.,c:Pedestrians in any marked or unmarked crosswalk at an intersection, and you should be prepared to yield to pedestrians crossing any street when necessary for safety.",c,"Drivers must yield the right‑of‑way to pedestrians in marked and unmarked crosswalks at intersections. An unmarked crosswalk exists at most intersections, even if there are no painted lines. You should also be prepared to yield to pedestrians crossing the street anywhere, especially if they are already in the roadway or may be in danger.",
2,Traffic Laws & Rules of the Road,"After passing another vehicle, when is it safe to return to your lane?","a:When the other driver signals you to return.,b:When you see the passed vehicle's headlights in your rearview mirror.,c:After three seconds of signaling.,d:When you pass the other vehicle's front bumper.",b,"When you pass, you must not move back too soon or you may cut off the other driver. It is generally safe to return to your lane when you can see the front of the passed vehicle (its headlights in the dark) in your inside rearview mirror, which shows you have enough space ahead of it.",
8,Special Situations & Road Users,"When bicycles are ridden on roadways, they are legally considered what?","a:Hazards.,b:Dangerous.,c:Vehicles.",c,"When bicycles are ridden on the roadway, they are legally considered vehicles. Bicyclists must obey traffic signs, signals, and lane markings, and motorists must treat them like any other vehicle by yielding when required and giving them enough space.",
2,Traffic Laws & Rules of the Road,"When two vehicles arrive at a four-way stop at the same time and the other vehicle is on your left, who has the right-of-way?","a:The driver on your left has the right-of-way.,b:You have the right-of-way.,c:Whoever is signaling to make a turn has the right-of-way.",b,"At a four-way stop, if two vehicles arrive at the same time, the driver on the right has the right-of-way. If the other vehicle is on your left, that means you are on their right, so you may proceed first after stopping and ensuring it is safe.",
8,Special Situations & Road Users,"At a railroad crossing, which precautions should you take?","a:Watch for multiple trains.,b:Watch for vehicles that must stop at all railroad crossings (school buses, trucks with hazardous materials).,c:Both of the above.",c,"When approaching a railroad crossing, you must look and listen for trains in both directions and be prepared to stop. You should also watch for vehicles such as school buses and trucks carrying hazardous materials, because they are required to stop at all railroad crossings.",
4,Safe & Defensive Driving Practices,Which describes defensive driving behavior?,"a:Putting one car length between you and the car ahead.,b:Looking only at the car directly in front of you.,c:Keeping your eyes moving to scan for possible hazards.",c,"Defensive driving means constantly scanning the road ahead, to the sides, and behind you so you can spot hazards early and react in time. Keeping your eyes moving and checking mirrors regularly is safer than focusing only on the car directly in front of you.",
8,Special Situations & Road Users,What defines a crosswalk?,"a:An area where pedestrians may cross the roadway.,b:Another name for a four-way intersection.,c:An area designated for road construction workers.,d:Only marked white lines between sidewalks.",a,"A crosswalk is the part of the roadway set aside for pedestrian crossing. It may be marked with painted lines or unmarked at an intersection, but in both cases pedestrians have specific right-of-way protections when crossing there.",
2,Traffic Laws & Rules of the Road,"If another vehicle passes you in a no-passing zone, how should you react?","a:Pull off the road.,b:Maintain your speed and position.,c:Slow down and let the other driver safely return to the drive lane.",c,"If another driver passes you in a no-passing zone, do not speed up or try to block them. Instead, slow slightly if needed and create space so the passing vehicle can return to the lane safely, reducing the risk of a head-on collision.",
2,Traffic Laws & Rules of the Road,"If you are driving in the center lane of an expressway and are continually passed on both sides, what should you do?","a:Stay in the center lane.,b:Move to the lane on your right.,c:Move to the lane on your left.",b,"On multi-lane expressways, the right lane is for slower traffic, the left lane is generally for passing, and the center lane is for through traffic moving at the normal speed of traffic. If you are in the center lane and vehicles are passing you on both sides, you are going slower than the flow. You should move safely to the right lane so faster traffic can pass on your left.",
4,Safe & Defensive Driving Practices,Why is using a cell phone while driving considered a distraction?,"a:It occupies the driver's hands, eyes, and mind.,b:It draws attention of other drivers.,c:It costs money.,d:It improves communication while driving.",a,"Cell phone use is dangerous because it creates manual, visual, and cognitive distraction. Your hands may leave the wheel, your eyes may leave the road to look at the phone, and your mind focuses on the conversation or screen instead of driving. This combination greatly increases the risk of a crash.",
4,Safe & Defensive Driving Practices,Which of the following is the correct way to operate the accelerator and brake pedals?,"a:Use your left foot to brake.,b:Use your right foot for both braking and accelerating your vehicle.,c:You should always brake abruptly to ensure stopping.",b,"In normal passenger vehicles with automatic transmissions, you should use your right foot for both the accelerator and the brake. This helps prevent pressing both pedals at once and gives you consistent control. Apply the brakes smoothly and gradually, increasing pressure as needed for a controlled stop rather than braking abruptly.",
2,Traffic Laws & Rules of the Road,"When passing another vehicle traveling in the same direction, how should you pass?","a:Drive at the same speed as the vehicle you are passing.,b:Pass the vehicle as slowly as possible.,c:Pass as safely and as quickly as possible.",c,"When passing another vehicle, you should move into the passing lane, accelerate to pass safely, and complete the pass promptly without exceeding the speed limit. Lingering beside another vehicle creates blind-spot and collision risks. Return to your lane only when you can see the vehicle you passed in your rearview mirror and there is a safe following distance.",
3,"Signs, Signals & Road Markings",Signs with orange backgrounds are used to indicate what?,"a:Regulatory signs.,b:Construction and maintenance warning signs.,c:General warning signs.",b,"Orange background signs are used for temporary traffic control in construction and maintenance areas. They warn drivers about road work, lane shifts, reduced speeds, and workers or equipment on or near the roadway so drivers can slow down and proceed with extra caution.",
5,Driving in Special Conditions,When should you use your high-beam headlights while driving at night?,"a:When there are no oncoming vehicles approaching.,b:When you are following another vehicle in heavy traffic.,c:When you are within a one-block distance of an oncoming vehicle.",a,"Use high beams on dark, open roads when there are no oncoming vehicles and you are not close behind another vehicle. High beams help you see farther ahead, but they can blind other drivers. Dim to low beams at least about 500 feet before meeting oncoming traffic and when you are within a few hundred feet of a vehicle you are following.",difficult
6,"Alcohol, Drugs & Impaired Driving","When taking any medication, what should you do regarding driving?","a:Keep your window open and drive more slowly.,b:Have someone follow you home.,c:Consult your doctor or pharmacist about effects before driving.",c,"Many prescription and over‑the‑counter medicines can make you drowsy, slow your reactions, or affect your judgment. Always check with your doctor or pharmacist about how a medication may affect your ability to drive before you get behind the wheel.",
2,Traffic Laws & Rules of the Road,"If there is no crosswalk and a pedestrian crosses your lane, what should you do?","a:Cautiously drive around them.,b:Make sure the pedestrian sees you then proceed.,c:Stop and let the pedestrian finish crossing.,d:Honk and continue.",c,Drivers must yield to pedestrians in the roadway even where no marked crosswalk exists; stop and allow them to cross.,
6,"Alcohol, Drugs & Impaired Driving",What is the crash risk effect of a BAC of 0.02 percent?,"a:It won't affect your driving.,b:It won't put other drivers at risk.,c:It will nearly double your chances of having an accident.",c,"Any amount of alcohol in your system can affect driving. Even at a BAC of about 0.02%, your judgment, visual functions, and ability to perform two tasks at once can be impaired, which increases your crash risk compared with sober driving. There is no safe BAC for driving; the only truly safe choice is not to drive after drinking.",difficult
4,Safe & Defensive Driving Practices,"When passing a line of parked cars, what should you be prepared for?","a:Be prepared for a person or vehicle to unexpectedly enter your lane.,b:Expect all other drivers and pedestrians to respect your right-of-way.,c:Drive closely to the parked vehicles to allow more room for moving traffic.",a,"When driving past parked cars, be ready for doors to open, people to step out from between vehicles, or a car to pull out suddenly. Slow down, leave extra space from the parked cars, and be prepared to stop.",
2,Traffic Laws & Rules of the Road,Under which condition may you pass another vehicle?,"a:You are on a hill or curve.,b:You are on a road with a solid line next to your lane.,c:You are on a road with a broken line next to your lane.",c,A broken line next to your lane means you may pass if it is safe and legal to do so. A solid line next to your lane or limited visibility on hills and curves means passing is prohibited because you cannot clearly see oncoming traffic.,
6,"Alcohol, Drugs & Impaired Driving",What action will cause the MVA to suspend a driver's license related to testing?,"a:Refusing to submit to a BAC or drug test.,b:Submitting to a breath test.,c:Using a fake ID to buy alcohol.,d:Failing a field sobriety test only.",a,"Under implied consent laws, by driving you agree to take a chemical test (breath, blood, or urine) if lawfully requested. Refusing this test results in an automatic license suspension by the motor vehicle agency, even if you are never convicted of DUI.",
7,Vehicle Ownership & Responsibilities,"If your vehicle has a two-part safety belt system, how should you wear it?","a:Only the lap belt.,b:Both the lap and shoulder belts.,c:Only the shoulder belt.,d:None if airbags are present.",b,"In a two-part belt system, always wear both the lap and shoulder belts. The lap belt should be low and snug across the hips, and the shoulder belt should cross the chest and shoulder, not the neck or under the arm. Using only one part greatly reduces protection in a crash.",
4,Safe & Defensive Driving Practices,"If your vehicle begins to skid, what should you do about the brakes?","a:Brake abruptly.,b:Stay off the brakes.,c:Brake lightly.",c,"If your vehicle begins to skid, ease off the accelerator and steer in the direction you want the front of the vehicle to go. If you need to use the brakes and your vehicle does not have ABS, brake gently to avoid locking the wheels. With ABS, apply firm, steady pressure and let the system pump for you. Abrupt braking usually makes a skid worse.",
3,"Signs, Signals & Road Markings","As you approach an intersection with a flashing yellow light, what should you do?","a:Stop before crossing the intersection.,b:Slow down and proceed with caution.,c:Wait for a green light before proceeding.",b,"A flashing yellow light warns you to slow down and proceed through the intersection with caution. You do not have to stop, but you must be prepared to yield to pedestrians and cross traffic that has the right-of-way.",
5,Driving in Special Conditions,When are large trucks likely to lose speed?,"a:Driving up long or steep hills.,b:Driving down long, gradual hills.,c:Driving in long gradual curves.,d:Driving on level surfaces.",a,"Large trucks are heavy and their engines must work harder when climbing long or steep hills. As the grade gets steeper, they often cannot maintain speed like smaller vehicles, so they slow down. You should anticipate this, avoid tailgating, and give trucks extra space when approaching or following them uphill.",
2,Traffic Laws & Rules of the Road,"If a traffic signal is not working, what should you do at the intersection?","a:If the intersection is clear, you may not need to stop.,b:Come to a full stop and yield the right-of-way before entering the intersection.,c:Drive quickly through the intersection to get out of the way of other vehicles.",b,"When a traffic signal is completely out, the intersection must be treated as an all-way stop. You must come to a complete stop, then proceed only when it is safe, yielding to vehicles that arrived first, to vehicles on your right if you arrive at the same time, and to pedestrians in the crosswalk.",difficult
4,Safe & Defensive Driving Practices,Why should you look far ahead while driving on the highway?,"a:Helps you keep up with traffic.,b:Reduces the need for last-minute braking or turning.,c:Allows you to spot upcoming police officers.",b,"Looking far ahead on the highway lets you see problems early, such as slowing traffic, lane closures, or debris. This extra time to react means you can brake or change lanes smoothly instead of making sudden, last‑second moves that can cause crashes or surprise drivers behind you.",
7,Vehicle Ownership & Responsibilities,"When parking uphill on a two-way road with no curb, which way should you turn the front wheels?","a:Straight ahead.,b:Toward the right, toward the side of the road.,c:Toward the left, toward the center of the road.",b,"When parking uphill with no curb on a two-way road, turn your front wheels toward the right, toward the edge of the road. If the vehicle rolls, it will move off the roadway instead of into oncoming traffic, reducing the chance of a collision.",
5,Driving in Special Conditions,Which is a dangerous habit when driving in work zones?,"a:Tailgating another vehicle.,b:Failing to watch for workers and moving equipment.,c:Both of the above.",c,"Work zones are tight areas with changing traffic patterns, workers on foot, and construction equipment. Tailgating leaves you no room to react if traffic stops suddenly, and failing to watch for workers or machinery can lead to serious crashes. Safe drivers slow down, increase following distance, and stay alert for workers and equipment.",difficult
4,Safe & Defensive Driving Practices,Which statement best describes backing up a vehicle?,"a:Always dangerous.,b:Dangerous if you have a helper.,c:Only dangerous in large vehicles.",a,"Backing up is always risky because your view is limited and it’s harder to see people, objects, or traffic behind you. You should back slowly, check mirrors, look over your shoulder, and use a helper when possible to reduce—but not remove—the danger.",difficult
5,Driving in Special Conditions,"If you see animals standing near the roadway, you should:","a:Quickly swerve into the next lane.,b:Speed up to scare them away.,c:Slow down and proceed with caution.",c,"Animals near the road can move suddenly into your path. Slow down, cover the brake, and be prepared to stop. Do not swerve or speed up, as that can cause you to lose control or collide with another vehicle.",
3,"Signs, Signals & Road Markings",Which statement about blind spots is true?,"a:Blind spots are eliminated with one outside mirror.,b:Large trucks have bigger blind spots than passenger vehicles.,c:Blind spots can be checked by looking in the rearview mirror.,d:Blind spots do not exist on modern vehicles.",b,"All vehicles have blind spots that mirrors cannot fully cover. Large trucks and buses have much larger blind zones along the sides, front, and rear, so you should avoid lingering next to or close behind them.",
5,Driving in Special Conditions,When is it necessary to use your low beam headlights?,"a:On a lighted street.,b:On a freeway.,c:In fog.",c,"In fog you must use low beam headlights because high beams reflect off the moisture in the air and create glare, making it harder to see. Use low beams in any condition with reduced visibility, such as fog, heavy rain, or snow.",
2,Traffic Laws & Rules of the Road,"At a four-way stop, to whom should you yield the right-of-way?","a:The driver on your left.,b:Anyone who arrived before you.,c:The driver across from your vehicle.",b,"At a four-way stop, drivers proceed in the order they arrive. You must yield to any vehicle that reached the intersection before you. If two vehicles arrive at the same time, the driver on the left yields to the driver on the right.",
4,Safe & Defensive Driving Practices,"If your wheels drop off the pavement edge, what should you do first?","a:Stop.,b:Turn back onto the roadway immediately.,c:Wait until it is safe, then gradually re-enter the roadway.",c,"If your wheels drop off the pavement, keep a firm grip on the wheel, ease off the accelerator, and avoid jerking the vehicle back onto the road. Once you’ve slowed and checked for traffic, gently steer back onto the pavement when it is safe.",
2,Traffic Laws & Rules of the Road,"If you want to enter a freeway but see no gap in traffic, what should you do on the ramp?","a:Stop at the end of the ramp to wait for a gap.,b:Slow down on the ramp and wait for a gap.,c:Maintain your speed and force other drivers to create a gap.",b,"Use the ramp to adjust your speed so you can merge smoothly into freeway traffic. If there is no gap, slow down on the ramp and wait for a safe opening; avoid stopping at the end of the ramp unless absolutely necessary, and never force other drivers to brake or swerve.",difficult
5,Driving in Special Conditions,Which type of road surface tends to freeze first?,"a:A tunnel.,b:An intersection.,c:A bridge.",c,"Bridges and overpasses freeze first because cold air surrounds them from above and below, cooling the surface faster than regular roadways that sit on the ground. Even when nearby pavement looks wet, a bridge can be icy.",
4,Safe & Defensive Driving Practices,What is considered a distraction while driving?,"a:Anything that makes you pay more attention to driving.,b:Anything that takes your attention away from driving.,c:Only cell phone use.,d:Only passengers making noise.",b,"A distraction is anything that takes your eyes off the road, your hands off the wheel, or your mind off driving. This includes phones, eating, adjusting controls, or interacting with passengers—anything that reduces your focus on driving.",
2,Traffic Laws & Rules of the Road,"When entering traffic from a curb, what should you do?","a:Drive more slowly than traffic for 200 feet.,b:Wait for a large enough gap to reach the speed of traffic.,c:Pull directly into the first available gap.,d:Stop and back into traffic if needed.",b,"When pulling out from a curb, wait for a gap that lets you accelerate smoothly up to the speed of traffic without forcing others to slow or change lanes. Signal, check mirrors and blind spots, and merge only when you can match the flow safely.",difficult
3,"Signs, Signals & Road Markings",What color and lettering do temporary construction and maintenance signs use?,"a:Red background with green writing.,b:Orange background with black writing.,c:Yellow background with blue writing.",b,"Temporary construction and maintenance (work zone) signs are standardized with an orange background and black lettering or symbols. The bright orange color alerts drivers to changing road conditions, workers, and equipment ahead so they can slow down and proceed with extra caution.",
7,Vehicle Ownership & Responsibilities,"When parking on any hill, which practice should you follow?","a:One rear wheel should touch the curb.,b:Use the parking brake and leave the car in park.,c:Leave the front wheels parallel to the road if a curb exists.,d:Leave the vehicle in neutral.",b,"When parking on any hill, you should always set the parking brake and leave the vehicle in Park (or in gear for a manual transmission). This helps prevent the vehicle from rolling if the primary parking mechanism fails. In addition, you should turn your wheels appropriately for the direction of the slope and presence of a curb, but using the parking brake and Park/gear is the universal rule.",
8,Special Situations & Road Users,"When following a motorcycle, how should you adjust your following distance?","a:Be ready to use your horn.,b:Drive more slowly.,c:Allow a larger following distance.",c,"Motorcycles are smaller, harder to see, and can stop or swerve more quickly than larger vehicles. You should allow a larger following distance—at least three to four seconds—so you have enough time to react if the motorcyclist slows, stops, or swerves to avoid road hazards.",
5,Driving in Special Conditions,How can you avoid headlight glare from an approaching car?,"a:Look briefly toward the right side of the road.,b:Keep focused on the centerline.,c:Flash your high beams.,d:Stare straight ahead.",a,"To reduce glare from oncoming headlights at night, briefly look toward the right edge of your lane or the right side of the road while still keeping track of your lane position. This helps protect your night vision and prevents you from being temporarily blinded, while still allowing you to drive safely within your lane.",difficult
5,Driving in Special Conditions,"When driving at night, what should you do to improve safety?","a:Always use your high beams.,b:Look directly at the headlights of oncoming vehicles.,c:Increase your following distance.",c,"At night your visibility is reduced and it is harder to judge speed and distance, so you should increase your following distance to give yourself more time to react. Use high beams only when there is no oncoming traffic and no vehicle directly ahead of you, and never look directly into oncoming headlights to avoid being blinded.",
7,Vehicle Ownership & Responsibilities,When must you present proof of insurance to law enforcement?,"a:Only if you are involved in a collision.,b:If you are involved in a collision or stopped for a citation.,c:Only if you are stopped and cited.",b,"You must carry proof of financial responsibility (usually an insurance card) and show it to a law enforcement officer any time they lawfully request it, such as when you are stopped for a citation or involved in a collision.",
4,Safe & Defensive Driving Practices,"As your speed increases, what becomes more important?","a:Turn on your headlights.,b:Look well ahead of your vehicle.,c:Change lanes frequently.",b,"At higher speeds you cover more distance in less time, so you must look farther ahead to detect hazards early and give yourself enough time and space to react safely.",
2,Traffic Laws & Rules of the Road,"When approaching an octagonal (eight-sided) sign, what must you do?","a:Turn.,b:Stop.,c:Slow.",b,"An octagonal (eight‑sided) sign is always a STOP sign. You must come to a complete stop at the limit line, crosswalk, or before entering the intersection, yield as needed, and proceed only when it is safe.",
4,Safe & Defensive Driving Practices,Which of the following commonly contributes to traffic crashes?,"a:Getting adequate rest and staying alert.,b:Scanning the environment and staying focused on the driving task.,c:Exceeding the posted speed limit and driving too fast for conditions or circumstances.",c,"Driving faster than the posted speed limit or too fast for weather, traffic, or road conditions greatly increases your stopping distance and crash risk, making speeding a common contributing factor in collisions.",
4,Safe & Defensive Driving Practices,What should you do when driving through a work zone?,"a:Maintain your normal speed.,b:Increase speed to clear the zone quickly.,c:Reduce speed and be prepared to stop.,d:Ignore lane markings in the zone.",c,"In work zones you must slow down, obey all posted work‑zone speed limits and signs, and be prepared to stop because workers, lane shifts, and equipment can appear unexpectedly.",difficult
4,Safe & Defensive Driving Practices,What can you do to help reduce road rage incidents?,"a:Always signal your intention when changing lanes.,b:Use your horn frequently.,c:Talk on your cell phone while driving.",a,"Signaling your intentions, following traffic laws, and staying courteous helps prevent misunderstandings that can trigger road rage. Avoid aggressive gestures, tailgating, or using your horn unnecessarily, and give other drivers space to correct mistakes.",
4,Safe & Defensive Driving Practices,A vehicle suddenly cuts in front of you and creates a hazard. What should you do first?,"a:Honk and step on the brake firmly.,b:Take your foot off the gas pedal.,c:Swerve into the lane next to you.",b,"When a vehicle suddenly cuts in front of you, the safest first response is to ease off the accelerator. This gently increases your following distance without the risk of skidding or being rear‑ended. Brake more firmly only if needed, and avoid sudden swerves that could cause a collision in another lane.",difficult
4,Safe & Defensive Driving Practices,How can you help keep the driver behind you a safe distance away?,"a:Driving 10 mph faster than the car behind you.,b:Driving 10 mph slower than the car behind you.,c:Maintaining a steady speed.",c,Maintaining a steady speed and signaling early helps drivers behind you judge their following distance and react smoothly. Frequent speed changes or sudden braking can surprise the driver behind you and increase the risk of a rear‑end collision.,
5,Driving in Special Conditions,What is hydroplaning?,"a:The windshield wipers cannot keep the windshield clear of rain.,b:Tires lose contact with the road surface.,c:Spray from a large truck reduces visibility.",b,"Hydroplaning happens when your tires ride up on a layer of water and lose direct contact with the road. This can cause a partial or total loss of steering and braking control. To reduce the risk, slow down in heavy rain, avoid standing water, and make sure your tires have good tread.",
5,Driving in Special Conditions,Which statement about driving through roadwork zones is true?,"a:Fines are the same for violations in work zones as under normal conditions.,b:You must ""Slow for the Cone Zone."",c:Only slow down if you think workers are present.",b,"In work zones you must slow down, obey posted signs, and be prepared for sudden stops or lane shifts. Many states increase fines for violations in marked work zones, especially when workers are present, which is why you are reminded to “Slow for the Cone Zone.”",difficult
2,Traffic Laws & Rules of the Road,"When merging onto a freeway, you should be driving:","a:At the legal speed limit.,b:More slowly than the freeway traffic.,c:At or near the speed of the freeway traffic.",c,"When using a freeway on‑ramp, use the acceleration lane to reach a speed that matches the flow of freeway traffic (as long as it is safe and not above the speed limit). Entering much slower than other vehicles forces them to brake or swerve and increases the risk of a collision.",
5,Driving in Special Conditions,"At dawn, dusk, or in rain or snow when visibility is poor, what is a good way to let others know you are present?","a:Turn up the instrumental panel lights.,b:Turn on your parking lights.,c:Turn on your headlights.",c,"In low‑visibility conditions such as dawn, dusk, rain, or snow, turn on your headlights (low beams). Headlights make your vehicle easier for others to see. Parking lights or instrument panel lights alone do not provide enough visibility or make you clearly visible to other road users.",
2,Traffic Laws & Rules of the Road,When must drivers obey directions given by flaggers at road works?,"a:Security guards patrolling parking lots.,b:Other drivers whose vehicles are broken down on the roadway.,c:Flaggers (signal persons) at construction sites.",c,"Flaggers in construction or work zones are authorized to control traffic. Their signals and directions must be obeyed just like traffic signs or signals, even if they differ from normal traffic controls, to protect workers and drivers.",
6,"Alcohol, Drugs & Impaired Driving",Which statement about alcohol and driving is correct?,"a:If you can walk in a straight line, it's safe to drive.,b:If under the legal BAC limit, your driving isn't impaired.,c:Alcohol affects judgment needed for safe driving.,d:Alcohol only impairs at high concentrations.",c,"Alcohol slows reaction time and impairs judgment, coordination, and decision‑making needed for safe driving. Even small amounts can affect your ability to drive safely, so you can be impaired even if you are under the legal BAC limit.",
2,Traffic Laws & Rules of the Road,How should you check freeway traffic before entering?,"a:Using your rearview mirror.,b:Using your rearview and side mirrors.,c:Using your side mirror and looking over your shoulder.",c,"Before entering a freeway, use your side mirror and then look over your shoulder in the direction you plan to merge. This shoulder check lets you see vehicles in your blind spot that mirrors alone cannot show, helping you merge safely.",
8,Special Situations & Road Users,"If you want to pass a pedestrian walking along the road and an oncoming vehicle is approaching, what should you do?","a:Slow down and let the oncoming vehicle pass before you pass the pedestrian.,b:Honk your horn to make the pedestrian move over.,c:Keep driving at the same speed; the oncoming vehicle must yield.,d:Stop and wait until the roadway is completely clear.",a,"When you have both a pedestrian on the side of the road and an oncoming vehicle, you should not try to squeeze between them. Slow down and let the oncoming vehicle pass first, then move over and pass the pedestrian only when you have enough clear space and it is safe.",
5,Driving in Special Conditions,When are streets and highways most slippery?,"a:When it has been raining hard for several hours.,b:When they are clean and dry.,c:Just after it starts to rain.",c,"Roads are most slippery just after it starts to rain because the water lifts oil, grease, and other residues to the surface, creating a slick film. After it has rained for a while, much of this buildup is washed away and traction usually improves.",
4,Safe & Defensive Driving Practices,"When following another vehicle at night, which headlights should you use?","a:High beams.,b:Parking lights.,c:Low beams.,d:Fog lights.",c,"When you are following another vehicle at night, use low beam headlights so you do not shine bright light into the driver’s mirrors and reduce their ability to see. High beams are for open road use when there is no vehicle directly ahead of you or coming toward you.",
2,Traffic Laws & Rules of the Road,How can you check for vehicles in your blind spots?,"a:The inside rearview mirror.,b:The outside rearview mirror.,c:By looking over your shoulder.",c,"Every vehicle has blind spots that mirrors cannot cover. Before changing lanes or merging, quickly look over your shoulder in the direction you plan to move to make sure there is no vehicle in your blind spot.",
5,Driving in Special Conditions,"If poor weather reduces your visibility, what should you do regarding following distance?","a:Speed up to get off the road quickly.,b:Drive in the lane closest to oncoming traffic.,c:Increase your following distance.",c,"In poor weather or any situation with reduced visibility, you should increase your following distance. More space gives you extra time to see hazards and react smoothly if the vehicle ahead slows or stops suddenly.",
8,Special Situations & Road Users,"When a school bus has its red lights flashing and stop arm extended, when may vehicles behind it proceed?","a:When all students are off the bus.,b:When the stop arm is retracted.,c:When the stop arm is retracted and the bus resumes motion.",c,"When a school bus has red lights flashing and the stop arm extended, you must remain stopped. Do not move again until the red lights are off, the stop arm is fully retracted, the bus has started moving, and you are sure no children are in the roadway.",
2,Traffic Laws & Rules of the Road,"Before returning to your original lane after passing, what should you confirm?","a:Beep your horn.,b:See both headlights of the passed vehicle in your rearview mirror.,c:Flash your headlights.",b,"After passing, only return to your original lane when you can see both headlights of the vehicle you passed in your inside rearview mirror and you have enough space to move back without cutting them off.",
2,Traffic Laws & Rules of the Road,When is it acceptable to start across an intersection if you will block it when the light turns red?,"a:Under no circumstances.,b:Unless you entered the intersection on a yellow light.,c:Unless you entered the intersection on a green light.",a,"You must not enter an intersection unless there is enough space for your vehicle to completely clear it, regardless of the light color when you enter. If you would end up stopped in the intersection and blocking cross traffic when the light changes, you must wait behind the stop line until you can fully clear the intersection.",
7,Vehicle Ownership & Responsibilities,"If you hit a parked vehicle and cannot find the owner, what must you do?","a:Call your insurance company when you get home.,b:Wait for the owner to return.,c:Leave a note with your name and address on the parked vehicle.",c,"If you hit a parked vehicle and cannot locate the owner, you must leave a note in a secure, visible place on the vehicle with your name, address, and contact information, and report the collision to authorities if required by state law.",
5,Driving in Special Conditions,How should you change speed and direction on snowy or icy roads?,"a:Use cruise control to maintain speed.,b:Make speed and directional changes more gradually.,c:Drive as you would on dry pavement.,d:Brake suddenly to test traction.",b,"On snowy or icy roads, reduce speed and make all changes—accelerating, braking, and steering—slowly and smoothly. Sudden movements can cause skids, and cruise control should not be used because it can make it harder to react to loss of traction.",
4,Safe & Defensive Driving Practices,What should you do if you become drowsy while driving?,"a:Try to fight it and keep driving.,b:Take a break and rest.,c:Take caffeine pills and continue.,d:Drive with cruise control.",b,"If you feel drowsy while driving, you should get off the road at the next safe place and rest or switch drivers. Fatigue greatly slows reaction time and can cause you to fall asleep briefly without realizing it. Caffeine or trying to fight sleep are not reliable or safe solutions.",
3,"Signs, Signals & Road Markings",What does a five-sided (pentagon) traffic sign indicate?,"a:Stop sign.,b:Regulatory sign.,c:School zone or school crossing sign.",c,"A five‑sided (pentagon) sign is used for school zones and school crossings. It warns drivers to slow down, watch for children, and be prepared to stop for pedestrians in or near the roadway.",
2,Traffic Laws & Rules of the Road,"If there's no marked crosswalk and you see a pedestrian crossing your lane, what must you do?","a:Slow down and carefully pass.,b:Make eye contact then pass.,c:Stop and allow the pedestrian to finish crossing.,d:Honk to warn them.",c,Drivers must yield to pedestrians crossing the road even where no crosswalk is marked; stop and allow them to cross safely.,
7,Vehicle Ownership & Responsibilities,"When parking next to a curb, when should you use your turn signals?","a:Only when pulling away from the curb.,b:When pulling next to the curb but not away.,c:When pulling next to or away from the curb.",c,"You must signal any time you change your vehicle’s position on the road, including when pulling toward a curb to park and when leaving the curb to reenter traffic. Signaling lets other drivers and pedestrians anticipate your movement and avoid conflicts.",
8,Special Situations & Road Users,"When a school bus is picking up or dropping off children, what must you do?","a:Slow down and be prepared to stop.,b:Stop if you are driving in the same direction.,c:Stop, regardless of your direction of travel, unless the roadway is divided by a physical barrier or unpaved median that separates your lane from the bus.",c,"When a school bus is stopped with red lights flashing and the stop arm extended, you must stop whether you are approaching from behind or from the opposite direction, unless the roadway is divided by a physical barrier or unpaved median that separates your lane from the bus. Stopping protects children who may cross the road unexpectedly.",
7,Vehicle Ownership & Responsibilities,It is unsafe for a child under what age to ride in the front seat of a passenger vehicle?,"a:16,b:13,c:18",b,Children under age 13 are safest riding properly restrained in the rear seat because front airbags deploy with great force and can seriously injure younger children. Always follow both state child-restraint laws and the vehicle/seat manufacturer’s instructions.,
2,Traffic Laws & Rules of the Road,What is the effect of continually passing vehicles on a two-lane road?,"a:It increases your chances of a collision.,b:It helps prevent congestion.,c:Gets you more quickly and safely to your destination.,d:It is always legal.",a,"On a two-lane, two‑way road, every pass puts you into the oncoming lane and increases your risk of a head‑on collision or sideswipe. Continually passing other vehicles greatly increases this risk; only pass when it is legal, necessary, and clearly safe, and be prepared to stay in your lane if conditions are not ideal.",
3,"Signs, Signals & Road Markings",What does a steady green traffic light at an intersection mean?,"a:Increase your speed.,b:Adjust your mirrors.,c:You may proceed through the intersection at a safe speed if it is clear.",c,"A steady green light means you may go straight or turn, if it is safe and legal, but you must first yield to pedestrians in the crosswalk and to any vehicles already in the intersection or oncoming traffic when turning left.",
6,"Alcohol, Drugs & Impaired Driving",What does the abbreviation 'BAC' mean?,"a:Blood alcohol concentration.,b:Blood alcohol conservation.,c:Big alcohol content.",a,BAC stands for blood alcohol concentration and measures the percentage of alcohol in the bloodstream.,
8,Special Situations & Road Users,A large truck ahead is turning right onto a two-lane street. What should you expect?,"a:May complete its turn in either of the two lanes.,b:May have to swing wide to complete the right turn.,c:Must stay in the right lane at all times while turning.",b,"Large trucks often must swing wide to the left before turning right because their rear wheels track closer to the curb than the front wheels. Expect this wide turn, do not drive into the space they create on the right, and stay out of the truck’s blind spots.",
4,Safe & Defensive Driving Practices,What is the best response if you become tired while driving?,"a:Stop to rest or change drivers.,b:Open a window and keep driving.,c:Drink coffee and drive on.,d:Turn on loud music to stay awake.",a,"If you feel tired while driving, the only safe choice is to stop and rest or switch drivers. Opening windows, turning up music, or drinking coffee may make you feel more alert for a short time, but they do not prevent drowsiness and greatly increase your crash risk.",
2,Traffic Laws & Rules of the Road,"When turning left from a two-way street onto a one-way street, into which lane should you turn?","a:Turn into any lane.,b:Turn into the first lane.,c:Turn into the second lane.",b,"When turning left from a two-way street onto a one-way street, you must turn into the first available lane going your direction, usually the lane closest to the left curb. This keeps traffic organized and prevents conflicts with vehicles already in the other lanes.",
7,Vehicle Ownership & Responsibilities,"If your car is equipped with airbags, what is the rule about seat belts?","a:Seat belts do not need to be worn.,b:Seat belts should be worn behind the back.,c:Seat belts should still be worn.",c,"Airbags are designed to work together with seat belts, not replace them. You must still wear your lap and shoulder belt properly so that, in a crash, the belt holds you in place and the airbag can cushion you safely.",
2,Traffic Laws & Rules of the Road,"Before changing lanes, besides checking your mirrors, what else should you do?","a:Never look over your right shoulder.,b:Always slow down in your traffic lane.,c:Glance over your shoulder to check blind spots.",c,"Before changing lanes, check your mirrors and then quickly glance over your shoulder in the direction you are moving to check your blind spot. This brief head check helps you see vehicles that mirrors cannot show.",
3,"Signs, Signals & Road Markings",What does a broken (dashed) yellow line between two lanes of traffic indicate?,"a:Both lanes of traffic are going in the same direction.,b:Passing is permitted when it's safe.,c:Passing is not permitted.",b,"A broken (dashed) yellow line between lanes means traffic moves in opposite directions and passing is allowed when it is safe. You may cross the line to pass, but only if you can see far enough ahead and there is no oncoming traffic.",
4,Safe & Defensive Driving Practices,Why should you frequently check your rearview mirrors?,"a:Only when you are slowing down.,b:To see if a vehicle is in your blind spot.,c:Often to see how traffic is moving behind you.",c,"You should check your mirrors often to stay aware of traffic behind and beside you so you can react early to hazards, lane changes, or vehicles approaching quickly. However, mirrors do not show your blind spots; you must also turn your head to check those areas.",
4,Safe & Defensive Driving Practices,"If you are about to be hit from the rear, which action should you avoid?","a:Applying your brakes.,b:Letting go of the steering wheel.,c:Pressing your head against the head restraint.",b,"If you are about to be hit from the rear, keep both hands firmly on the steering wheel to maintain control and press your head against the head restraint to reduce whiplash. Do not let go of the steering wheel.",
8,Special Situations & Road Users,What must you do when approaching a stopped school bus with flashing lights and an extended signal arm?,"a:Proceed at 15 mph if no children are visible.,b:Stop and remain stopped until the lights stop flashing and the stop arm is retracted.,c:Slow and pass carefully.,d:Honk and pass quickly.",b,"When a school bus has flashing red lights and an extended stop arm, you must stop and remain stopped until the lights stop flashing and the stop arm is retracted, and it is clear that children are no longer entering or leaving the bus.",difficult
8,Special Situations & Road Users,A pedestrian with a guide dog is waiting to cross as you make a right turn. What should you do?,"a:Turn off your engine until the person crosses.,b:Tell the pedestrian when to cross the street.,c:Wait until the person has crossed before turning.",c,A pedestrian using a guide dog or white cane is blind or visually impaired and always has the right-of-way. Stop and wait until the person has completely crossed and is safely out of your path before you turn.,
8,Special Situations & Road Users,"What are ""no zones"" around large trucks?","a:Areas where cars disappear into blind spots or limit the truck's ability to maneuver safely.,b:Places with plenty of room to follow a truck, c:Zones where several car lengths separate you from the truck.",a,“No zones” are the large blind spots and limited-maneuver areas around trucks and buses where your vehicle may not be visible to the driver or where the truck cannot stop or turn safely if you are too close.,
2,Traffic Laws & Rules of the Road,"When entering the interstate, after checking for a gap and signaling you should:","a:Expect traffic to allow you to proceed into the lane, since you have the right-of-way.,b:Wait for the lane to clear before merging.,c:Merge carefully into the gap.",c,"On an interstate entrance ramp, you must find a safe gap, signal, accelerate to match the speed of traffic, and then merge carefully into the gap. Do not assume other drivers will move over or slow down for you; you are responsible for merging only when it is safe.",
5,Driving in Special Conditions,How can sudden wind gusts affect vehicles on highways?,"a:They only affect large vehicles.,b:They can cause problems for all vehicles.,c:They only reduce visibility.,d:They only affect parked cars.",b,"Sudden wind gusts can push any vehicle sideways, making it harder to stay in your lane and control steering. While large vehicles are especially affected, smaller vehicles and motorcycles can also be blown off course, and blowing dust or debris can reduce visibility for everyone.",
6,"Alcohol, Drugs & Impaired Driving",Which driving skills are affected by alcohol or drug use?,"a:Alertness and concentration.,b:Reaction time and coordination.,c:All of the above.",c,"Alcohol and many drugs affect multiple driving skills at once. They reduce alertness and concentration, slow your reaction time, and impair coordination, making it harder to steer, brake, and respond to hazards safely.",
4,Safe & Defensive Driving Practices,"In traffic moving at 50–55 mph, how are you least likely to have an accident?","a:Drive a few miles per hour faster than most other vehicles.,b:Drive a few miles per hour slower than most other vehicles.,c:Stay within that speed range as other traffic does.",c,"You are least likely to have a crash when you travel at the same general speed as surrounding traffic, as long as you stay within the posted speed limit. Large speed differences—either faster or slower than other vehicles—create more lane changes and conflicts, increasing collision risk.",
4,Safe & Defensive Driving Practices,What is an important step to take when making a turn?,"a:Always move to the left lane.,b:Increase your speed.,c:Check traffic in all directions.",c,"Before making any turn, you must check traffic in all directions: use your mirrors, check your blind spots, and look for oncoming vehicles, pedestrians, and cyclists. Only begin the turn when you are sure the path is clear and it is safe to proceed.",
2,Traffic Laws & Rules of the Road,"As you enter a roundabout, what must you yield to?","a:Pedestrians and bicyclists crossing and traffic already in the roundabout.,b:Cars approaching from the left only.,c:Only vehicles, not pedestrians.,d:No one; you have the right-of-way.",a,"At a roundabout, you must yield to pedestrians and bicyclists in the crosswalks and to all traffic already circulating in the roundabout. Vehicles inside the roundabout have the right‑of‑way over entering traffic, and drivers must also stop for people legally crossing at the approaches.",difficult
3,"Signs, Signals & Road Markings","If the centerline has one solid yellow and one broken yellow with the broken next to your lane, what does it mean?","a:You are in a no-pass zone.,b:You may pass from your lane if clear.,c:You may only make right turns.,d:You must stop before passing.",b,"A centerline with one solid yellow and one broken yellow means passing is allowed only from the side with the broken line. If the broken yellow line is next to your lane, you may pass on the left when it is safe, with enough clear distance and no oncoming traffic. You may not pass if the solid line is on your side.",
6,"Alcohol, Drugs & Impaired Driving",How many alcoholic drinks are required to begin affecting your driving ability?,"a:One,b:Two,c:Three",a,"Any amount of alcohol can begin to affect your judgment, reaction time, and coordination. Even one drink may impair your ability to drive safely, so the safest choice is not to drive after consuming any alcohol.",
2,Traffic Laws & Rules of the Road,When can you safely move back into the right lane after passing a vehicle going the same direction?,"a:After about three seconds.,b:When you can no longer see the passed vehicle over your right shoulder.,c:When you can see the entire front (both headlights) of the passed vehicle in your rearview mirror.",c,"After passing, do not move back into the right lane until you can see the entire front of the passed vehicle, including both headlights, in your rearview mirror. This helps ensure you have enough space and will not cut the other driver off. Always signal and check your blind spot before returning to the lane.",
8,Special Situations & Road Users,"If a school bus ahead on your side of the road has red lights flashing, what must you do?","a:Slow to a speed no faster than 10 mph.,b:Change lanes and pass cautiously.,c:Stop until the lights stop flashing.",c,"When a school bus on your side of the road has red lights flashing and the stop arm extended, you must stop and remain stopped until the lights stop flashing and the stop arm is retracted. This protects children who may be crossing the road. Some states also require stopping when the bus is on the opposite side, unless a physical median divides the roadway.",
7,Vehicle Ownership & Responsibilities,In which situation should your wheels NOT be pointed straight ahead?,"a:When waiting to make a left turn at a traffic light.,b:When parked on a hill or sloping driveway.,c:When parked on a level roadway with no curb.",b,"When you are parked on a hill or sloping driveway, you should turn your wheels so that if your brakes fail, the vehicle will roll away from traffic (toward the curb or edge of the road). When you are waiting to make a left turn at a traffic light, you should keep your wheels pointed straight ahead so that if you are hit from behind, you are not pushed into oncoming traffic.",
6,"Alcohol, Drugs & Impaired Driving",When is driving permitted under the influence of medication that impairs you?,"a:Under no circumstances.,b:If you don't feel drowsy.,c:If prescribed by a physician.,d:If it's over-the-counter.",a,"You must never drive if any medication—prescription or over‑the‑counter—impairs your ability to drive safely. If a drug causes drowsiness, slowed reaction, blurred vision, or affects judgment, you are considered impaired and must not drive, even if a doctor prescribed it.",
5,Driving in Special Conditions,Which lights should drivers use to improve visibility in rain or fog?,"a:Low beam headlights.,b:High beam headlights.,c:Parking lights.",a,"In rain, fog, or snow, use low beam headlights so you can see the road and so others can see you. High beams reflect off moisture in the air and can create glare that reduces visibility. Parking lights alone are not bright enough and are not a substitute for headlights while driving.",
8,Special Situations & Road Users,"At a school crossing sign, what should drivers do?","a:Always stop whether a stop sign is present or not.,b:Watch for children and be ready to stop.,c:Always sound your horn when you see children.",b,"A school crossing sign warns that children may be crossing the street. You should slow down, watch carefully for children, and be prepared to stop if they are in or near the crosswalk. You are only required to stop when there is a crossing guard, a stop sign, a red light, or children actually in the crosswalk.",
4,Safe & Defensive Driving Practices,How should you respond to an aggressive driver?,"a:Challenge them.,b:Get out of their way.,c:Speed up to pass them.,d:Make obscene gestures.",b,"When you encounter an aggressive driver, focus on staying safe and avoiding conflict. Safely move out of their way, allow them to pass, and do not make eye contact, gesture, or respond to their behavior. Engaging or challenging them can escalate the situation and increase the risk of a crash.",
5,Driving in Special Conditions,"If your vehicle begins to hydroplane, what should you do?","a:Apply the brakes firmly to prevent sliding.,b:Drive at a constant speed to gain better traction.,c:Slow down gradually and avoid using the brakes.",c,"When your vehicle hydroplanes, the tires lose contact with the road and ride on a thin layer of water. You should ease off the accelerator, keep the steering wheel straight, and slow down gradually. Avoid hard braking or sudden steering, because these can cause a skid. As your speed drops, the tires will regain traction.",
3,"Signs, Signals & Road Markings",What does a broken yellow line down the center of a two-lane road indicate?,"a:A construction zone is ahead.,b:Passing is not permitted from either direction.,c:Passing is permitted when the way is clear.",c,"A broken yellow line in the center of a two-lane road means traffic in both directions may pass when it is safe. You must check for oncoming traffic, ensure there is enough clear distance to complete the pass, and return to your lane before coming close to any oncoming vehicle. If it is not clearly safe, you must not pass.",difficult
2,Traffic Laws & Rules of the Road,"At a red light with a green arrow, when are you permitted to proceed in the arrow's direction?","a:You must first come to a complete stop.,b:You must wait until the light changes.,c:If you are in the proper lane and the intersection is clear, you may go.",c,"A green arrow is a protected turn signal. When you have a green arrow, you may proceed in the direction of the arrow if you are in the proper lane and the intersection is clear, after yielding to any vehicles or pedestrians already in the intersection. You do not need to stop first unless required by a sign or other traffic control.",
2,Traffic Laws & Rules of the Road,Where is a U-turn explicitly prohibited?,"a:In a parking lot.,b:On or near any curve or hill.,c:On a straight road with clear view for 500 feet.",b,"U‑turns are generally prohibited on or near curves or hills where you cannot be seen by oncoming traffic in time. Limited sight distance makes it dangerous for vehicles approaching from either direction. Only make a U‑turn where it is legal, safe, and you have a clear view of oncoming traffic for a sufficient distance.",
8,Special Situations & Road Users,"If a school bus is stopped ahead loading or unloading children with lights flashing and stop arm extended, what must you do?","a:Come to a complete stop until all the children have left the bus.,b:Come to a complete stop until the red lights stop flashing and the stop arm is withdrawn.,c:Change lanes, slow, and pass cautiously.",b,"When a school bus has its red lights flashing and the stop arm extended, you must stop and remain stopped until the red lights stop flashing and the stop arm is withdrawn, unless a specific state law clearly exempts your direction of travel (such as on some divided highways). Children may cross the road unexpectedly, so stay stopped and watch carefully until the bus’s signals are turned off.",
2,Traffic Laws & Rules of the Road,How should you respond to a funeral procession?,"a:Yield the right-of-way to vehicles in the procession.,b:Drive between procession vehicles.,c:Pass on the right at high speed.,d:Ignore the procession entirely.",a,"You must yield the right-of-way to a properly identified funeral procession. Once the lead vehicle has lawfully entered an intersection, the rest of the procession is usually allowed to follow together, and other drivers must wait until all vehicles in the procession have passed, even if they have a green light. Never cut into, pass aggressively, or interfere with the procession.",
2,Traffic Laws & Rules of the Road,Where is it safe to pass another vehicle?,"a:Within an intersection where there are no oncoming vehicles.,b:Wherever signs and/or pavement markings permit passing.,c:Within a curve where there are no oncoming vehicles.",b,"Only pass where signs and pavement markings indicate that passing is allowed, such as with a broken center line and no “No Passing Zone” signs. Even where it is allowed, you must also have enough clear distance ahead, good visibility, and no oncoming traffic to complete the pass safely. Never pass in intersections, on curves, or where your view is blocked.",
7,Vehicle Ownership & Responsibilities,Where is the safest place for children age 12 and under in a vehicle with airbags?,"a:The bed of a pickup truck.,b:The front seat.,c:The back seat.,d:Standing on the floorboard.",c,"Children age 12 and under are safest in the back seat, properly secured in an appropriate child safety seat or seat belt. Front airbags are designed for adults and can seriously injure or kill a child in a crash, especially if the child is unrestrained or in a rear-facing seat. Never let children ride in the bed of a pickup or stand in a moving vehicle.",difficult
3,"Signs, Signals & Road Markings","When double solid yellow lines separate lanes of traffic, what is true about passing?","a:Passing is permitted from the left.,b:Passing is permitted from the right.,c:Passing is not permitted from either direction.",c,"Double solid yellow lines separate traffic moving in opposite directions and mean that passing is not allowed from either direction. You must stay in your lane and may only cross these lines when making a permitted left turn or when directed by law enforcement, never to pass another moving vehicle.",
2,Traffic Laws & Rules of the Road,"If you miss your freeway exit, what should you not do?","a:Back up on the road or shoulder.,b:Continue to the next exit.,c:Find an alternate route.,d:Proceed to the next crossroad.",a,"If you miss your freeway exit, keep going to the next exit and then find a safe route back. Never back up on the freeway or shoulder; reversing in high-speed traffic is extremely dangerous and illegal in most places. It is always safer to continue forward and re-route than to try to correct a missed exit by backing up.",difficult
4,Safe & Defensive Driving Practices,How should you follow a large truck on the roadway?,"a:Closer than when following a passenger car.,b:Farther behind than when following a passenger car.,c:To the right to pass quickly.,d:Directly beside the truck's blind spot.",b,Large trucks need more time and distance to stop and have larger blind spots. You should follow them at a greater distance than a passenger car so you can see the road ahead and have enough space to react and brake safely.,
2,Traffic Laws & Rules of the Road,"When merging onto an interstate highway, what is the correct action?","a:Select a safe gap and merge into the lane of traffic.,b:Merge across two lanes at once.,c:Always stop before entering the highway.",a,"When using an interstate on‑ramp, use the acceleration lane to build up speed to match the flow of traffic, choose a safe gap, signal, and merge smoothly. You should not stop in the acceleration lane unless traffic or an emergency forces you to.",
2,Traffic Laws & Rules of the Road,"If you plan to pass another vehicle, what should you not assume?","a:That the other driver will make space for you to return.,b:That signaling makes passing illegal.,c:That they will slow down.,d:That they will always keep speed constant.",a,"When passing, never assume the other driver will make space for you to return to your lane. You are responsible for making sure there is enough clear space ahead and behind, and that you can complete the pass safely without relying on the other driver to change speed or position.",
2,Traffic Laws & Rules of the Road,"When entering an interstate from an on-ramp, what should you do?","a:Stop and check for cars before entering.,b:Check for cars and reduce your speed to 25 mph before entering the traffic lane.,c:Check for cars, increase speed to match the flow, and merge when safe.",c,"When entering an interstate, check traffic, signal, and use the ramp and acceleration lane to increase your speed to match the flow of traffic. Merge when there is a safe gap. Do not stop on the ramp unless traffic is stopped or you have no other choice.",difficult
5,Driving in Special Conditions,How can you reduce the chance of skidding on slippery surfaces?,"a:Speed up before entering curves.,b:Shift to a higher gear going down steep hills.,c:Slow down before entering curves and intersections.,d:Brake hard during the curve.",c,"To reduce the chance of skidding on slippery roads, slow down before you enter curves and intersections and make all speed and direction changes gently. Sudden braking, accelerating, or sharp steering in a curve can cause your tires to lose traction and the vehicle to skid.",
7,Vehicle Ownership & Responsibilities,"What is the purpose of work zone barriers, drums, cones, and signs?","a:To keep traffic out of hazardous work zones.,b:To inconvenience drivers.,c:To make drivers angry about delays.,d:To mark detours only.",a,"Work zone barriers, drums, cones, and signs are used to separate traffic from construction areas, protect workers, and guide drivers safely through or around the work zone. You must slow down, follow the signs and devices, and stay out of the closed or hazardous areas.",
3,"Signs, Signals & Road Markings",A diamond-shaped road sign generally indicates what?,"a:Stop.,b:Warning of special conditions or hazards ahead.,c:Yield.,d:Regulatory requirements.",b,"Diamond-shaped signs are warning signs. They alert you to special conditions or hazards ahead, such as curves, intersections, or pedestrian crossings, so you can slow down and be prepared. They are usually yellow, or orange in work zones.",
2,Traffic Laws & Rules of the Road,"If you exit the freeway on a ramp that curves downhill, what should you do before entering the curve?","a:Slow to a safe speed before the curve.,b:Slow to the posted freeway speed limit.,c:Wait until you are in the curve to begin braking.",a,"On a downhill, curving off-ramp, you should slow to a safe speed before you enter the curve. Braking hard while in the curve can cause skidding or loss of control, especially on a downgrade. Enter the curve at a speed that allows you to stay in your lane comfortably.",
4,Safe & Defensive Driving Practices,What is the best definition of distracted driving?,"a:Anything that causes evasive action while driving.,b:Anything that takes your attention away from driving.,c:Anything that causes you to pay more attention to driving.",b,"Distracted driving is anything that takes your attention away from driving—this can be your eyes, hands, or mind. Examples include texting, eating, adjusting controls, or focusing on passengers instead of the road. Any distraction increases your risk of a collision.",
5,Driving in Special Conditions,What should you do when driving at night to increase safety?,"a:Always use your high beams.,b:Look directly at the headlights of an oncoming vehicle.,c:Increase your following distance.",c,"At night, you should increase your following distance because reduced visibility makes it harder to judge speed and distance and to see hazards in time. Leaving more space gives you extra time to react and stop safely if the vehicle ahead slows or stops.",
7,Vehicle Ownership & Responsibilities,"If your vehicle develops a mechanical problem on the road, what should you do?","a:Stop in your lane and put on your hazard lights.,b:Signal and pull into the slow lane.,c:Put on your hazard lights and pull off the road.",c,"If your vehicle has a mechanical problem, signal, turn on your hazard lights, and move completely off the traveled portion of the road if possible. Stopping in a traffic lane is very dangerous because other drivers may not see you in time to avoid a collision.",
3,"Signs, Signals & Road Markings","If you are already inside an intersection when a green light turns yellow, what should you do?","a:Increase your speed so as not to cause an accident.,b:Continue moving and clear the intersection safely.,c:Stop immediately in the intersection.",b,"A yellow light warns that the signal is about to turn red. If you are already in the intersection when the light turns yellow, you should continue through and clear the intersection safely. Stopping in the middle of the intersection can confuse other drivers and increase the risk of a crash.",
4,Safe & Defensive Driving Practices,How can you avoid becoming an aggressive driver?,"a:Relax and concentrate on safe driving.,b:Tailgate slower drivers.,c:Drive above posted speed limits.,d:Honk repeatedly to move traffic.",a,"To avoid becoming an aggressive driver, stay calm, allow extra travel time, and focus on safe driving rather than on other drivers’ mistakes. Tailgating, speeding, and excessive honking are aggressive behaviors that increase the risk of crashes and can lead to road rage.",
2,Traffic Laws & Rules of the Road,"When turning left at an intersection, to whom must you yield?","a:Oncoming traffic and pedestrians.,b:No one in particular.,c:Oncoming traffic should yield to you.",a,"When turning left, you must yield to oncoming vehicles that are close enough to be a hazard and to pedestrians in the crosswalk. Only begin your turn when there is a safe gap in oncoming traffic and the crosswalk is clear.",
3,"Signs, Signals & Road Markings","If you are driving next to a single broken white line on a highway, what does it allow?","a:You cannot cross the line to pass.,b:You may cross the line to pass or change lanes.,c:You may only cross the line to change lanes if you are in the left lane.",b,"A single broken (dashed) white line separates lanes of traffic moving in the same direction. You may cross it to change lanes or pass when it is safe and legal to do so, after checking mirrors and blind spots and signaling your intention.",
4,Safe & Defensive Driving Practices,Which substance slows reaction time and impairs judgment leading to slower reactions?,"a:Working hard.,b:Sleeping.,c:Drinking alcohol.,d:Caffeinated drinks.",c,"Alcohol is a depressant that slows the central nervous system. It reduces alertness, slows reaction time, and impairs judgment about speed, distance, and hazards, which greatly increases the risk of a crash.",
3,"Signs, Signals & Road Markings",What does a dashed yellow line next to a solid yellow line between lanes indicate?,"a:Passing is permitted from both directions.,b:Passing is permitted only from the direction next to the dashed line.,c:Passing is prohibited from both directions.",b,A dashed yellow line next to a solid yellow line means only the traffic on the side with the dashed line may cross the center line to pass when it is safe. Traffic on the side with the solid line must not cross to pass.,
2,Traffic Laws & Rules of the Road,How should you check blind spots when preparing to change lanes?,"a:Only the left outside mirror.,b:Look over your left or right shoulder.,c:Only the inside rearview mirror.",b,"Before changing lanes, you must briefly turn your head and look over the appropriate shoulder to check your blind spot. Mirrors alone cannot show vehicles that are alongside your car but not visible in the mirrors.",
5,Driving in Special Conditions,Which headlights should you use when driving in fog?,"a:High beam headlights.,b:Low beam headlights.,c:Four-way flashers.,d:Parking lights only.",b,"In fog, use low beam headlights so the light aims down at the road. High beams reflect off the water droplets in the fog and can bounce back into your eyes, making it harder to see.",
1,Licensing & Permit Requirements,A driver's license is legally considered which of the following?,"a:A right you have automatically.,b:A privilege you must earn and maintain.,c:A mandatory requirement for all citizens.",b,"Driving is not an automatic right; it is a privilege granted by the state. You must qualify for a license and follow traffic laws, and the license can be suspended or revoked if you violate those laws.",
5,Driving in Special Conditions,"When driving in fog, what lighting should you use?","a:Slow down and use your low beam headlights.,b:Slow down and use your high beam headlights.,c:Turn your lights on and off to warn other drivers.",a,"Use low beam headlights in fog because the light is aimed lower and creates less glare, helping you see the road and be seen by others. High beams reflect off the fog and make it harder to see. Always slow down, and if visibility is extremely poor, pull off the road to a safe place and wait until conditions improve.",
2,Traffic Laws & Rules of the Road,"If you approach an intersection where your side view is blocked, what should you do?","a:Slow down and look both ways.,b:Maintain your speed and look both ways.,c:Stop, then inch forward until you can see clearly in both directions.",c,"When your view is blocked at an intersection, you must treat it cautiously. Come to a complete stop if required, then move forward slowly until you can clearly see traffic in both directions. Only proceed when you are sure the way is clear. Simply slowing down without stopping may not give you enough time to react to cross traffic you cannot see.",
1,Licensing & Permit Requirements,When should you adjust your rearview and side mirrors?,"a:Before you start driving.,b:After driving a few minutes.,c:Whenever you think of it.,d:While the car is moving.",a,"Adjust your seat, steering wheel, and all mirrors before you start driving so you have a clear view around your vehicle. This helps you avoid taking your attention off the road. Do not adjust mirrors while the car is moving, because it can distract you and increase the risk of a crash.",
8,Special Situations & Road Users,Which of the following is true about large trucks?,"a:They take longer to stop than passenger vehicles.,b:They are more maneuverable than passenger vehicles.,c:They all have air brakes that allow them to stop quickly.",a,"Large trucks are heavier and need much more distance to stop than passenger vehicles, especially when fully loaded or going downhill. They are also less maneuverable, and not all trucks have air brakes, and even air brakes do not make them stop quickly. Give trucks extra space and avoid cutting in front of them.",
5,Driving in Special Conditions,Which headlights should you use to improve visibility in rain or fog?,"a:Low beam headlights.,b:High beam headlights.,c:Parking lights.",a,"In rain, fog, snow, or sleet, always use low beam headlights. Low beams cut through precipitation better and reduce glare. High beams can reflect off water droplets or fog and make it harder to see. Parking lights alone do not provide enough light and may not make your vehicle visible enough to others.",
4,Safe & Defensive Driving Practices,"When driving behind another vehicle at night, which beam setting should you use?","a:High beams until 10 feet away.,b:Low beam headlights.,c:Parking lights.,d:Emergency flashers.",b,Use low beam headlights when you are following another vehicle at night so your lights do not shine directly into the driver’s mirrors and blind them. High beams are only for use when you are far enough away from other traffic that you will not interfere with other drivers’ vision.,
3,"Signs, Signals & Road Markings","When a traffic signal turns yellow as you approach, what should you do if you can stop safely?","a:Speed up to cross the intersection.,b:Slow down and proceed through the intersection without caution.,c:Stop before entering the intersection if you can do so safely.",c,"A steady yellow light means the signal is about to turn red. If you can stop safely before the intersection, you must do so. If you are too close to stop safely when it turns yellow, continue through carefully, but you should never speed up to beat the red.",
5,Driving in Special Conditions,"If an oncoming driver fails to dim high beams at night, where should you direct your gaze?","a:Look straight ahead in your lane.,b:Look toward the left edge of your lane.,c:Look toward the right edge of your lane.",c,"When an oncoming driver does not dim their high beams, avoid looking directly at the glare. Instead, glance toward the right edge of your lane and use your peripheral vision to track the other vehicle. This reduces glare and helps you stay in your lane safely.",
2,Traffic Laws & Rules of the Road,"At intersections with a Yield sign, what must you do?","a:Yield the right-of-way to cross traffic that is near enough to cause conflict.,b:Yield only to vehicles on your right.,c:Always slow down but never stop.",a,"At a Yield sign, you must slow down and be prepared to stop. Yield the right‑of‑way to any pedestrians and to vehicles in or close enough to the intersection that they would be a hazard if you entered. Proceed only when it is safe and does not interfere with other traffic.",
4,Safe & Defensive Driving Practices,Collisions are more likely to occur under which condition?,"a:All vehicles traveling at roughly the same speed.,b:One lane of traffic traveling faster than the other lanes.,c:One vehicle moving faster or slower than the flow of traffic.",c,"Collisions are more likely when one vehicle is moving much faster or much slower than surrounding traffic. Large speed differences create more passing, lane changes, and sudden braking, which increase the chance of crashes. It is generally safer when vehicles travel at similar speeds within the posted limit.",
4,Safe & Defensive Driving Practices,What is a common effect of excessive speed?,"a:Increases ability to react.,b:Often leads to high-risk decision-making.,c:Does not change crash risk.,d:Makes driving safer.",b,"Excessive speed reduces the time you have to see hazards, make decisions, and stop safely. At higher speeds, small mistakes become serious crashes more easily, and drivers are more likely to make risky choices such as late braking or unsafe lane changes.",
8,Special Situations & Road Users,Why increase following distance behind large vehicles?,"a:To better see around the sides of the vehicle.,b:Because large vehicles travel faster.,c:Because of the vehicle's slipstream.,d:To prevent others from cutting in.",a,"Large trucks and buses block your view of the road ahead and have large blind spots. By increasing your following distance, you can see more of the road around them, have more time to react, and leave extra space for safe stopping.",
8,Special Situations & Road Users,"After stopping for a passing train, what should you do before proceeding?","a:Proceed when the gates stop moving.,b:Look for a second train and wait until all signals stop.,c:Cross the tracks as soon as the first train passes.,d:Back up if traffic blocks your way.",b,"After a train passes, always check carefully for a second train on another track and wait until all warning lights stop flashing and gates are fully raised. Only proceed when you are sure the tracks are clear in both directions.",
2,Traffic Laws & Rules of the Road,When should you yield your legal right-of-way?,"a:Only when it helps prevent collisions.,b:Whenever it helps prevent collisions.,c:Never — it confuses other drivers.",b,"Right-of-way rules help traffic flow, but safety comes first. You must be prepared to let another driver go, even if you have the legal right-of-way, whenever yielding will help prevent a collision. Never insist on your right-of-way if it would create a dangerous situation.",
2,Traffic Laws & Rules of the Road,"Under Maryland's point system, the MVA will send a notice of license suspension if you accumulate how many points within a two-year period?","a:3 to 4 points,b:5 to 7 points,c:8 to 11 points,d:12 or more points",c,"In Maryland, accumulating 8 to 11 points on your driving record within a two-year period will result in a license suspension notice from the MVA.",medium
2,Traffic Laws & Rules of the Road,"Under Maryland's point system, how many points accumulated within a two-year period will trigger a notice of license revocation?","a:8 points,b:10 points,c:12 or more points,d:6 points",c,Accumulating 12 or more points within a two-year period in Maryland will result in a notice of license revocation.,medium
2,Traffic Laws & Rules of the Road,What are the minimum liability car insurance coverage limits required for all registered vehicles in Maryland?,"a:15/30/10,b:25/50/15,c:30/60/15,d:50/100/25",c,"Maryland law requires all registered motor vehicles to carry minimum liability insurance of 30/60/15: $30,000 for bodily injury per person, $60,000 for bodily injury per accident, and $15,000 for property damage.",medium
2,Traffic Laws & Rules of the Road,"Under Maryland GDL rules, a provisional license holder under age 18 is generally not permitted to drive unsupervised between what nighttime hours?","a:10:00 PM to 6:00 AM,b:11:00 PM to 5:00 AM,c:Midnight (12:00 AM) to 5:00 AM,d:Midnight (12:00 AM) to 6:00 AM",c,"Maryland provisional license holders under age 18 are restricted from driving unsupervised between the hours of midnight and 5:00 AM, unless they have a valid employment or school-related exception.",medium
2,Traffic Laws & Rules of the Road,"When no speed limit is posted on a residential undivided highway in Maryland, what is the default legal speed limit?","a:25 mph,b:30 mph,c:35 mph,d:40 mph",b,"Under Maryland law, the default (statutory) speed limit is 30 miles per hour on undivided highways in business and residential districts, unless a different limit is posted.",medium
2,Traffic Laws & Rules of the Road,"Under Maryland GDL rules, if a learner's permit applicant holds a valid out-of-country driver's license, how many hours of supervised practice driving must they complete?","a:60 hours (including 10 at night),b:30 hours (including 5 at night),c:14 hours (including 3 at night),d:No practice hours are required",c,"If a Maryland learner's permit holder already holds a valid out-of-country driver's license, they must complete a minimum of 14 hours of supervised driving, with at least 3 of those hours completed at night.",medium
2,Traffic Laws & Rules of the Road,How long must a rookie driver in Maryland hold a Learner's Instructional Permit without any traffic violations before they can graduate to a Provisional License?,"a:3 months,b:6 months,c:9 months,d:12 months",c,"Under Maryland's GDL program, rookie drivers must hold a Learner's Instructional Permit for a minimum of 9 months without any violations before they are eligible to apply for a provisional driver's license.",medium
