section-num,section-name,question,options,correct-answer,note,difficulty
2,Traffic Laws & Rules of the Road,Delaware is known as the 'First State' partly because it was first to ratify the U.S. Constitution. Delaware also had one of the nation's first comprehensive seat belt laws. Which occupants must wear a seatbelt in Delaware today?,"a:Only the driver,b:Driver and front-seat passengers only,c:All occupants in the vehicle,d:Only passengers under age 18",c,"Delaware requires all vehicle occupants — front and rear — to wear a seatbelt. Delaware has primary enforcement, meaning officers can stop a vehicle solely for a seatbelt violation. Delaware's early adoption of comprehensive seatbelt laws reflects its historical role as a legislative pioneer.",medium
2,Traffic Laws & Rules of the Road,What is the minimum age to apply for a learner's permit in Delaware?,"a:14,b:15,c:15 and a half,d:16",d,"Delaware requires applicants to be at least 16 years old to apply for a learner's permit. This is older than many states that allow permits at 15 or 15½. After holding the permit for 6 months and meeting supervised driving requirements, they can apply for a Level 2 license.",medium
2,Traffic Laws & Rules of the Road,What is the legal BAC limit for adult drivers (age 21+) in Delaware?,"a:0.04%,b:0.06%,c:0.08%,d:0.10%",c,Delaware's per se DUI limit is 0.08% BAC for adult drivers. Commercial drivers face a 0.04% limit. A BAC of 0.08% or higher is sufficient for a DUI charge regardless of apparent impairment.,medium
2,Traffic Laws & Rules of the Road,"Under Delaware's zero tolerance law, the illegal BAC for drivers under 21 is:","a:0.00%,b:0.02%,c:0.04%,d:0.08%",b,Delaware sets the underage DUI threshold at 0.02% BAC. A driver under 21 with a BAC at or above 0.02% faces license revocation and criminal penalties. This effectively makes any alcohol consumption illegal before driving for underage drivers.,medium
2,Traffic Laws & Rules of the Road,"Under Delaware's GDL program, how many hours of supervised driving must a Level 1 permit holder complete before applying for a Level 2 license?","a:20 hours including 5 at night,b:30 hours including 10 at night,c:40 hours including 10 at night,d:50 hours including 10 at night",d,"Delaware requires 50 hours of supervised driving practice, including at least 10 hours at night, before a Level 1 permit holder can apply for a Level 2 restricted license. This practice must be certified by a parent or legal guardian.",medium
2,Traffic Laws & Rules of the Road,What is the default speed limit on most urban streets in Delaware when no speed limit sign is posted?,"a:20 mph,b:25 mph,c:30 mph,d:35 mph",b,"Delaware's default speed limit in urban areas is 25 mph where no limit is posted. Always check for posted signs — many streets have limits that differ from the default, and school zones have even lower limits when active.",medium
2,Traffic Laws & Rules of the Road,"In Delaware, what does the GDL nighttime restriction require for Level 2 (restricted) license holders under 18?","a:No nighttime restriction applies,b:No driving between 10 PM and 6 AM,c:No driving between midnight and 5 AM,d:No driving after 9 PM",b,"Delaware Level 2 restricted license holders under 18 may not drive between 10 PM and 6 AM unless accompanied by a licensed adult 25 or older in the front seat, or driving to/from work or school with documentation.",medium
2,Traffic Laws & Rules of the Road,What must you do when a school bus stops on a two-lane Delaware road and activates its flashing red lights?,"a:Stop only if driving behind the bus,b:Slow to 15 mph and proceed,c:Stop in both directions at least 20 feet from the bus until lights stop flashing,d:Yield only when children are visible crossing",c,Delaware law requires vehicles in both directions on an undivided road to stop at least 20 feet from a school bus with flashing red lights and extended stop arm. You may not proceed until the lights stop flashing and the arm retracts.,medium
2,Traffic Laws & Rules of the Road,What is the speed limit in a Delaware school zone when children are present?,"a:10 mph,b:15 mph,c:20 mph,d:25 mph",c,Delaware school zones have a 20 mph speed limit when children are present or warning lights are active. Slow down well before entering the zone and remain alert for children on or near the roadway.,medium
2,Traffic Laws & Rules of the Road,You are driving on a Delaware highway and see an emergency vehicle stopped with flashing lights. What does the Move Over law require?,"a:Slow to 25 mph and maintain your lane,b:Move one lane away from the stopped vehicle if safe; if not, slow to a safe speed,c:Stop completely until the vehicle moves,d:Only move over for police — not tow trucks or utility vehicles",b,"Delaware's Move Over law requires drivers to vacate the lane adjacent to any stopped emergency, law enforcement, towing, or highway maintenance vehicle with flashing lights. If a lane change is not safe, slow to a speed that is reasonable for conditions.",medium
2,Traffic Laws & Rules of the Road,What is the maximum speed limit on Delaware interstates?,"a:55 mph,b:60 mph,c:65 mph,d:70 mph",c,"Delaware's maximum interstate speed limit is 65 mph. Delaware is a small, densely populated state where traffic is heavy near Wilmington and Dover. Urban sections of interstates are often posted at lower limits — always follow posted signs.",medium
2,Traffic Laws & Rules of the Road,"In Delaware, what does a flashing yellow light mean at an intersection?","a:Stop completely and yield before proceeding,b:Slow down and proceed with caution,c:The signal is broken — treat it as a 4-way stop,d:Do not enter the intersection under any circumstances",b,"A flashing yellow light is a caution indicator in Delaware. Reduce speed and proceed carefully — a full stop is not required (unlike a flashing red, which requires a complete stop). Scan carefully for crossing vehicles and pedestrians.",medium
2,Traffic Laws & Rules of the Road,"On a two-lane Delaware road, a solid yellow line is on your side of the center. You want to pass the vehicle ahead. You may:","a:Pass if you can do so in under 5 seconds,b:Pass only if the other car is going more than 10 mph under the limit,c:Not pass — the solid yellow on your side prohibits crossing the center line,d:Pass only if you first signal for 100 feet",c,A solid yellow line on your side of the road is an absolute prohibition on crossing the center line to pass. Wait for a dashed yellow line on your side before attempting to pass.,medium
2,Traffic Laws & Rules of the Road,"Under Delaware's implied consent law, refusing a chemical test after a DUI stop results in:","a:No penalty — refusal is a constitutional right,b:A 1-year license revocation for first refusal,c:Only a fine with no license action,d:A warning only on the first offense",b,Delaware's implied consent law means driving on public roads constitutes consent to chemical testing. A first-offense refusal results in a 1-year license revocation separate from any DUI charge. Refusal can also be introduced as evidence against you in court.,medium
2,Traffic Laws & Rules of the Road,What is the minimum following distance recommended in Delaware for normal driving conditions?,"a:1 second,b:2 seconds,c:3 seconds,d:4 seconds",c,"Delaware recommends a minimum 3-second following distance under normal conditions. In rain, fog, or heavy traffic — common near Delaware's urban corridors — increase to 4–6 seconds. More space equals more reaction time.",medium
2,Traffic Laws & Rules of the Road,Can you turn right on a red light in Delaware?,"a:No, right turns on red are prohibited statewide,b:Yes, after a complete stop and yielding, unless a sign prohibits it,c:Yes, without stopping if no pedestrians are visible,d:Only on non-school days between 7 AM and 9 PM",b,Right turns on red are permitted in Delaware after a complete stop and yielding to pedestrians and cross traffic. Always check for 'No Turn on Red' signs before turning.,medium
2,Traffic Laws & Rules of the Road,A driver in Delaware is approaching a yield sign. What is required?,"a:Stop completely regardless of traffic,b:Slow down and yield to traffic; stop only if necessary,c:Maintain speed and merge when safe,d:Flash headlights to signal your presence",b,"A yield sign requires you to slow down and give the right of way to cross traffic or pedestrians. Stop if necessary to avoid a collision, but a full stop is not required when the way is clear.",medium
2,Traffic Laws & Rules of the Road,"You are stopped at a Delaware intersection on a red light. The light turns green, but a large truck is still in the intersection. You should:","a:Honk to alert the truck and proceed — you have a green,b:Wait for the intersection to clear completely before entering,c:Flash your headlights and move forward,d:Change lanes to go around the truck",b,A green light gives you the right of way but does not guarantee the intersection is clear. Delaware's defensive driving principle requires you to ensure the path is fully clear — especially for large vehicles that take longer to clear — before entering.,medium
2,Traffic Laws & Rules of the Road,What is the correct action when you see a pedestrian with a visual impairment (white cane or guide dog) at a crosswalk in Delaware?,"a:Slow to 10 mph and pass carefully,b:Stop completely and yield the roadway until the pedestrian has crossed safely,c:Honk to alert the pedestrian you are there,d:Yield only if the pedestrian is in your direct lane",b,Delaware law requires drivers to stop and yield completely to any pedestrian using a white cane or guide dog. These individuals are visually impaired and may not see your vehicle. Do not proceed until the pedestrian has completely and safely crossed.,medium
2,Traffic Laws & Rules of the Road,What does the shape and color of a warning sign in Delaware indicate?,"a:Red octagon — stop required,b:Yellow diamond — potential hazard ahead,c:White rectangle — regulatory rule,d:Orange rectangle — construction zone",b,"Yellow diamond-shaped signs are warning signs in Delaware and across the United States. They alert drivers to potential hazards ahead — curves, school zones, pedestrian crossings, merges, and more — and require extra alertness and often a reduction in speed.",medium
2,Traffic Laws & Rules of the Road,"In Delaware, when an emergency vehicle with active lights and siren approaches from behind, you must:","a:Accelerate to the next intersection and pull off,b:Stop immediately in your current lane,c:Pull to the right side of the road and stop until it passes,d:Move to the left lane and reduce speed",c,Delaware law requires drivers to pull to the right side of the road and stop when an emergency vehicle with active lights and siren approaches from any direction. Remain stopped until the vehicle has fully passed before resuming travel.,medium
2,Traffic Laws & Rules of the Road,What is the speed limit on most Delaware rural roads and highways when no sign is posted?,"a:45 mph,b:50 mph,c:55 mph,d:60 mph",c,Delaware's default speed limit on rural roads and highways without a posted limit is 55 mph. Always check for signs — many rural routes have posted limits that may differ from the 55 mph default.,medium
2,Traffic Laws & Rules of the Road,You are driving in Delaware and see a flashing red traffic signal. What must you do?,"a:Slow down and proceed with caution,b:Come to a complete stop, yield to traffic, then proceed when safe — same as a stop sign,c:Treat it as a green light since no cross traffic is using the intersection,d:Stop only if another vehicle is approaching from the cross street",b,"A flashing red signal must be treated as a stop sign in Delaware. Come to a complete stop, yield to traffic and pedestrians in all directions, and proceed when the way is clear.",medium
2,Traffic Laws & Rules of the Road,"When parallel parking on a street in Delaware, your wheels must be within how many inches of the curb?","a:6 inches,b:12 inches,c:18 inches,d:24 inches",b,"Delaware law requires parallel-parked vehicles to be within 12 inches of the curb. Parking too far from the curb creates a hazard for passing vehicles and cyclists, and is a citable parking violation.",medium
2,Traffic Laws & Rules of the Road,"In Delaware, how many feet before a turn must you begin signaling?","a:50 feet,b:100 feet,c:200 feet,d:300 feet",b,Delaware requires drivers to signal at least 100 feet before turning or changing lanes. Signaling early gives surrounding drivers and pedestrians adequate time to respond. Failing to signal is a moving violation in Delaware.,medium
2,Traffic Laws & Rules of the Road,You see a person in a marked crosswalk in Delaware. What must you do?,"a:Slow to 15 mph and proceed if the person is in a different lane,b:Stop and remain stopped until the person has completely crossed the road,c:Honk once and proceed if the way is clear,d:Yield only if they have already begun crossing",b,Delaware law requires drivers to stop and yield the entire roadway to pedestrians in marked crosswalks. You may not proceed until the pedestrian has completely crossed — even if they are in a different lane. Pedestrian right-of-way is absolute in a marked crosswalk.,medium
2,Traffic Laws & Rules of the Road,"In Delaware, what is the consequence of a first-offense DUI for an adult driver?","a:Warning letter and fine only,b:License revocation, fines, possible jail time, and mandatory alcohol treatment,c:Fine only — no license action on a first offense,d:Community service only",b,"A first DUI conviction in Delaware results in license revocation, fines, possible jail time, and mandatory participation in an alcohol treatment program. Delaware's DUI penalties are designed to deter repeat offenses.",medium
2,Traffic Laws & Rules of the Road,"On a Delaware multi-lane road, you see a sign that reads 'Keep Right Except to Pass.' This means:","a:You must always stay in the right lane regardless of speed,b:The left lane is reserved for passing only — use the right lane for normal travel,c:Right lane is for trucks only,d:The sign only applies to drivers below the speed limit",b,"Delaware's 'Keep Right Except to Pass' rule requires drivers to use the right lane for normal travel on multi-lane roads and use the left lane only for passing. After passing, return to the right lane. This rule reduces tailgating and road rage on highways.",medium
2,Traffic Laws & Rules of the Road,You are approaching a railroad crossing in Delaware with flashing red lights and lowering gates. What must you do?,"a:Stop before the gates fully lower and proceed before a train arrives,b:Stop at least 15 feet from the nearest rail and wait until the gates fully rise,c:Slow down to 10 mph and proceed quickly before the train arrives,d:Stop only if you can actually see a train approaching",b,"When railroad crossing lights flash and gates begin lowering, stop at least 15 feet from the nearest rail and wait until the gates fully rise before proceeding. Never try to beat a train — trains cannot stop quickly and impacts are almost always fatal.",medium
2,Traffic Laws & Rules of the Road,What is the legal definition of reckless driving in Delaware?,"a:Any speed exceeding the posted limit by 10 mph or more,b:Operating a vehicle with willful or wanton disregard for the safety of persons or property,c:Any use of a cell phone while driving,d:Driving through a school zone above 25 mph",b,"Reckless driving in Delaware is defined as operating a vehicle with willful or wanton disregard for the safety of persons or property. It is a criminal offense — not just a traffic ticket — and can result in license suspension, fines, and possible imprisonment.",medium
8,Special Situations & Road Users,"When a school bus has its red lights flashing and its stop arm extended, when may motorists proceed?","a:As soon as all students are off the bus.,b:When the stop arm is retracted only.,c:Only after the lights are off",b,"When a school bus has red lights flashing and the stop arm extended, you must remain stopped until the red lights stop flashing and the stop arm is retracted. Do not move while the lights are still flashing, even if students appear to be clear of the road.",
8,Special Situations & Road Users,Why should you avoid sudden stops in front of large trucks and buses?,"a:Large trucks and buses travel at higher speeds than small vehicles.,b:Small vehicle drivers cannot see large trucks in their rearview mirrors.,c:Because large vehicles need longer distances to stop than smaller vehicles.",c,"Large trucks and buses are much heavier than passenger cars, so they need a longer distance to stop. If you brake suddenly in front of them, they may not be able to stop in time, increasing the risk of a rear-end collision.",
4,Safe & Defensive Driving Practices,Why is using a cell phone while driving dangerous?,"a:It causes the driver to worry about call costs.,b:It draws other drivers' attention away from the road.,c:It occupies the driver's eyes",c,"Using a cell phone while driving is dangerous because it distracts you visually, manually, and mentally. Looking at the phone takes your eyes off the road, handling it takes your hands off the wheel, and focusing on the conversation takes your mind off driving, all of which greatly increase crash risk.",
2,Traffic Laws & Rules of the Road,"When preparing to make a left turn from a two-way street, you should begin your turn from:","a:The lane closest to the centerline.,b:The right-hand side of the road.,c:On the left of the centerline.",a,"For a left turn from a two-way street, you should start from the lane closest to the centerline. This position shortens the turn, keeps you predictable to other drivers, and helps you enter the correct lane on the new road.",
2,Traffic Laws & Rules of the Road,"If there are oncoming vehicles to your left and parked cars to your right, how should you steer?","a:Steer a middle course between the oncoming and parked vehicles.,b:Steer closer to the oncoming vehicles than the parked vehicles.,c:Steer closer to the parked cars than the oncoming vehicles.",a,"When there are oncoming vehicles on your left and parked cars on your right, steer a middle course between them. This gives you the greatest possible space on both sides and reduces the chance of sideswiping a parked car or drifting into oncoming traffic.",
4,Safe & Defensive Driving Practices,"As daylight fades, which lights should you use to help others see you?","a:Emergency flashers.,b:Low beam headlights.,c:Parking lights.",b,"As daylight fades or in low‑light conditions, you should turn on your low beam headlights so other drivers can see you and you can see the road. Parking lights and emergency flashers are not a substitute for headlights while driving.",
4,Safe & Defensive Driving Practices,Which statement about braking and accelerating is correct?,"a:Always brake abruptly to ensure stopping.,b:Use your left foot to brake.,c:Use your right foot for both braking and accelerating.",c,Use your right foot for both the accelerator and the brake so you don’t accidentally press both pedals at once. Apply the brakes smoothly and gradually to maintain control and give drivers behind you time to react.,
2,Traffic Laws & Rules of the Road,"When driving in a construction zone, what's the best approach?","a:Slightly increase your speed.,b:Expect the unexpected and proceed with extra caution.,c:Expect workers to yield to motorists.",b,"In construction zones, slow down, be prepared for sudden stops, lane shifts, and workers or equipment entering the roadway. Expect the unexpected and proceed with extra caution to protect both workers and drivers.",difficult
4,Safe & Defensive Driving Practices,What important action should you take when making a turn?,"a:Always move to the left lane.,b:Check traffic in all directions.,c:Increase your speed.",b,"Before making any turn, you must check traffic in all directions: ahead, behind, and to both sides. This helps you judge gaps, see pedestrians, cyclists, and other vehicles, and adjust your speed and lane position so you can turn safely.",
2,Traffic Laws & Rules of the Road,"If you enter a designated left-turn lane with oncoming traffic, what should you do before turning?","a:Turn your front wheels left to be ready to turn.,b:Move to the left of the center lane to prepare.,c:Signal about 100 feet before and keep wheels straight until you actually turn.",c,"When waiting to turn left, signal in advance (about 100 feet before the turn where practical) and keep your front wheels pointed straight. If another vehicle hits you from behind, straight wheels help prevent your car from being pushed into oncoming traffic.",difficult
2,Traffic Laws & Rules of the Road,"When following a large truck on the freeway, you should:","a:Follow more closely than you would a passenger vehicle.,b:Always remain to the right of the truck and wait to pass.,c:Follow farther behind than you would a passenger vehicle.",c,"Large trucks need more distance to stop and have big blind spots directly in front, behind, and along the sides. To stay safe, leave extra following distance behind a truck so you have more time to react and can see the road ahead.",
5,Driving in Special Conditions,"If your vehicle begins to lose traction because of standing water, you should:","a:Maintain your speed to improve traction.,b:Apply the brakes firmly to regain control.,c:Slow down gradually and avoid using the brakes.",c,"When your tires ride on top of water (hydroplaning), sudden braking or steering can cause a skid. Ease off the accelerator, keep the wheels straight, and slow down gradually without braking until you regain traction.",
6,"Alcohol, Drugs & Impaired Driving",What happens as your BAC increases?,"a:You become more sober.,b:You become more intoxicated.,c:You become more coordinated.",b,"As blood alcohol concentration (BAC) goes up, judgment, reaction time, coordination, and vision all get worse. Even small increases in BAC mean more impairment and a higher risk of a crash.",
3,"Signs, Signals & Road Markings",What does a steady green traffic light allow you to do?,"a:Continue through the intersection at a safe and reasonable speed if it is clear.,b:Adjust your mirrors.,c:Increase your speed.",a,"A steady green light means you may go straight or turn, if it is safe and the way is clear. You must still yield to pedestrians and any vehicles already in the intersection; it does not give you permission to speed up.",
4,Safe & Defensive Driving Practices,What is a common effect of excessive speed?,"a:It often leads to high-risk decision-making.,b:It increases your ability to react to hazards.,c:It does not increase crash risk.",a,Driving too fast reduces the time you have to see and react to hazards and often leads to risky maneuvers like hard braking or sudden lane changes. Excessive speed greatly increases both the chance and severity of crashes.,
3,"Signs, Signals & Road Markings",A broken yellow line next to a solid yellow line means passing is:,"a:Permitted from the lane adjacent to the solid line.,b:Permitted from the lane adjacent to the broken line.,c:Prohibited from both directions.",b,"A broken yellow line next to a solid yellow line separates traffic moving in opposite directions. Passing is allowed only from the side with the broken line, and drivers on the side with the solid line must not cross it to pass.",
3,"Signs, Signals & Road Markings",A broken yellow line between two lanes of traffic means:,"a:Both lanes of traffic go in the same direction.,b:Passing is not permitted.,c:Passing is permitted when it is safe.",c,A broken yellow line between two lanes means the lanes carry traffic in opposite directions and passing is allowed when it is safe and clear. You must still check for oncoming traffic and only pass when you have enough space.,
5,Driving in Special Conditions,To help prevent hydroplaning on wet roads you should:,"a:Move to the shoulder of the road as soon as it starts to rain.,b:Use cruise control to maintain a constant speed.,c:Slow down.",c,"Hydroplaning happens when your tires ride on a thin layer of water and lose contact with the road, usually at higher speeds. To help prevent hydroplaning, slow down when roads are wet and avoid sudden acceleration, braking, or sharp steering.",
2,Traffic Laws & Rules of the Road,"Exiting a freeway on a ramp that curves downhill, what should you do?","a:Wait until you are in the curve to begin braking.,b:Slow to the posted freeway speed limit.,c:Slow to a safe speed before entering the curve.",c,"When exiting a freeway on a downhill curve, you should reduce speed to a safe level before entering the curve. Braking hard while in the curve can cause skidding or loss of control, especially on a downgrade.",
5,Driving in Special Conditions,"To avoid hydroplaning in wet conditions, what should you do?","a:Drive at speeds suitable for ideal conditions.,b:Apply brakes as soon as the car starts to skid.,c:Slow down.",c,"To avoid hydroplaning, drive more slowly in wet conditions so your tires can maintain contact with the road surface. Adjust your speed below what you would use in ideal conditions and avoid sudden maneuvers.",
8,Special Situations & Road Users,Why should drivers give extra space to children on bicycles?,"a:They are less predictable and may not judge traffic situations well.,b:Both of the above.,c:They are smaller and more difficult to see than adults.",b,"Drivers should give extra space to children on bicycles because they are smaller and harder to see, and they are often less predictable in how they ride. Children may suddenly swerve, stop, or enter the roadway without checking for traffic, so giving them more room and slowing down helps prevent collisions.",
7,Vehicle Ownership & Responsibilities,When should your wheels not be pointed straight ahead?,"a:When waiting to make a left turn at a traffic light.,b:When parked on the side of a level roadway where there is no curb.,c:When parked on a hill or sloping driveway.",c,"When parked on a hill or sloping driveway, your wheels should not be pointed straight ahead. Turn the wheels so that if the brakes fail, the vehicle will roll away from traffic and toward the curb or edge of the road. On level roads without a curb, you may leave the wheels straight, but on hills you must turn them for safety.",
8,Special Situations & Road Users,"What are ""no zones"" around large trucks?","a:They have sufficient space to travel behind the truck.,b:They are areas where cars have several car lengths between their vehicle and the truck.,c:Areas where cars disappear into blind spots or are so close they restrict the truck driver's ability to maneuver safely.",c,"“No zones” are the large blind spots and danger areas around trucks and other large vehicles. If you drive in these areas, the truck driver may not see you, or you may be so close that the truck cannot stop or turn safely. Stay out of these zones by not lingering alongside trucks and by leaving extra following distance.",
2,Traffic Laws & Rules of the Road,"Unless otherwise posted, what is the speed limit in residential areas?","a:30 mph,b:25 mph,c:20 mph",b,"In many U.S. states, the general speed limit in residential areas is 25 mph unless signs show a different limit. Residential areas often have children, pedestrians, and cars entering or leaving driveways, so driving at or below 25 mph and staying alert helps you stop in time for unexpected hazards.",
4,Safe & Defensive Driving Practices,"When reversing, what is the correct technique?","a:Press hard on the gas pedal to maneuver quickly.,b:Rely only on your rearview mirror.,c:Look through the rear window while backing up.",c,"When reversing, you should turn your head and look directly through the rear window while backing up slowly. Mirrors alone do not show everything behind your vehicle, and using too much gas can make it hard to control your speed and stop quickly. Move at a walking pace so you can react to people, vehicles, or objects behind you.",
6,"Alcohol, Drugs & Impaired Driving",Only which factor can lower your blood alcohol concentration (BAC)?,"a:Eating foods high in fat.,b:Drinking caffeine.,c:Time.",c,"Only time lowers your BAC. Your body must metabolize the alcohol, and this happens at a fairly steady rate. Eating food, drinking coffee, taking a cold shower, or exercising may make you feel more awake, but they do not speed up how fast alcohol leaves your bloodstream.",
5,Driving in Special Conditions,"When conditions require you to drive with headlights on, which lights should you use?","a:Use your high beams.,b:Use your parking lights.,c:Use your low beams.",c,"When conditions require headlights (such as rain, fog, snow, or darkness), you should normally use low beam headlights. Low beams give you good visibility without creating excessive glare or reflection. High beams can reflect off rain, fog, or snow and make it harder to see, and parking lights alone are not legal or safe for driving because they do not provide enough light or make you visible enough to others.",
2,Traffic Laws & Rules of the Road,At a Yield sign you must:,"a:Yield the right-of-way to crossing traffic that is close enough to cause a conflict.,b:Always slow down and proceed without stopping.,c:Yield only to vehicles on your right.",a,"At a Yield sign, you must slow down and be prepared to stop. You must let crossing or merging traffic go first if it is close enough to be a hazard. If there is no traffic or pedestrians that would conflict with your movement, you may proceed without stopping.",
2,Traffic Laws & Rules of the Road,"When turning left from a two-way street onto a one-way street, where should you end up?","a:Turn into the first lane of the one-way street.,b:Turn into any lane.,c:Turn into the second lane.",a,"When turning left from a two-way street onto a one-way street, start from the left lane of the two-way street and turn into the first legal lane on the one-way street, usually the lane closest to the left curb. Turning into the nearest lane helps keep traffic organized and prevents conflicts with vehicles in other lanes.",
2,Traffic Laws & Rules of the Road,A flashing red traffic light at an intersection means you must:,"a:You are traveling in the wrong direction.,b:Treat the intersection as if it is controlled by a stop sign (come to a complete stop).,c:Not proceed until it changes to green.",b,"A flashing red light means the same as a stop sign. You must come to a complete stop at the stop line, crosswalk, or before entering the intersection. After stopping, yield to pedestrians and other vehicles in or approaching the intersection, then proceed only when it is safe.",
3,"Signs, Signals & Road Markings",A steady red arrow on a traffic signal means:,"a:Drivers may not proceed in the indicated direction until the signal changes.,b:Drivers may turn in the indicated direction after coming to a complete stop.,c:Drivers may proceed without stopping.",a,A steady red arrow means you must stop and you are not allowed to go in the direction of the arrow until it turns green or a green arrow appears. You must wait; no turns or movements are allowed in that direction on a steady red arrow.,
2,Traffic Laws & Rules of the Road,"If you drive slower than the flow of traffic, what is the most likely result?","a:You may interfere with traffic and could receive a citation.,b:You will improve traffic flow.,c:You will demonstrate defensive driving skills.",a,"Driving much slower than the normal flow of traffic can be dangerous because other drivers may need to brake or change lanes suddenly. If you unnecessarily block or interfere with traffic, you can be cited. When safe and legal, match the speed of traffic up to the posted limit.",
4,Safe & Defensive Driving Practices,Why should you signal continuously while turning?,"a:It is always unsafe to turn off a signal before completing a turn.,b:It is illegal to turn off your signal before completing a turn.,c:So other road users know your intentions.",c,"You should keep your turn signal on throughout the entire turn or lane change so that other drivers, bicyclists, and pedestrians clearly understand what you plan to do. Signaling continuously gives others time to react and helps prevent collisions.",
5,Driving in Special Conditions,"If the roadway is wet or icy, what should you do?","a:Drive at the posted speed.,b:Speed up to pass hazards quickly.,c:Reduce your speed.",c,"On wet or icy roads, your tires have less grip, so it is easier to skid or lose control. Reducing your speed gives you more time to react and helps you stop more safely. Always adjust your speed to road and weather conditions, even if it is below the posted limit.",
3,"Signs, Signals & Road Markings","At a yield sign, what must you do?","a:Yield only to vehicles on your right.,b:Slow down but never stop.,c:Yield the right-of-way to traffic that is close enough to cause conflict.",c,"At a yield sign, you must slow down and be prepared to stop. Yield the right-of-way to traffic and pedestrians already in or close to the intersection or roadway you are entering. Proceed only when it is safe and will not force others to slow or stop suddenly.",
2,Traffic Laws & Rules of the Road,"If you face a green traffic light but the intersection ahead is blocked by traffic, you should:","a:Follow the vehicle ahead and enter the intersection.,b:Turn left and find another route.,c:Stay out of the intersection until traffic clears.",c,"You must not enter an intersection unless you can completely clear it, even with a green light. If traffic ahead is stopped and you would be left blocking the cross street, stay behind the stop line until there is enough space to drive all the way through.",difficult
5,Driving in Special Conditions,When must you use low beam headlights?,"a:On a lighted street.,b:In fog.,c:On a freeway.",b,"In fog you must use low beam headlights because high beams reflect off the water droplets in the air and create glare, making it harder to see. Low beams give better visibility in fog, rain, snow, or mist and make your vehicle more visible to others.",
8,Special Situations & Road Users,Why is extra space needed in front of a large truck?,"a:Other drivers to merge onto the freeway.,b:Other drivers when they want to slow down.,c:So the truck driver has room to stop and because trucks need longer stopping distances.",c,Large trucks are heavy and need a much longer distance to stop than smaller vehicles. Leaving extra space in front of a truck gives the truck driver room to slow or stop safely and reduces the risk of a rear-end collision if traffic suddenly changes.,
2,Traffic Laws & Rules of the Road,"On the interstate, how can you avoid merging traffic entering from on-ramps to your right?","a:Slow down and stay in the right lane.,b:Change lanes to the left when traffic permits.,c:Maintain your speed and lane position always.",b,"On interstates, traffic often enters from the right. When it is safe, moving one lane to the left creates space for merging vehicles and reduces conflicts. If you cannot move left, be prepared to adjust your speed slightly to help them merge smoothly.",
5,Driving in Special Conditions,How can you make room for vehicles entering the freeway?,"a:Slow down.,b:Merge into a different lane when possible to create a gap.,c:Maintain your speed and position.",b,"When vehicles are entering a freeway, help them merge safely by creating space. If possible, change to a lane farther from the on-ramp to open a gap. If you cannot change lanes, adjust your speed slightly so there is a safe space for the entering vehicle to merge.",
8,Special Situations & Road Users,What is true about large trucks compared to passenger vehicles?,"a:They are more maneuverable than passenger vehicles.,b:They all have air brakes that allow very quick stops.,c:They take longer to stop than passenger cars.",c,"Large trucks are heavier and need more distance to stop than passenger cars, especially at higher speeds. Even with good brakes, their weight means they cannot stop as quickly as smaller vehicles, so you should avoid cutting in front of them or braking suddenly.",
3,"Signs, Signals & Road Markings",A solid yellow line on your side of the centerline means you should:,"a:Expect a traffic light ahead.,b:Not pass.,c:Reduce your speed.",b,"A solid yellow line on your side of the centerline means passing is prohibited from your lane. You may cross it only to turn left safely into or out of a driveway or side road, but not to pass another vehicle.",
8,Special Situations & Road Users,"When a school bus is picking up or dropping off children, drivers approaching from either direction must:","a:Stop only if they are traveling in the same direction as the bus.,b:Slow down and be prepared to stop only if there are children in the street.,c:Stop when the bus has its red lights flashing and stop arm extended, unless you are on the opposite side of a divided highway with a physical median or barrier.",c,"When a school bus is stopped with red lights flashing and the stop arm extended, drivers from both directions must stop on undivided roads. On a divided highway with a physical median or barrier, only traffic traveling in the same direction as the bus must stop; oncoming traffic on the other side of the median may proceed with caution.",
4,Safe & Defensive Driving Practices,Which statement about blind spots is true?,"a:Blind spots can be checked using only your rearview mirror.,b:Blind spots are eliminated with one outside mirror.,c:Large trucks have larger blind spots than most passenger vehicles.",c,"Blind spots are areas you cannot see in your mirrors. Large trucks have much bigger blind spots on all sides than passenger cars, especially on the right side and directly behind the truck. Avoid lingering in these areas where the truck driver may not see you.",
3,"Signs, Signals & Road Markings","When double solid yellow lines separate lanes of traffic, what is true?","a:Passing is permitted from the right.,b:Passing is not permitted from either direction.,c:Passing is permitted from the left.",b,Double solid yellow lines separate traffic moving in opposite directions and mean that passing is not allowed from either direction. You must stay in your lane and may only cross these lines when turning left safely into or out of a driveway or side road where it is permitted.,
2,Traffic Laws & Rules of the Road,Why should you look farther ahead on a freeway than on city streets?,"a:So you can keep up with traffic.,b:Because it takes a quarter mile to stop.,c:To see potential hazards earlier.",c,"On freeways you travel at higher speeds, so hazards, slowdowns, and merging traffic develop more quickly. Looking farther ahead gives you more time to see problems early and adjust smoothly, instead of braking or swerving at the last second.",
2,Traffic Laws & Rules of the Road,"When parking downhill on a two-way road with no curb, you should turn your front wheels:","a:Toward the center of the road (left).,b:Toward the side of the road (right).,c:Straight ahead.",b,"When parking downhill with no curb, turn the front wheels toward the side of the road (right). If the brakes fail, the vehicle will roll off the roadway instead of into oncoming traffic.",
2,Traffic Laws & Rules of the Road,When should you not start across an intersection because you might block it when the light turns red?,"a:Unless you entered on a green light.,b:Under any circumstances you should avoid entering if you cannot clear it before the light turns red.,c:Unless you entered on a yellow light.",b,"You must not enter an intersection unless there is enough space to clear it completely, even if the light is green. Entering when you cannot get all the way through can leave you blocking cross traffic when the light changes, which is unsafe and often illegal.",difficult
5,Driving in Special Conditions,When is a wet highway surface most likely to be especially slippery?,"a:If it has been raining for one to two hours.,b:If it has been raining several hours.,c:If it has just begun to rain.",c,"When rain first begins, oil and other residues on the road surface mix with the water and create a very slick film. Until continued rain washes this away, traction is reduced and it is easier to skid, so you should slow down and drive smoothly.",
6,"Alcohol, Drugs & Impaired Driving",Even a small amount of alcohol in the blood can affect a driver's what?,"a:Knowledge.,b:Right-of-way privileges.,c:Judgment and physical coordination.",c,"Even a small amount of alcohol can slow your reactions and affect your judgment and coordination. This makes it harder to steer, brake, and make safe decisions, increasing the risk of a crash.",
4,Safe & Defensive Driving Practices,"If your vehicle begins to skid, what should you do?","a:Turn off the ignition.,b:Ease up on the gas pedal.,c:Brake as hard as possible.",b,"When a vehicle begins to skid, smoothly ease off the accelerator (and off the brake if you were braking) so the tires can regain traction, and steer in the direction you want the front of the vehicle to go. Do not slam on the brakes or turn off the ignition, as that can cause a complete loss of control.",
4,Safe & Defensive Driving Practices,"On the highway, consistently scanning far ahead of your vehicle primarily helps to:","a:Help you keep up with traffic.,b:Reduce the need for last-minute braking or turning.,c:Allow you to spot upcoming police officers.",b,"On highways you should look well ahead so you can see slow traffic, lane closures, or hazards early. This gives you time to adjust speed or change lanes smoothly, which reduces sudden braking or swerving and lowers the risk of collisions.",
5,Driving in Special Conditions,"Roads are especially slippery just after it starts to rain. When the road is slippery, you should:","a:Test your tires' traction by accelerating while going uphill.,b:Decrease the distance you look ahead of your vehicle.,c:Avoid fast turns or sudden stops and drive more slowly.",c,"Right after it starts to rain, oil and dirt mix with water and make the road very slippery. You should slow down, avoid fast turns, and avoid sudden braking or acceleration so your tires can maintain traction and you are less likely to skid.",
4,Safe & Defensive Driving Practices,To stay aware of traffic behind you you should:,"a:Turn and look out your back window each time.,b:Frequently check your rearview mirror.,c:Keep other vehicles out of your blind spots at all times.",b,"To stay aware of traffic behind you, check your mirrors frequently—about every few seconds and before changing lanes, slowing, or turning. This helps you know where other vehicles are and react safely if someone is following too closely or approaching quickly.",
2,Traffic Laws & Rules of the Road,"If you want to enter the freeway but do not see a gap in traffic, you should:","a:Stop at the end of the ramp and wait for a gap.,b:Maintain your speed and force other drivers to create a gap.,c:Slow down on the ramp and wait for a gap.",c,"When entering a freeway, use the entrance ramp and acceleration lane to adjust your speed to match freeway traffic and merge into a safe gap. If you do not see a gap, slow down on the ramp and wait for one; avoid stopping at the end of the ramp because it makes it hard to accelerate and merge safely.",
4,Safe & Defensive Driving Practices,"If you're about to be struck from the rear, which action should you avoid?","a:Brace yourself by pressing into the seat back.,b:Press your head against the head restraint.,c:Release your seat belt.",c,"In a rear-end collision, you should keep your seat belt fastened and press your body and head firmly against the seat and head restraint. This helps your body move with the seat and reduces the whipping motion of your neck and spine. Never release your seat belt; it is your primary protection in any crash.",difficult
7,Vehicle Ownership & Responsibilities,Children under age 16 in a moving vehicle must:,"a:Be restrained at all times.,b:Be restrained only on freeways.,c:Be restrained at the parent's discretion.",a,"Children must always be properly restrained in a moving vehicle, using the correct child safety seat, booster, or seat belt for their age, size, and weight. This applies on all roads, not just freeways, and is not left to a parent’s discretion because proper restraints greatly reduce the risk of injury or death in a crash.",
7,Vehicle Ownership & Responsibilities,"After a minor collision at an intersection with no injuries and little damage, what should you do if it is safe?","a:Not move your vehicle for any reason.,b:Leave your vehicle in the traffic lane until law enforcement arrives.,c:Move your vehicle out of the traffic lane if possible.",c,"After a minor crash with no injuries, if the vehicles are drivable and it is safe, you should move them out of the traffic lane to the shoulder or a safe area. This helps prevent additional collisions and keeps traffic flowing. Leave vehicles in the lane only if they cannot be moved or it is unsafe to do so.",difficult
8,Special Situations & Road Users,Always stop before crossing railroad tracks when:,"a:The railroad crossing is in a city or town with frequent train traffic.,b:There isn't room on the other side for you to completely clear the tracks.,c:You are transporting two or more young children.",b,You must not enter a railroad crossing unless there is enough space on the far side for your vehicle to completely clear the tracks. Stopping on the tracks is extremely dangerous because a train cannot stop quickly. Always wait until you can fully clear the crossing before proceeding.,
5,Driving in Special Conditions,"To help avoid skids on slippery surfaces, what should you do?","a:Shift to a lower gear after starting down a steep hill.,b:Speed up to enter curves and slow down to exit them.,c:Slow down before entering curves and intersections.",c,"To avoid skids on slippery roads, slow down before you reach curves and intersections so you can steer smoothly without hard braking. Braking or accelerating suddenly while turning increases the chance of losing traction and skidding.",
2,Traffic Laws & Rules of the Road,Which is true about roadwork (work) zones?,"a:Slow only if you think workers are present.,b:Fines are always the same as normal conditions.,c:You must slow down for the Cone Zone.",c,"In work zones, you must slow down and drive with extra caution whenever you see cones, signs, or workers, even if you are not sure workers are immediately next to the lane. Many states increase fines in work zones to encourage drivers to reduce speed and pay close attention.",difficult
4,Safe & Defensive Driving Practices,"As you near the crest of a hill, you should:","a:Speed up slightly.,b:Keep a steady speed.,c:Be prepared to stop if necessary.",c,"As you approach the top of a hill, your view of oncoming traffic, stopped vehicles, or obstacles is limited. You should reduce speed and be ready to stop if needed so you can react safely to anything that appears as you reach the crest.",
2,Traffic Laws & Rules of the Road,"When changing lanes, you should:","a:Rely only on the left side mirror.,b:Look over your shoulder in the direction you plan to move to check the blind spot.,c:Rely solely on the rearview mirror.",b,"Before changing lanes, always check your mirrors and then quickly look over your shoulder in the direction you want to move. This shoulder check lets you see into your blind spot, where vehicles may not appear in your mirrors.",
6,"Alcohol, Drugs & Impaired Driving",Alcohol is classified as which type of drug?,"a:An antihistamine.,b:A depressant.,c:A stimulant.",b,"Alcohol is a central nervous system depressant. It slows brain function, reduces judgment, and delays reaction time, which makes driving unsafe even at relatively low blood alcohol levels.",
3,"Signs, Signals & Road Markings",What does a broken yellow centerline mean?,"a:Passing is not permitted.,b:Passing on the right is permitted when the way ahead is clear.,c:Passing on the left is permitted when the way ahead is clear.",c,"A broken yellow centerline separates traffic moving in opposite directions. When the line on your side is broken, you may cross it to pass another vehicle on the left, but only when the lane is clear and it is safe and legal to do so.",
4,Safe & Defensive Driving Practices,"If a child appears about to run into the street, you should:","a:Sound a sharp blast of your horn.,b:Flash your headlights.,c:Only begin to prepare to slow down.",a,"If a child looks like they may run into the street, you must be ready to stop immediately and warn them. A sharp blast of the horn alerts the child and others to danger. At the same time, you should cover the brake and be prepared to slow or stop quickly to avoid a collision.",
7,Vehicle Ownership & Responsibilities,"If a vehicle has airbags, what is still required for safety?","a:Seat belts do not need to be worn.,b:Seat belts should be worn behind the back.,c:Seat belts should still be worn.",c,"Airbags are designed to work together with seat belts, not replace them. Seat belts keep you properly positioned so the airbag can protect you and reduce the risk of being thrown from the vehicle. You must always wear your seat belt, even in vehicles equipped with airbags.",
5,Driving in Special Conditions,"When driving at night, what should you do to reduce collision risk?","a:Always use your high beams.,b:Look directly at oncoming headlights.,c:Increase your following distance.",c,"At night, visibility is reduced and it is harder to see hazards in time. Increasing your following distance gives you more time to react if the vehicle ahead slows or stops suddenly. Use low or high beams appropriately, but do not look directly at oncoming headlights, as this can temporarily blind you.",
2,Traffic Laws & Rules of the Road,"If you see a lane sign showing an arrow with the word ""ONLY"" beneath it, you should:","a:Look for a destination sign to follow instead of the arrow.,b:Always change lanes when you see it.,c:Travel only in the direction indicated by the arrow.",c,"A lane control sign with an arrow and the word “ONLY” means that traffic in that lane must go only in the direction of the arrow. You may not go straight or turn in any other direction from that lane. If you need a different direction, change lanes safely before reaching the intersection.",
3,"Signs, Signals & Road Markings",What does a solid yellow arrow signal mean for a left turn?,"a:You should speed up to make the turn before it changes.,b:You don't need to signal to turn from the indicated lane.,c:Prepare to stop and yield the right-of-way to oncoming traffic — the protected turn is ending.",c,"A solid yellow left-turn arrow warns that the protected green arrow phase is ending. You should prepare to stop if it is safe to do so and be ready to yield to oncoming traffic and pedestrians. After the yellow arrow, you may lose the protected turn and may have to turn only when there is a safe gap.",
4,Safe & Defensive Driving Practices,"If the rear of your vehicle is sliding left in a skid, what should you do?","a:Not turn the wheel.,b:Turn the steering wheel left (in direction of skid).,c:Turn the wheel right (away from skid).",b,"If the rear of your vehicle begins to skid, you should steer in the same direction the rear is sliding. If the rear slides left, gently turn the steering wheel to the left while easing off the accelerator. This helps the vehicle straighten out. Avoid hard braking unless your vehicle has ABS and you are braking firmly in an emergency.",
7,Vehicle Ownership & Responsibilities,You must show proof of insurance to law enforcement:,"a:Only if you are involved in a collision.,b:Only if you are stopped and cited.,c:If you are involved in a collision or stopped for a citation.",c,"Drivers must carry proof of financial responsibility, usually an insurance card, whenever they drive. You are required to show this proof to a law enforcement officer if you are stopped for a traffic violation or involved in a collision. Failing to provide proof can result in citations or other penalties.",difficult
2,Traffic Laws & Rules of the Road,When is it safe to move back into the right lane after passing another vehicle?,"a:When you can see both headlights of the passed vehicle in your rearview mirror.,b:When you are one vehicle length ahead.,c:When you are 50 feet ahead of the passed vehicle.",a,"After passing, do not move back into the right lane until you are safely ahead of the vehicle you passed. A good rule is to wait until you can see both headlights of the passed vehicle clearly in your inside rearview mirror. This indicates you have enough space to return without cutting the other driver off.",difficult
3,"Signs, Signals & Road Markings",Broken yellow lines on the roadway are used to:,"a:Separate lanes of traffic moving in the same direction.,b:Indicate no passing zones.,c:Separate traffic moving in opposite directions",c,"Yellow centerlines separate traffic moving in opposite directions. When the yellow line is broken, it means passing is allowed when it can be done safely and legally. Solid yellow lines, or combinations of solid and broken, are used to mark no-passing zones or restrict passing from one direction.",
4,Safe & Defensive Driving Practices,"If you are angry after an argument, what is the safest course of action before driving?","a:Drive on the interstate to let off steam.,b:Take a few minutes to cool off before driving.,c:Loudly play the radio while driving so you won’t think about your argument.",b,"Strong emotions like anger, sadness, or excitement can distract you, slow your reactions, and lead to risky decisions. If you are upset after an argument, the safest choice is to wait and give yourself time to calm down before driving. You should only drive when you can focus fully on the road and other users.",
6,"Alcohol, Drugs & Impaired Driving","While in a motor vehicle on a highway, it is:","a:Legal to drink alcohol while driving if you are not intoxicated.,b:Legal to drink alcohol if you are not the driver.,c:Illegal to drink or possess open containers of alcohol.",c,"Open container laws generally make it illegal for anyone in a moving vehicle on a public road to drink alcohol or possess an open container of alcohol, regardless of whether they are the driver or a passenger. Even if a driver is not yet legally intoxicated, drinking while driving is unsafe and typically prohibited. Operating a vehicle while impaired by alcohol or drugs is always illegal.",
2,Traffic Laws & Rules of the Road,When should you drive at the maximum posted speed limit?,"a:Only during the day.,b:Only under ideal driving conditions.,c:Only during the night.",b,"The posted speed limit is the maximum speed allowed under ideal conditions, not a required speed. You must always adjust your speed for traffic, weather, visibility, and road conditions, and drive slower when conditions are not ideal, even if that is below the posted limit.",
8,Special Situations & Road Users,When must drivers yield the right-of-way to pedestrians in a crosswalk?,"a:At all times.,b:Only if the pedestrians wave to the driver.,c:Only if the pedestrians are not using a phone.",a,"Drivers must yield the right-of-way to pedestrians in marked and unmarked crosswalks. You must stop or slow as needed for any pedestrian who is in the crosswalk or approaching your lane, regardless of whether they signal to you or are using a phone. Pedestrian safety takes priority whenever they are lawfully crossing.",
2,Traffic Laws & Rules of the Road,"Before changing lanes or passing, what should you do?","a:Only signal and assume it's safe.,b:Change lanes quickly without checking mirrors.,c:Signal, check mirrors, and check blind spots by looking over your shoulder.",c,"Before changing lanes or passing, you must signal, check your mirrors, and look over your shoulder to check your blind spot. Blind spots are areas you cannot see in your mirrors, so a quick head check is essential to be sure there is no vehicle, motorcycle, or bicycle beside you before you move into another lane.",
5,Driving in Special Conditions,"If you see orange construction signs and cones on a freeway, what must you do?","a:Change lanes and maintain your current speed.,b:Slow down because the lane ends ahead.,c:Be prepared for workers and equipment ahead.",c,"Orange signs and cones indicate a work zone. You must be prepared for workers on or near the roadway, construction vehicles entering or leaving, lane shifts, and reduced speeds. Slow down, follow posted work-zone speed limits, and be ready to stop or change lanes as directed by signs or flaggers.",difficult
3,"Signs, Signals & Road Markings",When may you cross double yellow centerlines to pass another vehicle?,"a:The yellow line next to the opposite side is broken.,b:The yellow line next to your side of the road is broken.,c:The vehicle in front of you moves right to let you pass.",b,"A broken yellow line next to your lane means you may pass when it is safe and legal to do so. If the yellow line on your side is solid, you must not cross it to pass, even if the line on the opposite side is broken.",
8,Special Situations & Road Users,"If there is no crosswalk and a pedestrian is crossing your lane ahead, what must you do?","a:Make eye contact and then pass the pedestrian.,b:Stop and let the pedestrian finish crossing the street.,c:Slow down as you pass the pedestrian.",b,Drivers must yield to pedestrians crossing the road even if there is no marked crosswalk.,
2,Traffic Laws & Rules of the Road,"When approaching an intersection with a flashing red light, you must:","a:Come to a complete stop, yield to traffic and pedestrians, then proceed when safe.,b:Reduce your speed and proceed with caution.,c:Come to a full stop and remain stopped until the light stops flashing.",a,"A flashing red light means the same as a stop sign. You must come to a complete stop, yield to traffic and pedestrians, and then proceed when it is safe. You do not stay stopped indefinitely; you go after yielding the right-of-way.",
8,Special Situations & Road Users,"When following a motorcycle, what should you do?","a:Allow a larger following distance.,b:Drive more slowly.,c:Be ready to use your horn.",a,"Motorcycles can stop and maneuver more quickly and are less visible than cars, so you should allow a larger following distance—at least three to four seconds. This extra space gives you more time to react if the motorcycle slows or stops suddenly.",
7,Vehicle Ownership & Responsibilities,"If your vehicle has a two-part (lap and shoulder) seat belt system, how should you use it?","a:Use only the lap belt.,b:Use both the lap and shoulder belts.,c:Use only the shoulder belt.",b,"If your vehicle has both a lap belt and a shoulder belt, you should always wear both. The lap belt keeps your lower body in place, and the shoulder belt helps protect your head and chest in a crash.",
4,Safe & Defensive Driving Practices,When should you yield to a pedestrian?,"a:Only if traffic signals favor the pedestrian.,b:Only if they are in a crosswalk.,c:At all times to avoid striking them",c,"Drivers must always do everything reasonably possible to avoid hitting pedestrians, even if the pedestrian is crossing illegally or against a signal. Yielding to pedestrians whenever there is a risk of conflict helps prevent serious injury or death.",
2,Traffic Laws & Rules of the Road,How must you treat an intersection where the traffic signal is not operating?,"a:Drive quickly through to get out of the way of other vehicles.,b:If the intersection is clear, proceed through without stopping.,c:Come to a full stop and yield the right-of-way before entering the intersection.",c,"When a traffic signal is completely dark or not operating, you must treat the intersection as an all-way stop. Come to a complete stop, then proceed only when it is your turn and it is safe, yielding the right-of-way to any vehicles or pedestrians already in or clearly approaching the intersection.",
2,Traffic Laws & Rules of the Road,You may safely return to your lane after passing another vehicle when:,"a:You have cleared the other vehicle's front bumper.,b:You can see the passed vehicle’s headlights in your rearview mirror.,c:You are about three seconds ahead of the passed vehicle.",b,"After passing, you should not move back into your original lane until you can see the front of the passed vehicle (its headlights in the daytime or at night) in your rearview mirror. This indicates you have enough space to return without cutting the other driver off.",
5,Driving in Special Conditions,"If there is a deep puddle ahead, you should:","a:Shift into neutral while driving through it.,b:Avoid it if possible.,c:Maintain the posted speed to make it through.",b,"Deep water can cause hydroplaning, loss of steering control, or engine and brake damage. If you can safely avoid a deep puddle, you should go around it or choose another route rather than driving through it.",
2,Traffic Laws & Rules of the Road,"When changing lanes, what should you do before moving over?","a:Slow down abruptly.,b:Only check the inside rearview mirror.,c:Check your side mirror and look over your shoulder to ensure the lane is clear.",c,"Before changing lanes, signal, check your mirrors, and then look over your shoulder in the direction you plan to move. This head check lets you see into your blind spot and helps ensure the lane is clear before you move over.",
2,Traffic Laws & Rules of the Road,What is the posted speed limit in Delaware school zones?,"a:20 mph.,b:15 mph.,c:25 mph.",a,"In Delaware, the standard posted speed limit in school zones is 20 mph when children are present or when the school zone is active. You must slow to this lower speed and drive with extra caution near schools and playgrounds because children may enter the roadway unexpectedly.",difficult
4,Safe & Defensive Driving Practices,"When passing a row of parked vehicles, what should you be prepared for?","a:All pedestrians and drivers to respect your right-of-way.,b:Driving closely to parked cars to allow more room for moving traffic.,c:A person or vehicle unexpectedly entering your lane.",c,"When passing a row of parked vehicles, you should be ready for a person or vehicle to suddenly enter your lane from between or around the parked cars. Slow down, leave extra space, and scan carefully so you can stop or steer safely if someone steps or pulls out unexpectedly.",
8,Special Situations & Road Users,"If you approach a stopped school bus with flashing lights and an extended signal arm, what must you do?","a:Proceed at normal speed, but watch for children.,b:Proceed at 15 mph if no children are present.,c:Stop and remain stopped until the arm is retracted and the bus moves.",c,"When a school bus has its red lights flashing and the stop arm extended, you must stop and remain stopped until the lights stop flashing, the stop arm is retracted, and the bus starts moving again. This rule protects children who may be crossing the road in front of or behind the bus.",difficult
4,Safe & Defensive Driving Practices,What is an effect of tailgating other drivers?,"a:It reduces collisions by preventing being cut off.,b:It can frustrate other drivers and make them angry.,c:It cannot result in a traffic citation.",b,"Tailgating, or following too closely, can anger and frustrate other drivers and may trigger aggressive driving or road rage. It also greatly reduces your time to react and stop, increasing the risk of a rear-end collision and possible traffic citations.",
2,Traffic Laws & Rules of the Road,A pedestrian starts crossing during a 'Don't Walk' flash and is in the middle of the street when your light turns green. What should you do?,"a:Wait until the pedestrian finishes crossing before proceeding.,b:Proceed if the pedestrian is not in your lane.,c:Proceed if you have the right-of-way.",a,"Even with a green light, yield to pedestrians already in the intersection until they finish crossing.",difficult
4,Safe & Defensive Driving Practices,What is the best action if you become tired while driving?,"a:Stop to rest or change drivers.,b:Drink coffee.,c:Open a window.",a,"If you grow tired while driving, stop in a safe place to rest or change drivers; temporary measures are not substitutes for sleep.",
6,"Alcohol, Drugs & Impaired Driving","For drivers age 21 or older, at what minimum blood alcohol concentration (BAC) does driving become illegal?","a:0.08 percent.,b:0.05 percent.,c:0.02 percent.",a,"For drivers 21 and older in most U.S. states, it is illegal to drive with a BAC of 0.08 percent or higher. Impairment can begin at lower levels, but 0.08 is the standard legal limit for DUI for adults.",difficult
4,Safe & Defensive Driving Practices,"If the rear of your vehicle skids left, which way should you steer?","a:Steer to the left to correct the skid.,b:Steer to the right.,c:Tap brakes lightly and shift into neutral.",a,"If the rear of your vehicle skids, you should steer in the same direction the rear is sliding. If the rear skids left, steer left. This helps realign the vehicle with your direction of travel and regain control.",
6,"Alcohol, Drugs & Impaired Driving",Which substances can impair driving ability?,"a:Tranquilizers, marijuana, and sedatives.,b:Cough syrups and cold tablets containing codeine or antihistamines.,c:All of the above.",c,"Many substances can impair driving, including tranquilizers, marijuana, sedatives, and some cough or cold medicines with codeine or antihistamines. Always read labels and follow medical advice before driving after taking any drug.",
2,Traffic Laws & Rules of the Road,"When entering traffic after parking at a curb, how do you merge safely?","a:Wait for a gap large enough to get up to the speed of traffic.,b:Should drive more slowly than other traffic for 200 feet.,c:Wait for the first two vehicles to pass then drive into the lane.",a,"When pulling out from a curb, wait for a gap that allows you to signal, pull out smoothly, and accelerate to match the speed of traffic without forcing others to brake or swerve.",
5,Driving in Special Conditions,"When following another vehicle at night, you should:","a:Always use high beams.,b:Keep your headlights on the low beam setting.,c:Use your high beams until you are within 10 feet of the vehicle ahead.",b,"When you are following another vehicle at night, you must use low beam headlights so your lights do not shine directly into the mirrors of the driver ahead. High beams can cause glare and temporarily blind the other driver, increasing the risk of a crash.",difficult
8,Special Situations & Road Users,"When an emergency vehicle is using its siren and flashing lights, you must yield right-of-way by:","a:Moving into the right lane and driving slowly until it passes.,b:Driving as close as possible to the right edge of the road and stopping.,c:Stopping immediately even if you are in an intersection.",b,"When an emergency vehicle approaches using its siren and flashing lights, you must yield the right-of-way by pulling as close as safely possible to the right edge or curb and stopping. Do not stop in an intersection; instead, clear the intersection first, then pull over and stop until the emergency vehicle has passed.",difficult
3,"Signs, Signals & Road Markings","At a school crossing sign (pentagon-shaped), what should drivers do?","a:Always sound your horn when you see children.,b:Watch for children and be ready to stop.,c:Always stop even without a stop sign.",b,"A pentagon-shaped sign warns of a school zone or school crossing. When you see this sign, slow down, watch carefully for children who may enter the road unexpectedly, and be ready to stop if necessary, especially during school hours or when children are present.",difficult
3,"Signs, Signals & Road Markings",A red octagon-shaped sign always means:,"a:Stop.,b:Do not enter.,c:One-way.",a,"An octagon-shaped sign is used only for STOP signs. When you see a red octagon, you must come to a complete stop at the stop line, crosswalk, or before entering the intersection, then proceed only when it is safe and after yielding to any pedestrians or other vehicles with the right-of-way.",
4,Safe & Defensive Driving Practices,Defensive drivers:,"a:Assume other drivers will always do the right thing.,b:Expect no breaks and give none.,c:Consider what other drivers might do and are prepared to react.",c,"Defensive drivers constantly scan the road and think ahead about what other drivers, pedestrians, or cyclists might do. They do not assume others will always follow the rules; instead, they stay prepared to slow, stop, or change lanes to avoid hazards and reduce the chance of a collision.",
2,Traffic Laws & Rules of the Road,"If you miss your exit on the freeway, what should you not do?","a:Continue to the next exit and return to your desired exit.,b:Continue on the freeway and find another route.,c:Back up on the road or shoulder.",c,Do not back up on a freeway or shoulder; continue to the next exit and safely return to your destination.,
4,Safe & Defensive Driving Practices,How can you check your blind spot when changing lanes?,"a:Use the inside rearview mirror.,b:Use only your side mirror.,c:Turn your head and look over your shoulder.",c,"Mirrors alone cannot show everything around your vehicle; there are areas to the sides that mirrors do not cover, called blind spots. Before changing lanes, quickly turn your head and look over your shoulder in the direction of the lane change to be sure no vehicle is in your blind spot.",
2,Traffic Laws & Rules of the Road,What should you never do when changing lanes?,"a:Move into another lane while within an intersection.,b:Check for other drivers moving into the same lane.,c:Check your blind spot by looking over your shoulder.",a,"You should not change lanes while you are driving through an intersection because traffic and pedestrians may be crossing from several directions, increasing the risk of a collision. Instead, travel straight through the intersection in your lane, then change lanes once you are clear. Whenever you change lanes, always signal, check your mirrors, and look over your shoulder to check your blind spot.",difficult
2,Traffic Laws & Rules of the Road,"When passing on the left, it is safe to return to the right lane when:","a:You can see the passed vehicle's headlights in your rearview mirror.,b:About three seconds after completing the pass.,c:You can no longer see the vehicle over your right shoulder.",a,"After passing another vehicle on the left, do not move back into the right lane until you can see the front of the passed vehicle (or its headlights at night) in your inside rearview mirror. This ensures you have enough space ahead of that vehicle and reduces the chance of cutting it off.",
4,Safe & Defensive Driving Practices,"If you experience a sudden tire blowout, how should you use the brakes?","a:Pump the brakes.,b:Use the brakes lightly.,c:Apply the brakes firmly.",b,"If a tire suddenly blows out, grip the steering wheel firmly and keep the vehicle going straight. Do not slam on the brakes, as this can cause a skid or loss of control. Instead, ease your foot off the accelerator and use the brakes lightly, if needed, to slow down gradually while you steer to a safe place off the road.",
4,Safe & Defensive Driving Practices,A driver should keep watch:,"a:Directly in front of the car at all times.,b:Only at the middle of the road.,c:All around your vehicle — ahead, to the sides, and behind.",c,"Safe drivers scan the entire traffic scene — far ahead, to both sides, and behind — instead of staring in just one place. You should look well ahead down the road while also checking your mirrors and side areas so you can spot hazards early and have time to react.",
2,Traffic Laws & Rules of the Road,"After passing a vehicle moving in the same direction, it is safe to move back into the right lane when:","a:You can no longer see the passed vehicle over your right shoulder.,b:You can see the entire front of the passed vehicle in your rearview mirror.,c:About three seconds after passing.",b,"After you pass another vehicle, do not move back into the right lane until you can see the entire front of the vehicle you passed in your rearview mirror. This ensures you have enough space and are not cutting the other driver off. Always check your mirrors and blind spot before returning to the lane.",difficult
2,Traffic Laws & Rules of the Road,How must you yield the right-of-way to an emergency vehicle?,"a:Speed up to clear the lane.,b:Pull as far to the right as possible and stop.,c:Move into the right lane and continue slowly until it passes.",b,"When an emergency vehicle approaches with flashing lights or siren, you must yield the right-of-way by pulling as far to the right side of the road as you safely can and stopping. Stay stopped until the emergency vehicle has passed, unless a police officer directs you otherwise.",difficult
4,Safe & Defensive Driving Practices,What effect does drowsiness have on driving?,"a:Make you feel better.,b:Help you to be a better driver.,c:Impair your judgment.",c,"Drowsiness makes driving dangerous because it slows your reaction time, reduces your awareness of what is happening around you, and impairs your judgment. A drowsy driver may drift out of their lane, miss traffic signals, or react too slowly to hazards, increasing the risk of a crash.",
5,Driving in Special Conditions,"If dust or smoke reduces visibility, what lights should you turn on?","a:Parking lights.,b:Headlights.,c:Emergency flashers.",b,"In dust, smoke, or similar low-visibility conditions, you should turn on your headlights so other drivers can see you more easily. Use low beams so the light does not reflect back and further reduce your visibility. Headlights make your vehicle more visible from the front and rear.",
3,"Signs, Signals & Road Markings",Regulatory road signs typically have what background color?,"a:Green.,b:White.,c:Yellow.",b,"Regulatory signs tell you what you must do or must not do (such as speed limits, no parking, or one-way). In the U.S., these are typically white rectangles or squares with black, red, or green letters or symbols, so white is the correct background color.",
5,Driving in Special Conditions,"During rainy weather, when are turns or stops most hazardous?","a:During the first half hour of rain.,b:One half hour after the rain stops.,c:After it has been raining all day.",a,"When rain first begins, oil and residue on the road mix with the water and rise to the surface, making the pavement especially slick. This is why the first 20–30 minutes of rain are usually the most hazardous for turning and stopping.",
2,Traffic Laws & Rules of the Road,"Approaching a steady yellow light at an intersection, if you have not entered, what should you do?","a:Speed up to beat the red light.,b:Reduce speed and continue through the intersection regardless.,c:Stop safely if you can.",c,"A steady yellow light warns that the signal is about to turn red. If you have not yet entered the intersection, you should stop if you can do so safely, rather than trying to speed up and risk entering on a red light.",
2,Traffic Laws & Rules of the Road,When merging onto the freeway you should be driving:,"a:At or near the speed of traffic on the freeway.,b:Five to 10 mph slower than freeway traffic.,c:At the posted speed regardless of traffic flow.",a,"When using a freeway on-ramp, use the acceleration lane to reach the speed of traffic already on the freeway. Entering at or near the speed of traffic allows you to merge smoothly and reduces the need for other drivers to brake or swerve.",difficult
7,Vehicle Ownership & Responsibilities,"When parking on any hill, what should you do?","a:Keep front wheels parallel to the road if there is no curb but not use the parking brake.,b:Use the parking brake and leave the vehicle in Park; position wheels so the vehicle will roll away from traffic if brakes fail.,c:Have a rear wheel touch the curb.",b,"On any hill, always set the parking brake and leave the vehicle in Park (or in gear with a manual transmission). Turn the front wheels so that if the brakes fail, the vehicle will roll toward the curb or shoulder and away from moving traffic.",difficult
4,Safe & Defensive Driving Practices,"To reduce the chance of losing traction on wet roads, what is the best action?","a:Make abrupt turns.,b:Apply the brakes firmly.,c:Slow down.",c,"On wet roads, slowing down is the best way to reduce the risk of hydroplaning. Lower speed allows your tires to maintain better contact with the road and gives you more time to react. Avoid sudden steering, braking, or acceleration, which can cause you to lose traction.",
2,Traffic Laws & Rules of the Road,"If another vehicle is passing you in a no passing zone, how should you respond?","a:Pull off the road.,b:Slow down to let the other driver safely return to the driving lane.,c:Maintain your speed and position.",b,"If another driver is passing you in a no‑passing zone, you should not speed up or block them. Instead, maintain a steady path and, if needed, gently slow down so they can complete the pass and return to the lane as safely and quickly as possible. This reduces the time both vehicles are exposed to oncoming traffic.",
2,Traffic Laws & Rules of the Road,"When entering an interstate where there is no acceleration lane, you should:","a:Use the shoulder to gain speed before merging.,b:Only enter the interstate after identifying a gap in traffic and then speed to match flow.,c:Immediately enter the far-right lane and speed up regardless of gaps.",b,"When there is no acceleration lane, you must wait for a safe gap in traffic before entering the interstate. Once a gap appears, enter and accelerate promptly to match the speed of traffic. Never use the shoulder to gain speed and never force your way in without a safe opening.",
2,Traffic Laws & Rules of the Road,"After passing another vehicle, when is it safe to return to your driving lane?","a:When you can see the passed vehicle's headlights in your rearview mirror.,b:When the driver you passed signals for you to return.,c:When you have signaled for three seconds.",a,"After passing, it is safe to return to your lane only when you can see the entire front of the vehicle you passed, including its headlights, in your rearview mirror. This indicates you have enough space ahead of that vehicle to move back without cutting them off.",
5,Driving in Special Conditions,"When driving in fog, which lighting choice is best?","a:High beam headlights.,b:Four-way flashers.,c:Low beam headlights.",c,"In fog, always use low beam headlights. Low beams aim light down toward the road and reduce glare, helping you see better. High beams reflect off the water droplets in the fog and shine back at you, making it harder to see.",
7,Vehicle Ownership & Responsibilities,Why should you keep the inside of your windows clean if someone has been smoking?,"a:Dust tends to settle on the insides of car windows.,b:Smoking causes a film to build up on the glass inside the vehicle.,c:The stale smell can be distracting.",b,"Smoking leaves a residue on the inside of windows that creates a hazy film. This film scatters light and reduces visibility, especially at night or in bright sun. Keeping the inside glass clean helps you see clearly and drive more safely.",
5,Driving in Special Conditions,"If your tires feel like they're losing contact with the road surface, what should you do first?","a:Slow down by shifting into a lower gear.,b:Slow down by pumping the brakes quickly and firmly.,c:Ease your foot off the gas pedal and avoid braking.",c,"If your tires are losing contact with the road (such as during hydroplaning), gently ease your foot off the accelerator and avoid braking or turning suddenly. This helps the tires regain traction smoothly and reduces the chance of skidding or losing control.",
4,Safe & Defensive Driving Practices,What is the effect of slowing down to look at collisions or unusual events?,"a:Prevents rear-end collisions.,b:Causes traffic congestion.,c:Improves traffic flow by preventing collisions.",b,"Slowing down just to look at a collision or something unusual on the road is called rubbernecking. It distracts you from driving, often causes sudden slowdowns, and leads to traffic congestion and sometimes additional crashes behind you. Keep your attention on the road ahead and maintain a steady, safe speed.",
4,Safe & Defensive Driving Practices,Fatigue while driving increases the risk of:,"a:Missing an exit.,b:Being late for appointments.,c:Falling asleep and crashing.",c,"Driving while tired slows your reactions, affects your judgment, and can cause you to drift out of your lane or even fall asleep at the wheel. This greatly increases the risk of a serious crash. If you feel drowsy, stop in a safe place and rest rather than continuing to drive.",
4,Safe & Defensive Driving Practices,You are driving defensively when you:,"a:Put one car length between you and the car ahead.,b:Keep your eyes moving to look for possible hazards.,c:Look only at the car directly in front of you.",b,"Defensive driving means constantly scanning the road ahead, checking mirrors, and watching around your vehicle so you can spot hazards early and react in time. Keeping your eyes moving helps you avoid surprises and reduces the chance of a collision.",
5,Driving in Special Conditions,"If an oncoming driver fails to dim their headlights at night, what should you do?","a:Look toward the right side of the road.,b:Look toward the center of the roadway.,c:Look straight ahead at the lights.",a,"When an oncoming driver does not dim their high beams, do not stare into the lights. Instead, glance toward the right edge of your lane and use it as a guide. This reduces glare, helps you avoid being temporarily blinded, and still keeps you correctly positioned in your lane.",
8,Special Situations & Road Users,A pedestrian with a guide dog is at the corner ready to cross before you make a right turn. What should you do?,"a:Tell the pedestrian when to cross the street.,b:Turn off your engine until the person crosses the street.,c:Wait until the person crosses the street.",c,"A pedestrian using a guide dog or white cane is blind or visually impaired and always has the right‑of‑way. Stop and wait until the person has completely crossed before you turn. Do not tell them when to cross; they rely on their own training, signals, and the dog’s guidance.",
3,"Signs, Signals & Road Markings",What does a broken yellow centerline indicate?,"a:Passing on the left is permitted when the way ahead is clear.,b:Passing is not permitted.,c:Passing on the right is permitted when the way ahead is clear.",a,"A broken yellow centerline separates traffic moving in opposite directions. When the line next to your lane is broken, you may cross it to pass another vehicle on the left if the lane is clear and it is safe. Passing on the right is only allowed in specific situations and is not what a broken yellow centerline indicates.",
2,Traffic Laws & Rules of the Road,"When leaving an alley or driveway across a sidewalk to enter traffic, you should:","a:Expect pedestrians to yield to you.,b:Only stop if pedestrians are on the sidewalk.,c:Stop before driving onto the sidewalk area.",c,"When you are leaving an alley, driveway, or parking lot and must cross a sidewalk, you must stop before driving onto the sidewalk area. Yield to all pedestrians on the sidewalk, then proceed slowly and carefully into the roadway when it is safe.",
8,Special Situations & Road Users,When should you allow extra following distance for the vehicle ahead?,"a:When following a passenger vehicle.,b:When following a station wagon.,c:When following a motorcycle.",c,"Motorcycles are smaller, harder to see, and can stop or swerve more quickly than larger vehicles. Leave extra following distance behind a motorcycle so you have more time to react if the rider slows or stops suddenly.",
3,"Signs, Signals & Road Markings",What does a solid yellow line next to a broken yellow line mean?,"a:Driving in both directions may pass.,b:Next to the broken line may pass.,c:Next to the solid line may pass.",b,"A solid yellow line next to a broken yellow line means that passing is allowed only for traffic on the side with the broken line, and not allowed for traffic on the side with the solid line. You may cross the broken yellow line to pass when it is safe and legal, but you must not cross the solid yellow line to pass.",
6,"Alcohol, Drugs & Impaired Driving",Which factor affects how quickly alcohol is absorbed into a person's system?,"a:Intelligence,b:Height,c:Weight",c,"A person’s weight is one of the main factors that affects how quickly alcohol is absorbed and how strongly it affects them. In general, a smaller person will reach a higher blood alcohol concentration than a larger person after drinking the same amount. Other important factors include sex, how much food is in the stomach, and how many drinks were consumed. Only time can reduce the amount of alcohol in the body.",
2,Traffic Laws & Rules of the Road,Construction zone signs are normally what shape and color?,"a:Diamond-shaped or rectangular with orange background and black symbols.,b:Round or octagonal with black and yellow coloring.,c:Square or rectangular with white and red coloring.",a,"Construction and work zone signs are usually diamond-shaped or rectangular with an orange background and black letters or symbols. They warn you of road work, lane closures, workers, or changes in normal traffic patterns so you can slow down and drive with extra caution.",difficult
3,"Signs, Signals & Road Markings","On a green traffic arrow, what must you do before turning?","a:Only yield to pedestrians in the intersection.,b:Yield to any vehicles, cyclists, or pedestrians in the intersection.,c:Wait four seconds before starting the turn.",b,"A green arrow gives you a protected turn in the direction of the arrow, but you must still yield to any vehicles, bicyclists, or pedestrians already in the intersection or still clearing it. Look carefully, make sure the path is clear, and then complete your turn when it is safe.",
2,Traffic Laws & Rules of the Road,You should always travel at what speed?,"a:At the posted speed limit no matter what.,b:At the speed of vehicles surrounding you even if above limit.,c:At a speed appropriate for road and weather conditions.",c,"You must always drive at a speed that is safe for current road, traffic, and weather conditions, and never faster than the posted speed limit. In rain, fog, heavy traffic, or poor visibility, this often means driving below the speed limit so you have enough time to react and stop safely.",
8,Special Situations & Road Users,"When stopped at a railroad with double tracks, when may you proceed?","a:As soon as one train has passed.,b:Only when the train is out of sight.,c:Only when you are sure no trains are approaching on either track and the passing train is well clear.",c,"At crossings with more than one track, a second train can come from either direction, sometimes hidden by the first train. You must wait until the first train has completely passed and you have a clear view of all tracks in both directions, and are sure no other trains are approaching, before proceeding.",
8,Special Situations & Road Users,"If pedestrians are illegally crossing outside a crosswalk, what must you do?","a:Must stop for them.,b:Should honk your horn at them.,c:Do not have to stop for them.",a,"Drivers must exercise due care to avoid hitting pedestrians, even when pedestrians are crossing illegally or outside a crosswalk. If a pedestrian is in your path, you must slow or stop as needed to avoid a collision and allow them to cross safely.",difficult
3,"Signs, Signals & Road Markings","When the center of the roadway has one solid yellow line and one broken yellow line, and the broken line is next to your lane, it means:","a:You are not allowed to pass in this area.,b:You may only make right turns here.,c:You are in a passing zone and may pass on the left if no oncoming traffic is present.",c,"A solid yellow line means no passing from that side; a broken yellow line means passing is allowed when safe. If the broken yellow line is next to your lane, you may pass vehicles ahead of you on the left when there is enough clear distance and no oncoming traffic.",
5,Driving in Special Conditions,Why should you not use high beams in fog or mist?,"a:Approaching vehicles might not see you.,b:Vehicles behind you may follow too closely.,c:The light will reflect back into your eyes.",c,"In fog or mist, high beams shine into the tiny water droplets and reflect back toward you, creating glare and making it harder to see the road. Use low beams in fog so the light aims down at the road surface and improves your visibility.",
8,Special Situations & Road Users,"Because motorcycles, scooters, and mopeds are hard to see, you should:","a:Slow down whenever you see one in the distance.,b:Share a lane with a motorcycle to give it space.,c:Make constant visual checks for them.",c,"Motorcycles, scooters, and mopeds are smaller and can be easily hidden in blind spots or blended into traffic. You should frequently check mirrors, blind spots, and the road ahead specifically for them, and give them a full lane and extra space.",
2,Traffic Laws & Rules of the Road,What is required when turning left at an intersection?,"a:You should yield to oncoming traffic and pedestrians.,b:Oncoming traffic and pedestrians must yield to you.,c:You should never yield to oncoming traffic or pedestrians.",a,"When turning left at an intersection, you must yield to oncoming traffic and to pedestrians in the crosswalk. Wait until there is a safe gap and the crosswalk is clear before completing your turn.",
4,Safe & Defensive Driving Practices,Which action helps you avoid becoming an aggressive driver?,"a:Tailgate the driver ahead.,b:Relax and focus on driving.,c:Drive above the posted speed limit.",b,"To avoid becoming an aggressive driver, stay relaxed, allow extra travel time, obey speed limits, and focus on safe driving rather than competing with other drivers.",
3,"Signs, Signals & Road Markings","What do ""No passing zone"" signs indicate?","a:To speed up slightly.,b:To maintain a steady speed.,c:That it is not safe to pass.",c,"A ""No Passing Zone"" sign means you must not pass other vehicles in that area because it is unsafe, often due to limited visibility, hills, curves, or oncoming traffic risk.",
2,Traffic Laws & Rules of the Road,Which action should you never do when changing lanes?,"a:Check your blind spots by looking over your left or right shoulder.,b:Check for other drivers moving into the same lane.,c:Cross the centerline in an intersection.",c,"You should never change lanes while you are in an intersection or by crossing the centerline there. Always wait until you are past the intersection, then signal, check mirrors and blind spots, and change lanes when it is safe.",
4,Safe & Defensive Driving Practices,What best describes distracted driving?,"a:Anything that causes evasive action while driving.,b:Anything that causes you to pay more attention to driving.,c:Anything that takes your attention away from driving.",c,"Distracted driving is anything that takes your attention away from driving, such as using a phone, eating, or adjusting controls. It reduces your ability to see and react to hazards and greatly increases crash risk.",
5,Driving in Special Conditions,Roads are most slippery at which moment during rainfall?,"a:Just after it starts to rain.,b:When it has been raining hard for several hours.,c:When they are clean and dry.",a,"Roads are most slippery just after rain begins because oil, grease, and other residues that have built up on the dry pavement mix with the first water and rise to the surface. As rain continues, much of this residue is washed away and the road usually becomes less slippery.",
6,"Alcohol, Drugs & Impaired Driving",Driving under the influence of medication that impairs your driving is:,"a:Allowed if your physician prescribes it.,b:Under no circumstances permitted.,c:Allowed if you do not feel drowsy.",b,"Driving is illegal any time you are impaired, regardless of whether the substance is alcohol, illegal drugs, or a prescribed medication. If a medicine makes you drowsy, dizzy, or slows your reactions, you must not drive, even if a doctor prescribed it or you feel you can handle it.",
8,Special Situations & Road Users,"After a train passes and you have stopped at a railroad crossing, what should you do before proceeding?","a:Drive around the lowered gates if it seems safe.,b:Proceed immediately since the first train has passed.,c:Wait for signals to stop flashing and look for a second train.",c,"After a train passes, you must stay stopped until the warning lights stop flashing and the gates are fully raised. Then look and listen carefully for another train on any track before crossing. Trains can come from either direction, and a second train may be approaching even after the first has passed.",
4,Safe & Defensive Driving Practices,How do stopping distances and crash severity change as a vehicle's speed increases?,"a:They increase.,b:They decrease.,c:They stay the same.",a,"As speed increases, your stopping distance grows quickly and crash forces rise dramatically. This means you need more space to stop and any collision at higher speed will be more severe, so you should increase your following distance as your speed goes up.",
4,Safe & Defensive Driving Practices,"If a tire suddenly blows out, what is the recommended action?","a:Hold the steering wheel firmly and brake lightly to slow, then pull off safely.,b:Apply the brake and hold it down hard.,c:Pull over immediately without slowing gradually.",a,"If a tire blows out, grip the steering wheel firmly, keep the vehicle going straight, and ease off the accelerator. Avoid slamming on the brakes; brake gently only after you have the vehicle under control, then steer smoothly to a safe place off the road.",
4,Safe & Defensive Driving Practices,When is it appropriate to use your horn?,"a:When another driver simply makes a mistake.,b:Whenever another vehicle is in your way.,c:When it may help prevent a collision.",c,Use your horn only when it may help prevent a collision or alert others to a hazard. Do not honk just because someone makes a minor mistake or is moving slower than you would like.,
4,Safe & Defensive Driving Practices,When should you allow extra following distance behind another vehicle?,"a:When following a station wagon.,b:When following a driver who cannot see their vehicle's rear (like trucks),c:When following a small passenger car.",b,Leave extra following distance behind large vehicles like trucks and buses because they have large blind spots and limited rear visibility. More space also lets you see the road ahead and gives you more time to react.,
2,Traffic Laws & Rules of the Road,When are large trucks likely to lose speed?,"a:When driving down long hills.,b:When driving in long tunnels.,c:When driving up long or steep hills.",c,Large trucks usually lose speed when driving up long or steep hills because their heavy weight makes it harder to maintain speed while climbing. Expect them to slow down on upgrades and adjust your driving accordingly.,
7,Vehicle Ownership & Responsibilities,When should you adjust your rearview and side mirrors?,"a:Before you get into the car.,b:Before you start driving.,c:Whenever you need to use them while driving.",b,"Adjust your seat, mirrors, and safety belt before you start driving so you have a clear view and don’t need to make major adjustments while the vehicle is moving.",
5,Driving in Special Conditions,How should you drive on gravel or dirt roads?,"a:Your tires do not have as much traction as they do on pavement.,b:Your tires grip the road better than when you are driving on pavement.,c:Visibility is better than on pavement.",a,"On gravel or dirt roads, your tires have less traction than on pavement, so it is easier to skid. Slow down, avoid sudden steering or braking, and allow extra distance to stop safely.",
4,Safe & Defensive Driving Practices,What can you do to reduce road rage incidents while driving?,"a:Use your horn frequently.,b:Talk on your cell phone while driving.,c:Always signal your intentions when changing lanes.",c,"Signaling early, driving courteously, and following traffic laws helps prevent misunderstandings and frustration that can lead to road rage. Letting others merge, avoiding aggressive gestures, and staying calm all reduce tension on the road.",
4,Safe & Defensive Driving Practices,"If a vehicle suddenly cuts in front of you leaving little space, what should you do first?","a:Swerve into the adjacent lane.,b:Take your foot off the gas pedal to create space.,c:Honk and step on the brake firmly.",b,"When another driver cuts in front of you, the safest first response is to ease off the accelerator to increase your following distance smoothly. Avoid sudden swerving or hard braking unless absolutely necessary, as those actions can cause loss of control or a rear‑end collision.",
2,Traffic Laws & Rules of the Road,At an intersection with a flashing red light you should:,"a:Come to a complete stop, check the traffic, and go when it is safe to do so.,b:Slow down and yield the right-of-way.,c:Slow down and drive carefully through the intersection without stopping.",a,"A flashing red light means you must stop completely, just as you would at a stop sign. After stopping, yield to any traffic or pedestrians with the right‑of‑way, then proceed only when the intersection is clear and it is safe.",difficult
5,Driving in Special Conditions,"When roads are snowy or icy, how should you make speed and direction changes?","a:It is safe to use your cruise control.,b:Drive as you would under normal conditions.,c:Make changes more gradually than usual.",c,"On snow or ice, traction is greatly reduced, so you must accelerate, brake, and steer more gradually than usual. Sudden changes can cause skids. Cruise control should not be used on slippery roads because it can cause the wheels to spin and you to lose control.",
7,Vehicle Ownership & Responsibilities,"Before driving, remove snow, frost, and ice from:","a:Just the windshield and passenger window.,b:All windows.,c:Just the windshield.",b,"You must be able to see through all of your vehicle's windows and mirrors; remove all snow, ice, and frost before driving.",
4,Safe & Defensive Driving Practices,"In traffic moving 50–55 mph, you are least likely to be involved in a crash if you:","a:Stay within that speed range.,b:Drive a few miles per hour slower than most other vehicles.,c:Drive a few miles per hour faster than most other vehicles.",a,"On high‑speed roads, you are safest when you travel at the same speed as surrounding traffic, as long as you are within the posted speed limit and driving at a speed that is safe for conditions. Large speed differences—either faster or slower than the flow—force more lane changes and passing, which increases the risk of collisions.",
4,Safe & Defensive Driving Practices,"If your wheels drop off the pavement edge, what is the correct action?","a:Turn sharply back onto the roadway immediately.,b:Stop where you are.,c:Reduce speed and re-enter the roadway gradually when safe.",c,"If your wheels drop off the pavement, keep a firm grip on the wheel, stay straight, and ease off the accelerator to slow down. Do not jerk the wheel back onto the road. After you have slowed and checked for traffic, gently steer back onto the pavement when it is safe.",
2,Traffic Laws & Rules of the Road,"When entering an interstate highway, what should you do on the acceleration lane?","a:Check for cars and reduce your speed to 25 mph before entering the traffic lane.,b:Check for cars, accelerate to match the speed of traffic, and merge when safe.,c:Stop at the end of the acceleration lane and wait for a large gap.",b,"On an interstate entrance ramp, use the acceleration lane to build up speed so you can match the speed of traffic on the highway. Check mirrors and blind spots, signal, and adjust your speed to merge smoothly. Do not stop in the acceleration lane unless traffic or signals require it.",
3,"Signs, Signals & Road Markings",A broken yellow line next to a solid yellow line means what?,"a:Passing is permitted from the lane next to the solid yellow line.,b:Passing is not permitted from either direction.,c:Passing is permitted from the lane next to the broken yellow line.",c,"A broken yellow line next to a solid yellow line means passing is allowed only for traffic on the side with the broken line, and prohibited for traffic on the side with the solid line. Drivers on the broken-line side may pass when it is safe and legal; drivers on the solid-line side must not cross the line to pass.",
5,Driving in Special Conditions,"If poor weather reduces visibility, you should:","a:Drive in the lane closest to oncoming traffic.,b:Increase your following distance.,c:Drive faster to get off the road quickly.",b,"When visibility is reduced by weather, you should slow down and increase your following distance. The extra space gives you more time to see hazards and stop safely if the vehicle ahead brakes suddenly or conditions worsen.",
4,Safe & Defensive Driving Practices,"If you begin to feel drowsy while driving, what should you do?","a:Take some caffeine pills.,b:Take a break.,c:Try to fight it.",b,"If you become tired while driving, stop at the first safe location to rest, nap, or change drivers. Caffeine is not a substitute for rest.",
3,"Signs, Signals & Road Markings","Approaching an intersection with a flashing yellow light, you must:","a:Come to a complete stop.,b:Maintain your normal speed.,c:Slow down and proceed with caution.",c,"A flashing yellow light means proceed with caution. You do not have to stop, but you must slow down, be prepared to yield, and watch carefully for cross traffic and pedestrians in the intersection.",
8,Special Situations & Road Users,"When a bicyclist is making a left turn, what should you expect?","a:They must always wait off the roadway.,b:They may cut through all lanes.,c:They may use the left lane to make the turn.",c,"Bicyclists generally have the same rights and duties as drivers. To make a left turn, a bicyclist may move into the left lane or left-turn lane and turn like a motor vehicle when it is safe, or may use a crosswalk-style two-stage turn where allowed.",
2,Traffic Laws & Rules of the Road,"When parking uphill on a road without a curb, after setting the parking brake you should:","a:Turn your wheels toward the edge of the road.,b:Keep your wheels facing straight.,c:Turn your wheels away from the edge of the road.",a,"When parking uphill without a curb, turn your front wheels toward the edge of the road. If the brakes fail, the vehicle will roll away from traffic and off the roadway instead of rolling into the lane.",
3,"Signs, Signals & Road Markings",What does a pentagon-shaped sign normally indicate?,"a:School zone or school crossing.,b:Stop sign.,c:Regulatory sign.",a,A pentagon-shaped (five-sided) sign is used for school zones and school crossings. It alerts drivers to the presence of children and the need to slow down and use extra caution.,difficult
7,Vehicle Ownership & Responsibilities,"If your vehicle has a mechanical problem while driving, you should:","a:Signal and move into the slow lane.,b:Stop in your lane and put on your hazard lights.,c:Turn on your hazard lights and pull off the road as soon as safe.",c,"If your vehicle has a mechanical problem while driving, signal, turn on your hazard lights, and carefully move off the road and out of traffic when it is safe. Stopping in a traffic lane is dangerous and should be avoided unless your vehicle is completely disabled.",
8,Special Situations & Road Users,"If there is no crosswalk and a pedestrian is crossing your lane, what should you do?","a:Cautiously drive around the pedestrian.,b:Stop and let the pedestrian finish crossing.,c:Make sure the pedestrian can see you before proceeding.",b,You must yield to pedestrians in the roadway even if no crosswalk is present; stop and allow them to cross safely.,
2,Traffic Laws & Rules of the Road,"When entering a freeway, how should you check traffic to merge safely?","a:Use rearview and side mirrors without looking over your shoulder.,b:Use only your rearview mirror.,c:Use your side mirror and look over your shoulder.",c,"When entering a freeway, use your mirrors and also look over your shoulder to check your blind spot before merging. This helps you see vehicles that are not visible in your mirrors and allows you to merge smoothly and safely into traffic.",
2,Traffic Laws & Rules of the Road,"At intersections, crosswalks, and railroad crossings you should always do what?","a:Look to the sides of your vehicle to see what is coming.,b:Stop.,c:Slowly pass vehicles that seem to be stopped for no reason.",a,"At intersections, crosswalks, and railroad crossings, always look to the sides as well as ahead to see if pedestrians, cyclists, or trains may be entering your path. Never pass vehicles that are stopped at a crosswalk or intersection for no obvious reason; they may be yielding to someone you cannot see.",difficult
8,Special Situations & Road Users,"If the vehicle in front of you stops at a crosswalk, what must you do?","a:Cautiously pass the vehicle at 10 mph or slower.,b:Change lanes and pass the stopped vehicle.,c:Stop and wait until all pedestrians have crossed before proceeding.",c,"If the vehicle in front of you stops at a crosswalk, you must also stop and wait until you are sure all pedestrians have safely crossed. Passing a stopped vehicle at a crosswalk is dangerous because pedestrians may be hidden from your view.",difficult
5,Driving in Special Conditions,How can you reduce the risk of hydroplaning in heavy rain?,"a:Put on cruise control to maintain speed.,b:Decrease your speed.,c:Immediately move to the shoulder when it starts to rain.",b,"To reduce the risk of hydroplaning, slow down in wet conditions. Lower speeds help your tires maintain contact with the road surface instead of riding up on a thin layer of water.",
3,"Signs, Signals & Road Markings",A double solid yellow centerline means:,"a:Passing is not allowed from either direction.,b:Passing is allowed from both directions.,c:Passing is permitted only from your direction of travel.",a,"A double solid yellow centerline means you must not cross the lines to pass from either direction. You may cross only when making a permitted left turn or entering/exiting a driveway, but not to overtake another vehicle.",
3,"Signs, Signals & Road Markings",What color and lettering do temporary work zone signs use?,"a:Yellow background with blue writing.,b:Orange background with black writing.,c:Red background with green writing.",b,Temporary work zone and construction signs are orange with black letters or symbols. This color combination alerts drivers to road work and the need to slow down and use extra caution.,difficult
5,Driving in Special Conditions,Sudden gusts of wind on highways:,"a:Only cause visibility problems.,b:Only affect the movement of large vehicles.,c:Can cause problems for all vehicles.",c,"Sudden gusts of wind can push any vehicle sideways, especially at highway speeds. Drivers of all vehicles should be prepared to steer smoothly and firmly when passing open areas, bridges, or large trucks where wind gusts are common.",
5,Driving in Special Conditions,Which headlights should you use to improve visibility in rain or fog?,"a:Parking lights.,b:High beam headlights.,c:Low beam headlights.",c,"In rain, fog, or snow, use low beam headlights. High beams reflect off moisture in the air and can create glare, making it harder to see. Low beams help you see the road and help others see you.",
2,Traffic Laws & Rules of the Road,"When turning left at an intersection, who has the right-of-way?","a:Oncoming traffic and pedestrians should yield to you.,b:You never need to yield to oncoming traffic or pedestrians.,c:You should yield to oncoming traffic and pedestrians.",c,"When turning left, you must yield to oncoming vehicles going straight or turning right and to pedestrians in the crosswalk. Only turn when there is a safe gap and the way is clear.",
4,Safe & Defensive Driving Practices,"If a tire suddenly goes flat while you are driving, you should:","a:Rapidly pump the brake pedal several times.,b:Slow down gradually and avoid braking if possible.,c:Press down on the brake pedal as hard as you can.",b,"If a tire blows out, grip the steering wheel firmly, ease your foot off the accelerator, and let the vehicle slow down gradually. Avoid hard braking, which can cause loss of control, then brake gently and pull off the road when it is safe.",
5,Driving in Special Conditions,"When driving on a slippery surface like snow or ice, you should:","a:Pump your brakes to keep them from freezing.,b:Maintain traction by following other vehicles closely.,c:Shift to a low gear before going down steep hills.",c,"On snow or ice, use a low gear before going down steep hills to help control your speed with engine braking. Increase your following distance and brake gently; if you do not have ABS, you may need to pump the brakes lightly to avoid skidding.",
7,Vehicle Ownership & Responsibilities,Why should you use antifreeze washer fluid in cold climates?,"a:Cold fluid can scratch your windshield.,b:It will keep the washer fluid from freezing.,c:Moisture can cause cold wiper blades to crack.",b,"In cold climates, washer fluid with antifreeze keeps the fluid from freezing in the reservoir, lines, and on the windshield, so you can clear salt, slush, and dirt and maintain good visibility.",
5,Driving in Special Conditions,How should you drive under low-visibility conditions due to fog?,"a:Increase your speed so you do not cause an accident.,b:Slow down and use your low beam headlights.,c:Turn on your high beam headlights.",b,"In fog, reduce your speed and use low beam headlights so the light aims down at the road instead of reflecting back at you. High beams can reflect off the fog and make it harder to see. If visibility becomes very poor, pull off the road to a safe place and wait for conditions to improve.",
6,"Alcohol, Drugs & Impaired Driving",What can happen if you take prescription drugs while drinking alcohol?,"a:It can make you unfit to drive.,b:It will make you more alert.,c:There will likely be no effect.",a,"Mixing alcohol with prescription or over‑the‑counter drugs can greatly increase drowsiness, slow reaction time, and affect judgment. This combination can make you unsafe and unfit to drive, even if you took the correct medication dose.",
2,Traffic Laws & Rules of the Road,Who must drivers turning left yield to?,"a:No one.,b:Overtaking cars.,c:Oncoming cars.",c,"When turning left at an intersection, you must yield to oncoming traffic that is going straight or turning right, as well as to pedestrians in the crosswalk. Only turn when it is safe and the way is clear.",
8,Special Situations & Road Users,"When a school bus is stopped ahead with flashing red lights and its stop arm extended, you must:","a:Change lanes and pass cautiously.,b:Come to a complete stop only until all the children have left the bus.,c:Come to a complete stop until the red lights stop flashing and the stop arm is withdrawn.",c,"When a school bus is stopped with red lights flashing and the stop arm extended, you must stop and remain stopped until the red lights stop flashing and the stop arm is withdrawn. This protects children who may be crossing the road.",
8,Special Situations & Road Users,"When driving near a large commercial vehicle, what should you avoid doing?","a:Follow the large vehicle closely to reduce wind drag.,b:Avoid driving beside it for long stretches of time.,c:Drive on its right side when on curves and hills.",b,"Large trucks and buses have large blind spots along both sides. Avoid driving beside them for long periods; instead, pass safely and promptly so the driver can see you and you have room to react.",
3,"Signs, Signals & Road Markings",What do rumble strips do?,"a:Through vibration and sound,b:They alert drivers to potential tire problems.,c:They test a vehicle's shock absorbers.",a,"Rumble strips are grooved or raised patterns on the road that create vibration and noise when you drive over them. This alerts drowsy or inattentive drivers that they are drifting out of their lane or approaching a hazard, such as a stop sign or work zone.",
8,Special Situations & Road Users,"If you see pedestrians near the road, how should you proceed?","a:Sound your horn and maintain your speed.,b:Speed up to clear the area quickly.,c:Slow down and pass with caution.",c,"When pedestrians are near the road, you must slow down, be prepared to stop, and pass them with extra caution. Sounding your horn or maintaining speed can startle pedestrians and increase the risk of a collision. Always give pedestrians plenty of space and time to cross or move safely.",
4,Safe & Defensive Driving Practices,"When preparing to pass another vehicle, what should you assume about the other driver?","a:Assume the driver will let you pass if you signal.,b:Do not assume they will make room for you to return to your lane.,c:Assume they will maintain a constant speed.",b,"When passing, never assume other drivers will slow down, move over, or leave space for you to return to your lane. You are responsible for making sure there is enough clear space ahead and behind before you pull out and before you move back. Always check mirrors, blind spots, and oncoming traffic carefully.",
4,Safe & Defensive Driving Practices,"Before moving back into your original lane after passing, what should you see?","a:Flash your headlights.,b:Beep your horn.,c:Both headlights of the passed vehicle in your rearview mirror.",c,"After passing another vehicle, do not move back into your original lane until you can see both of the passed vehicle’s headlights in your rearview mirror. This indicates you have enough space ahead of that vehicle to return safely without cutting them off or forcing them to brake suddenly.",
8,Special Situations & Road Users,Which vehicle type is required to stop at all railroad crossings?,"a:A school bus.,b:A dairy truck.,c:A cattle truck.",a,"School buses, many transit buses, and vehicles carrying hazardous materials are required by law to stop at all railroad crossings, even if no train is coming. They must stop, look, and listen for trains before proceeding to ensure the safety of their passengers and other road users.",
5,Driving in Special Conditions,"If your vehicle begins to skid, you should:","a:Brake lightly to slow the vehicle immediately.,b:Brake abruptly to stop the slide.,c:Stay off the brakes and steer in the direction you want the front to go.",c,"If your vehicle begins to skid, stay off the brakes and off the accelerator. Look and steer in the direction you want the front of the vehicle to go, making smooth, gentle steering corrections. Braking hard can lock the wheels and make the skid worse, reducing your ability to control the vehicle.",
8,Special Situations & Road Users,"If you see an emergency vehicle with flashing lights behind you on a city street, what must you do?","a:Drive to the right edge of the road and stop.,b:Drive to the right edge and slow down but stay moving.,c:Stay in your lane, slow down, and let it pass.",a,"On most U.S. roads, when an emergency vehicle approaches from behind with lights and siren on, you must yield the right‑of‑way by moving to the right edge of the road and stopping. This creates a clear path down the center of the roadway so the emergency vehicle can pass quickly and safely. If you are in an intersection, continue through it, then pull over to the right and stop.",difficult
5,Driving in Special Conditions,"When stopping on snow or ice in a vehicle with ABS, what should you do?","a:Pump the brakes.,b:Stay off the brakes and wait to drift to a stop.,c:Press and hold the brake pedal firmly.",c,"With antilock brakes (ABS), you should press the brake pedal firmly and keep holding it down. The ABS system automatically pumps the brakes to help prevent wheel lockup and allow you to steer while braking, even on snow or ice. Do not pump the brakes yourself in a vehicle equipped with ABS.",
4,Safe & Defensive Driving Practices,"If you have a tire blowout while driving, what should you avoid doing immediately?","a:Apply the brakes firmly and quickly.,b:Tap or pump the brakes.,c:Slow down gradually and use your brakes lightly.",a,"In a tire blowout, avoid slamming on the brakes. Hard, sudden braking can cause you to lose control, especially if a front tire fails. Instead, grip the steering wheel firmly, ease your foot off the accelerator, let the vehicle slow down gradually, and then brake gently once you have control and your speed has dropped.",
2,Traffic Laws & Rules of the Road,"If you are approaching an intersection at the posted speed and the signal turns yellow, you should:","a:Proceed through without caution.,b:Stop before entering the intersection if you can do so safely.,c:Speed up to beat the light.",b,"A steady yellow light means the signal is about to turn red. You must stop before entering the intersection if you can do so safely. If you are too close to stop safely when the light turns yellow, continue through the intersection with caution rather than braking hard and risking a rear‑end collision.",
4,Safe & Defensive Driving Practices,How can you help the driver behind you maintain a safe distance?,"a:Drive 10 mph faster than the car behind you.,b:Drive 10 mph slower than the car behind you.,c:Maintain a steady speed.",c,Maintaining a steady speed and signaling early helps drivers behind you judge distance and adjust their following space. Sudden speed changes make it harder for them to keep a safe following distance and can increase the risk of rear‑end collisions.,difficult
2,Traffic Laws & Rules of the Road,"Work zone barriers, drums, cones, and signs are used to:","a:Make drivers angry about slow traffic.,b:Inconvenience drivers.,c:Keep traffic out of hazardous work areas.",c,"Work zone barriers, cones, drums, and signs are there to separate traffic from workers and dangerous areas. They guide you safely through or around the work zone and keep vehicles out of hazardous areas to reduce crashes and protect road crews.",
4,Safe & Defensive Driving Practices,Which statements about driving speed are true?,"a:Both of the following are true.,b:As your speed increases, the risk and severity of crashes increase.,c:As your speed increases, you must increase your following distance.",a,"As your speed increases, crashes are more likely to cause serious injury or death, and you need more time and distance to see hazards and stop safely. That is why you must increase your following distance as your speed increases, so you have enough space to react and brake without hitting the vehicle ahead.",
2,Traffic Laws & Rules of the Road,"If you're being passed repeatedly while driving in the center lane of an expressway, what should you do?","a:Move to the lane on your right when safe.,b:Stay in the center lane.,c:Move to the lane on your left.",a,"On multi-lane roads, the right lane is generally for slower traffic, and the left lane is for passing. If you are in the center lane and other vehicles keep passing you, you are likely going slower than the flow of traffic. When it is safe, move to the lane on your right so faster traffic can pass on the left.",
2,Traffic Laws & Rules of the Road,Driving more slowly than the surrounding traffic is:,"a:A good idea in all situations.,b:Appropriate if you do not know the speed limit.,c:Often a hazard because other drivers may try to pass unsafely.",c,"Driving much slower than surrounding traffic can be dangerous because other drivers may make sudden lane changes or risky passes to get around you. This can lead to rear-end collisions or side-swipe crashes. You should generally drive at the speed of traffic, up to the posted speed limit and adjusted for conditions.",
2,Traffic Laws & Rules of the Road,"When parking next to a curb, when should you use your turn signal?","a:When pulling next to or away from the curb.,b:Only when pulling away from the curb.,c:Only when pulling next to, but not away from, the curb.",a,"Any time you move your vehicle into or out of a traffic lane, you must signal. When parking at a curb, signal as you pull toward the curb so others know you are slowing and moving over, and signal again when you leave the curb to re-enter traffic so other drivers can anticipate your movement.",
2,Traffic Laws & Rules of the Road,You may legally block an intersection:,"a:Under no circumstances.,b:If you entered the intersection on a green light.,c:During rush hour traffic.",a,"You must never enter an intersection unless you are sure you can clear it completely, even with a green light. Stopping in the middle of an intersection and blocking cross traffic is illegal and unsafe because it interferes with traffic flow and can cause collisions.",
4,Safe & Defensive Driving Practices,Which behavior may identify someone as an aggressive driver?,"a:Erratic and improper lane changes.,b:The number of passengers in their car.,c:Tendency to drive slowly.",a,"Aggressive drivers often show impatience and hostility through their driving, such as making sudden, unsafe lane changes, tailgating, or speeding. These behaviors increase crash risk. The number of passengers or simply driving slowly does not by itself indicate aggressive driving.",
2,Traffic Laws & Rules of the Road,"If you are already in an intersection and the light changes from green to steady yellow, you should:","a:Continue moving and clear the intersection safely.,b:Stop immediately in the intersection.,c:Speed up to get through more quickly.",a,"A steady yellow light warns that the signal is about to turn red. If you are already in the intersection when it turns yellow, you should continue through and clear the intersection safely. Stopping in the intersection blocks traffic, and speeding up aggressively can cause crashes.",
5,Driving in Special Conditions,"In very foggy conditions, you should slow down and:","a:Use high beam headlights.,b:Use your low beam headlights.,c:Turn on your emergency flashers only.",b,"In fog, always slow down and use low beam headlights. High beams reflect off the water droplets in the fog and shine back into your eyes, reducing visibility. If your vehicle has fog lights, you may use them together with low beams for better visibility.",
8,Special Situations & Road Users,"If you see animals standing near the roadway, what should you do?","a:Quickly swerve into the next lane.,b:Speed up to scare them away.,c:Slow down and proceed with caution.",c,"When animals are near the road, reduce your speed and be prepared to stop. Animals can move suddenly into your path and often travel in groups. Swerving or speeding up can cause you to lose control or collide with another vehicle.",
4,Safe & Defensive Driving Practices,"If your car starts to skid, what should you avoid doing?","a:Apply the brakes lightly.,b:Stay off the brakes and steer to regain control.,c:Pump the brakes rapidly.",c,"When your car starts to skid, you should stay off the brakes and steer gently in the direction you want the front of the vehicle to go. Braking hard or pumping the brakes rapidly can make the skid worse by reducing traction even more. In most modern cars with ABS, you should press the brake pedal firmly and steadily only if you must slow down, but never pump the brakes in a skid.",
6,"Alcohol, Drugs & Impaired Driving",What does the term BAC refer to?,"a:Implied consent (IC).,b:Blood alcohol concentration (BAC).,c:Rate of alcohol consumption (RAC).",b,BAC stands for Blood Alcohol Concentration. It is the percentage of alcohol in a person’s bloodstream and is used by law enforcement to determine if a driver is legally impaired. Implied consent is a separate concept that means drivers agree to chemical testing (such as breath or blood tests) in exchange for the privilege of driving.,
7,Vehicle Ownership & Responsibilities,"If you must park somewhere not usually used for parking, what must you ensure?","a:Park with your reverse lights on.,b:Make sure your vehicle is visible to drivers approaching from any direction.,c:Park five feet from the curb.",b,"If you must park in a place that is not normally used for parking, you must make sure your vehicle can be clearly seen by drivers coming from any direction. Good visibility helps other road users detect your parked vehicle early and avoid sudden swerves or braking that could cause a collision.",
5,Driving in Special Conditions,In bad or inclement weather you should:,"a:Drive in a low gear only.,b:Steer off the road immediately.,c:Steer and brake smoothly.",c,"In bad weather such as rain, snow, or ice, you should steer, accelerate, and brake smoothly. Sudden or sharp movements can cause your tires to lose traction and lead to a skid. Gentle, gradual inputs help maintain control and give your tires the best chance to grip the road.",
2,Traffic Laws & Rules of the Road,"If vehicles arrive at an uncontrolled intersection at the same time from your right and left, who has the right-of-way?","a:Yield the right-of-way to the vehicle on your left.,b:Yield the right-of-way to the vehicle on your right.,c:Wait until there are no vehicles at the intersection before proceeding.",b,"At an uncontrolled intersection where vehicles arrive at the same time, you must yield to the vehicle on your right. This rule helps decide who goes first when there are no signs or signals. If another vehicle is on your right and you arrive together, let that driver proceed before you enter the intersection.",
2,Traffic Laws & Rules of the Road,"At a four-way stop, who has the right-of-way?","a:The driver on your left.,b:The driver who arrived before you.,c:The driver across from your vehicle.",b,"At a four-way stop, drivers proceed in the order they arrive. The first vehicle to stop is the first to go. If two or more vehicles arrive at different times, the one that arrived first has the right-of-way. If vehicles arrive at exactly the same time, then the vehicle on the right goes first.",
2,Traffic Laws & Rules of the Road,How should you check for vehicles in your blind spots?,"a:Use only the inside rearview mirror.,b:Use only the outside mirrors.,c:Look over your shoulder.",c,"Mirrors do not show the areas directly alongside and slightly behind your vehicle; these are blind spots. Before changing lanes or merging, quickly glance over your shoulder in the direction you plan to move to check these blind spots, while also using your mirrors and signal.",
5,Driving in Special Conditions,"If an oncoming vehicle fails to dim high beams and impairs your vision at night, what should you do?","a:Look ahead toward the right edge of your lane.,b:Look straight ahead in your lane.,c:Look ahead toward the left edge of your lane.",a,"When an oncoming driver does not dim high beams, the bright light can temporarily blind you. Do not look directly into the headlights. Instead, glance toward the right edge of your lane and use your peripheral vision to track the oncoming vehicle. This helps you stay in your lane while reducing glare.",
2,Traffic Laws & Rules of the Road,"If you and the driver on your left arrive at a four-way stop at the same time, who has the right-of-way?","a:Whoever is signaling to make a turn has the right-of-way.,b:The driver on your left has the right-of-way.,c:You have the right-of-way.",c,"When two vehicles arrive at a four-way stop at the same time, the driver on the right has the right-of-way. If the other vehicle is on your left, that means you are on their right, so you may proceed first when it is safe.",
4,Safe & Defensive Driving Practices,"If you want to pass a pedestrian while an oncoming vehicle is approaching, what should you do?","a:Keep driving at a steady speed; the oncoming vehicle must stop for you.,b:Honk to get the pedestrian to move over.,c:Slow down and let the oncoming vehicle pass before passing the pedestrian.",c,"When you face both a pedestrian in your lane and an oncoming vehicle, you should not try to squeeze between them. Slow down and let the oncoming vehicle pass first. Once it is clear and safe, then pass the pedestrian, giving them plenty of space and reducing your speed.",
7,Vehicle Ownership & Responsibilities,"If your car's suspension is worn, what problem can it cause?","a:Vehicle control problems and difficulty handling.,b:Squealing brakes.,c:Slack in the steering.",a,"A worn suspension makes the vehicle bounce, lean, and react poorly to bumps and turns. This reduces tire contact with the road and can cause loss of control, especially in emergency maneuvers or on curves.",
5,Driving in Special Conditions,"At dawn, dusk, or during rain or snow, what helps others see you?","a:Turn on your headlights.,b:Turn up instrument panel lights.,c:Turn on only your parking lights.",a,"In reduced visibility such as dawn, dusk, rain, or snow, you should turn on your low‑beam headlights so others can see you. Parking lights alone are not enough and are not a substitute for headlights while driving.",
8,Special Situations & Road Users,A school bus is stopped ahead with red lights flashing in your lane. What must you do?,"a:Stop and remain stopped while the red lights are flashing.,b:Stop and proceed when you think children have exited.,c:Slow to 25 mph and pass cautiously.",a,"When a school bus has its red lights flashing and stop arm extended, you must stop and remain stopped until the lights stop flashing and the bus moves or the driver signals you to go. The only common exception is when you are on the opposite side of a divided highway with a physical barrier.",
6,"Alcohol, Drugs & Impaired Driving",Which ability is affected first by alcohol?,"a:Vision.,b:Judgment.,c:Balance.",b,"Alcohol first affects the parts of the brain that control judgment, self‑control, and decision‑making. This means you may take risks or misjudge situations before you notice obvious problems with balance, coordination, or vision.",
2,Traffic Laws & Rules of the Road,Which lane should you be in before making a left turn from a one-way street?,"a:The lane nearest the center of the street.,b:The lane nearest the left curb.,c:The lane nearest the right curb.",b,"On a one‑way street, a left turn should start from the lane closest to the left curb. This positions you correctly for the turn and reduces conflicts with traffic going straight or turning right.",
2,Traffic Laws & Rules of the Road,"When stopped at a red light that also displays a green arrow for your lane, you may proceed in the arrow's direction if:","a:You first come to a complete stop.,b:You are in the proper lane and the intersection is clear.,c:You wait until the main light changes to green.",b,"A green arrow is a protected turn signal. If you are in the correct lane for that arrow and the intersection is clear, you may proceed in the direction of the arrow even though the main signal is red. Always yield to pedestrians and any traffic already in the intersection.",
5,Driving in Special Conditions,Which headlights should drivers use to improve visibility in rain or fog?,"a:Low beam headlights.,b:Parking lights.,c:High beam headlights.",a,"In rain, fog, or snow, you should use low beam headlights. High beams reflect off moisture in the air and create glare, which makes it harder to see. Low beams help you see the road and help other drivers see you without increasing glare.",
5,Driving in Special Conditions,"When in a work zone, how should you manage your following distance?","a:Avoid tailgating and keep a safe following distance.,b:Pass the driver in front of you as soon as you can.,c:Follow the driver in front of you closely.",a,"In work zones you must avoid tailgating and leave extra following distance. Traffic can slow or stop suddenly, and workers or equipment may enter your lane. A larger space cushion gives you more time to react and helps protect everyone in the work area.",difficult
2,Traffic Laws & Rules of the Road,"When passing on a two-lane road, what should you judge before starting to pass?","a:Flash your headlights as you pass.,b:Sound your horn as you pass.,c:The distance to any oncoming vehicles.",c,"Before passing on a two-lane road, you must be sure there is enough clear distance ahead to complete the pass safely without interfering with oncoming traffic. Only start to pass when you can see that the opposing lane is clear far enough ahead and you can return to your lane without forcing anyone to slow or swerve.",
5,Driving in Special Conditions,"When visibility is reduced by fog, rain, or snow, which headlights should you use?","a:Low beam headlights.,b:High beam headlights.,c:Fog lights only.",a,"When visibility is reduced by fog, rain, or snow, use low beam headlights. High beams can reflect off water droplets or snowflakes and cause glare, making it harder to see. Low beams provide better forward visibility and make your vehicle more visible to others.",
5,Driving in Special Conditions,"If the road ahead is flooded, what should you do?","a:Not drive through the flooded area; turn around and seek another route.,b:Slam on the brakes.,c:Drive only in the center of the roadway.",a,"Never drive through a flooded roadway. Even shallow water can hide deep holes, debris, or washed‑out pavement, and moving water can quickly sweep a vehicle away. If you see water covering the road, turn around and find another route.",
5,Driving in Special Conditions,"When driving at night, which of the following should you do?","a:Increase your following distance.,b:Look directly at the headlights of an oncoming vehicle.,c:Always use your high beams.",a,"At night, visibility is reduced, so you should increase your following distance and avoid looking directly at oncoming headlights to reduce glare. Use high beams only when there is no oncoming traffic and you are not following another vehicle closely; do not use them all the time.",
7,Vehicle Ownership & Responsibilities,"If you park uphill on a two-way road with no curb, which way should you turn your front wheels?","a:Straight ahead.,b:Toward the side of the road (right).,c:Toward the center of the road (left).",b,"When parking uphill on a two‑way road with no curb, turn your front wheels toward the side of the road so that if the vehicle rolls, it will move away from traffic and toward the shoulder.",
5,Driving in Special Conditions,Which is a dangerous habit in work zones?,"a:Only tailgating.,b:Only failing to watch for workers and equipment.,c:Both tailgating and failing to watch for workers and equipment.",c,"In work zones, following too closely and failing to watch for workers, equipment, and changing traffic patterns are both dangerous. Leave extra space, slow down, and stay alert for workers and machinery entering or crossing the roadway.",difficult
2,Traffic Laws & Rules of the Road,"When preparing to turn left at a corner, to whom must you yield the right-of-way?","a:Pedestrians and oncoming vehicles that have the right-of-way.,b:All approaching vehicles regardless of direction.,c:Pedestrians on the sidewalk waiting for a Walk signal only.",a,"When turning left, you must yield to oncoming vehicles that are close enough to be a hazard and to pedestrians who are in the crosswalk or otherwise have the right‑of‑way. Do not start your turn until it is safe and the way is clear.",
8,Special Situations & Road Users,"If a child is riding a bicycle near your vehicle, what should you anticipate?","a:Beep your horn to warn them.,b:That the child may act unpredictably — expect the unexpected.,c:Assume the child is in full control of the bicycle.",b,"Children on bicycles can be very unpredictable. They may suddenly swerve, stop, or enter your lane without warning. You should slow down, give them extra space, and be prepared to stop. Do not rely on them to stay in control or react like an adult rider.",
8,Special Situations & Road Users,"When a pedestrian using a guide dog or white cane is crossing, what must you do?","a:Yield only at corners.,b:Tell them where to cross.,c:Yield the right-of-way at all times.",c,"A pedestrian using a white cane or guide dog is legally blind or visually impaired and must always be given the right‑of‑way. You must stop or yield whenever they are crossing or preparing to cross, and never try to direct them or force them to hurry.",
8,Special Situations & Road Users,When must you yield to a pedestrian with a white cane or guide dog?,"a:At all times.,b:Only when the guide dog is leading them across the street.,c:Only when a crossing guard is present.",a,"Drivers must always yield to pedestrians using a white cane or guide dog, whether they are in a crosswalk, at an intersection, or entering the roadway. Treat them as having the right‑of‑way at all times and be prepared to stop well in advance.",
6,"Alcohol, Drugs & Impaired Driving",What is the only proven method to remove alcohol or drug combinations from your system?,"a:Drink coffee.,b:Breathe fresh air.,c:Give your body time.",c,Only time allows the body to metabolize and remove alcohol or impairing drugs; other measures do not lower BAC.,
4,Safe & Defensive Driving Practices,If you become tired while driving you should:,"a:Open a window for fresh air and continue driving.,b:Stop and either rest or change drivers.,c:Drink something with caffeine and continue driving.",b,"If you feel tired while driving, you are at risk of drowsy driving, which is as dangerous as drunk driving. The safe action is to pull over in a safe place and rest or switch drivers. Opening windows or drinking caffeine cannot reliably keep you alert enough to drive safely.",
3,"Signs, Signals & Road Markings","From top to bottom, what is the standard vertical order of traffic lights?","a:Green,b:Red,c:Yellow",b,"Standard vertical traffic signals are arranged red on top, yellow in the middle, and green on the bottom so drivers can recognize the signal order even if colors are hard to see.",
3,"Signs, Signals & Road Markings",What do double solid yellow centerline markings indicate about passing?,"a:Allowed from both directions.,b:Allowed only from your direction of travel.,c:Passing is not allowed from either direction.",c,Double solid yellow centerlines separate traffic moving in opposite directions and mean that passing is not allowed from either direction. You may cross them only to turn left into or out of a driveway or side road when it is safe.,
3,"Signs, Signals & Road Markings",What does a flashing yellow traffic light at an intersection require you to do?,"a:Stop before crossing the intersection.,b:Slow down and cross the intersection carefully.,c:Wait for the green light before proceeding.",b,"A flashing yellow light means you must slow down, look carefully for other vehicles and pedestrians, and proceed through the intersection with caution. You do not have to stop unless needed for safety.",
4,Safe & Defensive Driving Practices,Which habit blocks the smooth flow of traffic?,"a:Slowing down to look at a collision scene (rubbernecking).,b:Avoiding unnecessary lane changes.,c:Using public transportation instead of your vehicle.",a,"Slowing down to look at a crash or roadside incident, called rubbernecking, disrupts the smooth flow of traffic and can cause additional collisions. Keep your attention on the road ahead and maintain a steady speed if it is safe.",
7,Vehicle Ownership & Responsibilities,"If an accident causes over $500 in damage, when must you report it?","a:Immediately, regardless of who caused it.,b:Only if there are injuries.,c:Only if you are uninsured.",a,"Any accident on a public highway that results in $500 or more in property damage must be reported by the driver involved, regardless of fault.",difficult
8,Special Situations & Road Users,"When you encounter a pedestrian using a white cane or guide dog, what must you do?","a:Honk your horn as you proceed.,b:Carefully drive around them.,c:Stop until the person is well away from your path of travel.",c,"A person using a white cane or guide dog is blind and has the right‑of‑way. You must stop and remain stopped until the pedestrian has safely crossed and is well clear of your path. Do not honk or try to drive around them, as this can be dangerous and confusing.",
2,Traffic Laws & Rules of the Road,When must you obey the instructions of a school crossing guard?,"a:Only during school hours.,b:Unless you do not see any children present.,c:At all times.",c,"You must always obey a school crossing guard’s instructions. They are authorized to direct traffic and protect children and other pedestrians near schools, and their directions must be followed whenever they are on duty.",
4,Safe & Defensive Driving Practices,"When traffic is merging into your lane on the freeway, you should:","a:Make room for the merging traffic if possible.,b:Always maintain your position regardless of circumstances.,c:Assert your right-of-way by speeding up.",a,"When traffic is merging into your lane, help keep traffic flowing smoothly by adjusting your speed or lane position, when safe, to create space for merging vehicles. Do not speed up or block them; cooperation reduces collisions and sudden braking.",
4,Safe & Defensive Driving Practices,What are blind spots?,"a:Areas around your vehicle that cannot be seen in the mirrors.,b:Spots in your vision when you become fatigued.,c:Traffic control devices.",a,"Blind spots are areas around your vehicle that you cannot see using your mirrors alone, usually along the sides and near the rear corners. To check them, quickly glance over your shoulder before changing lanes or merging.",
2,Traffic Laws & Rules of the Road,When are you permitted to pass another vehicle on the road?,"a:When a solid line is next to your lane.,b:On a hill or curve.,c:When a broken center line is next to your lane.",c,"You may pass another vehicle only when a broken yellow center line is next to your lane and it is safe to do so. Do not pass when there is a solid yellow line next to your lane, or on hills, curves, or any place where you cannot see far enough ahead.",
2,Traffic Laws & Rules of the Road,"When you see an emergency vehicle using flashing lights, what must you do?","a:Move into the right lane and drive slowly until it passes.,b:Pull over to the curb or edge of the road and stop until it has passed.,c:Maintain your speed and stay in your lane.",b,"When an emergency vehicle approaches using flashing lights and/or a siren, you must move to the right side of the road and stop, clear of any intersection, and remain stopped until the vehicle has passed. This allows emergency responders a clear, predictable path and reduces the risk of collisions.",
7,Vehicle Ownership & Responsibilities,"Before switching on the ignition, what should you do regarding safety belts?","a:Buckle only if you are driving on the highway.,b:Check passengers' belts after starting the car.,c:Buckle your safety belt and ensure passengers have buckled theirs.",c,Make a habit of fastening your belt and confirming others have buckled before starting the engine.,
6,"Alcohol, Drugs & Impaired Driving","If you are under 21, your license may be suspended if you drive with a blood alcohol level of:","a:0.15 percent or more.,b:0.08 percent or more.,c:Any amount.",c,Delaware enforces zero tolerance for drivers under 21: detection of any alcohol can lead to penalties including license suspension.,difficult
2,Traffic Laws & Rules of the Road,When is it legal to turn left on a red light after stopping?,"a:Whenever you yield to all other traffic at the intersection.,b:When you are on a two-way street turning onto another two-way street.,c:When you are on a one-way street turning onto another one-way street and no sign prohibits it.",c,"In many states, you may turn left on a red light only when you are turning from a one-way street onto another one-way street, after coming to a complete stop, yielding to pedestrians and traffic, and only if there is no sign prohibiting a left turn on red. You may not turn left on red from a two-way street.",difficult
4,Safe & Defensive Driving Practices,Which action should you never take when changing lanes?,"a:Check for other vehicles moving into the same lane.,b:Change lanes abruptly or spontaneously.,c:Look over your shoulder to check your blind spot.",b,"You should never change lanes abruptly or without planning. Safe lane changes require signaling in advance, checking your mirrors, and looking over your shoulder to check your blind spot before moving. A quick, sudden lane change increases the risk of sideswipe and rear-end collisions.",
2,Traffic Laws & Rules of the Road,Drivers making a left turn must yield to:,"a:No specific vehicles.,b:Passing cars only.,c:Oncoming vehicles traveling straight or turning right.",c,"When you turn left, you must yield to oncoming traffic that is going straight or turning right, including cars, motorcycles, and bicycles. You may only turn when there is a safe gap and you will not force oncoming traffic to slow or stop.",
4,Safe & Defensive Driving Practices,How should you change lanes from one lane to another?,"a:Quickly and often.,b:Gradually and carefully.,c:When a car is in your blind spot.",b,"Change lanes only when necessary, after checking mirrors and blind spots, signaling, and making sure the lane is clear. Move over gradually and smoothly; never change lanes when a vehicle is in your blind spot.",
5,Driving in Special Conditions,Why is driving at night more dangerous than daytime driving?,"a:Your reaction time is slower at night.,b:The road is always more slippery at night.,c:You cannot see as far ahead at night.",c,"Night driving is more dangerous mainly because you cannot see as far ahead. Headlights provide limited range, and glare and darkness reduce how well you can see hazards, making it harder to spot problems in time.",
2,Traffic Laws & Rules of the Road,"When approaching an intersection controlled by a flashing red signal, you should:","a:Come to a complete stop, yield to oncoming traffic or pedestrians, then proceed.,b:Reduce your speed and enter with caution.,c:Come to a complete stop and remain stopped while the light is red.",a,"A flashing red light means the same as a stop sign: come to a complete stop, then yield to any traffic or pedestrians with the right-of-way. Proceed only when the intersection is clear and it is safe.",
3,"Signs, Signals & Road Markings",What does a pennant-shaped yellow sign indicate?,"a:Right turns permitted.,b:Right turns only.,c:No passing zone.",c,"A yellow pennant-shaped sign, placed on the left side of the road, marks the beginning of a no passing zone. It warns you not to start passing other vehicles in that area.",
2,Traffic Laws & Rules of the Road,"If you approach an intersection showing a steady yellow light and you have not entered the intersection, what should you do?","a:Reduce your speed and proceed carefully through the intersection.,b:Come to a safe stop.,c:Speed up to beat the red light.",b,"A steady yellow light means the signal is about to turn red. If you have not yet entered the intersection, you should slow down and come to a safe stop, rather than speeding up to get through. Only continue through if you are already in the intersection or cannot safely stop in time.",
7,Vehicle Ownership & Responsibilities,"If you are involved in an accident that causes injury, when must you report it?","a:Immediately.,b:Within 24 hours.,c:Within one week.",a,"Any crash involving injury or death must be reported to law enforcement without delay. You are required to stop, remain at the scene, give required information, and notify the police immediately, not hours or days later.",
4,Safe & Defensive Driving Practices,A distraction while driving is:,"a:Anything that makes you pay more attention to driving.,b:Anything that causes evasive action while driving.,c:Anything that takes your attention away from driving.",c,"A driving distraction is anything that takes your attention away from the driving task—your eyes from the road, your mind from driving, or your hands from the wheel. Examples include texting, eating, adjusting controls, or focusing on passengers instead of traffic.",
5,Driving in Special Conditions,"If a tire suddenly blows out while driving, what is the correct immediate action?","a:Pump the brakes rapidly.,b:Brake hard and steer immediately to the right edge of the road.,c:Grip the steering wheel firmly",c,"If a tire blows out, hold the steering wheel firmly to maintain control, ease off the accelerator, and let the vehicle slow down gradually. Do not brake hard. Once you have control and your speed has dropped, steer to a safe place off the road and brake gently if needed.",
8,Special Situations & Road Users,An orange and red triangular sign displayed on the back of a vehicle means:,"a:Shoulder work ahead.,b:The vehicle has the right-of-way.,c:Slow-moving vehicle.",c,"An orange and red triangular emblem on the rear of a vehicle indicates a slow‑moving vehicle, typically traveling 25 mph or less. When you see this sign, reduce speed, be prepared to slow further, and pass only when it is safe and legal.",
4,Safe & Defensive Driving Practices,How often should you check your rearview mirrors?,"a:Only to check for vehicles in blind spots.,b:Only when slowing down.,c:Often to monitor how traffic is moving behind you.",c,"You should check your mirrors frequently so you always know what is happening behind and beside you. This helps you react early to vehicles that may be approaching quickly, changing lanes, or following too closely.",
2,Traffic Laws & Rules of the Road,"If a police officer signals you to stop while the traffic light is green, what should you do?","a:Obey the traffic signal.,b:Do what the vehicle in front of you does.,c:Obey the police officer.",c,"You must always obey the lawful instructions of a police officer directing traffic, even if their directions are different from traffic lights, signs, or pavement markings. The officer’s directions temporarily override normal traffic controls to keep everyone safe.",
2,Traffic Laws & Rules of the Road,You should drive on the shoulder to pass another vehicle:,"a:If the shoulder is wide enough.,b:Under no circumstances.,c:If the vehicle ahead is turning left.",b,"You must not drive onto the shoulder to pass another vehicle. The shoulder is for emergencies and stopped vehicles, and other drivers do not expect moving traffic there, which makes passing on the shoulder very dangerous and generally illegal.",
2,Traffic Laws & Rules of the Road,"At a red light that shows a green arrow, you may proceed in the arrow's direction when:","a:You must first come to a complete stop.,b:You are in the proper lane and the roadway is clear.,c:You must wait until the light changes.",b,"A green arrow means you have a protected movement in the direction of the arrow. If you are in the correct lane and the intersection is clear of pedestrians and other traffic, you may proceed in the direction of the arrow, even if other parts of the signal are red.",
5,Driving in Special Conditions,"When a vehicle with bright headlights approaches at night, where should you look?","a:Look directly at the headlights.,b:Glance toward the right edge of your lane.,c:Stop in your lane until the vehicle passes.",b,"When an oncoming vehicle’s bright headlights shine at you, do not look directly into them. Instead, briefly glance toward the right edge of your lane and use it as a guide. This reduces glare and helps you stay in your lane while still watching the road.",
2,Traffic Laws & Rules of the Road,"If another vehicle is passing you, what should you do?","a:Speed up to block the pass.,b:Brake hard to prevent the pass.,c:Maintain a steady speed and allow the passing vehicle to complete the maneuver.",c,"When another vehicle is passing you, stay in your lane and keep a steady speed, or slow slightly if needed. This makes it easier and safer for the other driver to pass and return to the lane without sudden speed changes or conflicts.",
5,Driving in Special Conditions,Your car may begin to hydroplane at speeds as low as:,"a:45 miles per hour.,b:40 miles per hour.,c:35 miles per hour.",c,"Hydroplaning happens when your tires ride on top of water and lose contact with the road. This can begin around 35 mph in standing water, and the risk increases as your speed goes up and tire tread or inflation are poor.",difficult
5,Driving in Special Conditions,"When driving through a construction zone, you should:","a:Pass the work zone carefully, obey posted work zone speeds, and avoid slowing down just to look at the scene.,b:Stop to watch the workers.,c:Reduce your following distance so you are closer to the vehicle ahead.",a,"In construction zones, you should drive with extra caution, obey reduced speed limits, and avoid rubbernecking or unnecessary slowing that can cause crashes. Maintain a safe following distance—do not reduce it—so you have time to react to workers, equipment, or sudden stops.",difficult
8,Special Situations & Road Users,Where are truck blind spots located?,"a:On both sides of the truck, especially the immediate left of the cab, and directly behind the truck.,b:Directly behind the body only.,c:On the immediate left of the cab only.",a,"Large trucks have big blind spots, often called “No-Zones,” directly behind the truck and along both sides, especially on the right side and close to the cab on the left. If you cannot see the truck driver’s mirrors, the driver likely cannot see you.",
8,Special Situations & Road Users,"If a truck or bus is making a right turn where you also need to turn right, you should:","a:Squeeze between the truck or bus and the curb.,b:Quickly turn before the truck or bus is able to.,c:Wait until the truck or bus has completed its turn before you turn.",c,Do not try to pass between a turning truck or bus and the curb; wait until the larger vehicle completes its turn.,
3,"Signs, Signals & Road Markings",Blue traffic signs provide information about:,"a:Motorist services such as rest areas, food, or hospitals.,b:Construction and maintenance.,c:Mileage information only.",a,"Blue traffic signs are service signs. They guide drivers to motorist services such as rest areas, gas stations, food, lodging, and hospitals. They are not used for construction zones or general mileage information.",
4,Safe & Defensive Driving Practices,"When finishing a passing maneuver, how can you tell you have enough room to return to your lane?","a:If the other driver signals for you to re-enter the lane.,b:If you can see both of the passed vehicle's headlights in your rearview mirror.,c:If you look over your shoulder and see the passed car behind you.",b,"After passing another vehicle, you should not move back into your original lane until you are sure you have enough space. A good rule is to wait until you can see both headlights of the vehicle you passed clearly in your rearview mirror. This indicates you have created a safe following distance before returning to the lane.",
5,Driving in Special Conditions,What can continuous hard braking on ice or snow cause?,"a:Helps you stop faster.,b:Locks the front wheels,c:Keeps the brakes from freezing.",b,"On ice or snow, hard continuous braking can cause your wheels to lock. When the front wheels lock, you lose steering control and the vehicle may skid straight ahead. To maintain control, slow down early and brake gently and gradually on slippery surfaces.",
2,Traffic Laws & Rules of the Road,You should yield your legal right-of-way:,"a:Never,b:Often,c:Whenever it helps prevent a collision.",c,"Even if you have the legal right-of-way, you must be prepared to yield to avoid a collision. Other drivers may make mistakes or break the rules. Yielding your right-of-way when it helps prevent a crash is an important part of defensive driving.",difficult
5,Driving in Special Conditions,Which headlights should you use when driving in fog?,"a:Low beam headlights.,b:Use your parking lights.,c:High beam headlights.",a,"In fog, use low beam headlights. Low beams aim light down toward the road and reduce glare. High beams reflect off the fog and back into your eyes, making it harder to see. Parking lights alone are not bright enough and do not help other drivers see you well.",
4,Safe & Defensive Driving Practices,How should drivers check blind spots before changing lanes?,"a:Only the inside rearview mirror.,b:Only the left outside mirror.,c:Look over the left or right shoulder.",c,"To safely change lanes, check your mirrors first, then quickly look over the shoulder on the side you are moving toward. This head check lets you see the blind spot that mirrors cannot show, helping you avoid vehicles hidden beside you.",
4,Safe & Defensive Driving Practices,You should increase the following distance between your vehicle and the one ahead when you are:,"a:Driving more slowly than the posted speed limit.,b:Following a small passenger vehicle.,c:Being tailgated by another driver.",c,"When another driver is following too closely, you should increase your following distance from the vehicle ahead. Extra space in front gives you more time to slow or stop smoothly, reducing the chance of being hit from behind if you must brake.",
1,Licensing & Permit Requirements,Which statement correctly describes having a driver's license?,"a:It is a legal requirement that cannot be revoked.,b:It is a privilege,c:It is a right",b,"Driving is not a guaranteed right; it is a privilege granted by the state. You must meet licensing requirements and obey traffic laws, and your license can be suspended or revoked if you violate those laws or drive unsafely.",
7,Vehicle Ownership & Responsibilities,"If you damage a parked vehicle and cannot find the owner, what must you do?","a:Call your insurance company when you get home.,b:Wait for the owner to return.,c:Leave a note with your name, contact information, and an explanation of what happened, and follow any required reporting laws.",c,"If you hit a parked vehicle and cannot locate the owner, you must stop, try to find the owner, and if you cannot, leave a clearly written note with your name, contact information, and an explanation of the accident in a secure place on the vehicle. In many states you are also required to report the collision to law enforcement as soon as possible.",
2,Traffic Laws & Rules of the Road,"Before changing lanes, besides checking mirrors you should:","a:Glance over your shoulder into the lane you want to enter.,b:Never look over your right shoulder.,c:Always slow down in your lane.",a,"Before changing lanes, signal, check your mirrors, then quickly glance over your shoulder in the direction you intend to move. This shoulder check lets you see the blind spot and confirm the lane is clear before you steer into it.",
6,"Alcohol, Drugs & Impaired Driving",What is the only truly effective way to remove alcohol from your body?,"a:Wait — time.,b:Drink strong coffee.,c:Take a cold shower.",a,Only time allows the body to metabolize and eliminate alcohol; nothing speeds up the process.,
5,Driving in Special Conditions,"On a slippery road, how should your following distance compare to normal?","a:Increase the distance from the vehicle ahead.,b:Keep the same distance as normal.,c:Follow more closely than usual.",a,"On slippery roads, your tires have less traction, so it takes much longer to stop. Increasing your following distance gives you more space and time to brake gently and avoid skidding or rear‑ending the vehicle ahead.",
8,Special Situations & Road Users,Why is it dangerous to follow a motorcycle too closely?,"a:They do not follow the same rules as motor vehicles.,b:They brake more slowly than motor vehicles.,c:A motorcycle can stop much faster than a standard vehicle.",c,"Motorcycles are lighter and can often stop more quickly than larger vehicles. If you follow too closely, you may not have enough time or space to react if the motorcyclist brakes suddenly, increasing the risk of a rear‑end collision.",
2,Traffic Laws & Rules of the Road,"When you face a green light and there are pedestrians in the intersection, you must:","a:Yield the right-of-way to the pedestrians.,b:Assert your right-of-way over the pedestrians.,c:Proceed because vehicles have priority.",a,"A green light means you may go only if the intersection is clear and it is safe. Pedestrians already in the crosswalk have the right‑of‑way, so you must wait until they have safely crossed before proceeding, even on a green light.",
3,"Signs, Signals & Road Markings",A broken yellow line down the center of the road indicates:,"a:A construction zone ahead.,b:Passing is not permitted from either direction.,c:Passing is permitted from either direction when safe.",c,A broken (dashed) yellow centerline separates traffic moving in opposite directions and means passing is allowed from either direction when it can be done safely and is not otherwise prohibited by signs or conditions.,difficult
6,"Alcohol, Drugs & Impaired Driving",A blood alcohol concentration (BAC) of 0.02 percent:,"a:Won't have any effect on your driving.,b:Won't put other drivers at risk.,c:Will nearly double your chances of having an accident.",c,"Even a small amount of alcohol in your system can affect judgment, reaction time, and coordination. A BAC as low as 0.02% has been shown to increase crash risk compared with sober drivers, so it is not safe to assume there is no effect or no risk to others.",difficult
4,Safe & Defensive Driving Practices,"If you feel fatigued while driving, what should you do?","a:Find a safe parking area to take a short nap.,b:Increase your speed to reach your destination more quickly.,c:Increase the volume of your radio.",a,"If fatigue affects your driving, safely pull over and take a short nap or rest to refresh before continuing.",
2,Traffic Laws & Rules of the Road,"When you see a flashing yellow light at an intersection, you should:","a:Slow down and cross the intersection carefully.,b:Stop, then enter the intersection when it is safe.,c:Yield to all traffic before crossing the intersection.",a,"A flashing yellow light means you must slow down and proceed through the intersection with caution. You do not have to stop unless needed for safety, but you should be prepared to yield or stop for other traffic or pedestrians if necessary.",
5,Driving in Special Conditions,How should you drive in work zones?,"a:Maintain your normal speed the whole way through the zone.,b:Reduce your speed and be prepared to stop suddenly.,c:Increase your speed to get through quickly.",b,"In work zones you must slow down, obey the posted work-zone speed limit, and be prepared to stop suddenly for workers, equipment, or lane shifts. Speeding through a work zone is dangerous and often carries increased fines because workers are close to moving traffic.",
5,Driving in Special Conditions,"At night on a dimly lit street, how should you drive?","a:Turn on high beams to see further ahead.,b:Keep your instrument lights bright to be visible to others.,c:Slow so you can stop within the area lit by your headlights.",c,"At night you should drive slowly enough that you can stop within the distance you can see with your headlights. This is called not overdriving your headlights. Using high beams is helpful on very dark roads when legal and safe, but you must still adjust your speed so you can stop within the lighted area.",
5,Driving in Special Conditions,"When exiting an interstate, when should you slow down?","a:Immediately upon entering the deceleration lane.,b:As you approach the deceleration lane.,c:About halfway through the deceleration lane.",a,"On an interstate, stay at highway speed until you enter the deceleration lane. Once you are fully in the deceleration lane, begin slowing down promptly and smoothly so you reach the proper speed before the exit ramp or intersection.",
2,Traffic Laws & Rules of the Road,"When entering the interstate, after checking for a gap and signaling you should:","a:Merge carefully into the gap.,b:Expect traffic to allow you to proceed since you have the right-of-way.,c:Wait for the lane to clear completely before merging.",a,"When entering an interstate, use the entrance ramp and acceleration lane to reach the speed of traffic, signal, check your mirrors and blind spots, and then merge carefully into a suitable gap. Do not assume other drivers will yield, and do not stop in the acceleration lane unless absolutely necessary.",
2,Traffic Laws & Rules of the Road,Delaware law does not grant right-of-way; what does it specify instead?,"a:Who must yield the right-of-way.,b:Nothing about the right-of-way.,c:That right-of-way does not exist.",a,"Delaware law, like many states, does not give anyone an absolute right-of-way. Instead, it specifies which driver must yield in different situations, such as at intersections, crosswalks, and when turning. You must always be prepared to yield to avoid a collision, even if you think you should have the right-of-way.",
7,Vehicle Ownership & Responsibilities,"If you parallel park facing downhill, which way should you turn the front wheels?","a:Turn the wheels away from the curb.,b:Turn the wheels toward the side of the road (toward the curb).,c:Keep the wheels straight.",b,"When parking facing downhill, turn your front wheels toward the curb or road edge and set the parking brake. If the vehicle rolls, the front tire will rest against the curb or edge instead of rolling into traffic.",
4,Safe & Defensive Driving Practices,Which is a safe driving technique?,"a:Using your high beams in fog.,b:Checking your rearview mirrors frequently.,c:Staring fixedly at the road ahead.",b,"Safe drivers constantly scan their surroundings. Check your mirrors frequently so you know what is happening behind and beside you, and move your eyes regularly rather than staring at one spot. In fog, always use low beams because high beams reflect off the moisture and reduce visibility.",
6,"Alcohol, Drugs & Impaired Driving","If you've had several beers, the only way to reduce alcohol's effects is to:","a:Take a cold shower.,b:Wait several hours.,c:Drink several cups of coffee.",b,"Time is the only thing that reduces the amount of alcohol in your body. Your liver can only process alcohol at a fixed rate, roughly about one drink per hour. Cold showers, coffee, exercise, or other tricks do not make you sober faster and can give a false sense of alertness.",
2,Traffic Laws & Rules of the Road,Where is it safe to pass another vehicle?,"a:Wherever signs and/or pavement markings permit passing.,b:Within an intersection where there are no oncoming vehicles.,c:Within a curve where there are no oncoming vehicles.",a,"You may only pass where it is both legal and safe. Legal passing zones are marked by signs and pavement markings, such as a broken yellow centerline on a two‑way road. You must not pass in intersections, on curves, or anywhere your view is blocked, even if you do not see oncoming traffic.",
3,"Signs, Signals & Road Markings",What does a single broken white centerline mean on the roadway?,"a:You must stay within your lane.,b:You may change lanes only from the left lane.,c:You may cross the line to change lanes.",c,"A single broken white line separates lanes of traffic moving in the same direction. You may cross a broken white line to change lanes when it is safe and after checking mirrors and blind spots. Solid white lines, by contrast, discourage or prohibit lane changes.",
4,Safe & Defensive Driving Practices,Stopping distance and the severity of crashes:,"a:Increase as vehicle speed increases.,b:Are not affected by vehicle speed.,c:Decrease as vehicle speed increases.",a,"As your speed increases, your vehicle needs more distance to come to a complete stop because both reaction distance and braking distance grow. Higher speeds also mean more force in a crash, which increases the severity of injuries and damage.",
4,Safe & Defensive Driving Practices,Collisions are more likely when how many vehicles are traveling relative to each other?,"a:One lane travels faster but all others match each other.,b:All vehicles travel at about the same speed.,c:One vehicle is traveling much faster or slower than the flow of traffic.",c,"Crashes are more likely when one vehicle is moving much faster or much slower than surrounding traffic. Large speed differences cause more lane changes, sudden braking, and unexpected conflicts. When all vehicles travel at about the same speed, traffic tends to flow more smoothly and safely.",
5,Driving in Special Conditions,"If oncoming headlights are blinding you at night, what is the safest response?","a:Turn your lights on and off.,b:Switch your lights to high beams.,c:Glance toward the right edge of the road.",c,"When oncoming headlights are too bright at night, avoid looking directly at them because this can temporarily blind you. Instead, briefly glance toward the right edge of your lane and use it as a guide while keeping your vehicle centered. Keep your low-beam headlights on and reduce speed if needed so you can stop safely within the distance you can see.",
2,Traffic Laws & Rules of the Road,"When approaching an intersection with a flashing yellow light, you should:","a:Wait for a green light before proceeding.,b:Slow down and proceed with caution.,c:Stop before crossing the intersection.",b,"A flashing yellow light means you must slow down and proceed with caution, not stop and not wait for a green. Look carefully for cross traffic, pedestrians, and other hazards, and continue through the intersection only when it is safe.",
2,Traffic Laws & Rules of the Road,What is the correct method to make a right turn?,"a:Approach the corner in the lane nearest the right curb.,b:Signal your turn for at least the last 100 feet before turning.,c:Use your turn signal only if other traffic is present.",a,"To make a safe right turn, you should first be in the lane nearest the right curb or edge of the road well before the turn. Then signal your intention, slow down, and stay close to the right curb as you turn into the right lane of the road you are entering. Proper lane position and signaling are both required, but being in the correct lane nearest the right curb is the key starting step.",
4,Safe & Defensive Driving Practices,"If your wheels run off the edge of the pavement, what is the first thing you should do?","a:Turn the front wheels sharply to the left to get back on the pavement.,b:Apply the brakes hard and try to stop immediately.,c:Hold the steering wheel firmly and slow down gradually before gently steering back onto the pavement.",c,"If your wheels drop off the pavement, do not brake hard or jerk the steering wheel back onto the road. First, hold the steering wheel firmly and keep the vehicle going straight. Ease off the accelerator and let the car slow down gradually. When you have control and traffic is clear, gently steer back onto the pavement.",
4,Safe & Defensive Driving Practices,Which of these commonly contributes to traffic crashes?,"a:Getting adequate rest and staying alert.,b:Scanning the environment and staying focused on the driving task.,c:Exceeding the posted speed limit or driving too fast for conditions.",c,"Driving faster than the posted speed limit or too fast for road, traffic, or weather conditions is a major cause of crashes. Higher speed reduces your time to react and increases stopping distance and crash severity. Always obey speed limits and adjust your speed to match visibility, traffic, and road conditions.",
6,"Alcohol, Drugs & Impaired Driving",Alcohol in any concentration is classified as which of the following?,"a:Neither of the above.,b:A stimulant.,c:A depressant.",c,"Alcohol is classified as a depressant. It slows brain and nervous system activity, which reduces judgment, reaction time, and coordination, making driving unsafe even at low levels.",
8,Special Situations & Road Users,At a railroad crossing you must:,"a:Only watch for multiple trains.,b:Only watch for vehicles that must stop.,c:Watch for vehicles that must stop at all railroad crossings and watch for multiple trains.",c,"At railroad crossings, always be alert for vehicles that must stop at all tracks, such as school buses and certain trucks carrying hazardous materials, and be prepared for more than one train to pass before the crossing is clear.",
2,Traffic Laws & Rules of the Road,Excessive speed:,"a:Helps you maneuver around obstacles safely.,b:Saves time in most trips.,c:Increases the likelihood of serious bodily injury and death.",c,"Driving at excessive speed greatly increases stopping distance and the force of any collision, which raises the risk of serious injury or death for everyone involved.",
2,Traffic Laws & Rules of the Road,"If you are driving in the left lane and traffic is passing you on the right, what should you do if the driver behind wants to go faster?","a:Drive onto the left shoulder to let the other vehicles pass.,b:Stay in your lane so you don't impede the flow of traffic.,c:Move into the right lane when it is safe.",c,"The left lane is generally for passing or faster traffic. If vehicles are passing you on the right or a faster driver is behind you, you should safely move into the right lane when possible so you do not block the flow of traffic.",
8,Special Situations & Road Users,You may legally drive around or under a lowered railroad crossing gate:,"a:When the warning lights are not flashing.,b:When you can see clearly in both directions.,c:Never.",c,"You must never drive around or under a lowered railroad gate. Stay stopped until the lights stop flashing, the gate is fully raised, and you are sure the tracks are clear in both directions.",
6,"Alcohol, Drugs & Impaired Driving",Which statement about drugs and driving is accurate?,"a:Any prescription drug is safe if you don't feel drowsy.,b:Only illegal drugs can impair driving.,c:Even over-the-counter drugs can impair your driving.",c,"Even legal medications can affect your driving. Many prescription and over‑the‑counter drugs can cause drowsiness, slow reaction time, or affect judgment. If a drug label warns about operating machinery or driving, you must be especially cautious and may need to avoid driving while using it.",
5,Driving in Special Conditions,How can you avoid glare from the headlights of an approaching car at night?,"a:Stay focused on the centerline on the road.,b:Look briefly toward the right side of the road.,c:Flash your high beams.",b,"To reduce glare from oncoming headlights at night, briefly look toward the right edge of your lane and use your peripheral vision to track the other vehicle. Do not stare directly into the headlights, and do not flash your high beams at oncoming traffic, as this can further reduce visibility for both drivers.",
2,Traffic Laws & Rules of the Road,"As you enter a roundabout, what should you yield to?","a:Both of the above.,b:Yield to any crossing pedestrians and bicyclists.,c:Yield to any car already within the roundabout.",a,"When entering a roundabout, you must yield to traffic already in the circle and to any pedestrians or bicyclists crossing the entry or exit lanes. Wait for a safe gap in circulating traffic and for crossing pedestrians or bicyclists to clear before you enter.",
2,Traffic Laws & Rules of the Road,"When merging onto an interstate, what is the proper action?","a:Merge across two lanes at once.,b:Always stop before entering the highway.,c:Select a safe gap and merge into the traffic lane.",c,"On an interstate entrance ramp, use the acceleration lane to reach the speed of traffic, check mirrors and blind spots, and then merge into a safe gap. Do not stop in the acceleration lane unless traffic or conditions require it, because stopping there can create a hazard.",
5,Driving in Special Conditions,When should you use high beam headlights at night?,"a:Whenever driving at night as often as possible.,b:When following other vehicles closely.,c:Only when there are no oncoming vehicles and you are not closely following another vehicle.",c,Use high beams at night when you are driving in areas with little or no street lighting and there are no oncoming vehicles and you are not following another vehicle closely. Dim your high beams when you approach or follow other vehicles so you do not blind other drivers.,
6,"Alcohol, Drugs & Impaired Driving",Which driving skills are affected by alcohol or drugs?,"a: Reaction time and coordination only.,b: Alertness and concentration only.,c: All of the above (alertness, concentration, reaction time, and coordination).",c,"Alcohol and many drugs reduce your alertness and concentration and also slow your reaction time and harm your coordination. Because all of these skills are important for safe driving, any impairment makes it harder to notice hazards and respond in time.",
4,Safe & Defensive Driving Practices,"Before stopping at a traffic signal or sign, what should you first do?","a:Set the parking brake.,b:Check your mirrors for surrounding traffic.,c:Press down hard on the accelerator.",b,"Before you slow or stop, check your mirrors to see traffic behind and around you. This helps you brake smoothly, gives drivers behind you time to react, and reduces the risk of being rear‑ended.",
5,Driving in Special Conditions,"Use your headlights on rainy, snowy, or foggy days:","a:To warn others of the bad weather.,b:To keep your engine warm.,c:So others can see your vehicle.",c,"In rain, snow, or fog, turn on your low‑beam headlights so other drivers can see you more easily. Headlights improve your visibility to others even during the day and are required in many states whenever wipers are in use.",
3,"Signs, Signals & Road Markings",Signs with orange backgrounds indicate:,"a:Regulatory signs.,b:General warning signs.,c:Construction and maintenance warning signs.",c,"Orange signs are used for construction and maintenance areas. They warn you of road work, lane closures, and changing traffic patterns so you can slow down and drive with extra caution.",
6,"Alcohol, Drugs & Impaired Driving",Which statement about alcohol's effects on driving is true?,"a: Alcohol affects judgment and can impair driving even at low BAC levels.,b: If you are under the legal BAC limit, alcohol will not affect your driving.,c: If you can walk in a straight line after drinking, it is safe for you to drive.",a,"Alcohol affects your judgment first, often before you feel very impaired. Poor judgment leads to risky decisions such as speeding, following too closely, or misjudging gaps in traffic. Even if you are under the legal BAC limit or feel steady on your feet, your driving can still be unsafe because your judgment is already affected.",
2,Traffic Laws & Rules of the Road,Which of the following is NOT a safe practice on the interstate?,"a:Slower traffic must keep to the right.,b:Change lanes without signaling.,c:If you miss your exit, go to the next exit.",b,"On interstates, slower traffic should keep right and you must never back up or make a U‑turn if you miss your exit; instead, go to the next exit. It is unsafe and illegal to change lanes without signaling because other drivers need advance warning of your movement.",
3,"Signs, Signals & Road Markings",What does a yellow left-turn arrow in a traffic signal indicate?,"a:You do not need to yield to oncoming traffic.,b:The protected left turn is ending and you should prepare to yield to oncoming traffic.,c:You should speed up to complete your turn.",b,A yellow left‑turn arrow means the protected left‑turn phase is ending. You should prepare to stop and be ready to yield to oncoming traffic and pedestrians before turning.,
4,Safe & Defensive Driving Practices,"If your view to the side at an intersection is blocked, what should you do?","a:Maintain your speed and look both ways.,b:Stop, then slowly move forward until you can see clearly in both directions.,c:Slow down and look both ways.",b,"If your view is blocked at an intersection, you should stop, then slowly move forward until you can clearly see cross traffic in both directions before proceeding. Entering blindly, even at a slower speed, is unsafe.",
8,Special Situations & Road Users,"When passing a motorcycle, you must:","a:Have your vehicle entirely in the left lane before and during the pass.,b:Share the lane with the motorcycle because it is small.,c:Blow your horn to make the rider move onto the shoulder.",a,"Motorcycles are entitled to a full lane. When passing, move completely into the left lane, pass safely, and return only when you can see the motorcycle in your mirror. Never share a lane or crowd a motorcycle.",
8,Special Situations & Road Users,How might a large truck turning right across two lanes behave?,"a:May have to swing wide to complete the right turn.,b:May complete its turn in either of the two lanes.,c:Must stay in the right lane at all times while turning.",a,Large trucks often must swing wide to the left before turning right because their rear wheels track inside the front wheels. You should never assume they can choose any lane at will; give them space and do not drive into the space they need to turn.,
3,"Signs, Signals & Road Markings",Traffic control devices used in construction and maintenance work areas are what color?,"a:Red.,b:Yellow.,c:Orange.",c,"Work zones use orange signs, cones, drums, and barriers to warn drivers of construction or maintenance ahead. The bright orange color signals temporary conditions so you slow down, stay alert, and follow any changed lane patterns.",
3,"Signs, Signals & Road Markings","When driving next to a single broken white line on a highway, you:","a:Cannot cross the line to pass.,b:May cross the line to pass or change lanes when it is safe.,c:May cross only if you are in the left lane.",b,"A single broken (dashed) white line separates lanes moving in the same direction. You may cross it to pass or change lanes when it is safe, after checking mirrors, blind spots, and signaling. You must not weave or change lanes unsafely.",
4,Safe & Defensive Driving Practices,"Before entering an intersection, what scanning sequence should you use?","a:Look only to the right.,b:Look left, right, then left again.,c:Look only to the left.",b,"Before entering an intersection, scan left, then right, then left again. Traffic from your left reaches you first, so you check that side twice. This helps you spot vehicles, pedestrians, and cyclists that may enter your path.",
3,"Signs, Signals & Road Markings",What does a green arrow on a traffic signal indicate?,"a:Drivers may turn after a complete stop only.,b:Drivers must stop before turning.,c:Traffic may turn in the indicated direction and has the right-of-way.",c,"A green arrow means you may turn in the direction of the arrow and you have the right-of-way for that movement. Oncoming traffic and pedestrians should be stopped, but you must still watch for anyone in the crosswalk or vehicles that may not obey their signal.",
2,Traffic Laws & Rules of the Road,"On a one-way street, when may you turn left onto another one-way street?","a:Only if you increase your speed before the turn.,b:If traffic on the street you are turning onto moves to the left.,c:Only if traffic on the street moves to the right.",b,"On a one-way street, you may turn left onto another one-way street if traffic on the new street flows to the left and there is no sign prohibiting the turn. Make the turn from the left lane into the left lane, yielding to pedestrians and other traffic.",
2,Traffic Laws & Rules of the Road,"To enter a gap in highway traffic safely, what should you do first?","a:Speed up and force other vehicles to make way.,b:Check traffic behind and beside you before entering the gap.,c:Watch only the vehicles behind the gap.",b,"Before entering a gap in highway traffic, first check behind and to the sides using your mirrors and blind-spot checks. Once you know it is safe to move, then adjust your speed and steer smoothly into the gap without forcing other drivers to brake or swerve.",
2,Traffic Laws & Rules of the Road,Which statement about driving slowly is true?,"a:Driving too slowly is never unsafe.,b:Driving too slowly on certain highways can be dangerous.,c:Speed does not affect driving safety.",b,"Driving much slower than the normal flow of traffic can be dangerous because it causes other drivers to brake or change lanes suddenly. On many highways there are minimum speed limits for this reason. You should generally travel with the flow of traffic, as long as you stay within posted speed limits and adjust for conditions.",
2,Traffic Laws & Rules of the Road,"If you are in an intersection and an emergency vehicle approaches with siren and lights, what should you do?","a:Stop immediately in the intersection until it passes.,b:Stop before entering the intersection and wait.,c:Continue through the intersection, then pull to the right and stop.",c,"If you are already in an intersection when an emergency vehicle approaches with lights and siren, continue through the intersection first so you do not block it. Once you are clear of the intersection, pull to the right side of the road and stop until the emergency vehicle has passed.",
6,"Alcohol, Drugs & Impaired Driving",How many alcoholic drinks does it take to affect your driving ability?,"a:Three,b:Two,c:One",c,"Any amount of alcohol can affect your judgment, reaction time, and coordination. Even one drink can begin to impair your driving ability, so the safest choice is not to drive after consuming any alcohol.",
8,Special Situations & Road Users,"If you see pedestrians in a crosswalk ahead, what should you do?","a:Pull to the right and go around them.,b:Wait for the pedestrians to cross the street.,c:Continue ahead; you have the right-of-way.",b,"Drivers must always yield to pedestrians in a crosswalk. Slow down and be prepared to stop, then wait until the pedestrians have completely crossed your lane before proceeding. Never drive around pedestrians who are in a crosswalk.",
2,Traffic Laws & Rules of the Road,"When passing another vehicle, how should you execute the pass?","a:Drive at the same speed as the vehicle you are passing.,b:Pass as safely and as quickly as possible.,c:Pass the vehicle as slowly as possible.",b,"When passing, you should move into the passing lane only when it is legal and safe, accelerate to pass efficiently, and minimize the time spent in the opposing lane. Do not linger beside the other vehicle; complete the pass promptly and return to your lane when you can see the vehicle you passed in your rearview mirror.",
6,"Alcohol, Drugs & Impaired Driving","When taking any medication, what should you do before driving?","a:Keep your window open and drive more slowly.,b:Have someone follow you home.,c:Consult your doctor or pharmacist about how it may affect driving.",c,"Many prescription and over‑the‑counter medicines can cause drowsiness, blurred vision, or slower reactions. Before driving, you should ask your doctor or pharmacist whether a medication can affect your ability to drive safely and follow their advice, including not driving if they warn against it.",
6,"Alcohol, Drugs & Impaired Driving",Which driving skills are affected by alcohol and/or drugs?,"a:Coordination only.,b:Alertness only.,c:Both alertness and coordination.",c,"Alcohol and many drugs affect several critical driving skills at the same time. They reduce alertness, slow your reaction time, and harm coordination and judgment, making it harder to steer, brake, and respond to hazards safely.",
2,Traffic Laws & Rules of the Road,Who must you obey when they are directing traffic at a construction site?,"a:Flaggers (signal persons) at construction sites.,b:Security guards patrolling parking lots.,c:Other drivers whose vehicles are broken down on the roadway.",a,"At construction and road work zones, you must obey the instructions of flaggers or signal persons, even if traffic signals or signs indicate something different. They are authorized to direct traffic to protect workers and drivers, and their directions override normal traffic controls while they are on duty.",
8,Special Situations & Road Users,"When following a large truck on the freeway in bad weather, you should:","a:Tailgate so the truck driver can see you.,b:Keep no more than one car length behind the truck.,c:Follow farther behind the truck than you would a passenger vehicle.",c,"Large trucks need more time and distance to stop, and they have large blind spots behind them. In bad weather, increase your following distance even more than usual so you have extra time to react and can see around the truck more clearly.",
5,Driving in Special Conditions,"When driving in fog, what is the correct action?","a:Turn your lights on and off to warn other drivers.,b:Slow down and use your high beam headlights.,c:Slow down and use your low beam headlights.",c,"In fog, use low beam headlights because high beams reflect off the moisture droplets and make it harder to see. Always slow down so you have more time to react, and if visibility becomes extremely poor, pull completely off the road to a safe place and wait for conditions to improve.",
5,Driving in Special Conditions,"If heavy smoke covers the road ahead, what should you do?","a:Turn on your hazard flashers and keep driving.,b:Turn on your high beam headlights and continue.,c:Reduce speed, move as far right as possible, and stop off the road if you cannot see clearly.",c,"When heavy smoke or dust severely limits visibility, you should slow down immediately, turn on low beam headlights, and move as far right as you can. If you cannot see well enough to drive safely, pull completely off the roadway, stop, and turn on your hazard flashers so other drivers can see you.",
4,Safe & Defensive Driving Practices,"As your travel speed increases, you should:","a:Change lanes frequently to find a faster lane.,b:Look well ahead of your vehicle to allow time to react.,c:Turn on your headlights.",b,"As speed increases, you cover more distance in less time and your stopping distance becomes much longer. To drive safely at higher speeds, you must look farther ahead so you can see hazards early and have enough time and space to react smoothly.",
4,Safe & Defensive Driving Practices,"If someone is tailgating you on a two-lane road and you cannot change lanes, what is the best action?","a:Speed up to increase distance from the tailgater.,b:Apply your brakes to slow down suddenly and then resume speed.,c:Slow down gradually to encourage them to pass.",c,"If someone is following too closely and you cannot safely change lanes, gradually slow down to increase your following distance ahead and encourage the tailgater to pass when it is safe. Avoid speeding up or braking suddenly, as these actions can increase the risk of a rear-end collision.",
8,Special Situations & Road Users,What is true about pedestrians at a crosswalk?,"a:Construction workers must yield to you.,b:You must yield to pedestrians.,c:Pedestrians must yield to you.",b,Drivers must yield the right-of-way to pedestrians in marked and unmarked crosswalks. This includes construction workers and any other pedestrians who are legally crossing the street. You must be prepared to stop and allow pedestrians to cross safely.,
8,Special Situations & Road Users,"If you approach a railroad crossing with lowered gates and flashing lights, you should:","a:Slow down and drive around the gates.,b:Drive around the crossing gates if you cannot see a train.,c:Come to a complete stop well behind the gates and wait until they are lifted.",c,"At a railroad crossing with lowered gates and flashing lights, you must stop before the gate and remain stopped until the gates are fully raised and the lights stop flashing. Never drive around or through lowered gates, even if you do not see a train; this is illegal and extremely dangerous.",
2,Traffic Laws & Rules of the Road,Is it ever allowed to drive off the roadway onto the shoulder to pass another vehicle?,"a:If the vehicle ahead is turning left.,b:If there are two or more lanes traveling in your direction.,c:No — under no circumstances.",c,"You must stay on the paved or main-traveled portion of the roadway when passing. Driving onto the shoulder to pass is unsafe and illegal in most situations because shoulders are not designed for travel and may contain stopped vehicles, pedestrians, or debris. If you cannot safely pass within your lane(s), you must wait.",
4,Safe & Defensive Driving Practices,"If you are about to be hit from the rear, you should do all of the following EXCEPT:","a:Let go of the steering wheel.,b:Press your head firmly against the head restraint.,c:Apply your brakes.",a,"If you are about to be hit from the rear, keep a firm grip on the steering wheel so you can control the vehicle, and press your head and back firmly against the head restraint and seat to reduce whiplash. You may need to apply the brakes after impact to avoid being pushed into another vehicle. You should never let go of the steering wheel.",
8,Special Situations & Road Users,"When bicycles are used on roadways, they are considered:","a:Hazards.,b:Dangerous.,c:Vehicles.",c,"On the roadway, bicycles are treated as vehicles. Bicyclists generally have the same rights and responsibilities as drivers of motor vehicles, including obeying traffic signals, signs, and lane markings. Drivers must share the road and give bicycles the same respect as other vehicles.",
3,"Signs, Signals & Road Markings",A curb painted red indicates:,"a:A loading zone.,b:An area reserved for picking up or dropping off passengers.,c:No parking",c,"A red curb means no stopping, standing, or parking at any time, except when required to obey a traffic control device or officer. It is used where stopping would create a safety hazard or block critical access, such as near fire hydrants or in fire lanes.",
8,Special Situations & Road Users,What does the slow-moving vehicle emblem (triangle) on the rear of a vehicle indicate?,"a:The vehicle makes sudden stops.,b:The vehicle is being drawn by an animal.,c:The vehicle is traveling at 25 mph or slower.",c,A fluorescent orange triangle with a red border on the rear of a vehicle is the slow‑moving vehicle emblem. It warns that the vehicle normally travels at 25 mph or less so other drivers can slow down and pass only when safe.,
5,Driving in Special Conditions,Which surface tends to freeze first in cold weather?,"a:An intersection.,b:A tunnel.,c:A bridge.",c,"Bridges and overpasses freeze first because cold air circulates above and below the surface, causing them to lose heat faster than regular roadways that are insulated by the ground.",
2,Traffic Laws & Rules of the Road,Which of the following is unlawful?,"a:Pass another vehicle over a railroad crossing.,b:Pass another vehicle in any marked no passing zone.,c:Both of the above.",c,Passing is illegal in marked no‑passing zones and at railroad crossings because visibility and space are limited. You must stay in your lane and not overtake other vehicles in these areas to avoid collisions with oncoming traffic or trains.,difficult
5,Driving in Special Conditions,Which road area is most likely to become icy in cold weather after snow or rain?,"a:A residential road.,b:A hilly road.,c:A road in a shaded area.",c,"Roads in shaded areas freeze sooner and stay icy longer because sunlight cannot reach them to melt the ice. Even when the rest of the road looks clear, shaded spots can still be very slippery, so you should slow down and be prepared for reduced traction.",
2,Traffic Laws & Rules of the Road,"When merging onto a freeway, you should be driving:","a:More slowly than the freeway traffic.,b:At or near the speed of freeway traffic.,c:At the posted speed limit regardless of traffic speed.",b,"When using a freeway on‑ramp, use the acceleration lane to reach the speed of traffic already on the freeway. Matching the flow of traffic makes it easier and safer to merge without forcing other drivers to brake or change lanes suddenly.",
4,Safe & Defensive Driving Practices,When should you not use your horn?,"a:Near blind pedestrians.,b:When visibility ahead is limited.,c:If you might hit another vehicle.",a,"Use your horn to warn others of danger, such as when you might hit another vehicle or when visibility is limited and you need to alert others. However, you should not use your horn near blind pedestrians; instead, slow down, yield, and proceed only when it is clearly safe, because they rely heavily on sound cues to navigate.",
5,Driving in Special Conditions,"When driving in fog, which lights are best to use?","a:Four-way flashers.,b:Low beam headlights.,c:High beam headlights.",b,"In fog, always use low beam headlights. Low beams aim light down toward the road and reduce glare, helping you see better. High beams reflect off the fog and shine back into your eyes, making it harder to see. Four‑way flashers are for stopped or emergency situations, not for normal driving in fog.",
6,"Alcohol, Drugs & Impaired Driving",What is the only thing that will reduce your blood alcohol concentration (BAC) and remove alcohol's effects from your body?,"a:Eating foods high in fat,b:Time,c:Drinking caffeine",b,"Only time lowers your blood alcohol concentration. Your body must metabolize the alcohol, and this process cannot be sped up by food, coffee, cold showers, or any other method. Caffeine may make you feel more awake, but it does not make you less impaired or reduce your BAC.",
3,"Signs, Signals & Road Markings",What does a dashed yellow line next to a solid yellow line on a multilane road mean?,"a:Passing is prohibited from both directions.,b:Passing is permitted from both directions.,c:Passing is permitted only from the direction next to the dashed line.",c,A dashed yellow line next to a solid yellow line means passing is allowed only for traffic on the side with the dashed line. Drivers on the side with the solid yellow line must not cross it to pass. This marking controls where it is safe and legal to move into the opposing lane.,
2,Traffic Laws & Rules of the Road,"If you approach a green light but the intersection is blocked with traffic, you should:","a:Partially enter the intersection to establish your right-of-way.,b:Wait and not enter the intersection until you can clear it completely.,c:Enter and wait within the intersection for traffic to clear.",b,"You must not enter an intersection unless you can clear it completely, even when the light is green. If traffic is backed up, wait behind the stop line until there is enough space on the far side. Blocking the intersection can be illegal and prevents cross traffic and emergency vehicles from moving.",difficult
3,"Signs, Signals & Road Markings",What does a red right-pointing arrow on a traffic signal mean?,"a:Turn in that direction after you come to a complete stop.,b:Turn in that direction after slowing and checking for traffic.,c:Not turn in that direction until the light turns green.",c,"A solid red arrow means you must stop and remain stopped. You may not turn in the direction of the arrow until it changes to green or a green arrow appears, and turning on red is not allowed while the red arrow is displayed.",
5,Driving in Special Conditions,What is required for safe interstate driving?,"a:Both of the above.,b:Have the ability to safely drive at increased speeds.,c:Be constantly alert.",a,"Safe interstate driving requires both being constantly alert and being able to safely handle higher speeds. Traffic moves faster and lanes are more numerous, so you must watch around you at all times and be comfortable merging, passing, and maintaining appropriate freeway speeds.",
8,Special Situations & Road Users,To whom must you give the right-of-way?,"a:Only pedestrians in marked crosswalks.,b:Only if the pedestrian has a Walk signal.,c:Any pedestrian crossing any street or in any crosswalk.",c,"Drivers must yield to pedestrians in marked and unmarked crosswalks and should yield to any pedestrian crossing the street when necessary to avoid a collision. Even if a pedestrian is crossing unexpectedly, you must slow or stop if needed to keep them safe.",
8,Special Situations & Road Users,Which statement about railroad crossings is true?,"a:You must stop at a railroad crossing when directed to do so by a flagger or stop sign.,b:You should use cruise control near a railroad crossing to maintain a steady speed.,c:You have the right-of-way at a railroad crossing and do not need to stop.",a,"You must stop at a railroad crossing when a flagger, stop sign, or active warning device tells you to stop. Trains always have the right-of-way, and you must never assume you can proceed without checking for trains and obeying all signals.",difficult
4,Safe & Defensive Driving Practices,Which practice best helps you avoid dangerous situations while driving?,"a:Keep your eyes focused only ahead of your car.,b:Turn off the radio.,c:Always be aware of what is happening around your vehicle.",c,"To avoid dangerous situations, you should constantly be aware of what is happening all around your vehicle. Scan ahead, to the sides, and behind so you can spot hazards early and have time to slow, change lanes, or stop if needed.",
3,"Signs, Signals & Road Markings",What does a double solid yellow centerline mean?,"a:The lane to the right may pass.,b:No passing is allowed from either direction.,c:Both lanes may pass when safe.",b,"A double solid yellow centerline separates traffic moving in opposite directions and means that vehicles in both directions are prohibited from crossing the lines to pass. You must stay in your lane and may only cross these lines when making a permitted left turn into or out of a driveway or side road, if allowed by local law.",
3,"Signs, Signals & Road Markings",Yellow lines on the road separate:,"a:Carpool lanes from regular lanes.,b:Traffic moving in opposite directions on two-way roads.,c:Traffic lanes on one-way streets.",b,"Yellow lines are used to separate traffic moving in opposite directions on two-way roads. They show where the center of the road is and help drivers know which side to stay on. White lines, not yellow, are used to separate lanes of traffic moving in the same direction, such as on one-way streets or multi-lane roads.",
2,Traffic Laws & Rules of the Road,You arrive at a 4-way stop at the same time as a driver on your left. Who has the right of way?,"a:The driver on your left, because they were there first,b:You have the right of way — the driver to your left must yield to you,c:Whoever signals first proceeds first,d:The driver going straight always has priority",b,"At a 4-way stop when two vehicles arrive simultaneously, the driver to the RIGHT has the right of way. Since the other driver is to your LEFT, you are to their right — meaning you have the right of way and should proceed first.",medium
2,Traffic Laws & Rules of the Road,"Under Delaware's demerit point system, at what point level is a driver required to complete a behavior modification/attitudinal-driving course?","a:6 points,b:8 points,c:12 points,d:14 points",c,"At 12 demerit points on your Delaware record, you must complete an approved behavior modification/attitudinal-driving course within 90 days or face license suspension.",medium
2,Traffic Laws & Rules of the Road,"In Delaware, accumulating how many points on your driving record within a 24-month period results in a mandatory license suspension?","a:8 points,b:12 points,c:14 points,d:18 points",c,Accumulating 14 demerit points within a 24-month period results in a mandatory 4-month license suspension in Delaware.,medium
2,Traffic Laws & Rules of the Road,How many demerit points are added to your Delaware record if you are convicted of passing a stopped school bus with flashing red lights?,"a:3 points,b:4 points,c:6 points,d:10 points",c,Passing a stopped school bus that is loading or unloading children is a serious safety violation in Delaware and carries 6 demerit points.,medium
2,Traffic Laws & Rules of the Road,How many demerit points are added to your Delaware driving record for reckless driving or aggressive driving?,"a:2 points,b:4 points,c:6 points,d:8 points",c,Reckless driving and aggressive driving both carry a penalty of 6 demerit points on your Delaware driving record.,medium
2,Traffic Laws & Rules of the Road,How many points can you have credited (removed) from your Delaware driving record by completing a DMV-approved defensive driving course?,"a:1 point,b:2 points,c:3 points,d:5 points",c,Completing an approved defensive driving course provides a 3-point credit on your Delaware driving record.,medium
2,Traffic Laws & Rules of the Road,"Under Delaware law, how are demerit points calculated for violations that occurred more than 12 months ago but within 24 months?","a:They are counted at full value,b:They are counted at half value,c:They are completely removed,d:They double in value",b,"Demerit points are counted at full value for the first 12 months, and at half value for the next 12 months (within a 24-month calculation window).",medium
2,Traffic Laws & Rules of the Road,You must report a traffic crash immediately to local police or the State Troopers in Delaware if:,"a:Property damage is $100 or more,b:Property damage appears to be $500 or more, or there is injury or death,c:A tow truck is needed,d:A vehicle is registered out of state",b,"Delaware law requires crashes with apparent property damage of $500 or more, or any injury or death, to be reported to police immediately.",medium
2,Traffic Laws & Rules of the Road,"Under Delaware GDL rules, what is the passenger restriction during the first 6 months of holding a Level 1 Learner's Permit?","a:No passengers under age 18 are allowed,b:Only the required adult supervisor and immediate family members are allowed,c:No passengers under any circumstances,d:Max 1 passenger who is not family",b,"During the first 6 months of holding a Level 1 Learner's Permit, no passengers are allowed in the vehicle other than the adult supervisor and immediate family members.",medium
2,Traffic Laws & Rules of the Road,What are the minimum liability auto insurance limits required for drivers in Delaware?,"a:$15,000/$30,000/$5,000,b:$25,000/$50,000/$10,000,c:$50,000/$100,000/$25,000,d:$10,000/$20,000/$5,000",b,"Delaware requires drivers to carry auto liability insurance with minimum limits of 25/50/10: $25,000 per person/$50,000 per accident for bodily injury, and $10,000 for property damage.",medium
2,Traffic Laws & Rules of the Road,"Under Delaware law, children under what age and weight must be secured in a rear-facing child safety seat?","a:Under age 1 and under 20 lbs,b:Under age 2 and under 30 lbs,c:Under age 4 and under 40 lbs,d:Under age 3 and under 25 lbs",b,"In Delaware, children under age 2 AND weighing under 30 pounds must be secured in a rear-facing child safety seat with a 5-point harness.",medium
