section-num,section-name,question,options,correct-answer,note,difficulty,handbook-page,handbook-section
1,Right-of-Way,What should you do at an uncontrolled intersection?,"a: Maintain speed and proceed.,b: Slow down, be prepared to stop, check all directions, and yield as needed.,c: Yield to all other drivers.",b,"At an uncontrolled intersection, you must slow and be prepared to stop, look carefully in all directions, and yield to any traffic already in the intersection or approaching closely—especially vehicles coming from your right. A full stop is required only if needed for safety or to yield the right‑of‑way.",difficult,20,Chapter 4: Right-of-Way
1,Right-of-Way,"When turning left, drivers must yield to:","a: Drivers already in the intersection, b: Oncoming traffic, c: Pedestrians in the intersection, d: All of the above",d,"When turning left, you must yield to oncoming traffic, to pedestrians in the crosswalk or intersection, and to any vehicles or cyclists already in the intersection. Turn only when the way is completely clear.",,20,Chapter 4: Right-of-Way
1,Right-of-Way,Which vehicle must yield when two vehicles enter an intersection simultaneously from different roads?,"a: Either vehicle.,b: The vehicle on the left.,c: The vehicle on the right.",b,"At an uncontrolled intersection where two vehicles arrive at about the same time, the driver on the left must yield to the driver on the right. This rule helps prevent confusion and collisions when there are no signs or signals.",difficult,23,Chapter 4: Right-of-Way
1,Right-of-Way,"At an uncontrolled intersection where you arrive simultaneously with a vehicle to your right, you should:","a: Speed through the intersection., b: Yield to the vehicle on the right., c: Enter and force the other vehicle to stop.",b,"At an uncontrolled intersection, if you and another vehicle arrive at the same time, the driver on the left must yield to the driver on the right. Yielding to the vehicle on your right helps prevent confusion and collisions when there are no signs or signals.",difficult,23,Chapter 4: Right-of-Way
1,Right-of-Way,At a four-way stop:,"a: The first vehicle to arrive has the right-of-way, b: The last vehicle to arrive has the right-of-way, c: One driver may proceed without stopping",a,"At a four-way stop, the vehicle that arrives first and comes to a complete stop has the right-of-way and may proceed first. If two or more vehicles arrive at the same time, the driver on the right goes first. Always proceed with caution and be prepared to yield if another driver does something unexpected.",,20,Chapter 4: Right-of-Way
1,Right-of-Way,"When approaching an emergency vehicle stopped with flashing lights, you must:","a: Slow down and change lanes if possible, b: Drive to the right and stop, c: Maintain speed in your lane",a,"Move Over laws require you to slow down and, if it is safe and legal, change lanes away from a stopped emergency vehicle with flashing lights. If you cannot change lanes, reduce your speed significantly and pass with extra caution, giving as much space as possible.",,22,Chapter 4: Right-of-Way
1,Right-of-Way,What must you do when approaching a stopped emergency vehicle with flashing lights?,"a: Change lanes or slow down.,b: Drive to the right and stop.,c: Continue at the same speed.",a,"Change lanes away from a stopped emergency vehicle or slow down if unable to move over, giving it space.",,22,Chapter 4: Right-of-Way
1,Right-of-Way,What must you do on a narrow road with an oncoming vehicle?,"a: Pull completely off the road.,b: Allow the oncoming vehicle half the road.,c: Demand the other vehicle pull over.",b,"On a narrow road, you must allow oncoming traffic at least half of the main-traveled portion of the roadway. Slow down, keep as far to the right as is safe, and share the available space so both vehicles can pass without leaving the roadway or creating a hazard.",,20,Chapter 4: Right-of-Way
1,Right-of-Way,What should you do if you hear a siren behind you on the roadway?,"a: Stop where you are., b: Pull over to the right and stop., c: Speed up to clear the way.",b,"When an emergency vehicle with lights and siren approaches from behind, safely move to the right side of the road and stop until it has passed. This creates a clear lane so the emergency vehicle can get through quickly and safely.",,20,Chapter 4: Right-of-Way
1,Right-of-Way,What should you do while waiting to turn left in an intersection?,"a: Signal and keep wheels turned left.,b: Signal and keep wheels straight.,c: Flash headlights to signal drivers.",b,"When waiting to turn left, signal early and keep your wheels straight while you are stopped in the intersection. If you are rear-ended with your wheels turned left, your vehicle can be pushed into oncoming traffic; straight wheels help you be pushed forward instead.",,20,Chapter 4: Right-of-Way
1,Right-of-Way,"When hearing a siren behind you on the road, you should:","a: Stop where you are, b: Pull over to the right and stop, c: Speed up to clear the way",b,"When you hear a siren or see flashing lights from an emergency vehicle behind you, safely pull over to the right side of the road and stop. This creates a clear path so the emergency vehicle can pass quickly and safely.",,22,Chapter 4: Right-of-Way
1,Right-of-Way,You must pull over and stop for an emergency vehicle:,"a: When it is approaching from ahead or behind on your side of the road., b: Only if it’s following you, c: Not when it is separated from you by a physical median or barrier on a divided highway",a,"When an emergency vehicle approaches with lights and siren on, you must immediately pull over to the right edge of the road and stop, unless you are in an intersection. This applies whether the vehicle is coming from ahead or behind on the same roadway. You are not required to stop for emergency vehicles that are on the opposite side of a divided highway or median, because they cannot cross into your lanes.",difficult,20,Chapter 4: Right-of-Way
1,Right-of-Way,Who has the right-of-way at an uncontrolled intersection when two vehicles arrive simultaneously?,"a: The vehicle on the right.,b: The vehicle on the left.,c: The vehicle that honks first.",a,"At an uncontrolled intersection (no signs or signals), if two vehicles arrive at the same time, the driver on the left must yield to the driver on the right. The vehicle on the right goes first. Honking does not give a driver the right-of-way.",difficult,23,Chapter 4: Right-of-Way
1,Right-of-Way,When must you yield to emergency vehicles?,"a: Never., b: When they use flashing lights and siren (or emergency signals)., c: Only if other vehicles yield.",b,"You must immediately yield the right‑of‑way to emergency vehicles that are using both their flashing lights and siren (or, in some states, at least their lights). Safely pull to the right side of the road and stop until the emergency vehicle has passed, unless directed otherwise by an officer.",difficult,23,Chapter 4: Right-of-Way
1,Right-of-Way,What should you do when preparing to turn left?,"a: Slow down and check your rearview mirror.,b: Move into the left lane.,c: Watch for oncoming vehicles and pedestrians.",c,"When preparing to turn left, you must signal, move into the proper lane, slow as needed, and most importantly yield to oncoming vehicles and pedestrians. Watching carefully for oncoming traffic and people in the crosswalk is critical because they have the right-of-way when you are turning left.",,20,Chapter 4: Right-of-Way
1,Right-of-Way,"When two vehicles enter an intersection from different roads at the same time, which must yield?","a: Either vehicle, b: The vehicle on the left, c: The vehicle on the right",b,"At an uncontrolled intersection where two vehicles arrive at about the same time, the driver on the left must yield to the driver on the right. This rule helps prevent confusion and collisions when there are no signs or signals.",difficult,23,Chapter 4: Right-of-Way
1,Right-of-Way,"When two vehicles arrive at an uncontrolled intersection simultaneously, which has the right-of-way?","a: The vehicle on the right, b: The vehicle on the left, c: The vehicle sounding its horn first",a,"At an uncontrolled intersection (no signs or signals), if two vehicles arrive at the same time, the driver on the left must yield to the driver on the right. This rule helps prevent confusion and collisions by clearly assigning priority.",difficult,23,Chapter 4: Right-of-Way
1,Right-of-Way,A driver entering an interstate from an entrance or acceleration ramp:,"a: Must yield to vehicles already on the interstate, b: Has the right-of-way, c: Can force their way into traffic",a,"A driver entering an interstate from an entrance or acceleration ramp must yield to traffic already on the highway. Use the ramp to reach the speed of traffic, signal, and merge only when there is a safe gap. Vehicles on the interstate are not required to change lanes or slow down to let you in, although they may do so as a courtesy.",,20,Chapter 4: Right-of-Way
1,Right-of-Way,What should you do if stopped in a line at a stop sign with no cross traffic after others pass?,"a: Proceed without stopping again.,b: Stop again at the stop sign.,c: Roll past the stop sign slowly.",b,"Always stop completely at a stop sign, even in a line of traffic, to yield to any approaching vehicles.",,22,Chapter 4: Right-of-Way
1,Right-of-Way,What should you avoid when making a right turn?,"a: Signaling to other drivers.,b: Swinging too wide.,c: Slowing down.",b,"When making a right turn, you should stay close to the right curb and turn into the right lane of the road you are entering. Swinging too wide can put you into another lane or into the path of oncoming or adjacent traffic, increasing the risk of a collision. Always signal and slow down appropriately before turning.",,20,Chapter 4: Right-of-Way
1,Right-of-Way,You must yield to emergency vehicles:,"a: Never, b: When they use flashing lights or sirens, c: Only when other vehicles yield",b,"You must yield the right-of-way to emergency vehicles that are using their siren and/or flashing lights. Safely pull over to the right edge of the road and stop until the emergency vehicle has passed, unless directed otherwise by a police officer.",difficult,23,Chapter 4: Right-of-Way
1,Right-of-Way,What should you do when faced with an oncoming car and a bicyclist on a narrow road?,"a: Pull onto the shoulder.,b: Split the difference.,c: Let the car pass before passing the bike.",c,"On a narrow road with oncoming traffic and a bicyclist, you should not try to squeeze between them. Slow down and let the oncoming car pass first, then move over safely to pass the bicyclist when you have enough space.",,21,Chapter 4: Right-of-Way
1,Right-of-Way,When being tailgated:,"a: Move to the right if possible, b: Slow down gradually when clear to encourage passing, c: Avoid abrupt slowing, d: All of the above",d,"When someone is following too closely, you should create a safer situation for yourself and others. If possible, move to the right so the tailgater can pass. If you need to adjust your speed, slow down gradually when the way is clear so they are encouraged to go around you. Avoid sudden braking or abrupt slowing, which can cause a rear‑end collision.",,20,Chapter 4: Right-of-Way
1,Right-of-Way,"When hearing or seeing an emergency vehicle approaching, you should:","a: Stop immediately, b: Drive to the right and stop, c: Proceed slowly to let it pass",b,"When an emergency vehicle with flashing lights and siren approaches, you must pull over to the right side of the road and stop, if it is safe to do so. Stopping on the right creates a clear path in the center or left for the emergency vehicle to pass quickly and safely. Continue only after it has passed and the way is clear.",,22,Chapter 4: Right-of-Way
1,Right-of-Way,What should you do when an emergency vehicle with sirens or lights approaches?,"a: Pull to the right and stop.,b: Pull to the right and slow down.,c: Pull to the right and use four-way flashers.",a,"When an emergency vehicle using sirens or flashing lights approaches from any direction, you must yield the right-of-way by pulling as close as safely possible to the right edge of the road and stopping until it has passed, unless directed otherwise by law enforcement.",,23,Chapter 4: Right-of-Way
1,Right-of-Way,What should you do when wanting to turn left at an intersection with heavy oncoming traffic?,"a: Use the next intersection.,b: Wait at the crosswalk.,c: Wait in the intersection’s center.",c,"When turning left with a green light and heavy oncoming traffic, you typically pull into the intersection, keep your wheels straight, and wait for a safe gap to complete the turn. Keeping the wheels straight helps prevent being pushed into oncoming traffic if you are hit from behind. In some states, however, you are required to wait behind the stop line until you can complete the turn, so always follow your state’s specific rules.",,20,Chapter 4: Right-of-Way
1,Right-of-Way,A driver entering public traffic from a driveway or private road:,"a: Has the right-of-way, b: Must yield to drivers on the public road, c: Can force their way into traffic",b,"A driver entering a public road from a driveway, alley, or private road must yield to all traffic and pedestrians already on the public road. You may enter only when it is safe and will not force others to slow or change lanes suddenly.",,20,Chapter 4: Right-of-Way
1,Right-of-Way,What should you do when a traffic light turns green?,"a: Yield to pedestrians still in the intersection.,b: Accelerate quickly.,c: Back up slowly.",a,"When a traffic light turns green, you may proceed only after making sure the intersection is clear and yielding to any pedestrians still in the crosswalk and any vehicles still in the intersection. A green light means go if it is safe, not that you should accelerate quickly or move in reverse.",,20,Chapter 4: Right-of-Way
1,Right-of-Way,"When turning onto a one-way street, drivers should:","a: Turn into the right lane.,b: Turn into the left lane.,c: Turn into the proper lane for your turn, usually the nearest available lane in your direction of travel.",c,"When turning onto a one‑way street, you must turn into the lane that is legally required for your movement, usually the nearest available lane in the direction you are turning. This keeps traffic organized and predictable. You may then change lanes when it is safe and legal to do so.",,20,Chapter 4: Right-of-Way
1,Right-of-Way,What should you do when approaching a T intersection?,"a: Yield to cross traffic.,b: Proceed with the right-of-way.,c: Force your way into traffic.",a,"At a T intersection, the driver on the road that ends must yield to traffic on the through road. You must wait until cross traffic is clear and it is safe before entering or crossing the intersection.",,22,Chapter 4: Right-of-Way
1,Right-of-Way,How should you merge onto a freeway?,"a: Proceed slowly waiting for an opening., b: Use the ramp to accelerate to near freeway speed and merge when safe., c: Use hazard lights until merged.",b,"When entering a freeway, use the entrance ramp and acceleration lane to reach the speed of traffic, then merge when there is a safe gap, yielding to vehicles already on the freeway. Entering too slowly can force other drivers to brake or swerve, increasing the risk of a collision.",,22,Chapter 4: Right-of-Way
1,Right-of-Way,"If a transit vehicle signals to re-enter the main road after a stop, you must:","a: Honk to alert them, b: Move to the left lane, c: Yield",c,"When a transit bus signals that it is pulling out from a stop back into the lane, you must yield and allow it to re-enter when it is safe. Slowing or stopping if needed helps the bus merge smoothly and protects passengers who are boarding or exiting.",,20,Chapter 4: Right-of-Way
1,Right-of-Way,"When turning onto a one-way street, what should you do?","a: Always turn into the far right lane.,b: Always turn into the far left lane.,c: Turn into the nearest lane that allows you to merge safely and interferes least with other traffic.",c,"When turning onto a one‑way street, you should enter the lane that allows you to merge smoothly and safely with traffic, usually the nearest available lane in your direction that causes the least disruption. This helps prevent sudden lane changes and conflicts with other vehicles.",,20,Chapter 4: Right-of-Way
1,Right-of-Way,What should you do when moving from the right lane to the left on a multilane highway?,"a: Check your mirrors for traffic behind and beside you., b: Look over your left shoulder to check your blind spot., c: Signal, check mirrors, and look over your left shoulder before moving., d: Change lanes if you do not see a car directly next to you.",c,"Before changing lanes on a multilane highway, you must use all three checks: look in your rearview and side mirrors to see traffic behind and beside you, signal your intention, and then quickly look over your shoulder in the direction of the lane change to check your blind spot. Only move over when the lane is clear and it is safe.",,20,Chapter 4: Right-of-Way
1,Right-of-Way,"When seeing a vehicle entering your lane from a freeway ramp, you should:","a: Maintain a steady speed and position, adjusting or changing lanes if safe to allow merging., b: Honk to force them to slow down., c: Ignore them because you always have priority.",a,"On most freeways, through traffic has the right‑of‑way and is not required to leave its lane for merging vehicles. You should maintain a safe, steady speed so the merging driver can judge gaps accurately. If it is safe, you may change lanes or slightly adjust speed to help them merge smoothly, but you should not make sudden or unpredictable moves.",,20,Chapter 4: Right-of-Way
1,Right-of-Way,"When an emergency vehicle with sirens or flashing lights approaches, you must:","a: Slow down until it passes, b: Drive to the right and stop, c: Signal for it to pass",b,"When an emergency vehicle with flashing lights and/or siren approaches, you must yield the right‑of‑way by pulling as close as safely possible to the right edge of the road and stopping until it has passed, unless directed otherwise by officials.",,23,Chapter 4: Right-of-Way
1,Right-of-Way,Must you pull over for an emergency vehicle?,"a: On most roads, yes, but not when the emergency vehicle is on the opposite side of a divided highway with a physical median., b: Only if it’s directly behind you in your lane., c: Only if it’s approaching from the opposite direction on a two-lane road.",a,"When an emergency vehicle using sirens and flashing lights approaches from any direction on a two-way road, you must pull over to the right edge and stop until it passes, unless directed otherwise by police. On divided highways with a physical median, you generally do not stop for emergency vehicles traveling on the opposite side, because they are separated from your lanes by the median.",difficult,22,Chapter 4: Right-of-Way
1,Right-of-Way,"On a narrow road meeting an oncoming vehicle, you must:","a: Pull off and stop.,b: Allow the oncoming vehicle half the road.,c: Demand the other vehicle pull over.",a,"On very narrow roads where two vehicles cannot safely pass, the driver who has the better opportunity to pull off should do so and stop, allowing the oncoming vehicle to pass. You must not insist on taking half the road if there is not enough room for both vehicles to pass safely.",,20,Chapter 4: Right-of-Way
1,Right-of-Way,"When a driver behind you wants to pass, you should:","a: Speed up, b: Maintain your speed if it is safe and legal, c: Slow down slightly to create more space for the passing vehicle to return safely",b,"When another driver wants to pass you, you should maintain your current speed and stay in your lane so the passing driver can judge gaps and complete the pass safely. Do not speed up or make sudden moves. If road or traffic conditions require it, you may slow slightly, but the primary rule is to hold a steady speed.",,23,Chapter 4: Right-of-Way
1,Right-of-Way,What should you do when entering a street from a driveway?,"a: Drive slowly to clear a path.,b: Honk to alert others.,c: Stop and yield to traffic and pedestrians.",c,"When entering a street from a driveway, alley, or private road, you must stop before the sidewalk or edge of the roadway and yield to all pedestrians and vehicles already on the road. Only enter when it is safe and you will not force others to slow or stop.",,20,Chapter 4: Right-of-Way
1,Right-of-Way,What should you do when entering a roadway from a private road?,"a: Honk to warn other drivers.,b: Stop partially on the roadway to signal entry.,c: Yield to pedestrians and traffic.",c,"When entering a roadway from a private road, driveway, or alley, you must stop if necessary and yield the right-of-way to all pedestrians and vehicles already on the main road. Traffic on the public roadway has priority, so you only enter when it is safe and will not force others to slow or change lanes suddenly.",,20,Chapter 4: Right-of-Way
1,Right-of-Way,If two drivers arrive simultaneously at a four-way stop:,"a: The driver on the right has priority, b: The driver on the left has priority, c: One may proceed without stopping",a,"At a four-way stop where two vehicles arrive at the same time, the driver on the right has the right-of-way. The driver on the left must yield, which helps keep traffic moving in an orderly and predictable way.",,20,Chapter 4: Right-of-Way
1,Right-of-Way,What should you do if opposing traffic blocks your view while waiting to turn left?,"a: Accelerate when the first lane clears.,b: Wait until all lanes are clear.,c: Wait for an oncoming driver’s signal.",b,"When turning left across oncoming traffic, you must wait until there is a safe gap in all lanes you need to cross or enter. If your view is blocked, do not move into the intersection blindly or rely on another driver’s signal. Only start your turn when you can clearly see that all lanes are free of oncoming vehicles and it is safe to complete the turn.",,20,Chapter 4: Right-of-Way
1,Right-of-Way,"To merge onto a crowded freeway, you should:","a: Use mirrors and check blind spots, b: Use the acceleration lane to match traffic speed, c: Yield to freeway traffic, d: All of the above",d,"When merging onto a crowded freeway, you must use your mirrors and check blind spots, use the acceleration lane to reach the speed of freeway traffic, and yield to vehicles already on the freeway. Freeway traffic has the right-of-way, so you adjust your speed and position to merge safely without forcing others to brake suddenly.",,20,Chapter 4: Right-of-Way
1,Right-of-Way,Who must you yield to when turning left?,"a: Drivers already in the intersection., b: Oncoming traffic., c: Pedestrians in the intersection., d: Oncoming traffic, pedestrians, and drivers already in the intersection.",d,"When turning left, you must yield the right‑of‑way to oncoming traffic, pedestrians in the crosswalk, and any vehicles already in the intersection. You may only complete your turn when the way is clear and it is safe.",,20,Chapter 4: Right-of-Way
1,Right-of-Way,What should you do when a vehicle enters your lane from a freeway ramp?,"a: Adjust your speed or change lanes if safe to make room., b: Honk to alert them., c: Ignore them as you have the right-of-way.",a,"Vehicles entering a freeway must yield to traffic already on the freeway, but safe driving means you should help create a smooth, safe merge. When a vehicle is entering your lane from a ramp, you should, when possible, adjust your speed or change lanes to make room. This reduces the chance of sudden braking or side‑swipe collisions and keeps traffic flowing safely.",,20,Chapter 4: Right-of-Way
1,Right-of-Way,How should you merge into traffic on a crowded freeway?,"a: Check mirrors and blind spots.,b: Use the acceleration lane to match traffic speed.,c: Yield to freeway traffic already on the road and merge when there is a safe gap.",c,"Traffic already on the freeway has the right-of-way. When merging, use the acceleration lane to reach the speed of freeway traffic, check your mirrors and blind spots, and then merge only when there is a safe gap, yielding to vehicles already on the freeway.",,22,Chapter 4: Right-of-Way
1,Right-of-Way,When must you yield to other drivers?,"a: When entering from a garage, alley, or driveway.,b: When they’re on your right at an unmarked intersection.,c: When turning on a green light without a green arrow.",a,"You must yield to traffic and pedestrians when entering a roadway from a garage, alley, or driveway because vehicles already on the road have the right-of-way. At an unmarked intersection, you yield to vehicles on your right, not your left. A green arrow gives you the right-of-way for that protected movement, though you must still yield to pedestrians in the crosswalk.",,20,Chapter 4: Right-of-Way
1,Right-of-Way,"When driving on a street and hearing a siren but not seeing the emergency vehicle, you should:","a: Keep driving until you see it, b: Pull to the curb and stop, c: Slow down and don’t stop",b,"Pull over and stop to ensure the emergency vehicle can pass safely, even if its location is unclear.",difficult,22,Chapter 4: Right-of-Way
1,Right-of-Way,"At an intersection with a yield sign, you should:","a: Always stop before entering, b: Slow down and yield to traffic and pedestrians, stopping if needed, c: Yield only to traffic on the left",b,"At a yield sign, you must slow down and be prepared to stop, but you are not required to stop if the way is clear. You must yield the right‑of‑way to any traffic or pedestrians already in or close to the intersection, stopping only when necessary to avoid interfering with them.",,20,Chapter 4: Right-of-Way
1,Right-of-Way,A driver on a frontage road of a controlled-access highway must yield to a vehicle:,"a: Entering the frontage road from the highway, b: Leaving the frontage road to enter the highway, c: Both scenarios",a,"On a controlled‑access highway, vehicles already on the main lanes of the highway have the right‑of‑way. A driver on a frontage (service) road must yield to vehicles that are leaving the highway to enter the frontage road, because those vehicles are coming from the main traveled way. A driver on the frontage road does not automatically have to yield to vehicles that are entering the highway; those entering must yield to highway traffic.",,21,Chapter 4: Right-of-Way
1,Right-of-Way,When do you have the right-of-way when turning left?,"a: On a solid green light, after yielding to oncoming traffic and pedestrians., b: On a flashing yellow light, after yielding to oncoming traffic and pedestrians., c: On a green arrow pointing left, because oncoming traffic must stop.",c,"A green left-turn arrow is a protected signal that means oncoming traffic and pedestrians facing you have a red light, so you have the right-of-way to turn left if the intersection is clear. A solid green or flashing yellow light for a left turn requires you to yield to oncoming traffic, pedestrians, and bicyclists before turning, because they have the right-of-way in those situations.",,20,Chapter 4: Right-of-Way
1,Right-of-Way,What should you avoid when making a left turn?,"a: Failing to signal to other drivers., b: Cutting the corner., c: Failing to slow down.",b,"When turning left, you must turn into the correct lane without cutting across the center of the intersection or into oncoming lanes. Cutting the corner can put you into the path of oncoming traffic or vehicles turning from the opposite direction. You should always signal before turning and slow down to a safe turning speed.",,20,Chapter 4: Right-of-Way
1,Right-of-Way,"When completing a left turn from a two-way street onto a one-way street, your car should end in:","a: The right lane, b: The center of the street, c: The left lane",c,"When turning left from a two-way street onto a one-way street, you must turn into the leftmost lane that is going in your direction. This keeps you in the lane closest to the center line and avoids cutting across lanes, which can cause conflicts with other vehicles.",,20,Chapter 4: Right-of-Way
2,"Signals, Signs, and Markers",Which light indicates to slow down and proceed cautiously at an intersection?,"a: Flashing yellow light.,b: Flashing red light.,c: Solid yellow light.",a,"A flashing yellow light means you must slow down and proceed through the intersection with extra caution. You do not have to stop, but you must be prepared to yield to pedestrians and other vehicles if needed.",,25,"Chapter 5: Signals, Signs, and Markers"
2,"Signals, Signs, and Markers",What does a broken yellow line on a two-lane road indicate?,"a: You’re on a two-way road.,b: You’re on a one-way road.,c: The road is under repair.",a,"A broken yellow line separates traffic moving in opposite directions on a two-way road. It also means you may pass another vehicle when it is safe and legal to do so, because traffic from the other direction is using the opposite side of the center line.",,31,"Chapter 5: Signals, Signs, and Markers"
2,"Signals, Signs, and Markers",What should you do when approaching railroad tracks?,"a: Slow down.,b: Look for trains.,c: Be prepared to stop.,d: All of the above.",d,"When approaching railroad tracks, you should slow down, look and listen for trains, and be prepared to stop. Never assume the tracks are clear, and be especially cautious if visibility is limited or warning devices are active.",,26,"Chapter 5: Signals, Signs, and Markers"
2,"Signals, Signs, and Markers","At a railroad crossing, you must stop:","a: If a stop sign is posted, b: If a crossing gate is lowered, c: If crossing lights are flashing, d: All of the above",d,"You must stop at a railroad crossing when there is a stop sign, when the gate is lowered or lowering, or when the red warning lights are flashing. These controls indicate a possible or approaching train, and stopping prevents you from entering the tracks when it is unsafe.",,32,"Chapter 5: Signals, Signs, and Markers"
2,"Signals, Signs, and Markers",A stop sign is shaped like a(n:,"a: Rectangle, b: Square, c: Octagon",c,"A stop sign is always an octagon. This unique eight‑sided shape helps drivers recognize the sign’s meaning quickly, even from the back or in poor visibility, so they know they must come to a complete stop at the marked stop line, crosswalk, or before entering the intersection.",,26,"Chapter 5: Signals, Signs, and Markers"
2,"Signals, Signs, and Markers",A steady yellow light at an intersection indicates:,"a: Proceed, b: Yield to other vehicles, c: Slow down and prepare to stop",c,"A steady yellow light means the signal is about to turn red. You should slow down and prepare to stop before the intersection if you can do so safely. If you are too close to stop safely when it turns yellow, you may proceed with caution.",,25,"Chapter 5: Signals, Signs, and Markers"
2,"Signals, Signs, and Markers",What does a flashing yellow arrow at a traffic signal indicate?,"a: Merge into the lane the arrow points to.,b: Come to a complete stop.,c: Turn left after yielding to oncoming traffic and pedestrians.",c,"A flashing yellow left arrow means you may make the turn, but you must first yield to oncoming traffic and pedestrians. Oncoming vehicles with a green light have the right-of-way, so turn only when there is a safe gap.",,25,"Chapter 5: Signals, Signs, and Markers"
2,"Signals, Signs, and Markers",When may you cross solid yellow lines?,"a: To pass traffic in the same direction.,b: Only when making a left turn.,c: At any time.",b,"A solid yellow line generally means you may not pass. However, you may cross a solid yellow line when making a left turn into or out of a driveway, side road, or intersection, but only when it is safe and legal to do so.",,34,"Chapter 5: Signals, Signs, and Markers"
2,"Signals, Signs, and Markers",What should you do at a flashing red traffic light?,"a: Proceed only after coming to a complete stop and yielding to any crossing traffic.,b: Continue without stopping because you have the right-of-way.,c: Stop only if a police officer is present.",a,"A flashing red light is treated the same as a stop sign. You must come to a complete stop, yield to any pedestrians and crossing traffic, and then proceed only when it is safe.",,25,"Chapter 5: Signals, Signs, and Markers"
2,"Signals, Signs, and Markers",Highway markings:,"a: Are usually unimportant, b: Are only in construction zones, c: Provide information for drivers",c,"Highway markings are important visual guides that help drivers stay in the correct lane, know when it is safe or unsafe to pass, and anticipate changes such as merges, turns, or lane endings. They work together with signs and signals to keep traffic organized and safe.",,25,"Chapter 5: Signals, Signs, and Markers"
2,"Signals, Signs, and Markers",What should you do at an unmarked railroad crossing?,"a: Always stop completely.,b: Slow down and be ready to stop.,c: All crossings have signals, so this doesn’t apply.",b,"At an unmarked railroad crossing with no lights or gates, you must slow down, look and listen carefully in both directions, and be prepared to stop if a train is approaching. Not all crossings have signals, so you cannot assume the tracks are clear.",difficult,32,"Chapter 5: Signals, Signs, and Markers"
2,"Signals, Signs, and Markers",What should you do at a railroad crossing with a crossbuck but no gates or lights?,"a: Cross cautiously when no train is coming.,b: Turn down your radio to hear trains.,c: Wait for a flagger’s clearance.",a,"A crossbuck without gates or lights marks a railroad crossing where you must use extra caution. Slow down, look and listen carefully in both directions, and only cross when you are sure no train is coming and there is enough space to clear the tracks completely.",,32,"Chapter 5: Signals, Signs, and Markers"
2,"Signals, Signs, and Markers",Downward-facing triangular signs:,"a: Indicate school zones, b: Instruct drivers to yield, c: Mark construction zones",b,"A downward-facing triangle is the YIELD sign. It tells you to slow down, be prepared to stop, and let other vehicles, bicycles, or pedestrians go first if they have the right-of-way.",,26,"Chapter 5: Signals, Signs, and Markers"
2,"Signals, Signs, and Markers",You may drive around railroad crossing gates:,"a: After the train passes, b: Never, c: When lights stop flashing",b,"You must never drive around or under lowered railroad crossing gates. Lowered gates and flashing signals mean a train is approaching, and trains cannot stop quickly. You must wait until the gates are fully raised and the signals indicate it is safe before crossing.",,32,"Chapter 5: Signals, Signs, and Markers"
2,"Signals, Signs, and Markers",An End school zone sign indicates:,"a: A 20 mph speed limit, b: The end of a reduced speed school zone, c: A higher likelihood of pedestrians",b,"An End School Zone"" sign tells you that the special reduced school-zone speed limit no longer applies and you may resume the regular posted speed if conditions allow. However", children and pedestrians may still be present near schools,31,"Chapter 5: Signals, Signs, and Markers"
2,"Signals, Signs, and Markers",A red and white triangular sign at an intersection means:,"a: Yield to traffic and pedestrians, b: Look both ways while crossing, c: Come to a complete stop",a,"A red and white triangular sign is a yield sign. When you see this sign, slow down and be ready to stop. Yield the right-of-way to traffic and pedestrians already in or close to the intersection, and proceed only when it is safe.",,25,"Chapter 5: Signals, Signs, and Markers"
2,"Signals, Signs, and Markers",Where should you stop at an intersection with no stop line or crosswalk?,"a: No stop is required.,b: Slow down to check for traffic.,c: Stop at the point nearest the intersection where you can see approaching traffic without entering the roadway.",c,"At a stop sign with no marked stop line or crosswalk, you must still stop. Stop at the point nearest the intersection where you can see approaching traffic on the intersecting roadway, but before entering the intersection. This usually means stopping where you can see well down the cross street in both directions.",,30,"Chapter 5: Signals, Signs, and Markers"
2,"Signals, Signs, and Markers",What should you do at a steady red traffic light?,"a: Come to a complete stop.,b: Continue as you have the right-of-way.,c: Stop only if a police officer is present.",a,"A steady red light always means stop before the crosswalk or stop line. You must remain stopped until the light turns green, unless you are allowed to make a right turn on red (or left from a one‑way to a one‑way) after coming to a complete stop and yielding to traffic and pedestrians.",,25,"Chapter 5: Signals, Signs, and Markers"
2,"Signals, Signs, and Markers","At an intersection with a flashing red light, you must:","a: Stop completely and proceed when safe, b: Turn right or left, c: Stop and wait for a green light",a,"A flashing red light means you must come to a complete stop, just as you would at a stop sign. After stopping, look for other vehicles and pedestrians, then proceed only when the intersection is clear and it is safe to go.",,25,"Chapter 5: Signals, Signs, and Markers"
2,"Signals, Signs, and Markers",A flashing red traffic light has the same meaning as:,"a: A solid red light, b: A stop sign, c: A yield sign",b,"A flashing red light means you must stop completely, just as you would at a stop sign. After stopping, proceed only when the way is clear and it is safe, yielding to any traffic or pedestrians with the right‑of‑way.",,25,"Chapter 5: Signals, Signs, and Markers"
2,"Signals, Signs, and Markers","At a light rail intersection, you should always:","a: Look both ways before crossing tracks, b: Obey all traffic signals, c: Share the road with pedestrians and bicyclists, d: All of the above",d,"At light rail intersections, you must obey all traffic signals and signs, look carefully in both directions for approaching trains, and watch for and yield to pedestrians and bicyclists who may be crossing near the tracks.",,25,"Chapter 5: Signals, Signs, and Markers"
2,"Signals, Signs, and Markers",A diamond-shaped sign:,"a: Signals potential or existing road hazards, b: Indicates school zones, c: Marks public recreation areas",a,"Diamond‑shaped signs are warning signs. They are usually yellow or orange and alert you to potential or existing hazards such as curves, intersections, merging traffic, or road work ahead so you can slow down and proceed with caution.",,25,"Chapter 5: Signals, Signs, and Markers"
2,"Signals, Signs, and Markers",A diamond-shaped sign represents a:,"a: Road hazard warning, b: Interstate route marker, c: School crossing indicator",a,"Diamond-shaped signs are warning signs. They are usually yellow (or orange in work zones) and alert drivers to special conditions or hazards ahead, such as curves, merging traffic, or road work.",,26,"Chapter 5: Signals, Signs, and Markers"
2,"Signals, Signs, and Markers",A single broken white line between lanes indicates:,"a: Traffic moves in opposite directions and passing is prohibited, b: Traffic moves in opposite directions and passing is allowed if safe, c: Traffic moves in the same direction and lane changes are allowed when safe",c,"A single broken white line separates lanes of traffic moving in the same direction, and you may change lanes or pass when it is safe. On a two‑lane road with traffic moving in opposite directions, the center line is yellow, not white. A broken yellow center line means passing is allowed when you can see far enough ahead and it is safe.",,25,"Chapter 5: Signals, Signs, and Markers"
2,"Signals, Signs, and Markers",What does a flashing yellow traffic signal mean?,"a: Merging traffic ahead.,b: Proceed cautiously.,c: Pedestrian crossing nearby.",b,"A flashing yellow traffic signal means you must slow down and proceed through the intersection with caution. You do not have to stop, but you must be prepared to yield to pedestrians and other vehicles if needed.",,25,"Chapter 5: Signals, Signs, and Markers"
2,"Signals, Signs, and Markers","If a pedestrian hybrid beacon flashes red, it means:","a: Proceed with caution, b: Slow down and prepare to stop, c: Stop completely and proceed if clear",c,"A flashing red on a pedestrian hybrid beacon works like a stop sign: you must come to a complete stop, then proceed only when the crosswalk is clear of pedestrians and other traffic.",,25,"Chapter 5: Signals, Signs, and Markers"
2,"Signals, Signs, and Markers",What does a traffic signal ahead sign mean?,"a: There is a traffic signal ahead; be prepared to slow and obey it., b: The signal ahead is malfunctioning., c: The signal ahead is green.",a,"A traffic signal ahead sign warns that there is a traffic light at the upcoming intersection. It does not tell you whether the light will be red, yellow, or green when you arrive; it only alerts you to be prepared to slow down and obey the signal.",,25,"Chapter 5: Signals, Signs, and Markers"
2,"Signals, Signs, and Markers",When can you proceed through a yellow light intersection?,"a: If you are already in the intersection and can clear it safely.,b: If pedestrians are crossing.,c: If you're turning right.",a,"A steady yellow light warns that the signal is about to turn red. If you are already in the intersection when the light turns yellow, you should continue through carefully and clear the intersection. If you have not yet entered and can safely stop, you must stop rather than speed up to beat the red. You never proceed just because an emergency vehicle or pedestrians are crossing; in those cases you must yield.",difficult,25,"Chapter 5: Signals, Signs, and Markers"
2,"Signals, Signs, and Markers",What does a steady yellow arrow at a traffic signal indicate?,"a: Merge into the arrow’s lane.,b: Slow to a stop if safe.,c: Turn left after yielding to traffic and pedestrians.",b,"A steady yellow arrow means the protected movement for that arrow is ending and a red arrow is about to appear. You should slow down and stop if you can do so safely before the intersection. If you are already in the intersection when the light turns yellow, continue through and clear the intersection; do not stop in the middle.",,25,"Chapter 5: Signals, Signs, and Markers"
2,"Signals, Signs, and Markers",A slow-moving vehicle emblem is:,"a: A fluorescent orange triangle with a red reflective border, mounted on the rear of slow‑moving vehicles; b: A green circular sign; c: A yellow diamond-shaped sign",a,"A slow‑moving vehicle emblem is a fluorescent orange triangle with a red reflective border, mounted on the rear of vehicles that typically travel 25 mph or less, such as farm equipment or horse‑drawn buggies. It is not a rectangular, circular, or diamond‑shaped sign.",,37,"Chapter 5: Signals, Signs, and Markers"
2,"Signals, Signs, and Markers",Work zone signs indicate:,"a: It’s summer, b: Stop and back up, c: Less than ideal driving conditions",c,"Orange work zone signs warn that road work or maintenance is taking place and that conditions may be less predictable than normal. Drivers should slow down, be prepared for lane shifts, workers, equipment, and sudden stops, and follow any posted reduced speed limits.",,26,"Chapter 5: Signals, Signs, and Markers"
2,"Signals, Signs, and Markers",A reflective orange triangle on a vehicle’s rear indicates:,"a: A slow-moving vehicle, b: An ambulance, c: A school bus",a,"A reflective orange triangle on the rear of a vehicle is the slow‑moving vehicle emblem. It warns that the vehicle usually travels at 25 mph or less, such as farm machinery or horse‑drawn vehicles, so other drivers should slow down and pass only when safe.",,37,"Chapter 5: Signals, Signs, and Markers"
2,"Signals, Signs, and Markers",Certain highway signs mandate that drivers follow specific instructions. These are called:,"a: Regulatory signs, b: Warning signs, c: Information signs",a,"Regulatory signs tell you what you must do or must not do, such as speed limits, no parking, or one-way directions. They are enforceable by law, and failing to obey them can result in citations or other penalties.",,30,"Chapter 5: Signals, Signs, and Markers"
2,"Signals, Signs, and Markers",A red arrow on a traffic light indicates:,"a: Proceed slowly through the intersection, b: Stop and proceed when clear, c: Stop until a green light or arrow appears",c,"A red arrow means you must come to a complete stop and you are not allowed to proceed in the direction of the arrow until it turns green or a green arrow appears. In many states, turning on a red arrow is specifically prohibited unless a sign clearly allows it, so you should remain stopped and wait for a green signal.",,25,"Chapter 5: Signals, Signs, and Markers"
2,"Signals, Signs, and Markers",What should you do when approaching a flashing yellow light?,"a: Speed up to clear the intersection.,b: Stop completely.,c: Slow down and proceed with caution.",c,"A flashing yellow light means you must slow down and proceed through the intersection with caution. You do not need to stop unless needed for traffic or pedestrians, but you must not speed up. Speeding up at a flashing yellow increases crash risk because it usually marks a higher‑risk area such as an intersection or pedestrian crossing.",,25,"Chapter 5: Signals, Signs, and Markers"
2,"Signals, Signs, and Markers",An octagonal sign is always a:,"a: Speed limit sign, b: Stop sign, c: Hospital sign",b,"An octagonal (eight-sided) sign shape is reserved exclusively for STOP signs. When you see an octagonal sign, you must come to a complete stop, check for traffic and pedestrians, and proceed only when it is safe.",,26,"Chapter 5: Signals, Signs, and Markers"
2,"Signals, Signs, and Markers","If a green arrow changes to a solid green light, you:","a: May still turn but must yield to oncoming traffic, b: Must go straight, c: Retain the right-of-way to turn",a,"When a green arrow turns into a solid green light, you may still turn in the same direction, but you no longer have a protected turn. You must yield to oncoming traffic and to pedestrians in the crosswalk. Make the turn only when it is safe and there is a sufficient gap in oncoming traffic.",,25,"Chapter 5: Signals, Signs, and Markers"
2,"Signals, Signs, and Markers",A regulatory sign with a red circle and slash over a symbol means:,"a: Drivers must stop completely, b: The action is prohibited, c: Some drivers must yield",b,"A red circle with a diagonal slash over a symbol is a regulatory sign that means you may not do the action shown. For example, a right‑turn arrow with a red circle and slash means no right turn is allowed.",,27,"Chapter 5: Signals, Signs, and Markers"
2,"Signals, Signs, and Markers","At an intersection with a flashing red light, you should:","a: Stop fully and proceed when safe, b: Stop only if other cars approach, c: Stop only if cars are in the intersection",a,"At a flashing red light, you must make a complete stop, just as you would at a stop sign. After stopping, you yield to any traffic and pedestrians with the right-of-way, then proceed only when the intersection is clear and it is safe.",,25,"Chapter 5: Signals, Signs, and Markers"
2,"Signals, Signs, and Markers",Can you drive around or under a railroad crossing gate being raised or lowered?,"a: If the train isn't too close.,b: No, you must stop.,c: If you look both ways.",b,"You may never drive around or under a railroad crossing gate while it is being lowered or raised. You must stop and remain stopped until the lights and bells stop and the gate is fully raised, and you have checked that no train is coming.",difficult,32,"Chapter 5: Signals, Signs, and Markers"
2,"Signals, Signs, and Markers",What should you do at a steady yellow traffic light?,"a: Speed up to avoid stopping.,b: Continue as you have the right-of-way.,c: Slow to a stop unless already in the intersection.",c,"A steady yellow light means the signal is about to turn red. You must stop before the intersection if you can do so safely. If you are already in the intersection or too close to stop safely, continue through with caution.",,25,"Chapter 5: Signals, Signs, and Markers"
2,"Signals, Signs, and Markers",What should you do at an intersection with a flashing yellow light?,"a: Stop and wait for the light to change.,b: Make a U-turn as the intersection is closed.,c: Proceed carefully through the intersection.",c,"A flashing yellow light means proceed with caution. You do not have to stop, but you must slow down as needed, look carefully for cross traffic and pedestrians, and be prepared to yield if necessary.",,25,"Chapter 5: Signals, Signs, and Markers"
2,"Signals, Signs, and Markers",What does a green arrow lane control signal above a reversible lane signify?,"a: The lane is open for travel in the direction of the arrow.,b: Drivers should avoid this lane.,c: Drivers may only use this lane for left turns.",a,"A green arrow over a lane means that lane is open for travel in the direction of the arrow. In reversible lanes, a green arrow allows you to use that lane; a red X means you must not drive in that lane.",,25,"Chapter 5: Signals, Signs, and Markers"
2,"Signals, Signs, and Markers",What should you do when nearing a railroad crossing warning sign?,"a: Drive faster than the train.,b: Be ready to stop if a train is near.,c: Find a way around lowered gates.",b,"A railroad crossing warning sign means you are approaching tracks and must be prepared to stop. Slow down, look and listen for trains, and be ready to stop if a train is approaching or if signals or gates are activated. Never try to beat a train or go around lowered gates.",,32,"Chapter 5: Signals, Signs, and Markers"
2,"Signals, Signs, and Markers",A speed restriction sign:,"a: Can be ignored in adverse weather, b: Is rectangular with a black number on a yellow background, c: Is blue with black lettering",b,"Advisory speed plaques used with curve or turn warning signs are rectangular with a black number on a yellow background. They show a recommended safe speed for that specific condition, especially useful in bad weather or on sharp curves. They are not triangular and are not blue.",,26,"Chapter 5: Signals, Signs, and Markers"
2,"Signals, Signs, and Markers",A steady yellow traffic signal indicates that a ____ light will soon appear.,"a: Flashing yellow, b: Steady green, c: Steady red",c,A steady yellow light means the signal is about to turn red. You must slow down and stop if you can do so safely before entering the intersection. It is a warning that the green phase is ending and a steady red light will appear next.,,25,"Chapter 5: Signals, Signs, and Markers"
2,"Signals, Signs, and Markers",What should you do when nearing railroad tracks?,"a: Look, listen, slow down, and be ready to stop.,b: Speed up to cross before gates lower.,c: Drive around a lowered gate.",a,"When approaching railroad tracks, you should always look and listen for trains, slow down, and be prepared to stop. Never speed up to beat a train and never drive around or under a lowered gate; trains cannot stop quickly and a collision is often fatal.",,32,"Chapter 5: Signals, Signs, and Markers"
2,"Signals, Signs, and Markers","When turning onto a two-lane road with a broken yellow line, you know:","a: It’s a two-way road, b: It’s a one-way road, c: The road is under repair",a,"Yellow center lines separate traffic moving in opposite directions. A broken yellow line on a two-lane road means it is a two-way road and passing is allowed when it is safe and not otherwise prohibited. One-way roads typically use white lane lines, not yellow, between lanes going in the same direction.",,34,"Chapter 5: Signals, Signs, and Markers"
2,"Signals, Signs, and Markers",A broken yellow line next to a solid yellow line signifies:,"a: Passing is allowed from either direction, b: Passing is permitted from the lane adjacent to the broken line, c: Passing is allowed from the lane next to the solid line",b,"A broken yellow line next to a solid yellow line means passing is allowed only for drivers in the lane next to the broken line, and only when it is safe. Drivers in the lane next to the solid line may not cross it to pass.",,34,"Chapter 5: Signals, Signs, and Markers"
2,"Signals, Signs, and Markers","When stopped at a stop sign in a line of vehicles with no cross traffic after others pass, you:","a: Proceed without stopping again, b: Stop again at the stop sign or line, c: Roll past the stop sign slowly",b,"At a stop sign, every vehicle must make its own complete stop at the stop line, crosswalk, or before entering the intersection. Even if the car ahead of you has already stopped and gone, you must stop again at the proper place before proceeding.",,31,"Chapter 5: Signals, Signs, and Markers"
2,"Signals, Signs, and Markers",What do work zone signs indicate?,"a: It’s summer.,b: Stop and back up immediately.,c: Less than ideal driving conditions.",c,"Orange work zone signs warn that road work is taking place and that normal conditions may be changed. Lanes may narrow, traffic may slow or stop unexpectedly, and workers or equipment may be close to traffic. Drivers must slow down, stay alert, and be prepared for less than ideal driving conditions.",,36,"Chapter 5: Signals, Signs, and Markers"
2,"Signals, Signs, and Markers",A flashing red light at a traffic signal means:,"a: The same as a stop sign, b: The signal is malfunctioning, c: No complete stop is required",a,"A flashing red light is treated exactly like a stop sign. You must come to a complete stop at the limit line or before the crosswalk, check for traffic and pedestrians, yield as required, and then proceed only when it is safe.",,25,"Chapter 5: Signals, Signs, and Markers"
2,"Signals, Signs, and Markers",A flashing red traffic signal is equivalent to:,"a: A slow sign, b: A yield sign, c: A stop sign",c,"A flashing red light means you must come to a complete stop, just as you would at a stop sign. After stopping, look for cross traffic and pedestrians, and proceed only when it is safe and you have yielded the right‑of‑way where required.",,25,"Chapter 5: Signals, Signs, and Markers"
2,"Signals, Signs, and Markers",Which statement about railroad crossings is true?,"a: It’s illegal to go around lowered gates, b: You must stop when a flagger directs, c: Not all crossings have flashing signals or gates, d: All of the above",d,"It is illegal to drive around or through lowered railroad gates, you must always obey a flagger’s directions, and many railroad crossings do not have flashing lights or gates. Because all three statements are true, “All of the above” is correct.",,32,"Chapter 5: Signals, Signs, and Markers"
2,"Signals, Signs, and Markers",An arrow painted on the pavement means:,"a: Drivers in that lane may choose to follow the arrow, b: Drivers must follow the arrow only if traffic lights are off, c: Drivers in that lane must follow the arrow",c,"Pavement arrows show the direction(s) traffic in that lane must go. If you are in a lane with a straight arrow, you must go straight; with a left-turn arrow, you must turn left, unless a sign or signal specifically allows another movement.",,25,"Chapter 5: Signals, Signs, and Markers"
2,"Signals, Signs, and Markers",A solid white line on the right edge of the highway slanting left indicates:,"a: The road or shoulder narrows ahead, b: A construction zone is approaching, c: A left turn is required soon",a,"A solid white line along the right edge of the road is an edge line. When it angles or slants toward the center of the road, it usually indicates that the roadway is narrowing or the shoulder is ending, so you should prepare to adjust your lane position and use extra caution. It does not mean a left turn is required.",,34,"Chapter 5: Signals, Signs, and Markers"
2,"Signals, Signs, and Markers",When may you cross double solid yellow lines?,"a: To pass a slow truck.,b: To turn into a driveway.,c: To pass another car.",b,"Double solid yellow lines separate traffic moving in opposite directions and generally may not be crossed to pass. You may only cross them to make a left turn into or out of a driveway or side road, to enter or exit a highway, or to make a permitted U-turn when it is safe.",,34,"Chapter 5: Signals, Signs, and Markers"
2,"Signals, Signs, and Markers",What does a stop sign indicate?,"a: Slow down and prepare to stop if vehicles approach.,b: Come to a complete stop and proceed when safe.,c: Image of a stop sign.",b,"A stop sign means you must come to a complete stop before the crosswalk or stop line, check for traffic and pedestrians, yield the right‑of‑way as required, and then proceed only when the intersection is clear and it is safe to go.",,25,"Chapter 5: Signals, Signs, and Markers"
2,"Signals, Signs, and Markers",When can you proceed through an intersection with a stop sign but no stop line or crosswalk?,"a: After slowing to check for traffic.,b: After stopping and verifying safety.,c: After stopping 20 feet before the intersection.",b,"At a stop sign with no stop line or crosswalk, you must come to a complete stop before entering the intersection, usually at the point nearest the intersecting roadway where you have a clear view of approaching traffic. After stopping and confirming it is safe, you may proceed.",,31,"Chapter 5: Signals, Signs, and Markers"
2,"Signals, Signs, and Markers",You must stop at an intersection for a:,"a: Flashing red light, b: Steady yellow light, c: Yellow arrow",a,"A flashing red light means you must come to a complete stop, just as you would at a stop sign. After stopping, proceed only when it is safe and the way is clear. A steady yellow or yellow arrow is a warning that the signal is about to turn red; you should prepare to stop if you can do so safely.",,25,"Chapter 5: Signals, Signs, and Markers"
2,"Signals, Signs, and Markers",What should you do at an intersection with a flashing red light?,"a: Stop and proceed when safe.,b: Stop only if other cars approach.,c: Stop only if cars are in the intersection.",a,"A flashing red light is treated the same as a stop sign. You must come to a complete stop, look for cross traffic and pedestrians, yield the right-of-way as needed, and then proceed only when the intersection is clear and it is safe to go.",,25,"Chapter 5: Signals, Signs, and Markers"
2,"Signals, Signs, and Markers",What should you do at an intersection with a solid yellow light?,"a: Proceed through the intersection without slowing.,b: Stop immediately, even if you must brake hard.,c: Stop before the intersection if you can do so safely; if you cannot stop safely, proceed with caution.",c,"A steady yellow light warns that the signal is about to turn red. You must stop before entering the intersection if you can do so safely. If you are too close to the intersection to stop safely when the light turns yellow, continue through with caution rather than braking hard and risking a rear‑end collision.",difficult,25,"Chapter 5: Signals, Signs, and Markers"
2,"Signals, Signs, and Markers",Double solid yellow lines in the middle of a road indicate:,"a: Railroad crossing ahead, b: Pedestrian crossing ahead, c: No passing from either direction (except for permitted left turns across the lines when safe)",c,"Double solid yellow lines mean vehicles in both directions are prohibited from crossing the lines to pass. You may cross them only to turn left into or out of a driveway or side road, or when directed by traffic control, but not to pass moving vehicles.",difficult,34,"Chapter 5: Signals, Signs, and Markers"
2,"Signals, Signs, and Markers",A solid white line in the center of a two-lane road indicates:,"a: Traffic moves in opposite directions and passing is prohibited, b: Traffic moves in opposite directions and passing is allowed if safe, c: Traffic moves in the same direction and passing is prohibited",c,"A solid white line is used to separate lanes of traffic moving in the same direction and generally discourages or prohibits lane changes where it is painted. Center lines between traffic moving in opposite directions are yellow, not white.",,34,"Chapter 5: Signals, Signs, and Markers"
2,"Signals, Signs, and Markers",What should you do at a steady green traffic light?,"a: Proceed unless vehicles or pedestrians are in the intersection.,b: Stop if a police officer is nearby.,c: Treat it as a four-way stop.",a,"A steady green light means you may go straight or turn if it is safe, but you must yield to any vehicles or pedestrians already in the intersection and to oncoming traffic when turning left.",,25,"Chapter 5: Signals, Signs, and Markers"
2,"Signals, Signs, and Markers",Diagonal stripes sloping downward to the right on a barricade mean:,"a: Stop, b: Bear to the right, c: Bear to the left",b,"On barricades and object markers, the diagonal stripes show which side you should pass on. If the stripes slope downward to the right, you must pass to the right of the barricade; if they slope downward to the left, you pass to the left.",,36,"Chapter 5: Signals, Signs, and Markers"
2,"Signals, Signs, and Markers",Where should you stop at a stop line?,"a: Before the stop line.,b: On the stop line.,c: Past the stop line.",a,You must stop before the stop line so that your vehicle does not enter the crosswalk or intersection. The stop line marks where you must stop to keep pedestrians safe and to maintain a clear view of cross traffic and signals.,,25,"Chapter 5: Signals, Signs, and Markers"
2,"Signals, Signs, and Markers",What does a single dashed yellow line between lanes mean?,"a: Passing is allowed if safe.,b: Both lanes move in the same direction.,c: Passing is prohibited.",a,"A single dashed yellow line between lanes means traffic moves in opposite directions and passing is allowed when it can be done safely. You may cross the line to pass, but only when you have enough clear distance and will not interfere with oncoming traffic.",,25,"Chapter 5: Signals, Signs, and Markers"
2,"Signals, Signs, and Markers",A solid yellow line on your side of the centerline means:,"a: Reduce speed, b: Pass with caution, c: Do not pass",c,"A solid yellow line on your side of the centerline means you may not pass other vehicles. It marks a no‑passing zone because sight distance or other conditions make passing unsafe, so you must stay in your lane until the line pattern changes and it is safe and legal to pass.",,31,"Chapter 5: Signals, Signs, and Markers"
2,"Signals, Signs, and Markers",When must you stop at a railroad crossing?,"a: If a stop sign is posted., b: If a gate is lowered., c: If crossing lights are flashing., d: All of the above.",d,"You must stop at a railroad crossing any time warning devices indicate a train is coming or when signs or officials require it. This includes when red lights are flashing, when the gate is lowered or is being lowered, when a stop sign is posted, when a flagger signals you to stop, or when you can see or hear an approaching train.",,26,"Chapter 5: Signals, Signs, and Markers"
2,"Signals, Signs, and Markers",If traffic signals fail due to a power outage:,"a: Park off the road and wait, b: Use hand signals, c: Turn on hazard lights and proceed, d: Treat the intersection as a four-way stop and proceed when safe",d,"When a traffic signal is not working because of a power outage, you must treat the intersection as a four‑way stop. Come to a complete stop, then proceed in turn, yielding to any vehicles already in the intersection and to pedestrians. You do not park and wait, and you do not simply turn on hazard lights and go through.",difficult,25,"Chapter 5: Signals, Signs, and Markers"
2,"Signals, Signs, and Markers",What should you do at a railroad crossing with flashing signals?,"a: Stop and look for a train.,b: Slow down and look for a train.,c: Look for a train and speed up.",a,"Flashing signals at a railroad crossing mean a train is approaching. You must stop before the tracks, typically no closer than 15 feet from the nearest rail, look and listen for trains in both directions, and remain stopped until the signals stop and it is clearly safe to proceed.",difficult,33,"Chapter 5: Signals, Signs, and Markers"
2,"Signals, Signs, and Markers",What does a steady green arrow at a traffic signal mean?,"a: Merge into the arrow’s lane.,b: Slow to a stop if safe.,c: Turn in the arrow’s direction after yielding.",c,"A steady green arrow means you have a protected turn in the direction of the arrow. You may proceed to turn, but you must still yield to any vehicles or pedestrians already in the intersection. Use the arrow as your signal that cross traffic is stopped by a red light, but always check the intersection before completing the turn.",,25,"Chapter 5: Signals, Signs, and Markers"
2,"Signals, Signs, and Markers",When must you stop at an intersection?,"a: At a flashing red light.,b: At a steady yellow light.,c: At a yellow arrow.",a,"A flashing red light means you must come to a complete stop, just as you would at a stop sign. After stopping, proceed only when the intersection is clear and it is safe to go. A steady yellow or yellow arrow is a warning that the light is about to change and you should prepare to stop if you can do so safely.",,25,"Chapter 5: Signals, Signs, and Markers"
2,"Signals, Signs, and Markers",What do large flashing arrow signs indicate?,"a: Drivers should merge into the lane the arrow points to.,b: There is something to observe in the arrow's direction.,c: Drivers can remain in their current lane.",a,Large flashing or sequential arrow panels in work zones warn that a lane is closed ahead and direct drivers to move safely into the lane indicated by the arrow. You should slow down and merge into the lane the arrow points to.,,25,"Chapter 5: Signals, Signs, and Markers"
2,"Signals, Signs, and Markers","Coming to a full stop at an intersection, yielding to traffic/pedestrians, and proceeding when clear corresponds to:","a: A flashing red light, b: A flashing yellow light, c: A solid green light",a,"A flashing red light means you must come to a complete stop, just as you would at a stop sign. You must then yield to any traffic and pedestrians in or approaching the intersection and proceed only when it is safe. A solid red light requires a stop but does not flash; a flashing yellow means slow down and proceed with caution without stopping if the way is clear.",,25,"Chapter 5: Signals, Signs, and Markers"
2,"Signals, Signs, and Markers",A yellow and black diamond-shaped sign:,"a: Warns of road conditions or hazards, b: Guides to nearby cities and towns, c: Indicates traffic laws",a,"Yellow and black diamond-shaped signs are warning signs. They alert you to upcoming road conditions or hazards such as curves, intersections, animal crossings, or changes in road surface so you can slow down and drive with extra caution.",,26,"Chapter 5: Signals, Signs, and Markers"
2,"Signals, Signs, and Markers",When can you drive across a dashed white line?,"a: At any time.,b: Only during daylight.,c: When safe to change lanes.",c,"A dashed white line separates lanes of traffic moving in the same direction. You may cross it when you are changing lanes or passing, but only after checking mirrors and blind spots and ensuring there is enough space to move safely without interfering with other traffic.",,25,"Chapter 5: Signals, Signs, and Markers"
2,"Signals, Signs, and Markers",A double solid yellow line in the center of a two-lane road means:,"a: Traffic moves in opposite directions and passing is prohibited, b: Traffic moves in opposite directions and passing is allowed if safe, c: Traffic moves in the same direction and passing is prohibited",a,"A double solid yellow line means traffic is moving in opposite directions and neither side may cross the lines to pass. You may only cross to turn left into or out of a driveway or side road where it is specifically allowed, but not to overtake another vehicle.",,34,"Chapter 5: Signals, Signs, and Markers"
2,"Signals, Signs, and Markers","At a railroad crossing with a crossbuck but no gates or lights, you should:","a: Cross cautiously only when no train is coming, b: Turn down your radio to listen for a train, c: Proceed only when cleared by a flagger, d: All of the above",a,"A crossbuck marks a railroad crossing. At a crossing without gates or lights, you must slow down, look and listen for trains, and only cross when you are sure no train is coming and there is enough space to clear the tracks. Turning down the radio and obeying a flagger are good practices when needed, but the key legal requirement is to yield to any train and cross only when it is clearly safe.",difficult,32,"Chapter 5: Signals, Signs, and Markers"
2,"Signals, Signs, and Markers",A flashing yellow light at an intersection indicates:,"a: Slow down and proceed cautiously, b: Continue through normally, c: Stop and wait for a green light",a,"A flashing yellow light means proceed with caution. Slow down, look for cross traffic, pedestrians, or other hazards, and continue through the intersection only when it is safe.",,25,"Chapter 5: Signals, Signs, and Markers"
2,"Signals, Signs, and Markers",Guide signs are ____ signs providing directional and mileage information.,"a: Yellow, b: Red, c: Green",c,"Guide signs are green signs that give you directions, route information, and distances to cities, exits, and points of interest. Their purpose is to help you navigate and plan lane changes or turns in advance while driving.",,32,"Chapter 5: Signals, Signs, and Markers"
2,"Signals, Signs, and Markers",A yellow light flashing on and off means:,"a: Slow down, check for traffic, and proceed with caution, b: Stop and wait for a green light, c: Speed up to clear the intersection",a,"A flashing yellow light indicates caution, requiring drivers to slow down, check for traffic, and proceed when safe.",,25,"Chapter 5: Signals, Signs, and Markers"
2,"Signals, Signs, and Markers",A red traffic signal requires you to:,"a: Stop at the stop line, b: Stop before entering a crosswalk, c: Stop before entering the intersection, d: All of the above",d,"A steady red light means you must come to a complete stop before entering the intersection. If there is a stop line, stop there; if not, stop before the crosswalk; if neither is present, stop before entering the intersection. This ensures you do not block pedestrians or cross traffic.",,25,"Chapter 5: Signals, Signs, and Markers"
2,"Signals, Signs, and Markers",What must you do at an intersection with a flashing red light?,"a: Stop completely, yield to traffic and pedestrians, and proceed when clear.,b: Turn right or left only if directed by signs or markings.,c: Stop and remain stopped until the light stops flashing.",a,"A flashing red light means you must come to a complete stop, just as you would at a stop sign. After stopping, yield to any traffic or pedestrians in or approaching the intersection, and proceed only when it is safe and clear.",,25,"Chapter 5: Signals, Signs, and Markers"
2,"Signals, Signs, and Markers",Can you drive around railroad crossing gates?,"a: After the train passes., b: Never., c: When lights stop flashing.",b,"Never drive around or under lowered railroad crossing gates. Stay stopped until the lights stop flashing and the gates are fully raised, then look and listen for any additional trains before crossing.",,32,"Chapter 5: Signals, Signs, and Markers"
2,"Signals, Signs, and Markers","At a railroad crossing with flashing signals, you should:","a: Stop and proceed only after the lights stop and you are sure no train is coming., b: Slow down and look for a train, c: Look for a train and speed up",a,Flashing lights at a railroad crossing mean a train is approaching. You must come to a complete stop before the tracks and remain stopped until the lights stop flashing and you are sure no train is coming. Never try to beat the train or go around lowered gates.,,32,"Chapter 5: Signals, Signs, and Markers"
2,"Signals, Signs, and Markers",What does a railroad crossing sign indicate?,"a: A train station is ahead.,b: Signal before proceeding.,c: Slow down and yield to trains.",c,"A railroad crossing sign warns that train tracks are ahead. You must slow down, look and listen for trains, and be prepared to stop. Always yield the right-of-way to any approaching train, as trains cannot stop quickly.",difficult,32,"Chapter 5: Signals, Signs, and Markers"
2,"Signals, Signs, and Markers",What does a steady yellow X lane control signal above a reversible lane mean?,"a: The signal will soon change to a red X.,b: The signal will soon change to a green arrow.,c: Drivers can continue in this lane.",a,"A steady yellow X over a reversible lane means the lane is about to close to traffic in your direction. You should safely move out of that lane because the signal will soon change to a red X, which means you may not drive in that lane.",,25,"Chapter 5: Signals, Signs, and Markers"
2,"Signals, Signs, and Markers",A traffic light showing a green arrow with a red light means:,"a: Drive straight ahead only, b: Drive only in the direction of the green arrow, c: Wait for a solid green light to proceed",b,"A green arrow means you have a protected turn in the direction of the arrow, even if the main signal is red. You may proceed only in the direction of the arrow and must still yield to pedestrians and any vehicles already in the intersection.",,25,"Chapter 5: Signals, Signs, and Markers"
3,"Signaling, Passing, and Turning",What should you do when moving from the left lane to the right on a multilane highway?,"a: Check rearview mirror before changing lanes.,b: Look over your right shoulder for blind spots after signaling and checking mirrors.,c: Check side mirror and signal.",b,"Before moving from the left lane to the right, signal, check your mirrors, and then look over your right shoulder to check your blind spot. Turning your head lets you see areas your mirrors cannot, helping you avoid vehicles that may be hidden beside you.",,39,"Chapter 6: Signaling, Passing, and Turning"
3,"Signaling, Passing, and Turning","Before changing lanes on a multilane highway, you should:","a: Sound your horn, b: Turn on your headlights, c: Check your mirrors and blind spots",c,"Before changing lanes, always check your mirrors to see traffic behind and beside you, then quickly check your blind spots by looking over your shoulder. This helps you see vehicles that are not visible in your mirrors and prevents sideswipe collisions.",,39,"Chapter 6: Signaling, Passing, and Turning"
3,"Signaling, Passing, and Turning",You should always signal when:,"a: Changing lanes, b: Pulling into or out of a parking space, c: Entering traffic from an alley or parking area, d: All of the above",d,"You must signal any time you change direction or move your vehicle laterally, including changing lanes, pulling into or out of a parking space, and entering traffic from an alley or parking area. Signaling clearly tells other road users what you intend to do and helps prevent collisions.",,38,"Chapter 6: Signaling, Passing, and Turning"
3,"Signaling, Passing, and Turning",Do not pass:,"a: On hills or curves, b: When school bus lights are flashing, c: Near intersections, d: All of the above",d,"Passing is unsafe and often illegal when you cannot clearly see oncoming traffic, such as on hills or curves; when a school bus has flashing red lights and an extended stop arm, because children may be crossing; and near or within intersections, where vehicles, pedestrians, and turning traffic create additional hazards. In these situations, you must not pass.",,39,"Chapter 6: Signaling, Passing, and Turning"
3,"Signaling, Passing, and Turning",You may pass another vehicle:,"a: In a curve or on a hill, b: Using the shoulder, c: If your lane is next to a broken yellow line and the passing lane is clear",c,"You may pass another vehicle only when it is legal and safe. A solid yellow line on your side of the road means passing is prohibited, even if the lane next to you has a broken line. Never pass on hills, curves, or using the shoulder, because your view and space are limited and you may not see oncoming traffic in time.",,39,"Chapter 6: Signaling, Passing, and Turning"
3,"Signaling, Passing, and Turning",How far in advance should you signal a turn?,"a: 100 feet.,b: 50 feet.,c: 20 feet.",a,"You should signal at least 100 feet before turning so other drivers, cyclists, and pedestrians have enough time to see your signal and react safely.",,38,"Chapter 6: Signaling, Passing, and Turning"
3,"Signaling, Passing, and Turning",When may you pass another vehicle?,"a: In a curve or on a hill., b: On the shoulder., c: If your lane is next to a broken yellow line.",c,"You may only pass when there is a broken (dashed) line on your side of the center and it is safe to do so. You must not pass on hills or curves where you cannot see far enough ahead, you must not pass on the shoulder, and you must not cross a solid yellow line on your side of the road.",,39,"Chapter 6: Signaling, Passing, and Turning"
3,"Signaling, Passing, and Turning",You should signal to turn ____ before beginning the turn.,"a: 100 feet, b: 50 feet, c: 20 feet",a,"You should signal at least 100 feet before turning so other road users have enough time to see your signal and react. At higher speeds, signal even earlier to give extra warning.",,38,"Chapter 6: Signaling, Passing, and Turning"
3,"Signaling, Passing, and Turning",Drivers may not pass from either side of a ____ centerline.,"a: Mixed solid and broken yellow, b: Single broken yellow, c: Double solid yellow",c,"A double solid yellow centerline means vehicles in both directions are prohibited from crossing the line to pass. This marking is used where sight distance is limited or passing would be especially dangerous. A single broken yellow line allows passing when it is safe, and a mixed solid and broken yellow line allows passing only for traffic on the side with the broken line.",,39,"Chapter 6: Signaling, Passing, and Turning"
3,"Signaling, Passing, and Turning",What should you do when changing lanes on a highway?,"a: Signal your intent only.,b: Check your mirrors only.,c: Signal, check your mirrors, and glance over your shoulder to check blind spots.",c,"A safe lane change on a highway requires all three actions together: signal well in advance to communicate your intention, check your mirrors to see traffic behind and beside you, and quickly glance over your shoulder to check your blind spot. Relying on only one of these steps is unsafe because vehicles can be hidden in areas your mirrors do not show.",,39,"Chapter 6: Signaling, Passing, and Turning"
3,"Signaling, Passing, and Turning","When waiting to turn left at a multilane intersection with blocked visibility, you should:","a: Accelerate when the first lane is clear, b: Wait until all lanes are clear, c: Proceed if an oncoming driver waves you through",b,"At a multilane intersection with limited visibility, you must wait until all lanes you need to cross or enter are clear before turning left. Never rely on another driver waving you through, and do not move just because one lane is open if others may still have oncoming traffic.",,39,"Chapter 6: Signaling, Passing, and Turning"
3,"Signaling, Passing, and Turning","When using a hand signal for a turn, stop signaling:","a: Mid-turn, b: After completing the turn, c: Just before the turn",c,"Hand signals are used when your turn signals don’t work or are hard to see. You signal well before the turn so others know your intention, then stop signaling just before you turn so you can keep both hands on the wheel and maintain full control through the turn.",,38,"Chapter 6: Signaling, Passing, and Turning"
3,"Signaling, Passing, and Turning",When may you pass a vehicle on the right shoulder?,"a: Never on the shoulder; you may not use the shoulder as a travel lane to pass.,b: When the vehicle ahead is too slow.,c: When the vehicle ahead is turning.",a,"You must not drive onto or use the shoulder to pass another vehicle. The shoulder is not a travel lane and is meant for emergencies or breakdowns, not passing. Passing on the right is only allowed when it can be done safely within a proper lane, never by driving off the roadway or onto the shoulder.",,39,"Chapter 6: Signaling, Passing, and Turning"
3,"Signaling, Passing, and Turning","You cannot safely pass on a two-way, two-lane street unless:","a: The road ahead is clearly visible, b: You can return to your lane before oncoming traffic, c: Your vehicle can achieve the necessary speed, d: All of the above",d,"Passing on a two-way, two-lane road is only safe when you can clearly see far enough ahead, your vehicle can accelerate and pass without lingering in the oncoming lane, and you can return to your lane before any oncoming traffic reaches you. All of these conditions must be met before you begin to pass.",difficult,39,"Chapter 6: Signaling, Passing, and Turning"
3,"Signaling, Passing, and Turning",When should you stop using a hand signal for a turn?,"a: During the turn.,b: After the turn.,c: Just before the turn.",c,"When using hand and arm signals, you should signal for at least the last 100 feet before turning, then return your hand to the steering wheel as you begin and complete the turn so you can keep proper control of the vehicle.",,40,"Chapter 6: Signaling, Passing, and Turning"
3,"Signaling, Passing, and Turning","To turn left at an intersection with a green light but heavy oncoming traffic, you should:","a: Use the next intersection.,b: Wait at the crosswalk.,c: Wait in the intersection.",c,"With a green light and heavy oncoming traffic, you should pull into the intersection when it is legal to do so, keep your wheels straight, and wait there until there is a safe gap to turn left. When the light turns yellow or red, you must clear the intersection by completing your turn if it is safe. Simply skipping the intersection is not the standard or required action.",,39,"Chapter 6: Signaling, Passing, and Turning"
3,"Signaling, Passing, and Turning","When can you not pass safely on a two-way, two-lane road?","a: When you cannot clearly see enough clear road ahead.,b: When you cannot return to your lane before meeting oncoming traffic.,c: When your vehicle cannot reach the needed speed to pass safely.",c,"You may only pass on a two-way, two-lane road when all safety conditions are met: you can clearly see enough clear road ahead, you can complete the pass and return to your lane before meeting oncoming traffic, and your vehicle can accelerate fast enough to pass without forcing others to slow or swerve. If your vehicle cannot reach the needed speed, it is not safe to pass.",,39,"Chapter 6: Signaling, Passing, and Turning"
3,"Signaling, Passing, and Turning",How should you pass another vehicle on a two-lane road?,"a: Return to your lane when there’s enough space.,b: Stay in the left lane if turning left.,c: Return to the right side immediately.",a,"On a two-lane road, pass only when it is legal and safe, then return to your lane after you can see enough clear space between you and the vehicle you passed. Do not cut back in too soon, and do not remain in the oncoming lane longer than necessary.",,39,"Chapter 6: Signaling, Passing, and Turning"
3,"Signaling, Passing, and Turning",What must you do when turning or changing lanes?,"a: Always signal, even with no traffic.,b: Signal only if traffic is visible.,c: Signal only at night.",a,"You must always signal before turning or changing lanes, even if you think no one else is around. Signaling lets other drivers, cyclists, and pedestrians know what you plan to do so they can react safely and avoid collisions.",difficult,38,"Chapter 6: Signaling, Passing, and Turning"
3,"Signaling, Passing, and Turning",You may not cross a single broken white or yellow line:,"a: If it interferes with traffic, b: When turning left into a driveway, c: If the car ahead is disabled",a,"A single broken white or yellow line means you may cross it to change lanes or pass, but only when it is safe and will not interfere with other traffic. You must not move into another lane or across the line if doing so forces other drivers to slow or swerve suddenly.",,39,"Chapter 6: Signaling, Passing, and Turning"
3,"Signaling, Passing, and Turning",You may pass another vehicle if the dividing line is:,"a: A broken white line, b: Double solid yellow, c: Solid yellow",a,A broken white line separates lanes of traffic moving in the same direction and allows lane changes and passing when it is safe. Solid yellow lines and double solid yellow lines generally mean you may not pass because they separate traffic moving in opposite directions and mark no-passing zones.,,39,"Chapter 6: Signaling, Passing, and Turning"
3,"Signaling, Passing, and Turning","When a road has a solid yellow line and a broken yellow line, with the broken line next to your lane, you may pass:","a: Only in an emergency, b: If on an expressway, c: If traffic is clear",c,"A solid yellow line with a broken yellow line means passing is allowed only on the side with the broken line. If the broken line is next to your lane, you may pass when there is no oncoming traffic and you can complete the pass safely.",,39,"Chapter 6: Signaling, Passing, and Turning"
3,"Signaling, Passing, and Turning",You may cross double solid yellow lines:,"a: To pass a slow truck, b: To turn into a driveway, c: To pass another car",b,"Double solid yellow lines mean you may not cross them to pass another vehicle. However, you are allowed to cross them to make a left turn into or out of a driveway, side road, or alley, or to make a legal U-turn where permitted. Passing across double solid yellow lines is unsafe and illegal in standard U.S. rules.",,39,"Chapter 6: Signaling, Passing, and Turning"
3,"Signaling, Passing, and Turning","When changing lanes, it’s important to:","a: Signal your intentions, b: Check your blind spot, c: Ensure the lane is clear, d: All of the above",d,"Before changing lanes, always signal to let others know your intentions, check your mirrors and blind spot to see vehicles you cannot see directly in the mirrors, and make sure the lane is clear and there is enough space to move safely.",,39,"Chapter 6: Signaling, Passing, and Turning"
3,"Signaling, Passing, and Turning",What should you do when passing on a multilane highway?,"a: Ensure the passing lane is clear.,b: Pass only on the right.,c: Watch for oncoming traffic in the opposite direction.",a,"On a multilane highway, you normally pass on the left and must first make sure the lane you will move into is clear, then signal and change lanes smoothly. You do not watch for oncoming traffic in the opposite direction because traffic in your direction is separated by lanes or a median.",,38,"Chapter 6: Signaling, Passing, and Turning"
3,"Signaling, Passing, and Turning","When turning or changing lanes, you must:","a: Always signal, even with no visible traffic, b: Signal only if traffic is visible, c: Signal only at night",a,"You must always signal before turning or changing lanes, even if you do not see other vehicles, pedestrians, or cyclists. Signaling clearly and early lets others anticipate your movement and reduces the chance of collisions.",difficult,38,"Chapter 6: Signaling, Passing, and Turning"
3,"Signaling, Passing, and Turning","How close may you not pass within to a bridge, viaduct, or tunnel?","a: 200 feet.,b: 100 feet.,c: 500 feet.",b,"Passing is prohibited within 100 feet of a bridge, viaduct, or tunnel when your view is obstructed, because you may not be able to see oncoming traffic in time to avoid a collision. This distance helps ensure you have enough clear sight and space to pass safely and legally.",difficult,38,"Chapter 6: Signaling, Passing, and Turning"
3,"Signaling, Passing, and Turning",What should you avoid when changing lanes?,"a: Changing lanes without checking mirrors and blind spots., b: Changing lanes without signaling your intent., c: Changing lanes without checking for other drivers moving into the same lane., d: All of the above.",d,"A safe lane change requires checking mirrors, signaling, and checking blind spots and surrounding traffic, including other vehicles that may also be moving into the same lane. What you must avoid is changing lanes without these checks or signals, because that greatly increases the risk of a collision with a vehicle you did not see.",,39,"Chapter 6: Signaling, Passing, and Turning"
3,"Signaling, Passing, and Turning","While waiting to turn left at an intersection, you should:","a: Signal and keep wheels turned left, b: Signal and keep wheels straight, c: Flash headlights to clear traffic",b,"When waiting to turn left, signal your turn and keep your wheels straight. If another vehicle hits you from behind, straight wheels help prevent your car from being pushed into oncoming traffic.",,38,"Chapter 6: Signaling, Passing, and Turning"
3,"Signaling, Passing, and Turning",When may you pass with a solid and broken yellow line if the broken line is on your side?,"a: Only in an emergency.,b: On an expressway.,c: If traffic is clear.",c,"A solid and broken yellow line together means passing is allowed only on the side with the broken line. If the broken line is on your side, you may pass when traffic is clear and it is safe, and you can complete the pass without interfering with oncoming vehicles.",,39,"Chapter 6: Signaling, Passing, and Turning"
3,"Signaling, Passing, and Turning","On a multilane road with opposing traffic, the shared center lane is for:","a: Passing another vehicle, b: Slowing or stopping before a left turn, c: Through-traffic when moving slowly",b,"On roads with a shared center left‑turn lane, that lane is used only for vehicles preparing to turn left (or for permitted U‑turns), not for passing or for driving straight ahead. You may briefly enter it to slow or stop while waiting for a safe gap to turn.",,39,"Chapter 6: Signaling, Passing, and Turning"
3,"Signaling, Passing, and Turning",What should you do when passing other vehicles?,"a: Check mirrors and blind spots.,b: Honk three times.,c: Re-enter within 10 feet of the passed vehicle.",a,"Before passing, you must check your mirrors and blind spots, signal, move into the passing lane, and pass safely at a legal speed. Return to your lane only when you can see the entire front of the passed vehicle in your rearview mirror and there is enough space. Honking repeatedly or cutting back in too close is unsafe and not required.",,39,"Chapter 6: Signaling, Passing, and Turning"
3,"Signaling, Passing, and Turning",How can you check your blind spots when changing lanes?,"a: Use the inside rearview mirror.,b: Use the outside rearview mirror.,c: Use both rearview mirrors.,d: Turn your head and quickly glance over your shoulder in the direction you want to move.",d,"Mirrors alone cannot show you everything around your vehicle. Each vehicle has blind spots—areas to the sides and slightly behind you that do not appear in either the inside or outside mirrors. To safely change lanes, you must first check your mirrors, then quickly turn your head and glance over your shoulder in the direction you plan to move to be sure no vehicle is in your blind spot.",,39,"Chapter 6: Signaling, Passing, and Turning"
3,"Signaling, Passing, and Turning",What must you do before changing lanes?,"a: Signal your intent early.,b: Check your blind spot.,c: Ensure the lane is clear.,d: All of the above.",d,"Before changing lanes, you must signal in advance, check your mirrors, and look over your shoulder to check your blind spot, then move only when the lane is clear. All three actions are required for a safe lane change, not just ensuring the lane is clear.",,39,"Chapter 6: Signaling, Passing, and Turning"
3,"Signaling, Passing, and Turning",When should you return to your lane after passing?,"a: When you can see the front of the passed vehicle in your rearview mirror.,b: When the other driver signals you.,c: When directly next to the passed vehicle.",a,"After passing, do not return to your lane just when you ""feel"" far enough ahead or when you are still next to the other vehicle. Stay in the passing lane until you can see the entire front of the vehicle you passed in your inside rearview mirror, then signal and move back when it is safe.",,39,"Chapter 6: Signaling, Passing, and Turning"
3,"Signaling, Passing, and Turning",When may you not cross a single broken white or yellow line?,"a: If it interferes with traffic.,b: When turning left into a driveway.,c: When the car ahead is disabled.",a,"A single broken white or yellow line means you may cross it to pass or turn when it is safe and legal. You must not cross if doing so would interfere with oncoming or adjacent traffic—for example, if you would force other drivers to slow or swerve.",,38,"Chapter 6: Signaling, Passing, and Turning"
3,"Signaling, Passing, and Turning",What type of line allows passing another vehicle?,"a: Broken white.,b: Double solid yellow.,c: Solid yellow.",a,Broken white lines separate lanes of traffic moving in the same direction and allow lane changes and passing when it is safe. Solid yellow or double solid yellow lines generally mean no passing across them.,,39,"Chapter 6: Signaling, Passing, and Turning"
3,"Signaling, Passing, and Turning",Which statement about passing is true?,"a: Signal 100 feet before passing, b: Check mirrors and left shoulder blind spot, c: Wait to see both headlights of the passed vehicle before returning, d: All of the above",d,"Safe passing involves several coordinated steps: signal well in advance (at least 100 feet before changing lanes in most areas), check your mirrors and your blind spot over the left shoulder to be sure the lane is clear, pass promptly without speeding excessively, and do not move back into your original lane until you can see both headlights of the vehicle you passed in your rearview mirror.",difficult,39,"Chapter 6: Signaling, Passing, and Turning"
3,"Signaling, Passing, and Turning",What should you do when passing a large truck?,"a: Re-enter your lane and slow down immediately.,b: Give the truck ample space before re-entering.,c: Re-enter whenever you choose.",b,"When passing a large truck, stay in the passing lane until you can see the entire front of the truck (including its headlights) in your rearview mirror. This ensures you have fully cleared the truck’s longer stopping distance and blind spots. Re-enter your lane smoothly and maintain your speed so you do not force the truck to brake suddenly.",,39,"Chapter 6: Signaling, Passing, and Turning"
3,"Signaling, Passing, and Turning",A driver may legally pass on the right of another vehicle:,"a: If the vehicle is waiting to turn left and a passing lane is available, b: Even if it requires driving off the pavement, c: On a narrow bridge",a,"You may pass on the right only when it can be done safely and without leaving the paved roadway, such as when the other vehicle is turning left and there is a clearly marked lane for you to use, or on roads with two or more lanes in your direction. You must never drive off the pavement or onto the shoulder to pass.",,39,"Chapter 6: Signaling, Passing, and Turning"
3,"Signaling, Passing, and Turning","You may not pass within ____ of a bridge, viaduct, or tunnel.","a: 200 feet, b: 100 feet, c: 500 feet",b,"You may not pass within 100 feet of a bridge, viaduct, or tunnel because your view of oncoming traffic can be blocked and there is often no room to escape if something goes wrong. Staying in your lane in these areas reduces the risk of head‑on collisions.",difficult,38,"Chapter 6: Signaling, Passing, and Turning"
3,"Signaling, Passing, and Turning",How should drivers use a shared center lane on a multilane road with opposing traffic?,"a: To pass another vehicle.,b: To slow or stop before turning left.,c: As a through-traffic lane.",b,"On roads with a shared center left‑turn lane, that lane is only for vehicles preparing to turn left from either direction. You may use it to slow or stop while waiting for a safe gap to turn, but you must not use it to pass other vehicles or as a regular travel lane.",,39,"Chapter 6: Signaling, Passing, and Turning"
3,"Signaling, Passing, and Turning","When another driver attempts to pass your vehicle, you should:","a: Pull off the road, b: Signal when it’s safe for them to pass, c: Maintain or slightly reduce speed and stay in your lane to allow safe passing",c,"When another driver is passing you, you should help them pass safely by maintaining a steady speed or slightly reducing speed and staying in your lane. You should not signal for them or judge gaps for them; each driver is responsible for deciding when it is safe to pass. Your main job is to avoid speeding up and to allow enough space for the passing vehicle to return to the lane safely.",,39,"Chapter 6: Signaling, Passing, and Turning"
3,"Signaling, Passing, and Turning","On a multilane highway, to move from the right lane to the left, you should:","a: Check rearview mirror for traffic behind, b: Check left shoulder for blind spot, c: Check side mirror and signal, d: All of the above",d,"Before moving from the right lane to the left on a multilane highway, check your rearview mirror for traffic behind, check your left side mirror, signal your intention, and look over your left shoulder to check your blind spot. Only change lanes when it is safe and clear.",,39,"Chapter 6: Signaling, Passing, and Turning"
3,"Signaling, Passing, and Turning","Before making a left turn, it’s critical to:","a: Sound your horn, b: Yield to oncoming traffic, c: Swing to the right side of your lane",b,"When turning left, you must yield to oncoming traffic and pedestrians because they have the right-of-way unless you have a protected green arrow. You should wait until it is safe and clear before turning. Sounding your horn is rarely required, and swinging right in your lane before turning left is unsafe and can confuse other drivers.",,40,"Chapter 6: Signaling, Passing, and Turning"
4,"Parking, Stopping, or Standing",You may not park:,"a: On a hill.,b: In a parking lot.,c: On a crosswalk or bike lane.",c,You must not park on a crosswalk or in a bike lane because these areas are reserved for pedestrians and cyclists. Blocking them forces people into traffic and creates serious safety risks. Always leave crosswalks and bike lanes completely clear.,,42,"Chapter 7: Parking, Stopping, or Standing"
4,"Parking, Stopping, or Standing",Emergency vehicles:,"a: Have right-of-way with sirens or flashing lights, b: May use loudspeakers for instructions, c: May travel in groups, d: All of the above",d,"When an emergency vehicle approaches with its lights and siren on, it has the right-of-way and you must yield, usually by pulling to the right and stopping. Emergency vehicles may use loudspeakers to give drivers specific instructions, and they often travel in groups, so you should look and listen for more than one vehicle before proceeding.",difficult,42,"Chapter 7: Parking, Stopping, or Standing"
4,"Parking, Stopping, or Standing",Drivers may not park within ____ of a railroad crossing.,"a: 50 feet, b: 65 feet, c: 100 feet",a,You may not park within 50 feet of the nearest rail of a railroad crossing. This keeps the area clear so drivers and pedestrians can see approaching trains and so trains have room to pass safely.,difficult,42,"Chapter 7: Parking, Stopping, or Standing"
4,"Parking, Stopping, or Standing",You may drive in the HOV lane if:,"a: Your vehicle has at least the minimum number of occupants shown on the HOV signs (often two or more), b: You’re driving slower than traffic, c: You’re driving faster than traffic",a,"High‑Occupancy Vehicle (HOV) lanes are generally reserved for vehicles carrying at least the minimum number of occupants shown on the signs, often two or more people. You must also obey any posted time restrictions and special rules for motorcycles, buses, or clean‑air vehicles, which may be allowed even with a single occupant if signs permit.",,42,"Chapter 7: Parking, Stopping, or Standing"
4,"Parking, Stopping, or Standing",Drivers may deposit litter while on roadways:,"a: In designated litter barrels, b: In the median, c: In ditches",a,"You must never throw litter onto the road, shoulder, median, or ditches. Litter may only be placed in proper containers, such as designated litter barrels or trash cans at rest areas or other marked locations. This keeps roads safe and clean and avoids fines for littering.",,42,"Chapter 7: Parking, Stopping, or Standing"
4,"Parking, Stopping, or Standing","When parallel parking between two cars, what should you do first?","a: Turn wheels to the left.,b: Turn wheels to the right.,c: Pull up even with the car in front.",c,"To begin parallel parking, first pull up alongside and even with the car in front of the space, leaving a safe gap. Then check traffic, signal, and start backing into the space while turning the wheel as needed.",,43,"Chapter 7: Parking, Stopping, or Standing"
4,"Parking, Stopping, or Standing",Drivers may not park within ____ of a crosswalk.,"a: 20 feet, b: 30 feet, c: 35 feet",a,"You may not park within 20 feet of a crosswalk at an intersection. This space must be kept clear so drivers and pedestrians can see each other and have time to react, reducing the risk of collisions.",difficult,42,"Chapter 7: Parking, Stopping, or Standing"
4,"Parking, Stopping, or Standing",What should you do when leaving a parking space?,"a: Check for children and obstacles.,b: Signal to other drivers.,c: Check your mirrors.,d: All of the above.",d,"Before pulling out of a parking space, you must check carefully around your vehicle for children, pedestrians, and obstacles, check your mirrors and blind spots, and signal to alert other drivers of your intention to move. Using all of these steps together helps prevent collisions when re‑entering traffic.",,42,"Chapter 7: Parking, Stopping, or Standing"
4,"Parking, Stopping, or Standing",When is it acceptable to park in a striped area next to a disabled parking spot?,"a: Never., b: With a disability plate or placard., c: When all other spaces are full.",a,"The striped area next to a disabled parking space is an access aisle, reserved for wheelchair lifts and space for people with disabilities to enter and exit vehicles safely. It is illegal to park or stop in this striped area at any time, even if you have a disability plate or placard or the lot is full.",,43,"Chapter 7: Parking, Stopping, or Standing"
4,"Parking, Stopping, or Standing",What should you do if an intersection is blocked by traffic?,"a: Move slowly until traffic clears.,b: Get close to the car in front.,c: Stay out of the intersection.",c,"You must not enter an intersection unless you can completely clear it. If traffic is backed up and you would be stuck in the middle when the light changes, stay behind the stop line until there is enough space to drive all the way through.",,43,"Chapter 7: Parking, Stopping, or Standing"
4,"Parking, Stopping, or Standing",What should you do if you hear a siren but can’t see the emergency vehicle?,"a: Keep driving until you see it.,b: Pull to the curb and stop.,c: Slow down and don’t stop until you see it.",b,"If you hear a siren and think an emergency vehicle may be approaching, safely pull over to the right side of the road and stop. Stay stopped until you are sure the emergency vehicle has passed or is not coming toward you.",,42,"Chapter 7: Parking, Stopping, or Standing"
4,"Parking, Stopping, or Standing","When parking downhill on a two-way street, what should you do?","a: Turn wheels to the right.,b: Turn wheels to the left.,c: Keep wheels straight.",a,"When parking downhill on a two-way street with a curb, turn your front wheels toward the curb (to the right). If the vehicle rolls, the front tire will rest against the curb and the car will roll away from moving traffic. Always set the parking brake as well.",,42,"Chapter 7: Parking, Stopping, or Standing"
4,"Parking, Stopping, or Standing",When must you stop for a school bus?,"a: When it’s parked with no one inside.,b: When it approaches without flashing lights.,c: On a two-lane road with flashing red lights.",c,"On a two-lane road, traffic in both directions must stop when a school bus has flashing red lights and, usually, an extended stop arm. You must remain stopped until the lights stop flashing and the stop arm is withdrawn, because children may be crossing the road.",,42,"Chapter 7: Parking, Stopping, or Standing"
4,"Parking, Stopping, or Standing",You should not park within ____ of a traffic control signal.,"a: 50 feet, b: 30 feet, c: 35 feet",b,You must not park within 30 feet of a traffic control signal. Parking too close can block other drivers from seeing the signal and creates a safety hazard at intersections.,difficult,42,"Chapter 7: Parking, Stopping, or Standing"
4,"Parking, Stopping, or Standing","When stopped on an incline, you should:","a: Leave extra space in front of your vehicle, b: Stop at an intersection, c: Stop at a stop sign",a,"When stopped on an uphill grade, you should leave extra space in front of your vehicle. If the vehicle ahead rolls backward when starting, that extra space helps prevent a rear-end collision. You should also be ready to brake and, when parked on a hill, turn your wheels and set the parking brake as required by law.",,43,"Chapter 7: Parking, Stopping, or Standing"
4,"Parking, Stopping, or Standing",How far must your parked vehicle be visible from in each direction?,"a: 100 feet.,b: 50 feet.,c: 200 feet.",c,"Many states require that a parked vehicle on a roadway be visible for at least 200 feet in each direction so other drivers have enough time to see it and react. Parking where your vehicle cannot be seen from a sufficient distance can create a serious hazard, especially on hills or curves.",,42,"Chapter 7: Parking, Stopping, or Standing"
4,"Parking, Stopping, or Standing",Can you park across from a fire station entrance?,"a: Yes, if emergency vehicles have left.,b: Yes, at night.,c: No, you must not park directly across from a fire station entrance where it could interfere with emergency vehicles.",c,"You may not park directly across from a fire station entrance because emergency vehicles need a clear path to enter and exit quickly. Many states set a specific minimum distance (for example, 75 feet in some jurisdictions), but the key rule is that you must not park in a way that could block or slow emergency vehicles leaving or returning to the station.",difficult,42,"Chapter 7: Parking, Stopping, or Standing"
4,"Parking, Stopping, or Standing",How close may you not park to an intersection?,"a: 20 feet.,b: 30 feet.,c: 35 feet.",a,"Many states prohibit parking within 20 feet of a crosswalk at an intersection, but the exact distance can vary by state law and by whether there is a marked crosswalk or traffic signal. Always check your state’s driver handbook for the specific minimum distance where you live, and never park where you block visibility for drivers or pedestrians.",difficult,42,"Chapter 7: Parking, Stopping, or Standing"
4,"Parking, Stopping, or Standing",When may you leave your vehicle unattended with the engine running?,"a: For a brief period.,b: Never.,c: Near a railroad crossing.",b,"It is illegal to leave a vehicle idling unattended without turning off the engine and securing it, except with a remote starter.",difficult,43,"Chapter 7: Parking, Stopping, or Standing"
4,"Parking, Stopping, or Standing",What should you do when you hear or see an emergency vehicle approaching?,"a: Stop immediately.,b: Drive to the right and stop.,c: Proceed slowly to let it pass.",b,"When you see or hear an emergency vehicle using its siren and/or flashing lights, you must yield the right-of-way by pulling as close as safely possible to the right edge of the road and stopping. Do not stop in an intersection; clear the intersection first, then pull over and stop until the emergency vehicle has passed.",,42,"Chapter 7: Parking, Stopping, or Standing"
4,"Parking, Stopping, or Standing",How close may you not park to a traffic control signal?,"a: 50 feet.,b: 30 feet.,c: 35 feet.",b,Do not park within 30 feet of a traffic control signal to avoid obstructing visibility and causing crashes.,difficult,42,"Chapter 7: Parking, Stopping, or Standing"
4,"Parking, Stopping, or Standing",What must you do when an emergency vehicle with sirens or lights approaches?,"a: Slow down until it passes.,b: Drive to the right and stop.,c: Motion for it to pass.",b,"When an emergency vehicle approaches with lights and siren on, you must yield the right‑of‑way by pulling as far to the right side of the road as possible and stopping. Stay stopped until the emergency vehicle has passed, unless a police officer directs you otherwise.",,42,"Chapter 7: Parking, Stopping, or Standing"
4,"Parking, Stopping, or Standing",What should you do when passing a stopped emergency vehicle?,"a: Increase speed.,b: Vacate the closest lane or slow down.,c: Ask if help is needed.",b,"Move to a lane away from a stopped emergency vehicle or slow down if unable to change lanes, giving it space.",,42,"Chapter 7: Parking, Stopping, or Standing"
4,"Parking, Stopping, or Standing",Can you park on a freeway shoulder?,"a: With four-way flashers on.,b: Only in emergencies.,c: To check a map.",b,"You may only stop or park on a freeway shoulder in an emergency, such as a breakdown or medical issue. Using your flashers or checking a map is not a valid reason to park there, because stopped vehicles on high‑speed roads create a serious hazard.",,43,"Chapter 7: Parking, Stopping, or Standing"
4,"Parking, Stopping, or Standing",When may you drive in an HOV lane?,"a: When your vehicle meets the minimum occupancy shown on the HOV signs (for example, two or more occupants).,b: Whenever you are driving slower than traffic.,c: Whenever you are driving faster than traffic.",a,"High-Occupancy Vehicle (HOV) lanes are reserved for vehicles that meet the minimum occupancy shown on the signs, often two or more people per vehicle. You must follow the posted HOV rules; speed relative to other traffic does not give you permission to use the lane.",difficult,42,"Chapter 7: Parking, Stopping, or Standing"
4,"Parking, Stopping, or Standing","A 'No stopping' sign indicates that, unless instructed by a police officer, you may stop only:","a: To unload packages briefly, b: To avoid interfering with other traffic, c: To drop off passengers",b,"A 'No stopping' sign means you may not stop your vehicle at the curb or on the roadway for any reason except when required by traffic conditions, traffic signals, or a police officer. You may not stop to load or unload passengers or goods.",,42,"Chapter 7: Parking, Stopping, or Standing"
4,"Parking, Stopping, or Standing",Where may you not park?,"a: On a hill.,b: In a parking lot.,c: On a crosswalk or bike lane.",c,Parking on a crosswalk or in a marked bike lane is illegal because it blocks pedestrians and cyclists and forces them into traffic. Parking on a hill or in a parking lot is allowed as long as you follow posted signs and use proper parking techniques.,,42,"Chapter 7: Parking, Stopping, or Standing"
4,"Parking, Stopping, or Standing",Drivers may not park within ____ of a fire hydrant.,"a: 40 feet, b: 25 feet, c: 15 feet",c,"You must not park within 15 feet of a fire hydrant so firefighters can quickly connect hoses and access water in an emergency. Even if the hydrant is on private property or appears unused, keep at least 15 feet of space clear.",difficult,42,"Chapter 7: Parking, Stopping, or Standing"
4,"Parking, Stopping, or Standing",You may park or stop on a freeway shoulder:,"a: With emergency flashers on, b: Only in emergencies, c: To check a map",b,"Stopping or parking on a freeway shoulder is generally illegal except for true emergencies, such as a breakdown or medical issue. If you must stop, pull completely off the roadway and use hazard lights so other drivers can see you.",,42,"Chapter 7: Parking, Stopping, or Standing"
4,"Parking, Stopping, or Standing","When parallel parking, how close should you park to the curb?","a: Within 10 inches.,b: Within 12 inches.,c: Within 18 inches.",b,"In most U.S. states, you must parallel park with your right-side wheels within about 12 inches (one foot) of the curb. Parking too far from the curb can obstruct traffic and increase the risk of your vehicle being sideswiped. Always check your state handbook, but 12 inches is the standard test-rule distance.",,42,"Chapter 7: Parking, Stopping, or Standing"
4,"Parking, Stopping, or Standing",A 'No standing' sign at a specific location indicates:,"a: No stopping allowed at any time, b: Parking is permitted if the driver stays in the vehicle, c: Brief stops are allowed to pick up or drop off passengers",c,"A 'No standing' sign means you may stop only briefly to pick up or drop off passengers, but you may not wait there, load or unload cargo, or park the vehicle. If you need to remain stopped longer than the time needed for passengers to get in or out, you must find a legal parking area.",,42,"Chapter 7: Parking, Stopping, or Standing"
4,"Parking, Stopping, or Standing",Where may you deposit litter while on the roadway?,"a: In designated litter barrels.,b: In the median.,c: In ditches.",a,"Litter must only be placed in proper trash containers such as designated litter barrels at rest areas or other marked locations. Throwing trash into the median, ditches, or anywhere else along the roadway is illegal and dangerous because it can create hazards and harm the environment.",,42,"Chapter 7: Parking, Stopping, or Standing"
4,"Parking, Stopping, or Standing","When parking uphill next to a curb, what should you do?","a: Keep rear tires against the curb.,b: Keep front tires straight.,c: Turn steering wheel away from the curb.",c,"When parking uphill with a curb, turn the front wheels away from the curb and let the vehicle roll back slightly until the tire gently touches the curb. If the brakes fail, the curb will stop the vehicle from rolling into traffic.",,43,"Chapter 7: Parking, Stopping, or Standing"
4,"Parking, Stopping, or Standing",When parking uphill with a curb:,"a: Keep wheels straight and set the parking brake, b: Turn wheels away from the curb, c: Turn wheels toward the curb",b,"When parking uphill with a curb, turn your front wheels away from the curb and set the parking brake. If the brakes fail, the vehicle will roll back slightly and the front tire will rest against the curb, helping prevent it from rolling into traffic.",,43,"Chapter 7: Parking, Stopping, or Standing"
4,"Parking, Stopping, or Standing","When parking uphill with a curb, what should you do?","a: Keep front wheels straight and set the brake.,b: Turn front wheels away from the curb.,c: Turn front wheels toward the curb.",b,"When parking uphill with a curb, turn your front wheels away from the curb and let the vehicle roll back slightly until the tire gently touches the curb. This way, if your brakes fail, the curb will stop the car from rolling into traffic.",,43,"Chapter 7: Parking, Stopping, or Standing"
4,"Parking, Stopping, or Standing",You should not park within ____ of an intersection.,"a: 20 feet, b: 30 feet, c: 35 feet",a,"Many states prohibit parking within 20 feet of a crosswalk at an intersection to keep sight lines clear for drivers and pedestrians. However, specific distances can vary by state law, so always check your local driver handbook for the exact requirement where you are driving.",difficult,42,"Chapter 7: Parking, Stopping, or Standing"
5,Speed and Speed Limits,Drive below the posted speed limit when:,"a: Conditions are less than ideal, b: You see a police car, c: Entering a highway with other cars",a,"The posted speed limit applies only when conditions are ideal. In rain, fog, heavy traffic, or other poor conditions, you must slow down below the posted limit so you can stop safely and maintain control of your vehicle.",,46,Chapter 8: Speed and Speed Limits
5,Speed and Speed Limits,You must not drive faster than:,"a: The maximum speed limit, b: A speed that’s reasonable and prudent, c: A speed safe for conditions, d: All of the above",d,"You must always obey the posted speed limit, but you also must slow down further whenever conditions like rain, fog, traffic, or road work make the posted limit unsafe. The correct speed is the lower of: the posted limit, a speed that is reasonable and prudent, and a speed that is safe for current conditions.",difficult,46,Chapter 8: Speed and Speed Limits
5,Speed and Speed Limits,What should you do when driving in bad weather?,"a: Speed up to reach your destination faster., b: Reduce your following distance., c: Increase your following distance.",c,"In bad weather, roads can become slippery and it takes longer to stop. You should slow down and increase your following distance so you have more space and time to react if the vehicle ahead brakes or loses control. Reducing your following distance in bad weather is dangerous because it leaves you less room to stop safely.",,45,Chapter 8: Speed and Speed Limits
5,Speed and Speed Limits,What’s the safest way to drive in traffic?,"a: Vary your speed to stay alert., b: Drive faster than traffic flow., c: Drive with the flow of traffic within the speed limit.",c,"The safest practice is to move with the flow of traffic while staying at or below the posted speed limit. Large speed differences between you and surrounding traffic increase the risk of crashes because other drivers may not anticipate your speed. Never exceed the speed limit, even if other traffic is going faster.",,46,Chapter 8: Speed and Speed Limits
5,Speed and Speed Limits,What technique helps avoid crashes in icy or snowy conditions?,"a: Add weight for better traction.,b: Exit highways quickly.,c: Reduce speed and increase following distance.",c,"On icy or snowy roads, traction is greatly reduced, so you must drive more slowly and leave much more space between your vehicle and the one ahead. Reducing speed gives you more time to react, and increasing following distance allows for the much longer stopping distances needed on slick surfaces.",,46,Chapter 8: Speed and Speed Limits
5,Speed and Speed Limits,"A “Reduced speed, 35 mph” sign means:","a: The 35 mph limit starts at the sign, b: The limit starts at the next speed sign, c: You have time to slow down later",a,"A “Reduced speed, 35 mph” sign means the new speed limit begins at the sign. You must be at or below 35 mph when you reach the sign, not some distance after it. Use the distance before the sign to slow down so you are already at the posted speed when you pass it.",difficult,46,Chapter 8: Speed and Speed Limits
5,Speed and Speed Limits,When should you slow down when exiting a highway?,"a: On the main road before the exit lane.,b: At a toll booth.,c: After entering the exit lane.",c,"On freeways and highways, maintain the main road speed until you are in the exit (deceleration) lane. Once in the exit lane, then slow down to the posted ramp speed. Slowing on the main roadway can surprise drivers behind you and increase the risk of a rear-end collision.",,46,Chapter 8: Speed and Speed Limits
5,Speed and Speed Limits,A driver traveling much slower than the speed limit:,"a: Is always a safe driver, b: Always has the right-of-way, c: Should allow following vehicles to pass",c,"Driving much slower than the normal flow of traffic can be dangerous because it causes other drivers to brake or change lanes suddenly. If you must drive well below the speed limit on a two-lane road, you should safely pull over or use turnouts where available to let faster vehicles pass.",,46,Chapter 8: Speed and Speed Limits
5,Speed and Speed Limits,A speed limit represents:,"a: The maximum or minimum speed you may drive only when conditions are hazardous.,b: The legal maximum (and sometimes minimum) speed for that road under ideal conditions.,c: A suggested speed under ideal conditions.",b,"Posted speed limits are set as the legal maximum (and sometimes minimum) speed for a road under ideal conditions. Drivers must still slow down below that speed when conditions are hazardous, such as in bad weather, heavy traffic, or road work zones. They are not just suggestions; they are enforceable limits.",,46,Chapter 8: Speed and Speed Limits
5,Speed and Speed Limits,Which statement about speed is true?,"a: Driving too slowly can be dangerous.,b: Speeding can be fatal.,c: Speeding is safe for skilled drivers.",a,"Both speeding and driving too slowly can be dangerous. Speeding greatly increases crash severity and stopping distance, but driving much slower than the flow of traffic can also cause sudden braking, tailgating, and risky passing. The statement that speeding is safe for skilled drivers is never true; no level of skill removes the increased risk from excessive speed.",,46,Chapter 8: Speed and Speed Limits
5,Speed and Speed Limits,When is it illegal to drive below the speed limit?,"a: When it disrupts traffic flow.,b: In heavy traffic in construction zones.,c: Only in rural areas.",a,"Driving significantly below the posted or reasonable speed can be illegal when it unnecessarily interferes with the normal and reasonable movement of traffic. If you must drive slowly for safety (bad weather, mechanical problems, etc.), you should use the right lane when possible and allow faster traffic to pass.",,46,Chapter 8: Speed and Speed Limits
5,Speed and Speed Limits,What should you do when it starts to sleet or snow while driving?,"a: Keep windshield and mirrors clear., b: Increase following distance., c: Approach vehicles cautiously., d: All of the above.",d,"When it starts to sleet or snow, you should do all three: keep your windshield and mirrors clear for good visibility, increase your following distance to allow more stopping room on slippery roads, and approach other vehicles cautiously to avoid sudden braking or steering that could cause a skid.",,45,Chapter 8: Speed and Speed Limits
5,Speed and Speed Limits,What should you remember when driving on wet pavement?,"a: Pavement is slickest just after rain starts.,b: Wet roads can cause hydroplaning.,c: Allow extra space when stopping.,d: All of the above.",d,"On wet pavement, the road is often slickest just after the rain starts because oil and residue mix with water, and at higher speeds your tires can hydroplane and lose contact with the road. You should remember all of these hazards and leave extra space for stopping.",,46,Chapter 8: Speed and Speed Limits
5,Speed and Speed Limits,Which statement is true about driving in changing weather?,"a: Sudden weather changes require driving adjustments.,b: Slow down in rain and fog.,c: Be aware of vehicles behind you.",a,"When weather changes suddenly—such as rain, fog, snow, or strong wind—you must adjust how you drive. This usually means reducing speed, increasing following distance, and being more alert to all surrounding traffic, not just vehicles behind you.",,46,Chapter 8: Speed and Speed Limits
5,Speed and Speed Limits,What should you do when driving on slippery roads?,"a: Use alternate routes.,b: Drive as on dry roads.,c: Increase your following distance.",c,"On slippery roads, your tires have less grip, so it takes longer to stop. Increasing your following distance gives you more time and space to brake gently and avoid skidding if the vehicle ahead slows or stops suddenly.",,45,Chapter 8: Speed and Speed Limits
5,Speed and Speed Limits,What’s the minimum following distance when driving over 30 mph?,"a: One second.,b: Two seconds.,c: Three seconds.",c,"Use the three‑second rule as a minimum following distance in good conditions. Pick a fixed object ahead; when the vehicle in front passes it, you should be able to count at least three seconds before you reach the same point. Increase this distance in bad weather, at higher speeds, or when visibility is poor.",,45,Chapter 8: Speed and Speed Limits
5,Speed and Speed Limits,"As you approach an intersection and the light turns from green to yellow, you should:","a: Accelerate to beat the red light, b: Brake sharply to stop, c: Slow down and prepare to stop unless already in the intersection",c,"A steady yellow light warns that the signal is about to turn red. You should slow down and prepare to stop before the intersection. If you are already in the intersection or too close to stop safely when the light turns yellow, continue through with caution instead of braking hard.",,46,Chapter 8: Speed and Speed Limits
5,Speed and Speed Limits,A fully loaded tractor-trailer traveling at 55 mph may need up to ____ to stop completely.,"a: 50 feet, b: 125 feet, c: 400 feet",c,Large trucks need much more distance to stop than passenger cars because of their weight and momentum. A fully loaded tractor‑trailer traveling at about 55 mph can need roughly 400 feet or more to come to a complete stop under good conditions.,,45,Chapter 8: Speed and Speed Limits
5,Speed and Speed Limits,"What does a “Reduced speed, 35 mph” sign mean?","a: The 35 mph limit starts at the sign.,b: The limit starts at the next sign.,c: You have time to slow down later.",a,A sign that says “Reduced speed 35 mph” with the 35 inside a speed‑limit style sign means the new 35 mph limit begins at that sign. You are expected to have slowed to that speed by the time you reach the sign and then continue at or below that limit beyond it.,,46,Chapter 8: Speed and Speed Limits
5,Speed and Speed Limits,"To reduce the risk of hydroplaning, you should:","a: Avoid speeding on wet roads, b: Use properly inflated tires, c: Replace worn tires, d: All of the above",d,"Hydroplaning happens when your tires ride on top of water and lose contact with the road. You reduce this risk by slowing down on wet roads, keeping your tires properly inflated, and replacing tires that have worn or shallow tread so they can channel water away effectively.",,45,Chapter 8: Speed and Speed Limits
5,Speed and Speed Limits,What speed must you not exceed?,"a: The maximum speed limit., b: A speed faster than is reasonable and prudent for conditions., c: A speed that is safe for conditions., d: Both a and b.",d,"You must never drive faster than the posted maximum speed limit, and you must also slow down further whenever conditions (traffic, weather, visibility, road surface) require it. The law prohibits exceeding the maximum limit and also prohibits any speed that is not reasonable and prudent for conditions.",difficult,46,Chapter 8: Speed and Speed Limits
5,Speed and Speed Limits,What’s the first response to reduced visibility?,"a: Turn on headlights., b: Reduce speed., c: Turn on wipers.",a,"When visibility is reduced, you should immediately turn on your headlights so you can see and be seen by others. After your lights are on, you should also adjust your speed to match the conditions, but making your vehicle visible is the first priority.",,46,Chapter 8: Speed and Speed Limits
5,Speed and Speed Limits,Fines for traffic violations in construction and maintenance zones are:,"a: Reduced, b: Doubled, c: Eliminated",b,"In many states, fines for moving violations in construction or maintenance zones are doubled when workers and warning signs are present. Higher fines encourage drivers to slow down and pay extra attention to protect road workers.",,46,Chapter 8: Speed and Speed Limits
5,Speed and Speed Limits,What should you do when it starts to rain while driving?,"a: Drive faster than traffic.,b: Drive at the maximum speed limit.,c: Slow down.",c,"When it starts to rain, the road becomes especially slippery as water mixes with oil and dirt. You should slow down, increase following distance, and turn on your headlights so you can see and be seen. If visibility becomes too poor or conditions feel unsafe, pull over to a safe area and wait for conditions to improve.",,45,Chapter 8: Speed and Speed Limits
6,Some Special Driving,To safely drive through a curve:,"a: Slow down entering, speed up exiting, b: Maintain constant speed, c: Speed up entering, slow down exiting",a,"Before entering a curve, reduce your speed so you can stay in your lane and react to hazards. Once you are safely through the sharpest part of the curve and your vehicle is stable, you can gradually accelerate as you exit. Entering too fast makes it easier to lose control or drift out of your lane.",,51,Chapter 9: Some Special Driving Situations
6,Some Special Driving,"At a railroad crossing with no signals or gates, when in a line of traffic:","a: You have priority and don’t need to check for trains, b: You may pass slower vehicles, c: Ensure space to cross fully",c,"At railroad crossings without signals or gates, you must never enter the tracks unless there is enough room on the far side to clear the tracks completely. This prevents you from being trapped on the tracks if traffic stops.",difficult,53,Chapter 9: Some Special Driving Situations
6,Some Special Driving,Which is not a factor in a vehicle’s stopping distance?,"a: Steering ability.,b: Braking distance.,c: Reaction distance.",a,"Total stopping distance is the distance your vehicle travels from the moment you see a hazard until you come to a complete stop. It includes perception distance, reaction distance, and braking distance. Steering ability does not change how far it takes you to stop in a straight line.",,50,Chapter 9: Some Special Driving Situations
6,Some Special Driving,How should you handle turns on slick roads?,"a: Take turns slower than usual., b: Change lanes quickly., c: Accelerate rapidly.",a,"On slick or slippery roads, reduce your speed before entering a turn and take the turn more slowly than usual. Sudden steering, quick lane changes, or rapid acceleration can cause your tires to lose traction and the vehicle to skid.",,49,Chapter 9: Some Special Driving Situations
6,Some Special Driving,'Highway hypnosis' results from which driving condition?,"a: Staring at the road for extended periods, b: Taking frequent breaks, c: Excessive sleep before a trip",a,"Highway hypnosis is a trance-like state that can occur on long, monotonous drives when a driver stares straight ahead for too long without actively scanning. The driver may continue to steer and respond but with reduced awareness and slower reactions, increasing crash risk. Taking breaks and being well-rested help prevent it.",,48,Chapter 9: Some Special Driving Situations
6,Some Special Driving,What increases your vehicle’s stopping distance?,"a: Wet or icy roads.,b: Paved highways.,c: Driving at night.",a,"Wet or icy roads reduce tire traction, so it takes more distance to slow or stop your vehicle. On slippery surfaces you must drive more slowly and leave extra following distance so you can stop safely.",,51,Chapter 9: Some Special Driving Situations
6,Some Special Driving,Driving while distracted by any activity:,"a: Is never hazardous, b: Slows reaction to hazards, c: Causes faster driving",b,"Any distraction, such as using a phone, eating, or adjusting controls, takes attention away from driving and slows your reaction time. When your reactions are delayed, you are less able to respond quickly to sudden hazards, which greatly increases your risk of a crash.",,54,Chapter 9: Some Special Driving Situations
6,Some Special Driving,What’s true about driving on a wet roadway?,"a: Tires are less effective at higher speeds.,b: Good tires negate water’s effects.,c: Deep water is less dangerous.",a,"On wet roads, the faster you drive, the harder it is for your tires to squeeze water out of the way and grip the pavement. At higher speeds your tires can ride up on the water (hydroplaning), greatly reducing steering and braking control.",,49,Chapter 9: Some Special Driving Situations
6,Some Special Driving,What should you be prepared for in a construction zone?,"a: To stop., b: To change lanes., c: For unexpected worker or equipment movement.",c,"Construction zones often have workers and equipment close to moving traffic. You must be prepared for sudden stops, lane shifts, and unexpected movements, and you should slow down and follow all signs and flaggers’ directions.",,53,Chapter 9: Some Special Driving Situations
6,Some Special Driving,A good defensive driver:,"a: Always drives slowly, b: Anticipates other drivers’ actions, c: Maintains a constant speed",b,"A defensive driver constantly scans the road, anticipates what other drivers, pedestrians, and cyclists might do next, and is ready to react early. This is more important than simply driving slowly or keeping the same speed, because conditions and traffic are always changing.",,52,Chapter 9: Some Special Driving Situations
6,Some Special Driving,What should you do if your vehicle’s right wheels leave the pavement?,"a: Stop abruptly.,b: Gradually slow, keep steering straight or parallel to the road, and ease back onto the pavement when safe.,c: Accelerate and steer back quickly.",b,"If your right wheels drop off the pavement, stay calm and avoid jerking the wheel back onto the road. Gradually slow down, keep steering straight or parallel to the roadway, and move fully onto the shoulder if needed. When your speed is under control and the lane is clear, gently steer back onto the pavement to avoid skidding or losing control.",,49,Chapter 9: Some Special Driving Situations
6,Some Special Driving,"If you notice a vehicle defect affecting safety, you should:","a: Correct it as soon as possible, b: Fix it when affordable, c: Drive slower",a,"Any defect that affects the safe operation of your vehicle—such as brakes, tires, lights, or steering—must be corrected as soon as possible. Driving with known safety defects increases your risk of a crash and may be illegal.",,49,Chapter 9: Some Special Driving Situations
6,Some Special Driving,"If the driver ahead is driving with one hand and talking to a passenger, you should:","a: Give them extra space, b: Recognize their inattention reduces safety, c: Avoid mimicking their behavior, d: All of the above",d,"Inattentive or distracted drivers are more likely to make sudden or unsafe moves. When you see a driver using one hand and focusing on a conversation, you should give them extra space, understand that their reduced attention increases risk, and avoid copying their behavior so you can stay fully focused on the road.",,54,Chapter 9: Some Special Driving Situations
6,Some Special Driving,Distracted driving is:,"a: Very rare, b: Extremely dangerous behavior, c: Not a concern",b,"Distracted driving is extremely dangerous because it takes your attention away from the road. Looking at a phone, adjusting controls, eating, or any activity that diverts your focus can greatly increase the risk of a crash.",,54,Chapter 9: Some Special Driving Situations
6,Some Special Driving,What should you do when other drivers are acting aggressively?,"a: Avoid eye contact., b: Avoid provocative gestures., c: Distance yourself from them., d: All of the above",d,"When another driver is aggressive, your goal is to avoid escalating the situation and create space. Do not make eye contact or respond with gestures, and safely slow down, change lanes, or turn off to increase your distance. Using all of these strategies together is the safest response to aggressive driving.",,51,Chapter 9: Some Special Driving Situations
6,Some Special Driving,When should you drive in a reversible lane with a red X signal?,"a: If no oncoming traffic is visible.,b: When passing a vehicle.,c: Never.",c,"A red X over a lane means that lane is closed to traffic in your direction. You must never drive in a lane showing a red X, even if it appears clear, because traffic may be coming from the opposite direction or the lane may be blocked ahead.",,51,Chapter 9: Some Special Driving Situations
6,Some Special Driving,Stopping distance increases when stopping:,"a: On wet or icy roads, b: On paved highways, c: At night",a,"On wet or icy roads your tires have less traction, so it takes much longer to stop. You should slow down and increase your following distance whenever the road surface is slippery.",,49,Chapter 9: Some Special Driving Situations
6,Some Special Driving,To ensure safety when backing your vehicle:,"a: Honk before shifting to reverse, b: Check behind the vehicle before entering, c: Rely on rearview mirrors",b,"Before backing, walk around and check behind your vehicle to be sure there are no children, pedestrians, or obstacles. Then back up slowly while looking over your shoulder and using your mirrors as a supplement, not as your only way of seeing.",,51,Chapter 9: Some Special Driving Situations
6,Some Special Driving,"If an aggressive driver is tailgating you, you should:","a: Move out of their way, b: Stare at them while they pass, c: Speed up as they pass",a,"If an aggressive driver is tailgating you, the safest response is to move out of their way when it is safe to do so. Change lanes or gradually slow so they can pass. Do not stare at them, gesture, or speed up, as that can escalate the situation and increase crash risk.",,51,Chapter 9: Some Special Driving Situations
6,Some Special Driving,What should you do on major highways?,"a: Stay alert., b: Keep your eyes moving., c: Be ready to react to hazards., d: All of the above.",d,"On major highways you must do all three: stay alert, keep your eyes moving, and be ready to react to hazards. Good highway driving means constantly scanning ahead, to the sides, and behind you, rather than staring at one spot. This helps you spot problems early and gives you more time and space to react safely.",,51,Chapter 9: Some Special Driving Situations
6,Some Special Driving,What should you do when meeting a car with blinding headlights?,"a: Use your high beams until they dim theirs.,b: Briefly flash your headlights and look toward the right edge of your lane.,c: Dim your lights and speed up to pass.",b,"When an oncoming driver’s high beams are blinding you, you should dim your own lights and avoid looking directly at the glare by glancing toward the right edge of your lane. You may briefly flash your headlights once to remind the other driver to dim theirs, but never use your high beams continuously or speed up.",,51,Chapter 9: Some Special Driving Situations
6,Some Special Driving,What should you do when encountering a warning sign?,"a: Stay aware of surroundings and adjust driving as needed.,b: Ignore the sign if traffic is light.,c: Always reduce speed to 10 mph below the limit.",a,"Warning signs alert you to conditions ahead such as curves, intersections, or changes in road surface. When you see a warning sign, you should increase your awareness, scan for hazards, and adjust your driving—often including slowing down—based on what the sign is warning about and the actual conditions.",,48,Chapter 9: Some Special Driving Situations
6,Some Special Driving,What should you use when driving in fog?,"a: Parking lights.,b: Low beam headlights.,c: High beam headlights.",b,"In fog, always use low beam headlights. High beams reflect off the fog and create glare, making it harder to see. Low beams, and if equipped, fog lights, help you see the road and help others see you without blinding them.",,47,Chapter 9: Some Special Driving Situations
6,Some Special Driving,What should you do if your wheels slip off the road’s edge?,"a: Jerk the wheel back onto the pavement.,b: Speed up and steer back gradually.,c: Slow down and ease back onto the pavement.",c,"If your wheels drop off the pavement, stay calm, ease off the gas, and slow down gradually. Keep steering straight, then when your speed is under control and the way is clear, gently steer back onto the pavement. Jerking the wheel or speeding up can cause you to lose control or skid into other lanes.",,49,Chapter 9: Some Special Driving Situations
6,Some Special Driving,What should you do if you notice a vehicle defect affecting safety?,"a: Correct it as soon as possible.,b: Correct it when affordable.,c: Drive slower.",a,"Any defect that affects the safe operation of your vehicle—such as problems with brakes, tires, lights, or steering—should be fixed before driving. Driving with known safety defects increases the risk of a crash and can make you legally responsible if a collision occurs.",,49,Chapter 9: Some Special Driving Situations
6,Some Special Driving,"When driving at night with an oncoming vehicle approaching, your headlights should be:","a: On high beam, b: On low beam, c: Off, using parking lights",b,Use low-beam headlights when an oncoming vehicle is within about 500 feet so you do not blind the other driver. High beams can cause glare and make it harder for both of you to see the road safely.,,47,Chapter 9: Some Special Driving Situations
6,Some Special Driving,"If another driver cuts you off in traffic, you should:","a: Pull beside them and yell, b: Let it go, c: Flash your high beams",b,"Ignoring a driver who cuts you off avoids road rage and maintains safety, preventing dangerous escalations.",,51,Chapter 9: Some Special Driving Situations
6,Some Special Driving,What is a blind spot in driving?,"a: An area you can’t see without moving your head.,b: Directly behind your vehicle.,c: Visible in your rearview mirror.",a,"A blind spot is any area around your vehicle that you cannot see using your mirrors alone. To check blind spots, you must briefly turn your head and look over your shoulder, especially to the sides and slightly to the rear, before changing lanes or merging.",,51,Chapter 9: Some Special Driving Situations
6,Some Special Driving,What should you do if your accelerator sticks open while driving?,"a: Shift to neutral and brake steadily.,b: Slam on your brakes.,c: Turn on your four-way flashers.",a,"If the accelerator sticks, keep your eyes on the road, shift to neutral, and apply steady, firm braking while steering to a safe place off the roadway. Once you are safely off the road and stopped, then turn off the ignition. Do not turn the key to the lock position while moving, because you could lose power steering and power brakes.",,49,Chapter 9: Some Special Driving Situations
6,Some Special Driving,Drowsy drivers:,"a: Should drink coffee to stay awake, b: May drive as poorly as drunk drivers, c: Can stay alert with open windows and loud radio",b,"Drowsy driving slows your reaction time, reduces your awareness, and affects your judgment in ways similar to alcohol. Coffee, loud music, or opening windows may briefly make you feel more awake, but they do not restore full alertness. The only safe solution for serious drowsiness is to rest or change drivers.",,54,Chapter 9: Some Special Driving Situations
6,Some Special Driving,What should you do when borrowing an unfamiliar vehicle?,"a: Assume all vehicles are similar., b: Hide your unfamiliarity., c: Check the vehicle and familiarize yourself with its controls before driving.",c,"When you drive a vehicle that is new to you, you should first locate and understand the controls such as lights, wipers, turn signals, gear selector, and emergency brake. You should also check for obvious defects like bad tires, nonworking lights, or dirty windows. Knowing how everything works and ensuring the vehicle is in safe condition helps you respond quickly and avoid crashes.",,51,Chapter 9: Some Special Driving Situations
6,Some Special Driving,Regarding seat belts and child restraints:,"a: Never place infants in front with airbags, b: Airbags can harm infants in low-speed crashes, c: All passengers must use seat belts or restraints, d: All of the above",d,"Infants must never be placed in the front seat with an active airbag because the force of an airbag can seriously injure or kill a child, even in a low-speed crash. All occupants, including children and adults, must use proper seat belts or child safety restraints as required by law to reduce the risk of injury.",,53,Chapter 9: Some Special Driving Situations
6,Some Special Driving,"If an officer is directing traffic at a functioning traffic light, drivers should:","a: Follow the traffic light, b: Follow the officer’s directions, c: Honk at the officer",b,"When a police officer or other authorized person is directing traffic, their hand signals and directions override traffic lights and signs. You must follow the officer’s instructions, even if they conflict with the signal, to keep traffic moving safely.",,53,Chapter 9: Some Special Driving Situations
6,Some Special Driving,"If an aggressive driver cuts you off, you should:","a: Call the police immediately, b: Stay calm and move out of their way, c: Flash your lights to signal their error",b,"When another driver is aggressive or cuts you off, focus on safety, not retaliation. Stay calm, give them space, and move out of their way when you can. Avoid eye contact, gestures, or actions that could escalate the situation.",,51,Chapter 9: Some Special Driving Situations
6,Some Special Driving,"If an oncoming vehicle with high beams approaches, you should look toward:","a: Either side of the road, b: The center of the road, c: The right side of the road",c,"If an oncoming vehicle’s high beams are shining in your eyes, look toward the right side of your lane, using the right edge of the road or the right lane line as a guide. This reduces glare and helps you maintain your lane position until the vehicle passes.",,50,Chapter 9: Some Special Driving Situations
6,Some Special Driving,Which devices are prohibited on motor vehicles?,"a: Red flashing lights, b: Radar interference devices, c: Muffler cutouts, d: All of the above",d,"Private vehicles may not use red flashing lights, because those are reserved for emergency and certain authorized vehicles. Radar interference devices (radar jammers) are illegal because they interfere with police speed‑enforcement equipment. Muffler cutouts are prohibited because they bypass the muffler, creating excessive noise and violating equipment and noise laws.",,53,Chapter 9: Some Special Driving Situations
6,Some Special Driving,Your blind spot is the area of the road:,"a: You cannot see without moving your head, b: Directly behind your vehicle, c: Seen in your rearview mirror",a,"Blind spots are areas you cannot see in your mirrors and must turn your head to check. Even with properly adjusted mirrors, there are zones to the sides and slightly behind your vehicle that require a head check before changing lanes or merging.",,51,Chapter 9: Some Special Driving Situations
6,Some Special Driving,What should small vehicle drivers expect when passing a large vehicle?,"a: Loud noises.,b: Air pollution.,c: Wind gusts from the large vehicle.",c,"When passing a large truck or bus, expect strong wind gusts and air turbulence. These forces can push or pull a smaller vehicle sideways, so keep a firm grip on the steering wheel and be prepared to make small steering corrections while passing.",,51,Chapter 9: Some Special Driving Situations
6,Some Special Driving,What should you do on slippery roads?,"a: Drive at the maximum speed limit.,b: Use cruise control for steady speed.,c: Avoid sudden speed or direction changes.",c,"On slippery roads, you should slow down and make all changes in speed or direction gradually. Sudden braking, accelerating, or steering can cause your tires to lose grip and the vehicle to skid. Avoid cruise control so you can respond quickly to changing traction.",,49,Chapter 9: Some Special Driving Situations
6,Some Special Driving,What should concern you most about a low shoulder sign?,"a: Misaligned headlights due to uneven car height.,b: Tire damage or loss of control from drifting onto the shoulder.,c: Hydroplaning if the shoulder is wet.",b,"A LOW SHOULDER sign warns that the edge of the pavement is lower than the adjacent ground, creating a drop‑off. If your tire drifts off the pavement, the height difference can pull the vehicle, damage a tire or wheel, and make it harder to steer back onto the road safely. The main concern is loss of control or damage when a wheel leaves the pavement, not hydroplaning.",,49,Chapter 9: Some Special Driving Situations
6,Some Special Driving,Which offense causes automatic license suspension?,"a: Racing on a public road, b: Graffiti, c: Lending a license to another, d: Racing on a public road and lending a license to another",a,"Racing on a public road is widely treated as a serious offense and commonly results in automatic license suspension because it greatly endangers others. Graffiti and lending a license can be illegal, but they do not automatically trigger license suspension in all states the way racing or reckless driving often does.",,54,Chapter 9: Some Special Driving Situations
6,Some Special Driving,Defensive driving means:,"a: Driving aggressively.,b: Using safe strategies to avoid crashes.,c: Being more hazardous than non-defensive driving.",b,"Defensive driving means using safe, proactive strategies—such as scanning ahead, keeping space around your vehicle, and anticipating other drivers’ mistakes—to reduce the risk of crashes, even when conditions or other drivers are not ideal.",,50,Chapter 9: Some Special Driving Situations
6,Some Special Driving,"If a flagger is directing traffic in a construction zone, you must:","a: Follow the flagger’s directions, b: Follow surrounding traffic despite the flagger, c: Assume the flagger shouldn’t direct traffic",a,"Flaggers in construction or work zones are authorized to control traffic and can override normal traffic signals and signs. You must slow down, be prepared to stop, and follow the flagger’s hand signals and signs to protect both workers and drivers.",,48,Chapter 9: Some Special Driving Situations
6,Some Special Driving,What should you do when driving on an interstate?,"a: Stop on the shoulder if tired.,b: Always use cruise control.,c: Signal and check mirrors and blind spots before changing lanes.",c,"On interstates, you must always signal and check mirrors and blind spots before changing lanes. Cruise control is optional and not always safe (e.g., in heavy traffic or bad weather), and you should only stop on the shoulder for emergencies, not just because you feel a little tired.",,52,Chapter 9: Some Special Driving Situations
6,Some Special Driving,What should you do when nearing an accident scene?,"a: Focus on driving.,b: Keep moving.,c: Stop if involved or help is needed.",c,"If you come upon an accident, you should only stop if you are directly involved or if emergency help has not yet arrived and your assistance is needed. Otherwise, continue driving carefully so you do not block traffic or interfere with emergency responders.",,54,Chapter 9: Some Special Driving Situations
6,Some Special Driving,What should you do when encountering an aggressive driver?,"a: Avoid eye contact and let them pass.,b: Cut them off to slow them down.,c: Tailgate them in retaliation.",a,"If you encounter an aggressive driver, stay calm, do not make eye contact or respond with gestures, and safely let them pass. Creating distance between your vehicle and the aggressive driver reduces the chance of a crash or confrontation.",,51,Chapter 9: Some Special Driving Situations
6,Some Special Driving,When seeing angry drivers around you:,"a: Avoid eye contact, b: Avoid provocative gestures, c: Distance yourself from them, d: All of the above",d,Avoiding eye contact and gestures and creating distance from angry drivers helps prevent road rage from escalating. Staying calm and not engaging gives you more time and space to react safely if the other driver behaves unpredictably.,,51,Chapter 9: Some Special Driving Situations
6,Some Special Driving,Which must you obey above all others?,"a: A steady red light, b: A police officer, c: A stop sign",b,"You must always obey a police officer’s directions, even if they conflict with traffic lights or signs. Officers can override normal traffic controls to manage emergencies, collisions, or special situations, and their instructions take priority for safety.",,48,Chapter 9: Some Special Driving Situations
6,Some Special Driving,What should you know about sharing the road with trucks?,"a: Trucks need longer stopping distances.,b: Trucks pass faster on downgrades.,c: Trucks have a smaller turning radius.",a,Large trucks are much heavier than passenger cars and need a longer distance to stop. Leave extra following distance and avoid cutting in front of trucks so they have enough space to brake safely.,,51,Chapter 9: Some Special Driving Situations
6,Some Special Driving,What’s the minimum following distance when driving under 30 mph?,"a: One second.,b: Two seconds.,c: Three seconds.",b,"A two‑second following distance at speeds under about 30 mph is a widely taught minimum. It gives you basic time to see a problem and begin braking. In bad weather, heavy traffic, or at higher speeds, you should increase this to three or more seconds for extra safety.",,47,Chapter 9: Some Special Driving Situations
6,Some Special Driving,"If another vehicle risks hitting you, you should:","a: Sound your horn, b: Wave your arms, c: Use your emergency lights",a,"If another vehicle may hit you, use your horn to warn the other driver and draw attention to your vehicle. A quick, loud horn signal is the standard way to alert others to prevent a collision.",,51,Chapter 9: Some Special Driving Situations
6,Some Special Driving,What should you do when passing a recently parked vehicle?,"a: Assume the driver may open the door.,b: Speed up.,c: Brake hard.",a,"When passing a recently parked or stopped vehicle, you should assume someone might open a door or pull out suddenly. Slow slightly if needed, leave extra space, and be prepared to brake or steer smoothly to avoid a door or sudden movement into your path.",,51,Chapter 9: Some Special Driving Situations
6,Some Special Driving,What should you know when approaching a heavy truck from behind on a hill?,"a: The truck may be slower than the speed limit., b: You can always safely pass it., c: You can always legally pass it.",a,"Heavy trucks often slow down on hills because of their weight and engine limits, so they may travel below the speed limit on upgrades. When approaching a truck from behind on a hill, expect it to be slower, allow extra following distance, and only pass if it is legal and you have clear visibility and enough space to complete the pass safely.",,51,Chapter 9: Some Special Driving Situations
6,Some Special Driving,"When approaching a heavy truck from behind on a hill, you should know:","a: The truck may be slower than the speed limit, b: You may not safely pass, c: Passing is illegal, d: All of the above",b,"When you approach a heavy truck from behind on a hill, you must assume that passing may not be safe. Trucks often move slowly uphill, and hills limit your ability to see oncoming traffic, making passing risky. Passing is not automatically illegal, but it is frequently unsafe or prohibited where visibility is limited.",,51,Chapter 9: Some Special Driving Situations
6,Some Special Driving,Defensive driving involves:,"a: Identifying and avoiding dangerous situations, b: Getting ahead of poor drivers, c: Following closely behind other vehicles",a,"Defensive driving means staying alert, anticipating potential hazards, and adjusting your driving early to avoid collisions. This includes keeping safe following distances, watching for mistakes by other drivers, and having an escape plan.",,54,Chapter 9: Some Special Driving Situations
6,Some Special Driving,What should you do if your tire blows out while driving?,"a: Slam on brakes.,b: Hold the wheel tightly and slow to a stop.,c: Keep driving normally.",b,"When a tire blows out, hold the steering wheel firmly to keep control, ease your foot off the accelerator, and let the vehicle slow down gradually. Once you have slowed and are in control, gently brake and steer to a safe place off the road. Slamming on the brakes can cause you to lose control, especially at higher speeds.",,49,Chapter 9: Some Special Driving Situations
6,Some Special Driving,A space cushion around your vehicle is important because it:,"a: Prevents distractions from other vehicles, b: Gives you time to react to sudden situations, c: Maintains safe traffic flow",b,"Keeping a space cushion in front, behind, and to the sides of your vehicle gives you room and time to brake, change lanes, or steer away from sudden hazards. Extra space reduces the chance of rear-end collisions and allows smoother, safer driving decisions.",,49,Chapter 9: Some Special Driving Situations
6,Some Special Driving,What should you do when driving in rain?,"a: Use low beam headlights.,b: Use high beam headlights.,c: Use parking lights.",a,"In rain, you should turn on your low beam headlights so you can see the road and so other drivers can see you. High beams reflect off rain and can cause glare, making it harder to see. Parking lights alone are not sufficient and are generally illegal to use as a substitute for headlights in poor visibility.",,47,Chapter 9: Some Special Driving Situations
6,Some Special Driving,"When approaching a railroad crossing without signals or gates, you should:","a: Cross quickly, b: Always stop, c: Yield to any train",c,"At a railroad crossing without lights or gates, you must slow down, look, and listen for trains and be prepared to stop. Trains always have the right of way, so you must yield to any approaching train and only cross when you are sure it is safe and the tracks are clear.",difficult,53,Chapter 9: Some Special Driving Situations
6,Some Special Driving,What should you do when a driver behind you wants to pass?,"a: Speed up., b: Maintain a steady speed., c: Slow slightly to allow more room to pass safely.",c,"When another driver wants to pass you, you should help them do it safely. Maintain a steady speed or slightly slow down to create more space in front of you so the passing driver has enough room to move back into the lane without cutting too closely in front of you.",,51,Chapter 9: Some Special Driving Situations
6,Some Special Driving,Which is not a factor in stopping distance?,"a: Steering ability, b: Braking distance, c: Reaction distance",a,"Total stopping distance is made up of perception distance (seeing the hazard), reaction distance (moving your foot to the brake), and braking distance (the car slowing to a stop). Steering ability does not change how far the vehicle travels before it stops.",,49,Chapter 9: Some Special Driving Situations
6,Some Special Driving,On a wet roadway:,"a: Faster driving reduces tire effectiveness, b: Water doesn’t affect good tires, c: Deep water is less dangerous than shallow",a,"On a wet roadway, increasing speed makes it easier for your tires to lose contact with the road surface. This loss of traction, called hydroplaning, can cause you to lose steering and braking control, so you should slow down when the road is wet.",,49,Chapter 9: Some Special Driving Situations
6,Some Special Driving,"If a tire blows out while driving, you should:","a: Brake hard immediately, b: Steer straight and slow gradually, c: Maintain speed and steer straight",b,"If a tire blows out, hold the steering wheel firmly, keep the vehicle going straight, and ease off the accelerator. Let the car slow down gradually, then apply the brakes gently once you have control and can pull off the road safely. Hard braking or sudden steering can cause you to lose control.",,49,Chapter 9: Some Special Driving Situations
6,Some Special Driving,Your first response to reduced visibility should be:,"a: Turning on headlights, b: Reducing speed, c: Turning on windshield wipers",b,"Reducing speed is the safest first reaction when visibility drops (fog, heavy rain, snow, smoke, glare). Slowing down gives you more time to see hazards and stop safely. After slowing, you should also use headlights and wipers as needed, but speed reduction is the primary immediate response.",,47,Chapter 9: Some Special Driving Situations
6,Some Special Driving,"At dusk or on cloudy days, you should:","a: Use four-way flashers.,b: Use parking lights.,c: Turn on your headlights.",c,"Headlights should be turned on at dusk, in rain, fog, or on cloudy days so that you can see and be seen. Use low beams when other vehicles are nearby to avoid blinding other drivers.",,47,Chapter 9: Some Special Driving Situations
6,Some Special Driving,"As your speed increases, your field of vision:","a: Expands, b: Narrows, c: Remains unchanged",b,"As speed increases, your field of vision narrows, meaning you see less to the sides and focus more straight ahead. This “tunnel vision” effect makes it easier to miss hazards at the edges of the road, so you must scan more actively and adjust your speed to conditions.",,51,Chapter 9: Some Special Driving Situations
6,Some Special Driving,What should you do if your power steering fails while driving?,"a: Honk and turn off the ignition.,b: Turn on hazard lights and continue driving normally.,c: Steer harder, reduce speed, signal or use hazard lights if needed, and pull off to a safe place to stop.",c,"If power steering fails, the vehicle will still steer, but it will take much more effort. Keep a firm grip on the wheel, gradually reduce your speed, signal and turn on your hazard lights if needed, and carefully move to a safe place off the road. Do not turn off the ignition while moving, because that can lock the steering wheel and disable power brakes.",,49,Chapter 9: Some Special Driving Situations
6,Some Special Driving,Drivers should use low beam headlights:,"a: In fog, dust, or rain, b: When closely following another vehicle at night, c: Within 500 feet of an oncoming vehicle at night, d: All of the above",d,"Low beam headlights are safer in fog, dust, and rain because high beams reflect off moisture and reduce visibility. At night, you should use low beams when following another vehicle closely or when an oncoming vehicle is within about 500 feet so you do not blind other drivers.",difficult,47,Chapter 9: Some Special Driving Situations
6,Some Special Driving,"At night, it is most difficult to see:","a: Road signs, b: Pedestrians, c: Other vehicles",b,"Pedestrians are the hardest to see at night because they are smaller, often wear dark clothing, and do not have lights like vehicles or the reflective surfaces that road signs have. Always scan carefully for people walking along the road or crossing, especially in poorly lit areas.",,53,Chapter 9: Some Special Driving Situations
6,Some Special Driving,A seat belt should be adjusted to:,"a: Be loose, b: Fit snugly across your hips and lower abdomen, c: Be hidden under the seat",b,"The lap belt should fit snugly across your hips and low on the abdomen, not across the stomach, and the shoulder belt should cross the chest and shoulder without cutting into the neck. A snug, low fit helps the belt hold your body against the stronger bones of the pelvis in a crash.",,53,Chapter 9: Some Special Driving Situations
6,Some Special Driving,What should you do when approaching a roundabout?,"a: Increase your speed.,b: Maintain your speed.,c: Slow down to a safe speed and be prepared to stop if necessary.",c,"When approaching a roundabout, you should slow down to a safe speed, look for pedestrians and traffic already in the circle, and yield to traffic in the roundabout. You usually do not stop unless traffic conditions require it.",,50,Chapter 9: Some Special Driving Situations
6,Some Special Driving,What’s the first thing to adjust when preparing to drive?,"a: Your seat belt.,b: Your seat.,c: Your rearview mirror.",b,"When preparing to drive, adjust your seat first so you can reach the pedals and controls comfortably and see clearly over the dashboard. Next, adjust the steering wheel to a safe, comfortable position, and then set your mirrors. Seat belts are fastened after you are properly seated and adjusted.",,51,Chapter 9: Some Special Driving Situations
6,Some Special Driving,"When driving in sleet or snow, you should:","a: Keep windshield and mirrors clear, b: Increase following distance, c: Approach vehicles cautiously, d: All of the above",d,"In sleet or snow, keep your windshield and mirrors clear for visibility, increase your following distance because stopping takes longer, and approach other vehicles cautiously to avoid skids and collisions.",,47,Chapter 9: Some Special Driving Situations
6,Some Special Driving,What’s a safe way to drive through a curve?,"a: Slow down entering, speed up exiting.,b: Maintain constant speed.,c: Speed up entering, slow down exiting.",a,"Before entering a curve, slow down so you can maintain control and stay in your lane. As you move through and see the road ahead clearly, you can gradually accelerate when exiting the curve if conditions are safe.",,51,Chapter 9: Some Special Driving Situations
6,Some Special Driving,What should you do if your accelerator sticks while driving?,"a: Try to pull it up manually.,b: Shift to park.,c: Shift to neutral and brake steadily.",c,"If the accelerator sticks, shift to neutral to disconnect engine power from the wheels, then apply the brakes steadily and steer to a safe place off the road. Do not turn the ignition off while moving, and do not shift into park until the vehicle is fully stopped.",,49,Chapter 9: Some Special Driving Situations
6,Some Special Driving,At a double railroad crossing:,"a: Proceed after one train passes, b: Always stop before crossing, c: Check for another train after one passes",c,"At a double railroad crossing, one train may hide another coming from the opposite direction or on another track. After the first train passes, wait until you have a clear view of all tracks in both directions and actively look and listen for another train before crossing.",,53,Chapter 9: Some Special Driving Situations
6,Some Special Driving,"To combat 'Highway hypnosis', drivers should:","a: Scan the road actively, b: Stop every 100 miles, c: Limit driving to eight hours daily, d: All of the above",a,"Highway hypnosis is best prevented by staying mentally engaged with the driving task, especially by actively scanning the road ahead, checking mirrors, and looking around for potential hazards. While taking regular breaks and limiting long stretches of driving are good safety habits, there is no fixed legal requirement such as exactly every 100 miles or a maximum of eight hours per day. The key technique is to keep your eyes and mind moving so you do not become drowsy or fall into a trance-like state.",difficult,48,Chapter 9: Some Special Driving Situations
6,Some Special Driving,Car drivers should be aware that large trucks:,"a: Have large blind spots, b: Stop more quickly than cars, c: Need less room to maneuver",a,"Large trucks have big blind spots on all four sides, especially directly behind and along each side. If you cannot see the truck driver’s mirrors, the driver likely cannot see you. Avoid lingering in these blind spots and give trucks extra space to turn and change lanes.",,51,Chapter 9: Some Special Driving Situations
6,Some Special Driving,What might a flag on a bicycle’s rear indicate?,"a: To increase the rider’s visibility to drivers.,b: The rider exceeds the speed limit.,c: The rider may be hearing impaired.",a,"A flag on the rear of a bicycle is generally used to make the rider more visible to drivers, especially when the rider is small or when traffic and parked vehicles might block the view. Regardless of why the flag is there, you should always slow down, give bicyclists plenty of space, and pass only when it is safe. A hearing‑impaired cyclist is more commonly identified by a specific symbol or sign rather than just a flag.",,53,Chapter 9: Some Special Driving Situations
6,Some Special Driving,"If an approaching driver fails to dim their high beams, you should look toward:","a: The wheels of the approaching vehicle, b: The right side of the road, c: The left side of the road",b,"When an oncoming driver does not dim their high beams, looking slightly toward the right edge of your lane helps you avoid being blinded while still keeping track of your lane position. Do not stare into the bright lights, and check the road ahead with quick glances to stay safely centered in your lane.",,51,Chapter 9: Some Special Driving Situations
6,Some Special Driving,Which statement is true?,"a: Sudden weather changes require driving adjustments, b: Slow down in rain and fog, c: Be aware of vehicles behind in bad weather, d: All of the above",d,"In bad weather you must adjust your driving: slow down for reduced visibility and traction, and stay aware of vehicles behind and around you. All of the listed statements are correct, so the best choice is the one that includes all of them.",,54,Chapter 9: Some Special Driving Situations
6,Some Special Driving,How does driving at 60 mph affect your field of vision?,"a: Reduced to about two-thirds of your stationary field of vision., b: Reduced to one-fifth of stationary vision., c: Reduced to three-fifths of stationary vision.",a,"As speed increases, your field of vision narrows, a phenomenon sometimes called ""tunnel vision."" At highway speeds around 55–60 mph, you see much less to the sides than when you are stopped, which makes it easier to miss hazards such as pedestrians, bicyclists, or vehicles entering from side streets. Because of this reduced side vision, you must scan more deliberately and avoid driving faster than conditions safely allow.",difficult,51,Chapter 9: Some Special Driving Situations
6,Some Special Driving,What should drivers consider when near heavy trucks?,"a: Trucks need longer stopping distances.,b: Trucks stop faster than smaller vehicles.,c: Trucks are quieter than smaller vehicles.",a,"Large trucks are heavier and need more distance to stop than smaller vehicles. When driving near trucks, avoid cutting in front of them and leave extra space so they have enough room to slow or stop safely.",,51,Chapter 9: Some Special Driving Situations
6,Some Special Driving,What should your headlights be set to when driving at night with an oncoming vehicle?,"a: High beam.,b: Low beam.,c: Parking lights.",b,Use low beam headlights when an oncoming vehicle is approaching so you do not blind the other driver. High beams can cause glare and make it hard for them to see the road. Switch to low beams whenever you are within about 500 feet of oncoming traffic or when following another vehicle closely.,,47,Chapter 9: Some Special Driving Situations
6,Some Special Driving,"When driving in fog, you should:","a: Drive cautiously at reduced speed, b: Avoid high beam headlights, c: Use low beam headlights, d: All of the above",d,"In fog, visibility is reduced and light reflects off water droplets. You should slow down, use low beam headlights so the light stays on the road, and avoid high beams because they create glare and make it harder to see.",,47,Chapter 9: Some Special Driving Situations
6,Some Special Driving,What lights should you use when driving in fog?,"a: Low beam headlights.,b: High beam headlights.,c: Parking lights.",a,"In fog, use low beam headlights so the light aims down at the road. High beams reflect off the water droplets in the fog and shine back into your eyes, making it harder to see. Parking lights alone are not enough for you to see or be seen.",,47,Chapter 9: Some Special Driving Situations
6,Some Special Driving,Which statement about winter driving is false?,"a: Winter is the most challenging driving season, b: Check antifreeze and washer fluid levels, c: Using cruise control is safe in winter",c,"On snow, ice, or other slippery winter surfaces, you should not use cruise control. Cruise control can cause your wheels to spin or lose traction because it tries to maintain speed even when the road is slick. Winter is indeed one of the most challenging driving seasons, and checking antifreeze and washer fluid is an important safety step.",,49,Chapter 9: Some Special Driving Situations
6,Some Special Driving,What should you do when driving to an unfamiliar area?,"a: Rely on road signs.,b: Plan your trip in advance.,c: Know only the general destination.",b,"Before driving into an unfamiliar area, plan your route in advance using a map, GPS, or directions. This reduces last‑second lane changes, sudden stops, and missed turns, helping you drive more safely and pay better attention to traffic and road conditions.",,54,Chapter 9: Some Special Driving Situations
6,Some Special Driving,What should drivers do with an Anti-Lock Braking System (ABS) when losing traction on a slippery road?,"a: Pump the brakes.,b: Press and hold the brake pedal.,c: Press and hold the gas pedal.",b,"With ABS, you should press the brake pedal firmly and hold it. The system automatically pumps the brakes to help prevent wheel lockup and maintain steering control on slippery surfaces. Do not pump the brakes yourself when your vehicle has ABS.",,49,Chapter 9: Some Special Driving Situations
7,Alcohol and Drug Impact on the Driving Ability,A telltale sign of an intoxicated driver is:,"a: Weaving between lanes, b: Driving slower than traffic flow, c: Making abrupt stops, d: All of the above",d,"Weaving between lanes, driving noticeably slower than the normal flow of traffic, and making abrupt or unnecessary stops are all common signs of an impaired driver. Alcohol and drugs reduce coordination, judgment, and reaction time, which often shows up as poor lane control, inconsistent speed, and sudden, unsafe maneuvers.",,55,Chapter 10: Alcohol and Drug Impact on the Driving Ability
7,Alcohol and Drug Impact on the Driving Ability,"To overcome the effects of alcohol consumption, you need:","a: Tomato juice and lime, b: Hot coffee, c: Time",c,"Only time allows the body to metabolize and eliminate alcohol, restoring normal driving ability.",,55,Chapter 10: Alcohol and Drug Impact on the Driving Ability
7,Alcohol and Drug Impact on the Driving Ability,Your body eliminates approximately:,"a: Three alcoholic drinks per hour, b: One alcoholic drink per hour, c: Two alcoholic drinks per hour",b,"On average, the body can process about one standard drink per hour, though this rate varies with body size, sex, health, and other factors. Because you cannot speed up this process by coffee, cold showers, or exercise, the only safe choice is to give yourself plenty of time or avoid drinking if you plan to drive.",,56,Chapter 10: Alcohol and Drug Impact on the Driving Ability
7,Alcohol and Drug Impact on the Driving Ability,Which medications can affect driving ability?,"a: Any medication, b: Only headache medicine, c: Only diet pills",a,"Many medications—prescription, over‑the‑counter, and even some herbal products—can cause drowsiness, blurred vision, slowed reaction time, or other side effects that make driving unsafe. Always read the label and warnings, and ask your doctor or pharmacist if it is safe to drive when taking any medication.",,55,Chapter 10: Alcohol and Drug Impact on the Driving Ability
7,Alcohol and Drug Impact on the Driving Ability,A driver’s ability to operate a vehicle can be impaired by:,"a: Alcohol, b: Any medication, c: Lack of sleep, d: All of the above",d,"Alcohol slows reaction time and judgment, many medications can cause drowsiness or affect coordination, and lack of sleep leads to fatigue and slower responses. Any of these can seriously impair your ability to drive safely, so you must be cautious with alcohol, read medication labels, and avoid driving when tired.",,55,Chapter 10: Alcohol and Drug Impact on the Driving Ability
7,Alcohol and Drug Impact on the Driving Ability,Alcohol consumption negatively affects:,"a: Judgment, b: Reasoning ability, c: Vision, d: All of the above",d,"Alcohol reduces your ability to judge situations, think clearly, and see hazards. It impairs judgment, slows reasoning and decision‑making, and can blur or narrow your vision, all of which greatly increase crash risk.",,55,Chapter 10: Alcohol and Drug Impact on the Driving Ability
7,Alcohol and Drug Impact on the Driving Ability,Which medications might affect driving ability?,"a: Any medication.,b: Only headache medicine.,c: Only diet pills.",a,"Any medication, including prescriptions, over‑the‑counter drugs, and herbal products, can affect your ability to drive safely. Some may cause drowsiness, blurred vision, or slower reaction time. Always read warning labels and, when in doubt, ask a doctor or pharmacist before driving.",,55,Chapter 10: Alcohol and Drug Impact on the Driving Ability
7,Alcohol and Drug Impact on the Driving Ability,Drivers who consume alcohol before driving:,"a: Are fully aware of risks, b: Lack sufficient control over body and vehicle, c: Are better drivers due to caution",b,"Alcohol slows reaction time, blurs vision, and impairs judgment and coordination. A driver who has been drinking has less control over their body and the vehicle, which greatly increases the risk of a crash.",,55,Chapter 10: Alcohol and Drug Impact on the Driving Ability
7,Alcohol and Drug Impact on the Driving Ability,What’s the only way to lower your blood alcohol concentration (BAC?,"a: Drink coffee.,b: Exercise.,c: Allow time for your body to eliminate alcohol.",c,"Only time allows the body to process and eliminate alcohol, as coffee or exercise cannot reduce BAC or reverse alcohol’s effects.",,55,Chapter 10: Alcohol and Drug Impact on the Driving Ability
7,Alcohol and Drug Impact on the Driving Ability,What helps someone sober up after drinking alcohol?,"a: Only time.,b: A cold shower.,c: Eating food.",a,"Only time can reduce the amount of alcohol in your body. Cold showers, coffee, or food might make you feel more awake, but they do not speed up how fast your body processes alcohol, so you can still be impaired.",,56,Chapter 10: Alcohol and Drug Impact on the Driving Ability
7,Alcohol and Drug Impact on the Driving Ability,How many alcoholic drinks does your body process per hour?,"a: Three drinks.,b: One drink.,c: Two drinks.",b,"On average, the body can process about one standard drink per hour. Drinking faster than this causes alcohol to build up in your system, increasing your blood alcohol concentration and impairment. Individual factors like body size, sex, and food intake can change how impaired you become, but the safe assumption is that alcohol affects you more than you think.",,55,Chapter 10: Alcohol and Drug Impact on the Driving Ability
7,Alcohol and Drug Impact on the Driving Ability,What happens when alcohol is combined with another drug?,"a: The effects of both may be amplified.,b: No effects occur.,c: The effects of both are reduced.",a,"Alcohol and many drugs both affect the brain and nervous system. When taken together, their effects can reinforce each other, causing much greater impairment than either one alone. This can severely reduce judgment, coordination, and reaction time, making driving extremely dangerous.",,55,Chapter 10: Alcohol and Drug Impact on the Driving Ability
7,Alcohol and Drug Impact on the Driving Ability,Can you drink alcohol in a vehicle on a public highway?,"a: If you're not driving.,b: If in the back seat.,c: Laws vary by state; follow your state’s open container rules.",c,"Consuming or possessing alcohol in a vehicle's passenger area on a public highway is illegal, regardless of location or vehicle status.",,56,Chapter 10: Alcohol and Drug Impact on the Driving Ability
7,Alcohol and Drug Impact on the Driving Ability,Alcohol-related crashes account for ____ of fatalities in automotive crashes.,"a: 30 percent, b: About one‑third, c: Nearly one in three",c,"In recent years, alcohol‑impaired driving has been involved in roughly 30 percent of U.S. traffic fatalities. This shows how dangerous driving under the influence is and why you must never drive after drinking.",,55,Chapter 10: Alcohol and Drug Impact on the Driving Ability
7,Alcohol and Drug Impact on the Driving Ability,Which does not happen after drinking alcohol?,"a: Slower reflexes and reaction time.,b: Distorted speed and distance judgment.,c: Increased alertness.",c,"Alcohol slows reflexes, lengthens reaction time, and distorts judgment of speed and distance. It also reduces alertness and concentration. It does not make you more alert; even small amounts of alcohol impair safe driving ability.",,55,Chapter 10: Alcohol and Drug Impact on the Driving Ability
7,Alcohol and Drug Impact on the Driving Ability,"As alcohol accumulates in your blood, it:","a: Slows your reactions, b: Reduces your confidence, c: Metabolizes faster",a,"As alcohol builds up in your bloodstream, it slows your reaction time and impairs judgment. Drivers may feel more confident, but their actual driving ability is reduced, making crashes more likely.",,55,Chapter 10: Alcohol and Drug Impact on the Driving Ability
7,Alcohol and Drug Impact on the Driving Ability,Drinking coffee after consuming alcohol:,"a: Lowers blood alcohol concentration, b: Neutralizes alcohol’s effects, c: Has no effect on blood alcohol concentration",c,Coffee does not reduce BAC or counteract alcohol’s impairing effects; only time allows the body to process alcohol.,,55,Chapter 10: Alcohol and Drug Impact on the Driving Ability
7,Alcohol and Drug Impact on the Driving Ability,Which factors influence alcohol’s effects?,"a: Food in the stomach, b: Body weight, c: Time between drinks, d: All of the above",d,"Food in your stomach slows alcohol absorption, body weight affects how concentrated the alcohol becomes in your blood, and more time between drinks allows your body to process alcohol. All of these factors influence your blood alcohol concentration (BAC) and how impaired you become.",,55,Chapter 10: Alcohol and Drug Impact on the Driving Ability
7,Alcohol and Drug Impact on the Driving Ability,Drinking alcohol and driving is:,"a: A minor safety issue, b: A serious safety issue, c: Safe with minimal drinks",b,"Drinking alcohol and driving is a serious safety issue because alcohol slows reaction time, reduces coordination, and impairs judgment. Even small amounts can affect your ability to drive safely, and driving under the influence greatly increases the risk of crashes, injuries, and death.",,55,Chapter 10: Alcohol and Drug Impact on the Driving Ability
7,Alcohol and Drug Impact on the Driving Ability,"To avoid alcohol-related crash risks, you should:","a: Decide not to drive before drinking, b: Say “No thanks, I’m driving,” c: Call a taxi, d: All of the above",d,"The safest way to avoid alcohol-related crash risk is to separate drinking from driving entirely. Deciding not to drive before drinking, refusing alcohol because you are driving, and using a taxi or other ride service are all effective ways to ensure you do not drive impaired.",,56,Chapter 10: Alcohol and Drug Impact on the Driving Ability
7,Alcohol and Drug Impact on the Driving Ability,When is it legal to have an open alcohol container in a vehicle’s passenger area?,"a: When the vehicle is stopped on a public road.,b: Never in the passenger area on a public road in a standard passenger vehicle.,c: When the vehicle is parked on a public road.",b,"Open‑container laws generally prohibit open alcoholic beverages in the passenger area of a vehicle on a public road, whether the vehicle is moving or stopped. However, many states allow exceptions, such as in the living area of a motorhome, in a limousine or bus where passengers may legally drink, or when the vehicle is on private property. For test purposes, you should know that when you are driving or parked on a public street or highway in a normal passenger vehicle, you may not have an open alcohol container in the passenger area.",,56,Chapter 10: Alcohol and Drug Impact on the Driving Ability
7,Alcohol and Drug Impact on the Driving Ability,You may drink alcohol in a vehicle on a public highway:,"a: If not driving, b: In the back seat, c: In the back of a pick-up truck, d: None of the above — it is always illegal",d,"Consuming or possessing open alcohol containers on public roads is illegal, regardless of location in the vehicle.",,56,Chapter 10: Alcohol and Drug Impact on the Driving Ability
7,Alcohol and Drug Impact on the Driving Ability,Consuming which substances may impair driving and lead to a DUII arrest?,"a: Beer, wine, or liquor, b: Controlled substances like illegal drugs or prescriptions, c: Inhalants like glue or paint, d: All of the above",d,"Alcohol, illegal drugs, some prescription medications, and inhalants can all impair judgment, reaction time, and coordination. Any substance that affects your ability to drive safely can lead to a DUI or similar impaired-driving charge, even if it is a legal medication. You must always be sure you are sober and unimpaired before driving.",,55,Chapter 10: Alcohol and Drug Impact on the Driving Ability
7,Alcohol and Drug Impact on the Driving Ability,Alcohol:,"a: Slows reflexes and reaction time, b: Induces sleep, c: Increases alertness",a,"Alcohol is a depressant that slows your brain and body. It reduces judgment, slows reflexes and reaction time, and makes it harder to control the vehicle safely.",,55,Chapter 10: Alcohol and Drug Impact on the Driving Ability
7,Alcohol and Drug Impact on the Driving Ability,A driver taking a non-prescription medication should:,"a: Check the drug’s label before driving, b: Opt for alcohol instead, c: Drive despite any warning labels",a,"Many over‑the‑counter medicines can cause drowsiness, dizziness, or slowed reaction time. Always read the label for driving or operating‑machinery warnings, and if you are unsure how a medication will affect you, ask a doctor or pharmacist before driving.",,55,Chapter 10: Alcohol and Drug Impact on the Driving Ability
7,Alcohol and Drug Impact on the Driving Ability,Which qualities does alcohol consumption negatively affect?,"a: Judgment.,b: Reasoning ability.,c: Vision.,d: All of the above.",d,"Alcohol quickly affects several mental and physical abilities needed for safe driving, including judgment, reasoning, and vision. Judgment is especially critical because it influences all driving decisions, such as speed choice, following distance, and whether it is safe to pass or turn. Any alcohol in your system can reduce your ability to make safe choices, even before you feel drunk.",,55,Chapter 10: Alcohol and Drug Impact on the Driving Ability
7,Alcohol and Drug Impact on the Driving Ability,How does alcohol affect driving skills and judgment?,"a: Improves driving but impairs judgment.,b: Negatively impacts both driving skills and judgment.,c: Has no effect on driving or judgment.",b,"Alcohol slows reaction time, reduces coordination, and affects vision, all of which harm driving skills. It also impairs judgment, making drivers more likely to take risks and misjudge speed, distance, and traffic situations. Even small amounts of alcohol can negatively affect safe driving.",,55,Chapter 10: Alcohol and Drug Impact on the Driving Ability
7,Alcohol and Drug Impact on the Driving Ability,Alcohol consumption causes:,"a: Reduced concentration, b: Impaired coordination, c: Slower decision-making, d: All of the above",d,"Alcohol affects the brain and nervous system, reducing concentration, slowing thinking and decision-making, and impairing coordination and reaction time. Because it does all of these, any amount of drinking can make driving unsafe.",,56,Chapter 10: Alcohol and Drug Impact on the Driving Ability
7,Alcohol and Drug Impact on the Driving Ability,What happens when alcohol is mixed with prescription or over-the-counter drugs?,"a: The drug reduces alcohol’s effects.,b: Alcohol aids the drug in curing illness.,c: The combination amplifies the effects of both.",c,"Mixing alcohol with prescription or over‑the‑counter medications can greatly increase drowsiness, dizziness, and slowed reaction time. The combination often makes each substance more impairing than it would be alone, which can severely reduce your ability to drive safely even at low doses.",,55,Chapter 10: Alcohol and Drug Impact on the Driving Ability
7,Alcohol and Drug Impact on the Driving Ability,Blood alcohol content (BAC is influenced by all except:,"a: Body weight, b: Amount of alcohol consumed, c: Type of alcoholic beverage",c,"Blood alcohol content (BAC) is affected by how much alcohol you drink, how quickly you drink it (time between drinks), and personal factors like body weight. It is not significantly changed by the type of alcoholic beverage or by physical fitness. Because time between drinks does affect BAC, it is not the correct choice for an exception in this question.",,55,Chapter 10: Alcohol and Drug Impact on the Driving Ability
7,Alcohol and Drug Impact on the Driving Ability,How can you avoid alcohol-related crash risks?,"a: Decide not to drive before drinking., b: Say, 'No thanks, I’m driving.'., c: Call a taxi., d: All of the above.",d,"To avoid alcohol‑related crash risks, plan ahead not to drive if you will be drinking, refuse alcohol if you are the driver, and arrange a safe ride such as a taxi, rideshare, or designated driver. The key is to separate drinking from driving entirely so you are never behind the wheel while impaired.",,55,Chapter 10: Alcohol and Drug Impact on the Driving Ability
8,Motor Vehicle Crashes,Defensive drivers should:,"a: Keep their eyes moving, b: Look for potential trouble spots, c: Have action plans, d: All of the above",d,"Defensive driving means constantly scanning the road, checking mirrors, and watching for changing conditions. Good defensive drivers look ahead for potential hazards and always have a plan for how they will react if something goes wrong, such as another driver stopping suddenly or a pedestrian stepping into the road.",,59,Chapter 11: Motor Vehicle Crashes
8,Motor Vehicle Crashes,What is a 'No zone'?,"a: A no-passing zone.,b: A one-way traffic area.,c: The blind spot of a large vehicle.",c,"A 'No Zone' is the large blind spot around trucks and other large vehicles where the truck driver cannot see you in their mirrors. Staying out of these areas, especially directly behind, beside the cab, and close in front, reduces the risk of a collision.",,59,Chapter 11: Motor Vehicle Crashes
8,Motor Vehicle Crashes,Distracted driving can be caused by:,"a: Eating, drinking, or smoking, b: Talking or texting on a phone, c: Changing a radio station or CD, d: All of the above",d,"Distracted driving is anything that takes your eyes off the road, your hands off the wheel, or your mind off driving. Eating, drinking, or smoking, using a phone to talk or text, and changing the radio or music all reduce your attention and control. Because all of these activities can lead to crashes, you should avoid them or minimize them while driving.",,59,Chapter 11: Motor Vehicle Crashes
8,Motor Vehicle Crashes,"If your vehicle blocks traffic after an accident, you should:","a: Move it off the road if possible, b: Leave it in place, c: Wait for police before moving",a,"If your vehicle is drivable and no one is seriously injured, you should move it out of the traffic lane to the shoulder or a safe area. This helps prevent additional crashes and keeps traffic flowing. Only leave the vehicle where it is if it cannot be moved or moving it would be unsafe.",,59,Chapter 11: Motor Vehicle Crashes
8,Motor Vehicle Crashes,What should you do if someone is injured in an accident you’re involved in?,"a: Move the injured immediately.,b: Leave the injured where they are.,c: Avoid moving the injured unless necessary.",c,"After a crash, avoid moving an injured person unless there is immediate danger (such as fire, risk of explosion, or being struck by traffic). Unnecessary movement can worsen neck, back, or internal injuries. Call emergency services, keep the person warm, and provide basic first aid if you are trained.",,59,Chapter 11: Motor Vehicle Crashes
8,Motor Vehicle Crashes,"If involved in an accident, a driver should:","a: Stop at or near the scene, b: Avoid standing in traffic lanes, c: Turn off the ignition of wrecked vehicles, d: All of the above",d,"After a crash, you must stop at or near the scene, move to a safe location if possible, and never stand in active traffic lanes. Turning off the ignition of wrecked vehicles helps prevent fires and further danger. These steps help protect you, other drivers, and any injured people.",,59,Chapter 11: Motor Vehicle Crashes
8,Motor Vehicle Crashes,What helps conserve gasoline while driving?,"a: Idling in the driveway.,b: Rapid acceleration.,c: Gradual slowing and smooth driving.",c,"To save fuel, drive smoothly: look ahead, ease off the accelerator early, and slow down gradually instead of braking hard at the last moment. Avoid idling and rapid acceleration, both of which waste gasoline.",,59,Chapter 11: Motor Vehicle Crashes
8,Motor Vehicle Crashes,"After an accident, you should:","a: Stop immediately, b: Help the injured, c: Call the police, d: All of the above",d,"After any collision, you must stop at or near the scene, check for injuries and give reasonable assistance without moving injured people unless there is immediate danger, and promptly notify the police as required. Doing all three is both a legal duty and important for safety.",,59,Chapter 11: Motor Vehicle Crashes
8,Motor Vehicle Crashes,"If involved in an accident with an injured person, you should:","a: Move the injured immediately, b: Leave the injured in place, c: Not move the injured unnecessarily, keep them warm, and administer first aid",c,"After a crash, do not move an injured person unless there is immediate danger, such as fire or risk of another collision. Unnecessary movement can worsen neck, back, or internal injuries. Keep the person warm, reassure them, call 911, and give first aid only within your level of training until help arrives.",difficult,59,Chapter 11: Motor Vehicle Crashes
8,Motor Vehicle Crashes,What should you do if you strike an unattended parked vehicle and can’t find the owner?,"a: You’ve done enough.,b: Stay until police arrive.,c: Leave a note with your details.",c,"If you hit a parked vehicle and cannot locate the owner, you must leave a written note in a secure, visible place on the vehicle with your name, address, and contact/accident details, and report the crash as required by law. Simply leaving without this information is considered a hit-and-run.",,59,Chapter 11: Motor Vehicle Crashes
8,Motor Vehicle Crashes,All automotive crashes must be reported within ____ days.,"a: 10, b: 20, c: 30",a,"In Texas, crashes that are not investigated by police and involve no injury or death but cause property damage of $1,000 or more must be reported to TxDOT within 10 days. This is not for every minor fender‑bender, but for crashes meeting that damage threshold when law enforcement does not complete a report.",,59,Chapter 11: Motor Vehicle Crashes
8,Motor Vehicle Crashes,Drivers who eat or drink while driving:,"a: Are more likely to make driving errors., b: Struggle to drive slowly., c: Are better drivers because they're not hungry.",a,"Eating or drinking while driving is a form of distraction. It takes at least one hand off the wheel and diverts your attention from the road, which can lead to slower reaction times, poor lane control, and an increased risk of a crash. Drivers who eat or drink while driving are more likely to make errors, not fewer.",,59,Chapter 11: Motor Vehicle Crashes
8,Motor Vehicle Crashes,What is the most common cause of traffic crashes?,"a: New drivers.,b: Human error.,c: Bad weather.",b,"Most crashes are caused by human error, such as inattention, misjudging gaps, speeding, or failing to yield. Road and weather conditions matter, but driver decisions and mistakes are the leading cause.",,59,Chapter 11: Motor Vehicle Crashes
8,Motor Vehicle Crashes,Common causes of traffic accidents include:,"a: Inattentive driving, b: Excessive speed for conditions, c: Following too closely, d: All of the above",d,Many crashes are caused by driver behavior. Inattentive driving means you may not see hazards in time. Driving too fast for conditions reduces the time and distance you have to react and stop safely. Following too closely (tailgating) leaves almost no space to brake if the vehicle ahead slows or stops suddenly. All of these behaviors significantly increase crash risk.,,59,Chapter 11: Motor Vehicle Crashes
8,Motor Vehicle Crashes,A leaky exhaust system is hazardous because it can cause:,"a: Hearing loss, b: Pollution, c: Carbon monoxide poisoning",c,"A leaky exhaust system can allow carbon monoxide gas to enter the passenger compartment. Carbon monoxide is colorless and odorless and can quickly cause headache, dizziness, confusion, or unconsciousness, which can lead to a crash or even death. Any suspected exhaust leak should be repaired immediately.",,59,Chapter 11: Motor Vehicle Crashes
8,Motor Vehicle Crashes,"If you collide with an unattended vehicle, you should:","a: Continue driving.,b: Locate the owner or leave a note.,c: Avoid contacting your insurance.",b,"If you hit an unattended vehicle, you must stop, try to locate the owner, and if you cannot, leave a clearly written note with your name, contact information, and a brief description of what happened, then report the crash as required by law.",,59,Chapter 11: Motor Vehicle Crashes
8,Motor Vehicle Crashes,An inattentive driver is one who:,"a: Daydreams or stares off the road, b: Talks to a passenger while maintaining eye contact, c: Focuses only on the vehicle ahead, d: All of the above",d,"An inattentive driver is anyone whose mind or eyes are not properly on the driving task. Daydreaming, turning to look at and talk with passengers, or staring only at the vehicle ahead instead of scanning the whole roadway all reduce awareness and increase crash risk.",,59,Chapter 11: Motor Vehicle Crashes
8,Motor Vehicle Crashes,Anything that causes you to ____ can lead to a crash.,"a: Take your eyes off the road, b: Remove your hands from the wheel, c: Divert your attention from driving, d: All of the above",d,"Anything that takes your eyes off the road, your hands off the wheel, or your mind off driving is a distraction and can lead to a crash. Visual, manual, and cognitive distractions all reduce your ability to react to hazards in time.",,59,Chapter 11: Motor Vehicle Crashes
8,Motor Vehicle Crashes,What should you do if you’re involved in an accident?,"a: Stop immediately.,b: Help the injured.,c: Call the police.,d: All of the above.",d,"If you are involved in a crash, you must stop immediately at or near the scene, without blocking traffic more than necessary. Then check for injuries, call 911 or the police, and give help to anyone who is hurt without moving them unless there is immediate danger (such as fire). Exchange information with the other driver and remain at the scene as required by law.",difficult,59,Chapter 11: Motor Vehicle Crashes
8,Motor Vehicle Crashes,"What should you do if the driver ahead is distracted, driving with one hand, and talking to a passenger?","a: Give them extra space., b: Recognize their reduced safety margin., c: Avoid copying their behavior., d: All of the above.",d,"When you see a distracted driver, the safest response is to increase your following distance and give them extra space. A distracted driver is more likely to brake suddenly, drift in their lane, or miss traffic signals. By backing off and not driving right next to them, you give yourself more time to react if they make a mistake. You should also recognize that their crash risk is higher and avoid copying their unsafe behavior.",difficult,59,Chapter 11: Motor Vehicle Crashes
8,Motor Vehicle Crashes,"If you hit an unattended parked vehicle and can’t find the owner, you must:","a: Do nothing further, b: Stay until police arrive, c: Leave a note with your name, address, and accident details",c,"If you hit a parked vehicle and cannot locate the owner, you are legally required to stop and leave a written note in a secure, visible place on the vehicle. The note must include your name, address, and a brief description of what happened. When possible, you should also report the crash according to your state’s reporting rules.",,59,Chapter 11: Motor Vehicle Crashes
8,Motor Vehicle Crashes,A leaking exhaust system can:,"a: Cause excessive oil consumption, b: Require an earlier vehicle tune-up, c: Cause drowsiness while driving",c,"A leaking exhaust system can let carbon monoxide and other fumes enter the passenger compartment. Carbon monoxide is colorless and odorless and can cause headache, dizziness, drowsiness, and even death. If you suspect an exhaust leak, have the vehicle inspected and repaired immediately.",,59,Chapter 11: Motor Vehicle Crashes
8,Motor Vehicle Crashes,The most common cause of traffic crashes is:,"a: New drivers, b: Human error, c: Bad weather",b,"Most traffic crashes are caused by human error, not by road conditions or vehicle failure. Inattention, distraction, speeding, following too closely, and failing to yield are examples of driver mistakes that lead to the majority of collisions.",,59,Chapter 11: Motor Vehicle Crashes
8,Motor Vehicle Crashes,Don’t tailgate other vehicles because:,"a: You may not see the road ahead, b: You may not have time to stop if the vehicle ahead slows suddenly, c: You may miss the vehicle’s turn signals, d: All of the above",d,"Tailgating reduces your view of the road ahead, cuts your reaction time if the vehicle in front slows or stops suddenly, and can make it harder to notice its brake or turn signals. Keeping a safe following distance gives you time and space to react.",,59,Chapter 11: Motor Vehicle Crashes
8,Motor Vehicle Crashes,"If you’re upset after a workplace incident, before driving you should:","a: Play the radio loudly, b: Drive fast to vent, c: Take time to calm down",c,Strong emotions like anger or frustration can distract you and lead to aggressive or unsafe driving. Take time to calm down before driving so you can focus fully on the road and make good decisions.,,59,Chapter 11: Motor Vehicle Crashes
8,Motor Vehicle Crashes,What should you do if involved in a collision?,"a: Move the injured far from the road.,b: Avoid moving the injured unless necessary.,c: Insist the injured are fine without medical help.",b,"After a collision, your first priority is safety. Call emergency services and avoid moving injured people unless there is an immediate danger, such as fire or oncoming traffic. Moving someone with a neck, back, or serious injury can make the injury worse. Keep them still, calm, and warm until help arrives.",,59,Chapter 11: Motor Vehicle Crashes
8,Motor Vehicle Crashes,Which commonly causes traffic accidents?,"a: Inattentive driving.,b: Excessive speed for conditions.,c: Following too closely.,d: All of the above",d,"Inattentive driving, driving too fast for conditions, and following too closely are all major causes of crashes. Any of these can reduce your time and space to react, so they are all common contributors to traffic accidents.",,59,Chapter 11: Motor Vehicle Crashes
8,Motor Vehicle Crashes,What should you provide after an accident?,"a: Insurance and registration details.,b: Your name and address.,c: All required information (name, address, insurance, registration) and reasonable assistance to the injured.",c,"After a crash, you must stop and provide your name, address, and vehicle registration and insurance information to the other parties involved and to police when requested. You are also required to provide reasonable assistance to anyone who is injured, such as calling 911 or helping arrange medical care, as long as it is safe for you to do so.",,59,Chapter 11: Motor Vehicle Crashes
8,Motor Vehicle Crashes,What should you do if your vehicle is blocking traffic after an accident?,"a: Move it off the roadway if possible.,b: Never move it.,c: Wait for police before moving.",a,"After a minor crash, if no one is seriously injured and the vehicles are drivable, you should move your vehicle out of the traffic lane to the shoulder or a safe area. This reduces the risk of another collision. You must stay at the scene, exchange information, and follow any reporting requirements.",,59,Chapter 11: Motor Vehicle Crashes
8,Motor Vehicle Crashes,What should you do if angry from a work incident before driving?,"a: Play the radio loudly.,b: Drive fast to vent.,c: Cool off before driving.",c,"If you are angry or upset, do not start driving until you have calmed down. Strong emotions can reduce your attention, increase risk-taking, and lead to aggressive driving, which greatly increases the chance of a crash.",,59,Chapter 11: Motor Vehicle Crashes
9,Pedestrian Safety,"Before entering a roundabout, you must slow down and yield to:","a: Vehicles in the roundabout, b: Bicyclists in the roundabout, c: Pedestrians in or at crosswalks around the roundabout, d: All of the above",d,"Before entering a roundabout, you must slow down and yield to all traffic already in the circle, including vehicles and bicyclists. You must also yield to pedestrians in crosswalks at the entrances and exits of the roundabout. Yielding to everyone already in or legally crossing near the roundabout prevents conflicts and collisions.",,61,Chapter 12: Pedestrian Safety
9,Pedestrian Safety,"When an emergency vehicle with flashing lights is visible, you must:","a: Slow down and stay in your lane, b: Keep driving in your lane, c: Pull to the right and stop",c,"When an emergency vehicle with flashing lights and/or siren approaches from behind, you must pull as close as safely possible to the right side of the road and stop, remaining stopped until the vehicle has passed, unless directed otherwise by officials.",,61,Chapter 12: Pedestrian Safety
9,Pedestrian Safety,Drivers must yield to a pedestrian:,"a: Whenever they are in a crosswalk or otherwise lawfully in the roadway, b: Only in a marked crosswalk, c: Only if on the same side of the road",a,"You must always use extra care around pedestrians, but you are legally required to yield when they are in a crosswalk or otherwise lawfully in the roadway. Even if a pedestrian is acting unsafely, you must do everything you reasonably can to avoid hitting them, including slowing or stopping.",,61,Chapter 12: Pedestrian Safety
9,Pedestrian Safety,"If pedestrian hybrid beacon lights are off, it means:","a: Proceed with caution, b: Slow down and prepare to stop, c: Stop completely",a,"A pedestrian hybrid beacon (PHB) only controls traffic when it is activated. When the lights are dark (off), drivers should treat the crossing like any other uncontrolled crosswalk: proceed, but do so cautiously and be prepared to yield to pedestrians in or entering the crosswalk.",,61,Chapter 12: Pedestrian Safety
9,Pedestrian Safety,What must you do when making a right turn on a green light?,"a: Maintain normal speed.,b: Stop and check for police.,c: Yield to pedestrians.",c,"Yield to pedestrians in the intersection when making a right turn on a green light, unless prohibited by a sign.",,61,Chapter 12: Pedestrian Safety
9,Pedestrian Safety,A person using a white cane or guide dog is likely:,"a: A deaf individual, b: Conducting a traffic study, c: A blind individual",c,"A white cane or a guide dog identifies a blind or visually impaired pedestrian. You must yield the right‑of‑way, use extra caution, and never honk or block their path, as they rely on sound and touch to navigate safely.",,61,Chapter 12: Pedestrian Safety
9,Pedestrian Safety,What should you do near a blind pedestrian with a white cane or guide dog?,"a: Slow down and be ready to stop.,b: Take the right-of-way.,c: Proceed normally.",a,"When you see a blind pedestrian with a white cane or guide dog, you must slow down, be prepared to stop, and yield the right-of-way. Give them extra time and space to cross safely, and never honk or rev your engine, as this can startle or confuse them.",,61,Chapter 12: Pedestrian Safety
9,Pedestrian Safety,What should you do at an intersection with a green light and pedestrians crossing against the red?,"a: Honk your horn.,b: Speed up to pass the pedestrians.,c: Stop to let pedestrians cross safely.",c,"Even if pedestrians are crossing against the light, you must yield if they are in the intersection. Slow or stop to let them cross safely; do not honk or try to drive around them, as their safety takes priority.",,61,Chapter 12: Pedestrian Safety
9,Pedestrian Safety,"If a crossing guard is directing traffic in a school zone, you must:","a: Follow the guard’s directions, b: Follow surrounding traffic despite the guard, c: Assume the guard shouldn’t direct traffic",a,"Crossing guards in school zones are authorized to control traffic to protect children and pedestrians. You must obey their signals and instructions, even if they differ from traffic lights or what other drivers are doing.",,61,Chapter 12: Pedestrian Safety
9,Pedestrian Safety,"If a pedestrian hybrid beacon flashes yellow, it means:","a: Proceed with caution, b: Slow down and prepare to stop, c: Stop completely",b,"At a pedestrian hybrid beacon, a flashing yellow light tells drivers to slow down and be prepared to stop because the signal is about to change to steady yellow and then red. You do not have to stop yet, but you must be ready to stop for pedestrians when the signal changes.",,61,Chapter 12: Pedestrian Safety
9,Pedestrian Safety,What are a driver’s responsibilities toward pedestrians?,"a: Ensure pedestrians see your vehicle., b: Always yield, even if they’re in the wrong., c: Yield only when pedestrians have the right-of-way.",b,"Drivers must use extreme care around pedestrians and do everything reasonably possible to avoid hitting them, even if the pedestrian is crossing improperly. You are required to yield to pedestrians in crosswalks and when they are legally crossing, but you must also slow, stop, or take evasive action to avoid a collision with any pedestrian in the roadway, regardless of who is legally right or wrong.",,61,Chapter 12: Pedestrian Safety
9,Pedestrian Safety,"When driving near children playing, expect them to:","a: Know when it’s safe to cross, b: Stop at the curb, c: Run into the street without looking",c,"When driving near children, you must assume they may act unpredictably, such as suddenly running into the street without looking. Children often misjudge vehicle speed and distance and may not follow traffic rules, so drivers must slow down, cover the brake, and be prepared to stop quickly.",,61,Chapter 12: Pedestrian Safety
9,Pedestrian Safety,What should you do when you hear a fire engine siren behind you?,"a: Slow down until it passes.,b: Drive with flashers on.,c: Pull over and stop.",c,"When an emergency vehicle using sirens and flashing lights approaches from behind, you must pull over to the right side of the road and stop, if possible. This creates a clear path so the emergency vehicle can pass quickly and safely.",,61,Chapter 12: Pedestrian Safety
9,Pedestrian Safety,What should you do when nearing a stopped school bus with its stop arm extended?,"a: Stop completely and wait to proceed.,b: Honk before passing on the left.,c: Proceed if most children have exited.",a,"When a school bus has its red lights flashing and stop arm extended, you must stop your vehicle and remain stopped until the lights stop flashing and the stop arm is withdrawn. This protects children who may be crossing the road in front of or behind the bus.",,61,Chapter 12: Pedestrian Safety
9,Pedestrian Safety,"As a pedestrian, you should:","a: Always demand the right-of-way in a crosswalk, b: Avoid entering a street when vehicles are approaching, c: Cross at any time since drivers must stop",b,"Pedestrians must not step into the street if vehicles are close enough to be a hazard, even in a crosswalk. You should wait for a safe gap in traffic and cross only when drivers have enough time and distance to stop.",,61,Chapter 12: Pedestrian Safety
9,Pedestrian Safety,"When hearing a fire engine siren behind you, you must:","a: Slow down until it passes, b: Drive with flashers on, c: Pull over and stop",c,"When you hear or see an emergency vehicle using a siren and flashing lights, you must pull over to the right side of the road and stop, if possible, until it has passed. This creates a clear path so the emergency vehicle can move quickly and safely to its destination.",,61,Chapter 12: Pedestrian Safety
9,Pedestrian Safety,"When a pedestrian begins crossing in front of your vehicle, you should:","a: Flash your lights, b: Reduce speed, c: Accelerate to pass ahead of the pedestrian",b,"When a pedestrian begins crossing in front of you, you must slow down and be prepared to stop. Pedestrians in or entering a crosswalk have the right‑of‑way in most situations, and your job is to protect them by reducing speed early and stopping if needed.",,61,Chapter 12: Pedestrian Safety
9,Pedestrian Safety,After stopping for a school bus unloading children:,"a: Wait for children to wave, b: Watch for children along the road, c: Accelerate quickly",b,"After stopping for a school bus with flashing red lights and an extended stop arm, remain stopped until the signals are turned off. When you are allowed to proceed, drive slowly and watch carefully for children walking along the road, crossing unexpectedly, or running to or from the bus.",,61,Chapter 12: Pedestrian Safety
9,Pedestrian Safety,Who must yield when a pedestrian is crossing without a traffic light?,"a: Whoever started moving last.,b: The driver must yield to the pedestrian.,c: Whoever is slower.",b,"Drivers must yield to pedestrians in crosswalks and at intersections, even when there is no traffic light. You must slow down or stop if needed so a pedestrian can cross safely, whether the crosswalk is marked or unmarked.",,61,Chapter 12: Pedestrian Safety
9,Pedestrian Safety,"At a school crossing sign, you should:","a: Always stop regardless of a stop sign, b: Watch for children and be ready to stop, c: Proceed without caution",b,"At a school crossing sign, slow down, watch carefully for children, and be prepared to stop. Children may enter the road unexpectedly, so you must be extra alert and ready to yield to them in the crosswalk.",,61,Chapter 12: Pedestrian Safety
9,Pedestrian Safety,Who must yield when a driver is turning and a pedestrian is crossing without a traffic light?,"a: The last to move, b: The driver, c: The slower party",b,"When turning, drivers must yield to pedestrians who are lawfully crossing the street, even if there is no traffic light. Pedestrians in the crosswalk have the right‑of‑way, and the driver must wait until they have safely crossed before completing the turn.",,61,Chapter 12: Pedestrian Safety
10,Bicycle Laws and Safety,"When stopping behind a motorcycle at an intersection, maintain a distance of at least:","a: One vehicle length, b: Three vehicle lengths, c: Two feet",a,"When stopping behind a motorcycle, leave at least a full vehicle length of space. Motorcycles can stop very quickly, and extra space helps prevent you from hitting the motorcycle if it brakes suddenly or if your vehicle is pushed forward in a rear-end collision.",,62,Chapter 13: Bicycle Laws and Safety
10,Bicycle Laws and Safety,What ensures safety when backing a vehicle?,"a: Honk before shifting to reverse.,b: Check behind the vehicle before entering.,c: Check rearview mirrors.",b,"Before backing, walk behind your vehicle and look for children, pedestrians, or objects that may be in your path. Mirrors and cameras have blind spots, so checking behind the vehicle before you get in is the safest practice.",,62,Chapter 13: Bicycle Laws and Safety
10,Bicycle Laws and Safety,What’s the safest way to pass a bicyclist on a two-lane road without bike lanes?,"a: Slow down, wait for a safe gap, and pass with at least 3 feet of space., b: Continue straight, expecting the bicyclist to move., c: Wait for a traffic signal or stop sign before passing.",a,"On a two‑lane road without bike lanes, slow down, wait until the opposing lane is clear, and then pass the bicyclist while leaving at least 3 feet of clearance (or more if possible). Never expect the bicyclist to move out of your way, and you do not need to wait for a signal or stop sign—just for a safe gap in oncoming traffic.",difficult,62,Chapter 13: Bicycle Laws and Safety
10,Bicycle Laws and Safety,What should you do while backing a vehicle?,"a: Rely only on mirrors.,b: Flash your lights.,c: Look through the rear window.",c,"When backing, turn your head and look directly through the rear window so you can clearly see behind your vehicle. Mirrors alone can leave blind spots where children, pedestrians, or small objects may be hidden, so you should use them only to supplement a direct look to the rear.",,62,Chapter 13: Bicycle Laws and Safety
10,Bicycle Laws and Safety,What should you do before backing out of a driveway with children nearby?,"a: Rev your engine to warn nearby children.,b: Sound your horn briefly and back up without checking.,c: Walk behind your vehicle and carefully check the area before backing out.",c,"Before backing out of a driveway, especially where children may be present, you must check the area behind your vehicle. Walk behind the car and look carefully for children, pets, or objects that may be in your blind spots. Then back up slowly, continuing to check mirrors and over your shoulder.",,62,Chapter 13: Bicycle Laws and Safety
10,Bicycle Laws and Safety,Bicycles on the road:,"a: Must always yield to vehicles, b: Have no specific road rules, c: Are vehicles with equal rights and responsibilities",c,"Bicycles are generally treated as vehicles on the roadway. Cyclists must obey most of the same traffic laws as drivers, and they are entitled to use the road and have the same right‑of‑way protections. Drivers must respect bicyclists’ space and safety just as they would any other vehicle.",,62,Chapter 13: Bicycle Laws and Safety
10,Bicycle Laws and Safety,Which statement about motorcycles is true?,"a: It’s okay to follow closely.,b: Two riders improve balance.,c: Fully change lanes when passing.",c,"Motorcycles are entitled to a full lane, just like any other vehicle. When passing, you should move completely into the adjacent lane rather than sharing the lane side‑by‑side. Never follow a motorcycle too closely; they can stop more quickly and are less visible than cars.",,62,Chapter 13: Bicycle Laws and Safety
10,Bicycle Laws and Safety,How much space should you leave behind a stopped motorcycle?,"a: One vehicle length.,b: Three vehicle lengths.,c: Two feet.",a,"When stopped behind a motorcycle, you should leave at least a full vehicle length of space. Motorcycles are lighter and can be pushed forward more easily if struck from behind, so extra space helps prevent you from being pushed into the rider. This cushion also gives the motorcyclist room to maneuver if needed.",,62,Chapter 13: Bicycle Laws and Safety
10,Bicycle Laws and Safety,A bicyclist who violates traffic laws:,"a: Is exempt because traffic laws don’t apply to bicyclists, b: Can receive a citation, c: Will only get a warning",b,"Bicyclists are generally required to obey the same traffic laws as motor vehicle drivers, such as stopping at red lights and stop signs and yielding when required. If they violate these laws, they can be stopped by law enforcement and issued a citation just like a driver.",,62,Chapter 13: Bicycle Laws and Safety
10,Bicycle Laws and Safety,"When passing a bicyclist on a two-lane road without bike lanes, you should:","a: Slow down and pass with as much safe space as possible (at least 3 feet where required by law).,b: Continue straight, expecting the bicyclist to move.,c: Wait for a traffic signal or stop sign.",a,"When passing a bicyclist, slow down and move over to give them a safe buffer. Many states require at least 3 feet of clearance, and some require more when traveling at higher speeds. If you cannot pass with a safe margin because of oncoming traffic or road conditions, wait until it is safe rather than squeezing by.",difficult,62,Chapter 13: Bicycle Laws and Safety
10,Bicycle Laws and Safety,"Drivers should be particularly cautious of motorcyclists, bicyclists, and pedestrians because:","a: They are hard to spot in traffic, b: They follow different traffic rules, c: They always have the right-of-way",a,"Motorcycles, bicycles, and pedestrians are smaller and less visible than cars and trucks, so they can be hidden in blind spots or blend into the background. Drivers must look carefully, check mirrors and blind spots, and be prepared for them to appear suddenly in the roadway.",,62,Chapter 13: Bicycle Laws and Safety
10,Bicycle Laws and Safety,Why should you be cautious when passing a bicycle?,"a: Because bicycles are less stable and may suddenly change position to avoid hazards.,b: Because the bicycle always has the right-of-way over motor vehicles.,c: Because oncoming traffic may not see you when you move into the opposite lane to pass.",a,"Use extra caution when passing a bicycle because bicycles are less stable and more vulnerable than cars. A cyclist may need to swerve to avoid potholes, debris, or opening car doors, and you must leave plenty of space so you do not sideswipe or startle them. Always check for oncoming traffic and only pass when you can give the bicyclist a safe buffer, as required by your state’s minimum passing distance law.",,62,Chapter 13: Bicycle Laws and Safety
10,Bicycle Laws and Safety,When should you honk your horn?,"a: When passing through an intersection.,b: When passing a bicyclist.,c: When a child may run into the street.",c,"Use your horn only to warn others of a danger, such as a child who might run into the street or a driver who may not see you. Do not honk routinely when passing or at intersections, because unnecessary horn use can startle others and is often illegal.",,62,Chapter 13: Bicycle Laws and Safety
10,Bicycle Laws and Safety,Drivers should maintain a following distance of at least ____ seconds behind a motorcycle.,"a: Four to six, b: Two, c: Ten",a,"Motorcycles can stop and maneuver more quickly than larger vehicles, and they are less visible. Leaving at least a four‑to‑six‑second following distance gives you extra time to see and react if the rider brakes suddenly, swerves to avoid a hazard, or loses control, which greatly reduces your risk of rear‑ending the motorcycle.",,63,Chapter 13: Bicycle Laws and Safety
