section-num,section-name,question,options,correct-answer,note,difficulty
6,"Alcohol, Drugs & Impaired Driving",How is drinking alcohol and driving classified?,"a:A serious traffic safety problem,b:Safe if you have only had a few drinks,c:A minor traffic safety problem",a,Driving while impaired by alcohol or drugs is a serious safety issue and greatly increases crash risk.,easy
2,Traffic Laws & Rules of the Road,When turning left you must yield the right-of-way to:,"a:Other drivers already in the intersection,b:Oncoming traffic and pedestrians,c:Pedestrians only if they are in a crosswalk",b,Left-turning drivers must yield to oncoming traffic and to pedestrians and bicyclists in the intersection.,medium
2,Traffic Laws & Rules of the Road,The space you need to cross traffic safely depends on:,"a:Road conditions, weather, and oncoming traffic,b:Whether there is a stop sign present,c:Whether you used your turn signal",a,"The gap needed to cross or turn depends on road surface, weather, and the speed and distance of oncoming traffic.",medium
4,Safe & Defensive Driving Practices,Which factors affect your vehicle's braking distance?,"a:Only the number of passengers.,b:Only the age of the vehicle.,c:Vehicle speed,d:Only the color of the vehicle.",c,"Braking distance depends on how fast you are traveling, the state of your brakes and tires, and road surface conditions such as wetness or ice.",medium
7,Vehicle Ownership & Responsibilities,"If you hit an unattended parked car and can't find the owner, what must you do?","a:Stay until the police arrive,b:Assume you have done enough and leave,c:Leave a written note with your name",c,"If you strike an unattended vehicle, leave a written notice with your name, address, and the circumstances of the accident if the owner cannot be located.",medium
3,"Signs, Signals & Road Markings",Lanes of traffic moving in the same direction are separated by which color lines?,"a:Yellow lines.,b:Green lines.,c:White lines.,d:Red lines.",c,White lines (solid or broken) are used to separate lanes moving in the same direction; yellow lines separate opposing traffic.,easy
7,Vehicle Ownership & Responsibilities,"When stopped for a traffic violation or equipment check, what must the driver produce?","a:Only their license.,b:Their driver license,c:Only proof of insurance.,d:Only proof of registration.",b,"Drivers must present their license, vehicle registration, and proof of insurance when requested by law enforcement.",medium
3,"Signs, Signals & Road Markings",When may you cross a dashed white line?,"a:At any time regardless of conditions,b:Only during daylight hours,c:When it is safe to change lanes",c,Broken white lines separate lanes moving in the same direction and may be crossed to change lanes when safe.,easy
3,"Signs, Signals & Road Markings","When you reach an intersection with a flashing red light, what must you do?","a:Stop only if other cars are approaching.,b:Slow down and proceed without stopping.,c:Come to a full stop,d:Drive through if the intersection seems clear.",c,"A flashing red light requires a full stop and yielding the right-of-way, just like a stop sign.",easy
8,Special Situations & Road Users,"When driving through an area where children are playing, you should expect them to:","a:Know when it is safe to cross,b:Always stop at the curb before crossing,c:Possibly run into the street without looking",c,Children can act unpredictably; reduce speed and be prepared to stop at any time.,easy
3,"Signs, Signals & Road Markings",Two solid white lines painted across a traffic lane indicate the boundaries of:,"a:A bicycle lane,b:A pedestrian crosswalk,c:A no-passing zone for vehicles only",b,Two solid white lines can mark a crosswalk; drivers must yield to pedestrians in marked crosswalks.,easy
6,"Alcohol, Drugs & Impaired Driving",Taking drugs along with alcohol generally:,"a:Is no more dangerous than alcohol alone,b:Lessens the effect of alcohol on driving ability,c:Increases the risk of causing a crash",c,"Combining alcohol with other drugs (prescription, over-the-counter, or illegal) increases impairment and crash risk.",medium
2,Traffic Laws & Rules of the Road,"If you miss your exit on an interstate, what is the correct action?","a:Continue to the next exit and safely return to your destination.,b:Stop and make a U-turn on the shoulder.,c:Back up on the exit ramp.,d:Signal and cross multiple lanes at once to get back.",a,Do not stop or back up on the highway; proceed to the next exit and safely turn around to return to the desired exit.,easy
8,Special Situations & Road Users,What lane entitlement do motorcycles have?,"a:They must use the bicycle lane,b:The same full lane width as other motor vehicles,c:They are limited to half a lane",b,Motorcycles are entitled to a full lane just like other vehicles and should be treated accordingly.,easy
4,Safe & Defensive Driving Practices,"If you experience a tire blowout while driving, you should:","a:Keep accelerating to reach the shoulder quickly,b:Do not immediately use your brakes; take your foot off the gas,c:Immediately stomp on the brakes",b,"Take your foot off the gas, avoid sudden braking, gradually slow, then steer to a safe place to stop.",medium
8,Special Situations & Road Users,How can you avoid being in a truck or bus driver's blind spot?,"a:Drive directly behind them very close.,b:Always pass on the right,c:Avoid driving alongside them and avoid tailgating; do not remain beside them for extended periods.,d:Flash your lights to get their attention.",c,Large vehicles have significant blind spots at the sides and rear; avoid lingering alongside and give them plenty of space when passing.,medium
8,Special Situations & Road Users,"When approaching a railroad crossing that has no active signals or gates, you should:","a:Always come to a complete stop,b:Slow down and be prepared to stop if you see or hear a train,c:Assume all crossings have signals and proceed normally",b,"At unprotected crossings slow down, look and listen for trains, and be prepared to stop if one is approaching.",medium
2,Traffic Laws & Rules of the Road,A double solid yellow centerline down a two-lane road means:,"a:Traffic moves in opposite directions and passing is prohibited,b:Traffic moves in opposite directions and passing is allowed when safe,c:Lanes move in the same direction and passing is prohibited",a,Double solid yellow lines separate opposite-direction traffic and prohibit passing from either direction.,easy
8,Special Situations & Road Users,How should you regard railroad crossings?,"a:A place safe to park.,b:Dangerous — always look and listen for trains.,c:Safe to cross without looking.",b,"Railroad crossings are hazardous; always look both ways, listen, and obey signals or flaggers before crossing.",easy
3,"Signs, Signals & Road Markings",What does an 'End school zone' sign indicate?,"a:The beginning of a reduced speed zone.,b:The area with more children present.,c:The end of the reduced speed school zone.",c,The 'End school zone' sign marks the point where the special school zone speed limit and restrictions end.,easy
5,Driving in Special Conditions,Why must drivers be more cautious at night?,"a:Drivers cannot see as well in the dark,b:There is a larger volume of traffic at night,c:Traffic moves faster at night",a,Reduced visibility at night makes it harder to see hazards; headlights must be used from half hour after sunset to half hour before sunrise.,easy
3,"Signs, Signals & Road Markings",Traffic moving in opposite directions is separated by what color lines?,"a:White lines,b:Red lines,c:Yellow lines",c,Yellow centerlines separate traffic moving in opposite directions; white lines separate traffic moving the same direction.,easy
5,Driving in Special Conditions,"When your visibility decreases, your first response should be to:","a:Turn on your windshield wipers,b:Reduce your speed,c:Turn on your headlights",c,Reducing speed gives you more time to react when visibility is limited or road conditions are hazardous.,easy
3,"Signs, Signals & Road Markings",What does a regulatory sign with a red circle and slash mean?,"a:Drivers should come to a complete stop,b:Some drivers must yield,c:The action shown is forbidden",c,A red circle with a slash over a symbol indicates that the depicted action is prohibited.,easy
5,Driving in Special Conditions,Which headlights should you use when driving in fog?,"a:Parking lights only.,b:Low beam headlights.,c:High beam headlights.",b,"Use low beam headlights (and fog lights if equipped) in fog, rain, or snow; high beams reduce visibility by reflecting off moisture.",easy
5,Driving in Special Conditions,Which recommendation does NOT promote safe night driving?,"a:Keep the windshield clean,b:Be aware that tinted windows reduce nighttime visibility,c:Carry a flashlight in your vehicle",c,Carrying a flashlight is not one of the primary measures for safe night driving; the focus should be on clean windshield and avoiding dark-tint that reduces visibility.,easy
2,Traffic Laws & Rules of the Road,"When two vehicles arrive at an intersection simultaneously with no signs or signals, who has the right-of-way?","a:The vehicle whose driver honks first,b:The vehicle approaching from the right,c:The vehicle approaching from the left",b,"At intersections of similar roads without controls, yield to traffic coming from your right.",easy
2,Traffic Laws & Rules of the Road,You should not pass another vehicle when:,"a:On a hill or curve,b:You are driving at the speed limit,c:You are approaching an intersection with wide visibility",a,"Do not pass on hills, curves, at intersections, at railroad crossings, or when sight distance is limited.",medium
7,Vehicle Ownership & Responsibilities,"If someone is injured in an accident you are involved in, what should you do?","a:Always leave the injured where they are.,b:Not move the injured unnecessarily. Keep the injured warm and administer first aid.,c:Moved the injured away from the scene immediately.",c,"Avoid moving injured persons unless necessary; keep them warm, control severe bleeding, and wait for professional medical help.",medium
3,"Signs, Signals & Road Markings",What do regulatory signs tell drivers?,"a:That the area is especially dangerous,b:What drivers must or must not do,c:They are warning signs (diamond-shaped",b,"Regulatory signs instruct drivers about legal requirements (speed limits, turn restrictions, etc.) and are often rectangular with black on white markings.",easy
2,Traffic Laws & Rules of the Road,What does the posted speed limit sign represent?,"a:The exact safe speed for all drivers.,b:A recommended speed for heavy traffic only.,c:The maximum safe driving speed under ideal road and weather conditions.",c,The posted limit is the maximum legal speed under ideal conditions; adjust downward for adverse conditions.,medium
2,Traffic Laws & Rules of the Road,Who must yield if a driver is turning and a pedestrian is crossing without a traffic light?,"a:The pedestrian must yield to the driver,b:Whoever started moving last must yield,c:The driver must yield to the pedestrian",c,Drivers must yield to pedestrians in intersections without traffic signals to prevent collisions.,easy
5,Driving in Special Conditions,When should you reduce speed due to road or environmental conditions?,"a:Only when you see a police car,b:Only when entering a highway with traffic,c:On narrow or winding roads",c,"Slow down in areas or conditions that reduce safety: narrow/winding roads, intersections, crossings, and slippery surfaces.",easy
8,Special Situations & Road Users,"When an emergency vehicle with flashing lights is nearby, you should:","a:Stop your vehicle immediately and prevent the emergency vehicle from passing,b:Make every effort to give the emergency vehicle a clear path of travel (pull to side when safe),c:Speed up to avoid the emergency vehicle",b,You must allow emergency vehicles using sirens or lights a clear path; pull over to the side and stop if it is safe to do so.,easy
4,Safe & Defensive Driving Practices,What is the correct method for backing a vehicle safely?,"a:Turn your head and look through the rear window while backing, rather than relying only on mirrors.,b:Rely only on mirrors and backup cameras.,c:Open the driver's door and back slowly while stepping out.",a,"Before backing, check behind the vehicle and while reversing, turn and look through the rear window; do not depend solely on mirrors or sensors.",easy
7,Vehicle Ownership & Responsibilities,"If you are involved in an accident, what is your immediate duty?","a:Continue driving and report it later.,b:Stop immediately,c:Hide to avoid responsibility.,d:Only help if you caused the crash.",b,"Stop, provide assistance as necessary, and notify law enforcement; do not move injured people unless required for safety and you know how.",difficult
2,Traffic Laws & Rules of the Road,"If on a one-way street and an emergency vehicle approaches with lights, what must you do?","a:Drive toward the nearest roadside and stop,b:Turn on your flashers and continue driving,c:Speed up and exit quickly",a,"On one-way streets, move toward the nearest edge of the road and stop for emergency vehicles using lights or sirens.",easy
2,Traffic Laws & Rules of the Road,"If traffic signals are out due to power failure at an intersection, what should you do?","a:Park and wait for power to return,b:Turn on your hazards and proceed without stopping,c:Treat the intersection as a four-way stop and yield in turn",c,"Yield as you would at a four-way stop: first to arrive, then to the right, proceeding with caution when it's your turn.",medium
1,Licensing & Permit Requirements,When may a driver with a probationary license use a telecommunications device while driving?,"a:Only to call 911 in an emergency,b:When they are a high school graduate,c:Texting but not talking on the phone",a,"In Indiana, probationary license holders (under 21) may only use a phone while driving to contact 911 for emergencies.",easy
2,Traffic Laws & Rules of the Road,"When turning left from a two-way street onto a one-way street, you should end up in:","a:The left lane of the one-way street (closest to the lane you came from),b:The center of the one-way street,c:The right lane of the one-way street",a,Complete the left turn into the lane closest to the lane you left — typically the left lane of the one-way street.,medium
3,"Signs, Signals & Road Markings",What does a red arrow signal require drivers to do?,"a:Stop and then proceed when clear without waiting for a green signal.,b:Slow and proceed through the intersection.,c:Stop and remain stopped until a green light or green arrow appears.",c,A red arrow means you must stop and stay stopped until the signal changes to a green arrow or circular green light.,medium
8,Special Situations & Road Users,"When dealing with pedestrians, what is the driver's responsibility?","a:Make sure the pedestrian is looking at their phone.,b:Yield the right-of-way to pedestrians and take all reasonable actions to avoid striking them.,c:Only yield when the pedestrian is legally entitled to it.,d:Proceed unless the pedestrian is in a marked crosswalk.",b,Drivers must do everything reasonable to avoid hitting pedestrians and must yield even if the pedestrian is crossing where they should not be.,easy
2,Traffic Laws & Rules of the Road,Where should your vehicle be positioned when preparing to make a right turn?,"a:Near the center of the street,b:Close to the left side of the street,c:As close to the right side of the road as possible",c,"Before making a right turn, move as far right as practicable and do not cut across lanes when turning.",easy
3,"Signs, Signals & Road Markings",Which traffic light indicates you should slow down and proceed with caution at an intersection?,"a:A solid yellow light.,b:A flashing yellow light.,c:A steady green light.,d:A flashing red light.",b,"A flashing yellow light means to slow down and proceed with caution, being prepared to stop if necessary.",easy
4,Safe & Defensive Driving Practices,When should you look over your shoulder to check a blind spot?,"a:Only when parking.,b:Only when backing up.,c:Before changing lanes",c,Any time you plan to move laterally in traffic—changing lanes or turning—glance over your shoulder to check the blind spot.,easy
2,Traffic Laws & Rules of the Road,How should you use the entrance ramp to merge onto a crowded freeway?,"a:Always stop before merging.,b:Yield to emergency vehicles on the ramp.,c:Use the acceleration lane to adjust your speed to match freeway traffic.",c,"Use the ramp to accelerate to freeway speed, check mirrors and blind spots, and then merge when there is a safe gap.",medium
6,"Alcohol, Drugs & Impaired Driving",Drivers who have consumed alcohol before driving generally have what level of control?,"a:Are better drivers because they are more careful than sober drivers.,b:Do not have sufficient control over their bodies and minds or the vehicles being driven.,c:Are always aware of the risks they are taking.",c,"Alcohol is a depressant that impairs judgment, vision, concentration, and reaction time, reducing driving ability.",easy
2,Traffic Laws & Rules of the Road,"If you are driving so slowly that traffic is backing up behind you, you should:","a:Refuse to let other cars pass you,b:Pull off the road and let traffic pass when safe,c:Decrease your speed further",c,"If you are impeding traffic on a two-lane two-way road, pull off when safe to allow others to pass.",medium
3,"Signs, Signals & Road Markings",What does an orange traffic sign usually indicate?,"a:A railroad crossing ahead.,b:A school zone.,c:Road work or maintenance ahead.",c,"Orange signs with black symbols or lettering warn of construction, maintenance, or other temporary work zones.",easy
8,Special Situations & Road Users,"When you are near heavy trucks, others should allow for what characteristic of large vehicles?","a:The increased stopping distance required by large vehicles.,b:The decreased stopping distance required by large vehicles.,c:The decreased noise of larger vehicles.",a,Large trucks need more distance to stop and accelerate; smaller vehicles should avoid lingering in blind spots and allow extra space.,medium
4,Safe & Defensive Driving Practices,What is the most important speed-management rule for curves?,"a:Maintain or increase speed as you enter the curve.,b:Slow down before you enter the curve.,c:Brake hard while in the curve.",b,"Because inertia can push your vehicle outward, slow down before entering a curve to maintain control.",easy
8,Special Situations & Road Users,What can happen if a bicyclist disobeys traffic laws?,"a:They are immune from traffic stops.,b:They can be ticketed like other road users.,c:They will always receive only a warning.,d:They are always excused because they are bicyclists.",b,Bicyclists have the same rights and responsibilities as motor vehicle drivers and can be cited for traffic violations.,easy
2,Traffic Laws & Rules of the Road,A flashing yellow traffic light means what?,"a:Merging traffic,b:Proceed with caution.,c:Pedestrian crossing",b,A flashing yellow signal warns drivers to slow down and proceed with caution through the intersection.,easy
8,Special Situations & Road Users,What is the correct action when an emergency vehicle approaches with flashing red or blue lights?,"a:Stop in the middle of the intersection and wait.,b:Try to reach your destination before it arrives.,c:Pull over to the side of the road and stop,d:Continue driving but attempt to remain out of its way.",c,"You must yield to emergency vehicles using sirens or flashing lights by pulling to the right edge of the road and stopping when safe; if in an intersection, clear it before pulling over.",easy
7,Vehicle Ownership & Responsibilities,"Before starting the ignition, what safety action should you take?","a:Only check that backseat passengers have buckled.,b:Make sure the radio is off.,c:Start the engine and then buckle up.,d:Buckle your safety belt and ensure passengers are restrained.",d,Develop a routine of buckling your seat belt and making sure passengers are belted before switching on the ignition.,easy
8,Special Situations & Road Users,"When approaching a blind pedestrian using a white cane or guide dog, what should you do?","a:Take the right-of-way.,b:Slow down and be prepared to stop.,c:Proceed normally.",c,Yield and be prepared to stop for blind pedestrians using a cane or guide dog; always exercise extra caution.,easy
6,"Alcohol, Drugs & Impaired Driving",As alcohol accumulates in your blood it generally:,"a:Begins to metabolize itself more quickly,b:Makes you less confident,c:Slows your reaction time",c,"Alcohol slows your reactions, reduces perception, and impairs judgment and coordination.",easy
7,Vehicle Ownership & Responsibilities,"If you are involved in a serious crash, what should you do first?","a:Only exchange insurance information and leave,b:Continue driving to the nearest police station,c:Stop",c,"Stop if possible, provide aid, call emergency services for injuries, and report the crash to law enforcement when required.",medium
2,Traffic Laws & Rules of the Road,A single broken yellow centerline down the center of a two-lane road indicates:,"a:Lanes move in opposite directions and you may pass when it is safe,b:Lanes move in the same direction and passing is not allowed,c:You are not permitted to pass",a,A broken yellow centerline means passing is permitted for vehicles in either direction when safe.,easy
4,Safe & Defensive Driving Practices,When should you increase your following distance?,"a:Never; keep the same distance at all times.,b:When following a large vehicle that blocks your vision,c:Only when following a motorcycle.,d:When traffic is light and visibility is good.",b,"Increase following distance behind large vehicles, in bad weather, when behind motorcycles or bicycles, and whenever you need extra reaction time.",medium
2,Traffic Laws & Rules of the Road,A flashing yellow traffic light means you should:,"a:Slow down and proceed with caution,b:Increase your speed,c:Come to a complete stop",a,A flashing yellow warns of potential hazards; slow down and be prepared to yield.,easy
1,Licensing & Permit Requirements,How long do points assessed for traffic violations remain on your Indiana driving record?,"a:Six months,b:Two years,c:Nine months",b,Points remain on your driving record for two years from the date of conviction under Indiana's point system.,medium
4,Safe & Defensive Driving Practices,"If your accelerator sticks while driving, what is the proper immediate response?","a:Turn off the ignition while driving at highway speed.,b:Shift to neutral and apply steady pressure to the brake,c:Shift into park immediately while moving.,d:Reach down to manually lift the pedal while keeping speed.",b,"Keep control, shift to neutral, brake steadily, move to a safe location, then turn off the engine once stopped.",difficult
2,Traffic Laws & Rules of the Road,You may continue carefully through an intersection with a yellow light in which situation?,"a:Only if turning left.,b:If you are already within the intersection when the light turns yellow.,c:Only if you are speeding up to clear the intersection.,d:If you see pedestrians entering the crosswalk.",b,"If you are already in the intersection when the light turns yellow, continue through cautiously to clear it.",medium
2,Traffic Laws & Rules of the Road,Which statement about speed is true?,"a:Only inexperienced drivers are endangered by speed differences.,b:Driving too slowly on certain highways can be dangerous.,c:Speed has no effect on crash severity.",b,Driving well below the flow of traffic can create hazards by prompting risky passing maneuvers; speed management is important for safety.,medium
5,Driving in Special Conditions,Which of these about winter driving is NOT true?,"a:Winter is the most difficult driving season,b:Checking antifreeze and washer fluid is especially important,c:Using cruise control in winter weather is safe",c,Do not use cruise control in snow or slippery conditions; winter driving requires extra caution and vehicle maintenance.,difficult
4,Safe & Defensive Driving Practices,What is the first thing you should adjust when getting into a car?,"a:Your seat position so you can see and reach controls comfortably,b:Your rearview mirror,c:Your seat belt",a,"Adjust your seat first to ensure good visibility and control reach, then set mirrors, steering wheel, and fasten your seat belt.",easy
6,"Alcohol, Drugs & Impaired Driving",How can you avoid alcohol-related crash risk?,"a:Just tell someone 'No thanks,b:Call a taxi only after you begin drinking,c:Decide before drinking that you will not drive",c,"Deciding ahead of time not to drive after drinking is the only reliable way to avoid alcohol-related risks, since alcohol impairs judgment.",easy
4,Safe & Defensive Driving Practices,"If someone is driving aggressively behind you, what should you do?","a:Make every effort to get out of their way and avoid engaging them.,b:Stare at the driver to intimidate them.,c:Speed up to prevent them from passing.,d:Brake-check them to teach a lesson.",a,"If confronted by an aggressive driver, avoid confrontation and move out of their way when safe to reduce the risk of escalation.",easy
3,"Signs, Signals & Road Markings",Guide signs that show directions and distances are what color?,"a:Yellow,b:Red,c:Green",c,Guide or destination signs have a green background and give directional and mileage information.,easy
3,"Signs, Signals & Road Markings",What is the most common color for general warning signs?,"a:Green,b:Yellow,c:Red",b,Most warning signs are diamond-shaped and yellow with black symbols or lettering.,easy
3,"Signs, Signals & Road Markings","If a green arrow changes to a solid green light, what applies to turning vehicles?","a:You may still turn in the arrow's direction but must yield to oncoming traffic and pedestrians.,b:You may no longer turn at all.,c:You retain right-of-way to turn without yielding.",a,"When a green arrow becomes a circular green, turning vehicles must yield to oncoming traffic and to pedestrians before turning.",medium
2,Traffic Laws & Rules of the Road,It is illegal to drive below the posted speed limit when:,"a:Driving so slowly that you disrupt the normal flow of traffic,b:You are in heavy construction zone traffic,c:Only when driving in rural areas",a,Driving unreasonably slow so as to impede traffic is unlawful and may cause citations.,medium
3,"Signs, Signals & Road Markings",What must a driver do at a flashing red traffic signal?,"a:Slow down but do not stop.,b:Merge to the right lane.,c:Accelerate through if no other cars are present.,d:Stop",d,"A flashing red light functions like a stop sign: stop fully, yield, and proceed when the way is clear.",easy
4,Safe & Defensive Driving Practices,"When parking uphill on a hill or incline where there is a curb, how should you position your front wheels?","a:Turn your front wheels sharply toward the curb.,b:Turn your front wheels slightly to the right.,c:Turn your front wheels sharply away from the curb.",c,"When parked uphill with a curb, turning wheels away from the curb helps prevent your vehicle from rolling into traffic if it moves.",easy
5,Driving in Special Conditions,"To reduce the effects of oncoming headlight glare at night, you should:","a:Look toward the right side of the road ahead,b:Look straight ahead into the lights,c:Turn on and flash your high beams",a,"If an oncoming vehicle fails to dim its lights, glance toward the right edge of your lane to avoid being momentarily blinded.",medium
2,Traffic Laws & Rules of the Road,"On a narrow road when meeting an oncoming vehicle, what must you do?","a:Pull completely off the road and stop every time.,b:Demand the other vehicle pull over to make room.,c:Speed up to get through first.,d:Leave at least one-half of the traveled portion of the road to the oncoming vehicle.",d,On narrow roads you must allow oncoming vehicles at least half of the main-traveled portion of the road so both can pass safely.,easy
4,Safe & Defensive Driving Practices,How can you reduce the need to make emergency stops in traffic?,"a:Look far ahead and maintain a safe following distance.,b:Honk frequently to warn others.,c:Drive in the leftmost lane only.",a,Scanning ahead and keeping a safe following distance gives you time to react to hazards without sudden stops.,easy
2,Traffic Laws & Rules of the Road,"If two drivers reach an open (uncontrolled) intersection simultaneously, who has the right-of-way?","a:The driver who honks first,b:The driver on the left,c:The driver on the right",c,"At intersections with no signals or signs, yield to the vehicle on your right when you arrive at the same time.",easy
4,Safe & Defensive Driving Practices,"If you are angry after an incident at work, what should you do before driving?","a:Play loud music to distract yourself while driving.,b:Take a few minutes to cool off before starting your drive.,c:Drive fast to let off steam.,d:Immediately begin your commute to get home quicker.",b,"If emotionally upset, pause and calm down before driving; anger impairs judgment and increases crash risk.",easy
2,Traffic Laws & Rules of the Road,What is the correct way to slow for a freeway exit ramp?,"a:Slow down once moving onto the exit ramp.,b:Slow down before entering the exit ramp.,c:Keep your speed constant once in the exit ramp.",a,Do not reduce speed on the main freeway; wait until you are on the exit ramp to slow down safely.,medium
5,Driving in Special Conditions,When may you park or stop on the shoulder of a freeway?,"a:Only in an emergency,b:If you turn on your hazard lights,c:If no part of your vehicle is on the road",a,Stopping on a freeway shoulder is prohibited except for emergencies.,easy
5,Driving in Special Conditions,"If an oncoming car has its high beams on and blinds you, you should:","a:Use your bright lights until the other vehicle dims theirs,b:Look toward the right side of the road until the car passes,c:Flash your lights at the oncoming driver",b,Glance toward the right edge of the road to avoid being blinded and keep control until the car passes.,medium
2,Traffic Laws & Rules of the Road,"If you are stopped by a police officer, you should:","a:Stay in your vehicle with hands visible on the steering wheel and wait for the officer to approach,b:Unbuckle your seat belt and exit the vehicle,c:Get your paperwork out and wave it at the officer",a,"Remain in the vehicle with hands visible, and wait for the officer to request your license and registration.",easy
8,Special Situations & Road Users,"When approached by an emergency vehicle using lights and/or siren, a driver must immediately:","a:Pull to the right and turn on four-way flashers,b:Pull to the right and slow down only,c:Pull to the right and stop",c,You must drive to the right side of the road and stop to allow emergency vehicles to pass.,easy
4,Safe & Defensive Driving Practices,What is the most common cause of traffic crashes?,"a:Bad weather,b:Human error,c:New drivers",c,"Most crashes result from human error—mistakes, inattention, or poor decisions—rather than just weather or vehicle factors.",easy
3,"Signs, Signals & Road Markings",What do pennant-shaped roadside signs indicate?,"a:No passing zones.,b:School zones.,c:Speed limits.",a,Pennant-shaped signs (pointing left) indicate the start of a no-passing zone on two-lane roads.,easy
8,Special Situations & Road Users,What must drivers do when approaching a stopped school bus with its stop arm extended?,"a:Come to a complete stop and wait until the stop arm is withdrawn.,b:Pass cautiously if no children appear to be present.,c:Sound the horn and pass on the left.",a,"When a school bus is stopped with its stop arm extended, all approaching traffic in both directions must stop until the arm is withdrawn and children are clear.",easy
3,"Signs, Signals & Road Markings",A downward-pointing triangular traffic sign indicates:,"a:School zone,b:Construction zone,c:Yield to other traffic",c,"A downward-pointing triangle is a yield sign, meaning slow down and yield to cross traffic or pedestrians.",easy
7,Vehicle Ownership & Responsibilities,Who is required by Indiana law to wear a seat belt in a moving vehicle?,"a:Only the driver.,b:Only occupants under age 18.,c:Only front-seat occupants.,d:All occupants of a vehicle equipped with seat belts.",d,Indiana law requires all occupants in a vehicle that has seat belts to use them while the vehicle is in motion.,easy
2,Traffic Laws & Rules of the Road,"To pass a slower vehicle on a two-lane, two-way road, what must you do?","a:Not cross the centerline at any time,b:Use the shoulder to pass if necessary,c:Move into the oncoming traffic lane only when it is safe and legal to do so",c,"Passing on two-lane, two-way roads requires entering the opposing lane and only doing so when you can complete the pass safely and legally.",difficult
5,Driving in Special Conditions,"If you need to slow down on a slippery road, what should you do first?","a:Take your foot off the gas pedal,b:Apply the parking brake,c:Firmly pump the brake pedal",a,"First ease off the accelerator; if further slowing is needed, apply brakes gently to avoid skidding.",medium
3,"Signs, Signals & Road Markings","When approaching a railroad crossing, what should you do?","a:Slow down, look for a train, and be ready to stop,b:Ignore it if you don't see a train,c:Continue at the same speed unless gates are down",a,"Slow, look, and be ready to stop at railroad crossings; if lights flash or gates are down, stop 15–50 feet from the tracks.",easy
4,Safe & Defensive Driving Practices,"If your wheels slip off the edge of the pavement, what is the correct way to return to the road?","a:Slam on the brakes immediately.,b:Slow down gradually,c:Turn the wheel sharply and jerk back onto the pavement.,d:Speed up and bounce back onto pavement.",b,"Reduce speed gently while keeping control, then when safe steer slowly back onto the pavement; do not make sudden jerks or braking.",medium
3,"Signs, Signals & Road Markings",What do round signs typically warn drivers about?,"a:School zones ahead.,b:Upcoming railroad crossings.,c:No passing zones.",b,Round signs are used to warn of upcoming railroad crossings; approach with extra caution and be prepared to stop.,easy
8,Special Situations & Road Users,What is required when you encounter an emergency vehicle using lights and sirens?,"a:Speed up to pass the emergency vehicle.,b:Ignore the lights if you are in a hurry.,c:Yield the right-of-way and follow any instructions given by the emergency personnel.",c,You must yield to emergency vehicles using lights and sirens and obey any instructions they give; do not obstruct them.,easy
4,Safe & Defensive Driving Practices,What steps should you take when changing lanes on a highway?,"a:Signal as you begin the lane change without looking,b:Only check your blind spot by turning your head,c:Signal early, check mirrors, and check your blind spot",c,"Before changing lanes, signal early, check mirrors, and glance over your shoulder to confirm the blind spot is clear.",easy
2,Traffic Laws & Rules of the Road,"When turning or changing lanes, what must you always do?","a:Signal only if there is visible traffic.,b:Signal only when driving at night.,c:Always signal your intentions when changing lanes",c,"You must always signal when changing lanes, turning, or pulling away from a curb so other road users can anticipate your actions.",easy
3,"Signs, Signals & Road Markings","When approaching a steady yellow traffic light, what should you do?","a:Stop immediately in the middle of the intersection.,b:Ignore it if no other vehicles are present.,c:Slow and prepare to stop unless you are already in the intersection.,d:Speed up to get through before it turns red.",c,"A steady yellow indicates the signal will soon turn red; stop if it is safe to do so, otherwise proceed if already in the intersection.",easy
4,Safe & Defensive Driving Practices,Which behavior best describes a good defensive driver?,"a:Drives slowly at all times,b:Looks for and anticipates the actions of other drivers,c:Travels at a constant speed",b,"A defensive driver watches others, anticipates hazards, and takes steps to avoid collisions.",easy
5,Driving in Special Conditions,"When driving in fog, which actions improve safety?","a:Do not use your high beam headlights.,b:Drive cautiously and reduce your speed.,c:All of the above.,d:Use low beam headlights to better see the road ahead.",c,"In fog, reduce speed, use low beams (not high beams), and drive cautiously to compensate for reduced visibility.",easy
8,Special Situations & Road Users,"At a railroad crossing without flashing signals or gates, what should you do?","a:Stop only if a train is visible.,b:Cross immediately to avoid delays.,c:Prepare to yield to any approaching train and never cross unless you can see clearly that all tracks are clear.",c,"If there are no gates or lights, look and listen for trains on all tracks and make sure there is room to clear the crossing before proceeding.",medium
4,Safe & Defensive Driving Practices,"When changing lanes, which of the following should you do?","a:Ignore traffic around you if mirrors look clear.,b:Change lanes without signaling to be faster.,c:Check side and rearview mirrors",c,"Before you change lanes, use mirrors, signal your intention, and check blind spots to ensure the lane is clear.",easy
3,"Signs, Signals & Road Markings",What does a flashing yellow arrow for left turns mean?,"a:You must come to a complete stop before turning,b:You may turn left after yielding to oncoming traffic and pedestrians,c:You should merge into the lane of the arrow first",b,A flashing yellow arrow allows left turns but drivers must yield to oncoming traffic and pedestrians before turning.,medium
5,Driving in Special Conditions,When are roads most slippery after rain begins?,"a:The day after it rains.,b:After it has been raining for several hours.,c:During the first 10 to 15 minutes of a rainstorm.",c,"Oil and other residues rise to the surface when rain first begins, making pavement especially slippery during the first 10–15 minutes.",easy
3,"Signs, Signals & Road Markings",An eight-sided (octagonal) sign always means:,"a:A stop sign,b:A hospital sign,c:A speed limit sign",a,An octagonal sign is always a stop sign; you must come to a complete stop at it.,easy
4,Safe & Defensive Driving Practices,"If confronted by an aggressive driver, what should you do?","a:Retaliate by tailgating.,b:Cut them off to slow them down.,c:Avoid eye contact",c,"Stay calm, avoid confrontation, do not make eye contact or gestures, and try to put distance between you and the aggressive driver.",medium
8,Special Situations & Road Users,"If you hear a siren but cannot immediately see the emergency vehicle, what should you do?","a:Speed up to clear the street.,b:Slow down but continue through the intersection.,c:Pull safely to the right curb and stop until you can locate the vehicle.,d:Keep driving until you actually see it.",c,"When you hear but cannot see an emergency vehicle, safely pull over and stop so you can determine its location and let it pass.",medium
3,"Signs, Signals & Road Markings",A diamond-shaped traffic sign typically:,"a:Alerts you to school zones,b:Indicates public recreation areas,c:Warns of existing or possible hazards ahead",c,Diamond-shaped signs warn drivers of potential hazards or road conditions that require attention.,easy
2,Traffic Laws & Rules of the Road,What greatly increases stopping distances and crash severity?,"a:Slow speeds.,b:High speeds.,c:Clear weather.,d:Night driving only.",b,"Driving at higher speeds increases stopping distance and the energy involved in a crash, greatly raising crash severity.",difficult
4,Safe & Defensive Driving Practices,Seat belts are most effective when worn by:,"a:Passengers when they are on long trips,b:All occupants of the vehicle,c:The person driving the car only",c,All occupants should wear seat belts; unbelted people can be thrown and cause injuries to themselves and others.,easy
2,Traffic Laws & Rules of the Road,"At an uncontrolled intersection, if you arrive at the same time as a vehicle on your right, what should you do?","a:Yield to the vehicle on your right.,b:Speed up and go first.,c:Ignore it and drive through.",a,"When two vehicles reach an uncontrolled intersection simultaneously, yield to the vehicle on your right.",easy
5,Driving in Special Conditions,What should you remember when driving on wet pavement?,"a:Keep the same following distance as in dry conditions.,b:Roads are often most slippery soon after rain begins,c:Turn off your headlights to prevent glare.,d:Wet roads never cause hydroplaning.",b,Road surfaces can be especially slick immediately after rain begins because oil and dirt mix with water; reduce speed and increase following distance.,easy
8,Special Situations & Road Users,"If you hear a siren from behind while on the roadway, how should you respond?","a:Stop immediately where you are without signaling.,b:Speed up to get out of the way.,c:Safely pull over to the right and stop to let the emergency vehicle pass.,d:Turn into the opposing lane to clear a path.",c,"When an emergency vehicle is approaching from behind, create a clear path by pulling over to the right and stopping if safe to do so; if in heavy traffic, keep moving slowly until you can clear the way.",easy
2,Traffic Laws & Rules of the Road,"If you miss your freeway exit, what should you do?","a:Proceed to the next exit and return on surface streets to your destination.,b:Make a U-turn across the median.,c:Back up on the shoulder to reach the exit.,d:Stop and ask another driver for help.",a,Do not back up or cross the median; go to the next exit and safely return to the missed exit from surface roads.,easy
2,Traffic Laws & Rules of the Road,"If you reach an intersection where you want to turn but are not in the correct lane, what should you do?","a:Signal and make the turn from your current lane.,b:Drive to the next intersection and turn from the proper lane.,c:Quickly cut across traffic to make the turn.",b,Do not make last-minute turns or lane changes; continue to the next intersection and turn from the proper lane.,easy
6,"Alcohol, Drugs & Impaired Driving",What can happen if you drink alcohol while taking prescription or over-the-counter medicine?,"a:Alcohol always helps the medicine work better.,b:The medicine will cancel out the alcohol.,c:The combination can multiply the effects and increase impairment.",c,Mixing alcohol with medications can greatly increase impairment and unpredictably intensify side effects of both substances.,medium
3,"Signs, Signals & Road Markings",What type of sign warns drivers about hazardous conditions ahead?,"a:Warning signs,b:Regulatory signs,c:Information signs",a,Warning signs alert drivers to potential hazards or changes in road conditions and should be followed for safety.,easy
6,"Alcohol, Drugs & Impaired Driving",What can result when alcohol is consumed together with other drugs?,"a:They have no additional effect.,b:They always cancel each other out.,c:They make you sober faster.,d:The combined effects can increase impairment and be more dangerous than either alone.",d,"Combining alcohol with drugs can intensify impairment of judgment, reaction time, and coordination, increasing driving danger.",difficult
2,Traffic Laws & Rules of the Road,"At a four-way stop, which driver has the right-of-way?","a:The driver on the left if two arrive at once.,b:The driver who arrived last.,c:The driver who arrived first.",c,"Vehicles stop from all directions; the first to arrive should proceed first. If two arrive simultaneously, the vehicle on the right has right-of-way.",easy
6,"Alcohol, Drugs & Impaired Driving",The impairment caused by lack of sleep is most like the impairment from:,"a:Alcohol,b:Amphetamines,c:Anger",a,"Fatigue can impair driving much like alcohol does; e.g., 18 hours awake approximates a 0.05% BAC in impairment.",medium
3,"Signs, Signals & Road Markings",A flashing red traffic signal at an intersection requires the same action as:,"a:A slow sign.,b:A yield sign.,c:A stop sign.",c,Approach a flashing red signal by coming to a complete stop and yielding to other traffic and pedestrians.,easy
3,"Signs, Signals & Road Markings",What colors identify signs that show distance to upcoming highway exits?,"a:Green with white letters,b:Yellow with black letters,c:Red with white letters",a,Guide signs that show destinations and distances are green with white letters or symbols.,easy
4,Safe & Defensive Driving Practices,Which statement about drowsy drivers is true?,"a:Opening a window or turning up the radio reliably prevents drowsiness,b:Drowsy drivers can perform as poorly as drunk drivers and may appear intoxicated,c:Drinking strong coffee permanently restores full alertness",b,Drowsiness can impair driving similar to alcohol; simple measures like windows or radio are usually insufficient to prevent fatigue-related impairment.,medium
8,Special Situations & Road Users,A person walking with a white cane or using a guide dog is usually:,"a:Part of a traffic study.,b:A traffic enforcement officer.,c:A blind or visually impaired pedestrian.",c,Drivers must always yield the right-of-way to pedestrians who are blind or using a guide dog or white cane.,easy
8,Special Situations & Road Users,"If you are in a line of traffic crossing tracks that has no signals or gates, what should you ensure?","a:You have the right-of-way so proceed regardless.,b:Make sure there is space ahead for your vehicle to clear the tracks without stopping.,c:You may stop on the tracks if necessary.,d:You may pass slower drivers while on the tracks.",b,"Before driving onto tracks without active warnings, ensure there is enough room to fully clear the tracks so you won't be stuck waiting on them.",medium
2,Traffic Laws & Rules of the Road,"Which traffic signal behavior corresponds to stopping, yielding, then proceeding when clear?","a:A flashing yellow light,b:A flashing red light,c:A solid green light",b,"A flashing red light requires a full stop, yielding to traffic and pedestrians, then proceeding when safe — same as a stop sign.",easy
3,"Signs, Signals & Road Markings",Is it legal to cross a double solid yellow centerline to pass another vehicle?,"a:Only if no oncoming traffic is present.,b:Yes,c:No — you may not cross a double solid yellow line to pass",c,Double solid yellow lines prohibit passing; crossing them is allowed only to turn into or out of driveways or designated entrances.,easy
2,Traffic Laws & Rules of the Road,"If a stop is required at an intersection but there is no stop line or crosswalk, where should you stop?","a:Is not required to stop.,b:Stop at the point nearest the intersection where you can see approaching traffic without entering the roadway.,c:Is required to slow down to make sure crossing traffic is clear.",b,Stop at the nearest point before the intersecting roadway where you have a clear view; do not enter the intersection to improve your sight line.,medium
3,"Signs, Signals & Road Markings",What is the purpose of highway pavement markings?,"a:Are only found in construction zones.,b:Provide information for drivers.,c:Are usually not important.",b,"Pavement markings inform drivers about lane positioning, passing permissions, and upcoming roadway conditions.",easy
3,"Signs, Signals & Road Markings",A red-and-white triangular sign at an intersection requires you to:,"a:Speed up to clear the intersection quickly.,b:Always come to a full stop.,c:Slow and yield to vehicles or pedestrians; be prepared to stop.",c,A triangular yield sign means you must reduce speed and yield the right-of-way; stop only if necessary.,easy
3,"Signs, Signals & Road Markings",Traffic signs and pavement markings must be treated how by drivers?,"a:Must always be obeyed.,b:Are merely suggestions.,c:Must be followed only when there is other traffic.",a,"Pavement markings, signals, and signs control traffic and must be obeyed at all times to ensure safety and order.",easy
6,"Alcohol, Drugs & Impaired Driving",Is it legal to drink alcoholic beverages while on a public road or highway?,"a:Only if you are not driving.,b:Never — consuming or possessing open alcohol on a public road is prohibited.,c:Only if you are seated in the back of a vehicle.",b,Indiana law prohibits consuming or possessing open alcoholic beverages on public roads; open container laws apply to areas normally occupied by driver or passengers.,easy
7,Vehicle Ownership & Responsibilities,A load that extends more than how far beyond a vehicle's rear must be flagged during daylight?,"a:One foot,b:Two feet,c:Four feet",c,"If a load sticks out more than four feet past the rear, it must be marked with a red flag (at least 12 inches square) in clear daylight.",difficult
3,"Signs, Signals & Road Markings",What does a flashing red traffic signal require you to do?,"a:Treat it the same as a stop sign — come to a complete stop and proceed only when safe.,b:Slow down but do not stop.,c:Proceed with caution without stopping.",a,A flashing red signal has the same requirement as a stop sign: stop completely and proceed when the way is clear.,easy
2,Traffic Laws & Rules of the Road,A driver entering public traffic from a driveway or private road should:,"a:Force their way into traffic if there is no gap.,b:Assume they have the right-of-way.,c:Signal only after entering the road.,d:Yield to drivers already on the public road.",d,Yield to vehicles already using the public roadway and merge safely when there is an adequate gap.,easy
2,Traffic Laws & Rules of the Road,When making a right turn on a red light you must:,"a:Come to a complete stop and yield to pedestrians and cross traffic before turning,b:Honk at nearby pedestrians before turning,c:Turn without stopping if the lane is clear",a,"You may turn right on red only after a full stop and after yielding to pedestrians and cross traffic, unless posted otherwise.",easy
7,Vehicle Ownership & Responsibilities,"Regarding small children riding in vehicles, which is correct?","a:They may be safely held by a strong adult,b:They may stand on the floor in the back of the vehicle,c:They must be properly secured in an appropriate child restraint or safety seat",c,Children who are too small for regular seat belts must be secured in an approved child restraint appropriate for their size and age.,easy
2,Traffic Laws & Rules of the Road,How far in advance must you signal before making a turn in most situations?,"a:350 feet,b:200 feet,c:120 yards",b,You must signal at least 200 feet before making a lane change or turn; at speeds above 50 mph signal at least 300 feet.,medium
6,"Alcohol, Drugs & Impaired Driving",Which factors influence the effects of alcohol on a person?,"a:All of the above,b:Only body weight,c:Only the amount of food in the stomach",a,"Blood alcohol concentration depends on how much alcohol is consumed, how much time passes between drinks, body weight, and food in the stomach.",medium
3,"Signs, Signals & Road Markings",What does a flashing yellow traffic light mean?,"a:Stop and wait for the light to turn green.,b:Speed up to clear the intersection quickly.,c:Slow down and proceed with caution.",c,A flashing yellow signal means you should slow down and proceed through the intersection with caution; a full stop is not required.,easy
2,Traffic Laws & Rules of the Road,"If two vehicles arrive at a four-way stop at the same time, which vehicle must yield?","a:The vehicle on the right must yield to the vehicle on the left,b:Drivers must make hand motions to communicate with each other,c:The vehicle on the left must yield to the vehicle on the right",c,"When two vehicles arrive simultaneously, the vehicle on the left yields to the vehicle on the right.",medium
5,Driving in Special Conditions,How can you prevent drowsiness on long trips?,"a:Turn on your car radio,b:Slow down,c:Stop at regular intervals to rest and stretch",c,Schedule regular rest stops to prevent drowsiness and stay alert on long drives.,easy
7,Vehicle Ownership & Responsibilities,"If you stop along the road at night, what should you do to warn other drivers?","a:Use only parking lights.,b:Turn off all lights to conserve battery.,c:Use your emergency flashers and keep low-beam headlights on.,d:Stand behind your vehicle with a flashlight.",c,"If you must stop at night, turn on hazards and leave low-beam headlights on so other motorists can see your vehicle clearly.",medium
6,"Alcohol, Drugs & Impaired Driving",What is the legal status of texting while driving in Indiana?,"a:It is legal only when stopped at a light.,b:It is allowed for drivers over 21.,c:It is illegal to type or read a text or email while driving,d:It is always legal.",c,Indiana prohibits typing or reading texts/emails while driving; only use for emergency communications is exempt.,medium
7,Vehicle Ownership & Responsibilities,Why is a leaky exhaust system dangerous?,"a:It causes immediate engine failure,b:It causes your tires to wear faster,c:It can allow carbon monoxide into the passenger area leading to poisoning",c,"A leaking exhaust can introduce carbon monoxide into the cabin, which is poisonous and potentially lethal.",difficult
2,Traffic Laws & Rules of the Road,In which situations are drivers required to stop?,"a:Only when a traffic officer orders you to stop,b:Only at stop signs,c:At stop signs",c,"Drivers must stop at stop signs, red or flashing red lights, and whenever a traffic officer directs them to stop.",easy
4,Safe & Defensive Driving Practices,What is the act of turning your head to check blind spots before changing lanes called?,"a:An unnecessary action,b:A bad driving habit,c:A good driving habit",c,Checking blind spots by looking over your shoulder is an important complement to mirror checks when changing lanes or merging.,easy
7,Vehicle Ownership & Responsibilities,"If you discover a vehicle defect that may affect safety, what should you do?","a:Drive slower until you can fix it.,b:Wait until you can afford it.,c:Have it repaired as soon as possible.",c,Any defect that could affect safe operation should be corrected promptly before driving the vehicle if possible.,easy
2,Traffic Laws & Rules of the Road,"When approaching a heavy truck from behind while going uphill, what should you remember?","a:You are always allowed to pass on the uphill.,b:The truck will be going the posted speed.,c:The truck may be traveling slower than the posted speed limit.",c,"Large trucks may travel more slowly, especially uphill; be cautious and avoid unsafe passing when visibility is limited.",easy
3,"Signs, Signals & Road Markings",A pentagonal (five-sided) sign indicates:,"a:No passing zone,b:A school zone or school crossing,c:Speed limits ahead",b,Pentagonal signs warn drivers they are entering a school zone or near a school crossing.,easy
3,"Signs, Signals & Road Markings",Which color is commonly used for signs marking public recreation or cultural areas?,"a:Brown,b:Red,c:Green",a,Brown signs are used to indicate public recreation and cultural points of interest.,easy
4,Safe & Defensive Driving Practices,"When parallel parking between two cars, what should you do first?","a:Turn your wheels to the right.,b:Turn your wheels to the left.,c:Pull up even with the car in front of your desired parking space.",c,Stop parallel to the vehicle ahead of the empty space and then back into the space while turning your wheel to maneuver in.,medium
4,Safe & Defensive Driving Practices,What should you do before making a turn?,"a:Turn the wheel immediately without signaling,b:Activate your turn signal three to four seconds in advance,c:Increase your speed before turning",b,Signal several seconds before turning to inform other road users of your intentions.,easy
2,Traffic Laws & Rules of the Road,When should you signal before passing another vehicle?,"a:Signal after changing lanes.,b:Signal early enough for other drivers to know your plans in advance.,c:Signal just before changing lanes to pass and ensure there is no oncoming traffic.",b,Signal early enough to give other road users time to respond and avoid surprises when you pass.,easy
2,Traffic Laws & Rules of the Road,When must you use your turn signals?,"a:Pulling into or out of a parking space.,b:Changing lanes.,c:All of the above.",c,"Always signal when changing lanes, entering traffic from a parking space or alley, or pulling into or out of parking spots.",easy
5,Driving in Special Conditions,What lights should you use when driving in rain?,"a:Low beam headlights,b:High beam headlights,c:Parking lights only",a,Use low beams in rainy or foggy conditions to reduce glare and improve visibility.,easy
7,Vehicle Ownership & Responsibilities,"If you are involved in a crash, you should:","a:Leave the scene immediately to avoid trouble,b:Stop your vehicle at or near the scene and render aid as needed,c:Stand in traffic lanes to direct other drivers",b,"Stop at or near the crash scene, move vehicles out of traffic if possible, turn off ignitions of wrecked vehicles, and avoid standing in traffic lanes.",medium
4,Safe & Defensive Driving Practices,You should sound your horn when you:,"a:Are traveling through an intersection with a green light,b:See a child about to run into the street,c:Are passing a bicyclist in a residential area",c,"Use your horn as a warning to prevent immediate danger, for example if a child runs into the street.",easy
8,Special Situations & Road Users,"When an emergency vehicle approaches with flashing lights, what must you do?","a:Keep driving in your lane,b:Pull to the right curb and stop,c:Slow down and continue",b,Immediately pull to the right side of the road and stop to allow the emergency vehicle to pass.,easy
4,Safe & Defensive Driving Practices,"If you are upset, nervous, or crying, what should you do before driving?","a:Take time to calm down and focus before starting to drive.,b:Drive faster to get your mind off things.,c:Assume emotions won't affect your driving.",a,Strong emotions can distract you and reduce driving ability; wait until you feel focused and calm before driving.,easy
4,Safe & Defensive Driving Practices,Which factor directly affects your ability to stop your vehicle?,"a:The color of surrounding vehicles.,b:The number of passengers in other cars.,c:The condition of the road surface.",c,"Stopping distance is greatly affected by road conditions (wet, icy, gravel), so reduce speed when roads are poor to maintain control.",medium
8,Special Situations & Road Users,"Approaching a railroad crossing with only a standard crossbuck and no gates or lights, how should you proceed?","a:Turn down your radio to hear better and drive through quickly.,b:Cross immediately if you don’t see a train,c:Approach with extreme caution and cross only when sure no train is coming.,d:Speed up to clear the tracks faster.",c,At unprotected crossings you must look and listen for approaching trains from both directions and only cross when it is clearly safe.,medium
7,Vehicle Ownership & Responsibilities,"If your vehicle's accelerator sticks open while driving, what should you do?","a:Shift to neutral, apply the brakes as needed, carefully turn off the ignition to stop the engine, and move off the road to a safe location.,b:Brake hard and immediately open the hood while moving.,c:Keep driving until you reach a service station.",a,"If the accelerator sticks, shift to neutral, apply steady braking, then turn off the engine (without locking the steering) and steer to a safe place to stop.",difficult
2,Traffic Laws & Rules of the Road,You want to turn left at a green light but oncoming traffic is heavy. What should you do?,"a:Use the next intersection instead,b:Enter the intersection to prepare for the left turn if clear,c:Wait in the center of the intersection for traffic to clear",b,"You may move into the intersection to prepare for a left turn on a green light if you won't block traffic, then complete the turn when safe.",medium
4,Safe & Defensive Driving Practices,"If your tire blows out while driving, what is the correct response?","a:Slam on your brakes.,b:Hold your steering wheel tightly and slow to a stop.,c:Keep driving normally.",b,"Do not brake hard; hold the wheel firmly, ease off the accelerator to slow, steer straight, and pull off the road when safe.",medium
2,Traffic Laws & Rules of the Road,"While waiting in an intersection to make a left turn, you should:","a:Flash your headlights to ask for a gap in traffic,b:Signal and keep your wheels straight,c:Signal and keep your wheels turned to the left",b,Keep your wheels pointed straight while waiting to turn left so a rear-end collision won't push you into oncoming traffic.,medium
8,Special Situations & Road Users,"When you see a railroad crossing warning sign ahead, you should:","a:Try to drive around any lowered gates,b:Be prepared to stop if a train is nearby,c:Speed up to cross before the train arrives",b,Warning signs indicate a possible train crossing; slow and be ready to stop. Never go around lowered gates.,easy
3,"Signs, Signals & Road Markings","When the traffic light turns from green to a solid yellow as you approach, you should:","a:Ignore it and continue at the same speed.,b:Stop before entering the intersection unless you are too close to stop safely.,c:Speed up to beat the light.",b,"A steady yellow warns that a red light is imminent; stop safely if you can, otherwise proceed through the intersection cautiously.",easy
2,Traffic Laws & Rules of the Road,"On the freeway you see a \Merging traffic\"" sign. You should:""","a:Make room for entering vehicles; move over a lane if safe,b:Maintain your current speed regardless,c:Always honk at incoming traffic",b,Provide space for merging traffic by changing lanes or adjusting speed when safe to do so.,medium
2,Traffic Laws & Rules of the Road,"If you miss your exit on a freeway, what should you do?","a:Continue to the next exit or safe location to turn around,b:Stop and back up on the shoulder,c:Make the turn quickly from your current lane",a,Do not back up on the freeway; proceed to the next exit or suitable turnaround.,easy
4,Safe & Defensive Driving Practices,What should you do before driving in an unfamiliar area?,"a:Plan your trip in advance,b:Rely solely on road signs to find your way,c:Only have a general idea of your destination",a,"When going somewhere unfamiliar, prepare beforehand by checking maps or directions so you don't rely only on signs while driving.",easy
1,Licensing & Permit Requirements,"During the first 180 days after receiving a probationary license, which restriction commonly applies?","a:May drive after midnight.,b:May not drive between 10:00 pm and 5:00 am.,c:May not transport immediate family members.",b,"Probationary license holders face passenger and curfew restrictions, commonly not being allowed to drive between 10:00 pm and 5:00 am for the first 180 days.",difficult
8,Special Situations & Road Users,What is the safe way to pass a bicyclist?,"a:Drive in the bicycle lane until you can pass,b:Honk to alert the bicyclist,c:Slow down and give as much space as possible",c,Give bicyclists plenty of room and reduce speed when passing; do not crowd or force them off the road.,easy
2,Traffic Laws & Rules of the Road,Which traffic signal gives you the right-of-way to turn left?,"a:A steady red light.,b:A green arrow pointing left.,c:A flashing yellow light.,d:A solid green light.",b,A green steady arrow allows you to proceed in the direction of the arrow with oncoming traffic required to stop for the turning movement.,easy
8,Special Situations & Road Users,What should drivers remember about large trucks?,"a:They can stop faster than passenger vehicles,b:They need less space to turn than smaller cars,c:They have large blind spots and need more room to stop and maneuver",c,Large trucks have significant blind spots and require greater distances to maneuver and stop than passenger vehicles.,easy
8,Special Situations & Road Users,When may you drive around lowered gates at a railroad crossing?,"a:When the lights have stopped flashing,b:When the train has passed,c:Under no circumstances",c,"Never drive around a lowered gate. Stop when warning signals, gates, or a flagger indicate an approaching train.",easy
6,"Alcohol, Drugs & Impaired Driving",How can alcoholic beverages affect a driver?,"a:They only affect very inexperienced drivers.,b:They improve coordination.,c:They can slow reaction time",c,"Alcohol impairs judgment, reaction time, coordination, and vision, increasing crash risk even at low levels.",medium
2,Traffic Laws & Rules of the Road,What does a red traffic signal require you to do?,"a:Slow down and proceed if clear,b:Stop only if pedestrians are present,c:Stop before entering the intersection",c,"A red light requires a full stop before the stop line, crosswalk, or intersection and yielding to all vehicles and pedestrians with the right-of-way.",easy
4,Safe & Defensive Driving Practices,"When parking downhill on a two-way street, which way should you turn your wheels?","a:Turn your wheels to the right.,b:Turn your wheels to the left.,c:Keep your wheels pointed straight ahead.",a,"On a downhill slope, turn your wheels toward the curb so a rolling vehicle will move away from traffic.",easy
3,"Signs, Signals & Road Markings",What should you do when you approach an intersection with a flashing yellow light?,"a:Make a U-turn because the intersection is closed.,b:Proceed through carefully after slowing and checking for traffic.,c:Stop and wait for a green light.",c,"A flashing yellow warns you to slow down and proceed through the intersection with caution, scanning for traffic from all directions.",easy
2,Traffic Laws & Rules of the Road,Which of the following must you obey over the others?,"a:A steady red traffic light,b:A police officer directing traffic,c:A stop sign",b,Directions from a police officer or authorized traffic controller take precedence over signs and signals.,medium
6,"Alcohol, Drugs & Impaired Driving",What is the only effective method to reduce your blood alcohol concentration (BAC)?,"a:Drink coffee,b:Exercise,c:Allow your body time to metabolize the alcohol",c,"Only time allows your body to eliminate alcohol; coffee, exercise, or cold showers do not lower BAC.",medium
8,Special Situations & Road Users,When must you stop for a school bus on a two-lane highway?,"a:Whenever you see a bus regardless of lights,b:When the bus is stopped with red lights flashing and loading/unloading children,c:Only when the bus is parked on the shoulder",b,"On two-lane roads, traffic in both directions must stop for a school bus displaying flashing red lights and/or extended stop arm while loading or unloading children.",easy
8,Special Situations & Road Users,"When you see a school crossing sign, what should you do?","a:Always sound your horn to warn kids.,b:Ignore it if there are no children visible.,c:Be alert for children and be prepared to stop.",c,Approach school crossings with caution; children may be present and can step into the road unexpectedly.,easy
6,"Alcohol, Drugs & Impaired Driving",How can a person sober up quickly after drinking alcohol?,"a:Hot coffee will remove the effects of alcohol.,b:Drinking tomato juice and lime will sober them up.,c:Only the passage of time will reduce the effects of alcohol; coffee or fresh air will not sober you up.,d:Fresh air instantly cancels alcohol impairment.",c,"No food, drink, or activity can speed removal of alcohol from the body; only time will reduce blood alcohol concentration.",easy
8,Special Situations & Road Users,How do blind spots of larger vehicles compare to smaller vehicles?,"a:Larger vehicles have no blind spots,b:Larger vehicles have larger blind spots,c:Larger vehicles have smaller blind spots",b,"Bigger vehicles, like trucks, have larger blind spots especially close to their front, sides, and rear — avoid lingering there.",easy
8,Special Situations & Road Users,May you drive around or under a lowered railroad crossing gate?,"a:If your vehicle can do so without damaging the gate,b:Only if an approaching train is not too close,c:You must never drive around or under a gate that is being lowered or raised",c,Do not go around or under moving crossing gates; wait until the gates are fully raised and signals have stopped.,medium
4,Safe & Defensive Driving Practices,"When stopped on an uphill slope, when should you allow a larger space cushion in front of you?","a:Never; keep the same spacing.,b:When stopped on an incline so the vehicle ahead cannot roll back into you.,c:Only at stop signs.,d:Only at traffic signals.",b,Allow extra space when stopped on a hill because the vehicle ahead may roll backward when traffic starts moving.,easy
2,Traffic Laws & Rules of the Road,What should you do with your speed when making a turn?,"a:Reduce your speed to maintain control and stay in your lane,b:Increase your speed,c:Maintain your previous speed",a,"When turning, slow to a speed that lets you maintain control, stay within your lane, and react to hazards.",easy
2,Traffic Laws & Rules of the Road,When is it not permitted to cross a single broken white or yellow line?,"a:When you want to pass a motorcycle.,b:When turning left into a driveway.,c:If doing so would interfere with traffic or be unsafe.,d:When the car ahead is disabled.",c,You may cross a single broken line to pass only when it is safe and will not interfere with traffic; do not cross if it would create a hazard.,medium
2,Traffic Laws & Rules of the Road,"On a highway with two solid yellow centerlines, when may you cross them?","a:Only to make a left turn into or from an alley, private road, or driveway,b:To pass if no oncoming traffic is visible,c:Never under any circumstances",a,Double solid yellow lines prohibit passing; you may cross them only to make left turns into or from private roads/driveways where permitted.,medium
5,Driving in Special Conditions,What do work zone signs indicate to drivers?,"a:That it is summer,b:You must stop and back up immediately,c:Less-than-ideal driving conditions ahead",c,Work zone signs (orange) warn that road work is being done and drivers should be extra cautious.,easy
4,Safe & Defensive Driving Practices,"When passing a large truck, a smaller vehicle should be prepared for:","a:Excess air pollution,b:Sudden wind gusts from the large vehicle,c:Loud noises",c,Large vehicles create air turbulence that can push smaller vehicles; be ready for corrective steering.,medium
6,"Alcohol, Drugs & Impaired Driving",Does the type of alcoholic beverage (beer vs. wine vs. liquor) change its effect on reflexes and judgment?,"a:Wine impairs less than beer,b:Beer impairs less than wine,c:No — alcohol's effects depend on blood alcohol concentration",c,"All alcoholic beverages impair reflexes and judgement depending on how much alcohol is consumed, not the specific beverage.",easy
6,"Alcohol, Drugs & Impaired Driving",Which of the following can impair your ability to drive?,"a:Alcohol.,b:Certain prescription or over-the-counter medications.,c:A lack of sleep.,d:All of the above.",d,"Driving ability can be impaired by alcohol, legal and illegal drugs, and fatigue; any of these can reduce judgment, reaction time, and coordination.",medium
2,Traffic Laws & Rules of the Road,"Before entering a roundabout, to whom must you yield?","a:Pedestrians in the roundabout only.,b:Bicyclists in the roundabout only.,c:Vehicles",c,"Yield to vehicles, bicyclists, and pedestrians that are already in the roundabout before entering.",medium
5,Driving in Special Conditions,Why is driving at night generally more difficult than daytime driving?,"a:Cars overheat more at night.,b:Visibility is reduced in the dark,c:It usually rains more at night.,d:Headlights are brighter at night.",b,Night driving reduces your field of vision and increases the risk of glare and encountering tired or impaired drivers; use appropriate headlights and reduce speed accordingly.,medium
8,Special Situations & Road Users,"On a divided multilane highway, if you see or hear an approaching emergency vehicle, what should you do?","a:Disregard the signal if other lanes are available.,b:Slow down,c:Stop immediately in your travel lane.,d:Speed up to stay ahead.",b,Provide a clear path and stop as soon as safe so emergency responders can pass; do not attempt to outdrive the emergency vehicle.,easy
6,"Alcohol, Drugs & Impaired Driving",Which is a telltale sign of a drunk driver?,"a:Driving more slowly than normal traffic only,b:Weaving between lanes,c:Making quick and sudden stops only",b,"Signs of impairment include weaving, erratic lane changes, varying speeds, and jerky movements.",medium
8,Special Situations & Road Users,What is the 'No zone' with respect to large trucks and buses?,"a:A speed-restricted zone.,b:A noise restriction area.,c:The large blind spots around trucks and buses where smaller vehicles disappear from view.",c,Large vehicles have significant blind spots on all sides; avoid lingering in these areas where the driver cannot see you.,easy
7,Vehicle Ownership & Responsibilities,"If your car breaks down on a highway, what should you do immediately for safety?","a:Signal, exit the roadway carefully, use hazard flashers, and park where other drivers can see you.,b:Sit in the car and wait with the engine running.,c:Sound your horn to attract attention.,d:Stand behind your vehicle facing traffic.",a,"Exit the lane safely, turn on hazards, move well off the road, and raise the hood to indicate your vehicle is disabled.",medium
6,"Alcohol, Drugs & Impaired Driving",How does alcohol affect your driving skills and judgment?,"a:It has no effect on either,b:It harms both driving skills and judgement,c:It helps driving skills but harms judgement",c,"Alcohol degrades reaction time, vision, coordination, and decision-making — harming both skills and judgment.",easy
4,Safe & Defensive Driving Practices,What is highway hypnosis and how does it occur?,"a:Too much sleep the night before your trip.,b:Frequent rest stops.,c:Staring at the roadway for long periods of time.",c,"Highway hypnosis occurs when you stare at the road for long periods and stop actively scanning, which can cause you to zone out and miss hazards.",medium
4,Safe & Defensive Driving Practices,How does eating or drinking while driving affect performance?,"a:It has no effect on driving ability,b:It improves concentration so drivers make fewer errors,c:It increases the chance of driving errors and difficulty controlling the vehicle",c,"Handling food or beverages distracts a driver’s hands and eyes, increasing the risk of lane drift and collisions.",easy
2,Traffic Laws & Rules of the Road,Under what circumstance may you legally pass another vehicle on the right?,"a:When the vehicle ahead is waiting to turn left and there is adequate room to pass.,b:When it requires driving off the pavement.,c:On a narrow bridge.",a,"You may pass on the right when the vehicle ahead is turning left and there is a safe, available lane for passing; never pass off the pavement.",medium
4,Safe & Defensive Driving Practices,Smoking or preparing to smoke while driving is:,"a:Helpful to maintain driver alertness,b:A distracting activity,c:Not affecting driving abilities",a,Smoking can divert hands and eyes from driving and is a distracting activity that increases crash risk.,easy
2,Traffic Laws & Rules of the Road,"If turning left onto a one-way street, into which lane should you turn?","a:The right lane,b:Either lane as you choose,c:The lane closest to your previous lane",c,"When turning onto a one-way street, complete the turn into the lane nearest to your original lane.",easy
3,"Signs, Signals & Road Markings",What does a posted advisory or speed restriction sign typically indicate?,"a:Shows an advisory speed for curves and turns.,b:Is triangular in shape.,c:Is blue with black lettering.",a,Advisory speed signs show recommended safe speeds for curves and other conditions; reduce speed further in poor weather.,medium
2,Traffic Laws & Rules of the Road,"On an interstate, what must you do before changing lanes?","a:You should always use cruise control.,b:Stop on the shoulder of the road if you are tired.,c:Signal",a,"Before changing lanes or passing on an interstate, signal and check mirrors and blind spots; use shoulder only for emergencies.",medium
3,"Signs, Signals & Road Markings",What does the slow-moving vehicle emblem indicate?,"a:The vehicle must yield to all traffic.,b:The vehicle is designed to travel at 25 mph or slower and will display a reflective orange triangle.,c:The vehicle is a commercial vehicle.,d:The vehicle should be passed only on the left.",b,The slow-moving vehicle emblem is a highly reflective orange triangle and warns that the vehicle usually travels at 25 mph or less.,medium
4,Safe & Defensive Driving Practices,Which is the safest way to drive through a curve?,"a:Speed up as you enter the curve and brake while exiting.,b:Slow down before entering the curve and accelerate gradually as you exit.,c:Maintain a constant speed through the entire curve.",b,Reduce speed before entering a curve and gradually accelerate as you exit to maintain stability and control.,medium
8,Special Situations & Road Users,"Why should drivers be especially alert for motorcycles, bicycles, and pedestrians?","a:They can be difficult to see in traffic.,b:They always break the law.,c:They must always yield to cars.",a,Smaller road users are harder to spot and may be less visible; stay alert to avoid collisions.,easy
2,Traffic Laws & Rules of the Road,A good rule to follow regarding passing other vehicles is:,"a:Drive with the flow of traffic and pass only when necessary,b:Try to get to the front of slow-moving traffic to see better,c:Pass on the right whenever possible",c,"Passing increases collision risk, so drive with traffic speed limits and pass only when necessary and safe.",easy
2,Traffic Laws & Rules of the Road,What should you do if you find yourself stopped in a travel lane?,"a:Stop to look up an address in the travel lane.,b:Drop off passengers in the travel lane.,c:Move out of the travel lane as soon as you can to a safe location; do not stop in a travel lane.",c,You should not stop in a travel lane; continue until you can safely pull off the roadway to the shoulder or a parking area.,medium
4,Safe & Defensive Driving Practices,"If you are being tailgated, what should you do if you cannot change lanes?","a:Speed up aggressively to put distance between you.,b:Wait until the road ahead is clear and then reduce your speed slowly to encourage the tailgater to pass.,c:Brake abruptly to warn the tailgater.,d:Honk continuously to make them back off.",b,"If no right lane is available, gradually slow when safe to encourage the tailgater to pass; never brake suddenly as that increases collision risk.",medium
4,Safe & Defensive Driving Practices,How can you help prevent rear-end collisions?,"a:Avoid sudden stops by releasing the gas to slow and apply brakes smoothly,b:Always check mirrors and blind spots before stopping but stop abruptly when necessary,c:Tap your brakes repeatedly to warn the following driver",a,Gradually releasing the accelerator and applying steady braking reduces the likelihood of being hit from behind.,easy
3,"Signs, Signals & Road Markings",A flashing yellow light at an intersection means:,"a:Yield only to vehicles from the left.,b:Continue normally without slowing.,c:Stop and wait for a green light.,d:Slow down and proceed with care.",d,A flashing yellow signal indicates caution; slow and proceed carefully when it is safe to do so.,easy
2,Traffic Laws & Rules of the Road,"When making a right turn on a green light, what is required?","a:Yield to pedestrians and other traffic, and then turn when safe.,b:Maintain normal speed and turn without stopping.,c:Stop and look for police cars before turning.,d:Turn immediately without checking cross traffic.",a,"Unless a sign prohibits it, you may turn on green but must yield to pedestrians and other vehicles in the intersection before turning.",easy
2,Traffic Laws & Rules of the Road,"When entering a street from a driveway, what must you do?","a:Must honk your horn so approaching vehicles and pedestrians know to give you room.,b:Must stop and proceed only when there are no pedestrians or vehicles approaching.,c:Must drive slowly to allow approaching vehicles and pedestrians time to get out of your way.",a,"You must stop before entering the roadway from a driveway, yield to approaching vehicles and pedestrians, and not cross the sidewalk without stopping.",easy
3,"Signs, Signals & Road Markings",What does a solid yellow line on your side of the centerline mean?,"a:Pass with caution,b:Slow down immediately,c:Do not pass from your lane",c,A solid yellow line adjacent to your lane means passing is prohibited from your direction.,easy
4,Safe & Defensive Driving Practices,"To check your blind spot when moving left, where should you glance?","a:Over your right shoulder.,b:At your side mirror.,c:Over your left shoulder.",c,"To ensure no vehicle is in your blind spot when changing lanes left, glance over your left shoulder toward the lane you intend to enter.",easy
3,"Signs, Signals & Road Markings",What does a steady yellow traffic light mean?,"a:Continue without changing speed.,b:Speed up to clear the intersection.,c:Slow down and prepare to stop because the light will soon turn red.",c,A steady yellow warns that the signal is changing to red; slow down and stop if you can do so safely.,easy
2,Traffic Laws & Rules of the Road,"If you miss your exit on the interstate, what should you do?","a:Make a U-turn across the median.,b:Quickly cut across lanes to the exit.,c:Continue to the next exit and exit there rather than making a last-minute maneuver.",c,Do not make unsafe turns or U-turns on the interstate; proceed to the next exit and re-route from there.,easy
4,Safe & Defensive Driving Practices,Which of these does NOT affect vehicle stopping distance?,"a:The condition of your brakes.,b:Your reaction time.,c:The time of day.",c,"Stopping distance depends on reaction time, braking distance, vehicle condition, speed, and road conditions — not time of day.",easy
3,"Signs, Signals & Road Markings","If a crossing guard is directing traffic in a school zone, what must drivers do?","a:Follow the directions of the crossing guard,b:Ignore the guard and follow surrounding traffic,c:Assume the guard has no authority",a,"Obey crossing guards and exercise extra caution in school zones, including reducing speed when directed.",easy
5,Driving in Special Conditions,Which driving technique helps avoid crashes on icy or snowy roads?,"a:Get off highways as quickly as possible,b:Reduce speed and increase following distance,c:Add extra weight to the vehicle for traction",b,Slowing down and increasing following distance are the most effective ways to reduce crash risk on snow or ice.,medium
4,Safe & Defensive Driving Practices,"To prevent your physical condition from making you an unsafe driver, which of the following should you prioritize?","a:Drive within your physical limitations.,b:Know the effect of any medicine on your driving ability.,c:Keep physically fit and have regular physical examinations.",c,Be aware of your physical limitations and only drive when fit; know how medications affect you and maintain health as possible.,medium
2,Traffic Laws & Rules of the Road,What does a steady green arrow on a traffic signal allow you to do?,"a:Should slow to a stop,b:May turn in the direction of the arrow after yielding to traffic and pedestrians already in the intersection.,c:Should merge into a lane in the direction of the arrow.",c,"A steady green arrow means you may make the indicated turn, but you must yield to pedestrians and vehicles already in the intersection.",easy
4,Safe & Defensive Driving Practices,What is the best way to handle a tailgater?,"a:Speed up to increase distance from them.,b:Slam on your brakes to warn them.,c:Change lanes or gradually slow down to encourage them to pass.",c,Avoid conflict: let the tailgater pass by changing lanes or slowing slightly to increase the gap safely.,easy
2,Traffic Laws & Rules of the Road,To whom must drivers yield?,"a:Only pedestrians on the same side of the road.,b:Only pedestrians in marked crosswalks.,c:Pedestrians only when they have a green signal.,d:Pedestrians in the roadway",d,"Drivers must yield to pedestrians in the roadway at all times to avoid striking them, regardless of whether they are crossing carefully.",medium
3,"Signs, Signals & Road Markings",What does a flashing red traffic light mean?,"a:Same as a stop sign — come to a complete stop and proceed when safe,b:The traffic signal is broken and you may proceed without stopping,c:You do not have to stop completely",a,A flashing red light requires a complete stop; then yield to traffic and pedestrians before proceeding.,easy
2,Traffic Laws & Rules of the Road,Two solid yellow lines on the pavement indicate:,"a:Passing is allowed if you are at the top of a hill,b:Passing is not allowed,c:Passing is allowed for drivers in both directions",c,Two solid yellow lines mean no passing for traffic in either direction.,easy
8,Special Situations & Road Users,Which of the following is true about railroad crossings?,"a:Flaggers cannot direct vehicles at crossings.,b:It is illegal to go around lowered gates,c:All railroad crossings have flashing red signals and gates.,d:You may always go around lowered gates if traffic is light.",b,"You must obey crossing devices and flaggers and never drive around lowered gates; additionally, many crossings lack active warning devices, so be cautious.",medium
3,"Signs, Signals & Road Markings",What does a yellow-and-black diamond-shaped sign indicate?,"a:Directions to cities and towns,b:Traffic laws and regulations,c:A warning about conditions on or near the road ahead",c,Diamond-shaped yellow signs with black symbols warn drivers of upcoming road conditions or hazards.,easy
3,"Signs, Signals & Road Markings",A red flashing traffic light has the same meaning as which sign?,"a:A yield sign.,b:A stop sign.,c:A speed limit sign.",b,"A flashing red signal requires a complete stop, just like a stop sign; proceed only when it is safe.",easy
2,Traffic Laws & Rules of the Road,"When preparing to make a left turn, what should drivers do?","a:Signal in advance, watch for oncoming vehicles and pedestrians, and move into the left lane when appropriate.,b:Speed up and turn sharply.,c:Ignore pedestrians if you have the green.,d:Signal only after starting the turn.",a,"Signal three to five seconds before turning, check mirrors, yield to oncoming traffic and pedestrians, and move into the left lane on multilane roads before turning.",medium
2,Traffic Laws & Rules of the Road,A single dashed yellow centerline means:,"a:Drivers may pass if it is safe to do so,b:Drivers may not pass,c:Both lanes travel in the same direction",a,A dashed yellow centerline separates opposite-direction traffic and permits passing when it is safe.,easy
4,Safe & Defensive Driving Practices,"Faced with an oncoming car to your left and a bicyclist to your right, what is the safest course?","a:Try to split the difference and squeeze between both hazards.,b:Honk and speed up to get by quickly.,c:Pull onto the shoulder immediately.,d:Let the oncoming car pass",d,"When two hazards exist, handle them sequentially by letting the oncoming vehicle pass before passing the bicyclist.",medium
2,Traffic Laws & Rules of the Road,What problem does driving much slower than the posted speed often create?,"a:It guarantees you the right-of-way,b:You should never allow following cars to pass,c:It can be hazardous and may require you to pull off to let traffic pass",c,Driving significantly slower than traffic flow can be dangerous; on two-lane roads you must pull over if you are impeding traffic.,medium
7,Vehicle Ownership & Responsibilities,What danger can a leaking exhaust system pose to occupants?,"a:Carbon monoxide poisoning that can cause drowsiness or death,b:Excessive oil consumption,c:Need for more frequent tune-ups",a,"A leaky exhaust can allow toxic fumes, including carbon monoxide, into the cabin, potentially causing drowsiness, unconsciousness, or death.",difficult
8,Special Situations & Road Users,"If stopped at a railroad crossing with multiple tracks, what should you do after a train passes?","a:Wait until you have a clear view of all tracks before proceeding.,b:Immediately go through once the first train passes.,c:Cross quickly without checking other tracks.",a,"When there are multiple tracks, a train passing on one track does not mean the crossing is clear; check all tracks before crossing.",medium
4,Safe & Defensive Driving Practices,"If your wheels drop off the pavement onto the shoulder, what should you do?","a:Stop on the edge of the road and re-enter quickly.,b:Slow down without braking sharply,c:Accelerate to regain control.,d:Brake hard and turn sharply back onto the pavement.",b,Reduce speed gently and when safe steer back onto the pavement carefully; avoid hard braking or jerky steering.,medium
2,Traffic Laws & Rules of the Road,"At a stop sign, after you stop you should look which directions before proceeding?","a:Right first,b:Only check behind you for tailgating vehicles,c:Left first",c,"When stopped, look left (nearest traffic), then right, then left again before proceeding to ensure safety.",easy
2,Traffic Laws & Rules of the Road,"If your vehicle's turn signals fail, how should you indicate turns?","a:Use hand signals,b:Use your headlights,c:Use your horn",a,Use standardized hand signals to indicate turning or stopping when turn signals are inoperative.,easy
8,Special Situations & Road Users,"When you see or hear an emergency vehicle approaching, how should you yield on a two-lane road?","a:Stop immediately and let the vehicle pass.,b:Proceed slowly and permit the vehicle to pass.,c:Drive as far toward the right side of the road as is safe and stop.",c,On two-lane roads you must pull as far right as possible and stop to allow the emergency vehicle to pass safely.,easy
4,Safe & Defensive Driving Practices,Which actions can cause distracted driving?,"a:Only talking on the phone,b:Only changing the radio station,c:Eating",c,"Many common activities—eating, using a phone, adjusting devices—distract drivers and reduce safety.",easy
4,Safe & Defensive Driving Practices,"To help prevent collisions, you should:","a:Communicate with other road users by signaling and using warnings,b:Ignore other drivers on the road,c:Drive only on side streets and back roads",a,"Communicate intentions—use turn signals, horn, or lights—to make your actions predictable and reduce crashes.",easy
4,Safe & Defensive Driving Practices,"To prepare for hazards ahead, you should:","a:Drive with your left foot resting lightly on the brake,b:Stare straight ahead at all times,c:Continuously scan the entire roadway and roadside",c,Scan far ahead as well as the sides of the road to identify potential hazards early.,easy
4,Safe & Defensive Driving Practices,"If an aggressive driver cuts you off, you should:","a:Stay calm and move out of the aggressive driver's way,b:Call the other driver names out the window,c:Flash your lights to show them they're wrong",c,"Avoid escalation: stay calm, slow down or change lanes, and let the aggressive driver go on.",medium
3,"Signs, Signals & Road Markings",What do working brake lights signal to drivers behind you?,"a:Are changing lanes.,b:Are slowing down or stopping.,c:Are making a turn.",a,Brake lights indicate to other drivers that you are slowing or stopping; they must be kept in working order.,easy
5,Driving in Special Conditions,"If a flagger is directing traffic in a construction zone, what must you do?","a:Ignore the flagger and follow surrounding traffic.,b:Follow the flagger's directions.,c:Assume the flagger is mistaken.",b,Flaggers control traffic for safety in work zones; you must obey their signals and directions.,easy
2,Traffic Laws & Rules of the Road,What does a steady green light at an intersection allow you to do?,"a:May drive through the intersection if the road is clear.,b:Must stop and check for oncoming traffic before proceeding.,c:Must slow down and prepare to stop.",c,A steady green light allows you to proceed through the intersection when it is safe; turns are permitted unless prohibited but must yield to oncoming traffic and pedestrians.,easy
4,Safe & Defensive Driving Practices,Distracted drivers are at greater risk when using which device?,"a:CD player,b:Radio,c:Cell phone",b,"Cell phone use, including hands-free devices, significantly increases crash risk; any activity that diverts attention is dangerous.",easy
5,Driving in Special Conditions,"At dusk or on overcast days, what should you do regarding vehicle lights?","a:Use only parking lights,b:Use four-way flashers exclusively,c:Turn on your headlights (use low beams near other vehicles)",c,"Turn on headlights at dusk or when visibility is reduced; dim to low beams within 1,000 feet of oncoming vehicles and 500 feet when following.",easy
6,"Alcohol, Drugs & Impaired Driving",How does even a small amount of alcohol affect driving abilities?,"a:Alcohol does not limit those abilities.,b:Only a blood alcohol level greater than the legal limit can limit those abilities.,c:Even the smallest amount of alcohol can limit your concentration",c,"Any amount of alcohol reduces concentration, perception, judgment, and memory; no amount is safe if you intend to drive.",easy
2,Traffic Laws & Rules of the Road,"If a police officer is directing traffic while the traffic light is working, what should you do?","a:Honk to get the officer's attention.,b:Obey only the traffic light.,c:Follow the officer's directions.",c,"An officer's directions override traffic signals, and drivers must follow the officer's signals and instructions.",easy
2,Traffic Laws & Rules of the Road,"When passing on a multilane highway, what should you do first?","a:Pass only on the right.,b:Be sure the passing lane is clear.,c:Watch for oncoming traffic.",b,"Before passing on a multilane highway, ensure the lane you will use to pass is clear and signal your lane change.",easy
2,Traffic Laws & Rules of the Road,What does an arrow painted on the pavement indicate?,"a:Drivers may choose to ignore the arrow if no other traffic is present,b:Drivers must stop before making the movement indicated by the arrow,c:Drivers in that lane must make the movement indicated by the arrow",c,"Lane arrows require drivers in the marked lane to follow the indicated movement, subject to traffic signals and signs.",easy
2,Traffic Laws & Rules of the Road,"If two vehicles arrive at an uncontrolled intersection at the same time, the driver on which side must yield?","a:The car on the left shall yield to the car on the right,b:The car on the left has the right-of-way,c:The larger vehicle must yield",c,"At uncontrolled intersections, the driver on the left yields to the driver on the right.",medium
3,"Signs, Signals & Road Markings",What do double solid yellow lines down the center of the road indicate?,"a:Pedestrian crossing ahead.,b:Railroad crossing ahead.,c:Passing is not permitted from either direction.",c,Double solid yellow centerlines mean no passing by traffic in either direction except for specific permitted turns.,easy
4,Safe & Defensive Driving Practices,"If another vehicle seems likely to hit you, what should you do to warn them?","a:Wave your arms.,b:Sound your horn.,c:Use your emergency lights.",a,Use your horn to warn other drivers or pedestrians when they may not see you and a collision is possible.,easy
4,Safe & Defensive Driving Practices,What is the single most effective action to reduce your risk of injury in a crash?,"a:Stay in the right lane on multilane highways,b:Wear your seat belt,c:Limit your driving to weekdays",c,Wearing a seat belt is the most effective way to reduce death and serious injury in a crash.,easy
8,Special Situations & Road Users,How should you pass a bicyclist on a two-lane road without bicycle lanes?,"a:Force the bicyclist off the road.,b:Slow down,c:Honk and pass closely to quickly clear the rider.",b,"Pass bicyclists with caution, allowing at least 3 feet of clearance (more at higher speeds) and only when it is safe to do so.",medium
2,Traffic Laws & Rules of the Road,What does a 'No stopping' sign generally allow you to do?,"a:Stop only to avoid conflict with traffic or to obey a police officer or traffic signal,b:Stop briefly to unload packages,c:Stop to discharge passengers whenever you choose",a,A 'No stopping' sign means you may only stop to obey traffic officials or signals or to avoid a traffic conflict — not for loading or unloading.,medium
7,Vehicle Ownership & Responsibilities,"If borrowing an unfamiliar vehicle, what should you do before driving?","a:Assume it functions like your usual car and drive away,b:Familiarize yourself with controls (signals,c:Hide any defects to avoid embarrassment",b,Take time to locate and test important controls and correct any defects before driving an unfamiliar vehicle.,medium
2,Traffic Laws & Rules of the Road,"At a steady yellow arrow, how should drivers respond?","a:May turn left after yielding to oncoming traffic and pedestrians.,b:Should slow to a stop, if it is safe to do so.,c:Should merge into a lane in the direction of the arrow.",b,A steady yellow arrow warns that a red arrow is coming; stop unless you are already in the intersection and it is unsafe to stop.,medium
2,Traffic Laws & Rules of the Road,"When passing another vehicle on a two-lane road with opposite-direction traffic, you should:","a:Remain in the left lane if you intend to turn left shortly,b:Return to the right side of the roadway immediately after passing,c:Return to the driving lane when there is enough room between you and the passed vehicle",c,"After passing, move back into your lane only when you can see the passed vehicle's front in your rearview mirror.",medium
2,Traffic Laws & Rules of the Road,"When a traffic signal turns green, what must you do before proceeding?","a:Accelerate as quickly as possible,b:Reverse slowly,c:Yield the right-of-way to pedestrians still in the intersection",c,"A green light means you may go, but you must first yield to pedestrians and any traffic still in the intersection.",easy
5,Driving in Special Conditions,"On slippery roads, which driving adjustment should you make?","a:Maintain the same gap as in normal conditions.,b:Increase your following distance.,c:Drive as you would on dry roads.",b,"Slippery conditions increase stopping distance, so increase the gap between you and the vehicle ahead.",easy
4,Safe & Defensive Driving Practices,"If your vehicle does not have ABS and you must stop quickly, what should you do?","a:Hold down the brake pedal.,b:Firmly pump your brakes.,c:Lightly tap the brakes.",b,"If your car lacks ABS, pumping the brakes helps you stop quickly while retaining some steering control.",medium
2,Traffic Laws & Rules of the Road,What does a yield sign at an intersection require you to do?,"a:Yield only to traffic on your left.,b:Slow down and yield the right-of-way to traffic in the intersection or roadway you are entering.,c:Always come to a full stop regardless of conditions.",b,A yield sign means slow down and give the right-of-way to traffic and pedestrians already in the road you plan to enter.,easy
4,Safe & Defensive Driving Practices,"If another driver cuts you off, what is the safest response?","a:Pull next to the driver and yell at them.,b:Let it go.,c:Flash your high beams at the driver.",a,"To avoid road rage and unsafe behavior, remain calm and continue driving safely rather than retaliating.",easy
6,"Alcohol, Drugs & Impaired Driving",Which of the following are effects of alcohol on driving ability?,"a:Loss of concentration, poor coordination, and slower judgment.,b:Increase in reaction speed.,c:Improved night vision.,d:Greater alertness.",a,"Even small amounts of alcohol impair vision, judgment, concentration, and coordination, all of which reduce driving safety.",easy
3,"Signs, Signals & Road Markings",What color are pavement markings that separate traffic moving in opposite directions?,"a:White,b:Yellow and white,c:Yellow",a,Yellow pavement markings separate lanes of traffic moving in opposite directions.,easy
2,Traffic Laws & Rules of the Road,"When turning left from a multilane one-way street, where should you begin the turn?","a:From the right lane.,b:From the center of the intersection.,c:From the left lane.",c,"To turn left from a multilane one-way street, start the turn from the leftmost lane unless signs indicate otherwise.",easy
4,Safe & Defensive Driving Practices,Why is keeping a space cushion around your vehicle important?,"a:Keeps traffic flowing at a safe pace.,b:Allows you time to react to unexpected situations.,c:Prevents distractions from other vehicles.",c,A space cushion gives you time and room to react to other drivers' mistakes and to avoid hazards.,easy
2,Traffic Laws & Rules of the Road,When are you permitted to pass another vehicle?,"a:By using the highway shoulder when traffic is slow,b:On hills and curves if you think no oncoming car is near,c:Only where it is legal and safe — never on a hill",c,"Passing on hills, curves, intersections, or by using the shoulder is unsafe and commonly illegal; pass only where allowed and safe.",medium
3,"Signs, Signals & Road Markings",What does a solid white line down the center of a two-lane road indicate?,"a:Lanes are moving in opposite directions and passing is prohibited.,b:Lanes are moving in the same direction and lane changes are discouraged or not permitted.,c:Lanes are moving in opposite directions and passing is allowed.",b,Solid white lines separate lanes going the same direction and generally mean lane changes are discouraged or prohibited.,medium
4,Safe & Defensive Driving Practices,Where is it best to keep a space cushion around your vehicle?,"a:On all sides of your vehicle,b:Only behind your vehicle,c:Only on the left and right sides",b,Maintain space on all sides of your vehicle to allow time and room to react to hazards.,easy
3,"Signs, Signals & Road Markings",What are signs that require drivers to obey an instruction called?,"a:Information signs,b:Warning signs,c:Regulatory signs",c,Regulatory signs inform drivers of laws and requirements; failure to obey can result in penalties.,easy
2,Traffic Laws & Rules of the Road,"On a two-way road, you may not pass from either direction when the centerline is:","a:Single broken yellow,b:Double solid yellow,c:Combination solid and broken yellow",a,A double solid yellow centerline means no passing from either direction.,medium
6,"Alcohol, Drugs & Impaired Driving",What should a driver do when taking a non-prescription drug before driving?,"a:Drink alcohol instead to counteract effects,b:Assume no effect and drive normally,c:Read the drug label for warnings about driving",c,Many over-the-counter meds can impair driving. Read labels and consult a doctor or pharmacist if unsure about effects on driving.,easy
4,Safe & Defensive Driving Practices,"If your car begins to skid, which direction should you turn the steering wheel?","a:Toward the nearest curb regardless of skid direction.,b:Sharp opposite the skid.,c:To keep the front wheels straight.,d:In the direction you want the vehicle to go (into the skid).",d,"Turn the wheel in the direction you want the vehicle to go; as traction returns, straighten the wheel to regain control.",medium
5,Driving in Special Conditions,Which practice helps most to prevent hydroplaning?,"a:Drive through standing water as quickly as possible.,b:Keep cruise control on in wet weather.,c:Reduce speed when roads are wet and keep tires properly maintained.",c,Lower speeds and properly maintained tires (tread and pressure) greatly reduce the risk of hydroplaning.,medium
4,Safe & Defensive Driving Practices,What is the correct sequence before changing lanes?,"a:Signal, check mirrors, check your blind spot by looking over your shoulder in the direction you plan to move, then change lanes.,b:Check mirrors and immediately change lanes.,c:Signal and change lanes without checking, d:Check your blind spot only after you start changing lanes.",a,"Activate your signal, check rearview and side mirrors, look over your shoulder toward the lane you plan to enter to check the blind spot, then change when safe.",easy
7,Vehicle Ownership & Responsibilities,Where is it unlawful to park?,"a:On a hill.,b:In a parking lot.,c:On a crosswalk or in a marked bicycle lane.",c,Parking on crosswalks or in marked bicycle lanes is illegal; when parking on a street you must be within 12 inches of the curb.,easy
3,"Signs, Signals & Road Markings",What is the typical meaning of orange-colored traffic signs?,"a:Regulatory instructions.,b:School zone warnings.,c:Work zone warnings.",c,"Orange signs indicate construction, maintenance, or emergency work zones and warn drivers to use caution.",easy
2,Traffic Laws & Rules of the Road,When should you drive below the posted speed limit?,"a:When entering a highway with other cars present,b:When anything makes conditions less than perfect (wet roads,c:Only if you see a police car",b,"Drive slower than the posted limit when conditions—weather, visibility, road surface—warrant reduced speed for safety.",medium
3,"Signs, Signals & Road Markings","From a center left-turn lane, which maneuvers are permitted?","a:Use the lane to pass slow-moving traffic.,b:Use it to make U-turns only.,c:Drive through the lane as through-traffic.,d:Make left turns from the lane when indicated.",d,A center left-turn lane is reserved for left turns; it should not be used for passing or as a through lane.,medium
4,Safe & Defensive Driving Practices,"If your vehicle's right wheels leave the pavement, what should you do?","a:Immediately accelerate and swerve back onto the road.,b:Gently ease off the accelerator,c:Stop immediately and get out of the vehicle.",b,"If your right wheels run off the pavement, remain calm, slow down by easing off the gas, steer parallel to the roadway, and return to the pavement when it is safe to do so.",medium
6,"Alcohol, Drugs & Impaired Driving",Which statement correctly describes alcohol’s effect on driving?,"a:Alcohol increases coordination.,b:Alcohol slows reflexes and reaction times.,c:Alcohol will make you more alert.,d:Alcohol improves night vision.",b,"Alcohol is a depressant that slows brain activity and reduces the abilities needed for safe driving, such as reaction time and judgment.",easy
2,Traffic Laws & Rules of the Road,Which of these is a required practice when passing another vehicle?,"a:Use your mirrors and look over your left shoulder to check your blind spot when passing to the left.,b:When passing,c:Signal at least 100 feet before changing lanes.",c,"When passing, use your mirrors, signal, and glance over your shoulder to check blind spots; wait until you can see the passed vehicle’s headlights in your rearview before returning.",medium
8,Special Situations & Road Users,"At a light rail intersection, what must you always do?","a:Ignore signals if no train is visible.,b:Drive around lowered gates if traffic is heavy.,c:Look both ways before crossing tracks and obey all traffic signals and signs.,d:Assume trains will yield to your vehicle.",c,"Treat rail intersections with caution: obey signals, do not drive around lowered gates, and check both directions before crossing.",medium
6,"Alcohol, Drugs & Impaired Driving",What can happen if alcohol is combined with another drug?,"a:The effects of the alcohol and the drug may both be increased.,b:Nothing will happen.,c:The effects of the alcohol and the drug may both be reduced.",a,"Mixing alcohol with other drugs can intensify the effects of both, producing greater impairment than either alone.",medium
3,"Signs, Signals & Road Markings","A \No standing\"" sign means you may:""","a:Never stop your vehicle there,b:Park there if the driver remains in the vehicle,c:Stop only temporarily to load or unload passengers",a,"\No standing\"" prohibits parking; you may only make a brief stop to pick up or drop off passengers.""",easy
5,Driving in Special Conditions,"If stranded in a snowstorm, what is the safest action?","a:Lay down in the car and sleep,b:Stay in your car and wait for help,c:Get out and walk for help immediately",b,Remain in your vehicle to be more likely to be found; run the engine periodically for heat while ensuring the exhaust pipe is clear.,medium
7,Vehicle Ownership & Responsibilities,Driving without the required liability insurance is:,"a:Not illegal but not recommended,b:Against the law,c:Without legal repercussions",b,Indiana law requires drivers to carry minimum liability insurance (commonly 25/50/25 limits); driving without it is illegal.,easy
8,Special Situations & Road Users,"As a pedestrian, what is the safest practice before entering a roadway or crosswalk?","a:Enter at any time because drivers must stop for you,b:Always insist on your right-of-way over vehicles,c:Do not enter when vehicles are approaching; wait until it is safe to cross",c,"Even when pedestrians have the right-of-way, do not step into traffic if vehicles are too close to stop safely; wait until it is safe.",easy
4,Safe & Defensive Driving Practices,How should you behave when approaching an accident scene?,"a:Park and approach the accident to observe,b:Keep your attention on driving and keep moving unless you are involved or emergency help hasn't arrived,c:Stop to look at the scene",b,Do not stop at an accident scene unless you are involved or emergency help has not yet arrived; remain alert and continue safely past the area.,easy
4,Safe & Defensive Driving Practices,How would you characterize distracted driving?,"a:Extremely risky behavior that endangers drivers, passengers, and others.,b:Very uncommon and not a major concern.,c:Harmless if only for a few seconds.,d:Required for multitasking drivers.",a,Distracted driving significantly increases crash risk; staying focused on driving and scanning the road is essential for safety.,easy
7,Vehicle Ownership & Responsibilities,"If your vehicle is blocking traffic after an accident, what should you do if possible?","a:Wait and only move it after police arrive.,b:Drive away immediately to avoid a traffic jam.,c:Never move the vehicle under any circumstances.,d:Move the vehicle off the traveled portion of the roadway.",d,"After a minor collision, move vehicles out of the flow of traffic if you can do so safely, while still identifying yourself and rendering assistance as required by law.",medium
4,Safe & Defensive Driving Practices,What must you confirm before passing another vehicle?,"a:That you can roughly apply the brakes if needed.,b:That you can cross over a solid lane marking.,c:That the passing lane is clear,d:That the other driver is signaling to let you pass.",c,"Safe passing requires checking traffic ahead and in adjacent lanes, checking mirrors and blind spots, and ensuring passing is legal and safe.",medium
2,Traffic Laws & Rules of the Road,Where is passing prohibited?,"a:Only at railroad crossings,b:On hills and curves,c:Only at intersections",b,"Passing is unsafe and often illegal on hills, curves, intersections, and railroad crossings; these are common no-pass locations.",medium
5,Driving in Special Conditions,"Compared to daytime driving, driving at night is:","a:Less dangerous.,b:Always safe if you use high beams.,c:No different in risk.,d:More dangerous because visibility is reduced and hazards are harder to see.",d,Night driving reduces visibility and increases risks from glare and fatigued or impaired drivers; slow down and use appropriate lighting.,medium
8,Special Situations & Road Users,A pedestrian begins to cross in front of your vehicle. What should you do?,"a:Speed up and pass before they reach your lane.,b:Flash your lights and continue slowly.,c:Slow down and be prepared to stop; yield the right-of-way.",c,Always yield to pedestrians in crosswalks and be prepared to come to a full stop when they are crossing in your path.,easy
4,Safe & Defensive Driving Practices,What should you do when driving on major highways to avoid fatigue or inattention?,"a:Rely on cruise control to manage speed,b:Maintain a steady gaze straight ahead to concentrate,c:Stay alert",c,"To avoid 'highway hypnosis,' keep scanning the road, remain alert, and be prepared to respond to hazards.",easy
4,Safe & Defensive Driving Practices,Anything that causes you to do which of the following could lead to a crash?,"a:Only honk at other drivers.,b:Only adjust the radio.,c:Take your eyes off the road,d:Only use cruise control.",c,"Distracting activities that remove your eyes, hands, or attention from driving increase crash risk; avoid multitasking while driving.",easy
2,Traffic Laws & Rules of the Road,"If an intersection is blocked by traffic ahead, you should:","a:Get as close as possible to the car in front,b:Enter and wait in the intersection until traffic moves,c:Stay out of the intersection until you can completely pass through",c,Do not enter an intersection unless you can clear it; blocking intersections is illegal and dangerous.,medium
4,Safe & Defensive Driving Practices,Which of the following commonly contributes to crashes?,"a:Following too closely,b:Excessive speed for conditions,c:Inattentive driving",c,"All listed factors—distracted driving, driving too fast for conditions, and tailgating—commonly cause crashes.",easy
3,"Signs, Signals & Road Markings","If a solid white edge line on the right slants toward the left, what does that indicate?","a:Construction zone ends.,b:The road narrows ahead.,c:You must turn left soon.,d:There is an intersection ahead.",b,An edge line angling toward the center means the road narrows; the edge line marks the boundary between travel lane and shoulder.,medium
8,Special Situations & Road Users,Which statement about passing motorcycles is true?,"a:It is acceptable to follow motorcycles closely,b:A motorcycle with two people is more balanced than one with one rider,c:You must change lanes completely when you pass a motorcycle",c,Motorcycles are entitled to a full lane; you should move fully into the left lane before passing one on the left.,medium
8,Special Situations & Road Users,"When you see an emergency vehicle using flashing lights or sounding a siren, you must:","a:Yield and immediately pull to the right curb and stop,b:Continue driving in your lane,c:Slow down and keep moving",a,"When an emergency vehicle approaches with lights or siren, you must pull over to the side of the road and stop to allow it to pass.",easy
4,Safe & Defensive Driving Practices,"When parking uphill on a street with a curb, which way do you turn your front wheels?","a:Turn the front wheels toward the curb.,b:Keep the front wheel straight and set the parking brake.,c:Turn the front wheels away from the curb.",a,"When parking uphill with a curb, turn the wheels away from the curb so a rolling vehicle will move away from traffic.",easy
2,Traffic Laws & Rules of the Road,A solid red arrow shown by a traffic signal means:,"a:Drivers may turn in the arrow's direction,b:The same as a circular red light — you must stop and may not turn in that direction,c:The arrow is not used in traffic signals",c,A solid red arrow means traffic in that lane must stop and may not proceed in the arrow's direction.,medium
4,Safe & Defensive Driving Practices,Which area is your vehicle's blind spot?,"a:Directly behind your vehicle,b:You see it in your rearview mirror,c:An area you cannot see without moving your head",b,Blind spots are areas you cannot see without turning your head; they are usually to the sides and rear of your vehicle.,easy
4,Safe & Defensive Driving Practices,"If another driver is trying to pass your vehicle, how should you assist them?","a:Signal to the other driver when it is safe for them to pass.,b:Check for oncoming traffic and adjust your speed to allow safe passing.,c:Pull off the road.",a,Maintain your lane and adjust speed as needed to help the passing vehicle merge back safely; do not pull off the road into traffic.,easy
2,Traffic Laws & Rules of the Road,"When turning onto a multi-lane street moving in your direction, where should you enter?","a:Turn into the lane marked with an arrow.,b:Turn into the middle lane.,c:Turn into the lane closest to your previous lane.",c,"When turning onto a street with multiple lanes going your way, enter the lane closest to the lane you used to turn. Do not change lanes immediately.",easy
2,Traffic Laws & Rules of the Road,When must you pull over and stop for an approaching emergency vehicle with lights?,"a:Always pull to the right edge of the road and stop, regardless of the emergency vehicle's direction,b:Only if it is following you,c:Only if it is coming from the opposite direction",a,Pull to the right and stop for emergency vehicles with flashing lights or sirens whether they are approaching from front or behind.,easy
2,Traffic Laws & Rules of the Road,A driver with left arm and hand extended upward is signaling they plan to:,"a:Come to a stop.,b:Turn right.,c:Turn left.,d:Slow down.",b,A left arm extended upward indicates an intention to turn right using hand signals.,easy
2,Traffic Laws & Rules of the Road,A driver signaling with left arm and hand extended downward is indicating they intend to:,"a:Turn left.,b:Turn right.,c:Merge right.,d:Stop or slow down.",d,A left arm extended downward is the hand signal for slowing or stopping; watch and adjust your driving accordingly.,easy
4,Safe & Defensive Driving Practices,"When driving in general traffic, what is the safest practice regarding speed?","a:Drive faster than the flow of traffic to get ahead.,b:Drive slower than everyone else.,c:Drive with the flow of traffic within the posted limits rather than much faster or slower.,d:Constantly fluctuate your speed to stay alert.",c,Crashes often occur when drivers travel much faster or slower than surrounding traffic; maintain a speed consistent with the flow and legal limits.,easy
2,Traffic Laws & Rules of the Road,"When merging onto a freeway, it is usually best to:","a:Proceed slowly while waiting for an opening.,b:Stop at the end of the ramp and then enter traffic.,c:Turn on your hazard lights until safely merged.,d:Use the on-ramp to accelerate to freeway speed and merge when a gap appears.",d,Use the acceleration lane to match freeway traffic speed and merge safely; yield to vehicles already on the freeway.,medium
4,Safe & Defensive Driving Practices,"If your vehicle begins to skid, what is the correct steering action?","a:Turn the steering wheel in the direction of the skid.,b:Turn the wheel sharply away from the skid.,c:Brake hard and keep the wheel straight.,d:Turn into oncoming traffic.",a,"When skidding, remain calm and steer in the direction of the skid so the vehicle can regain traction and straighten out.",medium
5,Driving in Special Conditions,How can the risk of hydroplaning be reduced while driving in wet conditions?,"a:By driving through deeper water rather than shallower.,b:By driving more slowly.,c:By accelerating through standing water.",b,Driving at lower speeds in wet conditions reduces the chance that tires will lose contact with the road surface.,easy
4,Safe & Defensive Driving Practices,"If you are driving in another driver's blind spot, what should you do?","a:Move forward or fall back until the other driver can see you,b:Maintain your current speed and position,c:Stay in the blind spot to avoid merging confusion",a,Do not linger in someone else's blind spot; adjust speed to move where the driver can see you.,easy
4,Safe & Defensive Driving Practices,How can you avoid collisions caused by blind spots?,"a:Honk before every lane change,b:Adjust your rearview mirror frequently while moving,c:Turn your head quickly to check the blind spot before changing lanes",c,"Before turning or changing lanes, glance over your shoulder to confirm your blind spot is clear; don't rely solely on mirrors.",easy
5,Driving in Special Conditions,Which headlights should you use in foggy weather?,"a:High beam headlights.,b:Low beam headlights.,c:Hazard lights only.",b,Use low beams (and fog lights if available) in fog; high beams reflect off fog and reduce visibility.,easy
3,"Signs, Signals & Road Markings",What does a solid yellow arrow signal mean when displayed for turn control?,"a:It is never used as a traffic signal,b:Slow down and prepare for the arrow to change to red (same as a circular yellow),c:Drivers may turn in the direction indicated without yielding",b,A solid yellow arrow functions like a circular yellow light: it warns the protected-turn signal is ending and you must prepare to stop.,medium
5,Driving in Special Conditions,Which statement best describes how to respond to sudden changes in weather while driving?,"a:You should slow down when driving in rain and fog.,b:Be particularly aware of vehicles coming up behind you in inclement weather.,c:A sudden change in weather calls for a change in driving.",c,"When weather changes suddenly, adjust your driving (speed, following distance, and attention) to match the conditions.",medium
7,Vehicle Ownership & Responsibilities,Which safety restraints are most effective in a crash?,"a:Only a lap and shoulder belt,b:Only an airbag,c:Both a lap/shoulder belt and an airbag used together",c,Seat belts combined with airbags provide the best protection; airbags are supplemental and effective when belts are worn.,easy
4,Safe & Defensive Driving Practices,When is it appropriate to honk your horn?,"a:To alert others if you lose control or need to warn another road user of imminent danger.,b:To express frustration when someone cuts you off.,c:To greet friends driving nearby.,d:Constantly while passing bicyclists.",a,Use your horn only to warn others of danger; do not use it for anger or greeting purposes.,easy
2,Traffic Laws & Rules of the Road,"Before making a left turn, what must you do?","a:Sound your horn to warn others.,b:Swing to the right side of your lane to make the turn easier.,c:Yield to oncoming vehicles and pedestrians.",c,When turning left you must yield the right-of-way to oncoming traffic and pedestrians in the crosswalk.,easy
4,Safe & Defensive Driving Practices,"When changing lanes, what is the correct signaling practice?","a:Begin signaling while you are moving into the lane,b:Rely exclusively on mirrors without signaling,c:Signal in advance (about 100 feet in residential areas or 5 seconds on freeways) and not as you move into the lane",c,"Signal well before the maneuver, check mirrors and blind spots, then change lanes when safe.",easy
2,Traffic Laws & Rules of the Road,Which traffic signal requires you to stop as if at a stop sign?,"a:Yellow arrow.,b:Steady yellow light.,c:Flashing red light.",c,"A flashing red signal means the same as a stop sign: come to a complete stop, check for traffic, and proceed when clear.",easy
3,"Signs, Signals & Road Markings",Regulatory signs are usually which color and must always be obeyed?,"a:Green,b:White,c:Blue",b,Regulatory signs are typically white with black markings and control traffic movement; they must be obeyed.,easy
8,Special Situations & Road Users,"If you approach a stopped emergency vehicle with flashing lights, what must you do?","a:Slow down and, if possible, change lanes to give the vehicle space; if you cannot change lanes, slow down and pass cautiously.,b:Stop immediately in your lane.,c:Continue at the same speed in your lane.",a,Move over a lane if it is safe; otherwise slow down below the posted limit and pass carefully to provide room for responders.,medium
3,"Signs, Signals & Road Markings",What is the unique shape used for stop signs?,"a:Rectangle.,b:Octagon.,c:Circle.",b,"An eight-sided (octagonal) sign is used only for stop signs, signaling drivers to come to a complete stop.",easy
7,Vehicle Ownership & Responsibilities,Which statement about seat belts and child restraints is correct?,"a:You should never place an infant or small child in the front seat of a vehicle with airbags.,b:You should always make sure all your passengers are using a seat belt or child restraint.,c:An airbag can be dangerous to an infant or small child",b,Always ensure all occupants are properly restrained; infants should ride in the rear and never in a rear-facing seat where a front airbag is active.,easy
8,Special Situations & Road Users,Approximately how far might a fully loaded tractor-trailer traveling 55 mph take to stop?,"a:Almost 400 feet.,b:About 50 feet.,c:About 125 feet.,d:About 200 feet.",a,Large trucks require much longer distances to stop than smaller vehicles; a fully loaded tractor-trailer at 55 mph may need nearly 400 feet to stop.,difficult
4,Safe & Defensive Driving Practices,"When you notice other drivers acting angrily, what should you do?","a:Don’t make eye contact.,b:Distance yourself from the situation.,c:Don't react with hand gestures.",c,"Avoid escalating the situation: keep your distance, avoid eye contact and gestures, and make maneuvers to remove yourself from harm.",easy
2,Traffic Laws & Rules of the Road,A posted speed limit sign indicates:,"a:Only a suggested speed.,b:The exact safe speed for all conditions.,c:The maximum legal speed under ideal conditions for that roadway.",c,Speed limit signs show the maximum legal speed under ideal conditions; you must drive slower when conditions are poor.,medium
4,Safe & Defensive Driving Practices,Which of these is NOT a factor in determining the distance it takes to stop your vehicle?,"a:Reaction distance.,b:Braking distance.,c:Steering ability.",c,"Stopping distance depends on perception time, reaction distance, and braking distance; steering ability is not a stopping-distance component.",medium
3,"Signs, Signals & Road Markings",What does a dashed white line between lanes indicate?,"a:Lanes are moving in the same direction and you may change lanes when safe.,b:Traffic is moving in opposite directions.,c:You may not pass.",a,Dashed white lines separate lanes traveling the same way and may be crossed to pass or change lanes when it is safe to do so.,easy
6,"Alcohol, Drugs & Impaired Driving",Which of the following is NOT a factor that affects blood alcohol concentration (BAC)?,"a:Your body weight.,b:The type of alcoholic beverage you drink.,c:How much you drink.,d:How much time passes between drinks.",b,"BAC is affected by the amount consumed, body weight, and time between drinks; the type of beverage does not determine BAC.",medium
8,Special Situations & Road Users,"If there are two railroad tracks side by side, what should you do when one train passes?","a:It is always safe to proceed after one train passes.,b:You must always stop before crossing the tracks.,c:Look for another train on the other track before proceeding.",c,"After one train passes, check for trains on the adjacent track; do not cross until you are sure no other train is approaching.",medium
2,Traffic Laws & Rules of the Road,"At a four-way stop where two drivers arrive simultaneously, who has the right-of-way?","a:One driver may continue without stopping,b:The driver on the left,c:The driver on the right",c,"When two drivers arrive at the same time, yield to the driver on the right and proceed when safe.",medium
4,Safe & Defensive Driving Practices,"If you start to feel tired while driving, what is the best action to take?","a:Stop driving.,b:Open your window.,c:Get some coffee.",c,Fatigue impairs driving similarly to alcohol; the safest option is to stop driving and rest.,easy
5,Driving in Special Conditions,Which is true about work zones?,"a:They may be stationary or moving and require extra caution.,b:They are marked with black and white signs.,c:You do not need to slow down.",a,Work zones can be fixed or mobile; they are typically marked with orange signs and require reduced speed and heightened attention.,medium
8,Special Situations & Road Users,"When sharing the road with trucks, remember they generally:","a:Require longer stopping distances than smaller vehicles,b:Require less distance to stop than smaller vehicles,c:Have a smaller turning radius than cars",a,"Because of their mass, trucks need greater distances to slow and stop; allow extra space and avoid their blind spots.",easy
2,Traffic Laws & Rules of the Road,"When entering interstate traffic from an entrance ramp, who must yield?","a:The merging driver may force their way into traffic.,b:No one needs to yield if traffic is light.,c:The driver entering the interstate should yield to vehicles already on it.,d:Drivers on the interstate must always yield to merging vehicles.",c,Drivers on acceleration ramps should yield to traffic already on the interstate and merge when a safe gap appears.,medium
6,"Alcohol, Drugs & Impaired Driving","On average, your body eliminates alcohol at about what rate?","a:Three alcoholic drinks an hour,b:One alcoholic drink an hour,c:Two alcoholic drinks an hour",b,"On average the body metabolizes approximately one standard drink per hour, though individual rates vary.",medium
3,"Signs, Signals & Road Markings",What are the typical colors for warning signs that alert drivers to upcoming hazards?,"a:White symbols on blue,b:Black symbols on a white background,c:Black symbols on a yellow background",c,Warning signs generally use a yellow background with black symbols; work zone warnings use orange with black symbols.,easy
2,Traffic Laws & Rules of the Road,Before passing another vehicle you should:,"a:Re-enter your lane within 10 feet of the passed vehicle,b:Honk your horn loudly,c:Check your mirrors and blind spots and signal before changing lanes",c,"Only pass when safe: check mirrors, check blind spots, signal, then complete the pass and return when you can see the passed vehicle.",medium
2,Traffic Laws & Rules of the Road,"If an oncoming driver is headed into your lane, what should you do first?","a:Sound your horn, steer right, and brake to reduce impact.,b:Steer left and accelerate.,c:Brake and swerve left without warning.,d:Flash your lights and keep your speed.",a,"Honk to attract attention, attempt to escape to the right if possible, and brake firmly; every mph you slow before impact reduces severity.",difficult
8,Special Situations & Road Users,"On a road without sidewalks, which side should pedestrians walk on?","a:The side with the lightest traffic.,b:The side facing oncoming traffic.,c:The same side as traffic is moving.",b,Pedestrians should walk facing oncoming traffic so they can see approaching vehicles and react if necessary.,easy
5,Driving in Special Conditions,"When roads may be slippery, you should:","a:Use cruise control to maintain steady speed,b:Reduce your following distance,c:Always drive at the maximum posted speed",c,On slippery roads reduce speed and increase your following distance; avoid using cruise control.,medium
8,Special Situations & Road Users,You approach a railroad crossing and do not see or hear a train. Under which condition must you stop?,"a:If a stop sign is posted.,b:If the crossing gate is lowered.,c:If the crossing lights are flashing.,d:All of the above.",d,"You must stop before crossing when a stop sign is present, a gate is lowered, flashing red lights are activated, a flagger signals you to stop, or a train is visible or so close that crossing would be hazardous.",medium
2,Traffic Laws & Rules of the Road,What does a traffic signal showing a green arrow with a red light allow you to do?,"a:You may only drive straight ahead.,b:You must wait for a solid green light to proceed in any direction.,c:You may drive only in the direction of the green arrow.",c,"A green arrow with a red light permits movement only in the arrow's direction, and only when the intersection is clear.",easy
5,Driving in Special Conditions,"When sleet or snow begins, what should you do while driving?","a:Turn off headlights to reduce glare.,b:Allow extra following distance and keep windshield and mirrors clear.,c:Drive at the posted speed to keep traffic flowing.",b,Snow and sleet increase stopping distances; clear visibility and additional following space are essential.,medium
2,Traffic Laws & Rules of the Road,What should you do when entering a roadway from a private road or driveway?,"a:Drive out quickly to merge smoothly with traffic,b:Blow your horn to warn approaching cars,c:Yield to pedestrians and traffic on the roadway",c,Yield to both pedestrians and vehicles on the main roadway when entering from a private road or driveway.,easy
4,Safe & Defensive Driving Practices,Which actions can help reduce road rage and aggressive driving?,"a:Try to get to your destination as fast as possible.,b:Flash headlights repeatedly.,c:Allow extra travel time,d:Tailgate slower drivers to encourage them to move.",c,"Planning ahead, following traffic laws, and signaling properly reduce stress and the likelihood of aggressive encounters.",easy
5,Driving in Special Conditions,Where on the roadway do sections tend to freeze first and stay icy longest?,"a:Areas shaded by trees or buildings,b:Flat sections of road,c:Curvy sections of road",a,"Shaded areas freeze and retain ice or moisture longer, so they require extra caution in cold or wet weather.",medium
6,"Alcohol, Drugs & Impaired Driving",What effect does drinking coffee have on blood alcohol concentration (BAC)?,"a:It cancels the effects of alcohol.,b:It has no effect on BAC; only time reduces BAC.,c:It increases BAC temporarily.,d:It decreases BAC quickly.",b,Coffee may make you feel more awake but it does not lower the alcohol in your bloodstream; only time does.,easy
4,Safe & Defensive Driving Practices,What are the risks associated with worn or bald tires?,"a:Can make turning more difficult.,b:Are likely to hydroplane.,c:Can increase your stopping distance.",b,"Tires with little tread increase the chance of hydroplaning, reduce traction for turning, and lengthen stopping distances.",medium
5,Driving in Special Conditions,On which surfaces does your vehicle require a greater stopping distance?,"a:On a wet or icy road.,b:On paved highways.,c:When driving at night.",c,"Wet, icy, or loose surfaces increase stopping distance; always increase following distance in these conditions.",medium
2,Traffic Laws & Rules of the Road,You must not drive faster than which of the following?,"a:A speed that is faster than is reasonable and prudent for current conditions.,b:The maximum posted speed only.,c:A speed that is safe for the conditions only.",a,"You must drive at a speed that is reasonable and prudent for the area and conditions, even if the posted speed is higher.",medium
5,Driving in Special Conditions,"If you must drive in fog, which lights should you use?","a:High beam headlights to see farther.,b:Parking lights only.,c:Low beam headlights (and fog lights if equipped).",c,Low beams and fog lights improve visibility in foggy conditions; high beams create glare and reduce vision.,easy
6,"Alcohol, Drugs & Impaired Driving",Which types of drugs can affect your driving ability?,"a:Prescription medications, over-the-counter remedies, illegal drugs, and some cold/allergy medicines.,b:Only illegal drugs.,c:Only marijuana.,d:Caffeine only.",a,Many substances—legal and illegal—can impair driving ability; always check side effects and avoid driving when impaired.,medium
3,"Signs, Signals & Road Markings",A broken yellow line next to a solid yellow line indicates what?,"a:Passing is not permitted from either direction.,b:Passing is permitted from the lane next to the broken line.,c:Passing is permitted from the lane next to the solid line.",c,"When a broken yellow line is alongside a solid yellow line, traffic next to the broken line may pass when safe; traffic next to the solid line may not.",easy
2,Traffic Laws & Rules of the Road,"At a stop sign with no marked stop line or crosswalk, you may proceed after:","a:Slowing and verifying no cross traffic,b:Coming to a complete stop and verifying it is safe to proceed,c:Stopping at least 20 feet before the intersection",b,"If there is no stop line or crosswalk, stop before entering the intersection and proceed only when safe.",medium
2,Traffic Laws & Rules of the Road,"When the centerline has a solid yellow line next to a broken yellow line with the broken line beside your lane, when may you pass?","a:Only in an emergency.,b:You may pass when traffic is clear and it is safe to do so.,c:Never.,d:Only during daytime hours.",b,If the broken line is next to your lane you may cross it to pass when there is no oncoming traffic and it is safe to pass.,medium
4,Safe & Defensive Driving Practices,Why should you avoid following other vehicles too closely?,"a:You may not have enough time to stop if the vehicle ahead slows or stops suddenly,b:You may miss the vehicle's turn signals,c:You may not see the road between the cars",c,"Following too closely reduces the time available to stop or react, increasing the chance of a rear-end collision.",easy
8,Special Situations & Road Users,"When approaching railroad tracks, what should you do?","a:Ignore the tracks if you don't see a train.,b:Drive around a lowered gate if traffic is light.,c:Look,d:Try to speed up to beat a train.",c,"Always look and listen for trains, slow down, and be prepared to stop for any crossing, regardless of whether signals are present.",medium
4,Safe & Defensive Driving Practices,How should you pass an animal you encounter on the roadway?,"a:The driver should honk their horn.,b:Pass the animal as closely as possible.,c:Pass the animal slowly to avoid startling it.",c,Approach and pass animals slowly and cautiously to avoid frightening them and causing an unpredictable reaction.,medium
2,Traffic Laws & Rules of the Road,How should you approach an uncontrolled intersection?,"a:Always come to a complete stop even if clear,b:Slow down,c:Maintain your speed and proceed without checking",b,"At intersections without signs or signals, slow down, check all directions, and yield as necessary to avoid a crash.",medium
3,"Signs, Signals & Road Markings","If an approaching driver fails to dim high beams, where should you look to avoid being blinded?","a:Toward the left side of the road,b:At the approaching vehicle's wheels,c:Toward the right side of the road",c,Glance to the right edge of the road to avoid being temporarily blinded by another vehicle's high beams while keeping enough sight of the roadway to stay on course.,easy
6,"Alcohol, Drugs & Impaired Driving","If you drink alcohol socially, which action best helps ensure you get home safely?","a:Take a cold shower before driving.,b:Ride home with a friend who has not been drinking.,c:Drink coffee before driving.",b,Arranging a sober ride prevents driving while impaired; coffee or showers do not reduce blood alcohol concentration.,easy
6,"Alcohol, Drugs & Impaired Driving",Which of the following substances can impair driving and lead to a DUII?,"a:Only inhalants,b:Only beer and wine,c:Only illegal drugs,d:Alcohol",b,"Many substances can impair driving, including alcohol, illegal drugs, inhalants, and prescription or over-the-counter medications.",medium
4,Safe & Defensive Driving Practices,How should you check your blind spot before changing lanes?,"a:Look only into the rearview mirror.,b:Flash your headlights.,c:Look only into the side mirror.,d:Glance over your shoulder toward the lane you plan to enter.",d,Before changing lanes you should look over your shoulder in the direction you plan to move to confirm no vehicle is in your blind spot.,easy
4,Safe & Defensive Driving Practices,Driving while distracted by an activity usually has what effect on a driver?,"a:Usually causes the driver to drive faster.,b:Is never dangerous.,c:Usually causes the driver to react more slowly to hazards.",c,"Distractions reduce a driver's ability to perceive and react to hazards, increasing crash risk.",easy
5,Driving in Special Conditions,"At night, which is hardest to see?","a:Other motorists,b:Pedestrians,c:Road signs",c,Pedestrians are the most difficult to see at night compared to signs or other vehicles.,easy
4,Safe & Defensive Driving Practices,"If the driver ahead is inattentive and talking to a passenger, what should you do?","a:Give that vehicle extra space because their safety margin is reduced.,b:Follow closely to monitor their behavior.,c:Signal them to drive faster.,d:Honk repeatedly to draw attention.",a,Allow additional space for distracted drivers because their increased likelihood of errors raises the risk of collision.,easy
2,Traffic Laws & Rules of the Road,"If you're stopped in line at a stop sign and cross traffic clears, what must you do?","a:Stop again at the stop sign or stop line before proceeding,b:Proceed without stopping because you already stopped once,c:Roll slowly through the sign without stopping",a,You must come to a complete stop at the stop sign or line each time before proceeding when safe.,easy
5,Driving in Special Conditions,"When it begins to rain and visibility drops, what should you do?","a:Speed up to get out of the rain faster.,b:Slow down and turn on your headlights to be seen by other drivers.,c:Drive at the posted speed limit regardless.",b,"Reduce speed, use headlights, and if visibility becomes too poor, pull off the road safely until conditions improve.",easy
4,Safe & Defensive Driving Practices,"When preparing to change lanes, which of the following is important?","a:Ensure the target lane is clear before moving into it.,b:Ignore your blind spot if mirrors look clear.,c:Change lanes without signaling to be quick.",a,"Always signal in advance, check mirrors, and look over your shoulder to confirm the lane is clear before changing lanes.",medium
5,Driving in Special Conditions,"If an oncoming vehicle is using high beams and fails to dim them, where should you direct your gaze?","a:Toward the center line.,b:Toward the right side of the road.,c:Either side equally.",b,Glance toward the right edge of the road to avoid being blinded while still keeping enough view to maintain your lane position.,easy
3,"Signs, Signals & Road Markings",A steady yellow traffic signal warns that which steady light will soon appear?,"a:Steady red.,b:Flashing yellow.,c:Steady green.,d:Flashing red.",a,A steady yellow means the light is about to change to steady red; be prepared to stop if it is safe to do so.,easy
2,Traffic Laws & Rules of the Road,When may you cross double solid yellow lines?,"a:To pass other cars when in a hurry,b:To turn left into or from a driveway or private road (or make permitted U-turns),c:To pass a slow-moving truck",b,Double solid yellow lines prohibit lane changes and passing except to make permitted left turns into or from driveways or intersections.,medium
8,Special Situations & Road Users,You must stop at a railroad crossing when:,"a:Directed to do so by a flagger,b:There is a stop sign controlling the crossing,c:Flashing red signals and crossing gates are operating",a,"Stop when warnings are active (flashing lights, lowered gates) or when directed by signs or flaggers.",medium
2,Traffic Laws & Rules of the Road,"When entering a highway from an entrance ramp, how should you usually merge?","a:Stop first then creep into traffic.,b:Use your horn continuously while merging.,c:Enter well below traffic speed and force others to slow.,d:Signal",d,"Use acceleration lanes to reach the speed of traffic, signal, and merge when there is a safe gap; yield to mainline traffic.",medium
2,Traffic Laws & Rules of the Road,"If the driver behind you wants to pass, what is the recommended action?","a:Maintain your speed and hold your lane.,b:Slow down to create space in front for the other vehicle to pass safely.,c:Speed up to get away.",a,"If someone wants to pass, slow down slightly to give them room to complete the pass more quickly and safely.",easy
3,"Signs, Signals & Road Markings",A diamond-shaped traffic sign usually indicates:,"a:Road hazard or warning sign,b:An interstate route sign,c:School crossing sign",c,Diamond-shaped signs are warning signs that alert drivers to hazardous locations or special driving conditions ahead.,easy
2,Traffic Laws & Rules of the Road,"If turning onto a two-lane road with a broken yellow centerline, what does that tell you?","a:You are entering a two-way road where passing is permitted when safe,b:You are on a one-way road,c:The road is under repair",a,A broken yellow line separates two-way traffic and may be crossed to pass when conditions are safe.,easy
8,Special Situations & Road Users,"If an approaching train is close enough to be dangerous, what must you do?","a:Cross at your own risk if no signals are active.,b:Honk and proceed.,c:Not cross the tracks until the train has completely passed.,d:Slow and then cross quickly.",c,"If a train is near enough to be a danger, do not attempt to cross even if no signals are working; wait until it is completely clear.",difficult
2,Traffic Laws & Rules of the Road,"When you approach a flashing red traffic signal, what should you do?","a:Treat it like a stop sign — come to a full stop and proceed when clear.,b:Slow down and proceed without stopping,c:Continue through if there is no crossing traffic",a,"A flashing red traffic signal must be treated the same as a stop sign: stop completely, then continue only when safe.",easy
7,Vehicle Ownership & Responsibilities,How should a lap belt fit when properly adjusted?,"a:Hidden under the seat,b:Loose across your stomach,c:Snugly across your hip bones and lower abdomen",c,Lap belts should be snug across the hip bones and lower abdomen; shoulder belts should rest comfortably across the chest.,easy
3,"Signs, Signals & Road Markings",You may pass another vehicle when the line separating lanes is which of the following?,"a:Broken white line.,b:Double solid yellow line.,c:Solid yellow line.,d:Solid white line.",a,Broken white lines separate lanes moving in the same direction and may be crossed to pass when safe; double solid or solid yellow lines generally prohibit passing.,medium
8,Special Situations & Road Users,"When passing a vehicle that has just parked at the curb, what should you assume?","a:The parked car will remain stationary,b:The driver may open their door into your path,c:The driver will signal before opening the door.",b,Assume doors may open and children may appear; slow down and leave extra space when passing parked vehicles.,easy
2,Traffic Laws & Rules of the Road,"Is it required to signal before turning, changing lanes, or pulling away from a curb?","a:Yes — signaling is required by law and is a good driving habit.,b:Only if other traffic is present.,c:Not necessary if you think it is obvious.",a,You must signal your intentions in advance (at least 100 feet on most roads) to inform other drivers of your planned move.,easy
8,Special Situations & Road Users,"What is a \No zone\"" for large vehicles?""","a:A designated no-passing area,b:A one-way traffic area,c:The large blind spots alongside and behind a truck or bus",a,"\No zones\"" are the large blind spots around trucks where smaller vehicles should avoid lingering.""",easy
2,Traffic Laws & Rules of the Road,"Before changing lanes, what sequence of checks should you perform?","a:Quickly turn your head to check for other vehicles without checking mirrors.,b:Check both side and rearview mirrors and glance over your shoulder to check blind spots.,c:Check your side view mirror only.",b,Check side and rearview mirrors for approaching traffic and then glance over your shoulder to verify your blind spot before moving lanes.,easy
5,Driving in Special Conditions,"When meeting an oncoming vehicle at night, which headlight setting should you use?","a:High beam headlights.,b:Parking lights only.,c:Low beam headlights.",c,Do not use high beams when approaching another vehicle; low beams provide safe visibility without blinding others.,easy
5,Driving in Special Conditions,"On slippery roads, how should you adjust your driving?","a:Slow down and drive more slowly than the posted speed if conditions require.,b:Drive faster to get through slippery areas quickly.,c:Maintain the posted speed exactly at all times.,d:Turn off traction control immediately.",a,Reduce speed at the first sign of slippery conditions like rain or ice and increase following distance; sometimes driving below the posted limit is safest.,easy
3,"Signs, Signals & Road Markings",When may you legally cross a solid yellow centerline?,"a:During daylight hours only.,b:Any time there is no oncoming traffic.,c:Only to turn into or out of a driveway",c,"Solid yellow centerlines generally prohibit passing; you may cross them to turn into or out of driveways, businesses, or other legal turns.",medium
5,Driving in Special Conditions,How can you reduce the risk of hydroplaning?,"a:Maintain good tread depth, proper tire inflation, and reduce speed in rain,b:Only ensure tires are properly inflated,c:Use cruise control to maintain steady speed",a,Prevent hydroplaning by ensuring tires have adequate tread and inflation and by slowing down in wet conditions.,medium
8,Special Situations & Road Users,"When you hear a siren or see flashing lights from an emergency vehicle, what must you do?","a:Drive to the right side of the road and stop.,b:Motion for the emergency vehicle to pass you.,c:Slow down until it passes you.",c,Yield the right-of-way by pulling as far right as safely possible and stopping until the emergency vehicle has passed.,easy
4,Safe & Defensive Driving Practices,How can stress affect your driving?,"a:It improves reaction time.,b:It causes you to always drive more carefully.,c:It can reduce your ability to concentrate and focus on driving tasks.",c,"Stress can distract you, reduce concentration, and impair decision-making — delay driving until you can focus.",easy
4,Safe & Defensive Driving Practices,"If a tire blows out while you are driving, what should you do?","a:Keep driving at the same speed until you reach a service station.,b:Hold the steering wheel firmly,c:Brake hard immediately to stop as quickly as possible.",b,"Keep the vehicle straight, ease off the accelerator, avoid heavy braking until you have control, then pull over to a safe place.",medium
8,Special Situations & Road Users,"When driving near a motorcycle, what must you allow?","a:Give the motorcycle the full lane; a motorcycle is entitled to the entire lane.,b:Drive on the shoulder beside the motorcycle.,c:Allow the motorcycle only half a lane.,d:Require the motorcyclist to ride in the center of the lane.",a,A motorcycle is a full-size vehicle and needs the full width of a lane to maneuver safely; do not crowd or share a lane with a motorcycle.,medium
8,Special Situations & Road Users,"After a school bus finishes unloading and its stop arm is withdrawn, what should you do?","a:Proceed immediately once the bus moves,b:Wait until the children wave at you,c:Watch for children walking near the roadway before proceeding",c,"After a bus stops unloading, be alert for children who may be near or crossing the road before you proceed.",easy
3,"Signs, Signals & Road Markings","When approaching a steady green traffic light, drivers should:","a:Proceed but yield to pedestrians and vehicles already in the intersection.,b:Stop and check all directions.,c:Treat it like a yield sign.",a,"A steady green means you may go if the intersection is clear, but you must yield to pedestrians and vehicles still in the intersection.",easy
4,Safe & Defensive Driving Practices,What is the primary cause recorded in over 93% of fatal collisions?,"a:Malfunctioning traffic signals.,b:Unsafe road conditions exclusively.,c:Weather alone.,d:Driver action or error.",d,"Most fatal crashes are primarily caused by driver actions or failures to observe traffic laws, such as inattention or poor decision-making.",difficult
8,Special Situations & Road Users,How should you safely cross a railroad track?,"a:Only cross when the red light is flashing.,b:Rely solely on your vehicle's radio to detect trains.,c:Listen and look both ways,d:Cross rapidly when you hear a distant train.",c,"Always look and listen for trains before crossing, obey signals, and never proceed until you are certain the tracks are clear.",easy
4,Safe & Defensive Driving Practices,Many crashes are caused by drivers who:,"a:Consistently check their mirrors and blind spots,b:Yield the right-of-way frequently,c:Drive too fast for conditions",a,Driving too fast for road or weather conditions is a common cause of crashes.,easy
2,Traffic Laws & Rules of the Road,"If two vehicles reach an intersection controlled by signs at the same time, which driver must yield?","a:Either driver at random.,b:The driver on the right must yield to the driver on the left.,c:The driver on the left must yield to the driver on the right.",c,"When two vehicles arrive simultaneously, the driver on the left yields the right-of-way to the driver on the right.",easy
5,Driving in Special Conditions,Which statement about driving on a wet roadway is true?,"a:Water does not affect cars with good tires,b:Deep water is less dangerous than shallow water,c:As you drive faster",c,Higher speeds reduce tire contact with the road and increase hydroplaning risk; slow down on wet surfaces.,medium
4,Safe & Defensive Driving Practices,"Before backing out of a driveway where children are playing, what should you do?","a:Sound your horn loudly and back out slowly.,b:Rely only on mirrors and cameras.,c:Get out and walk to the back of the car to be sure the way is clear.",c,"When small children are nearby, exit the vehicle and visually check behind it before backing to avoid accidents.",easy
5,Driving in Special Conditions,Which actions help reduce the chance of hydroplaning?,"a:Avoid speeding on wet roads.,b:Ignore tire tread condition.,c:Drive faster through puddles.",a,"Reducing speed on wet roads, maintaining proper tire pressure, and replacing tires with poor tread all lower hydroplaning risk.",medium
2,Traffic Laws & Rules of the Road,"If you have a green light but pedestrians are crossing against a red light, you should:","a:Honk to warn the pedestrians,b:Speed up past the pedestrians,c:Stop and allow pedestrians to cross safely",c,Yield to pedestrians even if you have a green light; they must be allowed to cross safely.,medium
8,Special Situations & Road Users,Why should you be cautious when passing a bicyclist?,"a:Oncoming traffic may not see you pull out to pass, and the bicyclist may swerve into traffic,b:Bicycles always have the right-of-way,c:You are moving slower than a bicycle",a,"Bicyclists can swerve to avoid hazards and oncoming traffic may not notice your movement, so pass with care and give ample space.",easy
4,Safe & Defensive Driving Practices,Which actions help you drive more safely at night?,"a:Not drive if you are tired.,b:Make sure your headlights are working properly.,c:Increase your following distance.",c,"Night driving reduces visibility; increase following distance, ensure headlights work, and avoid driving if fatigued for safety.",easy
8,Special Situations & Road Users,Why must drivers be especially alert to motorcycles on the road?,"a:Motorcycles must always ride on the shoulder.,b:Motorcycles are smaller and harder to see and may be hidden in blind spots.,c:Motorcycles never use headlights.,d:Motorcyclists are always less skilled than car drivers.",b,Motorcycles are smaller and easier to miss in traffic and more difficult to judge for speed and distance; give them extra caution and space.,medium
5,Driving in Special Conditions,On slick roads you should:,"a:Accelerate quickly to avoid slipping,b:Change lanes quickly,c:Take turns more slowly than usual",c,Approach turns and curves more slowly on slippery surfaces to maintain traction and control.,medium
4,Safe & Defensive Driving Practices,Which driving habit can help conserve gasoline?,"a:Sitting in your driveway with the engine running,b:Slowing down gradually and anticipating stops,c:Accelerating quickly from stops",a,Gradually adjusting speed and avoiding unnecessary braking and acceleration saves fuel.,easy
2,Traffic Laws & Rules of the Road,"If waiting to turn left at a multilane intersection with blocked views, what should you do?","a:Accelerate rapidly when the first lane clears,b:Proceed when an oncoming driver waves you across,c:Wait until you can see all lanes you must cross before starting the turn",c,Do not begin a left turn until you can clearly see that every lane you must cross is clear and you can complete the turn safely.,medium
2,Traffic Laws & Rules of the Road,A flashing red traffic light at an intersection requires you to:,"a:Slow down and drive carefully through the intersection,b:Turn right or left because the road ahead is blocked,c:Stop completely",c,"A flashing red light means stop, then continue only when the way is clear.",easy
7,Vehicle Ownership & Responsibilities,"If your power steering fails while driving, what is the proper response?","a:Work harder to steer, reduce speed, and drive to a safe place to stop.,b:Turn off your headlights and stop immediately in the travel lane.,c:Turn on your hazard lights and continue at the same speed.",a,Loss of power steering makes steering heavier; reduce speed and carefully pull off the road to a safe area to stop.,medium
2,Traffic Laws & Rules of the Road,"When you approach a steady red traffic light, what should you do?","a:Come to a complete stop; you may turn right unless a sign prohibits it.,b:Drive through the intersection if no other vehicles are present.,c:Proceed unless a police officer is nearby.,d:Slow down and roll through if the way seems clear.",a,"A steady red light requires a full stop. Unless prohibited by sign, you may turn right after stopping and yielding to traffic and pedestrians.",easy
2,Traffic Laws & Rules of the Road,"When is it safe to pass on a two-way, two-lane street?","a:When you are able to partially drive on the shoulder,b:When your vehicle can reach the necessary passing speed only,c:Only if you can clearly see the road ahead and return to your lane before oncoming traffic appears",c,"You may only pass when you can see clearly ahead, can return to your lane before meeting oncoming traffic, and it is legal and safe to do so.",medium
8,Special Situations & Road Users,A crossbuck sign at a roadway indicates:,"a:No passing zone,b:School zone,c:Railroad crossing",c,Crossbuck signs mark railroad crossings and indicate drivers should yield to trains.,easy
4,Safe & Defensive Driving Practices,What is an inattentive driver?,"a:Someone who checks mirrors regularly.,b:Someone who maintains eye contact with a passenger.,c:Someone who stares off the road,d:Someone who only watches the car ahead.",c,"Being distracted by passengers, devices, or daydreaming reduces a driver’s ability to notice hazards and respond appropriately.",easy
3,"Signs, Signals & Road Markings",What does a green arrow in a traffic signal mean?,"a:The same as a circular green but only on one-way streets.,b:Traffic in the lane indicated may proceed but must turn in the direction shown by the arrow.,c:You may go straight only.",b,"A green arrow gives you the right to make the movement indicated, but you must follow the arrow's direction.",easy
4,Safe & Defensive Driving Practices,What happens to your field of vision as vehicle speed increases?,"a:It becomes more sensitive to peripheral movement.,b:It decreases,c:It increases dramatically.,d:It remains unchanged.",b,"As speed rises your effective field of vision narrows, so you must be extra alert for hazards when driving faster.",medium
4,Safe & Defensive Driving Practices,"Before changing lanes on a multilane highway, what should you do?","a:Sound your horn.,b:Turn on your headlights.,c:Check rearview and side mirrors and glance over your shoulder to check the blind spot.",c,Always check mirrors and your blind spot by looking over your shoulder before changing lanes; signaling is also required.,easy
4,Safe & Defensive Driving Practices,How should you check blind spots when changing lanes?,"a:Turn your head and glance over the shoulder toward the direction you plan to move.,b:Rely only on the inside rearview mirror.,c:Use only the outside mirror on that side.",a,Mirrors may not show other vehicles in blind spots; always turn your head to look over your shoulder before changing lanes.,easy
7,Vehicle Ownership & Responsibilities,"If you leave your vehicle unattended, what must you do?","a:Only set the parking brake.,b:Leave the engine running briefly.,c:Leave the radio on to deter theft.,d:Turn off the engine",d,"When unattended you must stop the engine, lock the ignition and remove the key, and set the parking brake.",easy
3,"Signs, Signals & Road Markings",A single broken white line down the center of a road means:,"a:Lanes move in the same direction and drivers may change lanes when safe,b:Lanes move in opposite directions and drivers are not permitted to pass,c:Lanes move in opposite directions and passing is not permitted",c,Broken white lines separate lanes moving in the same direction and allow lane changes when safe.,easy
2,Traffic Laws & Rules of the Road,What do speed limit signs indicate?,"a:Recommended speeds for inexperienced drivers only.,b:The maximum or minimum legal speed for ideal conditions; you must slow below the limit when conditions require.,c:Potential driving speeds for the area only.,d:The speed drivers should drive in heavy traffic.",b,Speed limits show the maximum (or minimum) legal speed under ideal conditions; adjust lower when conditions are unsafe.,easy
2,Traffic Laws & Rules of the Road,"When moving from the right lane into the left lane on a multilane highway, what should you do before changing lanes?","a:Look in your side mirror for traffic and turn on your directional signal.,b:Look over your left shoulder for traffic in your blind spot before changing lanes.,c:Look in your rearview mirror for traffic behind you before changing lanes.",b,"Always check mirrors, use your signal, and glance over the shoulder toward the lane you plan to enter to check blind spots.",easy
4,Safe & Defensive Driving Practices,When should you signal?,"a:Only at intersections,b:Changing lanes,c:Only when making major turns",b,"Always use signals when changing lanes, entering traffic from driveways/alleys, or pulling in/out of parking spaces to communicate intentions.",easy
2,Traffic Laws & Rules of the Road,When must you yield to other drivers when entering traffic?,"a:Only when they are on a road to your left,b:Only when your signal is green,c:When entering from a garage",c,"Yield to pedestrians and roadway traffic when entering from private property such as garages, alleys, or driveways.",easy
2,Traffic Laws & Rules of the Road,"As a traffic light changes from green to yellow as you approach an intersection, what should you do?","a:Come to a sudden stop in the middle of the intersection.,b:Be prepared to stop safely; do not speed up to beat the red light.,c:Accelerate to beat the red.,d:Continue without changing speed in all cases.",b,A steady yellow warns the light will turn red soon; slow and stop if it is safe to do so rather than accelerating to beat the light.,easy
4,Safe & Defensive Driving Practices,"If your vehicle with ABS begins to skid on a slippery surface, you should:","a:Press and hold the gas pedal,b:Press and hold the brake pedal firmly and steer out of danger,c:Pump the brakes repeatedly",c,"With ABS, press firmly and hold the brake; the system will rapidly modulate braking so you can steer.",medium
6,"Alcohol, Drugs & Impaired Driving","For persons age 21 or older, what BAC is illegal to drive at or above?","a:0.05 percent.,b:0.08 percent.,c:0.02 percent.",b,Drivers 21 and older are legally impaired at a blood alcohol concentration of 0.08 percent or higher.,easy
2,Traffic Laws & Rules of the Road,When should you begin slowing down as you exit a highway?,"a:After you have moved into the exit lane,b:On the main road just before the exit lane,c:Only when you see a toll booth",a,Enter the exit lane well in advance; do not slow down on the main travel lanes before moving into the exit lane.,easy
8,Special Situations & Road Users,"If a fire engine is following you on a two-lane street but not using emergency signals, what should you do?","a:Stop in the center of the road.,b:Continue driving normally; you do not need to clear a path.,c:Pull over immediately and stop.,d:Speed up to get out of the way.",b,"If an emergency vehicle is following but not using siren or lights, you are not required to clear the way; continue your normal driving.",easy
4,Safe & Defensive Driving Practices,"To relieve fatigue on a long trip, what is recommended?","a:Keep driving and listen to loud music.,b:Stop and rest every two hours or when drowsy.,c:Do arm exercises without stopping.,d:Drive with one eye closed occasionally.",b,Take regular breaks—about every two hours—or stop for rest if you become drowsy; never drive while fatigued.,easy
3,"Signs, Signals & Road Markings",What device is sometimes used on highways to indicate which lanes to use for turning?,"a:Stop signs in the middle of the road.,b:Flashing red lights only.,c:Lane-use arrows painted on pavement or on overhead signs.,d:White lines on the side of the road.",c,Arrows (on signs or pavement) direct drivers into the proper lanes for left or right turns and for through traffic.,easy
8,Special Situations & Road Users,Extra caution is required when approaching a pedestrian carrying a white cane because:,"a:They are likely blind or visually impaired,b:They are a police officer,c:They are deaf",c,White canes or guide dogs indicate blindness or visual impairment; yield and be prepared to stop.,easy
8,Special Situations & Road Users,"If railroad crossing signals are flashing as you approach, you should:","a:Stop at a safe distance and look for a train,b:Slow down and look for a train,c:Look for a train then speed up to clear the crossing",a,"When warning lights are flashing, stop no closer than 15 feet from the nearest rail and wait until signals stop.",medium
5,Driving in Special Conditions,"When driving in bad weather, how should you adjust following distance?","a:Keep the same following distance as in good weather,b:Increase your following distance,c:Decrease your following distance",b,"Increase following distance in rain, snow, or other adverse conditions to allow more time to stop.",easy
4,Safe & Defensive Driving Practices,Defensive driving is best defined as:,"a:Getting ahead of poor drivers in traffic,b:Following the vehicle ahead closely to anticipate stops,c:Identifying dangerous situations and taking steps to avoid accidents",c,Defensive driving means anticipating hazards and taking actions to prevent crashes.,easy
8,Special Situations & Road Users,"If you hear a fire engine siren behind you, what must you do?","a:Turn on your hazards and keep driving.,b:Speed up to avoid it.,c:Pull over to the side of the road and stop to allow it to pass.",c,"When an emergency vehicle is approaching with sirens or lights, pull to the curb or edge of the road and stop until it passes.",easy
8,Special Situations & Road Users,"If a transit bus signals to re-enter traffic after stopping, what must you do?","a:Yield and allow the bus to merge safely,b:Honk to let the driver know you're there,c:Speed up to pass before the bus merges",a,"Yield to transit vehicles re-entering traffic after passenger loading; change lanes, slow, or stop as needed to let them merge safely.",easy
4,Safe & Defensive Driving Practices,What is the best practice to ensure safety when backing your vehicle?,"a:Check your rearview mirrors to see what is behind you.,b:Check behind the vehicle before you get into the driver's seat.,c:Honk your horn right before shifting into reverse.",b,"Before backing, walk behind and around your vehicle to check for children, pets, and objects you cannot see from the driver seat.",medium
3,"Signs, Signals & Road Markings",Solid white stop lines painted across traffic lanes indicate:,"a:In curves and on hills,b:Where drivers must stop at intersections and pedestrian crosswalks,c:Next to churches and schools",a,Stop lines mark the exact location where drivers must stop at intersections or crosswalks.,easy
5,Driving in Special Conditions,What is the most common cause of hydroplaning?,"a:Frequent sudden stops.,b:Driving too fast for wet road conditions.,c:Making sudden turns.",b,Hydroplaning occurs when tires ride on a film of water; excessive speed on wet roads greatly increases the risk.,medium
7,Vehicle Ownership & Responsibilities,"When parking uphill next to a curb, set the parking brake and:","a:Keep the rear tires against the curb,b:Keep the front tires straight ahead,c:Turn your steering wheel away from the curb",c,Turning the wheels away from the curb will make the car roll into the curb if the brakes fail.,easy
2,Traffic Laws & Rules of the Road,"If a driver shows the left arm and hand extended upward, what does that hand signal indicate?","a:Turn right.,b:Continue straight ahead.,c:Turn left.",c,A left arm extended upward from the driver indicates an intention to turn right when using hand signals.,medium
