section-num,section-name,question,options,correct-answer,note,difficulty
8,Special Situations & Road Users,"When approaching railroad tracks, what should you always do?","a:Speed up to pass the tracks quickly.,b:Look, listen, slow down, and be prepared to stop.,c:Try to drive around any lowered gate.",b,"When approaching railroad tracks, you should look and listen for trains, slow down, and be prepared to stop if necessary.",medium
5,Driving in Special Conditions,"If an oncoming driver has blinding high beams, you should:","a:Look toward the right edge of the road until the vehicle passes.,b:Flash your lights on and off to warn them.,c:Dim your own lights and speed up to pass quickly.",a,"When confronted by blinding headlights, look right and toward the edge of the road to avoid being temporarily blinded.",medium
5,Driving in Special Conditions,When are road surfaces most likely to freeze quickly?,"a:On sections shaded by trees or buildings.,b:On road segments exposed to direct sunlight.,c:On flat open stretches of highway.",a,"Shaded areas freeze more quickly in cold or wet weather and are often the last parts of the road to dry, so use extra caution.",easy
5,Driving in Special Conditions,"If you become stranded in a snowstorm, the safest action is to:","a:Stay inside your vehicle and wait for help.,b:Get out and walk for help immediately.,c:Lay down and sleep in your car.",a,Staying in your car makes you more likely to be found and protects you from exposure; leave only if help is very close.,medium
5,Driving in Special Conditions,What should be your first reaction to reduced visibility while driving?,"a:Turn on your windshield wipers.,b:Reduce your speed.,c:Turn on interior lights.,d:Increase your following distance only.",b,"Your first response to decreased visibility should be to slow down. Adjust headlights, wipers, and following distance as needed.",easy
6,"Alcohol, Drugs & Impaired Driving",What effect does drinking coffee have on your blood alcohol concentration (BAC)?,"a:Cancels the effect of the alcohol.,b:Decreases blood alcohol concentration.,c:Has no effect on blood alcohol concentration.,d:Makes you legally sober instantly.",c,"Coffee, cold showers, or other such measures do not reduce BAC or sober you up; only time does.",easy
2,Traffic Laws & Rules of the Road,How long before a turn should you activate your turn signal to give others warning?,"a:Use your signal about three to four seconds before turning.,b:Signal only as you start the turn.,c:Signal after you begin the turn.",a,Activate your turn signal about three to four seconds before making the turn to alert other road users.,easy
7,Vehicle Ownership & Responsibilities,Why is a leaky exhaust system dangerous?,"a:It reduces your fuel efficiency only.,b:It causes a loss of engine power only.,c:It improves ventilation in the passenger compartment.,d:It can cause carbon monoxide poisoning.",d,"A leaking exhaust can allow carbon monoxide into the passenger compartment, which is odorless and potentially fatal; fix exhaust leaks immediately.",medium
3,"Signs, Signals & Road Markings","When the center of the road has a solid yellow line next to a broken yellow line and the broken line is next to your lane, you may:","a:Pass only in an emergency.,b:Pass only if on an expressway.,c:Cross the broken line to pass when it is safe and there is no oncoming traffic.",c,"If the broken yellow line is beside your lane, you may pass when it is safe and no oncoming traffic is present.",medium
2,Traffic Laws & Rules of the Road,"If you want to move from the right lane to the left lane on a multilane highway, what should you do before changing lanes?","a:Check your mirrors and blind spots, signal, then change lanes.,b:Look over your left shoulder to check your blind spot before changing lanes.,c:Turn on your signal while checking only the rearview mirror.",b,"Before changing lanes, check mirrors and look over your shoulder in the direction you intend to move to verify there is no vehicle in your blind spot. Signal every time you change lanes.",medium
2,Traffic Laws & Rules of the Road,"To pass a slower vehicle on a two-lane, two-way road you must:","a:Never cross the centerline.,b:Flash your lights at oncoming traffic.,c:Move into the lane used by oncoming traffic when it is safe and legal to pass.",c,"Passing on a two-lane, two-way road requires you to enter the lane used by oncoming traffic to complete the pass, only when it is safe and legal to do so.",medium
4,Safe & Defensive Driving Practices,"Before backing out of your driveway when children are nearby, what should you do?","a:Sound your horn before you start.,b:Walk to the back of the car to be sure the way is clear.,c:Check only your mirrors.,d:Back out slowly while watching inside the car.",b,Exit the vehicle and check behind it whenever small children are playing nearby; do not rely solely on mirrors or cameras.,easy
4,Safe & Defensive Driving Practices,How does smoking or preparing to smoke while driving affect you?,"a:It does not affect driving abilities.,b:It helps maintain driver alertness.,c:It is a distracting activity that can reduce safety.,d:It only affects drivers at night.",c,Smoking while driving can distract you by taking your eyes off the road and hands off the wheel; avoid activities that interfere with driving.,easy
3,"Signs, Signals & Road Markings",What is the purpose of highway pavement markings?,"a:They are decorative and optional.,b:They provide information and guidance to drivers.,c:They are only used in construction zones.,d:They indicate no-parking areas only.",b,"Pavement markings guide vehicle positioning, indicate passing zones, and warn drivers of upcoming conditions; they are important for safe driving.",easy
2,Traffic Laws & Rules of the Road,Which is a true rule about passing another vehicle?,"a:Signal at least 100 feet before changing lanes to pass, and be sure no oncoming traffic is present.,b:Only check your mirrors; do not look over your shoulder.,c:Return to your lane immediately once the front bumper of the passed car is even with you.",a,"Signal at least 100 feet before a lane change, check mirrors and blind spots, and ensure it is safe to pass before doing so.",medium
2,Traffic Laws & Rules of the Road,"When merging into a crowded freeway, you should:","a:Use the acceleration lane to match the speed of freeway traffic and yield to existing traffic.,b:Stop at the end of the ramp and wait.,c:Enter slowly and expect freeway drivers to slow for you.",a,"Use the entrance ramp to accelerate to highway speed, check mirrors and blind spots, and yield to traffic when merging.",medium
2,Traffic Laws & Rules of the Road,"Unless otherwise posted, what is the speed limit in thickly settled or business districts?","a:10 mph.,b:20 mph.,c:30 mph.",c,"Unless posted otherwise, the speed limit in thickly settled areas and business districts is 30 mph; drive with extra caution.",easy
2,Traffic Laws & Rules of the Road,"If a police officer stops you, how should you behave while waiting for the officer to approach?","a:Get out of the vehicle and approach the officer.,b:Unbuckle your seat belt and lower your window completely.,c:Stay in your vehicle with hands visible on the steering wheel and wait for instructions.,d:Immediately retrieve your license and papers before the officer reaches your car.",c,Remain inside with your hands on the wheel and ask passengers to keep hands visible. Only retrieve documents when asked.,easy
5,Driving in Special Conditions,"When driving on slippery roads, what should you do about following distance?","a:Increase your following distance.,b:Keep the same following distance as dry roads.,c:Decrease your following distance.,d:Tailgate to keep flow steady.",a,On slippery surfaces give yourself extra space because stopping distances will be longer.,easy
4,Safe & Defensive Driving Practices,How can stress affect your driving?,"a:It can cause you to fall asleep at the wheel.,b:It can reduce your ability to concentrate on driving.,c:It decreases your chance of an accident.,d:It improves reaction time.",b,Strong emotions and stress can lessen your concentration and impair driving performance; wait to drive if emotionally unstable.,easy
6,"Alcohol, Drugs & Impaired Driving","If you drink socially, what helps ensure a safe trip home?","a:Drink coffee before driving.,b:Take a cold shower before driving.,c:Arrange a ride home with a friend who has not been drinking.,d:Wait 10 minutes and drive if you feel better.",c,Only time removes alcohol from your system; the safe option is to arrange a sober ride or use other sober-transportation options.,easy
2,Traffic Laws & Rules of the Road,When is driving below the posted speed limit illegal?,"a:When driving in a construction zone only.,b:Only when on rural roads.,c:When driving slowly disrupts the normal flow of traffic.,d:When driving in heavy rain.",c,It is unlawful to drive so slowly that you impede normal traffic flow; you can be cited for unreasonably slow driving.,medium
8,Special Situations & Road Users,"Compared with smaller vehicles, large trucks have what type of blind spots?","a:Smaller blind spots.,b:Larger blind spots.,c:No blind spots.,d:Only rear blind spots.",b,"The bigger the vehicle, the larger its blind spots. Trucks have significant areas around them that the driver cannot see in mirrors.",easy
8,Special Situations & Road Users,You have a green light but pedestrians are illegally crossing against a red signal. What should you do?,"a:Speed up and pass in front of them.,b:Sound your horn to clear the crosswalk.,c:Stop to let the pedestrians cross safely.",c,Yield to pedestrians and any vehicles in the intersection even if you have a green light; always be cautious around pedestrians.,easy
4,Safe & Defensive Driving Practices,"Before turning the ignition on, what should you do?","a:Buckle your safety belt and make sure all passengers are buckled.,b:Make sure only backseat passengers have fastened seat belts.,c:Buckle only adult passengers.,d:Adjust mirrors and the radio before fastening your belt.",a,"Develop a routine: before switching on the ignition, fasten your safety belt and ensure all passengers do the same.",easy
8,Special Situations & Road Users,Motorists should remember that large trucks:,"a:Can stop more quickly than passenger vehicles.,b:Require less space to turn than cars.,c:Have large blind spots and need more room to maneuver and stop.",c,Trucks have significant no-zones and require greater stopping and turning distances; avoid lingering alongside them.,medium
4,Safe & Defensive Driving Practices,"When passing a vehicle that has just parked at the curb, you should:","a:Assume a door may open and use extra caution.,b:Speed up to pass quickly.,c:Brake hard and sound your horn.",a,Expect that a driver or passenger may open a door; pass with care and give extra space.,easy
2,Traffic Laws & Rules of the Road,What is the correct way to use a freeway exit ramp?,"a:Slow down before you reach the exit ramp.,b:Slow down once you are on the exit ramp.,c:Keep your speed constant while on the ramp.,d:Stop at the start of the ramp and then slow down.",b,Do not decelerate suddenly on the freeway; begin slowing once you have moved onto the exit ramp and can do so safely.,medium
8,Special Situations & Road Users,"If an approaching train is close enough or fast enough to be dangerous, you must:","a:Slow down and proceed with caution.,b:Not cross the tracks until the train has completely passed.,c:Cross at your own risk if signals are off.,d:Speed up to clear the tracks before it arrives.",b,"If a train is near enough or moving quickly, do not cross the tracks; wait until it has safely passed and all warning devices indicate it is clear.",easy
5,Driving in Special Conditions,When driving in bad weather you should:,"a:Decrease your following distance.,b:Increase your following distance.,c:Increase speed to reach your destination sooner.",b,On wet or slippery roads increase following distance to allow more stopping time.,easy
4,Safe & Defensive Driving Practices,"If you're waiting to turn left at a multilane intersection and oncoming traffic blocks your view, you should:","a:Wave oncoming drivers to let you go.,b:Wait until you can see all lanes you must cross before turning.,c:Accelerate rapidly as soon as the first lane clears.",b,Never start a left turn until you can see that all the lanes you must cross are clear and the turn can be made safely.,medium
3,"Signs, Signals & Road Markings",Which traffic signal indicates you should slow down and proceed with caution?,"a:A flashing red light.,b:A flashing yellow light.,c:A steady green light.,d:A solid yellow light.",b,A flashing yellow light warns you to slow and proceed with caution; a flashing red means stop.,easy
5,Driving in Special Conditions,"When it begins to sleet or snow while you are driving, what should you do?","a:Keep windshield and mirrors clear and increase following distance.,b:Maintain normal following distance and drive as usual.,c:Speed up to get to your destination sooner.",a,"In sleet or snow, keep windshield and mirrors clear and allow extra space between you and the vehicle ahead because stopping distances increase on slippery roads.",easy
1,Licensing & Permit Requirements,"When stopped by police for a traffic violation or equipment check, what must the driver produce?","a:Proof of insurance only.,b:The driver's license.,c:Proof of vehicle registration only.",b,"When stopped, the driver must be prepared to produce their license, proof of registration, and proof of insurance; carrying all three is required.",easy
2,Traffic Laws & Rules of the Road,"At an uncontrolled intersection, you and a vehicle to your right arrive at the same time. What should you do?","a:Speed up to beat the other vehicle.,b:Slow down and yield to the vehicle on your right.,c:Enter the intersection and force the other vehicle to stop.,d:Honk to assert your right-of-way.",b,"When two vehicles reach an uncontrolled intersection simultaneously, yield to the vehicle on your right and proceed only when safe.",easy
7,Vehicle Ownership & Responsibilities,"If you are involved in a crash, what is your first responsibility at the scene?","a:Stop your vehicle immediately and remain at the scene.,b:Immediately leave the scene and report later.,c:Drive to the nearest police station before helping.,d:Continue driving if damage appears minor.",a,"If involved in a crash you must stop. Move out of traffic if possible, call for help, and provide assistance without moving seriously injured people unless necessary.",medium
8,Special Situations & Road Users,"As a pedestrian, what is the safest rule when vehicles are approaching a crosswalk?","a:Always insist on your right-of-way and step into traffic.,b:Never enter a street or crosswalk while vehicles are approaching closely.,c:Assume drivers will always stop for you.,d:Cross at any point regardless of vehicle distance.",b,"Pedestrians should not step into a crosswalk when vehicles are approaching too closely to stop safely; even with right-of-way, allow vehicles time to stop.",easy
2,Traffic Laws & Rules of the Road,"When turning onto a street that has multiple lanes going your direction, into which lane should you turn?","a:Turn into the lane marked with an arrow.,b:Turn into the middle lane.,c:Turn into the lane closest to your original lane.,d:Turn and immediately change into any lane you prefer.",c,"When turning onto a street with more than one lane in the same direction, turn into the lane closest to the one you came from and do not change lanes during the turn.",medium
5,Driving in Special Conditions,"When parking uphill next to a curb, you should set the parking brake and:","a:Turn your front wheels away from the curb.,b:Keep the front wheels straight ahead.,c:Keep the rear tires tight against the curb.",a,"Facing uphill with a curb, turn wheels away from the curb so the vehicle will roll into the curb if it moves.",easy
4,Safe & Defensive Driving Practices,Which of the following commonly causes traffic accidents?,"a:Inattentive driving.,b:Excessive speed for conditions.,c:Following other vehicles too closely.,d:All of the above.",d,"Inattentive driving, driving too fast for conditions, and tailgating are frequent causes of collisions.",medium
4,Safe & Defensive Driving Practices,"If your vehicle's accelerator suddenly sticks open while driving, what should you do?","a:Turn off the ignition while steering to a safe area, apply brakes, and pull off the road.,b:Slam on your brakes and jump out.,c:Blow your horn continuously and stay in the lane.,d:Shift into neutral and keep driving at speed until help arrives.",a,"If the accelerator sticks, ease off the gas, shift to neutral, carefully turn off the ignition once safe to stop the engine, and brake to a safe area; avoid locking the steering.",medium
2,Traffic Laws & Rules of the Road,"If two drivers reach an uncontrolled intersection at the same time, who has the right-of-way?","a:The larger vehicle has the right-of-way.,b:Whoever is turning has the right-of-way.,c:The driver on the right has the right-of-way.,d:The driver on the left has the right-of-way.",c,"When two vehicles arrive at an uncontrolled intersection simultaneously, the vehicle on the right has the right-of-way. Proceed only when it is safe to do so.",easy
4,Safe & Defensive Driving Practices,"When driving near large trucks, what should other drivers account for?","a:That large vehicles stop much sooner than cars.,b:That large vehicles can see everything behind them.,c:That trucks always yield to smaller vehicles.,d:The increased stopping distance required by large vehicles.",d,Large vehicles require more distance to stop and have bigger blind spots; give them space and avoid lingering where the trucker cannot see you.,medium
4,Safe & Defensive Driving Practices,"If a tire blows out while you are driving, what is the correct response?","a:Brake hard immediately.,b:Try to steer straight while gradually slowing by easing off the gas, then brake gently.,c:Maintain current speed and keep steering locked.,d:Turn sharply toward the shoulder and brake hard.",b,"Keep the vehicle headed straight, ease off the gas without braking until you are in control, then brake gently and pull safely off the road.",medium
5,Driving in Special Conditions,Roads become especially slippery when:,"a:Rain first begins for the initial 10 to 15 minutes.,b:It has been raining for several hours.,c:The day after it rains.",a,Pavement is most slippery during the first 10–15 minutes of rain as oil on the surface mixes with water.,medium
8,Special Situations & Road Users,"After stopping for a school bus that is unloading children, what should you do?","a:Proceed immediately once the bus starts moving.,b:Watch carefully for children walking along the side of the road.,c:Accelerate quickly to clear the area.",b,"After a school bus extends its stop arm and children are unloading, watch for children who may walk into the roadway and proceed only when it is safe.",medium
3,"Signs, Signals & Road Markings",An 'End school zone' sign indicates:,"a:The end of the reduced speed school zone.,b:The start of a 20 mph zone.,c:That pedestrians are more likely to be present.",a,The 'End school zone' sign marks the end of the reduced school speed zone.,easy
7,Vehicle Ownership & Responsibilities,Seat belts are most effective when worn by:,"a:All occupants of the vehicle.,b:Only the driver.,c:Passengers only on long trips.",a,Every occupant should wear a seat belt; unbelted passengers can become projectiles in a crash.,easy
6,"Alcohol, Drugs & Impaired Driving",Alcohol affects driving by:,"a:Slowing reflexes and reaction time.,b:Waking you up and sharpening reflexes.,c:Having no effect at low doses.",a,Alcohol is a depressant that slows brain activity and reduces skills needed for safe driving.,easy
2,Traffic Laws & Rules of the Road,When entering a street from a driveway you must:,"a:Stop and proceed only when no vehicles or pedestrians are approaching.,b:Honk to alert others and then go.,c:Drive slowly so others will get out of your way.",a,Always stop before entering the roadway from a driveway and yield to approaching vehicles and pedestrians.,easy
5,Driving in Special Conditions,"During winter weather, how do overpasses and bridges compare to other roadways?","a:They are affected exactly the same as other roadways.,b:They thaw out before the rest of the roads.,c:They are always safer to drive on.,d:They can freeze before and remain icy longer than other road surfaces.",d,Bridges and overpasses are exposed to air on all sides and may ice over sooner and remain icy longer than regular road surfaces.,medium
6,"Alcohol, Drugs & Impaired Driving",What effect does taking drugs along with alcohol have on driving risk?,"a:No change in risk.,b:Less dangerous than alcohol alone.,c:Increases the risk of causing a crash.",c,"Combining alcohol with other drugs, including legal medications, increases impairment and the risk of being involved in a crash.",medium
8,Special Situations & Road Users,"When you hear a fire engine siren behind you, you must:","a:Pull over to the side of the road and stop.,b:Slow down and continue driving.,c:Turn on your hazard flashers and keep going.",a,"When an emergency vehicle is approaching with siren or lights, you must pull to the curb or side of the road and stop to allow it to pass.",easy
2,Traffic Laws & Rules of the Road,What should you do before passing another vehicle?,"a:Re-enter your lane within ten feet of the passed vehicle.,b:Honk your horn repeatedly then pass.,c:Check your mirrors and blind spots, signal, and only re-enter the lane when you can see the passed vehicle's front in your rearview mirror.",c,"Before passing, check mirrors and blind spots, signal, and re-enter only when you can see the passed vehicle's front in your rearview mirror.",medium
2,Traffic Laws & Rules of the Road,"When using a roundabout, which action is required?","a:Yield to entering traffic.,b:Drive in a clockwise direction around the central island.,c:Stop in the center before exiting.,d:Enter from the right, yielding to traffic already in the roundabout.",d,Roundabouts flow counterclockwise; drivers entering must yield to traffic already circulating and follow the circle to their exit.,medium
8,Special Situations & Road Users,You must pull to the road edge and stop for an emergency vehicle with flashing lights:,"a:Regardless of whether it is approaching from behind or facing you.,b:Only if it is following you.,c:Only if it is coming toward you from the opposite direction.",a,Pull to the right edge of the road and stop for emergency vehicles with flashing lights regardless of direction.,easy
2,Traffic Laws & Rules of the Road,"When parking uphill on a street with a curb, which way should you turn your front wheels?","a:Sharply toward the curb.,b:Slightly to the right.,c:Parallel to the curb with wheels straight.,d:Sharply away from the curb.",d,"When parked facing uphill with a curb, turn your wheels away from the curb so the vehicle will roll into the curb if it begins to move.",medium
8,Special Situations & Road Users,How must drivers treat pedestrians on the roadway?,"a:Make sure the pedestrian notices their vehicle.,b:Always yield the right-of-way to pedestrians, even if the pedestrian is wrong.,c:Yield only when the pedestrian is legally entitled to the right-of-way.",b,Drivers must do everything they can to avoid striking pedestrians. Yield the right-of-way to pedestrians even if they are not strictly obeying rules.,easy
4,Safe & Defensive Driving Practices,How can you help prevent rear-end collisions?,"a:Before stopping, only check your blind spots.,b:Drive in the center of the lane always.,c:Brake late and hard to surprise tailgaters.,d:Avoid sudden stops and allow extra following distance.",d,"Release the gas early to allow the vehicle to slow, signal and brake smoothly to give drivers behind you time to react.",easy
5,Driving in Special Conditions,"If you need to slow down on a slippery road, what is the first action you should take?","a:Apply firm continuous pressure to the brakes.,b:Take your foot off the gas pedal.,c:Engage the parking brake.",b,"To slow on slippery surfaces, first lift your foot off the accelerator. If more slowing is needed, gently apply steady pressure to the brake.",medium
2,Traffic Laws & Rules of the Road,"If you reach an intersection where you want to turn but are not in the correct lane, what should you do?","a:Quickly cut across traffic to make your turn.,b:Turn on your blinker and make the turn from your current lane.,c:Stop and reverse into the correct lane.,d:Continue to the next intersection and make the turn from the proper lane.",d,Do not make last-minute or unsafe turns; proceed to the next intersection and turn from the correct lane.,easy
7,Vehicle Ownership & Responsibilities,What single action most effectively reduces your risk of serious injury or death in a crash?,"a:Driving at speed limits above posted values.,b:Staying in the right lane.,c:Driving only on weekdays.,d:Wearing your seat belt.",d,Wearing a seat belt is the most effective thing you can do to lower the risk of death or serious injury in a crash.,easy
6,"Alcohol, Drugs & Impaired Driving",Which types of drugs can impair your driving ability?,"a:Only illegal drugs.,b:Only marijuana.,c:Illegal drugs as well as prescription and over-the-counter medications.",c,"Many substances, including illegal drugs and legal prescription or OTC medications, can impair your ability to drive safely.",medium
2,Traffic Laws & Rules of the Road,"If you miss your exit on the interstate, what should you do?","a:Quickly cut across traffic to reach the exit.,b:Make a U-turn on the interstate.,c:Continue to the next exit and exit there.,d:Stop in the lane and back up.",c,Do not make unsafe last-minute maneuvers; continue to the next exit and re-route from there.,easy
2,Traffic Laws & Rules of the Road,Which of these must you obey over the others?,"a:A steady red traffic light.,b:A police officer directing traffic.,c:A stop sign.",b,"Directions from authorized traffic officers take precedence over traffic signals, signs, and pavement markings.",easy
2,Traffic Laws & Rules of the Road,"When turning or changing lanes, you must:","a:Always signal your intentions, even when no visible traffic is present.,b:Only signal if other vehicles are nearby.,c:Signal only at night.",a,"Always use your turn signals when changing lanes, turning, or pulling away from a curb to alert other road users.",easy
3,"Signs, Signals & Road Markings",What do pennant-shaped traffic signs usually indicate?,"a:School zones.,b:No passing zones.,c:Speed limits.",b,"Pennant-shaped signs, placed on the left side of the road, typically indicate no passing zones.",easy
4,Safe & Defensive Driving Practices,What characteristic defines a good defensive driver?,"a:Travels at a constant slow speed at all times.,b:Looks ahead for the actions of other drivers and anticipates hazards.,c:Relies only on other drivers to behave properly.,d:Always follows the vehicle directly in front of them closely.",b,"A defensive driver looks for and anticipates the actions of others, allowing time to react to hazards.",easy
2,Traffic Laws & Rules of the Road,When may you cross double solid yellow lines?,"a:Never under any circumstances.,b:To pass a slow vehicle when there's no oncoming traffic.,c:To turn into or out of a driveway or make a permitted left turn.",c,Double solid lines prohibit passing; crossing is allowed for permitted left turns into or from driveways or roadways.,easy
3,"Signs, Signals & Road Markings",What does a green arrow signal mean?,"a:It only applies to one-way streets.,b:Traffic may proceed and must turn in the direction of the arrow.,c:You may proceed only if a circular green light is also showing.",b,A green arrow allows traffic in the indicated lane to proceed and requires drivers to turn in the direction shown by the arrow.,easy
4,Safe & Defensive Driving Practices,"To avoid driving unsafely due to health, what should you do?","a:Rely on occasional rest instead of medical checks.,b:Always drive regardless of physical condition.,c:Ignore medication warnings if you feel fine.,d:Keep fit, know how medicines affect you, and drive within your limitations.",d,"Drivers should be aware of their physical limits, maintain health, and understand how medications or conditions affect driving ability.",medium
4,Safe & Defensive Driving Practices,When should you look over your shoulder to check your blind spot?,"a:Only when pulling toward or away from a curb.,b:When changing lanes, turning, or pulling toward/away from a curb.,c:Only when turning left or right.,d:Only if your mirrors show nothing.",b,"Always check blind spots by glancing over your shoulder any time you intend to change the vehicle's position: turning, changing lanes, or leaving/approaching a curb.",easy
4,Safe & Defensive Driving Practices,"If your wheels drop off the pavement onto the shoulder, how should you re-enter the road?","a:Brake hard and turn sharply back onto the pavement.,b:Stop on the shoulder and wait for help.,c:Slow down, regain control, and carefully steer back onto the pavement.,d:Speed up and swerve back onto the pavement.",c,"Reduce speed without braking hard, check traffic, and carefully steer back onto the roadway when it is safe to do so.",medium
3,"Signs, Signals & Road Markings",A solid red arrow displayed by a traffic signal means:,"a:A driver may proceed slowly in the arrow's direction.,b:It only applies to pedestrians.,c:The same as a yellow arrow.,d:Traffic in the indicated lane must stop and may not turn in the arrow's direction.",d,A steady red arrow has the same effect as a circular red light for that lane: you must stop and may not turn in the arrow's direction until it changes.,easy
5,Driving in Special Conditions,"When driving on slick roads, how should you handle turns?","a:Take turns more slowly than usual.,b:Change lanes quickly to avoid puddles.,c:Accelerate through the turn to maintain momentum.",a,Approach and negotiate turns more slowly on slippery roads to reduce the risk of skidding or losing control.,easy
3,"Signs, Signals & Road Markings",What does a red arrow on a traffic light require you to do?,"a:Stop and remain stopped until a green light or green arrow appears.,b:Slow and proceed with caution in the arrow's direction.,c:Stop and then proceed when clear even if the arrow stays red.,d:Make the turn if no other traffic is present.",a,A red arrow means stop for the arrow indication and remain stopped until it changes to green or a green arrow.,easy
6,"Alcohol, Drugs & Impaired Driving",Drivers who have consumed alcohol before driving typically:,"a:Do not have sufficient control over their bodies, minds, or vehicle operation.,b:Are always aware of the risks they're taking.,c:Drive better because they are more careful.",a,"Alcohol impairs judgment, vision, concentration, and reaction time; it never makes driving safer.",medium
2,Traffic Laws & Rules of the Road,"When entering interstate traffic from an entrance ramp, who must yield?","a:Drivers already on the interstate always yield.,b:The entering driver should yield to drivers already on the interstate.,c:The entering driver may force their way into traffic.,d:No one needs to yield on freeways.",b,Drivers merging from an entrance or acceleration ramp should yield to traffic already on the interstate and merge safely when a gap is available.,easy
3,"Signs, Signals & Road Markings",Signs that indicate areas of public recreation are what color?,"a:Brown.,b:Green.,c:Red.",a,"Brown signs mark cultural, historical, and recreational areas and attractions.",easy
5,Driving in Special Conditions,The effect of being awake for many hours on your driving ability is similar to:,"a:The effect of alcohol on driving ability.,b:The effect of taking amphetamines.,c:The effect of anger on driving.,d:The effect of reading before driving.",a,Fatigue impairs driving in a manner comparable to alcohol: long periods awake can produce impairment similar to a measurable BAC.,medium
8,Special Situations & Road Users,"At a railroad crossing without gates or flashing lights, how should you proceed?","a:Always stop no matter what.,b:Accelerate to clear the tracks quickly.,c:Prepare to yield and look both ways for trains before crossing.,d:Shift gears while crossing to avoid stalling.",c,"When there are no active warnings, slow, look both ways, and be prepared to stop for any approaching train; never start across unless you can clear the tracks completely.",medium
6,"Alcohol, Drugs & Impaired Driving",Which of the following is illegal for passengers in a moving motor vehicle?,"a:Using a cell phone.,b:Sleeping.,c:Having an opened alcohol container.",c,It is unlawful for anyone to possess or drink from an open alcohol container in a motor vehicle on a public road.,easy
5,Driving in Special Conditions,"If you must drive in fog, you should:","a:Turn on your hazard lights only.,b:Turn on low beam headlights (not high beams).,c:Drive at the maximum posted speed.",b,Use low beams and fog lights if available; high beams reduce visibility by reflecting off fog.,medium
4,Safe & Defensive Driving Practices,What is defensive driving?,"a:Driving aggressively to control the road.,b:Using safe driving strategies to prevent crashes.,c:Driving against the traffic to avoid others.",b,"Defensive driving means altering your driving to fit conditions, anticipating hazards, and using safe strategies to avoid crashes.",easy
4,Safe & Defensive Driving Practices,"If your vehicle does not have ABS and you must stop quickly, what should you do?","a:Hold the brake pedal down firmly.,b:Firmly pump the brakes repeatedly.,c:Tap the brakes lightly.",b,"If your vehicle lacks ABS, the best method in an emergency is to pump the brakes firmly to stop quickly while retaining some steering control.",medium
4,Safe & Defensive Driving Practices,How can you avoid collisions with vehicles in your blind spots?,"a:Honk your horn before changing lanes.,b:Turn your head quickly to check the blind spot before moving.,c:Adjust your rearview mirrors every few minutes.,d:Assume mirrors are always enough.",b,"Before changing lanes or turning, glance over your shoulder toward the direction of travel to check blind spots; do not rely only on mirrors.",easy
3,"Signs, Signals & Road Markings","Two solid white lines across a lane indicate a crosswalk. As a driver, what must you do?","a:Speed through if you do not see pedestrians.,b:Only stop if the crosswalk is unmarked.,c:Assume pedestrians yield to vehicles.,d:Always stop for pedestrians in the crosswalk and yield the right-of-way.",d,Marked crosswalks indicate where pedestrians may cross; vehicles must yield to pedestrians in the crosswalk.,easy
4,Safe & Defensive Driving Practices,Before changing lanes on a multilane highway you should:,"a:Check mirrors and look over your shoulder to verify there is no vehicle in your blind spot.,b:Reduce your speed dramatically.,c:Sound your horn as a signal.",a,Check rearview and side mirrors and glance over your shoulder to ensure the lane is clear before changing.,easy
2,Traffic Laws & Rules of the Road,"If two vehicles arrive at a four-way stop at the same time, which vehicle must yield?","a:The vehicle on the left must yield to the vehicle on the right.,b:The vehicle on the right must yield to the vehicle on the left.,c:Both vehicles should wave at each other to communicate.",a,"When two vehicles reach a four-way stop at the same time, the vehicle on the left must yield to the vehicle on the right.",easy
2,Traffic Laws & Rules of the Road,"At an intersection with a yield sign, you should:","a:Yield only to traffic on your left.,b:Always come to a complete stop.,c:Slow down and yield the right-of-way to traffic in the intersecting roadway.",c,A yield sign requires you to slow and give right-of-way to other traffic or pedestrians as needed.,easy
8,Special Situations & Road Users,"At a railroad crossing with only a crossbuck and no gates or lights, you should:","a:Approach with extreme caution and cross only when you are sure no train is coming.,b:Turn your radio up so you can hear trains better.,c:Wait for a flagger to tell you to cross.",a,Always approach such crossings cautiously and only cross when certain no trains are approaching from either direction.,medium
2,Traffic Laws & Rules of the Road,What is the proper sequence when changing lanes?,"a:Rely solely on your mirrors and move over.,b:Signal, check mirrors, check blind spot by looking over your shoulder, then change lanes.,c:Begin signaling as you move into the next lane.",b,"Before changing lanes, signal, check your mirrors, glance over your shoulder to check your blind spot, and move only when it is safe.",medium
5,Driving in Special Conditions,Which actions will help you drive more safely at night?,"a:Increase your following distance and ensure your headlights are working properly.,b:Drive only if you are very tired.,c:Turn off your headlights when there is oncoming traffic.,d:Use high beams at all times for the best visibility.",a,"Night driving reduces visibility; increase following distance, avoid driving if tired, and make sure headlights and signals work properly.",medium
3,"Signs, Signals & Road Markings",When is it legal to cross a dashed white lane line?,"a:Only during daylight hours.,b:When it is safe to change lanes.,c:Never.,d:Only if following a motorcycle.",b,Dashed white lines separate lanes moving in the same direction and may be crossed when it is safe to change lanes.,easy
4,Safe & Defensive Driving Practices,"If you are driving in another driver's blind spot, what should you do?","a:Move forward or drop back so the other driver can see you.,b:Keep a steady pace and stay there.,c:Stay in the blind spot to prevent lane changes.",a,Do not drive in someone else's blind spot. Move forward or fall back until you are visible in the other driver's mirrors.,easy
8,Special Situations & Road Users,"If there is an oncoming car to your left and a bicyclist to your right, how should you proceed?","a:Try to squeeze between them by splitting the difference.,b:Pull onto the shoulder to pass both at once.,c:Let the oncoming car pass first, then pass the bicyclist when safe.",c,"When multiple hazards exist, handle one at a time. Let the oncoming car pass, then safely pass the bicyclist giving ample space.",medium
2,Traffic Laws & Rules of the Road,You want to turn left at an intersection where the light is green but heavy oncoming traffic prevents it. You should:,"a:Wait for a safe gap in oncoming traffic before turning; you may enter the intersection to prepare if the light is green.,b:Wait in the center of the intersection for traffic to clear.,c:Use the next intersection instead always.",a,You may move into the intersection to prepare for a left turn on a green light but only complete the turn when all lanes you must cross are clear.,medium
3,"Signs, Signals & Road Markings",A red flashing traffic light is equivalent to a:,"a:Stop sign.,b:Yield sign.,c:Solid red light without stopping required.,d:No entry sign.",a,"A flashing red traffic signal requires a full stop, like a stop sign, then proceed only when safe.",easy
2,Traffic Laws & Rules of the Road,Which statement about speed is true?,"a:Higher speed always improves safety.,b:Speeding is never dangerous if you are an experienced driver.,c:Speed has no effect on crash severity.,d:Driving too slowly on certain highways can be dangerous.",d,Both excessive speed and driving much slower than traffic can be dangerous. Speed affects crash severity and driver control.,medium
3,"Signs, Signals & Road Markings","If a green arrow changes to a solid green light, what is true about turning?","a:You may still turn but must yield to oncoming traffic and pedestrians.,b:You may no longer turn and must proceed straight only.,c:You keep the exclusive right-of-way to turn.",a,"When the arrow ends and the light is solid green, turning is allowed but you must yield to oncoming traffic and pedestrians.",easy
6,"Alcohol, Drugs & Impaired Driving",Which of the following helps a person overcome the influence of alcoholic drinks?,"a:Tomato juice and lime.,b:Hot coffee.,c:Fresh air.,d:Only the passage of time.",d,No remedy will sober someone quickly; only time allows the body to eliminate alcohol.,easy
8,Special Situations & Road Users,"When you see or hear an emergency vehicle approaching, what should you do on a two-lane road?","a:Stop immediately in your lane.,b:Drive as far to the right as is safe and stop.,c:Proceed slowly and allow it to pass on your left.",b,"On a two-lane or undivided highway, move as near as possible to the right side and stop to yield to the emergency vehicle.",easy
7,Vehicle Ownership & Responsibilities,Which restraints are most effective in a crash?,"a:Both a lap/shoulder belt and an airbag used together.,b:Only an airbag.,c:Only a lap belt.",a,Seat belts combined with airbags provide the best protection; belts must be worn to get full benefit from airbags.,easy
8,Special Situations & Road Users,"If there are two railroad tracks side by side, after one train passes you should:","a:Look for another train on the other track before crossing.,b:Always stop and call authorities.,c:Assume it is safe to proceed immediately.",a,"After one train passes, another may be approaching on the adjacent track—ensure both tracks are clear before crossing.",medium
2,Traffic Laws & Rules of the Road,"You cannot pass safely on a two-way, two-lane street unless:","a:You can see far enough ahead to return to your lane before meeting oncoming traffic.,b:You are able to clearly see the road ahead only a short distance.,c:Your vehicle is the fastest on the road.",a,You must be able to see the road ahead sufficiently to pass and return to your lane before encountering oncoming traffic.,medium
3,"Signs, Signals & Road Markings","When a Pedestrian Hybrid Beacon shows two flashing red lights, you must:","a:Come to a complete stop before proceeding with caution.,b:Slow and proceed if clear.,c:Ignore it unless pedestrians are visible.",a,"A PHB displaying two flashing red lights requires drivers to stop, then proceed only when safe.",medium
8,Special Situations & Road Users,"If you approach railroad crossing with signals flashing, what must you do?","a:Stop and look for a train, at least 15 feet from the nearest rail.,b:Slow down and proceed if you do not see a train.,c:Speed up to beat the train.",a,"When signals at a railroad crossing are flashing, you must stop no closer than 15 feet from the nearest rail and wait until it is safe to cross.",medium
3,"Signs, Signals & Road Markings",What are the colors of highway guide signs that show distances to exits and destinations?,"a:Black background with white letters.,b:Yellow background with black letters.,c:Red background with white letters.,d:Green background with white letters.",d,Destination and distance guide signs on highways are green with white letters or symbols to direct drivers to exits and locations.,easy
3,"Signs, Signals & Road Markings",A steady yellow traffic signal warns that what will soon follow?,"a:A flashing yellow light.,b:A steady green light.,c:A steady red light.",c,"A steady yellow light means the signal is about to turn steady red, so prepare to stop if it is safe to do so.",easy
2,Traffic Laws & Rules of the Road,"What does a “Reduced speed, 35 mph” sign mean?","a:The new 35 mph speed limit begins at that sign.,b:The new speed begins at the next sign.,c:You have plenty of time to slow down after passing the sign.,d:The reduction is only a suggestion.",a,A posted reduced speed sign indicates the new speed limit begins at the sign and must be obeyed from that point.,easy
8,Special Situations & Road Users,"When you encounter a blind pedestrian with a white cane or guide dog, what should you do?","a:Honk to alert the pedestrian and proceed.,b:Assume they will avoid your vehicle.,c:Take the right-of-way and proceed.,d:Slow down, yield, and be prepared to stop.",d,Slow and yield to blind pedestrians using a cane or guide dog; be ready to stop to prevent harm.,easy
8,Special Situations & Road Users,"At a railroad crossing where you do not see or hear a train, when must you stop?","a:Only during nighttime hours.,b:Only when a train is visible.,c:If you are towing a trailer only.,d:If a stop sign is posted or if crossing lights are flashing or a gate is lowered.",d,"You must stop at railroad crossings when a stop sign is posted, warning lights are flashing, crossing gates are lowered, a flagger signals you, or a train is so close it is hazardous to cross.",medium
3,"Signs, Signals & Road Markings",What does a solid white line down the center of a two-lane road indicate?,"a:A pedestrian lane.,b:Lanes are moving in opposite directions and drivers may pass when safe.,c:Lanes are moving in opposite directions and drivers are not permitted to pass.,d:Lanes are moving in the same direction and drivers are not permitted to pass.",d,Solid white lines separate lanes of traffic moving in the same direction and indicate that lane changes are discouraged or prohibited.,medium
2,Traffic Laws & Rules of the Road,"On a multi-lane road, when you see a 'Merging traffic' sign you should:","a:Make room for entering vehicles by moving over if safe and possible.,b:Always keep your current speed and position.,c:Honk at incoming drivers to warn them off.",a,"When multiple lanes exist, give space to merging vehicles; change lanes if safe to do so.",easy
2,Traffic Laws & Rules of the Road,"You are stopped in a line and the vehicles ahead move through a stop sign. If no cross traffic is present, what must you do?","a:Proceed through the intersection without stopping again.,b:Stop again at the stop sign or stop line before moving on.,c:Slowly roll through the stop sign to maintain traffic flow.,d:Honk to warn pedestrians before moving.",b,"Even if traffic ahead has cleared the intersection, you must bring your vehicle to a complete stop at the stop sign or line before proceeding.",medium
4,Safe & Defensive Driving Practices,What is the best way to handle a driver who is following you too closely?,"a:Speed up to increase the gap between you and the tailgater.,b:Slam on your brakes to make them fall back.,c:Change lanes or gradually slow to encourage them to pass.",c,"If another car is following you too closely, move to another lane when safe or slow down gradually to encourage the tailgater to pass. Avoid sudden braking.",easy
6,"Alcohol, Drugs & Impaired Driving","For drivers age 21 and older, it is illegal to drive with a BAC of:","a:0.08 percent or higher.,b:0.05 percent or higher.,c:0.02 percent or higher.",a,Drivers age 21+ may not operate a vehicle with a BAC of 0.08% or greater. Driving under the influence is both illegal and dangerous.,medium
2,Traffic Laws & Rules of the Road,A posted speed limit represents:,"a:The maximum or minimum legal speed under ideal conditions.,b:The suggested safe speed under all conditions.,c:The speed you must always travel regardless of conditions.",a,Speed limits represent the maximum/minimum legal speed under normal conditions; adjust lower when conditions demand.,easy
2,Traffic Laws & Rules of the Road,When do you have the right-of-way while turning left at a signal?,"a:When facing a solid green light.,b:When facing a flashing yellow light.,c:When facing a green arrow pointing left.,d:When oncoming traffic is turning right.",c,A steady green arrow gives protected turn movement; oncoming traffic should be stopped for the arrow direction.,medium
4,Safe & Defensive Driving Practices,"To prepare for anything ahead on the road, you should:","a:Continually scan the entire roadway and roadsides.,b:Stare straight ahead at the center of the road only.,c:Keep your left foot lightly on the brake.,d:Focus only on the vehicle directly ahead of you.",a,Search and identify possible problems by scanning far ahead and to the sides of the road to allow time to react safely.,easy
4,Safe & Defensive Driving Practices,Where should you keep a space cushion around your vehicle?,"a:Only in front of your vehicle.,b:Only to the left and right.,c:On all sides of the vehicle.,d:Only behind the vehicle.",c,Maintain a cushion of space on all sides of your vehicle so you have room to react to hazards and avoid collisions.,easy
3,"Signs, Signals & Road Markings","When a Pedestrian Hybrid Beacon shows two solid red lights, what must drivers do?","a:Proceed with caution without stopping.,b:Come to a complete stop and remain stopped for pedestrians.,c:Slow down and be prepared to stop.",b,A Pedestrian Hybrid Beacon displaying two steady red lights requires drivers to stop and remain stopped for pedestrians crossing.,medium
2,Traffic Laws & Rules of the Road,"As you prepare to make a left turn, what should you be doing?","a:Signal in advance, slow gradually, and watch for oncoming vehicles and pedestrians.,b:Speed up to beat oncoming traffic.,c:Make the turn from the far right lane.,d:Ignore pedestrians if you have a green light.",a,"Signal three to five seconds before turning, slow gradually while checking mirrors, yield to oncoming traffic and pedestrians, and then turn when safe.",medium
5,Driving in Special Conditions,"When visibility is reduced by fog, what actions should you take?","a:Drive cautiously, reduce speed, and use low beam headlights.,b:Use high beam headlights to better see ahead.,c:Drive at normal speed if traffic is light.,d:Turn off all lights to reduce glare.",a,"In fog, lower your speed, drive with caution, and use low beams (not high beams) to improve visibility of the road ahead.",medium
4,Safe & Defensive Driving Practices,"If another vehicle is about to collide with you, you should:","a:Wave your arms out the window.,b:Do nothing and hope they avoid you.,c:Sound your horn to warn the other driver and pedestrians.",c,Use your horn to warn others of imminent danger if it may prevent a collision.,easy
4,Safe & Defensive Driving Practices,"If an aggressive driver is following you closely and acting hostile, what should you do?","a:Brake-check them to teach a lesson.,b:Stare at the driver as they pass.,c:Try to get out of their way and avoid confrontation.,d:Speed up to challenge them.",c,"If confronted by an aggressive driver, avoid escalation: move out of the way, don't make eye contact, and call authorities if needed.",easy
4,Safe & Defensive Driving Practices,When should you reduce your speed when approaching a curve in the road?,"a:Only if you feel uncomfortable.,b:After you have entered the curve.,c:Before you enter the curve.,d:Only if another car is behind you.",c,Slow down before entering a curve so you will not need to brake while turning; braking in a curve can cause loss of control.,easy
2,Traffic Laws & Rules of the Road,When should you signal before passing another vehicle?,"a:Just before you begin to change lanes to pass.,b:Only if the vehicle ahead signals.,c:After you have already started the pass.,d:Signal early enough that other drivers understand your intention.",d,Signal early enough to notify other drivers of your intentions before you begin the passing maneuver.,easy
2,Traffic Laws & Rules of the Road,Where is it unsafe to make a U-turn?,"a:At the crest of a hill or near a curve because visibility is limited.,b:In the middle of an intersection if traffic is clear.,c:Anywhere drivers can see you for 500 feet in both directions.",a,"Do not make U-turns at the crest of a hill, near a curve, or any place where visibility is limited; drivers must be able to see 500 feet in both directions.",easy
3,"Signs, Signals & Road Markings",What does a diamond-shaped sign indicate?,"a:Warning of existing or possible hazards ahead.,b:Alerts drivers to school zones.,c:Indicates recreational areas.,d:Shows route information.",a,Diamond-shaped signs (usually yellow or orange) warn drivers of potential hazards or changes in the roadway ahead.,easy
5,Driving in Special Conditions,"At dusk or on overcast days, what lighting should you use?","a:Turn on your headlights (low beams).,b:Use only your parking lights.,c:Do not turn on any lights.",a,"At dusk or on overcast days, turn on your headlights and use low beams when within 1,000 feet of an oncoming vehicle or 500 feet of one you are following.",easy
4,Safe & Defensive Driving Practices,"If your vehicle's right wheels run off the pavement, what is the correct action?","a:Accelerate and turn sharply back onto the road.,b:Ease off the accelerator, steer parallel to the roadway, slow down, then carefully steer back on when safe.,c:Stop immediately on the shoulder.",b,"If your wheels leave the pavement, don't panic. Take your foot off the gas, steer parallel to the road, slow down, and then return to the pavement with a small, controlled turn when safe.",medium
5,Driving in Special Conditions,Which statement about sudden weather changes is true?,"a:There is no need to change driving style in rain or fog.,b:You should ignore vehicles behind you in bad weather.,c:A sudden change in weather requires you to adjust your driving.",c,"If the weather changes suddenly, adjust speed and driving style accordingly, and be especially aware of vehicles behind you.",medium
2,Traffic Laws & Rules of the Road,"If an intersection ahead is blocked by traffic, you should:","a:Stay out of the intersection until you can completely pass through.,b:Move as close as possible to the vehicle in front of you.,c:Creep into the intersection to get a better view.",a,Do not enter an intersection unless you can clear it without blocking cross traffic; wait until traffic ahead clears.,easy
8,Special Situations & Road Users,"When approaching a railroad crossing warning sign, what should you be prepared to do?","a:Look for a way around a lowered gate.,b:Drive faster to beat an approaching train.,c:Be prepared to stop if a train is nearby.,d:Ignore it if no signals are present.",c,Railroad warning signs indicate a crossing ahead; be ready to slow or stop for approaching trains and never go around lowered gates.,easy
4,Safe & Defensive Driving Practices,What driving behavior can help conserve gasoline?,"a:Accelerating quickly from a stop.,b:Sitting idling in your driveway.,c:Slowing down and coasting to avoid unnecessary stops.,d:Frequent hard braking to control speed.",c,"Avoiding rapid acceleration and unnecessary stops, and anticipating traffic to slow gradually, helps improve fuel economy.",medium
3,"Signs, Signals & Road Markings",Where are stop lines (solid white lines painted across lanes) located?,"a:In curves and on hills only.,b:Only on one-way streets.,c:Next to churches and schools only.,d:At intersections and pedestrian crosswalks.",d,Stop lines mark the exact location where a vehicle must stop at an intersection or pedestrian crosswalk.,easy
4,Safe & Defensive Driving Practices,"To check your blind spot before changing lanes to the left, you should glance:","a:Over your right shoulder.,b:Only at the rearview mirror.,c:At your side mirror.,d:Over your left shoulder.",d,"To verify your blind spot on the side you intend to move toward, glance over that shoulder rather than relying solely on mirrors.",easy
3,"Signs, Signals & Road Markings",What does an orange-colored traffic sign usually indicate?,"a:A hospital zone ahead.,b:A railroad crossing ahead.,c:A school zone ahead.,d:Construction, maintenance, or emergency operations ahead.",d,"Orange signs warn of highway construction, maintenance activities, or emergency operations and require heightened caution.",easy
3,"Signs, Signals & Road Markings",When is it permissible to cross a solid yellow center line?,"a:To pass slower traffic at any time.,b:Only when making a left turn into a driveway or side street.,c:During daytime hours only.,d:Whenever the lane beside you is clear.",b,"Solid yellow lines should not be crossed for passing; you may cross a solid yellow only when turning left into or from a driveway, alley, or private road.",medium
3,"Signs, Signals & Road Markings",A flashing yellow arrow for left turns indicates:,"a:You may turn left after yielding to oncoming traffic and pedestrians.,b:You must come to a complete stop before turning.,c:You should merge into the lane in the arrow's direction without yielding.",a,A flashing yellow arrow allows left turns but requires yielding to oncoming traffic and pedestrians first.,medium
5,Driving in Special Conditions,"If a vehicle with ABS begins to lose traction on a slippery road, you should:","a:Press and hold the brake pedal firmly and steer out of danger.,b:Pump the brakes manually.,c:Press and hold the accelerator.",a,"If your vehicle has ABS, press hard and hold the brake while steering; ABS will automatically modulate the braking.",medium
4,Safe & Defensive Driving Practices,What is a vehicle's blind spot?,"a:The area directly behind your vehicle.,b:An area you cannot see without moving your head.,c:The area visible in your rearview mirror.",b,Blind spots are areas around your vehicle that you cannot see in mirrors without turning your head. Check them by glancing over your shoulder.,easy
7,Vehicle Ownership & Responsibilities,What risks do worn or bald tires pose?,"a:They can increase your stopping distance.,b:They improve fuel efficiency.,c:They make steering more precise.,d:They reduce the chance of hydroplaning.",a,"Tires with inadequate tread can increase stopping distance, make turning more difficult, and raise the risk of hydroplaning.",medium
8,Special Situations & Road Users,What lane entitlement do motorcycles have?,"a:The full width of a lane, the same as other vehicles.,b:Only the bicycle lane.,c:Half the width of a lane.",a,Motorcycles are entitled to the same full lane width as other motor vehicles and should be given full-lane respect.,easy
8,Special Situations & Road Users,"If a transit vehicle signals to re-enter traffic after stopping, you must:","a:Yield to the transit vehicle to allow it to re-enter safely.,b:Honk to warn the driver.,c:Speed up and pass the bus.",a,"Yield, change lanes, slow, or stop to let a transit bus safely merge back into traffic after passenger loading.",easy
7,Vehicle Ownership & Responsibilities,What do your vehicle's brake lights communicate to other drivers?,"a:You are about to make a turn.,b:You are changing lanes.,c:You are slowing down or stopping.,d:Your parking brake is engaged.",c,Brake lights warn drivers behind you that you are slowing or stopping; keep them in working order for safety.,easy
4,Safe & Defensive Driving Practices,"If your vehicle starts to skid, what should you do?","a:Overcorrect and turn the wheel hard away from the skid.,b:Turn your steering wheel in the direction of the skid.,c:Turn your steering wheel into oncoming traffic.",b,"If your vehicle begins to skid, stay calm and steer gently in the direction of the skid until you regain control.",medium
3,"Signs, Signals & Road Markings",Green pavement markings typically indicate:,"a:Emergency-only lanes.,b:HOV lanes exclusively.,c:Areas with potential conflicts between bicycles and motor vehicles.",c,Green pavement highlights areas with possible vehicle-bicycle conflicts; watch closely for bicyclists.,medium
4,Safe & Defensive Driving Practices,You see the driver ahead driving with one hand and talking to a passenger. You should:,"a:Give that vehicle extra space because the driver may be inattentive.,b:Follow their example.,c:Speed up to pass immediately.",a,Distracted drivers have reduced safety margins; allow extra space to reduce crash risk.,easy
8,Special Situations & Road Users,How far might a fully loaded tractor-trailer traveling at 55 mph need to stop?,"a:About 50 feet.,b:About 125 feet.,c:Up to 400 feet.",c,Heavily loaded tractor-trailers require much greater stopping distances than passenger cars; at 55 mph they can need almost 400 feet to stop.,difficult
5,Driving in Special Conditions,"To reduce the effects of oncoming headlight glare at night, you should:","a:Look toward the right side of the road ahead.,b:Keep looking straight into the oncoming headlights.,c:Look over your shoulder.",a,"If oncoming drivers do not dim their lights, keep your eyes on the right side of the road ahead. Do not stare directly at oncoming headlights to avoid temporary blindness.",medium
6,"Alcohol, Drugs & Impaired Driving",Which of the following is an effect of alcohol on driving?,"a:Loss of concentration.,b:Improved coordination.,c:Faster judgment.",a,"Even small amounts of alcohol impair vision, judgment, concentration, and coordination.",easy
7,Vehicle Ownership & Responsibilities,Which statement about seat belts and child restraints is correct?,"a:Never place a rear-facing infant restraint in the front seat of a vehicle with a passenger airbag.,b:An airbag is harmless to infants and small children.,c:Children age 12 and under should always ride in the front seat.,d:Seat belts are optional for backseat passengers.",a,Children 12 and under should ride properly restrained in the rear seat; never place a rear-facing infant seat where an active passenger airbag is present.,easy
8,Special Situations & Road Users,"When following a motorcycle, what minimum following distance should you maintain?","a:Two seconds.,b:Three seconds.,c:Four seconds.,d:One second.",c,Increase your following distance to at least four seconds when following a motorcycle to allow extra time to react if the rider falls or stops suddenly.,medium
2,Traffic Laws & Rules of the Road,"From a center two-way left-turn lane, what maneuvers are permitted?","a:You may make left turns from either direction.,b:You may use it for passing slow traffic.,c:You may drive through it as a through lane.,d:You may make U-turns at any time.",a,A center two-way left-turn lane is reserved for left turns from either direction; it is not for passing or through travel.,medium
6,"Alcohol, Drugs & Impaired Driving",How serious is drinking alcohol and driving?,"a:A minor traffic safety problem.,b:A serious traffic safety problem.,c:Safe if you have only had a few drinks.,d:Only dangerous for inexperienced drivers.",b,Driving under the influence is a serious safety problem; alcohol impairs the ability to drive safely for anyone.,easy
4,Safe & Defensive Driving Practices,Which factors affect braking distance?,"a:The speed of your vehicle.,b:The condition of your brakes and tires.,c:The condition of the pavement.,d:All of the above.",d,"Stopping distance is influenced by speed, vehicle weight, weather and visibility, brakes and tire condition, and the roadway surface.",medium
8,Special Situations & Road Users,"When you see an emergency vehicle with flashing lights approaching from any direction, what action is required?","a:Slow down and remain in your lane.,b:Keep driving but do not block intersections.,c:Pull to the right curb and stop until it has passed.,d:Immediately back up to clear the way.",c,"Upon seeing or hearing an emergency vehicle using lights or siren, pull to the right side of the road and stop until it passes or you are directed otherwise.",easy
2,Traffic Laws & Rules of the Road,When should you drive below the posted speed limit?,"a:Whenever conditions make driving less than perfect, such as rain or poor visibility.,b:Only when you see a police car.,c:Only when entering a highway with other cars.",a,"Drive below the posted speed limit whenever road, weather, or visibility conditions make higher speeds unsafe.",medium
3,"Signs, Signals & Road Markings",A stop sign has what shape?,"a:Octagon.,b:Circle.,c:Rectangle.",a,Only stop signs are eight-sided (octagonal); they require a complete stop.,easy
5,Driving in Special Conditions,"When it starts to rain while you're driving, you should:","a:Slow down, turn on headlights, and if visibility is poor pull off safely.,b:Increase speed to get home faster.,c:Drive at the posted maximum speed limit.",a,Reduce speed when rain reduces visibility or traction; use headlights and pull over if conditions worsen.,easy
2,Traffic Laws & Rules of the Road,When are you required to stop your vehicle?,"a:Only when a police officer is present.,b:At an intersection with a stop sign, at a red light, or when ordered by a traffic officer.,c:Only when other vehicles are present.,d:Never unless there is an emergency.",b,"You must stop at stop signs, red lights, and whenever a traffic officer orders you to stop.",easy
4,Safe & Defensive Driving Practices,Why should you avoid following other cars too closely?,"a:You may not have time to stop if the vehicle ahead slows or stops suddenly.,b:You won't be able to see their turn signals.,c:It makes traffic flow slower.",a,Following too closely reduces stopping time and increases risk of rear-end collisions.,easy
3,"Signs, Signals & Road Markings",Fluorescent yellow-green road signs are used to warn drivers about which situation?,"a:Hospital locations.,b:Speed limits.,c:School zones and pedestrian or bicycle warnings.,d:Railroad crossings.",c,"Fluorescent yellow-green is the standard background for pedestrian, bicycle, and school warning signs; use extra caution when you see them.",easy
7,Vehicle Ownership & Responsibilities,"If your accelerator sticks while driving, you should:","a:Shift into park immediately.,b:Reach down and try to pull up the pedal while continuing to steer.,c:Shift to neutral and apply steady pressure on the brake, then pull off safely and turn off the engine.",c,"Keep control, shift to neutral, brake steadily, and exit the roadway safely before turning off the engine.",difficult
3,"Signs, Signals & Road Markings",What does the slow-moving vehicle emblem look like?,"a:A rectangular red sign.,b:A diamond-shaped yellow sign.,c:A circular green sign.,d:A reflective orange triangle (slow-moving vehicle emblem).",d,"The slow-moving vehicle emblem is a reflective orange triangle, used on vehicles that cannot travel faster than about 25 mph.",easy
8,Special Situations & Road Users,"If a driver is turning while a pedestrian is crossing without a traffic light, who must yield?","a:The pedestrian must yield.,b:The driver turning must yield to the pedestrian.,c:Whoever started moving last must yield.,d:The driver may proceed if turning quickly.",b,"Drivers must always yield to pedestrians crossing at intersections or crosswalks, even if there is no traffic signal.",easy
6,"Alcohol, Drugs & Impaired Driving","Blood alcohol concentration (BAC) depends on each of the following, except:","a:Your body weight.,b:The type of alcoholic beverage (this does not affect BAC).,c:How much time passes between drinks.",b,"BAC depends on how much you drink, your weight, and time between drinks; the beverage type does not change BAC.",medium
5,Driving in Special Conditions,"Compared to daytime driving, nighttime driving is generally:","a:Less dangerous.,b:No more or less dangerous.,c:More dangerous.",c,"Driving at night is more dangerous because visibility is reduced, glare can blind drivers, and others on the road may be fatigued or impaired.",easy
5,Driving in Special Conditions,"If an oncoming vehicle fails to dim high beams, where should you look?","a:The center of the road.,b:The left side of the road.,c:The right side of the road.,d:Directly at the headlights.",c,Glance toward the right edge of the road to avoid being blinded by oncoming high beams while maintaining your lane position.,easy
4,Safe & Defensive Driving Practices,Tailgating is:,"a:Illegal and a common cause of rear-end crashes.,b:Only an inconvenience.,c:The fastest way to reach your destination.",a,Never tailgate; it is illegal in many places and greatly increases rear-end collision risk.,easy
3,"Signs, Signals & Road Markings","When approaching a flashing yellow light, drivers should:","a:Slow down and proceed with caution.,b:Come to a complete stop every time.,c:Increase speed to get through quickly.",a,A flashing yellow warns of a potential hazard—slow and proceed carefully.,easy
3,"Signs, Signals & Road Markings",Which type of sign warns you about hazardous conditions ahead?,"a:Regulatory signs.,b:Warning signs.,c:Information signs.",b,Warning signs advise drivers of potentially hazardous conditions ahead; obey them to avoid accidents.,easy
3,"Signs, Signals & Road Markings",What does a single dashed white line between lanes indicate?,"a:Lanes move in opposite directions.,b:Drivers may pass or change lanes when it is safe.,c:Drivers may not pass.,d:A pedestrian crossing.",b,Dashed white lines separate lanes moving in the same direction and may be crossed to pass or change lanes when safe.,easy
4,Safe & Defensive Driving Practices,"If your wheels run off the edge of the pavement, what is the safest way to return to the road?","a:Jerk the steering wheel to quickly slam back onto the pavement.,b:Increase speed and abruptly steer back onto the road.,c:Gently brake, slow down, and steer gradually back onto the pavement when safe.,d:Slam on the brakes and stop in the shoulder.",c,"Remain calm, gently slow down while off the pavement, and when at a safe speed steer back onto the road; avoid sudden turns or braking.",medium
4,Safe & Defensive Driving Practices,"If you are worried, nervous, angry, or crying, you should:","a:Take time to calm down and focus before driving.,b:Drive quickly to get the trip over with.,c:Be fine to drive—emotions don't affect driving.",a,Strong emotions distract your attention; delay driving until you can focus on the road.,easy
3,"Signs, Signals & Road Markings",What does a flashing yellow traffic light mean?,"a:Slow down and proceed with caution.,b:Merging traffic only.,c:Pedestrian crossing ahead.,d:Come to a full stop before proceeding.",a,A flashing yellow signal warns drivers to slow down and proceed with caution; it does not require a full stop.,easy
4,Safe & Defensive Driving Practices,When should you increase your following distance?,"a:When behind a large vehicle that blocks your vision.,b:When exiting an expressway.,c:When following a motorcycle in good weather.",a,"Increase following distance when behind large vehicles that block your vision, in bad weather, heavy traffic, or when a motorcycle or bicycle is ahead.",medium
4,Safe & Defensive Driving Practices,Which action helps prevent crashes by communicating with other road users?,"a:Ignore other drivers and focus only on your vehicle.,b:Drive only on side streets to avoid interactions.,c:Use your signals and horn when appropriate.",c,"Crashes often happen when road users behave unpredictably; communicate with signals, brake lights, and horn when necessary to make your intentions clear.",easy
2,Traffic Laws & Rules of the Road,When is it legal to pass another vehicle on the right?,"a:When you are in a school zone.,b:If it requires driving off the pavement, c:On a narrow bridge.,c:If the vehicle ahead is waiting to make a left turn and there is a sufficient lane on the right.",c,"You may pass on the right when a vehicle is turning left and there is a safe, legal lane to pass in; do not drive off the pavement to pass.",medium
3,"Signs, Signals & Road Markings",A traffic signal showing a green arrow plus a red light means:,"a:You must wait for a solid green light to move in any direction.,b:You may only drive in the direction of the green arrow.,c:You may only drive straight ahead.",b,A green arrow with a red light allows movement only in the arrow's direction when the intersection is clear.,easy
8,Special Situations & Road Users,Why must you be especially alert for motorcycles on the road?,"a:Motorcycles always stop more quickly than cars.,b:Motorcyclists are less skilled drivers.,c:Motorcyclists rarely use helmets.,d:Motorcycles are more difficult to see than cars.",d,"Motorcycles are smaller and can be hidden in blind spots; it is harder to judge their distance and speed, so take extra care around them.",easy
2,Traffic Laws & Rules of the Road,"When turning left onto a one-way street, into which lane should you turn?","a:Into the lane furthest from your original lane.,b:Into the lane closest to your previous lane.,c:Any lane that appears clear.,d:The center lane regardless of markings.",b,"When turning onto a one-way street, complete the turn into the lane that is closest to the lane you came from unless markings indicate otherwise.",easy
2,Traffic Laws & Rules of the Road,Where must your vehicle be positioned when making a right turn?,"a:Near the center of the street.,b:Near the left side of the street.,c:As close as possible to the right side of the street.",c,"When preparing for a right turn, position your vehicle as far to the right as possible. Do not cut across lanes to make the turn.",easy
5,Driving in Special Conditions,What is the best way to reduce the chance of hydroplaning?,"a:Keep tires properly maintained and reduce speed when roads are wet.,b:Use cruise control on wet roads.,c:Drive faster to get through puddles quickly.,d:Inflate tires to the maximum pressure regardless of conditions.",a,Proper tire maintenance and reducing speed on wet roads help prevent hydroplaning; do not use cruise control in such conditions.,medium
8,Special Situations & Road Users,When must you yield to emergency vehicles?,"a:Never; you have the right-of-way.,b:When you see flashing lights or hear a siren.,c:Only when other vehicles yield first.",b,You must yield the right-of-way to any emergency vehicle using lights or sirens by pulling to the right and stopping.,easy
4,Safe & Defensive Driving Practices,"When a driver's left arm and hand are extended downward, the driver is indicating:","a:An intention to stop or slow.,b:An intention to turn left.,c:An intention to turn right.",a,A left arm extended down signals a stop or slowing; adjust your driving accordingly.,easy
2,Traffic Laws & Rules of the Road,"Before entering a roundabout, you must slow down and yield to which road users?","a:Vehicles already in the roundabout, bicyclists, and pedestrians.,b:Only pedestrians.,c:Only vehicles entering from the left.,d:Only emergency vehicles.",a,"Yield to all users already in the roundabout—vehicles, bicyclists, and pedestrians—before entering safely.",medium
2,Traffic Laws & Rules of the Road,"Signaling before turning, changing lanes, or pulling away from a curb is:","a:A good driving habit and required by law.,b:Necessary only if other traffic is present.,c:Required during the maneuver but not before it.,d:Only necessary during daylight hours.",a,You must signal at least 100 feet before changing lanes or turning. Always signal before pulling away from a curb.,easy
8,Special Situations & Road Users,Why must you use extra caution when driving near a pedestrian with a white cane?,"a:They are blind and may not see or hear your vehicle.,b:They are always accompanied by a guide dog that obeys traffic.,c:They must yield to vehicles.,d:They cannot enter crosswalks.",a,Pedestrians using a white cane or guide dog are blind or visually impaired; you must yield and be prepared to stop to avoid injury.,easy
6,"Alcohol, Drugs & Impaired Driving",What can happen when alcohol is combined with another drug?,"a:The alcohol cancels the drug's effects.,b:There will never be any interaction.,c:The effects of both the alcohol and the drug may be increased.,d:The combination is always safe.",c,Mixing alcohol with other drugs can amplify impairment and unpredictably increase dangerous effects.,medium
8,Special Situations & Road Users,"Approaching a railroad crossing without signals, what should you do?","a:Always bring your vehicle to a complete stop.,b:Slow down and be prepared to stop after checking both directions for trains.,c:Assume all railroad crossings have signals and proceed normally.",b,"When approaching an unmarked railroad crossing, slow down, look and listen for trains, and be prepared to stop if necessary. Never assume there are signals.",medium
6,"Alcohol, Drugs & Impaired Driving",What is the only reliable way to lower your BAC?,"a:Allow your body time to eliminate the alcohol.,b:Drink coffee to sober up.,c:Exercise to speed up alcohol metabolism.",a,"Only time reduces BAC; coffee, exercise, or cold showers do not lower blood alcohol concentration.",medium
8,Special Situations & Road Users,"When stopped in line of traffic crossing a railroad track with no signals or gates, what should you ensure?","a:You have the right-of-way and can proceed without checking.,b:You may pass slower drivers while on the tracks.,c:There is enough space ahead so your vehicle can clear the tracks without stopping.",c,Ensure there is enough room to fully cross the tracks before entering; never stop on the tracks or attempt to pass other vehicles there.,medium
4,Safe & Defensive Driving Practices,"If your power steering fails while driving, what should you do?","a:Honk your horn and turn off the ignition.,b:Turn on hazard lights and brace yourself.,c:Work harder to steer, reduce speed, and drive to a safe area before stopping.,d:Steer sharply to the side and stop immediately in the lane.",c,"Power steering loss makes steering heavier; slow down, steer carefully, and move to a safe area before stopping.",medium
3,"Signs, Signals & Road Markings","How should you treat traffic signs, signals, and pavement markings?","a:You must follow them only when other traffic is present.,b:They are merely suggestions.,c:They only apply to commercial vehicles.,d:They must always be obeyed.",d,"Traffic devices—signs, signals, pavement markings—control flow and safety; you must obey them at all times.",easy
8,Special Situations & Road Users,"Why should drivers be especially alert for motorcyclists, bicyclists, and pedestrians?","a:They can be difficult to see in traffic.,b:They obey different traffic laws.,c:They always have the legal right-of-way.",a,"Smaller road users can be harder to spot and may move unpredictably, so be extra vigilant to avoid collisions.",easy
4,Safe & Defensive Driving Practices,"If you are upset or angry before driving, what should you do?","a:Turn the radio loud to forget about it.,b:Drive fast on the highway to release tension.,c:Take a few minutes to calm down before driving.",c,"If you are emotionally upset, allow yourself time to cool off before driving. Driving while angry or distracted is dangerous.",easy
6,"Alcohol, Drugs & Impaired Driving",What is the consequence of refusing an alcohol analysis test when suspected of OUI in Massachusetts?,"a:There are no consequences for refusal.,b:You get a warning only.,c:Refusal is recommended.,d:Your driver's license will be suspended.",d,In Massachusetts implied consent law means refusing a required alcohol or controlled substance test will result in administrative suspension of driving privileges.,medium
5,Driving in Special Conditions,In rainy driving conditions which headlights should you use?,"a:High beam headlights.,b:Parking lights only.,c:Low beam headlights.",c,"Use low beam headlights when driving in rain, fog, or snow to improve visibility without creating glare for others.",easy
4,Safe & Defensive Driving Practices,Which of these is important when preparing to change lanes?,"a:Signal your intentions in advance.,b:Check your blind spot by glancing over your shoulder.,c:Make sure the lane is clear before moving.,d:All of the above.",d,"Always signal ahead of a lane change, check mirrors and blind spots, and confirm the lane is clear before you move.",easy
4,Safe & Defensive Driving Practices,Being distracted while driving:,"a:Usually causes drivers to drive faster.,b:Usually causes slower reactions to hazards.,c:Is not dangerous.",b,Any distracting activity slows a driver's reaction and increases crash risk; distracted driving is unsafe.,easy
2,Traffic Laws & Rules of the Road,"If you are waiting in an intersection to complete a left turn, how should you position your steering wheel?","a:Signal and keep the wheels turned left.,b:Signal and keep the wheels straight while waiting.,c:Flash your headlights to get other drivers to let you turn.",b,"Keep your wheels straight while waiting to make a left turn. If you are rear-ended, straight wheels prevent being pushed into oncoming traffic.",medium
3,"Signs, Signals & Road Markings",When is it illegal to cross a single broken white or yellow line?,"a:When crossing would interfere with other traffic.,b:When turning left into a private driveway.,c:When the car in front of you is disabled.",a,You may cross a single broken line to pass or change lanes only if you can do so safely and without interfering with traffic.,medium
7,Vehicle Ownership & Responsibilities,"If you leave your vehicle unattended, you must:","a:Turn off the engine, lock the ignition, remove the key, and set the parking brake.,b:Just set the parking brake.,c:Leave the engine running if it's cold out.",a,"When leaving an unattended vehicle you must stop the engine, lock the ignition, remove the key, and set the parking brake.",easy
2,Traffic Laws & Rules of the Road,"Unless otherwise posted, what is the speed limit in school zones?","a:10 mph.,b:20 mph.,c:30 mph.",b,"Unless another speed is posted, the speed limit in school zones is 20 mph; drive cautiously near schools.",easy
8,Special Situations & Road Users,"When you hear a siren or see flashing lights from an approaching emergency vehicle, what is required?","a:Slow down until it passes.,b:Drive to the right side of the road and stop immediately.,c:Motion for the emergency vehicle to pass you.",b,Yield the right-of-way to any emergency vehicle using lights or siren by immediately driving to the right and stopping until it has passed.,easy
6,"Alcohol, Drugs & Impaired Driving",What does alcohol do to your driving skills and judgment?,"a:It helps driving skills but harms judgment.,b:It harms both driving skills and judgment.,c:It has no effect on either.,d:It only affects judgment at very high doses.",b,"Alcohol impairs vision, reaction time, judgment, and increases risk-taking; it harms both skills and judgment needed for safe driving.",easy
8,Special Situations & Road Users,"When an emergency vehicle is approaching using siren and/or lights, what must you do immediately?","a:Pull to the right and slow down but stay in your lane.,b:Turn on your hazard lights and continue driving.,c:Pull to the right and stop.",c,"When approached by an emergency vehicle using lights or siren, drive to the right edge of the road and stop until it passes.",easy
7,Vehicle Ownership & Responsibilities,Where is it unlawful to park?,"a:On a crosswalk or in a marked bicycle lane.,b:Anywhere on a hill.,c:In a parking lot.",a,"You may not park on a crosswalk or in a marked bicycle lane. When parallel parking on the street, be within 12 inches of the curb.",easy
4,Safe & Defensive Driving Practices,What may reduce road rage and aggressive driving?,"a:Ignoring posted speed limits.,b:Speeding to get ahead of other drivers.,c:Allowing extra travel time and using proper signals.,d:Yelling at drivers who cut you off.",c,"Allowing extra travel time, obeying speed limits, and signaling properly can help reduce incidents of road rage.",medium
2,Traffic Laws & Rules of the Road,"To make a left turn from a multilane, one-way street onto another one-way street, where should you start your turn?","a:The right lane.,b:The nearest bicycle lane.,c:The middle of the intersection.,d:The left lane.",d,"To turn left from a multilane, one-way street, begin from the left lane and complete the turn into the left lane of the street you enter.",medium
7,Vehicle Ownership & Responsibilities,How should a lap belt be positioned for proper restraint?,"a:Loose across the stomach.,b:Snugly across your hip bones and the lower abdomen.,c:Hidden beneath the seat cushion.,d:Across your neck for support.",b,Lap belts should fit snugly across the hip bones and lower abdomen; shoulder belts should lie comfortably across the chest.,easy
8,Special Situations & Road Users,"If you drive through an area where children are playing, you should expect them to do what?","a:Know when it is safe to cross the street.,b:Stop at the curb before crossing.,c:Potentially run out into the street without looking.",c,Children may not recognize traffic dangers and could run into the roadway without looking; reduce speed and be prepared to stop.,easy
4,Safe & Defensive Driving Practices,"When stopped on an uphill slope, you should allow a larger space cushion because:","a:There is more oncoming traffic uphill.,b:It is easier to stop on an incline.,c:The vehicle ahead may roll backward when traffic starts moving again.",c,Leave more space when stopped on an uphill so if the car ahead rolls back it won't hit your vehicle.,easy
7,Vehicle Ownership & Responsibilities,"After a collision, which action should drivers take at or near the scene?","a:Drive away if no one appears injured.,b:Stand or walk in traffic lanes to inspect damage.,c:Stop the vehicle at or near the scene.,d:Leave the ignitions of wrecked vehicles on.",c,"You must stop at or near the scene, move vehicles out of traffic if possible, avoid standing in traffic lanes, and turn off ignitions of damaged vehicles.",easy
3,"Signs, Signals & Road Markings",Lanes of traffic moving in the same direction are divided by what color lines?,"a:White lines.,b:Yellow lines.,c:Red lines.",a,White lines separate lanes moving in the same direction; yellow separates opposing traffic.,easy
2,Traffic Laws & Rules of the Road,"Unless posted otherwise, the speed limit on a highway outside thickly settled areas and business districts is:","a:20 mph.,b:50 mph (do not exceed this under normal conditions).,c:10 mph.",b,"Unless otherwise posted, the normal maximum for such highways is 50 mph; you must drive slower when conditions require.",medium
4,Safe & Defensive Driving Practices,"If another driver behaves aggressively toward you, what is the recommended response?","a:Retaliate by tailgating.,b:Get out of your vehicle to confront them.,c:Cut them off to slow them down.,d:Avoid eye contact, slow down, and let them pass.",d,"When faced with aggressive driving, stay calm, avoid eye contact, put distance between vehicles, slow down, and allow them to pass safely.",medium
5,Driving in Special Conditions,"When following a heavy truck uphill, you should know:","a:The truck may be traveling slower than the posted speed and you may not be able to pass safely on a hill.,b:The truck will always keep the posted speed limit.,c:It is always legal to pass on a hill if you have room.",a,Large trucks often slow on inclines; visibility and legality issues can make passing unsafe on hills.,medium
3,"Signs, Signals & Road Markings","When a Pedestrian Hybrid Beacon shows a solid yellow light, you must:","a:Slow down and prepare to stop.,b:Come to a complete stop immediately.,c:Proceed without change.",a,A solid yellow PHB light warns drivers to slow and be prepared to stop for pedestrians.,medium
8,Special Situations & Road Users,Bicycles on the road are considered:,"a:Vehicles with the same rights and responsibilities as motor vehicles.,b:Obstructions that must always yield to cars.,c:Non-traffic objects.",a,Cyclists have the same rights and duties as drivers; motorists should respect bicyclists' legal status.,easy
8,Special Situations & Road Users,"When approaching a stopped school bus with its stop arm extended, what must you do?","a:Proceed only if the bus driver waves you on.,b:Pass slowly if you think children are clear.,c:Honk before passing on the left.,d:Come to a complete stop and remain stopped until the stop arm is withdrawn.",d,"When a school bus is stopped with its stop arm extended and lights flashing, all traffic in both directions (in most situations) must stop until children are safe and the arm is withdrawn.",easy
2,Traffic Laws & Rules of the Road,"At a four-way stop, who has the right-of-way?","a:The driver to arrive first has the right-of-way.,b:The driver to arrive last has the right-of-way.,c:The driver on the left has the right-of-way at all times.,d:The largest vehicle has right-of-way.",a,"At an all-way stop the first vehicle to reach and stop at the intersection goes first; if two arrive together, the driver on the right goes first.",easy
4,Safe & Defensive Driving Practices,When is it appropriate to use your horn?,"a:To warn others in hazardous situations, such as a child about to run into the street.,b:To greet a friend at an intersection.,c:While passing a bicyclist.",a,Use the horn as a warning when another road user may not see you and a collision is possible.,easy
4,Safe & Defensive Driving Practices,How should you check blind spots before changing lanes?,"a:Turn your head and look over your shoulder to check blind spots.,b:Rely only on the inside rearview mirror.,c:Only use the outside mirrors.",a,Always turn your head to check blind spots in addition to using mirrors before every lane change.,easy
2,Traffic Laws & Rules of the Road,"At a stop sign at an intersection, how should you check traffic before proceeding?","a:Look only forward and go when clear.,b:Look left first, then right, then left again.,c:Move when the vehicle ahead of you moves.,d:Check your rearview mirror then go.",b,"When stopped you should scan the intersection carefully: look left, then right, then left again to ensure the way is clear before proceeding.",medium
6,"Alcohol, Drugs & Impaired Driving",Your chances of being in a collision start to rise after consuming how many alcoholic drinks?,"a:Only after four or more drinks.,b:After three or more drinks only.,c:Even after one drink your crash risk is higher.",c,Alcohol increases crash risk even at low levels; no one can drink and drive safely.,medium
8,Special Situations & Road Users,While driving on a divided multilane highway you hear or see an approaching emergency vehicle. What should you do?,"a:Disregard the signal if other lanes are free.,b:Stop immediately in your lane.,c:Slow down, move to provide a clear path for the emergency vehicle, and stop when safe.,d:Speed up to clear the way.",c,"If you hear sirens or see flashing lights, move aside to give emergency vehicles a clear path and stop; do not attempt to outrun them.",medium
4,Safe & Defensive Driving Practices,What should you adjust first when you get into a car to drive?,"a:Your seat so you can see and reach controls properly.,b:Your rearview mirror only.,c:Your steering wheel only.",a,Adjust the seat first to ensure comfortable position and clear visibility; then set mirrors and steering wheel if needed.,easy
2,Traffic Laws & Rules of the Road,"When entering public traffic from a driveway or private road, what should you do?","a:You have the right-of-way.,b:Yield to drivers already on the public road.,c:Force your way into traffic if necessary.,d:Stop only if traffic is heavy.",b,Drivers entering roadways from private property must yield to traffic already on the public road and merge when safe.,easy
2,Traffic Laws & Rules of the Road,When is it unsafe or unlawful to pass another vehicle?,"a:On a hill or curve, at intersections, and at railroad crossings.,b:Only when a police officer is present.,c:When the vehicle ahead is traveling below the speed limit.,d:When the passing lane is empty.",a,"Do not pass on hills or curves, at intersections, before or on railroad crossings, over bridges, or where signs prohibit passing.",medium
4,Safe & Defensive Driving Practices,"If someone is tailgating you and there is an open lane to your right, you should:","a:Move over to the right lane if it is safe to do so.,b:Gradually reduce your speed immediately to force them to back off.,c:Brake suddenly to make them stop following you.",a,"If you're being tailgated and a right lane is open, safely move right to let the tailgater pass. If you cannot change lanes, slow down gradually to encourage them to pass. Never brake abruptly.",easy
4,Safe & Defensive Driving Practices,Which factor never affects a vehicle's stopping distance?,"a:Your reaction time.,b:The time of day.,c:The condition of your vehicle's brakes.,d:The condition and type of the road surface.",b,"Stopping distance depends on reaction time, speed, vehicle condition, tire condition, roadway surface, weather, and visibility—not the time of day per se.",medium
2,Traffic Laws & Rules of the Road,"On a narrow road when you meet oncoming traffic, you must:","a:Allow the oncoming vehicle at least one-half of the main-traveled portion of the road.,b:Pull completely off the road and stop always.,c:Demand the other vehicle pull over.",a,On narrow roads both drivers should leave adequate space; yield at least half the traveled portion to oncoming traffic.,medium
8,Special Situations & Road Users,Under what circumstances may you drive around gates at a railroad crossing?,"a:Under no circumstances.,b:When lights have stopped flashing.,c:When the train has already passed.,d:If the crossing is not busy.",a,"You must never go around lowered railroad crossing gates; always obey signals, lights, and flaggers for safety.",easy
3,"Signs, Signals & Road Markings",An octagonal (eight-sided) sign always means:,"a:Speed limit.,b:Stop.,c:Hospital ahead.",b,An eight-sided sign is always a stop sign; you must come to a complete stop when approaching it.,easy
2,Traffic Laws & Rules of the Road,When is it required to use your turn signal?,"a:When changing lanes, pulling into or out of a parking space, or entering traffic from an alley/parking area.,b:Only when turning left.,c:Only when turning onto another street.",a,"Always use the proper signal to communicate lane changes, parking maneuvers, and when entering traffic from an alley or parking area.",easy
4,Safe & Defensive Driving Practices,What should you do just before changing lanes?,"a:Quickly turn your head without checking mirrors.,b:Check your side and rearview mirrors and glance over your shoulder to check blind spots.,c:Only use your signal without checking behind you.,d:Signal after you begin the lane change.",b,"Before changing lanes, check your mirrors and then quickly look over your shoulder to ensure there are no vehicles in your blind spot.",easy
3,"Signs, Signals & Road Markings",A solid white edge line that slants toward the left indicates:,"a:The road is narrowing ahead.,b:An intersection is coming up.,c:A construction zone immediately ahead.",a,"If the right edge line angles toward the center, the roadway narrows ahead.",easy
3,"Signs, Signals & Road Markings","If you approach an intersection with a flashing red light, what must you do?","a:Stop only if other cars are already in the intersection.,b:Proceed without stopping if no other vehicles are present.,c:Come to a full stop, yield as required, and proceed when it is safe.",c,"A flashing red traffic light acts like a stop sign: you must stop, yield the right-of-way, and proceed when safe.",easy
6,"Alcohol, Drugs & Impaired Driving",Which of the following can impair driving ability?,"a:Alcohol, any medication, or lack of sleep.,b:Only illegal drugs.,c:Only alcohol.",a,"Driving can be impaired by alcohol, legal and illegal drugs, and drowsiness; all affect safe driving ability.",easy
2,Traffic Laws & Rules of the Road,"When driving on major highways, what should you do to avoid 'highway hypnosis' and be prepared for hazards?","a:Stay alert and avoid staring at any one thing for more than a few seconds.,b:Keep your eyes fixed on the center of the road at all times.,c:Turn off your headlights in bright daylight.",a,Avoid highway hypnosis by keeping your eyes moving and staying alert so you can react to unexpected hazards.,medium
2,Traffic Laws & Rules of the Road,How do you check your blind spot before changing lanes?,"a:Look into the left side mirror.,b:Glance over your shoulder in the direction you plan to move.,c:Only look in the rearview mirror.",b,"To check your blind spot, turn your head and glance over your shoulder in the direction you intend to move to ensure no vehicle is there.",easy
5,Driving in Special Conditions,What should you do on slippery roads?,"a:Drive more quickly to pass hazardous patches.,b:Use cruise control for steady speed.,c:Slow down.,d:Maintain the posted speed limit no matter what.",c,"Reduce speed at the first sign of rain, snow, or sleet; driving slower than the posted speed may be necessary for safety.",easy
4,Safe & Defensive Driving Practices,"When passing on a multilane highway, you must:","a:Ensure the passing lane is clear and signal before changing lanes.,b:Always pass only on the right.,c:Watch for oncoming traffic in the opposite direction.",a,"Make sure the passing lane is clear, signal, and check blind spots before changing lanes.",easy
8,Special Situations & Road Users,"When sharing the road with a motorcycle, what must you allow the motorcyclist?","a:The use of a complete lane.,b:The use of half a lane only.,c:The use of the shoulder alongside your vehicle.",a,A motorcycle is entitled to the full width of a lane. Do not try to share the lane with a motorcyclist.,easy
2,Traffic Laws & Rules of the Road,A solid yellow line on your side of the centerline means:,"a:Do not pass from your lane.,b:Pass with caution.,c:Slow down immediately.",a,A solid yellow adjacent to your lane means passing is prohibited from your direction.,easy
8,Special Situations & Road Users,"If a fire engine is following you but not using its emergency signals, what should you do?","a:Continue driving normally; you do not need to clear a path.,b:Pull over and stop immediately.,c:Speed up to get out of its way.",a,"If an emergency vehicle is following but not using siren or lights, you do not need to clear the path; continue driving normally.",easy
2,Traffic Laws & Rules of the Road,High speeds affect crashes by:,"a:Greatly increasing stopping distances and severity of collisions.,b:Decreasing stopping distances.,c:Having no effect on crash severity.",a,Higher speeds increase the distance needed to stop and the severity of impacts in a collision.,medium
8,Special Situations & Road Users,"When you hear a siren from an emergency vehicle behind you while driving, you should:","a:Pull over to the right and stop or, in heavy traffic, move slowly until you can safely get out of the way.,b:Stop immediately where you are.,c:Speed up to get away.",a,Create a clear path for the emergency vehicle by safely pulling over to the side; in heavy traffic keep moving slowly until you can yield.,easy
8,Special Situations & Road Users,Is it ever acceptable to drive around or under a railroad crossing gate that is being lowered or raised?,"a:Only if you confirm a train is not close.,b:If your vehicle can do so without damaging the gate.,c:Never drive around or under a gate that is moving up or down.",c,"Flashing lights, lowered gates, and bells mean you must stop. Do not go across the tracks until the gates are fully raised, lights and bells stop, and it is safe to proceed.",medium
2,Traffic Laws & Rules of the Road,To enter a freeway safely you should:,"a:Signal, yield to freeway traffic, and merge at about the same speed traffic is moving.,b:Signal and expect freeway traffic to yield to you.,c:Enter slowly and stop if necessary.",a,"Use the acceleration lane to match freeway speed, signal, and yield to traffic already on the freeway.",medium
3,"Signs, Signals & Road Markings",What does a steady green light at an intersection mean?,"a:You may drive through the intersection if the road is clear.,b:You must slow and prepare to stop.,c:You must stop and check for oncoming traffic.,d:You must yield to all turning vehicles.",a,A steady green signal allows you to proceed through the intersection when it is safe; you must still yield to pedestrians and other traffic as required.,easy
5,Driving in Special Conditions,"If you begin to feel tired while driving, what is the best action to take?","a:Get some coffee and continue driving.,b:Open the window and keep driving.,c:Stop driving and rest or change drivers.,d:Turn up the radio and drive faster.",c,"Driving while fatigued is dangerous; stop driving, rest, or change drivers rather than continuing while drowsy.",medium
2,Traffic Laws & Rules of the Road,Under what condition is passing another vehicle permitted?,"a:When you are on a hill or in a curve because the view is usually clear.,b:By driving onto the shoulder of the road.,c:When the center line next to your lane is a broken yellow line and the passing lane ahead is clear.,d:Across a solid yellow line whenever traffic is light.",c,You may pass only where allowed by pavement markings; a broken yellow line next to your lane means passing is permitted when it is safe and clear ahead.,medium
6,"Alcohol, Drugs & Impaired Driving","As alcohol levels in your blood increase, what effect occurs?","a:Your reaction time slows down.,b:You become less confident.,c:The alcohol metabolizes itself faster.",a,"Alcohol slows reaction time, impairs judgment, reduces concentration, and makes drivers overconfident and more error-prone.",easy
2,Traffic Laws & Rules of the Road,"When an officer is directing traffic at an intersection with working signals, which should drivers obey?","a:The traffic signal lights only.,b:The directions given by the officer.,c:Honking to alert the officer.,d:Traffic signs posted nearby rather than the officer's directions.",b,"When a police officer is directing traffic, their instructions override traffic signals and signs. Follow the officer's directions for safe traffic flow.",easy
3,"Signs, Signals & Road Markings","When a traffic signal shows a steady green arrow, drivers:","a:May turn in the arrow's direction after yielding to traffic and pedestrians already in the intersection.,b:Must stop and wait for a solid green light.,c:Should treat it as a caution and merge into that lane.",a,A green arrow permits the indicated turn; you must be in the proper lane and yield to traffic and pedestrians already in the intersection.,easy
2,Traffic Laws & Rules of the Road,"When merging from an entrance ramp onto a highway, you should:","a:Use the acceleration lane to reach the speed of traffic and merge into a gap.,b:Enter far below highway speed and expect others to adjust.,c:Stop at the ramp end and then enter slowly.",a,Acceleration lanes allow you to match highway speed and merge safely into traffic; always signal and yield.,medium
6,"Alcohol, Drugs & Impaired Driving",What should a driver do after taking an over-the-counter medication before driving?,"a:Double the dose to stay alert.,b:Drink alcohol to offset side effects.,c:Read the medication label for warnings about driving.,d:Ignore the label and drive as usual.",c,Many non-prescription drugs can affect driving ability. Read labels for warnings and consult a doctor or pharmacist if unsure.,medium
4,Safe & Defensive Driving Practices,What is a good general rule about passing other vehicles?,"a:Pass on the right whenever possible.,b:Try to get to the front of slow-moving traffic to improve visibility.,c:Drive with the flow of traffic and pass only when necessary and safe.",c,Each pass increases collision risk; stay with traffic speed and pass only as needed and legal.,easy
5,Driving in Special Conditions,When driving in fog you should use which lights?,"a:Parking lights.,b:Low beam headlights.,c:High beam headlights.",b,"Use low beam headlights in fog, rain, or snow to reduce glare and improve visibility.",easy
4,Safe & Defensive Driving Practices,"If another driver cuts you off, the safest response is to:","a:Let it go and continue driving safely.,b:Pull next to them and shout.,c:Flash your high beams at them.",a,"To avoid road rage and reduce crash risk, do not take it personally; let it go and keep driving safely.",easy
3,"Signs, Signals & Road Markings",Lanes of traffic moving in opposite directions are divided by what color lines?,"a:Red lines.,b:Yellow lines.,c:Black lines.,d:White lines.",b,Yellow lines divide lanes of traffic moving in opposite directions; white lines separate lanes moving in the same direction.,easy
4,Safe & Defensive Driving Practices,Which of the following is a common source of distracted driving?,"a:Checking tire pressure while driving.,b:Eating, drinking, or smoking.,c:Changing the oil before driving.",b,"Many actions, like eating, drinking, smoking, texting, or adjusting the radio, distract drivers and increase crash risk.",easy
2,Traffic Laws & Rules of the Road,You must not drive faster than which of the following?,"a:The maximum posted speed limit only.,b:A speed that is faster than is reasonable and prudent for conditions.,c:A speed that is safe for existing conditions regardless of posted limits.",b,"You must drive at a speed that is reasonable and prudent for the current conditions, which may be lower than the posted limit when necessary.",medium
6,"Alcohol, Drugs & Impaired Driving",Which substances can impair your ability to drive and may result in DUII?,"a:Alcoholic beverages such as beer, wine, or liquor.,b:Controlled substances and certain prescription medicines.,c:Inhalants such as glue or paint.,d:All of the above.",d,"A wide range of intoxicants—alcohol, illegal drugs, inhalants, and some legal medications—can impair driving and lead to arrest for DUII.",medium
3,"Signs, Signals & Road Markings",A diamond-shaped traffic sign indicates:,"a:A road hazard or warning.,b:An interstate route.,c:A school crossing.",a,Diamond-shaped signs are warning signs that alert drivers to hazards or special road conditions ahead.,easy
7,Vehicle Ownership & Responsibilities,"If you borrow an unfamiliar vehicle, what should you do before driving?","a:Assume it operates like any other vehicle.,b:Hide defects from the owner to avoid embarrassment.,c:Take a few minutes to locate and test the controls and check for defects.",c,"Before driving an unfamiliar vehicle, familiarize yourself with the location and operation of lights, wipers, brakes, signals, gear selector, and horn. Correct any defects first.",medium
5,Driving in Special Conditions,When should you slow down?,"a:On narrow or winding roads.,b:Only when a police officer tells you to.,c:Only when passing another vehicle.",a,"Slow down on narrow or winding roads, near intersections, railroad crossings, steep hills, blind curves, and when the road is wet or slippery.",easy
3,"Signs, Signals & Road Markings",A red traffic signal requires you to:,"a:Stop at the stop line, before any crosswalk, or before entering the intersection.,b:Slow down and proceed if clear.,c:Stop only if pedestrians are present.",a,"You must stop at the designated stop line, before any crosswalk, or before entering the intersection on a red light.",easy
4,Safe & Defensive Driving Practices,"To reduce fatigue on a long trip, you should:","a:Stop for a rest every two hours.,b:Drive faster to finish earlier.,c:Do arm exercises while driving.",a,"On long trips, stop every two hours for a break; if drowsy, park safely and rest.",easy
2,Traffic Laws & Rules of the Road,The space required to cross traffic safely depends on which factors?,"a:Road conditions, weather conditions, and oncoming traffic.,b:Whether a stop sign is present.,c:Whether you have signaled.",a,The space you need to cross depends on road and weather conditions and the speed and distance of oncoming traffic.,medium
8,Special Situations & Road Users,At a school crossing sign you should:,"a:Watch for children and be ready to stop.,b:Always stop whether a stop sign is present or not.,c:Sound your horn to alert children.",a,Always be alert for children near school crossings and be prepared to stop for pedestrians.,easy
5,Driving in Special Conditions,Which of the following about winter driving is NOT true?,"a:Winter is the most difficult driving season.,b:You should check antifreeze and washer fluid levels more often.,c:Using cruise control in winter weather is safe.,d:Snow tires can increase traction on slippery surfaces.",c,"Do not use cruise control on snow, in rain, or in similar hazardous conditions; winter driving requires extra precautions and preparation.",easy
4,Safe & Defensive Driving Practices,What best ensures safety when backing your vehicle?,"a:Honk your horn before shifting to reverse.,b:Check behind the vehicle by walking to the rear before getting in the driver's seat.,c:Rely only on rearview mirrors and cameras.,d:Back quickly to finish sooner.",b,"Before backing, walk around and inspect the area behind the vehicle for children or obstacles rather than relying solely on mirrors.",easy
3,"Signs, Signals & Road Markings",What color lines separate traffic moving in opposite directions?,"a:Yellow lines.,b:White lines.,c:Green lines.,d:Blue lines.",a,Yellow center lines separate lanes of traffic moving in opposite directions; broken or solid patterns indicate passing rules.,easy
2,Traffic Laws & Rules of the Road,Is it legal to cross a double solid yellow centerline to pass?,"a:You yes,b:No,c:Yes",b,Double solid yellow lines mean no passing; you may only cross to turn into/from a driveway or make a permitted left turn.,easy
5,Driving in Special Conditions,How can you reduce the risk of hydroplaning?,"a:Drive faster through standing water.,b:Drive through shallow water only.,c:Drive more slowly in wet conditions.",c,Hydroplaning is caused by driving too fast on wet roads; reduce speed to lower the chance of losing traction.,easy
2,Traffic Laws & Rules of the Road,"When you see a green light change to solid yellow as you approach an intersection, you should:","a:Stop before entering the intersection unless you are too close to stop safely.,b:Speed up to clear the intersection quickly.,c:Ignore it and continue at the same speed.",a,"A steady yellow warns the signal is about to turn red; stop if you can do so safely, otherwise proceed carefully.",easy
4,Safe & Defensive Driving Practices,Anything that causes you to which of the following could lead to a crash?,"a:Take your eyes off the road.,b:Take your hands off the wheel.,c:Take your attention away from the task of driving.",c,"Any activity that diverts your attention, eyes, or hands from driving is a distraction and increases crash risk.",easy
2,Traffic Laws & Rules of the Road,Are drivers permitted to text while operating a motor vehicle?,"a:Yes,b:No,c:You yes,d:Only when parked on the shoulder.",b,"You may not write, send, or read electronic messages while driving. This includes texts, emails, and internet use.",easy
3,"Signs, Signals & Road Markings",What does a steady yellow arrow displayed at an intersection mean?,"a:The green arrow is coming next so speed up.,b:You may proceed in the arrow direction without yielding.,c:Slow to a stop if you can do so safely because a red arrow is coming.,d:The signal is malfunctioning.",c,A steady yellow arrow warns that the protected-turn indication is ending; stop if it is safe to do so since a red arrow will follow.,medium
3,"Signs, Signals & Road Markings",A broken yellow line next to a solid yellow line means:,"a:Passing is permitted from the lane next to the broken line.,b:Passing is permitted from the lane next to the solid line.,c:Passing is permitted from either lane.",a,"When a broken yellow is beside a solid yellow, only the side with the broken line may pass when safe.",easy
6,"Alcohol, Drugs & Impaired Driving",Which statement is true about alcohol and driving skills?,"a:Even the smallest amount of alcohol can limit concentration, perception, judgment, and memory.,b:Only a BAC above the legal limit impairs driving.,c:Alcohol does not affect driving at low doses.",a,Any amount of alcohol reduces mental and physical skills needed for safe driving.,medium
4,Safe & Defensive Driving Practices,"If another driver aggressively cuts you off, what should you do?","a:Flash your lights to show them they were wrong.,b:Call the police right away.,c:Stay calm and move out of the aggressive driver's way.",c,"If an aggressive driver cuts you off, remain calm and get out of their way. Attempting to retaliate increases danger and may escalate the situation.",easy
4,Safe & Defensive Driving Practices,Drowsy drivers may:,"a:Safely continue by drinking coffee.,b:Drive so poorly they resemble intoxicated drivers.,c:Stay alert by opening a window and turning up the radio.",b,Drowsiness can impair driving similar to alcohol; opening windows or coffee are not reliable fixes—stop and rest if drowsy.,medium
2,Traffic Laws & Rules of the Road,You should always signal when which of the following actions is performed?,"a:Only when parking at night.,b:Changing lanes.,c:Only when other vehicles are present.",b,"Always use your signals when changing lanes, pulling into or out of a parking space, or entering traffic from an alley or parking area.",easy
3,"Signs, Signals & Road Markings",Signs colored orange typically indicate what?,"a:School zone signs.,b:Regulatory signs.,c:Work zone signs.",c,Orange signs are used in highway work zones to warn of construction and related hazards.,easy
3,"Signs, Signals & Road Markings",A red-and-white triangular sign at an intersection indicates:,"a:Decrease speed and yield the right-of-way to others.,b:Stop completely under all circumstances.,c:Always stop and honk before proceeding.",a,"A red-and-white triangular sign is a yield sign: slow down, be prepared to stop, and yield to traffic or pedestrians as required.",easy
2,Traffic Laws & Rules of the Road,Drivers may not pass from either side of which centerline marking?,"a:A single broken yellow line.,b:A combination solid and broken yellow line.,c:A double solid yellow line.,d:A dashed white line.",c,A double solid yellow centerline on a two-way road indicates that passing is prohibited from either direction.,medium
2,Traffic Laws & Rules of the Road,"When driving in traffic, the safest practice is to:","a:Drive with the flow of traffic rather than much faster or slower than others.,b:Drive much faster than surrounding traffic to avoid congestion.,c:Drive much slower than others to be safer.",a,Crashes often occur when speeds differ significantly between vehicles; keep pace with traffic within the speed limit.,easy
2,Traffic Laws & Rules of the Road,What must drivers do when approaching a steady red traffic light?,"a:Drive through if no other traffic is present.,b:Come to a complete stop and then proceed only as permitted.,c:Speed through to clear the intersection quickly.,d:Ignore it if turning is allowed without signage.",b,"A steady red light means stop. You may turn on red only where legal and after yielding to pedestrians and other traffic, unless a sign prohibits it.",easy
2,Traffic Laws & Rules of the Road,"To change lanes safely, what sequence should you follow?","a:Check mirrors and signal, then change lanes without looking over your shoulder.,b:Signal, check mirrors, check your blind spot by looking over your shoulder, then change lanes.,c:Signal and change lanes immediately.",b,"Before changing lanes, signal, check mirrors, look over your shoulder to check the blind spot, and change lanes only when it is safe.",medium
8,Special Situations & Road Users,"When approaching a railroad crossing, what should you do?","a:Slow down, look for a train, and be prepared to stop.,b:Speed up to beat any approaching train.,c:Drive around any lowered gate if traffic backs up.,d:Ignore unmarked crossings.",a,"When you see signs for a nearby railroad crossing, reduce speed, look and listen for trains, and stop if warning devices activate or a train is near.",medium
4,Safe & Defensive Driving Practices,"If an oncoming driver fails to dim high beams, where should you look to avoid being blinded?","a:Directly at the headlights.,b:Toward the left side of the road.,c:Toward the right side of the road.,d:At the center line.",c,Glance toward the right edge of the road to avoid being blinded by oncoming high beams while keeping enough view of the roadway to stay on course.,medium
5,Driving in Special Conditions,When must you turn on your headlights in Massachusetts tunnels?,"a:Only during nighttime hours.,b:Only if visibility is poor.,c:Always when driving in a tunnel.",c,Massachusetts law requires headlights to be on when driving in tunnels to increase visibility for yourself and others.,easy
2,Traffic Laws & Rules of the Road,When can you go through an intersection controlled by a stop sign but there is no stop line or crosswalk?,"a:After slowing down and checking there is no cross traffic.,b:Only after coming to a full stop before entering the intersection and verifying it is safe to proceed.,c:After stopping at least 20 feet before the intersection.",b,"If a stop sign controls an intersection but there is no stop line or crosswalk, come to a complete stop before entering the intersection and proceed only when it is safe.",easy
8,Special Situations & Road Users,A bicyclist who disobeys traffic laws:,"a:Can be ticketed just like a motor vehicle driver.,b:Has special immunity and cannot be ticketed.,c:Will always be warned but not cited.",a,Bicyclists have the same rights and duties as motor vehicle drivers and can be cited for violations.,medium
4,Safe & Defensive Driving Practices,"If your vehicle begins to skid, you should steer:","a:In the direction you want the vehicle to go.,b:In the opposite direction of the skid and hold it.,c:Keep the front wheels straight at all costs.",a,"If you skid, steer toward the direction you want the vehicle to travel; when it straightens, correct as needed.",medium
6,"Alcohol, Drugs & Impaired Driving",Which is a common sign of a drunk driver?,"a:Using turn signals properly.,b:Keeping a steady following distance.,c:Driving exactly at the speed limit.,d:Weaving between lanes.",d,"Telltale signs of impairment include weaving, erratic speed changes, sudden stops, and jerking motions; stay away and report if safe.",medium
2,Traffic Laws & Rules of the Road,When is using your horn appropriate?,"a:When passing another car.,b:To alert others when you must stop quickly.,c:Whenever you are frustrated with another driver.",b,Sound your horn to warn others of immediate danger or if you lose control and need to alert nearby drivers; do not use it aggressively.,medium
2,Traffic Laws & Rules of the Road,"If you miss your exit on an interstate, you should:","a:Exit at the next exit and safely return to your intended exit.,b:Stop and make a U-turn on the interstate.,c:Roll down your window and ask another driver for directions.",a,Do not back up or turn around on the highway. Continue to the next exit and re-route safely.,easy
3,"Signs, Signals & Road Markings",Regulatory signs are usually what color and must be obeyed?,"a:White.,b:Blue.,c:Green.",a,Regulatory signs typically have a white background with black or red markings and must always be obeyed.,easy
7,Vehicle Ownership & Responsibilities,Is it legal to drink alcoholic beverages in a vehicle on a public highway?,"a:No,b:Yes,c:You yes",a,It is against the law to consume or possess open alcoholic beverages on public roads; open containers in areas normally occupied by driver or passenger are prohibited.,medium
4,Safe & Defensive Driving Practices,“Highway hypnosis” is most likely caused by:,"a:Staring at the roadway for long periods without actively scanning.,b:Taking frequent rest stops.,c:Getting too much sleep before the trip.,d:Listening to loud music.",a,Highway hypnosis results from staring ahead for long periods and not actively scanning; take breaks and shift your gaze to stay alert.,medium
2,Traffic Laws & Rules of the Road,"When making a right turn on a green light, what must you do before turning?","a:Maintain your normal speed and turn.,b:Yield to pedestrians and any traffic in the intersection.,c:Stop only if a police officer is present.,d:Signal after you start the turn.",b,Turning on a green light requires yielding to pedestrians and other traffic already in the intersection unless a sign prohibits the turn.,easy
8,Special Situations & Road Users,How can you avoid being in a truck or bus driver's blind spot?,"a:Never pass trucks or buses.,b:Avoid driving alongside them and avoid tailgating.,c:Flash your headlights at them to get their attention.",b,Large vehicles have significant blind spots; do not drive alongside them and avoid following too closely so the driver can see you.,medium
2,Traffic Laws & Rules of the Road,When exiting a highway you should begin slowing:,"a:After you have moved into the exit lane.,b:On the main road before the exit lane.,c:Only when you see the toll booth.",a,Do not slow on the main roadway; move into the exit lane and then reduce speed on the exit ramp.,easy
5,Driving in Special Conditions,"When a flagger is controlling traffic in a construction zone, what must you do?","a:Ignore the flagger and follow other drivers.,b:Assume the flagger isn't authorized to direct traffic.,c:Follow the flagger's directions.",c,"Be prepared to slow and use caution when directed by signs, a flagger, or law enforcement. Ignoring a flagger is illegal and dangerous in construction zones.",easy
4,Safe & Defensive Driving Practices,The act of turning your head to check your blind spot before changing lanes is:,"a:A bad driving habit.,b:A good driving habit.,c:Unnecessary if you have mirrors.,d:Only required for new drivers.",b,Checking your blind spot by turning your head is a proper habit to ensure the lane you intend to enter is clear of vehicles or bicycles.,easy
6,"Alcohol, Drugs & Impaired Driving",Which factors influence the effects of alcohol on a person?,"a:The amount of food in the stomach.,b:Body weight of the individual.,c:How much time passes between drinks.,d:All of the above.",d,"BAC and impairment depend on amount consumed, time between drinks, body weight, and whether food was eaten, among other factors.",medium
8,Special Situations & Road Users,Why should you be cautious when passing a bicyclist?,"a:You are traveling much faster than the bicycle.,b:The bicycle always has the right-of-way.,c:Oncoming traffic might not see you pull out to pass the bicyclist.",c,"When passing bicycles, be cautious because cyclists may swerve to avoid obstacles, and oncoming traffic might not see you move into the lane to pass.",medium
6,"Alcohol, Drugs & Impaired Driving",Which of the following will help you sober up quickly after drinking?,"a:A cold shower.,b:A large coffee.,c:Exercising.,d:None of the above; only time will sober you.",d,There is no quick way to remove alcohol from your system; only time allows your body to metabolize it.,easy
3,"Signs, Signals & Road Markings",A single broken white line down the center of a two-lane road indicates:,"a:Lanes move in opposite directions and passing is allowed.,b:Lanes move in the same direction and may be crossed to pass when safe.,c:Lanes move in opposite directions and no passing is allowed.",b,Dashed white lines separate lanes moving in the same direction and can be crossed when safe to pass.,easy
4,Safe & Defensive Driving Practices,"About speed management when navigating curves, you should:","a:Slow down before entering the curve.,b:Maintain posted speed until the sharpest part, then slow.,c:Accelerate gently into the curve.",a,"Because inertia affects control, reduce speed before entering a curve to maintain steerability.",medium
6,"Alcohol, Drugs & Impaired Driving",What can happen if you drink alcohol while taking prescription or over-the-counter medicine?,"a:The medicine will block the alcohol's effects.,b:Alcohol will help the medicine work faster.,c:The combination can multiply the impairing effects of both substances.",c,"Combining alcohol with medications can multiply the impairing effects, sometimes producing far greater impairment than alcohol alone.",medium
2,Traffic Laws & Rules of the Road,"While in a travel lane on the roadway, which is true?","a:You may stop briefly to drop off passengers.,b:You should keep moving until you can safely pull off the road.,c:You may make a U-turn if you missed an entrance ramp.",b,"Do not stop in a travel lane. If you miss a turn or exit, continue to the next safe location to turn around or exit. Never back up in a travel lane.",easy
5,Driving in Special Conditions,Why is night driving more difficult than daytime driving?,"a:Because visibility is reduced in the dark.,b:Cars overheat more often at night.,c:It rains more at night.",a,Reduced vision at night shrinks your field of view; adjust speed and use proper headlights to stop within visible distance.,medium
7,Vehicle Ownership & Responsibilities,"If you are in a serious motor vehicle crash, what should you do first?","a:Ignore the scene and continue driving.,b:Drive away if the damage seems minor.,c:Argue with the other driver before exchanging information.,d:Determine if anyone is injured and call emergency services if needed.",d,"Stop and move your vehicle off the road if possible, check for injuries, call 911 if anyone is hurt, and report crashes when required by law.",medium
8,Special Situations & Road Users,"If you are on a one-way street and an emergency vehicle using lights approaches, what must you do?","a:Turn on your hazard lights and keep driving.,b:Drive toward the nearest roadside and stop.,c:Speed up and take the nearest exit.",b,"On a one-way street, drive toward the nearest roadside and stop when an emergency vehicle using lights or sirens approaches.",medium
5,Driving in Special Conditions,"When driving in fog, you should use:","a:Low beam headlights (and fog lights if equipped).,b:High beam headlights.,c:Parking lights only.",a,Use low beams and fog lights if available; high beams reflect off fog and reduce visibility.,medium
4,Safe & Defensive Driving Practices,Which actions should you take when changing lanes on a highway?,"a:Signal your lane change only.,b:Check your rearview and outside mirrors only.,c:Check mirrors, signal, and glance over your shoulder to check the blind spot.,d:Change lanes without signaling if you can do it quickly.",c,"When changing lanes you must signal, check all mirrors, and glance over your shoulder to confirm the blind spot is clear.",medium
7,Vehicle Ownership & Responsibilities,"If you are in an accident and someone is injured, what should you do?","a:Move the injured person immediately to clear traffic.,b:Always leave the injured where they are and wait.,c:Avoid moving the injured unless necessary, keep them warm, and give first aid if trained.",c,Do not move injured persons unnecessarily; untrained handling can worsen injuries. Keep the injured warm and provide first aid if needed until professional help arrives.,medium
2,Traffic Laws & Rules of the Road,Passing is prohibited in which locations?,"a:Only during daytime.,b:On hills and curves, at intersections, and at railroad crossings.,c:Only when pavement is wet.,d:Only in school zones.",b,"Passing is unsafe and often illegal on hills, curves, intersections, railroad crossings, and where signs prohibit it.",medium
5,Driving in Special Conditions,What should you remember about wet pavement and rain?,"a:Wet roads cannot cause hydroplaning.,b:You should always tailgate to increase control.,c:Pavement is especially slippery right after rain begins.",c,Road surfaces are often most slippery immediately after rainfall because oil and dirt mix with the water; reduce speed and increase following distance.,medium
4,Safe & Defensive Driving Practices,You are in the left lane and want to move right. Before changing lanes you should:,"a:Check mirrors,b:Look in mirrors,c:Only signal and change lanes without checking blind spots.",a,"When changing lanes to the right, glance over your right shoulder plus check mirrors and signal to ensure the lane is clear.",easy
8,Special Situations & Road Users,You must stop at a railroad crossing when which of the following occurs?,"a:Directed to do so by a flagger.,b:The crossing is controlled by a stop sign.,c:Flashing red signals and gates are present and operating.",c,Stop at a crossing when flashing red signals or lowered gates indicate an approaching train; also when directed by a flagger or stop sign.,medium
3,"Signs, Signals & Road Markings",Which statement about advisory speed signs on curves is correct?,"a:They are blue with black lettering.,b:You should reduce speed before entering the curve as indicated.,c:They can be ignored in rainy, snowy, or icy conditions.,d:They are triangular in shape.",b,Advisory speed signs attached to curve warnings show a recommended safe speed. Slow before entering the curve; do not rely on braking while turning.,medium
2,Traffic Laws & Rules of the Road,"When merging onto a freeway, what is usually best practice?","a:Turn on hazard lights until fully merged.,b:Proceed slowly and wait for an opening at low speed.,c:Use the on-ramp to accelerate to the speed of freeway traffic and blend in.,d:Stop at the end of the ramp and wait for a large gap.",c,Use the acceleration lane to reach the speed of traffic on the freeway so you can merge safely without disrupting flow.,medium
8,Special Situations & Road Users,Which action is illegal at a railroad crossing?,"a:Stopping when directed by a flagger.,b:Waiting for a train to pass.,c:Driving around lowered gates.,d:Obeying flashing lights and gates.",c,"You must obey flashing lights, gates, and flaggers; it is illegal and dangerous to go around lowered crossing gates.",easy
2,Traffic Laws & Rules of the Road,"When two vehicles arrive at an uncontrolled intersection at the same time, who has the right-of-way?","a:The vehicle approaching from the right.,b:The vehicle approaching from the left.,c:The vehicle that honks first.",a,"At an intersection of equal roads without signs or signals, yield to the vehicle approaching from your right.",easy
3,"Signs, Signals & Road Markings",An arrow painted on the pavement indicates that drivers in that lane:,"a:May choose to make the movement but are not required to.,b:Must make the movement shown by the arrow.,c:Must stop before making the movement.,d:Should yield to traffic in the oncoming lane.",b,Pavement arrows indicate the required movement from that lane; follow any signs or signals that apply first.,medium
3,"Signs, Signals & Road Markings",What is the purpose of regulatory road signs?,"a:They warn of present dangers ahead.,b:They indicate what a driver must or must not do.,c:They are always diamond-shaped and yellow or green.,d:They show nearby services and distances.",b,"Regulatory signs tell drivers what actions are required or prohibited in a given area, such as speed limits, no turns, or lane usage.",easy
3,"Signs, Signals & Road Markings",What does a flashing yellow traffic signal mean?,"a:Slow down and proceed with caution.,b:Ignore the signal and continue normally.,c:Stop and wait for a green light.",a,"A flashing yellow traffic signal means caution. Slow down, look carefully, and proceed with care if the way is clear.",easy
8,Special Situations & Road Users,When must you stop for a school bus on a two-lane highway?,"a:When the bus is stopped and its red lights are flashing.,b:Only when the bus is in your lane and doors are open.,c:Only if the bus driver signals you to stop.",a,"On a two-lane road, traffic in both directions must stop when a school bus displays flashing red lights and/or extends its stop arm.",easy
2,Traffic Laws & Rules of the Road,"If you are driving much slower than the speed limit and causing backup, what should you do?","a:Continue at the slow speed because it is safest.,b:Always expect the right-of-way.,c:Pull off the road when safe to allow other vehicles to pass.",c,"Driving well below the flow of traffic can be hazardous; if you are causing a backup, you are required to pull off the road and let other vehicles pass.",medium
8,Special Situations & Road Users,"If you encounter an animal on the roadway, what is the safest response?","a:Take no special action and continue.,b:Slow down and pass the animal carefully to avoid startling it.,c:Pass the animal as closely as possible to get by quickly.",b,Be very cautious when animals are on the road; slow down and pass slowly to avoid startling them and causing unpredictable behavior.,medium
2,Traffic Laws & Rules of the Road,"On a highway divided by double solid yellow lines, you may:","a:Cross only to make a left turn into or out of an alley, private road, or driveway.,b:Cross to pass another vehicle when no oncoming traffic is present.,c:Never cross under any circumstances.",a,"Double solid yellow lines prohibit passing; you may cross them only to make permitted left turns into driveways, alleys, or business entrances.",easy
2,Traffic Laws & Rules of the Road,"If a crossing guard is directing traffic near a school, what must you do?","a:Ignore the guard if a traffic signal is present.,b:Assume the guard is not authorized to direct traffic.,c:Follow the directions given by the crossing guard.,d:Do whatever surrounding traffic does even if it contradicts the guard.",c,"Drivers must obey directions from crossing guards in school zones and exercise extra caution, reducing speed when instructed.",easy
