section-num,section-name,question,options,correct-answer,note,difficulty
8,Special Situations & Road Users,"When a school bus is stopped on your side of the road with red lights flashing, you must:","a:Change lanes and pass cautiously.,b:Slow to 10 mph and proceed.,c:Stop until the lights stop flashing and the stop arm is retracted.",c,Stop for a school bus that is loading or unloading students while its red lights are flashing and stop arm is extended; don't pass.,difficult
3,"Signs, Signals & Road Markings",What is a crosswalk?,"a:An area designated for road construction workers.,b:Another name for a four-way intersection.,c:The area where pedestrians may cross the roadway.",c,Crosswalks designate where pedestrians may cross the road and may be marked by white solid lines or may be unmarked at some intersections.,
4,Safe & Defensive Driving Practices,"If you repeatedly drive faster than other cars on a two-lane road and keep passing, what is likely to happen?","a:It will help prevent traffic congestion.,b:Your chance of a collision increases.,c:You will reach your destination much faster and more safely.",a,Avoid passing other vehicles on two-lane roads — every pass raises the chance of a crash.,
7,Vehicle Ownership & Responsibilities,"If your car becomes disabled on the highway, where should you park if possible?","a:With all four wheels off the traveled portion of the highway.,b:Stop in the right lane.,c:Stop where you are and wait for help.",a,"If your vehicle is disabled, move it off the main travel lanes so it does not block traffic or create a hazard.",
7,Vehicle Ownership & Responsibilities,Which statement about backing your vehicle is true?,"a:Always dangerous.,b:Dangerous if you have a helper.,c:Only dangerous in large vehicles.",b,Backing is always hazardous because visibility is limited; use caution and helpers when necessary.,
7,Vehicle Ownership & Responsibilities,"In a vehicle equipped with airbags, where is the safest place for children age 12 and under to ride?","a:The back seat.,b:The front seat.,c:The bed of a pick-up truck.",a,Children 12 and under should ride in the back seat when the vehicle has airbags to reduce injury risk.,difficult
3,"Signs, Signals & Road Markings",A diamond-shaped road sign is a:,"a:Yield sign.,b:Stop sign.,c:Warning sign.",c,Diamond-shaped signs warn drivers of special conditions or hazards ahead; they are usually yellow or orange.,
2,Traffic Laws & Rules of the Road,When must you stop your vehicle?,"a:Where there is a red traffic light.,b:Both of the above.,c:At any intersection where a police officer orders you to stop.",a,"You must come to a complete stop at steady or flashing red lights and obey any police officer directing traffic, regardless of signals.",
4,Safe & Defensive Driving Practices,What is true about changing lanes safely?,"a:Look over your right shoulder for a right lane change and your left shoulder for a left lane change.,b:You only need to turn and look over your right shoulder for lane changes to the right or left.,c:Vehicles with two outside mirrors do not have blind spots.",b,"Before changing lanes, signal, check mirrors, and look over the appropriate shoulder to verify the adjacent lane is clear of vehicles, motorcycles, or bicycles.",
4,Safe & Defensive Driving Practices,"To be able to turn quickly, your hands should be placed:","a:Next to each other on the top of the steering wheel.,b:On opposite sides of the steering wheel.,c:On the top and bottom of the steering wheel.",b,"Both hands should be on opposite sides of the steering wheel to promote comfortable, controlled turns, especially at higher speeds.",
8,Special Situations & Road Users,"If you see a pedestrian using a guide dog or carrying a white cane, what must you do?","a:Honk your horn to let them know you are there.,b:You must yield the right-of-way.,c:The pedestrian must yield the right-of-way.",c,Blind or partially blind pedestrians using a guide dog or white cane must be given the right-of-way.,
2,Traffic Laws & Rules of the Road,"To turn left from a multilane one-way street onto another one-way street, where should you start the turn?","a:From any lane as long as it is safe.,b:From the center lane.,c:From the lane closest to the left curb.",c,Begin left turns from the far left lane when turning from one one-way street onto another one-way street.,
2,Traffic Laws & Rules of the Road,Is it appropriate to always drive slower than the surrounding traffic?,"a:No — driving significantly slower can block traffic and may be illegal.,b:Yes — it is always safer to drive more slowly than others.,c:Yes — it is a recommended defensive driving technique.",a,You should drive slower in poor conditions but not impede normal traffic flow; blocking traffic can result in a citation.,difficult
5,Driving in Special Conditions,"If you must make an emergency stop on an interstate, what should you do?","a:Get out of your vehicle and flag down the first vehicle that passes.,b:Sound your horn at passing cars to get their attention.,c:Pull off the road",a,"If you stop on the highway shoulder, turn on emergency flashers and remain in the vehicle when possible; walking along an interstate is extremely dangerous.",
2,Traffic Laws & Rules of the Road,A flashing yellow light at an intersection means:,"a:Come to a complete stop as quickly as possible.,b:Slow down and proceed with caution.,c:Stop and proceed only when the intersection is clear.",b,A flashing yellow light warns drivers to slow down and proceed with caution; no full stop is required unless needed for safety.,
2,Traffic Laws & Rules of the Road,A U-turn is prohibited:,"a:On a straight roadway with a clear view for 500 feet in both directions.,b:On or near any curve or hill.,c:In a parking lot.",b,Never make U-turns on or near curves or hills because you may not see approaching traffic or pedestrians and could cause a collision.,difficult
8,Special Situations & Road Users,Why increase your following distance behind a large vehicle?,"a:Because other drivers tend to pull behind large vehicles before trying to pass them.,b:To better see around the sides of the vehicle.,c:Because following too closely will get you caught in the vehicle's slipstream.",c,Large vehicles block visibility and the drivers may not see you. Increase following distance to see around the vehicle and to give yourself more time to react.,
4,Safe & Defensive Driving Practices,What should you do prior to entering a curve?,"a:Brake hard.,b:Reduce your speed.,c:Activate your turn signal.",b,Slow down before entering a curve; do not brake suddenly while in the curve.,
6,"Alcohol, Drugs & Impaired Driving",Reaction time becomes slower after which activity?,"a:Working hard.,b:Sleeping.,c:Drinking alcohol.",c,"Alcohol slows reflexes and reaction time, impairs vision and alertness, and degrades driving skills.",
6,"Alcohol, Drugs & Impaired Driving",Which statement about driving and medications is true?,"a:Medications are safe to take at any time, if prescribed by a doctor.,b:Most cold medications can make a person drowsy.,c:Over-the-counter medications cannot impair driving ability if taken in the recommended dosages.",b,Both prescription and over-the-counter medicines can impair driving. Many cold and allergy medications cause drowsiness; know how medicines affect you before driving.,
5,Driving in Special Conditions,Why is night driving more challenging?,"a:Distance and vehicle speed are difficult to judge in the dark.,b:The speed limit is increased at night.,c:There are fewer cars on the roads at night.",c,Reduced visibility at night makes judging distances and speed of other vehicles difficult; you can only see as far as your headlights allow.,
4,Safe & Defensive Driving Practices,"When passing another car, you should sound your horn if the other car is:","a:Signaling a right turn.,b:Driving very slowly in the right lane.,c:About to turn into your lane.",c,Use your horn to warn a driver who is about to turn into your lane and does not see you; use it to help avoid collisions.,
2,Traffic Laws & Rules of the Road,"When passing another vehicle, you should move back into your original lane only when:","a:You can see both headlights of the passed vehicle in your rearview mirror.,b:You have cleared the passed vehicle's front bumper.,c:You are at least 50 feet ahead of the passed vehicle.",a,Return to your lane only after you can see the passed vehicle’s headlights in your rearview mirror to ensure enough space.,difficult
2,Traffic Laws & Rules of the Road,"If a police officer directs you to go through a red light without stopping, what should you do?","a:Come to a complete stop before proceeding.,b:Go through the intersection without stopping.,c:Stop until the light turns green.",c,Police officer directions override traffic signals. Follow the officer's instruction to proceed through the intersection.,
7,Vehicle Ownership & Responsibilities,"When parking uphill on a street with a curb, how should you set your front wheels?","a:Turn the wheels away from the curb.,b:Keep the wheels straight.,c:Turn the wheels toward the curb.",a,"When parking uphill with a curb, turn the front wheels away from the curb; when downhill, turn them toward the curb.",
3,"Signs, Signals & Road Markings",What does a flashing red traffic light mean at an intersection?,"a:The light will soon turn green.,b:The same as a yield sign.,c:The same as a stop sign — come to a complete stop then proceed when clear.",c,"A flashing red requires a full stop, yielding to traffic and pedestrians, then proceeding when safe.",
3,"Signs, Signals & Road Markings",What action must you take when approaching an octagonal traffic sign?,"a:Turn immediately.,b:Stop completely and yield to others with the right-of-way.,c:Slow down.",b,"An octagonal sign always means stop. Come to a full stop, yield to traffic and pedestrians, then proceed when clear.",
2,Traffic Laws & Rules of the Road,A prudent driver should:,"a:Always be prepared to yield the right-of-way when it helps prevent a collision.,b:Assume all drivers automatically obey the right-of-way rules.,c:Assume most drivers obey the right-of-way rules.",a,Do not assume you always have the right-of-way. Yielding when it prevents a crash is a safer choice.,difficult
7,Vehicle Ownership & Responsibilities,Having a driver's license is considered a:,"a:A requirement.,b:Privilege.,c:A right.",b,Driving is a privilege granted by the state and can be suspended or revoked for violations.,
4,Safe & Defensive Driving Practices,"If you encounter an aggressive driver, which action is safest?","a:Get out of their way.,b:Challenge them.,c:Speed up to get away from them.",a,Avoid confrontation with aggressive drivers; safely yield or change lanes to remove yourself from the situation.,
8,Special Situations & Road Users,"When a school bus has its red lights flashing and its stop arm extended, when may motorists proceed?","a:As soon as all students are off the bus.,b:When the stop arm is retracted only.,c:Only after the lights are off",c,"Motorists must remain stopped until the bus retracts its stop arm, turns off flashing reds, and begins moving.",
8,Special Situations & Road Users,Why should you avoid sudden stops in front of large trucks and buses?,"a:Large trucks and buses travel at higher speeds than small vehicles.,b:Small vehicle drivers cannot see large trucks in their rearview mirrors.,c:Because large vehicles need longer distances to stop than smaller vehicles.",c,"Due to their size and weight, large vehicles take longer to stop; sudden stops in front of them risk collisions.",
4,Safe & Defensive Driving Practices,Why is using a cell phone while driving dangerous?,"a:It causes the driver to worry about call costs.,b:It draws other drivers' attention away from the road.,c:It occupies the driver's eyes",c,"Cell phone use while driving distracts eyes, hands, and attention, increasing crash risk even for skilled drivers.",
2,Traffic Laws & Rules of the Road,"When preparing to make a left turn from a two-way street, you should begin your turn from:","a:The lane closest to the centerline.,b:The right-hand side of the road.,c:On the left of the centerline.",a,"When turning left from a two-way street, begin in the lane nearest the centerline and turn into the nearest legal lane.",
2,Traffic Laws & Rules of the Road,"If there are oncoming vehicles to your left and parked cars to your right, how should you steer?","a:Steer a middle course between the oncoming and parked vehicles.,b:Steer closer to the oncoming vehicles than the parked vehicles.,c:Steer closer to the parked cars than the oncoming vehicles.",c,"When faced with oncoming traffic one side and parked cars the other, choose a middle course to maximize clearance from both.",
4,Safe & Defensive Driving Practices,"As daylight fades, which lights should you use to help others see you?","a:Emergency flashers.,b:Low beam headlights.,c:Parking lights.",b,Use low beams as dusk approaches; high beams should only be used where no other vehicles are present.,
4,Safe & Defensive Driving Practices,Which statement about braking and accelerating is correct?,"a:Always brake abruptly to ensure stopping.,b:Use your left foot to brake.,c:Use your right foot for both braking and accelerating.",c,Use your right foot for both the accelerator and brake. Apply brakes smoothly with gradually increasing pressure for a controlled stop.,
2,Traffic Laws & Rules of the Road,"When driving in a construction zone, what's the best approach?","a:Slightly increase your speed.,b:Expect the unexpected and proceed with extra caution.,c:Expect workers to yield to motorists.",b,Construction zones have unexpected hazards — slow down and be alert to changing conditions and workers.,difficult
4,Safe & Defensive Driving Practices,What important action should you take when making a turn?,"a:Always move to the left lane.,b:Check traffic in all directions.,c:Increase your speed.",a,"Before turning, look to the rear and both sides of your vehicle and adjust speed as needed to turn safely.",
2,Traffic Laws & Rules of the Road,"If you enter a designated left-turn lane with oncoming traffic, what should you do before turning?","a:Turn your front wheels left to be ready to turn.,b:Move to the left of the center lane to prepare.,c:Signal about 100 feet before and keep wheels straight until you actually turn.",c,Start signaling early and keep the wheels pointed straight ahead until you begin the turn to avoid being pushed into oncoming traffic if struck from behind.,difficult
2,Traffic Laws & Rules of the Road,"When following a large truck on the freeway, you should:","a:Follow more closely than you would a passenger vehicle.,b:Always remain to the right of the truck and wait to pass.,c:Follow farther behind than you would a passenger vehicle.",c,Large trucks have greater stopping distances and larger blind spots — keep extra following distance.,
5,Driving in Special Conditions,"If your vehicle begins to lose traction because of standing water, you should:","a:Maintain your speed to improve traction.,b:Apply the brakes firmly to regain control.,c:Slow down gradually and avoid using the brakes.",c,"If you begin to hydroplane, ease off the accelerator and slow gradually without braking; braking can make the situation worse.",
6,"Alcohol, Drugs & Impaired Driving",What happens as your BAC increases?,"a:You become more sober.,b:You become more intoxicated.,c:You become more coordinated.",b,"As blood alcohol concentration rises, a person's level of intoxication and impairment increases.",
3,"Signs, Signals & Road Markings",What does a steady green traffic light allow you to do?,"a:Continue through the intersection at a safe and reasonable speed if it is clear.,b:Adjust your mirrors.,c:Increase your speed.",c,"A steady green light means you may proceed through the intersection when it is safe, yielding to traffic or pedestrians already in the intersection.",
4,Safe & Defensive Driving Practices,What is a common effect of excessive speed?,"a:It often leads to high-risk decision-making.,b:It increases your ability to react to hazards.,c:It does not increase crash risk.",a,Excessive speed contributes to risky choices and is a leading factor in crashes.,
3,"Signs, Signals & Road Markings",A broken yellow line next to a solid yellow line means passing is:,"a:Permitted from the lane adjacent to the solid line.,b:Permitted from the lane adjacent to the broken line.,c:Prohibited from both directions.",b,"When a broken yellow is next to a solid yellow, passing is allowed from the side with the broken line only.",
3,"Signs, Signals & Road Markings",A broken yellow line between two lanes of traffic means:,"a:Both lanes of traffic go in the same direction.,b:Passing is not permitted.,c:Passing is permitted when it is safe.",c,A broken (dashed) yellow line separates lanes of traffic moving in opposite directions; passing is permitted when clear.,
5,Driving in Special Conditions,To help prevent hydroplaning on wet roads you should:,"a:Move to the shoulder of the road as soon as it starts to rain.,b:Use cruise control to maintain a constant speed.,c:Slow down.",c,Hydroplaning is caused by driving too fast on wet roads. Reduce speed when the pavement is wet to improve tire contact with the road.,
2,Traffic Laws & Rules of the Road,"Exiting a freeway on a ramp that curves downhill, what should you do?","a:Wait until you are in the curve to begin braking.,b:Slow to the posted freeway speed limit.,c:Slow to a safe speed before entering the curve.",c,Slow down to a safe speed before entering a downhill curve; braking in the curve increases risk of skidding.,
5,Driving in Special Conditions,"To avoid hydroplaning in wet conditions, what should you do?","a:Drive at speeds suitable for ideal conditions.,b:Apply brakes as soon as the car starts to skid.,c:Slow down.",c,The best way to avoid hydroplaning is to reduce speed in wet conditions.,
8,Special Situations & Road Users,Why should drivers give extra space to children on bicycles?,"a:They do not have the same physical reflexes as adults.,b:Both of the above.,c:They are smaller and more difficult to see than adults.",b,"Children are less predictable and harder to see. Be extra cautious near schools, playgrounds, and residential areas.",
7,Vehicle Ownership & Responsibilities,When should your wheels not be pointed straight ahead?,"a:When waiting to make a left turn at a traffic light.,b:When parked on the side of a level roadway where there is no curb.,c:When parked on a hill or sloping driveway.",b,"When parked on a hill or slope, turn your wheels so the vehicle will not roll into traffic if the brakes fail.",
8,Special Situations & Road Users,"What are ""no zones"" around large trucks?","a:They have sufficient space to travel behind the truck.,b:They are areas where cars have several car lengths between their vehicle and the truck.,c:Areas where cars disappear into blind spots or are so close they restrict the truck driver's ability to maneuver safely.",c,"""No zones"" are blind spot areas around large vehicles where passenger cars may disappear from the truck driver's view or be too close for the truck to stop or maneuver safely.",
2,Traffic Laws & Rules of the Road,"Unless otherwise posted, what is the speed limit in residential areas?","a:30 mph,b:25 mph,c:20 mph",b,"Unless otherwise posted, the speed limit in residential districts is 25 mph. Be especially alert for children near schools, playgrounds, and neighborhoods.",
4,Safe & Defensive Driving Practices,"When reversing, what is the correct technique?","a:Press hard on the gas pedal to maneuver quickly.,b:Rely only on your rearview mirror.,c:Look through the rear window while backing up.",c,"When backing, look directly through the rear window and reverse slowly; mirrors do not show everything behind you.",
6,"Alcohol, Drugs & Impaired Driving",Only which factor can lower your blood alcohol concentration (BAC)?,"a:Eating foods high in fat.,b:Drinking caffeine.,c:Time.",c,Only the passage of time allows the body to metabolize and lower BAC; nothing else accelerates this process.,
5,Driving in Special Conditions,"When conditions require you to drive with headlights on, which lights should you use?","a:Use your high beams.,b:Use your parking lights.,c:Use your low beams.",a,"Use low beam headlights in rain, fog, or snow; high beams can reflect back and cause glare, and parking lights are insufficient for driving visibility.",
2,Traffic Laws & Rules of the Road,At a Yield sign you must:,"a:Yield the right-of-way to crossing traffic that is close enough to cause a conflict.,b:Always slow down and proceed without stopping.,c:Yield only to vehicles on your right.",a,At a yield sign you must slow down or stop if necessary and give right-of-way to crossing or merging traffic that presents a conflict.,
2,Traffic Laws & Rules of the Road,"When turning left from a two-way street onto a one-way street, where should you end up?","a:Turn into the first lane of the one-way street.,b:Turn into any lane.,c:Turn into the second lane.",a,"When turning, move from the lane nearest your direction into the first legal lane on the one-way street.",
2,Traffic Laws & Rules of the Road,A flashing red traffic light at an intersection means you must:,"a:You are traveling in the wrong direction.,b:Treat the intersection as if it is controlled by a stop sign (come to a complete stop).,c:Not proceed until it changes to green.",b,"A flashing red light requires a full stop at the stop line or crosswalk; yield to traffic and pedestrians, then proceed when safe.",
3,"Signs, Signals & Road Markings",A steady red arrow on a traffic signal means:,"a:Drivers may not proceed in the indicated direction until the signal changes.,b:Drivers may turn in the indicated direction after coming to a complete stop.,c:Drivers may proceed without stopping.",a,A steady red arrow prohibits movement in that direction until the signal changes to green or a green arrow appears.,
2,Traffic Laws & Rules of the Road,"If you drive slower than the flow of traffic, what is the most likely result?","a:You may interfere with traffic and could receive a citation.,b:You will improve traffic flow.,c:You will demonstrate defensive driving skills.",a,Driving much slower than traffic can block normal movement and may result in a citation; match traffic speed when safe and legal.,
4,Safe & Defensive Driving Practices,Why should you signal continuously while turning?,"a:It is always unsafe to turn off a signal before completing a turn.,b:It is illegal to turn off your signal before completing a turn.,c:So other road users know your intentions.",c,"Continuous signaling alerts other drivers, bicyclists, and pedestrians about your intended movement.",
5,Driving in Special Conditions,"If the roadway is wet or icy, what should you do?","a:Drive at the posted speed.,b:Speed up to pass hazards quickly.,c:Reduce your speed.",c,Tires have less traction on wet or icy roads; reduce speed to maintain control.,
3,"Signs, Signals & Road Markings","At a yield sign, what must you do?","a:Yield only to vehicles on your right.,b:Slow down but never stop.,c:Yield the right-of-way to traffic that is close enough to cause conflict.",c,"At a yield sign, give way to traffic already in the lanes you intend to enter; stop if necessary.",
2,Traffic Laws & Rules of the Road,"If you face a green traffic light but the intersection ahead is blocked by traffic, you should:","a:Follow the vehicle ahead and enter the intersection.,b:Turn left and find another route.,c:Stay out of the intersection until traffic clears.",c,Do not enter an intersection you cannot clear. Blocking intersections is illegal and unsafe even when you have a green light.,difficult
5,Driving in Special Conditions,When must you use low beam headlights?,"a:On a lighted street.,b:In fog.,c:On a freeway.",b,"Use low beam headlights in fog, snow, rain, or mist. High beams will reflect off precipitation and reduce visibility.",
8,Special Situations & Road Users,Why is extra space needed in front of a large truck?,"a:Other drivers to merge onto the freeway.,b:Other drivers when they want to slow down.,c:So the truck driver has room to stop and because trucks need longer stopping distances.",c,Large trucks require longer stopping distances; do not pull in front of a truck and then slow suddenly.,
2,Traffic Laws & Rules of the Road,"On the interstate, how can you avoid merging traffic entering from on-ramps to your right?","a:Slow down and stay in the right lane.,b:Change lanes to the left when traffic permits.,c:Maintain your speed and lane position always.",b,"When it is safe, move left to avoid areas where vehicles are merging from on-ramps on the right.",
5,Driving in Special Conditions,How can you make room for vehicles entering the freeway?,"a:Slow down.,b:Merge into a different lane when possible to create a gap.,c:Maintain your speed and position.",c,"When safe, merge into the next lane to make space for entering traffic; if you cannot, adjust your speed to allow them to merge smoothly.",
8,Special Situations & Road Users,What is true about large trucks compared to passenger vehicles?,"a:They are more maneuverable than passenger vehicles.,b:They all have air brakes that allow very quick stops.,c:They take longer to stop than passenger cars.",c,Large trucks require longer stopping distances than passenger vehicles; a truck at 55 mph may need almost twice the distance.,
3,"Signs, Signals & Road Markings",A solid yellow line on your side of the centerline means you should:,"a:Expect a traffic light ahead.,b:Not pass.,c:Reduce your speed.",b,A solid yellow centerline indicates that passing is prohibited from your lane.,
8,Special Situations & Road Users,"When a school bus is picking up or dropping off children, drivers approaching from either direction must:","a:Stop only if they are traveling in the same direction as the bus.,b:Slow down and be prepared to stop only if there are children in the street.,c:Stop regardless of their direction of travel.",c,"When a school bus is stopped to load or unload children with flashing red lights and stop arm extended, all approaching vehicles from both directions must stop.",
4,Safe & Defensive Driving Practices,Which statement about blind spots is true?,"a:Blind spots can be checked using only your rearview mirror.,b:Blind spots are eliminated with one outside mirror.,c:Large trucks have larger blind spots than most passenger vehicles.",c,"Even with proper mirrors, blind spots remain; large trucks have much larger blind areas than cars.",
3,"Signs, Signals & Road Markings","When double solid yellow lines separate lanes of traffic, what is true?","a:Passing is permitted from the right.,b:Passing is not permitted from either direction.,c:Passing is permitted from the left.",c,Double solid yellow lines indicate traffic is moving in opposite directions and passing is prohibited for both directions.,
2,Traffic Laws & Rules of the Road,Why should you look farther ahead on a freeway than on city streets?,"a:So you can keep up with traffic.,b:Because it takes a quarter mile to stop.,c:To see potential hazards earlier.",c,"On freeways, looking further ahead helps detect hazards, merging traffic, and changes in speed earlier.",
2,Traffic Laws & Rules of the Road,"When parking downhill on a two-way road with no curb, you should turn your front wheels:","a:Toward the center of the road (left).,b:Toward the side of the road (right).,c:Straight ahead.",a,"When parking downhill on a road with or without a curb, turn your wheels toward the edge of the road so the vehicle will roll away from traffic if the brakes fail.",
2,Traffic Laws & Rules of the Road,When should you not start across an intersection because you might block it when the light turns red?,"a:Unless you entered on a green light.,b:Under any circumstances you should avoid entering if you cannot clear it before the light turns red.,c:Unless you entered on a yellow light.",b,Do not enter an intersection unless you can completely clear it before the light turns red; blocking an intersection can lead to a citation.,difficult
5,Driving in Special Conditions,When is a wet highway surface most likely to be especially slippery?,"a:If it has been raining for one to two hours.,b:If it has been raining several hours.,c:If it has just begun to rain.",c,Road surfaces are often most slippery when rain first starts because oil and dirt on the pavement mix with the rain to form a slick film.,
6,"Alcohol, Drugs & Impaired Driving",Even a small amount of alcohol in the blood can affect a driver's what?,"a:Knowledge.,b:Right-of-way privileges.,c:Judgment and physical coordination.",c,"Any amount of alcohol can impair judgment and coordination, reducing your ability to drive safely.",
4,Safe & Defensive Driving Practices,"If your vehicle begins to skid, what should you do?","a:Turn off the ignition.,b:Ease up on the gas pedal.,c:Brake as hard as possible.",b,"If the vehicle skids, release the gas or brake to help regain balance and steer in the direction of the skid to regain control.",
4,Safe & Defensive Driving Practices,"On the highway, consistently scanning far ahead of your vehicle primarily helps to:","a:Help you keep up with traffic.,b:Reduce the need for last-minute braking or turning.,c:Allow you to spot upcoming police officers.",b,"Looking far ahead lets you anticipate problems and adjust speed or position smoothly, reducing sudden maneuvers and collisions.",
5,Driving in Special Conditions,"Roads are especially slippery just after it starts to rain. When the road is slippery, you should:","a:Test your tires' traction by accelerating while going uphill.,b:Decrease the distance you look ahead of your vehicle.,c:Avoid fast turns or sudden stops and drive more slowly.",c,Wet roads reduce tire traction. Slow down and avoid quick steering or braking to reduce the chance of skidding.,
4,Safe & Defensive Driving Practices,To stay aware of traffic behind you you should:,"a:Turn and look out your back window each time.,b:Frequently check your rearview mirror.,c:Keep other vehicles out of your blind spots at all times.",b,Drivers should frequently check the rearview mirror to stay aware of the location and behavior of traffic behind them.,
2,Traffic Laws & Rules of the Road,"If you want to enter the freeway but do not see a gap in traffic, you should:","a:Stop at the end of the ramp and wait for a gap.,b:Maintain your speed and force other drivers to create a gap.,c:Slow down on the ramp and wait for a gap.",c,"If you cannot safely merge, slow on the ramp until a gap appears. Stopping at the end of the ramp leaves you with insufficient room to accelerate and merge.",
4,Safe & Defensive Driving Practices,"If you're about to be struck from the rear, which action should you avoid?","a:Brace yourself by pressing into the seat back.,b:Press your head against the head restraint.,c:Release your seat belt.",c,"If hit from behind, do not release your seat belt; brace against the seat and head restraint to reduce injury.",difficult
7,Vehicle Ownership & Responsibilities,Children under age 16 in a moving vehicle must:,"a:Be restrained at all times.,b:Be restrained only on freeways.,c:Be restrained at the parent's discretion.",a,Delaware law requires that child passengers be properly restrained. Ensure all occupants are using appropriate seat belts or child restraints before driving.,
7,Vehicle Ownership & Responsibilities,"After a minor collision at an intersection with no injuries and little damage, what should you do if it is safe?","a:Not move your vehicle for any reason.,b:Leave your vehicle in the traffic lane until law enforcement arrives.,c:Move your vehicle out of the traffic lane if possible.",c,"If safe, move disabled vehicles out of travel lanes after a crash to reduce hazards and improve traffic flow.",difficult
8,Special Situations & Road Users,Always stop before crossing railroad tracks when:,"a:The railroad crossing is in a city or town with frequent train traffic.,b:There isn't room on the other side for you to completely clear the tracks.,c:You are transporting two or more young children.",b,"If you cannot fully clear the tracks, wait until you can to avoid becoming stuck on the rails. Expect a train at any time from either direction.",
5,Driving in Special Conditions,"To help avoid skids on slippery surfaces, what should you do?","a:Shift to a lower gear after starting down a steep hill.,b:Speed up to enter curves and slow down to exit them.,c:Slow down before entering curves and intersections.",c,Reduce speed before entering curves and intersections; braking on a curve can cause you to skid.,
2,Traffic Laws & Rules of the Road,Which is true about roadwork (work) zones?,"a:Slow only if you think workers are present.,b:Fines are always the same as normal conditions.,c:You must slow down for the Cone Zone.",c,Drivers should slow for Cone Zones and drive carefully; work zone fines are often increased to encourage safe driving.,difficult
4,Safe & Defensive Driving Practices,"As you near the crest of a hill, you should:","a:Speed up slightly.,b:Keep a steady speed.,c:Be prepared to stop if necessary.",c,You can't see what is just over a hill; reduce speed enough to stop if needed for hazards.,
2,Traffic Laws & Rules of the Road,"When changing lanes, you should:","a:Rely only on the left side mirror.,b:Look over your shoulder in the direction you plan to move to check the blind spot.,c:Rely solely on the rearview mirror.",b,Glance over your shoulder to check the blind spot before changing lanes. You may need to check several times and also monitor traffic ahead and beside you.,
6,"Alcohol, Drugs & Impaired Driving",Alcohol is classified as which type of drug?,"a:An antihistamine.,b:A depressant.,c:A stimulant.",b,Alcohol is a depressant that impairs judgment and slows reflexes.,
3,"Signs, Signals & Road Markings",What does a broken yellow centerline mean?,"a:Passing is not permitted.,b:Passing on the right is permitted when the way ahead is clear.,c:Passing on the left is permitted when the way ahead is clear.",c,A broken yellow centerline indicates you may cross the line to pass another vehicle on the left when it is safe and no oncoming traffic is present.,
4,Safe & Defensive Driving Practices,"If a child appears about to run into the street, you should:","a:Sound a sharp blast of your horn.,b:Flash your headlights.,c:Only begin to prepare to slow down.",a,"If there is imminent danger, sound a sharp blast of the horn to warn the child and others. Use other evasive actions as needed to avoid a crash.",
7,Vehicle Ownership & Responsibilities,"If a vehicle has airbags, what is still required for safety?","a:Seat belts do not need to be worn.,b:Seat belts should be worn behind the back.,c:Seat belts should still be worn.",c,Airbags supplement seat belts; occupants must still wear lap and shoulder belts for full protection.,
5,Driving in Special Conditions,"When driving at night, what should you do to reduce collision risk?","a:Always use your high beams.,b:Look directly at oncoming headlights.,c:Increase your following distance.",c,Night driving lowers visibility; increase following distance and use appropriate beam settings.,
2,Traffic Laws & Rules of the Road,"If you see a lane sign showing an arrow with the word ""ONLY"" beneath it, you should:","a:Look for a destination sign to follow instead of the arrow.,b:Always change lanes when you see it.,c:Travel only in the direction indicated by the arrow.",c,"A lane control sign with an arrow and ""ONLY"" indicates drivers in that lane must proceed in the direction shown by the arrow.",
3,"Signs, Signals & Road Markings",What does a solid yellow arrow signal mean for a left turn?,"a:You should speed up to make the turn before it changes.,b:You don't need to signal to turn from the indicated lane.,c:Prepare to stop and yield the right-of-way to oncoming traffic — the protected turn is ending.",c,A solid yellow arrow means the green arrow protection is ending; prepare to stop and yield to oncoming traffic before turning.,
4,Safe & Defensive Driving Practices,"If the rear of your vehicle is sliding left in a skid, what should you do?","a:Not turn the wheel.,b:Turn the steering wheel left (in direction of skid).,c:Turn the wheel right (away from skid).",b,"When skidding (rear slides left), steer into the skid (left) while easing off accelerator and staying off the brakes, unless ABS requires different braking.",
7,Vehicle Ownership & Responsibilities,You must show proof of insurance to law enforcement:,"a:Only if you are involved in a collision.,b:Only if you are stopped and cited.,c:If you are involved in a collision or stopped for a citation.",c,You are required to have evidence of financial responsibility (proof of insurance) with you when driving and must show it to an officer after a stop or collision.,difficult
2,Traffic Laws & Rules of the Road,When is it safe to move back into the right lane after passing another vehicle?,"a:When you can see both headlights of the passed vehicle in your rearview mirror.,b:When you are one vehicle length ahead.,c:When you are 50 feet ahead of the passed vehicle.",a,Return to your lane only after confirming the passed vehicle is fully visible in your inside rearview mirror.,difficult
3,"Signs, Signals & Road Markings",Broken yellow lines on the roadway are used to:,"a:Separate lanes of traffic moving in the same direction.,b:Indicate no passing zones.,c:Separate traffic moving in opposite directions",c,Broken yellow centerlines separate opposite-direction traffic and indicate passing is permitted when safe.,
4,Safe & Defensive Driving Practices,"If you are angry after an argument, what is the safest course of action before driving?","a:Drive on the interstate to let off steam.,b:Take a few minutes to cool off before driving.,c:Loudly play the radio while driving so you won’t think about your argument.",c,Strong emotions impair driving ability. Take time to calm down before getting behind the wheel so you can focus on driving safely.,
6,"Alcohol, Drugs & Impaired Driving","While in a motor vehicle on a highway, it is:","a:Legal to drink alcohol while driving if you are not intoxicated.,b:Legal to drink alcohol if you are not the driver.,c:Illegal to drink or possess open containers of alcohol.",c,It is illegal for occupants to possess open containers of alcohol in a motor vehicle while it is being operated. Operating while impaired is illegal.,
2,Traffic Laws & Rules of the Road,When should you drive at the maximum posted speed limit?,"a:Only during the day.,b:Only under ideal driving conditions.,c:Only during the night.",b,The posted maximum is the fastest legal speed under ideal conditions; drive at a safe speed appropriate for conditions.,
8,Special Situations & Road Users,When must drivers yield the right-of-way to pedestrians in a crosswalk?,"a:At all times.,b:Only if the pedestrians wave to the driver.,c:Only if the pedestrians are not using a phone.",a,Drivers must stop at crosswalks to yield to pedestrians already in the crosswalk.,
2,Traffic Laws & Rules of the Road,"Before changing lanes or passing, what should you do?","a:Only signal and assume it's safe.,b:Change lanes quickly without checking mirrors.,c:Check mirrors and blind spots",c,"Always signal, check your mirrors, and look over your shoulder to check blind spots before moving laterally.",
5,Driving in Special Conditions,"If you see orange construction signs and cones on a freeway, what must you do?","a:Change lanes and maintain your current speed.,b:Slow down because the lane ends ahead.,c:Be prepared for workers and equipment ahead.",c,"Work zones often have workers, slow equipment, and closed lanes; be alert and reduce speed.",difficult
3,"Signs, Signals & Road Markings",When may you cross double yellow centerlines to pass another vehicle?,"a:The yellow line next to the opposite side is broken.,b:The yellow line next to your side of the road is broken.,c:The vehicle in front of you moves right to let you pass.",b,A broken yellow line next to your lane means that you may pass when it is safe to do so; a solid line on your side means you may not pass.,
8,Special Situations & Road Users,"If there is no crosswalk and a pedestrian is crossing your lane ahead, what must you do?","a:Make eye contact and then pass the pedestrian.,b:Stop and let the pedestrian finish crossing the street.,c:Slow down as you pass the pedestrian.",b,Drivers must yield to pedestrians crossing the road even if there is no marked crosswalk.,
2,Traffic Laws & Rules of the Road,"When approaching an intersection with a flashing red light, you must:","a:Come to a complete stop and remain stopped as long as the light is red.,b:Reduce your speed and proceed with caution.,c:Come to a full stop",c,"Treat a flashing red light like a stop sign: stop completely, yield to others, then go when it is safe.",
8,Special Situations & Road Users,"When following a motorcycle, what should you do?","a:Allow a larger following distance.,b:Drive more slowly.,c:Be ready to use your horn.",c,Allow at least a three- to four-second following distance behind motorcycles; they can stop quickly and are more vulnerable.,
7,Vehicle Ownership & Responsibilities,"If your vehicle has a two-part (lap and shoulder) seat belt system, how should you use it?","a:Use only the lap belt.,b:Use both the lap and shoulder belts.,c:Use only the shoulder belt.",b,"If your vehicle is equipped with both lap and shoulder belts, always wear both for proper protection.",
4,Safe & Defensive Driving Practices,When should you yield to a pedestrian?,"a:Only if traffic signals favor the pedestrian.,b:Only if they are in a crosswalk.,c:At all times to avoid striking them",c,"Do everything possible to avoid hitting pedestrians, even if they are in the wrong; safety is paramount.",
2,Traffic Laws & Rules of the Road,How must you treat an intersection where the traffic signal is not operating?,"a:Drive quickly through to get out of the way of other vehicles.,b:If the intersection is clear,c:Come to a full stop and yield the right-of-way before entering the intersection.",c,Treat a non-functioning signal as an all-way stop: stop and yield before proceeding unless directed otherwise by police.,
2,Traffic Laws & Rules of the Road,You may safely return to your lane after passing another vehicle when:,"a:You have cleared the other vehicle's front bumper.,b:You can see the passed vehicle’s headlights in your rearview mirror.,c:You are about three seconds ahead of the passed vehicle.",b,"Only move back into the original lane when you can see the passed vehicle’s headlights in your rearview mirror, ensuring you have enough space.",
5,Driving in Special Conditions,"If there is a deep puddle ahead, you should:","a:Shift into neutral while driving through it.,b:Avoid it if possible.,c:Maintain the posted speed to make it through.",b,Avoid deep puddles when you can; driving through deep water can cause loss of control or damage to your vehicle.,
2,Traffic Laws & Rules of the Road,"When changing lanes, what should you do before moving over?","a:Slow down abruptly.,b:Only check the inside rearview mirror.,c:Check your side mirror and look over your shoulder to ensure the lane is clear.",c,"Before changing lanes, check mirrors and look over your shoulder to verify there are no vehicles in your blind spot.",
2,Traffic Laws & Rules of the Road,What is the posted speed limit in Delaware school zones?,"a:20 mph.,b:15 mph.,c:25 mph.",c,"In Delaware, the speed limit in school zones is 20 mph. Drive with extra caution near schools and playgrounds.",difficult
4,Safe & Defensive Driving Practices,"When passing a row of parked vehicles, what should you be prepared for?","a:All pedestrians and drivers to respect your right-of-way.,b:Driving closely to parked cars to allow more room for moving traffic.,c:A person or vehicle unexpectedly entering your lane.",c,Be prepared for pedestrians or drivers suddenly entering the roadway from between parked vehicles; leave space and slow.,
8,Special Situations & Road Users,"If you approach a stopped school bus with flashing lights and an extended signal arm, what must you do?","a:Proceed at normal speed, but watch for children.,b:Proceed at 15 mph if no children are present.,c:Stop and remain stopped until the arm is retracted and the bus moves.",c,"You must stop for a school bus that is loading or unloading children with lights flashing and the stop arm extended, until it resumes motion.",difficult
4,Safe & Defensive Driving Practices,What is an effect of tailgating other drivers?,"a:It reduces collisions by preventing being cut off.,b:It can frustrate other drivers and make them angry.,c:It cannot result in a traffic citation.",b,Tailgating encourages aggressive responses and increases crash risk; it can also lead to legal penalties.,
2,Traffic Laws & Rules of the Road,A pedestrian starts crossing during a 'Don't Walk' flash and is in the middle of the street when your light turns green. What should you do?,"a:Wait until the pedestrian finishes crossing before proceeding.,b:Proceed if the pedestrian is not in your lane.,c:Proceed if you have the right-of-way.",a,"Even with a green light, yield to pedestrians already in the intersection until they finish crossing.",difficult
4,Safe & Defensive Driving Practices,What is the best action if you become tired while driving?,"a:Stop to rest or change drivers.,b:Drink coffee.,c:Open a window.",c,"If you grow tired while driving, stop in a safe place to rest or change drivers; temporary measures are not substitutes for sleep.",
6,"Alcohol, Drugs & Impaired Driving","For drivers age 21 or older, at what minimum blood alcohol concentration (BAC) does driving become illegal?","a:0.08 percent.,b:0.05 percent.,c:0.02 percent.",c,"For drivers 21 and older, operating a vehicle with a BAC of 0.08 percent or higher is illegal and dangerous.",difficult
4,Safe & Defensive Driving Practices,"If the rear of your vehicle skids left, which way should you steer?","a:Steer to the left to correct the skid.,b:Steer to the right.,c:Tap brakes lightly and shift into neutral.",a,Steer in the direction you want the vehicle to go (toward the skid) to regain alignment and control.,
6,"Alcohol, Drugs & Impaired Driving",Which substances can impair driving ability?,"a:Tranquilizers, marijuana, and sedatives.,b:Cough syrups and cold tablets containing codeine or antihistamines.,c:All of the above.",c,"Many prescription, over-the-counter, and illegal drugs can impair driving; always check medication effects.",
2,Traffic Laws & Rules of the Road,"When entering traffic after parking at a curb, how do you merge safely?","a:Wait for a gap large enough to get up to the speed of traffic.,b:Should drive more slowly than other traffic for 200 feet.,c:Wait for the first two vehicles to pass then drive into the lane.",a,Merge only when there is enough space to accelerate to the flow of traffic safely.,
5,Driving in Special Conditions,"When following another vehicle at night, you should:","a:Always use high beams.,b:Keep your headlights on the low beam setting.,c:Use your high beams until you are within 10 feet of the vehicle ahead.",b,Lower your headlights to low beam when following another vehicle to avoid blinding the driver ahead.,difficult
8,Special Situations & Road Users,"When an emergency vehicle is using its siren and flashing lights, you must yield right-of-way by:","a:Moving into the right lane and driving slowly until it passes.,b:Driving as close as possible to the right edge of the road and stopping.,c:Stopping immediately even if you are in an intersection.",b,Yield to emergency vehicles by pulling to the right edge of the road and stopping; avoid stopping in an intersection. Proceed once the emergency vehicle has passed.,difficult
3,"Signs, Signals & Road Markings","At a school crossing sign (pentagon-shaped), what should drivers do?","a:Always sound your horn when you see children.,b:Watch for children and be ready to stop.,c:Always stop even without a stop sign.",b,Pentagonal signs indicate school zones or crossings; be alert and prepared to stop for children.,difficult
3,"Signs, Signals & Road Markings",A red octagon-shaped sign always means:,"a:Stop.,b:Do not enter.,c:One-way.",a,"An octagonal sign always indicates ""STOP."" You must come to a complete stop at this sign.",
4,Safe & Defensive Driving Practices,Defensive drivers:,"a:Assume other drivers will always do the right thing.,b:Expect no breaks and give none.,c:Consider what other drivers might do and are prepared to react.",c,Defensive driving means anticipating potential errors by others and being prepared to compensate to reduce crash risk.,
2,Traffic Laws & Rules of the Road,"If you miss your exit on the freeway, what should you not do?","a:Continue to the next exit and return to your desired exit.,b:Continue on the freeway and find another route.,c:Back up on the road or shoulder.",c,Do not back up on a freeway or shoulder; continue to the next exit and safely return to your destination.,
4,Safe & Defensive Driving Practices,How can you check your blind spot when changing lanes?,"a:Use the inside rearview mirror.,b:Use only your side mirror.,c:Turn your head and look over your shoulder.",c,"Even with mirrors, some blind spots remain; look over your shoulder to verify the area is clear before changing lanes.",
2,Traffic Laws & Rules of the Road,What should you never do when changing lanes?,"a:Move into another lane while within an intersection.,b:Check for other drivers moving into the same lane.,c:Check your blind spot by looking over your shoulder.",b,"Do not change lanes within an intersection. Always check mirrors and blind spots, and signal before changing lanes.",difficult
2,Traffic Laws & Rules of the Road,"When passing on the left, it is safe to return to the right lane when:","a:You can see the passed vehicle's headlights in your rearview mirror.,b:About three seconds after completing the pass.,c:You can no longer see the vehicle over your right shoulder.",a,"You may move back into the right lane only after you can see the passed vehicle's headlights in your rearview mirror, indicating a safe margin.",
4,Safe & Defensive Driving Practices,"If you experience a sudden tire blowout, how should you use the brakes?","a:Pump the brakes.,b:Use the brakes lightly.,c:Apply the brakes firmly.",a,"If a tire suddenly goes flat, hold the steering wheel firmly, slow down gradually by easing off the gas, and use the brakes lightly.",
4,Safe & Defensive Driving Practices,A driver should keep watch:,"a:Directly in front of the car at all times.,b:Only at the middle of the road.,c:Beside",c,"To be a safe driver you must be aware of what is happening all around your vehicle — to the sides, ahead, and behind.",
2,Traffic Laws & Rules of the Road,"After passing a vehicle moving in the same direction, it is safe to move back into the right lane when:","a:You can no longer see the passed vehicle over your right shoulder.,b:You can see the entire front of the passed vehicle in your rearview mirror.,c:About three seconds after passing.",b,Do not return to your lane until you can see the entire front of the passed vehicle in your rearview mirror; always check blind spots first.,difficult
2,Traffic Laws & Rules of the Road,How must you yield the right-of-way to an emergency vehicle?,"a:Speed up to clear the lane.,b:Pull as far to the right as possible and stop.,c:Move into the right lane and continue slowly until it passes.",b,"When an emergency vehicle approaches with lights or siren, pull to the right edge of the road and stop until it passes.",difficult
4,Safe & Defensive Driving Practices,What effect does drowsiness have on driving?,"a:Make you feel better.,b:Help you to be a better driver.,c:Impair your judgment.",a,"Drowsiness impairs reaction time, awareness, and judgment much like alcohol or drugs.",
5,Driving in Special Conditions,"If dust or smoke reduces visibility, what lights should you turn on?","a:Parking lights.,b:Headlights.,c:Emergency flashers.",b,"When you cannot see other vehicles because of dust, smoke, or similar conditions, turn on your headlights so others can see you.",
3,"Signs, Signals & Road Markings",Regulatory road signs typically have what background color?,"a:Green.,b:White.,c:Yellow.",b,"Regulatory signs are most often white rectangles or squares with black, red, or green letters or symbols indicating laws.",
5,Driving in Special Conditions,"During rainy weather, when are turns or stops most hazardous?","a:During the first half hour of rain.,b:One half hour after the rain stops.,c:After it has been raining all day.",a,The pavement is most slippery during the first 30 minutes of rain due to accumulated oil and debris mixing with water.,
2,Traffic Laws & Rules of the Road,"Approaching a steady yellow light at an intersection, if you have not entered, what should you do?","a:Speed up to beat the red light.,b:Reduce speed and continue through the intersection regardless.,c:Stop safely if you can.",c,"A steady yellow warns the light is changing; if you can stop safely, do so rather than enter on red.",
2,Traffic Laws & Rules of the Road,When merging onto the freeway you should be driving:,"a:At or near the speed of traffic on the freeway.,b:Five to 10 mph slower than freeway traffic.,c:At the posted speed regardless of traffic flow.",a,Enter the freeway at or near the speed of the traffic flow to merge safely without disrupting other drivers.,difficult
7,Vehicle Ownership & Responsibilities,"When parking on any hill, what should you do?","a:Keep front wheels parallel to the road if there is no curb but not use the parking brake.,b:Use the parking brake and leave the vehicle in Park; position wheels so the vehicle will roll away from traffic if brakes fail.,c:Have a rear wheel touch the curb.",b,On hills always set the parking brake and place the vehicle in park (or leave in gear); turn wheels so a runaway rolls away from traffic.,difficult
4,Safe & Defensive Driving Practices,"To reduce the chance of losing traction on wet roads, what is the best action?","a:Make abrupt turns.,b:Apply the brakes firmly.,c:Slow down.",c,Lower speed on wet roads to reduce hydroplaning risk; do not make sudden steering or braking inputs.,
2,Traffic Laws & Rules of the Road,"If another vehicle is passing you in a no passing zone, how should you respond?","a:Pull off the road.,b:Slow down to let the other driver safely return to the driving lane.,c:Maintain your speed and position.",a,"If you are being passed in a no passing zone, slow down and allow the passing vehicle to return to the lane as safely as possible.",
2,Traffic Laws & Rules of the Road,"When entering an interstate where there is no acceleration lane, you should:","a:Use the shoulder to gain speed before merging.,b:Only enter the interstate after identifying a gap in traffic and then speed to match flow.,c:Immediately enter the far-right lane and speed up regardless of gaps.",b,"If there is no acceleration lane, wait for a safe gap before entering and then accelerate to match traffic speed.",
2,Traffic Laws & Rules of the Road,"After passing another vehicle, when is it safe to return to your driving lane?","a:When you can see the passed vehicle's headlights in your rearview mirror.,b:When the driver you passed signals for you to return.,c:When you have signaled for three seconds.",a,Only return to the driving lane when you can see the passed vehicle entirely in your mirror to ensure safe distance.,
5,Driving in Special Conditions,"When driving in fog, which lighting choice is best?","a:High beam headlights.,b:Four-way flashers.,c:Low beam headlights.",c,Low beams reduce glare and improve visibility in fog; high beams reflect back and worsen visibility.,
7,Vehicle Ownership & Responsibilities,Why should you keep the inside of your windows clean if someone has been smoking?,"a:Dust tends to settle on the insides of car windows.,b:Smoking causes a film to build up on the glass inside the vehicle.,c:The stale smell can be distracting.",b,Smoke deposits produce a film on glass that reduces visibility; keep windows clean for safety.,
5,Driving in Special Conditions,"If your tires feel like they're losing contact with the road surface, what should you do first?","a:Slow down by shifting into a lower gear.,b:Slow down by pumping the brakes quickly and firmly.,c:Ease your foot off the gas pedal and avoid braking.",c,"If tires lose contact, lift off the accelerator and avoid braking or turning until traction returns.",
4,Safe & Defensive Driving Practices,What is the effect of slowing down to look at collisions or unusual events?,"a:Prevents rear-end collisions.,b:Causes traffic congestion.,c:Improves traffic flow by preventing collisions.",a,Slowing to look at crashes or unusual events (''rubbernecking'') often causes additional congestion and can lead to secondary crashes.,
4,Safe & Defensive Driving Practices,Fatigue while driving increases the risk of:,"a:Missing an exit.,b:Being late for appointments.,c:Falling asleep and crashing.",c,"Fatigue impairs judgment and reaction time and can lead to falling asleep at the wheel, causing serious crashes.",
4,Safe & Defensive Driving Practices,You are driving defensively when you:,"a:Put one car length between you and the car ahead.,b:Keep your eyes moving to look for possible hazards.,c:Look only at the car directly in front of you.",b,"Defensive driving involves scanning the road, mirrors, and surroundings to anticipate and react to potential hazards.",
5,Driving in Special Conditions,"If an oncoming driver fails to dim their headlights at night, what should you do?","a:Look toward the right side of the road.,b:Look toward the center of the roadway.,c:Look straight ahead at the lights.",a,Look to the right edge of the road to avoid being blinded by oncoming high beams and maintain lane position.,
8,Special Situations & Road Users,A pedestrian with a guide dog is at the corner ready to cross before you make a right turn. What should you do?,"a:Tell the pedestrian when to cross the street.,b:Turn off your engine until the person crosses the street.,c:Wait until the person crosses the street.",a,Pedestrians using guide dogs or white canes must be given the right-of-way; wait until they have crossed safely before making your turn.,
3,"Signs, Signals & Road Markings",What does a broken yellow centerline indicate?,"a:Passing on the left is permitted when the way ahead is clear.,b:Passing is not permitted.,c:Passing on the right is permitted when the way ahead is clear.",c,A broken yellow centerline next to your lane means you may cross to pass another vehicle on the left if it is safe and no oncoming traffic is present.,
2,Traffic Laws & Rules of the Road,"When leaving an alley or driveway across a sidewalk to enter traffic, you should:","a:Expect pedestrians to yield to you.,b:Only stop if pedestrians are on the sidewalk.,c:Stop before driving onto the sidewalk area.",c,You must stop before entering or crossing a sidewalk area when coming from an alley or driveway and yield to pedestrians.,
8,Special Situations & Road Users,When should you allow extra following distance for the vehicle ahead?,"a:When following a passenger vehicle.,b:When following a station wagon.,c:When following a motorcycle.",c,Motorcycles can stop more quickly and are harder to see; allow extra space to react safely.,
3,"Signs, Signals & Road Markings",What does a solid yellow line next to a broken yellow line mean?,"a:Driving in both directions may pass.,b:Next to the broken line may pass.,c:Next to the solid line may pass.",a,A broken yellow line next to your driving lane indicates you may pass when it is safe; a solid line on your side means you may not pass.,
6,"Alcohol, Drugs & Impaired Driving",Which factor affects how quickly alcohol is absorbed into a person's system?,"a:Intelligence,b:Height,c:Weight",c,"Factors affecting alcohol absorption include weight, sex, amount of food in the stomach, and the number of drinks consumed. Time is the only way to remove alcohol from the body.",
2,Traffic Laws & Rules of the Road,Construction zone signs are normally what shape and color?,"a:Diamond-shaped or rectangular with orange background and black symbols.,b:Round or octagonal with black and yellow coloring.,c:Square or rectangular with white and red coloring.",a,Temporary work zone signs have an orange background with black letters or symbols and warn of road work ahead.,difficult
3,"Signs, Signals & Road Markings","On a green traffic arrow, what must you do before turning?","a:Only yield to pedestrians in the intersection.,b:Yield to any vehicles,c:Wait four seconds before starting the turn.",b,"A green arrow gives you the right to turn but you must yield to any remaining vehicles, cyclists, or pedestrians in the intersection.",
2,Traffic Laws & Rules of the Road,You should always travel at what speed?,"a:At the posted speed limit no matter what.,b:At the speed of vehicles surrounding you even if above limit.,c:At a speed appropriate for road and weather conditions.",c,Drive at a speed that is safe for current conditions and never exceed the legal limit.,
8,Special Situations & Road Users,"When stopped at a railroad with double tracks, when may you proceed?","a:As soon as one train has passed.,b:Only when the train is out of sight.,c:Only when you are sure no trains are approaching on either track and the passing train is well clear.",c,"At multiple tracks, wait until passing trains are well down the track; another train may be approaching on a second track.",
8,Special Situations & Road Users,"If pedestrians are illegally crossing outside a crosswalk, what must you do?","a:Must stop for them.,b:Should honk your horn at them.,c:Do not have to stop for them.",c,You must yield to pedestrians in the roadway even if they are crossing where they should not; stop and allow them to cross safely.,difficult
3,"Signs, Signals & Road Markings","When the center of the roadway has one solid yellow line and one broken yellow line, and the broken line is next to your lane, it means:","a:You are not allowed to pass in this area.,b:You may only make right turns here.,c:You are in a passing zone and may pass on the left if no oncoming traffic is present.",c,"When the broken yellow line is adjacent to your lane, passing from your direction is permitted when it is safe and there is no oncoming traffic.",
5,Driving in Special Conditions,Why should you not use high beams in fog or mist?,"a:Approaching vehicles might not see you.,b:Vehicles behind you may follow too closely.,c:The light will reflect back into your eyes.",b,High beams reflect off fog or mist and can reduce your visibility by shining back into your eyes; use low beams instead.,
8,Special Situations & Road Users,"Because motorcycles, scooters, and mopeds are hard to see, you should:","a:Slow down whenever you see one in the distance.,b:Share a lane with a motorcycle to give it space.,c:Make constant visual checks for them.",c,Motorcycles can be hidden in blind spots or missed in quick glances. Drivers should be constantly aware and check for them frequently.,
2,Traffic Laws & Rules of the Road,What is required when turning left at an intersection?,"a:You should yield to oncoming traffic and pedestrians.,b:Oncoming traffic and pedestrians must yield to you.,c:You should never yield to oncoming traffic or pedestrians.",a,Yield to oncoming vehicles and pedestrians before making a left turn; proceed only when safe.,
4,Safe & Defensive Driving Practices,Which action helps you avoid becoming an aggressive driver?,"a:Tailgate the driver ahead.,b:Relax and focus on driving.,c:Drive above the posted speed limit.",a,"Prevent aggression by concentrating on driving, allowing realistic travel time, obeying speed limits, and being forgiving.",
3,"Signs, Signals & Road Markings","What do ""No passing zone"" signs indicate?","a:To speed up slightly.,b:To maintain a steady speed.,c:That it is not safe to pass.",a,"A ""No passing zone"" sign indicates that passing is not permitted and would be unsafe in that area.",
2,Traffic Laws & Rules of the Road,Which action should you never do when changing lanes?,"a:Check your blind spots by looking over your left or right shoulder.,b:Check for other drivers moving into the same lane.,c:Cross the centerline in an intersection.",a,Never change lanes by crossing the centerline while inside an intersection. Always check mirrors and blind spots before changing lanes.,
4,Safe & Defensive Driving Practices,What best describes distracted driving?,"a:Anything that causes evasive action while driving.,b:Anything that causes you to pay more attention to driving.,c:Anything that takes your attention away from driving.",c,"Distracted driving involves activities that take your eyes, hands, or mind away from driving and is a leading factor in collisions.",
5,Driving in Special Conditions,Roads are most slippery at which moment during rainfall?,"a:Just after it starts to rain.,b:When it has been raining hard for several hours.,c:When they are clean and dry.",a,Road surfaces are especially slippery just after rain begins when oil and residues mix with water.,
6,"Alcohol, Drugs & Impaired Driving",Driving under the influence of medication that impairs your driving is:,"a:Allowed if your physician prescribes it.,b:Under no circumstances permitted.,c:Allowed if you do not feel drowsy.",b,"It is illegal to drive while impaired by any substance that affects your ability to operate a vehicle safely, including medications.",
8,Special Situations & Road Users,"After a train passes and you have stopped at a railroad crossing, what should you do before proceeding?","a:Drive around the lowered gates if it seems safe.,b:Proceed immediately since the first train has passed.,c:Wait for signals to stop flashing and look for a second train.",c,"Do not cross until all lights stop flashing, gates are fully raised, and you've checked for additional trains on other tracks.",
4,Safe & Defensive Driving Practices,How do stopping distances and crash severity change as a vehicle's speed increases?,"a:They increase.,b:They decrease.,c:They stay the same.",a,Higher speeds raise stopping distance and the potential impact and severity of a collision — increase following distance as speed rises.,
4,Safe & Defensive Driving Practices,"If a tire suddenly blows out, what is the recommended action?","a:Hold the steering wheel firmly and brake lightly to slow, then pull off safely.,b:Apply the brake and hold it down hard.,c:Pull over immediately without slowing gradually.",a,"If a tire blows, keep the vehicle straight, ease off the gas, brake lightly, and steer to a safe place off the roadway.",
4,Safe & Defensive Driving Practices,When is it appropriate to use your horn?,"a:When another driver simply makes a mistake.,b:Whenever another vehicle is in your way.,c:When it may help prevent a collision.",c,Use your horn only to avoid collisions; avoid honking to pressure slower drivers or bicyclists.,
4,Safe & Defensive Driving Practices,When should you allow extra following distance behind another vehicle?,"a:When following a station wagon.,b:When following a driver who cannot see their vehicle's rear (like trucks),c:When following a small passenger car.",b,Large vehicles may have limited rear visibility; increase following distance so they can see you and to see around them.,
2,Traffic Laws & Rules of the Road,When are large trucks likely to lose speed?,"a:When driving down long,b:When driving in long,c:When driving up long or steep hills.",c,Large trucks typically slow when climbing long or steep grades because they take longer to accelerate.,
7,Vehicle Ownership & Responsibilities,When should you adjust your rearview and side mirrors?,"a:Before you get into the car.,b:Before you start driving.,c:Whenever you need to use them while driving.",b,Adjust mirrors (and seat and safety belt) before moving the vehicle; do not do mirror adjustments while driving.,
5,Driving in Special Conditions,How should you drive on gravel or dirt roads?,"a:Your tires do not have as much traction as they do on pavement,b:Your tires grip the road better than when you are driving on pavement.,c:Visibility is better than on pavement.",c,Loose gravel and dirt reduce traction; slow down and allow more distance to stop and to maneuver safely.,
4,Safe & Defensive Driving Practices,What can you do to reduce road rage incidents while driving?,"a:Use your horn frequently.,b:Talk on your cell phone while driving.,c:Always signal your intentions when changing lanes.",c,Signaling intentions early and obeying traffic laws helps reduce frustration and road rage incidents.,
4,Safe & Defensive Driving Practices,"If a vehicle suddenly cuts in front of you leaving little space, what should you do first?","a:Swerve into the adjacent lane.,b:Take your foot off the gas pedal to create space.,c:Honk and step on the brake firmly.",b,Remove pressure from the accelerator to increase the gap without sudden braking or swerving.,
2,Traffic Laws & Rules of the Road,At an intersection with a flashing red light you should:,"a:Come to a complete stop, check the traffic, and go when it is safe to do so.,b:Slow down and yield the right-of-way.,c:Slow down and drive carefully through the intersection without stopping.",a,"A flashing red light is treated the same as a stop sign: come to a complete stop, yield to traffic and pedestrians, then proceed when safe.",difficult
5,Driving in Special Conditions,"When roads are snowy or icy, how should you make speed and direction changes?","a:It is safe to use your cruise control.,b:Drive as you would under normal conditions.,c:Make changes more gradually than usual.",c,"On snow or ice, make gradual steering and speed changes; never use cruise control on these surfaces.",
7,Vehicle Ownership & Responsibilities,"Before driving, remove snow, frost, and ice from:","a:Just the windshield and passenger window.,b:All windows.,c:Just the windshield.",b,"You must be able to see through all of your vehicle's windows and mirrors; remove all snow, ice, and frost before driving.",
4,Safe & Defensive Driving Practices,"In traffic moving 50–55 mph, you are least likely to be involved in a crash if you:","a:Stay within that speed range.,b:Drive a few miles per hour slower than most other vehicles.,c:Drive a few miles per hour faster than most other vehicles.",a,"Matching the flow of traffic (while obeying speed limits) minimizes speed differentials between vehicles, reducing the chance of collisions.",
4,Safe & Defensive Driving Practices,"If your wheels drop off the pavement edge, what is the correct action?","a:Turn sharply back onto the roadway immediately.,b:Stop where you are.,c:Reduce speed",c,"Don't turn back onto the pavement abruptly; slow, check traffic, and re-enter gradually when safe.",
2,Traffic Laws & Rules of the Road,"When entering an interstate highway, what should you do on the acceleration lane?","a:Check for cars and reduce your speed to 25 mph before entering the traffic lane.,b:Check for cars,c:Stop",b,Use the acceleration lane to match highway speeds and merge smoothly into flowing traffic.,
3,"Signs, Signals & Road Markings",A broken yellow line next to a solid yellow line means what?,"a:Passing is permitted from the lane next to the solid yellow line.,b:Passing is not permitted from either direction.,c:Passing is permitted from the lane next to the broken yellow line.",c,"A broken line next to a solid line means traffic next to the broken line may pass when safe, while traffic next to the solid line may not.",
5,Driving in Special Conditions,"If poor weather reduces visibility, you should:","a:Drive in the lane closest to oncoming traffic.,b:Increase your following distance.,c:Drive faster to get off the road quickly.",b,"When visibility is poor, increase following distance to allow more time to react to hazards you may see late.",
4,Safe & Defensive Driving Practices,"If you begin to feel drowsy while driving, what should you do?","a:Take some caffeine pills.,b:Take a break.,c:Try to fight it.",c,"If you become tired while driving, stop at the first safe location to rest, nap, or change drivers. Caffeine is not a substitute for rest.",
3,"Signs, Signals & Road Markings","Approaching an intersection with a flashing yellow light, you must:","a:Come to a complete stop.,b:Maintain your normal speed.,c:Slow down and proceed with caution.",c,A flashing yellow indicates caution — slow down and be alert for cross traffic and pedestrians.,
8,Special Situations & Road Users,"When a bicyclist is making a left turn, what should you expect?","a:They must always wait off the roadway.,b:They may cut through all lanes.,c:They may use the left lane to make the turn.",c,Bicyclists often use the left lane to complete left turns; expect them to behave like vehicles in such cases.,
2,Traffic Laws & Rules of the Road,"When parking uphill on a road without a curb, after setting the parking brake you should:","a:Turn your wheels toward the edge of the road.,b:Keep your wheels facing straight.,c:Turn your wheels away from the edge of the road.",a,"On an uphill slope with no curb, point the front wheels toward the road edge (to the right) so the vehicle will roll off the roadway rather than into traffic if the brakes fail.",
3,"Signs, Signals & Road Markings",What does a pentagon-shaped sign normally indicate?,"a:School zone or school crossing.,b:Stop sign.,c:Regulatory sign.",a,A five-sided sign indicates a school zone/crossing and warns of children in the area.,difficult
7,Vehicle Ownership & Responsibilities,"If your vehicle has a mechanical problem while driving, you should:","a:Signal and move into the slow lane.,b:Stop in your lane and put on your hazard lights.,c:Turn on your hazard lights and pull off the road as soon as safe.",c,Get your vehicle away from traffic if possible and turn on emergency flashers so others can see you have trouble.,
8,Special Situations & Road Users,"If there is no crosswalk and a pedestrian is crossing your lane, what should you do?","a:Cautiously drive around the pedestrian.,b:Stop and let the pedestrian finish crossing.,c:Make sure the pedestrian can see you before proceeding.",a,You must yield to pedestrians in the roadway even if no crosswalk is present; stop and allow them to cross safely.,
2,Traffic Laws & Rules of the Road,"When entering a freeway, how should you check traffic to merge safely?","a:Use rearview and side mirrors without looking over your shoulder.,b:Use only your rearview mirror.,c:Use your side mirror and look over your shoulder.",c,Use mirrors and physically look over your shoulder to check blind spots before merging onto a freeway.,
2,Traffic Laws & Rules of the Road,"At intersections, crosswalks, and railroad crossings you should always do what?","a:Look to the sides of your vehicle to see what is coming.,b:Stop,c:Slowly pass vehicles that seem to be stopped for no reason.",c,"Whenever people may cross or enter your path, look left and right to ensure no one is coming into your path of travel.",difficult
8,Special Situations & Road Users,"If the vehicle in front of you stops at a crosswalk, what must you do?","a:Cautiously pass the vehicle at 10 mph or slower.,b:Change lanes and pass the stopped vehicle.,c:Stop and wait until all pedestrians have crossed before proceeding.",c,Never pass a vehicle stopped at a crosswalk; there may be pedestrians crossing that you cannot see.,difficult
5,Driving in Special Conditions,How can you reduce the risk of hydroplaning in heavy rain?,"a:Put on cruise control to maintain speed.,b:Decrease your speed.,c:Immediately move to the shoulder when it starts to rain.",b,Lower your speed in wet conditions to reduce the chance your tires will ride on a film of water (hydroplaning).,
3,"Signs, Signals & Road Markings",A double solid yellow centerline means:,"a:Passing is not allowed from either direction.,b:Passing is allowed from both directions.,c:Passing is permitted only from your direction of travel.",a,A double yellow centerline prohibits crossing the lines to pass vehicles traveling in either direction.,
3,"Signs, Signals & Road Markings",What color and lettering do temporary work zone signs use?,"a:Yellow background with blue writing.,b:Orange background with black writing.,c:Red background with green writing.",b,Temporary construction and maintenance signs use orange backgrounds with black writing and/or symbols to warn drivers of work zones.,difficult
5,Driving in Special Conditions,Sudden gusts of wind on highways:,"a:Only cause visibility problems.,b:Only affect the movement of large vehicles.,c:Can cause problems for all vehicles.",c,Strong winds can affect vehicles of all sizes and may lower visibility by blowing dust or debris onto the roadway.,
5,Driving in Special Conditions,Which headlights should you use to improve visibility in rain or fog?,"a:Parking lights.,b:High beam headlights.,c:Low beam headlights.",c,Use low beam headlights in adverse weather like rain or fog. High beams reflect off precipitation and reduce visibility.,
2,Traffic Laws & Rules of the Road,"When turning left at an intersection, who has the right-of-way?","a:Oncoming traffic and pedestrians should yield to you.,b:You never need to yield to oncoming traffic or pedestrians.,c:You should yield to oncoming traffic and pedestrians.",c,Left-turning drivers must yield to oncoming vehicles and to pedestrians in the roadway.,
4,Safe & Defensive Driving Practices,"If a tire suddenly goes flat while you are driving, you should:","a:Rapidly pump the brake pedal several times.,b:Slow down gradually and avoid braking if possible.,c:Press down on the brake pedal as hard as you can.",b,"If a tire blows out, hold the steering wheel firmly, take your foot off the accelerator, and allow the vehicle to slow before braking gently only if necessary. Pull off the road when safe.",
5,Driving in Special Conditions,"When driving on a slippery surface like snow or ice, you should:","a:Pump your brakes to keep them from freezing.,b:Maintain traction by following other vehicles closely.,c:Shift to a low gear before going down steep hills.",c,"On slippery surfaces, shift to a low gear before descending steep hills and increase following distance; pump brakes only if you don't have antilock brakes.",
7,Vehicle Ownership & Responsibilities,Why should you use antifreeze washer fluid in cold climates?,"a:Cold fluid can scratch your windshield.,b:It will keep the washer fluid from freezing.,c:Moisture can cause cold wiper blades to crack.",b,"Antifreeze washer fluid prevents freezing so you can clear salt, dirt, and slush from the windshield in winter.",
5,Driving in Special Conditions,How should you drive under low-visibility conditions due to fog?,"a:Increase your speed so you do not cause an accident.,b:Slow down and use your low beam headlights.,c:Turn on your high beam headlights.",a,"In fog, slow down and use low beam headlights; if visibility is severely limited, pull off the road safely and wait for conditions to improve.",
6,"Alcohol, Drugs & Impaired Driving",What can happen if you take prescription drugs while drinking alcohol?,"a:It can make you unfit to drive.,b:It will make you more alert.,c:There will likely be no effect.",c,Combining alcohol with prescription or over-the-counter drugs can greatly impair driving ability and may make you unfit to drive.,
2,Traffic Laws & Rules of the Road,Who must drivers turning left yield to?,"a:No one.,b:Overtaking cars.,c:Oncoming cars.",a,A vehicle turning left must yield to oncoming traffic that is going straight through the intersection.,
8,Special Situations & Road Users,"When a school bus is stopped ahead with flashing red lights and its stop arm extended, you must:","a:Change lanes and pass cautiously.,b:Come to a complete stop only until all the children have left the bus.,c:Come to a complete stop until the red lights stop flashing and the stop arm is withdrawn.",c,"When a school bus has flashing red lights and the stop arm extended, you must stop and remain stopped until the lights stop flashing and the arm is retracted.",
8,Special Situations & Road Users,"When driving near a large commercial vehicle, what should you avoid doing?","a:Follow the large vehicle closely to reduce wind drag.,b:Avoid driving beside it for long stretches of time.,c:Drive on its right side when on curves and hills.",b,Large commercial vehicles have big blind spots; avoid staying alongside them for long and pass safely.,
3,"Signs, Signals & Road Markings",What do rumble strips do?,"a:Through vibration and sound,b:They alert drivers to potential tire problems.,c:They test a vehicle's shock absorbers.",c,Rumble strips create noise and vibration to warn drowsy or inattentive drivers that they are drifting off the road or approaching a stop sign or signal.,
8,Special Situations & Road Users,"If you see pedestrians near the road, how should you proceed?","a:Sound your horn and maintain your speed.,b:Speed up to clear the area quickly.,c:Slow down and pass with caution.",a,"When pedestrians are near the roadway, slow down and be prepared to stop if necessary.",
4,Safe & Defensive Driving Practices,"When preparing to pass another vehicle, what should you assume about the other driver?","a:Assume the driver will let you pass if you signal.,b:Do not assume they will make room for you to return to your lane.,c:Assume they will maintain a constant speed.",b,"Even with signals, do not assume other drivers will create space; verify it is safe before passing.",
4,Safe & Defensive Driving Practices,"Before moving back into your original lane after passing, what should you see?","a:Flash your headlights.,b:Beep your horn.,c:Both headlights of the passed vehicle in your rearview mirror.",b,"Only return to your lane after passing when you can see the passed vehicle's headlights in your rearview mirror, showing a safe gap.",
8,Special Situations & Road Users,Which vehicle type is required to stop at all railroad crossings?,"a:A school bus.,b:A dairy truck.,c:A cattle truck.",a,"School buses, transit buses, and vehicles carrying hazardous materials must stop at all railroad crossings.",
5,Driving in Special Conditions,"If your vehicle begins to skid, you should:","a:Brake lightly to slow the vehicle immediately.,b:Brake abruptly to stop the slide.,c:Stay off the brakes and steer in the direction you want the front to go.",c,"If you skid, avoid braking; steer gently in the direction you want the vehicle to go until you regain traction.",
8,Special Situations & Road Users,"If you see an emergency vehicle with flashing lights behind you on a city street, what must you do?","a:Drive to the right edge of the road and stop.,b:Drive to the right edge and slow down but stay moving.,c:Stay in your lane, slow down, and let it pass.",a,"Yield to emergency vehicles by pulling to the right and stopping until they have passed; if in an intersection, clear it first then stop.",difficult
5,Driving in Special Conditions,"When stopping on snow or ice in a vehicle with ABS, what should you do?","a:Pump the brakes.,b:Stay off the brakes and wait to drift to a stop.,c:Press and hold the brake pedal firmly.",c,"For vehicles with ABS, press the brake firmly and the system will pump the brakes automatically.",
4,Safe & Defensive Driving Practices,"If you have a tire blowout while driving, what should you avoid doing immediately?","a:Apply the brakes firmly and quickly.,b:Tap or pump the brakes.,c:Slow down gradually and use your brakes lightly.",a,"When a tire blows out, take your foot off the accelerator, slow down gradually, and do not apply the brakes hard until the vehicle has slowed.",
2,Traffic Laws & Rules of the Road,"If you are approaching an intersection at the posted speed and the signal turns yellow, you should:","a:Proceed through without caution.,b:Stop before entering the intersection if you can do so safely.,c:Speed up to beat the light.",b,"A steady yellow light warns that the signal is about to turn red. Stop if you can safely; otherwise, proceed with caution.",
4,Safe & Defensive Driving Practices,How can you help the driver behind you maintain a safe distance?,"a:Drive 10 mph faster than the car behind you.,b:Drive 10 mph slower than the car behind you.,c:Maintain a steady speed.",c,Holding a steady speed and signaling early helps following drivers maintain safe spacing.,difficult
2,Traffic Laws & Rules of the Road,"Work zone barriers, drums, cones, and signs are used to:","a:Make drivers angry about slow traffic.,b:Inconvenience drivers.,c:Keep traffic out of hazardous work areas.",c,Barriers and signs are placed to guide traffic and protect workers by keeping vehicles out of hazardous zones.,
4,Safe & Defensive Driving Practices,Which statements about driving speed are true?,"a:Both of the above.,b:As your speed increases,c:You as your speed increases",c,Higher speeds increase the chance of a fatality and require greater following distances. Increase following distance as your speed increases.,
2,Traffic Laws & Rules of the Road,"If you're being passed repeatedly while driving in the center lane of an expressway, what should you do?","a:Move to the lane on your right when safe.,b:Stay in the center lane.,c:Move to the lane on your left.",a,"On multi-lane roads, use the right lanes unless passing or turning left; move right if you are slower than traffic.",
2,Traffic Laws & Rules of the Road,Driving more slowly than the surrounding traffic is:,"a:A good idea in all situations.,b:Appropriate if you do not know the speed limit.,c:Often a hazard because other drivers may try to pass unsafely.",c,Driving much slower than the flow of traffic can create hazardous passing situations and increase the risk of collisions.,
2,Traffic Laws & Rules of the Road,"When parking next to a curb, when should you use your turn signal?","a:When pulling next to or away from the curb.,b:Only when pulling away from the curb.,c:Only when pulling next to, but not away from, the curb.",a,Signal both when pulling toward the curb to park and when pulling away to re-enter traffic.,
2,Traffic Laws & Rules of the Road,You may legally block an intersection:,"a:Under no circumstances.,b:If you entered the intersection on a green light.,c:During rush hour traffic.",a,"Even with a green light, do not enter an intersection unless you can clear it completely; blocking intersections is prohibited.",
4,Safe & Defensive Driving Practices,Which behavior may identify someone as an aggressive driver?,"a:Erratic and improper lane changes.,b:The number of passengers in their car.,c:Tendency to drive slowly.",a,"Aggressive drivers often make sudden, unsafe lane changes and other risky maneuvers; avoid engaging them.",
2,Traffic Laws & Rules of the Road,"If you are already in an intersection and the light changes from green to steady yellow, you should:","a:Continue moving and clear the intersection safely.,b:Stop immediately in the intersection.,c:Speed up to get through more quickly.",a,"If you are in an intersection when the light turns yellow, clear the intersection as quickly and safely as possible; do not speed up recklessly.",
5,Driving in Special Conditions,"In very foggy conditions, you should slow down and:","a:Use high beam headlights.,b:Use your low beam headlights.,c:Turn on your emergency flashers only.",b,Use low beams in fog; high beams reflect back and worsen visibility. Fog lights can supplement low beams if equipped.,
8,Special Situations & Road Users,"If you see animals standing near the roadway, what should you do?","a:Quickly swerve into the next lane.,b:Speed up to scare them away.,c:Slow down and proceed with caution.",c,Slow down and proceed carefully near animals; they may move unpredictably and travel in groups.,
4,Safe & Defensive Driving Practices,"If your car starts to skid, what should you avoid doing?","a:Apply the brakes lightly.,b:Stay off the brakes and steer to regain control.,c:Pump the brakes rapidly.",b,"In a skid, do not brake; steer gently in the desired direction until control returns.",
6,"Alcohol, Drugs & Impaired Driving",What does the term BAC refer to?,"a:Implied consent (IC).,b:Blood alcohol concentration (BAC).,c:Rate of alcohol consumption (RAC).",a,Blood alcohol concentration (BAC) measures the percentage of alcohol in a person's blood and is used to assess impairment.,
7,Vehicle Ownership & Responsibilities,"If you must park somewhere not usually used for parking, what must you ensure?","a:Park with your reverse lights on.,b:Make sure your vehicle is visible to drivers approaching from any direction.,c:Park five feet from the curb.",b,"When parking in an unusual spot, position your vehicle so it doesn't become a hazard and is visible to others.",
5,Driving in Special Conditions,In bad or inclement weather you should:,"a:Drive in a low gear only.,b:Steer off the road immediately.,c:Steer and brake smoothly.",c,"In poor weather, avoid sharp steering and hard braking; make all inputs smooth to maintain control.",
2,Traffic Laws & Rules of the Road,"If vehicles arrive at an uncontrolled intersection at the same time from your right and left, who has the right-of-way?","a:Yield the right-of-way to the vehicle on your left.,b:Yield the right-of-way to the vehicle on your right.,c:Wait until there are no vehicles at the intersection before proceeding.",a,"At an uncontrolled intersection, the driver on the right has the right-of-way when vehicles arrive simultaneously; proceed in arrival order.",
2,Traffic Laws & Rules of the Road,"At a four-way stop, who has the right-of-way?","a:The driver on your left.,b:The driver who arrived before you.,c:The driver across from your vehicle.",b,Proceed in the order of arrival; the vehicle that arrives first has the right-of-way at a multiway stop.,
2,Traffic Laws & Rules of the Road,How should you check for vehicles in your blind spots?,"a:Use only the inside rearview mirror.,b:Use only the outside mirrors.,c:Look over your shoulder.",c,Blind spots cannot be seen in mirrors; glance over your shoulder to check them before changing lanes.,
5,Driving in Special Conditions,"If an oncoming vehicle fails to dim high beams and impairs your vision at night, what should you do?","a:Look ahead toward the right edge of your lane.,b:Look straight ahead in your lane.,c:Look ahead toward the left edge of your lane.",b,"If an oncoming driver does not dim high beams, avoid looking directly at the lights. Look toward the right edge of your lane and use peripheral vision to monitor the oncoming vehicle.",
2,Traffic Laws & Rules of the Road,"If you and the driver on your left arrive at a four-way stop at the same time, who has the right-of-way?","a:Whoever is signaling to make a turn has the right-of-way.,b:The driver on your left has the right-of-way.,c:You have the right-of-way.",c,"When two vehicles arrive simultaneously at a four-way stop, the vehicle on the right has the right-of-way. If the other vehicle is on your left, you are to its right and may go first.",
4,Safe & Defensive Driving Practices,"If you want to pass a pedestrian while an oncoming vehicle is approaching, what should you do?","a:Keep driving at a steady speed; the oncoming vehicle must stop for you.,b:Honk to get the pedestrian to move over.,c:Slow down and let the oncoming vehicle pass before passing the pedestrian.",c,"Handle one hazard at a time: allow the oncoming vehicle to pass, then pass the pedestrian if safe to do so.",
7,Vehicle Ownership & Responsibilities,"If your car's suspension is worn, what problem can it cause?","a:Vehicle control problems and difficulty handling.,b:Squealing brakes.,c:Slack in the steering.",a,"A bad suspension affects ride comfort and vehicle control, making handling unsafe.",
5,Driving in Special Conditions,"At dawn, dusk, or during rain or snow, what helps others see you?","a:Turn on your headlights.,b:Turn up instrument panel lights.,c:Turn on only your parking lights.",a,Use your headlights (low beams) when visibility is reduced so other drivers can see you.,
8,Special Situations & Road Users,A school bus is stopped ahead with red lights flashing in your lane. What must you do?,"a:Stop and remain stopped while the red lights are flashing.,b:Stop and proceed when you think children have exited.,c:Slow to 25 mph and pass cautiously.",a,Stop for a school bus with flashing red lights unless on the opposite side of a divided highway.,
6,"Alcohol, Drugs & Impaired Driving",Which ability is affected first by alcohol?,"a:Vision.,b:Judgment.,c:Balance.",b,"Alcohol first impairs judgment and decision-making, then affects coordination and vision.",
2,Traffic Laws & Rules of the Road,Which lane should you be in before making a left turn from a one-way street?,"a:The lane nearest the center of the street.,b:The lane nearest the left curb.,c:The lane nearest the right curb.",b,"When turning left from a one-way street, start the turn from the lane nearest the left curb and enter the nearest available lane.",
2,Traffic Laws & Rules of the Road,"When stopped at a red light that also displays a green arrow for your lane, you may proceed in the arrow's direction if:","a:You first come to a complete stop.,b:You are in the proper lane and the intersection is clear.,c:You wait until the main light changes to green.",b,A green arrow allows you to proceed in the arrow's direction if you are in the correct lane and the way is clear; yield to pedestrians and traffic already in the intersection.,
5,Driving in Special Conditions,Which headlights should drivers use to improve visibility in rain or fog?,"a:Low beam headlights.,b:Parking lights.,c:High beam headlights.",c,"Use low beam headlights in rain, fog, or snow. High beams reflect off precipitation and reduce visibility.",
5,Driving in Special Conditions,"When in a work zone, how should you manage your following distance?","a:Avoid tailgating and keep a safe following distance.,b:Pass the driver in front of you as soon as you can.,c:Follow the driver in front of you closely.",c,Maintain a safe distance in work zones to allow time to react to slowed or stopped traffic and to protect workers and equipment.,difficult
2,Traffic Laws & Rules of the Road,"When passing on a two-lane road, what should you judge before starting to pass?","a:Flash your headlights as you pass.,b:Sound your horn as you pass.,c:The distance to any oncoming vehicles.",c,Always ensure there is sufficient distance and time to pass safely without encountering oncoming traffic.,
5,Driving in Special Conditions,"When visibility is reduced by fog, rain, or snow, which headlights should you use?","a:Low beam headlights.,b:High beam headlights.,c:Fog lights only.",a,"Low beam headlights are recommended in fog, rain, or snow because high beams can cause glare and reduce visibility.",
5,Driving in Special Conditions,"If the road ahead is flooded, what should you do?","a:Not drive through the flooded area; turn around and seek another route.,b:Slam on the brakes.,c:Drive only in the center of the roadway.",c,Never attempt to drive through floodwater — it may hide hazards and can sweep your vehicle away. Find an alternate route.,
5,Driving in Special Conditions,"When driving at night, which of the following should you do?","a:Increase your following distance.,b:Look directly at the headlights of an oncoming vehicle.,c:Always use your high beams.",c,"At night, increase your following distance when visibility is reduced and avoid looking directly at oncoming headlights to prevent glare.",
7,Vehicle Ownership & Responsibilities,"If you park uphill on a two-way road with no curb, which way should you turn your front wheels?","a:Straight ahead.,b:Toward the side of the road (right).,c:Toward the center of the road (left).",b,"On roads without a curb, turn wheels so the vehicle would roll away from traffic (toward the road edge).",
5,Driving in Special Conditions,Which is a dangerous habit in work zones?,"a:Only tailgating.,b:Only failing to watch for workers and equipment.,c:Both tailgating and failing to watch for workers and equipment.",c,"In work zones, do not follow too closely and pay careful attention to workers and equipment; both behaviors are hazardous.",difficult
2,Traffic Laws & Rules of the Road,"When preparing to turn left at a corner, to whom must you yield the right-of-way?","a:Pedestrians and oncoming vehicles that have the right-of-way.,b:All approaching vehicles regardless of direction.,c:Pedestrians on the sidewalk waiting for a Walk signal only.",a,"When making a left turn, yield to oncoming traffic and pedestrians who have the right-of-way.",
8,Special Situations & Road Users,"If a child is riding a bicycle near your vehicle, what should you anticipate?","a:Beep your horn to warn them.,b:That the child may act unpredictably — expect the unexpected.,c:Assume the child is in full control of the bicycle.",b,Children on bicycles are unpredictable; be ready to react and give them plenty of space.,
8,Special Situations & Road Users,"When a pedestrian using a guide dog or white cane is crossing, what must you do?","a:Yield only at corners.,b:Tell them where to cross.,c:Yield the right-of-way at all times.",c,Blind or partially blind pedestrians using a guide dog or white cane must always be given the right-of-way.,
8,Special Situations & Road Users,When must you yield to a pedestrian with a white cane or guide dog?,"a:At all times.,b:Only when the guide dog is leading them across the street.,c:Only when a crossing guard is present.",a,Pedestrians using a guide dog or white cane must be given the right-of-way at all times.,
6,"Alcohol, Drugs & Impaired Driving",What is the only proven method to remove alcohol or drug combinations from your system?,"a:Drink coffee.,b:Breathe fresh air.,c:Give your body time.",c,Only time allows the body to metabolize and remove alcohol or impairing drugs; other measures do not lower BAC.,
4,Safe & Defensive Driving Practices,If you become tired while driving you should:,"a:Open a window for fresh air and continue driving.,b:Stop and either rest or change drivers.,c:Drink something with caffeine and continue driving.",b,"To avoid fatigued driving, stop and get rest or change drivers. Short breaks every hour on long trips help prevent drowsiness.",
3,"Signs, Signals & Road Markings","From top to bottom, what is the standard vertical order of traffic lights?","a:Green,b:Red,c:You red",b,"Standard vertical traffic signal order is red at the top, then yellow, then green at the bottom.",
3,"Signs, Signals & Road Markings",What do double solid yellow centerline markings indicate about passing?,"a:Allowed from both directions.,b:Allowed only from your direction of travel.,c:Passing is not allowed from either direction.",c,Double solid yellow lines indicate opposite-direction traffic and prohibit passing for both directions.,
3,"Signs, Signals & Road Markings",What does a flashing yellow traffic light at an intersection require you to do?,"a:Stop before crossing the intersection.,b:Slow down and cross the intersection carefully.,c:Wait for the green light before proceeding.",b,"A flashing yellow light means slow down, be more alert, and proceed with caution through the intersection.",
4,Safe & Defensive Driving Practices,Which habit blocks the smooth flow of traffic?,"a:Slowing down to look at a collision scene (rubbernecking).,b:Avoiding unnecessary lane changes.,c:Using public transportation instead of your vehicle.",a,Rubbernecking slows traffic and can create secondary collisions; keep moving and avoid staring at incidents.,
7,Vehicle Ownership & Responsibilities,"If an accident causes over $500 in damage, when must you report it?","a:Immediately, regardless of who caused it.,b:Only if you were at fault.,c:Only if you are uninsured.",a,"Any accident on a public highway that results in $500 or more in property damage must be reported by the driver involved, regardless of fault.",difficult
8,Special Situations & Road Users,"When you encounter a pedestrian using a white cane or guide dog, what must you do?","a:Honk your horn as you proceed.,b:Carefully drive around them.,c:Stop until the person is well away from your path of travel.",a,Blind pedestrians using a white cane or guide dog must be given the right-of-way; stop and wait until they are safely clear of your path.,
2,Traffic Laws & Rules of the Road,When must you obey the instructions of a school crossing guard?,"a:Only during school hours.,b:Unless you do not see any children present.,c:At all times.",c,Always obey directions from school crossing guards; they supervise pedestrian safety near schools.,
4,Safe & Defensive Driving Practices,"When traffic is merging into your lane on the freeway, you should:","a:Make room for the merging traffic if possible.,b:Always maintain your position regardless of circumstances.,c:Assert your right-of-way by speeding up.",a,"When safe and practical, adjust your position or speed to allow vehicles to merge smoothly into your lane.",
4,Safe & Defensive Driving Practices,What are blind spots?,"a:Areas around your vehicle that cannot be seen in the mirrors.,b:Spots in your vision when you become fatigued.,c:Traffic control devices.",a,Blind spots are areas near the rear corners of a vehicle that cannot be seen by using mirrors alone; check them by looking over your shoulder.,
2,Traffic Laws & Rules of the Road,When are you permitted to pass another vehicle on the road?,"a:When a solid line is next to your lane.,b:On a hill or curve.,c:When a broken center line is next to your lane.",c,A broken yellow line beside your lane means passing is allowed if it is safe to do so.,
2,Traffic Laws & Rules of the Road,"When you see an emergency vehicle using flashing lights, what must you do?","a:Move into the right lane and drive slowly until it passes.,b:Pull over to the curb or edge of the road and stop until it has passed.,c:Maintain your speed and stay in your lane.",b,"When an emergency vehicle approaches with lights or siren, pull to the right edge of the road and stop until it passes.",
7,Vehicle Ownership & Responsibilities,"Before switching on the ignition, what should you do regarding safety belts?","a:Buckle only if you are driving on the highway.,b:Check passengers' belts after starting the car.,c:Buckle your safety belt and ensure passengers have buckled theirs.",c,Make a habit of fastening your belt and confirming others have buckled before starting the engine.,
6,"Alcohol, Drugs & Impaired Driving","If you are under 21, your license may be suspended if you drive with a blood alcohol level of:","a:0.15 percent or more.,b:0.08 percent or more.,c:Any amount.",c,Delaware enforces zero tolerance for drivers under 21: detection of any alcohol can lead to penalties including license suspension.,difficult
2,Traffic Laws & Rules of the Road,When is it legal to turn left on a red light after stopping?,"a:Whenever you yield to all other traffic at the intersection.,b:When you are on a two-way street turning onto another two-way street.,c:When you are on a one-way street turning onto another one-way street and no sign prohibits it.",c,Left on red is allowed only from a one-way street onto another one-way street after a complete stop and when no sign forbids it.,difficult
4,Safe & Defensive Driving Practices,Which action should you never take when changing lanes?,"a:Check for other vehicles moving into the same lane.,b:Change lanes abruptly or spontaneously.,c:Look over your shoulder to check your blind spot.",c,"Do not change lanes suddenly; always signal, check mirrors, and verify blind spots before changing lanes.",
2,Traffic Laws & Rules of the Road,Drivers making a left turn must yield to:,"a:No specific vehicles.,b:Passing cars only.,c:Oncoming vehicles traveling straight or turning right.",c,"Drivers turning left must yield to all oncoming traffic, including bicycles and motorcycles going straight or turning right.",
4,Safe & Defensive Driving Practices,How should you change lanes from one lane to another?,"a:Quickly and often.,b:Gradually and carefully.,c:When a car is in your blind spot.",c,Change lanes gradually and carefully only when necessary; every lane change increases the chance of a collision.,
5,Driving in Special Conditions,Why is driving at night more dangerous than daytime driving?,"a:Your reaction time is slower at night.,b:The road is always more slippery at night.,c:You cannot see as far ahead at night.",a,Reduced visibility and glare mean you cannot see as far at night as during the day. Use headlights and exercise extra caution.,
2,Traffic Laws & Rules of the Road,"When approaching an intersection controlled by a flashing red signal, you should:","a:Come to a complete stop, yield to oncoming traffic or pedestrians, then proceed.,b:Reduce your speed and enter with caution.,c:Come to a complete stop and remain stopped while the light is red.",a,"A flashing red signal requires a full stop, after which you may proceed when the way is clear and it is safe to do so.",
3,"Signs, Signals & Road Markings",What does a pennant-shaped yellow sign indicate?,"a:Right turns permitted.,b:Right turns only.,c:No passing zone.",c,Pennant-shaped (sideways triangular) yellow signs are used to warn drivers of no passing zones.,
2,Traffic Laws & Rules of the Road,"If you approach an intersection showing a steady yellow light and you have not entered the intersection, what should you do?","a:Reduce your speed and proceed carefully through the intersection.,b:Come to a safe stop.,c:Speed up to beat the red light.",b,A steady yellow warns that the light will soon turn red; prepare to stop unless already in the intersection.,
7,Vehicle Ownership & Responsibilities,"If you are involved in an accident that causes injury, when must you report it?","a:Immediately.,b:Within 24 hours.,c:Within one week.",c,"If any person is injured or killed in a traffic accident, notify the police immediately. Leaving the scene before providing required information is a crime.",
4,Safe & Defensive Driving Practices,A distraction while driving is:,"a:Anything that makes you pay more attention to driving.,b:Anything that causes evasive action while driving.,c:Anything that takes your attention away from driving.",c,"A driving distraction is anything that diverts your attention from the task of driving. Such distractions can lead to collisions, injuries, and deaths.",
5,Driving in Special Conditions,"If a tire suddenly blows out while driving, what is the correct immediate action?","a:Pump the brakes rapidly.,b:Brake hard and steer immediately to the right edge of the road.,c:Grip the steering wheel firmly",c,"Hold the wheel firmly, ease off the gas to slow naturally, and steer to a safe area before braking lightly when safe.",
8,Special Situations & Road Users,An orange and red triangular sign displayed on the back of a vehicle means:,"a:Shoulder work ahead.,b:The vehicle has the right-of-way.,c:Slow-moving vehicle.",c,Slow-moving vehicles such as farm equipment and some maintenance vehicles display an orange and red triangle to warn other road users.,
4,Safe & Defensive Driving Practices,How often should you check your rearview mirrors?,"a:Only to check for vehicles in blind spots.,b:Only when slowing down.,c:Often to monitor how traffic is moving behind you.",c,Frequently check your mirrors so you know the positions and actions of vehicles around you.,
2,Traffic Laws & Rules of the Road,"If a police officer signals you to stop while the traffic light is green, what should you do?","a:Obey the traffic signal.,b:Do what the vehicle in front of you does.,c:Obey the police officer.",a,"Drivers must follow instructions from police officers directing traffic, even if they conflict with signs or signals.",
2,Traffic Laws & Rules of the Road,You should drive on the shoulder to pass another vehicle:,"a:If the shoulder is wide enough.,b:Under no circumstances.,c:If the vehicle ahead is turning left.",b,Never pass another vehicle by driving on the shoulder. Passing on the shoulder is dangerous because other drivers do not expect you there.,
2,Traffic Laws & Rules of the Road,"At a red light that shows a green arrow, you may proceed in the arrow's direction when:","a:You must first come to a complete stop.,b:You are in the proper lane and the roadway is clear.,c:You must wait until the light changes.",c,If you are in the lane controlled by a green arrow you may go in the arrow's direction when the way is clear. This applies whether the arrow is shown alone or with other signals.,
5,Driving in Special Conditions,"When a vehicle with bright headlights approaches at night, where should you look?","a:Look directly at the headlights.,b:Glance toward the right edge of your lane.,c:Stop in your lane until the vehicle passes.",b,Avoid looking at oncoming headlights; glance toward the right edge of your lane to avoid being blinded.,
2,Traffic Laws & Rules of the Road,"If another vehicle is passing you, what should you do?","a:Speed up to block the pass.,b:Brake hard to prevent the pass.,c:Maintain a steady speed and allow the passing vehicle to complete the maneuver.",c,"When being passed, maintain constant speed or slow slightly and allow the other vehicle to pass safely and merge back.",
5,Driving in Special Conditions,Your car may begin to hydroplane at speeds as low as:,"a:45 miles per hour.,b:40 miles per hour.,c:35 miles per hour.",c,"Hydroplaning can begin at speeds around 35 mph when there is standing water; as speed increases, tires can lose contact with the road.",difficult
5,Driving in Special Conditions,"When driving through a construction zone, you should:","a:Pass the work zone carefully and avoid slowing down to stare at the scene.,b:Stop to watch the workers.,c:Reduce your following distance.",a,"Do not ""rubberneck"" or slow down to look at unusual events in a work zone. Proceed carefully and maintain a safe following distance.",difficult
8,Special Situations & Road Users,Where are truck blind spots located?,"a:On the immediate left of the cab and directly behind the truck.,b:Directly behind the body only.,c:On the immediate left of the cab only.",a,"Trucks have large blind spots on both sides and directly behind; if you can't see the driver in their mirror, they likely can't see you.",
8,Special Situations & Road Users,"If a truck or bus is making a right turn where you also need to turn right, you should:","a:Squeeze between the truck or bus and the curb.,b:Quickly turn before the truck or bus is able to.,c:Wait until the truck or bus has completed its turn before you turn.",c,Do not try to pass between a turning truck or bus and the curb; wait until the larger vehicle completes its turn.,
3,"Signs, Signals & Road Markings",Blue traffic signs provide information about:,"a:Motorist services such as rest areas, food, or hospitals.,b:Construction and maintenance.,c:Mileage information only.",a,"Blue signs are service signs that inform drivers about motorist services like rest areas, food, lodging, and hospitals.",
4,Safe & Defensive Driving Practices,"When finishing a passing maneuver, how can you tell you have enough room to return to your lane?","a:If the other driver signals for you to re-enter the lane.,b:If you can see both of the passed vehicle's headlights in your rearview mirror.,c:If you look over your shoulder and see the passed car behind you.",c,"Before moving back into the driving lane after passing, be sure there is a safe gap between vehicles. When you can see both headlights of the vehicle you passed in your rearview mirror, it is safe to return to the driving lane.",
5,Driving in Special Conditions,What can continuous hard braking on ice or snow cause?,"a:Helps you stop faster.,b:Locks the front wheels,c:Keeps the brakes from freezing.",a,Hard continuous braking on icy or snowy surfaces may lock wheels and lead to loss of steering. Slow down and brake gently.,
2,Traffic Laws & Rules of the Road,You should yield your legal right-of-way:,"a:Never,b:Often,c:Whenever it helps prevent a collision.",c,Yield your right-of-way when doing so helps prevent a crash. Do not assume other drivers will obey the rules.,difficult
5,Driving in Special Conditions,Which headlights should you use when driving in fog?,"a:Low beam headlights.,b:Use your parking lights.,c:High beam headlights.",a,Low beam headlights reduce glare from fog; high beams reflect back and reduce visibility.,
4,Safe & Defensive Driving Practices,How should drivers check blind spots before changing lanes?,"a:Only the inside rearview mirror.,b:Only the left outside mirror.,c:Look over the left or right shoulder.",c,Mirrors do not show all areas around your vehicle; look over the appropriate shoulder to check the blind spot before changing lanes.,
4,Safe & Defensive Driving Practices,You should increase the following distance between your vehicle and the one ahead when you are:,"a:Driving more slowly than the posted speed limit.,b:Following a small passenger vehicle.,c:Being tailgated by another driver.",c,"If another driver is tailgating you, create extra space in front of your vehicle and avoid sudden braking; slow gradually or change lanes if safe.",
1,Licensing & Permit Requirements,Which statement correctly describes having a driver's license?,"a:It is a legal requirement that cannot be revoked.,b:It is a privilege,c:It is a right",b,A driver's license is a privilege granted under law and can be suspended or revoked for violations.,
7,Vehicle Ownership & Responsibilities,"If you damage a parked vehicle and cannot find the owner, what must you do?","a:Call your insurance company when you get home.,b:Wait for the owner to return.,c:Leave a note with your name",c,"If you hit parked property, leave a note securely attached with your contact information and report the incident as required.",
2,Traffic Laws & Rules of the Road,"Before changing lanes, besides checking mirrors you should:","a:Glance over your shoulder into the lane you want to enter.,b:Never look over your right shoulder.,c:Always slow down in your lane.",a,"Always look over your shoulder to check blind spots prior to changing lanes, in addition to mirror checks and signaling.",
6,"Alcohol, Drugs & Impaired Driving",What is the only truly effective way to remove alcohol from your body?,"a:Wait — time.,b:Drink strong coffee.,c:Take a cold shower.",a,Only time allows the body to metabolize and eliminate alcohol; nothing speeds up the process.,
5,Driving in Special Conditions,"On a slippery road, how should your following distance compare to normal?","a:Increase the distance from the vehicle ahead.,b:Keep the same distance as normal.,c:Follow more closely than usual.",a,You need extra distance to stop on slippery pavement; maintain a longer following distance.,
8,Special Situations & Road Users,Why is it dangerous to follow a motorcycle too closely?,"a:They do not follow the same rules as motor vehicles.,b:They brake more slowly than motor vehicles.,c:A motorcycle can stop much faster than a standard vehicle.",c,Motorcycles can stop quickly; following too closely reduces your ability to avoid a collision if the motorcyclist brakes suddenly.,
2,Traffic Laws & Rules of the Road,"When you face a green light and there are pedestrians in the intersection, you must:","a:Yield the right-of-way to the pedestrians.,b:Assert your right-of-way over the pedestrians.,c:Proceed because vehicles have priority.",a,"Drivers must yield to pedestrians and vehicles already in the intersection, including when turning on a steady green light.",
3,"Signs, Signals & Road Markings",A broken yellow line down the center of the road indicates:,"a:A construction zone ahead.,b:Passing is not permitted from either direction.,c:Passing is permitted from either direction when safe.",c,Dashed yellow centerlines separate opposing traffic lanes and indicate passing is allowed when it is safe to do so.,difficult
6,"Alcohol, Drugs & Impaired Driving",A blood alcohol concentration (BAC) of 0.02 percent:,"a:Won't have any effect on your driving.,b:Won't put other drivers at risk.,c:Will nearly double your chances of having an accident.",c,Even small increases in BAC significantly increase crash risk; each 0.02 percent increase raises the chance of a fatal crash dramatically.,difficult
4,Safe & Defensive Driving Practices,"If you feel fatigued while driving, what should you do?","a:Find a safe parking area to take a short nap.,b:Increase your speed to reach your destination more quickly.,c:Increase the volume of your radio.",c,"If fatigue affects your driving, safely pull over and take a short nap or rest to refresh before continuing.",
2,Traffic Laws & Rules of the Road,"When you see a flashing yellow light at an intersection, you should:","a:Slow down and cross the intersection carefully.,b:Stop, then enter the intersection when it is safe.,c:Yield to all traffic before crossing the intersection.",a,A flashing yellow light means slow down and proceed with caution; you do not need to stop unless necessary for safety.,
5,Driving in Special Conditions,How should you drive in work zones?,"a:Maintain your normal speed the whole way through the zone.,b:Reduce your speed and be prepared to stop suddenly.,c:Increase your speed to get through quickly.",c,"Slow down, obey posted speed limits, and be prepared to stop in work zones. Be alert for workers and changing road conditions.",
5,Driving in Special Conditions,"At night on a dimly lit street, how should you drive?","a:Turn on high beams to see further ahead.,b:Keep your instrument lights bright to be visible to others.,c:Slow so you can stop within the area lit by your headlights.",c,Drive at a speed that allows you to stop within the illuminated area of your headlights.,
5,Driving in Special Conditions,"When exiting an interstate, when should you slow down?","a:Immediately upon entering the deceleration lane.,b:As you approach the deceleration lane.,c:About halfway through the deceleration lane.",c,"Maintain highway speed until you enter the deceleration lane; once in the deceleration lane, reduce speed to the exit ramp advisory speed.",
2,Traffic Laws & Rules of the Road,"When entering the interstate, after checking for a gap and signaling you should:","a:Merge carefully into the gap.,b:Expect traffic to allow you to proceed since you have the right-of-way.,c:Wait for the lane to clear completely before merging.",a,"Accelerate to the speed of traffic, signal, and merge smoothly into an appropriate gap. Do not assume other drivers will automatically yield.",
2,Traffic Laws & Rules of the Road,Delaware law does not grant right-of-way; what does it specify instead?,"a:Who must yield the right-of-way.,b:Nothing about the right-of-way.,c:That right-of-way does not exist.",a,"Delaware statutes describe who must yield, not who has an absolute right-of-way.",
7,Vehicle Ownership & Responsibilities,"If you parallel park facing downhill, which way should you turn the front wheels?","a:Turn the wheels away from the curb.,b:Turn the wheels toward the side of the road (toward the curb).,c:Keep the wheels straight.",b,"When parking downhill, turn your front wheels toward the curb or road edge so the vehicle will stop against the curb if it rolls.",
4,Safe & Defensive Driving Practices,Which is a safe driving technique?,"a:Using your high beams in fog.,b:Checking your rearview mirrors frequently.,c:Staring fixedly at the road ahead.",b,"To stay aware of hazards, scan the road and check mirrors every 2–5 seconds. Do not use high beams in fog; use low beams instead.",
6,"Alcohol, Drugs & Impaired Driving","If you've had several beers, the only way to reduce alcohol's effects is to:","a:Take a cold shower.,b:Wait several hours.,c:Drink several cups of coffee.",b,Time is the only way to remove alcohol from the body; other measures like coffee or showers don't speed sobriety. About one hour per drink.,
2,Traffic Laws & Rules of the Road,Where is it safe to pass another vehicle?,"a:Wherever signs and/or pavement markings permit passing.,b:Within an intersection where there are no oncoming vehicles,c:Within a curve where there are no oncoming vehicles",b,Do not pass in intersections or where your view is blocked by curves or hills. Only pass where signage and pavement markings allow and it is safe to do so.,
3,"Signs, Signals & Road Markings",What does a single broken white centerline mean on the roadway?,"a:You must stay within your lane.,b:You may change lanes only from the left lane.,c:You may cross the line to change lanes.",c,Broken white lines separate lanes going the same direction and allow lane changes when safe.,
4,Safe & Defensive Driving Practices,Stopping distance and the severity of crashes:,"a:Increase as vehicle speed increases.,b:Are not affected by vehicle speed.,c:Decrease as vehicle speed increases.",a,Stopping distances and crash severity grow with higher speeds; speed significantly affects the outcome of collisions.,
4,Safe & Defensive Driving Practices,Collisions are more likely when how many vehicles are traveling relative to each other?,"a:One lane travels faster but all others match each other.,b:All vehicles travel at about the same speed.,c:One vehicle is traveling much faster or slower than the flow of traffic.",c,Crashes are more likely when a vehicle is traveling noticeably faster or slower than surrounding traffic.,
5,Driving in Special Conditions,"If oncoming headlights are blinding you at night, what is the safest response?","a:Turn your lights on and off.,b:Switch your lights to high beams.,c:Glance toward the right edge of the road.",c,Look toward the right edge of the roadway to avoid being blinded by oncoming headlights and to stay safely on course.,
2,Traffic Laws & Rules of the Road,"When approaching an intersection with a flashing yellow light, you should:","a:Wait for a green light before proceeding.,b:Slow down and proceed with caution.,c:Stop before crossing the intersection.",b,"A flashing yellow light warns you to slow down and proceed with caution, checking for cross traffic.",
2,Traffic Laws & Rules of the Road,What is the correct method to make a right turn?,"a:Approach the corner in the lane nearest the right curb,b:Signal,c:Use turn indicator",c,"Approach the intersection from the right lane, signal, slow down, and stay as close as practicable to the right curb or edge when making a right turn.",
4,Safe & Defensive Driving Practices,"If your wheels run off the edge of the pavement, what is the first thing you should do?","a:Turn the front wheels slightly to the left to edge the car back onto the pavement.,b:Apply the brakes and turn the front wheels sharply to the left.,c:Hold the steering wheel firmly",a,"If you leave the roadway, keep the steering wheel steady, ease off the gas, and slow down gradually before checking traffic and re-entering the road safely.",
4,Safe & Defensive Driving Practices,Which of these commonly contributes to traffic crashes?,"a:Getting adequate rest and staying alert.,b:Scanning the environment and staying focused on the driving task.,c:Exceeding the posted speed limit or driving too fast for conditions.",c,Driving too fast for conditions or above speed limits is a common factor in crashes. Drive within legal limits and adjust speed for conditions.,
6,"Alcohol, Drugs & Impaired Driving",Alcohol in any concentration is classified as which of the following?,"a:Neither of the above.,b:A stimulant.,c:A depressant.",c,"Alcohol is a depressant that slows nerve impulses and bodily functions, impairing driving ability.",
8,Special Situations & Road Users,At a railroad crossing you must:,"a:Only watch for multiple trains.,b:Only watch for vehicles that must stop.,c:Watch for vehicles that must stop at all railroad crossings and watch for multiple trains.",c,"Approach railroad crossings with caution. Be aware of vehicles (e.g., school buses, hazardous material trucks) that are required to stop and of the possibility of more than one train.",
2,Traffic Laws & Rules of the Road,Excessive speed:,"a:Helps you maneuver around obstacles safely.,b:Saves time in most trips.,c:Increases the likelihood of serious bodily injury and death.",c,Excessive speed is a major factor in crashes and increases both stopping distance and crash severity.,
2,Traffic Laws & Rules of the Road,"If you are driving in the left lane and traffic is passing you on the right, what should you do if the driver behind wants to go faster?","a:Drive onto the left shoulder to let the other vehicles pass.,b:Stay in your lane so you don't impede the flow of traffic.,c:Move into the right lane when it is safe.",b,"Use the left lane for passing or faster traffic. If you are driving slower than surrounding traffic, move to the right lane when it is safe.",
8,Special Situations & Road Users,You may legally drive around or under a lowered railroad crossing gate:,"a:When the warning lights are not flashing.,b:When you can see clearly in both directions.,c:Never.",c,Do not go around or under any lowered gate at a railroad crossing. Wait until the gate is fully raised and it is safe to proceed.,
6,"Alcohol, Drugs & Impaired Driving",Which statement about drugs and driving is accurate?,"a:Any prescription drug is safe if you don't feel drowsy.,b:Only illegal drugs can impair driving.,c:Even over-the-counter drugs can impair your driving.",c,"Prescription and over-the-counter drugs, as well as illegal drugs, can impair driving and make it illegal to drive while impaired.",
5,Driving in Special Conditions,How can you avoid glare from the headlights of an approaching car at night?,"a:Stay focused on the centerline on the road.,b:Look briefly toward the right side of the road.,c:Flash your high beams.",c,Avoid staring at oncoming headlights; glance toward the right edge of the road briefly and use peripheral vision to monitor the oncoming vehicle.,
2,Traffic Laws & Rules of the Road,"As you enter a roundabout, what should you yield to?","a:Both of the above.,b:Yield to any crossing pedestrians and bicyclists.,c:Yield to any car already within the roundabout.",c,"When entering a roundabout, yield to pedestrians, bicyclists, and traffic already circulating in the roundabout.",
2,Traffic Laws & Rules of the Road,"When merging onto an interstate, what is the proper action?","a:Merge across two lanes at once.,b:Always stop before entering the highway.,c:Select a safe gap and merge into the traffic lane.",c,Use the acceleration lane to match traffic speed and merge when a safe gap appears; do not stop unless necessary.,
5,Driving in Special Conditions,When should you use high beam headlights at night?,"a:Whenever driving at night as often as possible.,b:When following other vehicles closely.,c:Only when there are no oncoming vehicles and you are not closely following another vehicle.",c,Use high beams only when you are not following another vehicle closely and there are no oncoming cars to avoid blinding others.,
6,"Alcohol, Drugs & Impaired Driving",Which driving skills are affected by alcohol or drugs?,"a:Reaction time and coordination only.,b:Alertness and concentration only.,c:All of the above (alertness",c,"Alcohol and many drugs impair alertness, concentration, reaction time, and coordination, reducing driving ability.",
4,Safe & Defensive Driving Practices,"Before stopping at a traffic signal or sign, what should you first do?","a:Set the parking brake.,b:Check your mirrors for surrounding traffic.,c:Press down hard on the accelerator.",b,"Before stopping, check mirrors and surrounding traffic so you can slow smoothly and safely.",
5,Driving in Special Conditions,"Use your headlights on rainy, snowy, or foggy days:","a:To warn others of the bad weather.,b:To keep your engine warm.,c:So others can see your vehicle.",c,"When you must use windshield wipers due to weather, also turn on your low beam headlights so other drivers can see you.",
3,"Signs, Signals & Road Markings",Signs with orange backgrounds indicate:,"a:Regulatory signs.,b:General warning signs.,c:Construction and maintenance warning signs.",c,The color orange is used specifically for signs related to construction and maintenance activity ahead.,
6,"Alcohol, Drugs & Impaired Driving",Which statement about alcohol's effects on driving is true?,"a:Alcohol affects judgement,b:If you are under the legal BAC limit,c:If you can walk in a straight line after drinking",c,Alcohol impairs judgment — a critical skill for safe driving. Even amounts below the legal limit can affect your driving ability.,
2,Traffic Laws & Rules of the Road,Which of the following is NOT a safe practice on the interstate?,"a:Slower traffic must keep to the right.,b:Change lanes without signaling.,c:If you miss your exit",c,"You should always signal when changing lanes. On interstates, stay in the right lane if you are moving slower than the flow of traffic; do not back up or make U-turns.",
3,"Signs, Signals & Road Markings",What does a yellow left-turn arrow in a traffic signal indicate?,"a:You do not need to yield to oncoming traffic.,b:The protected left turn is ending and you should prepare to yield to oncoming traffic.,c:You should speed up to complete your turn.",b,A yellow arrow warns that the green protected turn is ending; be prepared to yield to oncoming traffic.,
4,Safe & Defensive Driving Practices,"If your view to the side at an intersection is blocked, what should you do?","a:Maintain your speed and look both ways.,b:Stop,c:Slow down and look both ways.",c,"If cross traffic is obscured, stop and slowly inch forward until you can see clearly in both directions before proceeding.",
8,Special Situations & Road Users,"When passing a motorcycle, you must:","a:Have your vehicle entirely in the left lane before and during the pass.,b:Share the lane with the motorcycle because it is small.,c:Blow your horn to make the rider move onto the shoulder.",a,Give a motorcycle a full lane when passing. Do not crowd the cyclist or share the same lane space with them.,
8,Special Situations & Road Users,How might a large truck turning right across two lanes behave?,"a:May have to swing wide to complete the right turn.,b:May complete its turn in either of the two lanes.,c:Must stay in the right lane at all times while turning.",b,Long vehicles often need to swing wide when turning because their rear wheels follow a shorter path than the front wheels.,
3,"Signs, Signals & Road Markings",Traffic control devices used in construction and maintenance work areas are what color?,"a:Red.,b:Yellow.,c:Orange.",c,"Work zone signs, cones, and barriers are orange to alert drivers to temporary road work conditions.",
3,"Signs, Signals & Road Markings","When driving next to a single broken white line on a highway, you:","a:Cannot cross the line to pass.,b:May cross the line to pass or change lanes when it is safe.,c:May cross only if you are in the left lane.",b,Dashed white lines separate lanes moving in the same direction. You may cross them to pass or change lanes when it is safe.,
4,Safe & Defensive Driving Practices,"Before entering an intersection, what scanning sequence should you use?","a:Look only to the right.,b:Look left,c:Look only to the left.",b,"Look left, right, then left again before entering an intersection because vehicles from the left will be closer.",
3,"Signs, Signals & Road Markings",What does a green arrow on a traffic signal indicate?,"a:Drivers may turn after a complete stop only.,b:Drivers must stop before turning.,c:Traffic may turn in the indicated direction and has the right-of-way.",c,"A green arrow gives directional right-of-way to traffic turning in the arrow's direction, though caution is still required.",
2,Traffic Laws & Rules of the Road,"On a one-way street, when may you turn left onto another one-way street?","a:Only if you increase your speed before the turn.,b:If traffic on the street you are turning onto moves to the left.,c:Only if traffic on the street moves to the right.",b,"You may turn left onto a one-way street that carries traffic to the left, unless signs prohibit the turn.",
2,Traffic Laws & Rules of the Road,"To enter a gap in highway traffic safely, what should you do first?","a:Speed up and let the other vehicles make way.,b:Check behind you,c:Watch only the vehicles behind the gap.",b,"Before changing lanes or entering traffic, check rear and side traffic, then gauge the forward gap.",
2,Traffic Laws & Rules of the Road,Which statement about driving slowly is true?,"a:Driving too slowly is never unsafe.,b:Driving too slowly on certain highways can be dangerous.,c:Speed does not affect driving safety.",b,Driving significantly slower than traffic can create hazards; it is safest to travel with the flow within legal limits.,
2,Traffic Laws & Rules of the Road,"If you are in an intersection and an emergency vehicle approaches with siren and lights, what should you do?","a:Stop immediately in the intersection until it passes.,b:Pull to the right of the intersection and stop before entering.,c:Continue through the intersection",c,"If you are in the intersection, clear it and then pull to the right and stop to allow the emergency vehicle to pass.",
6,"Alcohol, Drugs & Impaired Driving",How many alcoholic drinks does it take to affect your driving ability?,"a:Three,b:Two,c:One",a,Even a single drink can impair driving ability. It is not advisable to drive after consuming any amount of alcohol.,
8,Special Situations & Road Users,"If you see pedestrians in a crosswalk ahead, what should you do?","a:Pull to the right and go around them.,b:Wait for the pedestrians to cross the street.,c:Continue ahead; you have the right-of-way.",b,Drivers must yield to pedestrians in crosswalks and wait until the crossing is clear.,
2,Traffic Laws & Rules of the Road,"When passing another vehicle, how should you execute the pass?","a:Drive at the same speed as the vehicle you are passing.,b:Pass as safely and as quickly as possible.,c:Pass the vehicle as slowly as possible.",b,Execute passes efficiently to minimize time spent in the opposing lane and return when safe to do so.,
6,"Alcohol, Drugs & Impaired Driving","When taking any medication, what should you do before driving?","a:Keep your window open and drive more slowly.,b:Have someone follow you home.,c:Consult your doctor or pharmacist about how it may affect driving.",c,Prescription and OTC medications can impair driving; confirm their effects with a healthcare professional.,
6,"Alcohol, Drugs & Impaired Driving",Which driving skills are affected by alcohol and/or drugs?,"a:Coordination only.,b:Alertness only.,c:Both alertness and coordination.",c,"Alcohol and drugs impair multiple driving skills including alertness, coordination, and reaction time.",
2,Traffic Laws & Rules of the Road,Who must you obey when they are directing traffic at a construction site?,"a:Flaggers (signal persons) at construction sites.,b:Security guards patrolling parking lots.,c:Other drivers whose vehicles are broken down on the roadway.",c,Drivers must obey instructions from flaggers and signal persons; they protect both workers and motorists.,
8,Special Situations & Road Users,"When following a large truck on the freeway in bad weather, you should:","a:Tailgate so the truck driver can see you.,b:Keep no more than one car length behind the truck.,c:Follow farther behind the truck than you would a passenger vehicle.",c,Maintain a greater following distance behind large trucks so you have enough time to stop and so the truck driver can see you if you are not directly visible in the mirrors.,
5,Driving in Special Conditions,"When driving in fog, what is the correct action?","a:Turn your lights on and off to warn other drivers.,b:Slow down and use your high beam headlights.,c:Slow down and use your low beam headlights.",c,"In fog, slow down and use low beam headlights. If visibility is extremely poor, pull off the road safely and wait until conditions improve.",
5,Driving in Special Conditions,"If heavy smoke covers the road ahead, what should you do?","a:Turn on your hazard flashers and keep driving.,b:Turn on your high beam headlights and continue.,c:Reduce speed",c,"With heavy smoke ahead, slow down, move as far right as possible, and stop off the road before deciding whether it's safe to continue.",
4,Safe & Defensive Driving Practices,"As your travel speed increases, you should:","a:Change lanes frequently to find a faster lane.,b:Look well ahead of your vehicle to allow time to react.,c:Turn on your headlights.",a,Stopping distance grows with speed. At higher speeds you must look farther ahead so you have enough time and distance to respond safely to hazards.,
4,Safe & Defensive Driving Practices,"If someone is tailgating you on a two-lane road and you cannot change lanes, what is the best action?","a:Speed up to increase distance from the tailgater.,b:Apply your brakes to slow down suddenly and then resume speed.,c:Slow down gradually to encourage them to pass.",c,"If you cannot change lanes, slowly reduce speed to encourage the tailgater to pass; avoid sudden maneuvers.",
8,Special Situations & Road Users,What is true about pedestrians at a crosswalk?,"a:Construction workers must yield to you.,b:You must yield to pedestrians.,c:Pedestrians must yield to you.",a,"Pedestrians have the right-of-way at crosswalks. Where signals are not present, vehicles must stop for pedestrians in marked and unmarked crosswalks.",
8,Special Situations & Road Users,"If you approach a railroad crossing with lowered gates and flashing lights, you should:","a:Slow down and drive around the gates.,b:Drive around the crossing gates if you cannot see a train.,c:Come to a complete stop well behind the gates and wait until they are lifted.",c,You must stop at a railroad crossing when warning devices indicate a train is approaching. It is illegal and dangerous to drive around lowered gates.,
2,Traffic Laws & Rules of the Road,Is it ever allowed to drive off the roadway onto the shoulder to pass another vehicle?,"a:If the vehicle ahead is turning left.,b:If there are two or more lanes traveling in your direction.,c:No — under no circumstances.",c,You may not drive off the paved or main-traveled portion of the roadway to pass another vehicle.,
4,Safe & Defensive Driving Practices,"If you are about to be hit from the rear, you should do all of the following EXCEPT:","a:Let go of the steering wheel.,b:Press your head firmly against the head restraint.,c:Apply your brakes.",c,"If struck from behind, press against the back of the seat and head restraint to reduce whiplash and be ready to brake. Do not let go of the steering wheel.",
8,Special Situations & Road Users,"When bicycles are used on roadways, they are considered:","a:Hazards.,b:Dangerous.,c:Vehicles.",c,Bicycles are legally treated as vehicles on roadways; bicyclists and motorists must follow the same rules of the road.,
3,"Signs, Signals & Road Markings",A curb painted red indicates:,"a:A loading zone.,b:An area reserved for picking up or dropping off passengers.,c:No parking",c,"A red-painted curb means you may not stop, stand, or park in that area.",
8,Special Situations & Road Users,What does the slow-moving vehicle emblem (triangle) on the rear of a vehicle indicate?,"a:The vehicle makes sudden stops.,b:The vehicle is being drawn by an animal.,c:The vehicle is traveling at 25 mph or slower.",c,A triangular slow-moving vehicle emblem warns other drivers the vehicle travels at 25 mph or less.,
5,Driving in Special Conditions,Which surface tends to freeze first in cold weather?,"a:An intersection.,b:A tunnel.,c:A bridge.",c,Bridges and overpasses can freeze before nearby roadways because their surfaces cool from both above and below.,
2,Traffic Laws & Rules of the Road,Which of the following is unlawful?,"a:Pass another vehicle over a railroad crossing.,b:Pass another vehicle in any marked no passing zone.,c:Both of the above.",c,"It is illegal to pass in marked no passing zones and at locations such as railroad crossings, hills, curves, and intersections where visibility is limited.",difficult
5,Driving in Special Conditions,Which road area is most likely to become icy in cold weather after snow or rain?,"a:A residential road.,b:A hilly,c:A road in a shaded area.",c,Shaded parts of the roadway freeze before others and tend to stay icy longer on cold days.,
2,Traffic Laws & Rules of the Road,"When merging onto a freeway, you should be driving:","a:More slowly than the freeway traffic.,b:At or near the speed of freeway traffic.,c:At the posted speed limit regardless of traffic speed.",b,Enter the freeway at or near the speed of the traffic flow so you can merge safely without disrupting other vehicles.,
4,Safe & Defensive Driving Practices,When should you not use your horn?,"a:Near blind pedestrians.,b:When visibility ahead is limited.,c:If you might hit another vehicle.",a,Avoid sounding your horn near blind pedestrians as it may be dangerous; yield and proceed only when safe.,
5,Driving in Special Conditions,"When driving in fog, which lights are best to use?","a:Four-way flashers.,b:Low beam headlights.,c:High beam headlights.",a,Use low beam headlights in fog. High beams will reflect back and reduce visibility further.,
6,"Alcohol, Drugs & Impaired Driving",What is the only thing that will reduce your blood alcohol concentration (BAC) and remove alcohol's effects from your body?,"a:Eating foods high in fat,b:Time,c:Drinking caffeine",c,Only the passage of time eliminates alcohol from the body; caffeine or food do not sober you up or lower BAC.,
3,"Signs, Signals & Road Markings",What does a dashed yellow line next to a solid yellow line on a multilane road mean?,"a:Passing is prohibited from both directions.,b:Passing is permitted from both directions.,c:Passing is permitted only from the direction next to the dashed line.",c,"When a dashed yellow line is next to a solid yellow line, only drivers adjacent to the dashed line may cross to pass; drivers next to the solid line may not.",
2,Traffic Laws & Rules of the Road,"If you approach a green light but the intersection is blocked with traffic, you should:","a:Partially enter the intersection to establish your right-of-way.,b:Wait and not enter the intersection until you can clear it completely.,c:Enter and wait within the intersection for traffic to clear.",b,"Even with a green light, do not enter an intersection unless you can get completely across before the light changes; blocking an intersection is illegal.",difficult
3,"Signs, Signals & Road Markings",What does a red right-pointing arrow on a traffic signal mean?,"a:Turn in that direction after you come to a complete stop.,b:Turn in that direction after slowing and checking for traffic.,c:Not turn in that direction until the light turns green.",a,A red arrow means stop and remain stopped; you may not turn until a green light or arrow appears.,
5,Driving in Special Conditions,What is required for safe interstate driving?,"a:Both of the above.,b:Have the ability to safely drive at increased speeds.,c:Be constantly alert.",c,Driving on interstates requires being constantly alert and capable of safely operating at higher speeds.,
8,Special Situations & Road Users,To whom must you give the right-of-way?,"a:Only pedestrians in marked crosswalks.,b:Only if the pedestrian has a Walk signal.,c:Any pedestrian crossing any street or in any crosswalk.",c,Yield to pedestrians in marked or unmarked crosswalks and generally to anyone crossing the street to avoid striking them.,
8,Special Situations & Road Users,Which statement about railroad crossings is true?,"a:You must stop at a railroad crossing when directed to do so by a flagger or stop sign.,b:You should use cruise control near a railroad crossing to maintain a steady speed.,c:You have the right-of-way at a railroad crossing and do not need to stop.",a,"Stop at railroad crossings when a flagger, stop sign, or warning signal directs you to do so. Always use caution near tracks.",difficult
4,Safe & Defensive Driving Practices,Which practice best helps you avoid dangerous situations while driving?,"a:Keep your eyes focused only ahead of your car.,b:Turn off the radio.,c:Always be aware of what is happening around your vehicle.",c,"Constantly scanning front, sides, and rear helps you detect hazards early and take appropriate action to avoid them.",
3,"Signs, Signals & Road Markings",What does a double solid yellow centerline mean?,"a:The lane to the right may pass.,b:No passing is allowed from either direction.,c:Both lanes may pass when safe.",b,Double solid yellow lines separate opposite directions of traffic and prohibit passing from both sides.,
3,"Signs, Signals & Road Markings",Yellow lines on the road separate:,"a:Carpool lanes from regular lanes.,b:Traffic moving in opposite directions on two-way roads.,c:Traffic lanes on one-way streets.",b,Yellow centerlines divide opposing traffic; solid and broken markings convey passing rules.,
