section-num,section-name,question,options,correct-answer,note,difficulty
2,Traffic Laws & Rules of the Road,What is the default speed limit in an urban area in Alabama when no speed limit sign is posted?,"a:20 mph,b:25 mph,c:30 mph,d:35 mph",b,"Alabama sets the default urban speed limit at 25 mph when no sign is posted. This is lower than some neighboring states (e.g., Tennessee's 30 mph). Always look for posted signs, as specific roads within urban areas may have different limits.",medium
2,Traffic Laws & Rules of the Road,What is Alabama's speed limit on most rural two-lane roads when no sign is posted?,"a:45 mph,b:50 mph,c:55 mph,d:60 mph",c,"The default rural road speed limit in Alabama is 55 mph. On interstate highways, the limit is higher — typically 70 mph for passenger vehicles. Always check posted signs, especially in areas transitioning from rural to suburban.",medium
2,Traffic Laws & Rules of the Road,"Under Alabama's GDL program, at what age can a teenager apply for a learner's permit?","a:14,b:15,c:16,d:15 and a half",b,"In Alabama, teens can apply for a learner's permit at age 15. The GDL program requires a mandatory supervised driving period before being eligible for a restricted license at age 16.",medium
2,Traffic Laws & Rules of the Road,Alabama's GDL program requires permit holders to complete how many hours of supervised driving before upgrading to a restricted license?,"a:30 hours (including 10 at night),b:40 hours (including 10 at night),c:50 hours (including 10 at night)",c,"Alabama requires a minimum of 50 hours of supervised driving practice, of which at least 10 hours must be at night, before applying for a Stage II restricted license. Alternatively, the applicant may complete an approved driver education course.",medium
2,Traffic Laws & Rules of the Road,"Under Alabama's Graduated Driver License (GDL) law, a restricted license holder (age 16, or age 17 with a license for less than 6 months) may not operate a vehicle between which hours?","a:11:00 p.m. and 5:00 a.m.,b:12:00 midnight and 6:00 a.m.,c:10:00 p.m. and 6:00 a.m.",b,"In Alabama, Graduated Driver License (GDL) stage II (restricted license) holders who are 16 years old, or 17 years old with a license held for less than 6 months, are prohibited from operating a vehicle between 12:00 midnight and 6:00 a.m., unless accompanied by a parent/guardian, a licensed driver age 21 or older with parental consent, or driving for work, school events, religious events, or medical emergencies.",medium
2,Traffic Laws & Rules of the Road,"Under Alabama's GDL program, what passenger restriction applies to a restricted license holder (age 16, or age 17 with a license for less than 6 months)?","a:No passengers under the age of 21 are allowed.,b:May not have more than 1 non-family passenger unless accompanied by a parent, guardian, or supervising driver age 21 or older.,c:May have up to three non-family passengers.",b,"Alabama's GDL law restricts stage II (restricted license) holders to carrying no more than 1 non-family passenger, unless accompanied by a parent, legal guardian, or a supervising licensed driver who is at least 21 years of age.",medium
2,Traffic Laws & Rules of the Road,The legal BAC limit for a driver age 21 or older in Alabama is:,"a:0.04%,b:0.06%,c:0.08%,d:0.10%",c,"Alabama, like all U.S. states, sets the per se DUI limit at 0.08% BAC for drivers 21 and older. A BAC at or above this level is sufficient to establish impairment under Alabama law, regardless of how the driver appears or behaves.",medium
2,Traffic Laws & Rules of the Road,"Under Alabama's zero tolerance law, what BAC level is illegal for a driver under 21?","a:Any measurable amount — 0.00%,b:0.02%,c:0.04%,d:0.08%",b,Alabama's zero tolerance law for drivers under 21 sets the illegal BAC threshold at 0.02%. A driver under 21 with a BAC of 0.02% or higher faces criminal DUI charges and license suspension. This is stricter than the 0.08% adult standard.,medium
2,Traffic Laws & Rules of the Road,"Under Alabama's implied consent law, refusing a chemical test after a DUI stop will result in:","a:No penalty — refusal is a protected right,b:A 90-day license suspension for a first offense,c:The same fine as a minor traffic violation,d:Immediate arrest on additional charges",b,Alabama's implied consent law means drivers have agreed to chemical testing by driving on state roads. A first-offense refusal results in a 90-day license suspension. Subsequent refusals carry longer suspensions. The refusal may also be presented as evidence in court.,medium
2,Traffic Laws & Rules of the Road,Alabama law requires all occupants of a vehicle to:,"a:Wear a seatbelt only if the vehicle is traveling over 25 mph,b:Wear a seatbelt — all occupants in all seating positions,c:Wear a seatbelt only if they are under 18 or in the front seat,d:Wear a seatbelt only on highways",b,"Alabama requires all vehicle occupants — front and back seat — to wear a seatbelt. Alabama has primary enforcement for front-seat occupants, meaning an officer can stop a vehicle solely for a front-seat seatbelt violation.",medium
2,Traffic Laws & Rules of the Road,"In Alabama, a driver operating a vehicle while using a handheld cell phone is:","a:Only prohibited for commercial drivers,b:Prohibited for drivers of all ages and license types,c:Only prohibited for drivers under 18,d:Prohibited only in school zones and construction zones",b,Alabama prohibits all drivers from using a handheld mobile phone while driving. This applies to drivers of all ages — not just teens. Hands-free devices are permitted for adult drivers. Drivers under 18 face even stricter restrictions and may not use any mobile device while driving.,medium
2,Traffic Laws & Rules of the Road,What speed limit applies in Alabama school zones?,"a:15 mph,b:20 mph,c:25 mph,d:30 mph",c,Alabama school zones have a 25 mph speed limit when children are present or warning lights are flashing. Reduce speed well before the zone and watch for children crossing the road or waiting at crosswalks.,medium
2,Traffic Laws & Rules of the Road,"When approaching a stationary emergency vehicle with flashing lights on an Alabama highway, what does the Move Over law require?","a:Stop completely until the vehicle moves,b:Only slow down if the shoulder is narrow,c:Move one lane away from the vehicle if safe, or slow to a safe speed if not possible,d:Move over only for police or fire vehicles — not tow trucks",c,"Alabama's Move Over law requires drivers to move one lane away from any stopped emergency, law enforcement, towing, or utility vehicle displaying flashing lights. If a lane change is not safe, reduce to a safe and appropriate speed. Violating this law is a moving violation.",medium
2,Traffic Laws & Rules of the Road,"On a two-lane road, when a school bus activates its red flashing lights and stop arm, what must ALL approaching drivers do?","a:Stop only if traveling in the same direction as the bus,b:Slow to 15 mph and proceed cautiously,c:Stop at least 20 feet from the bus — in both directions — until lights stop flashing,d:Yield to children but may pass slowly if no children are visible",c,"On an undivided two-lane road in Alabama, vehicles traveling in BOTH directions must stop at least 20 feet from a school bus with flashing red lights. Wait until the arm retracts and lights stop flashing before proceeding. On a divided highway, only traffic following the bus must stop.",medium
2,Traffic Laws & Rules of the Road,What is the recommended following distance under normal driving conditions in Alabama?,"a:1 second,b:2 seconds,c:3 seconds,d:4 seconds",b,"Alabama recommends using the 'two-second rule' as the minimum safe following distance under normal, ideal road and weather conditions.",medium
2,Traffic Laws & Rules of the Road,You arrive at a 4-way stop at the same time as a driver on your left. Who has the right of way?,"a:The driver on your left, because they were there first,b:You have the right of way — the driver to your left must yield to you,c:Whoever signals first proceeds first,d:The driver going straight always has priority",b,"At a 4-way stop when two vehicles arrive simultaneously, the driver to the RIGHT has the right of way. Since the other driver is to your LEFT, you are to their right — meaning you have the right of way and should proceed first.",medium
2,Traffic Laws & Rules of the Road,Right turns on red lights in Alabama are:,"a:Prohibited statewide,b:Permitted after a complete stop, unless a sign prohibits it,c:Permitted without stopping if no traffic is visible,d:Permitted only between 6 AM and 8 PM",b,"Right turns on red are permitted in Alabama after a complete stop and yielding to all pedestrians and cross traffic. If a 'No Turn on Red' sign is posted, the turn is prohibited. Always come to a full stop and look carefully before proceeding.",medium
2,Traffic Laws & Rules of the Road,A flashing yellow traffic light at an Alabama intersection means:,"a:Stop completely before proceeding,b:The signal is broken — treat as a 4-way stop,c:Slow down and proceed with caution,d:Yield to all cross traffic before entering",c,"A flashing yellow signal means slow down and proceed with caution. Unlike a flashing red, a full stop is not required. Scan for crossing traffic and pedestrians before entering the intersection. Flashing signals are commonly used at intersections with lower traffic volume.",medium
2,Traffic Laws & Rules of the Road,"On a two-lane road in Alabama, a solid yellow line on YOUR side of the center means:","a:You may pass if you signal for 200 feet first,b:Passing is prohibited — you cannot cross the center line,c:You are in a designated passing zone,d:The road is about to merge — stay right",b,"A solid yellow line on your side of the road prohibits crossing the center line to pass. This marking identifies areas with limited sight distance — such as hills, curves, and intersections. A dashed yellow line on your side indicates that passing is permitted when safe.",medium
2,Traffic Laws & Rules of the Road,What is the maximum speed limit on most Alabama interstate highways for passenger vehicles?,"a:65 mph,b:70 mph,c:75 mph,d:80 mph",b,"Most Alabama interstates have a maximum speed limit of 70 mph for passenger vehicles. Some urban interstate sections through Birmingham or Huntsville may have posted limits of 60–65 mph. Always follow the posted sign, which may be lower in congested areas.",medium
2,Traffic Laws & Rules of the Road,You are approaching a pedestrian crosswalk and a pedestrian is waiting on the curb to cross. What are you required to do?,"a:Slow down only if they are already in the street,b:Stop and yield to the pedestrian before they step into the road,c:Honk to warn the pedestrian and continue at normal speed,d:Proceed if the pedestrian is not yet in your lane",b,Alabama law requires drivers to stop and yield to pedestrians at crosswalks — even before they step into the road. Pedestrian right-of-way is a frequently tested concept. Yielding to pedestrians is both a legal requirement and a critical safety practice.,medium
2,Traffic Laws & Rules of the Road,"When an emergency vehicle with lights and siren approaches from behind, Alabama law requires you to:","a:Accelerate to stay ahead of it,b:Stop immediately in your current lane,c:Pull to the right edge of the road and stop until the vehicle has passed,d:Move to the center lane if on a multi-lane road",c,"Alabama law requires you to immediately pull to the right side of the road and stop when an emergency vehicle approaches with active lights and siren, regardless of its direction of travel. Wait until the vehicle has fully passed before reentering the lane.",medium
2,Traffic Laws & Rules of the Road,What does an orange diamond-shaped sign on Alabama roads indicate?,"a:A permanent speed reduction ahead,b:A work or construction zone requiring extra caution,c:A recreational area exit ahead,d:A school crossing zone",b,"Orange diamond-shaped signs indicate work zones and construction areas. Speed limits in Alabama work zones are strictly enforced — fines are doubled in active work zones when workers are present. Slow down, stay alert, and watch for lane shifts and workers on or near the road.",medium
2,Traffic Laws & Rules of the Road,What is the recommended following distance when driving in poor weather or road conditions in Alabama?,"a:2 seconds,b:3 seconds,c:4 or 5 seconds,d:10 seconds",c,"In poor weather or bad road conditions, the Alabama Driver Manual recommends increasing your following distance to a four or five second count.",medium
2,Traffic Laws & Rules of the Road,You want to change lanes on an Alabama highway. What steps are required before moving over?,"a:Signal only — mirrors are optional at highway speeds,b:Check mirrors, signal, and physically look over your shoulder to check the blind spot,c:Just check the side mirror on the side you are moving toward,d:Signal for 100 feet, then move — no mirror check needed",b,"Safe lane changes require three steps: (1) check both mirrors for nearby traffic, (2) signal your intent for at least 100 feet before moving, and (3) physically turn your head to check the blind spot — the area mirrors cannot show. Many crashes happen when drivers rely on mirrors alone.",medium
5,Driving in Special Conditions,"If you must make an emergency stop on an interstate, what should you do?","a:Get out of your vehicle and flag down the first vehicle that passes.,b:Pull off the road, turn on your emergency flashers, and stay in your vehicle, if you can.,c:Sound your horn at passing cars to get their attention.",b,"If you must stop on an interstate, pull completely off the travel lanes onto the shoulder if possible, turn on your emergency flashers so others can see you, and stay inside your vehicle with your seat belt fastened unless there is an immediate danger such as fire or traffic striking your vehicle.",
2,Traffic Laws & Rules of the Road,"When preparing to pass on a two-lane road, what should be your primary check?","a:Judge the distance and speed of oncoming vehicles.,b:Flash your headlights as you pass.,c:Sound your horn as you pass.,d:Assume oncoming traffic will slow down.",a,"Before passing on a two-lane road, your main concern is whether there is enough clear space ahead in the oncoming lane. Carefully judge the distance and speed of oncoming vehicles and only begin passing if you are sure you can complete the maneuver and return to your lane without forcing any other driver to slow or swerve.",
3,"Signs, Signals & Road Markings",On which road marking may you legally pass another vehicle?,"a:You are on a road with a solid line next to your lane.,b:You are on a hill or curve.,c:You are on a road with a broken line next to your lane.",c,"A broken center line next to your lane means you may pass when it is safe. A solid line next to your lane means you must not pass, and you should never pass on hills, curves, or anywhere your view of oncoming traffic is limited.",
2,Traffic Laws & Rules of the Road,"After passing another vehicle, you should move back into your original lane when:","a:You have cleared the front bumper of the passed vehicle.,b:You can see the passed vehicle’s headlights in your rearview mirror.,c:You are 50 feet ahead of the passed vehicle.,d:The passing vehicle signals you to move over.",b,"After passing, do not move back into your original lane until you can see the front of the vehicle you passed (its headlights in the daytime or at night) in your rearview mirror. This ensures you have enough space ahead and do not cut off the other driver.",difficult
3,"Signs, Signals & Road Markings",What do blue traffic signs generally indicate?,"a:Regulatory requirements like speed limits.,b:Mileage distances to locations.,c:Construction and maintenance warnings.,d:Information on motorist services (rest areas, hospitals, food).",d,"Blue traffic signs are service signs. They give information about motorist services such as rest areas, gas stations, food, lodging, and hospitals along the roadway.",
5,Driving in Special Conditions,"When entering a freeway, how should you check traffic to merge safely?","a:Using your side mirror and looking over your shoulder.,b:Using only your rearview mirror.,c:Using your rearview and side mirrors without looking over your shoulder.",a,"Before merging onto a freeway, use your mirrors and then look over your shoulder to check your blind spot. This helps you see vehicles that are not visible in your mirrors so you can choose a safe gap and merge smoothly.",
4,Safe & Defensive Driving Practices,"If a child is about to run into the street, what should you do?","a:Sound a sharp blast of your horn while being prepared to stop.,b:Flash your headlights.,c:Continue at the same speed.",a,"If a child appears ready to run into the street, immediately cover the brake and be prepared to stop while giving a sharp blast of your horn to warn the child and others nearby. Use the horn to alert, but your primary responsibility is to slow or stop to avoid a collision.",
8,Special Situations & Road Users,What must you do when approaching a pedestrian who uses a guide dog or white cane?,"a:Honk so they know to clear the way.,b:Swerve quickly around them.,c:Yield the right-of-way.",c,Stop and give the blind pedestrian the right-of-way; do not honk or attempt to steer around them abruptly.,
6,"Alcohol, Drugs & Impaired Driving",Alcohol is classified as which type of substance?,"a:A depressant.,b:A stimulant.,c:An antihistamine.",a,"Alcohol is a central nervous system depressant. It slows brain activity and impairs judgment, coordination, and reaction time, making it dangerous to drive after drinking.",
6,"Alcohol, Drugs & Impaired Driving",Any amount of alcohol in your blood may affect which abilities?,"a:Right-of-way privileges.,b:Judgment and physical coordination.,c:Knowledge.",b,"Any amount of alcohol can affect your judgment and physical coordination, even if you do not feel drunk. Because driving requires quick decisions and precise control, even small amounts of alcohol can make driving unsafe.",
4,Safe & Defensive Driving Practices,When is using your horn appropriate?,"a:When it may help prevent a collision.,b:When another driver makes a mistake.,c:When another vehicle is in your way and you want them to move.",a,"Use your horn only to alert others to a potential collision or to warn of immediate danger. Do not use it to show anger, impatience, or to punish other drivers for mistakes.",
2,Traffic Laws & Rules of the Road,Where is it safe to pass another vehicle?,"a:Where signs and pavement markings indicate passing is permitted and it is safe.,b:Within an intersection if no oncoming vehicles are present.,c:On a curve if you can see ahead a short distance.,d:Anywhere if you signal before passing.",a,"Passing is only safe and legal where signs and pavement markings allow it and you have enough clear space to pass without speeding or cutting back in too closely. Never pass in intersections, on curves, or where your view is blocked by hills or other obstacles.",difficult
8,Special Situations & Road Users,"At a crosswalk, who has the right-of-way?","a:Construction workers must yield to you.,b:You must yield to pedestrians.,c:Pedestrians must yield to you.",b,"Drivers must yield to pedestrians in crosswalks, whether marked or unmarked, when pedestrians are in or approaching your lane. Always be prepared to stop for people crossing the street.",
3,"Signs, Signals & Road Markings",What does a green arrow signal require you to do?,"a:Proceed immediately without yielding.,b:Ignore any pedestrians in the intersection.,c:Wait four seconds before proceeding.,d:Yield to vehicles, bicyclists, and pedestrians in the intersection, then complete the turn.",d,"A green arrow gives you a protected movement in the direction of the arrow, but you must still yield to any vehicles, bicyclists, or pedestrians already in the intersection before you complete your turn.",
5,Driving in Special Conditions,Why is winter driving more hazardous than other seasons?,"a:There are increased hours of darkness.,b:Road conditions can be affected by freezing temperatures, ice, snow, and fog.,c:Both of the above.",c,"Winter driving is more dangerous because there are more hours of darkness and road surfaces can become slippery or obscured by ice, snow, and fog. These conditions reduce traction and visibility, requiring slower speeds and greater following distances.",
2,Traffic Laws & Rules of the Road,What general attitude should a driver have about right-of-way rules?,"a:Assume most drivers obey the right-of-way rules.,b:Always be prepared to yield the right-of-way.,c:Assume all drivers automatically obey the right-of-way rules.",b,"Right-of-way laws say who should go first, but they do not guarantee that others will follow them. Safe drivers always stay ready to yield, even when they legally have the right-of-way, if yielding will prevent a collision.",
8,Special Situations & Road Users,"When you see a school crossing sign, what should you do?","a:Always sound your horn when you see children.,b:Watch for children and be ready to stop.,c:Always stop, whether there is a stop sign or not.",b,"A school crossing sign warns that children may be crossing the road. You should slow down, scan carefully for children, and be prepared to stop if they are in or near the crosswalk. You do not automatically stop unless required by a stop sign, signal, or pedestrians in the crosswalk.",
5,Driving in Special Conditions,"If a tire blows out suddenly while you're driving, what steps should you take?","a:Hold the steering wheel firmly, ease off the accelerator, and exit the traffic lane slowly.,b:Pump the brakes rapidly to stop quickly.,c:Brake hard and steer immediately to the right edge.,d:Turn on your hazards and speed up to reach the shoulder faster.",a,"When a tire blows out, the car may pull to one side. Hold the steering wheel firmly, ease off the accelerator, and let the vehicle slow down. Once it is under control and speed has dropped, steer gradually off the road and brake gently if needed. Sudden hard braking or sharp steering can cause loss of control.",
6,"Alcohol, Drugs & Impaired Driving",How many alcoholic drinks does it take to affect your driving ability?,"a:One,b:Two,c:Three",a,"Alcohol begins to affect judgment and reaction time with the first drink. Even one drink can impair your ability to drive safely, so the safest choice is not to drive after drinking any amount of alcohol.",
6,"Alcohol, Drugs & Impaired Driving",What is the only thing that can reduce blood alcohol concentration (BAC)?,"a:Time,b:Eating foods high in fat,c:Drinking caffeine",a,"Once alcohol is in your system, only time allows your body to metabolize it and lower your BAC. Food, coffee, cold showers, or exercise may make you feel more awake but do not speed up the elimination of alcohol.",
8,Special Situations & Road Users,"When ridden on public roadways, bicycles are legally classified as:","a:Pedestrians.,b:Vehicles.,c:Hazards.,d:Motor vehicles.",b,"Bicycles ridden on public roads are treated as vehicles. Cyclists must obey traffic signals, signs, lane markings, and right‑of‑way rules just like drivers of cars, including stopping at red lights and stop signs and riding in the same direction as traffic.",
7,Vehicle Ownership & Responsibilities,"If your vehicle has a two-part seat belt, how should you wear it?","a:Use only the shoulder belt.,b:Use both the lap and shoulder belts.,c:Use only the lap belt.",b,"If your vehicle has both a lap belt and a shoulder belt, you must wear both. The lap belt should be low and snug across the hips, and the shoulder belt should cross the chest and shoulder, not the neck or under the arm. Using only one part greatly reduces protection in a crash.",
2,Traffic Laws & Rules of the Road,Where is a U-turn prohibited?,"a:On a straight roadway with a clear view for 500 feet in both directions.,b:On or near any curve or hill.,c:In a parking lot.",b,You must not make a U‑turn on or near a curve or hill where you cannot see far enough ahead to be sure it is safe. Limited visibility makes it hard to judge oncoming traffic and can lead to serious head‑on collisions.,
4,Safe & Defensive Driving Practices,Driving noticeably slower than surrounding traffic is:,"a:Often a hazard because other drivers may become frustrated and try to pass you.,b:Appropriate if you don’t know the speed limit.,c:A good idea if the weather is bad, but you must not drive so slowly that you unnecessarily block or endanger other traffic.",a,"Driving much slower than the normal flow of traffic can be dangerous because other drivers may not expect it and may make sudden or risky lane changes or passing maneuvers. You should generally travel at the speed of traffic (within the speed limit) and adjust your speed reasonably for conditions, such as bad weather, without becoming an unnecessary obstruction.",difficult
4,Safe & Defensive Driving Practices,What qualifies as a driving distraction?,"a:Anything that causes evasive action while driving.,b:Anything that takes your attention away from driving.,c:Anything that causes you to pay more attention to driving.",b,"A driving distraction is anything that takes your attention away from the driving task—your eyes from the road, your mind from driving, or your hands from the wheel. Examples include texting, eating, adjusting controls, or focusing on passengers instead of traffic.",
5,Driving in Special Conditions,"When following another vehicle at night, what headlight setting should you use?","a:Keep your headlights on the low beam setting.,b:Use your high beam headlights.,c:Use your high beam headlights until you are within 10 feet of the vehicle ahead.",a,"Use low beam headlights when following another vehicle at night so you do not shine bright light into the driver’s mirrors and eyes. High beams can blind or distract the driver ahead, increasing the risk of a crash.",
3,"Signs, Signals & Road Markings",What does a double solid yellow centerline indicate?,"a:Both lanes may pass.,b:The lane to the right may pass.,c:Neither lane may pass.",c,A double solid yellow centerline separates traffic moving in opposite directions and means passing is not allowed from either direction. You may cross these lines only to turn left into or out of a driveway or side road when it is safe.,
2,Traffic Laws & Rules of the Road,"When you want to change lanes, which action should you never do?","a:Move into another lane while within an intersection.,b:Check your blind spot by looking over your shoulder.,c:Check for other drivers moving into the same lane.",a,"You should not change lanes while you are in an intersection because traffic movements are more complex and other drivers may not expect a lane change there. Instead, change lanes before or after the intersection, and always check mirrors, blind spots, and signal first.",
5,Driving in Special Conditions,"If your wheels drop off the pavement edge, what should you do to re-enter safely?","a:Wait until it is safe to do so, then gradually re-enter the roadway.,b:Turn back onto the roadway immediately.,c:Stop.",a,"If your wheels drop off the pavement, stay calm, ease off the accelerator, and keep a firm grip on the wheel. When traffic allows, gently steer back onto the pavement at a shallow angle. Do not jerk the wheel or brake hard, as that can cause you to lose control.",
5,Driving in Special Conditions,Which headlights should you use to improve visibility in rain or fog?,"a:High beam headlights.,b:Low beam headlights.,c:Parking lights.",b,"In rain, fog, snow, or sleet, use low beam headlights. High beams reflect off moisture in the air and can create glare, making it harder to see. Low beams help you see the road and help other drivers see you without excessive glare.",
6,"Alcohol, Drugs & Impaired Driving",Which driving skills are impaired by alcohol or drug use?,"a:Alertness.,b:Coordination.,c:Both of the above.",c,"Alcohol and many drugs slow your reaction time and make it harder to stay alert and coordinate steering, braking, and acceleration. Because both alertness and coordination are affected, your overall ability to drive safely is reduced.",
7,Vehicle Ownership & Responsibilities,What is the law regarding posters and signs on car windows?,"a:Are a fun way to personalize your vehicle.,b:Are prohibited by state law if they obstruct a driver's view of the road.,c:Are allowed only if they do not contain offensive language.",b,State law prohibits placing signs or materials on vehicle windows that obstruct the driver's clear view of the roadway.,
3,"Signs, Signals & Road Markings",A flashing yellow light at an intersection tells you to:,"a:Slow down and proceed with caution.,b:Come to a complete stop as quickly as possible.,c:Stop and proceed only when the intersection is clear.",a,"A flashing yellow light warns you to slow down and proceed through the intersection with caution. You do not have to stop unless needed for other traffic, pedestrians, or to avoid a hazard.",
4,Safe & Defensive Driving Practices,How do you drive defensively?,"a:Put one car length between you and the car ahead.,b:Look only at the car in front of you while driving.,c:Keep your eyes moving to look for possible hazards.",c,"Defensive driving means constantly scanning the road ahead, behind, and to the sides so you can spot potential hazards early. By keeping your eyes moving and checking mirrors, you have more time to react and avoid collisions.",
4,Safe & Defensive Driving Practices,"Before switching on the ignition, what safety checks should you perform?","a:Be sure all passengers have buckled their safety belts.,b:Buckle your safety belt.,c:Both of the above.",c,"Before starting the vehicle, you should always buckle your own seat belt and make sure all passengers are properly buckled. This simple habit greatly reduces the risk of injury in a crash.",
2,Traffic Laws & Rules of the Road,"A pedestrian starts crossing after the \Don't Walk\"" signal begins flashing and is in the middle of the street when your light turns green. What should you do?""","a:Proceed if the pedestrian is not in your lane.,b:Wait until the pedestrian finishes crossing before proceeding.,c:Proceed since you have the green and the pedestrian is mid-street.,d:Honk to make the pedestrian hurry.",b,"If a pedestrian is in the intersection when your light turns green, allow them to finish crossing before you proceed.",difficult
8,Special Situations & Road Users,You should avoid using your horn when driving near:,"a:Drivers whose visibility ahead is limited.,b:Blind pedestrians.,c:Vehicles about to collide with you.,d:Pedestrians in crosswalks at night.",b,"You should not use your horn around blind pedestrians because they rely heavily on sound cues to understand traffic movement. A sudden horn blast can be confusing or frightening. Instead, slow down, yield, and pass only when it is clearly safe.",difficult
6,"Alcohol, Drugs & Impaired Driving",Reaction time is slower after which of the following?,"a:Drinking alcohol.,b:Sleeping.,c:Working hard.",a,"Alcohol slows your brain’s processing and your body’s reflexes, so it takes longer to notice hazards and react. Even small amounts of alcohol can increase reaction time and reduce your ability to drive safely.",
6,"Alcohol, Drugs & Impaired Driving",Which factor listed affects how alcohol is absorbed into the body?,"a:Height,b:Weight,c:Intelligence",b,"Body weight is one of the main factors that affects how alcohol is absorbed and how strongly it affects you. In general, a smaller person will reach a higher blood alcohol concentration than a larger person after drinking the same amount.",
5,Driving in Special Conditions,Which road surface is most likely to freeze first?,"a:A tunnel,b:An intersection,c:A bridge",c,"Bridges and overpasses freeze first because cold air can circulate above and below the surface, causing them to cool more quickly than regular roadways that sit on the ground.",
3,"Signs, Signals & Road Markings","If you are already within an intersection when a green light changes to yellow, what should you do?","a:Continue moving and clear the intersection safely.,b:Stop.,c:Increase your speed so as not to cause an accident.",a,"If the light turns yellow after you have already entered the intersection, you should continue through and clear the intersection safely. Stopping suddenly in the intersection can cause rear‑end collisions and block cross traffic.",
5,Driving in Special Conditions,"If a tire suddenly goes flat while driving, what should you do?","a:Turn sharply toward the nearest shoulder.,b:Grip the wheel firmly, slow down gradually without heavy braking, and pull off when safe.,c:Rapidly pump the brake pedal several times.,d:Press the brake pedal as hard as possible immediately.",b,"When a tire blows out or goes flat, hold the steering wheel firmly, keep the vehicle going straight, ease off the accelerator, and let the vehicle slow down gradually. Avoid hard braking, then steer to the shoulder and stop in a safe place.",
3,"Signs, Signals & Road Markings","Approaching an intersection controlled by a flashing red traffic signal, what must you do?","a:Come to a complete stop, yield to oncoming traffic or pedestrians, then proceed.,b:Reduce your speed and proceed with caution.,c:Come to a complete stop and remain stopped as long as the light is red.",a,"A flashing red light is treated like a stop sign. You must come to a complete stop, look for and yield to any traffic or pedestrians, and then proceed only when it is safe.",
5,Driving in Special Conditions,When is highway pavement especially slippery?,"a:If it has just begun to rain.,b:If it has been raining several hours.,c:If it has been raining for one to two hours.",a,Roads are often most slippery just after it starts to rain because oil and other residues on the road surface mix with the water and create a slick film before being washed away.,
5,Driving in Special Conditions,"When driving on gravel or dirt roads, how does traction compare to pavement and what should you do?","a:Traction is the same as pavement under all conditions.,b:Visibility is always better than on pavement, so speed is fine.,c:Your tires grip better than on pavement, so maintain speed.,d:You have less traction than on pavement, so slow down.",d,"On gravel or dirt roads, your tires have less traction than on paved roads, so it is easier to skid and it takes longer to stop. You should slow down and allow extra space for stopping and turning.",
3,"Signs, Signals & Road Markings",What is the purpose of broken yellow lines on the roadway?,"a:Separate lanes of traffic moving in opposite directions.,b:Indicate no passing zones.,c:Separate lanes of traffic moving in the same direction.",a,"Broken (dashed) yellow center lines separate traffic moving in opposite directions and indicate that passing is allowed when it can be done safely and legally. Solid yellow lines, or solid with broken, are used to mark no-passing or restricted-passing zones.",
4,Safe & Defensive Driving Practices,"If another vehicle is passing you, you should:","a:Brake hard to make the pass quicker.,b:Maintain a constant speed and allow the vehicle to pass safely.,c:Speed up to prevent the pass.,d:Move into the passing lane immediately.",b,"When another vehicle is passing you, stay in your lane and maintain a steady, safe speed so the other driver can complete the pass quickly and safely. Do not speed up or brake suddenly, as that can create a dangerous situation.",
2,Traffic Laws & Rules of the Road,When is it best to change from one lane to another?,"a:Quickly and often.,b:When a car is in your blind spot.,c:Gradually and carefully.",c,"Lane changes should be made only when necessary and only when it is safe. Check mirrors and blind spots, signal in advance, and move gradually and smoothly into the new lane without cutting off other drivers.",
2,Traffic Laws & Rules of the Road,"When preparing to turn left from a two-way street, you should position your vehicle:","a:On the left of the centerline.,b:Near the centerline.,c:Near the right-hand side of the road.",b,"For a left turn from a two-way street, you should be in the lane closest to the centerline, as near to the center as is safe and legal. Begin your turn from that position and enter the first legal lane available on the street you are turning onto.",
3,"Signs, Signals & Road Markings","As you enter a roundabout, who should you yield to?","a:Pedestrians and bicyclists crossing, and traffic already in the roundabout.,b:Only to vehicles inside the roundabout.,c:Only to pedestrians but not to vehicles.,d:No one — you have the right-of-way upon entry.",a,"When approaching a roundabout, you must yield to pedestrians and bicyclists in crosswalks and to all traffic already circulating in the roundabout. Enter only when there is a safe gap, and then proceed counterclockwise.",difficult
4,Safe & Defensive Driving Practices,What are blind spots?,"a:Areas of the road that cannot be seen in a vehicle's mirrors.,b:Traffic control devices.,c:Spots in your vision when you become fatigued.",a,"Blind spots are the areas around your vehicle that you cannot see using your mirrors alone. To check them, quickly glance over your shoulder before changing lanes or merging so you can see vehicles, motorcycles, or bicycles that may be hidden from your mirrors.",
4,Safe & Defensive Driving Practices,Which of these helps reduce road rage?,"a:Use your horn frequently.,b:Talk on your cell phone while driving.,c:Always signal your intention when changing lanes.",c,"To help prevent road rage, drive predictably and courteously. Always signal before changing lanes or turning so other drivers know what you intend to do, and avoid aggressive behaviors like frequent horn use or distracted driving.",
3,"Signs, Signals & Road Markings","At a red light that also displays a green arrow, when may you proceed in the arrow's direction?","a:If you are in the proper lane and the roadway is clear.,b:You first come to a complete stop.,c:You wait until the light changes.",a,"A green arrow means you have a protected movement in the direction of the arrow. If you are in the correct lane and the roadway is clear of pedestrians and other traffic, you may proceed in the direction of the arrow even if the circular red light is on for other movements.",
8,Special Situations & Road Users,"After a train passes and you have stopped at the railroad crossing, what should you do before proceeding?","a:Look for a second train.,b:Wait for signal lights to stop flashing.,c:Both of the above.",c,"After a train passes, always check carefully before crossing. Look and listen for a second train that may be coming from either direction, and do not proceed until the warning lights and gates (if present) have fully stopped and lifted so you know the crossing is clear.",
2,Traffic Laws & Rules of the Road,"Unless otherwise posted, what is the speed limit in an urban district?","a:20 mph.,b:45 mph.,c:30 mph.",c,"In many U.S. states, the statutory speed limit in an urban or residential district is 30 mph when no other limit is posted. Always check for and obey posted speed limit signs, which override the general statutory limit.",difficult
4,Safe & Defensive Driving Practices,How can you prevent becoming an aggressive driver?,"a:Drive above posted speed limits to avoid delays.,b:Tailgate the car ahead to motivate them.,c:Honk frequently to assert your right-of-way.,d:Relax, focus on driving, and plan realistic travel time.",d,"Staying calm, allowing extra travel time, and focusing on safe driving helps prevent aggressive behavior. When you avoid rushing, tailgating, speeding, and taking other drivers’ mistakes personally, you are less likely to react with anger or risky maneuvers.",difficult
3,"Signs, Signals & Road Markings",What does a yellow left-turn arrow in a traffic signal mean?,"a:Drivers should prepare to yield to oncoming traffic.,b:The protected left turn is about to end.,c:Both of the above.",c,"A yellow left-turn arrow means the protected left-turn phase is ending. You should prepare to stop if it is safe and be ready to yield to oncoming traffic and pedestrians once the signal changes, because you will no longer have a fully protected turn.",
5,Driving in Special Conditions,How can you help avoid skids on slippery surfaces?,"a:Slow down before entering curves and intersections.,b:Shift to a lower gear after starting down a steep hill.,c:Speed up to enter curves and slow down to exit them.",a,"To avoid skids on slippery roads, slow down before curves and intersections so you do not need to brake hard while turning. Sudden braking or steering on a curve can cause your tires to lose traction; smooth, gradual speed changes help maintain control.",
3,"Signs, Signals & Road Markings",What does a dashed white line between lanes on a two-lane roadway indicate?,"a:Lanes are moving in opposite directions and passing is prohibited.,b:Lanes are moving in the same direction and passing is permitted.,c:Lanes are moving in opposite directions and passing is permitted.,d:Lanes are moving in the same direction but passing is prohibited.",b,A dashed white line between lanes means traffic in those lanes is moving in the same direction and you may change lanes or pass when it is safe. White lines separate same-direction traffic; dashed lines indicate that crossing the line is permitted with caution.,
4,Safe & Defensive Driving Practices,Collisions are more likely to happen under which condition?,"a:All vehicles are traveling at about the same speed.,b:One lane of traffic is traveling faster than the other lanes.,c:One vehicle is traveling faster or slower than the flow of traffic.",c,"Collisions are more likely when one vehicle is moving much faster or much slower than surrounding traffic. Large speed differences increase lane changes, tailgating, and sudden braking, which raises the risk of crashes even if the faster vehicle is below the posted speed limit.",
6,"Alcohol, Drugs & Impaired Driving",Which driving skills are impaired by alcohol or drugs?,"a:Alertness and concentration.,b:Reaction time and coordination.,c:All of the above.",c,"Alcohol and many drugs affect the central nervous system, which reduces alertness, concentration, reaction time, and coordination. Because all of these skills are impaired, the correct choice is that all listed abilities are affected.",
8,Special Situations & Road Users,"What are ""No zones"" around large trucks?","a:Have sufficient space to travel behind the truck.,b:Have several car lengths between their vehicle and the truck.,c:Areas where cars disappear into blind spots or are so close they restrict the truck driver's ability to stop and maneuver safely.",c,No‑zones are the large blind spots and danger areas around trucks where a car may not be visible or may be so close that the truck cannot stop or maneuver safely. Staying out of these areas gives the truck driver space to see you and react.,
2,Traffic Laws & Rules of the Road,"When traffic is merging into your lane on the freeway, what should you do if possible?","a:Make room for the merging traffic, if possible.,b:Always maintain your position.,c:Assert your right-of-way by driving faster.",a,"On freeways, you should help merging traffic when it is safe by adjusting your speed or changing lanes to create space. This keeps traffic flowing smoothly and reduces the chance of collisions, even though through traffic generally has the right‑of‑way.",
4,Safe & Defensive Driving Practices,Distracted driving is defined as what?,"a:Anything that causes evasive action while driving.,b:Anything that takes your attention away from driving.,c:Anything that causes you to pay more attention to driving.",b,"Distracted driving is anything that takes your attention away from driving, including taking your eyes off the road, your hands off the wheel, or your mind off the driving task. Common examples are texting, eating, or adjusting controls while driving.",
2,Traffic Laws & Rules of the Road,"When merging onto an interstate highway, what is the correct procedure?","a:Always stop before entering the highway.,b:Select a safe gap and merge into the lane of traffic.,c:Merge across two lanes at once.",b,"When entering an interstate, use the entrance ramp and acceleration lane to match the speed of traffic, then select a safe gap and merge smoothly. Do not stop on the ramp unless traffic or conditions leave no safe gap to merge into.",
4,Safe & Defensive Driving Practices,When should you adjust your rearview and side mirrors?,"a:Before you start driving.,b:Whenever you need to use them.,c:Before you get into the car.",a,"Adjust your seat, steering wheel, and mirrors after you are seated and before you start driving. This ensures you have a clear view to the rear and sides and can reach all controls comfortably before the vehicle is in motion.",
5,Driving in Special Conditions,"When driving in fog, what should you do?","a:Turn on your high beam headlights.,b:Slow down and use your low beam headlights.,c:Increase your speed so you do not cause an accident.",b,"In fog, slow down and use low beam headlights. Low beams reduce glare and help you see the road better, while high beams reflect off the fog and make it harder to see. If visibility becomes very poor, pull off the road to a safe place and wait for conditions to improve.",
2,Traffic Laws & Rules of the Road,Under what conditions should the posted maximum speed limit be driven?,"a:Only under ideal conditions.,b:During the day.,c:During the night.",a,"The posted maximum speed is the fastest you may legally drive only when conditions are ideal—good weather, clear visibility, light traffic, and a dry road. You must slow down when conditions are less than ideal, even if that means driving below the posted limit.",
5,Driving in Special Conditions,Where is a road most likely to be icy after precipitation on a cold day?,"a:On bridges only.,b:In shaded areas.,c:On a hilly open road.,d:In a residential road with many houses.",b,"Shaded areas of the road, such as those under trees or in cuts and underpasses, freeze first and thaw last. Because they stay colder, they are more likely to remain icy after precipitation on a cold day, even when other parts of the road look clear.",
5,Driving in Special Conditions,Which headlights should be used to improve visibility in rain or fog?,"a:Parking lights.,b:High beam headlights.,c:Low beam headlights.",c,"Use low beam headlights in rain, fog, or snow. Low beams reduce glare and help you see the road and other vehicles more clearly, while high beams can reflect off moisture in the air and make it harder to see.",
3,"Signs, Signals & Road Markings",What should you do when approaching an intersection with a flashing yellow light?,"a:Come to a complete stop at the intersection.,b:Maintain your normal speed.,c:Slow down and proceed with caution.",c,"A flashing yellow light means you do not have to stop, but you must slow down and be prepared to yield. Approach the intersection carefully, watch for cross traffic and pedestrians, and proceed only when it is safe.",
5,Driving in Special Conditions,"When driving in fog, what is the correct combination of speed and lights?","a:Slow down and use your high beam headlights.,b:Turn your lights on and off to warn other drivers.,c:Slow down and use your low beam headlights.",c,"In fog, reduce your speed and use low beam headlights. Low beams aim light down toward the road and reduce glare. High beams reflect off the fog and can make it harder to see, and flashing lights can confuse other drivers.",
5,Driving in Special Conditions,"When weather or lighting conditions require headlights, which should you use?","a:Use your low beam headlights.,b:Use your fog lights.,c:Use your parking lights.,d:Use your high beam headlights.",a,"When visibility is reduced by weather or darkness, turn on your low beam headlights so you can see and be seen. Low beams provide good forward and side visibility without creating excessive glare for you or other drivers.",
7,Vehicle Ownership & Responsibilities,In which situation should your wheels NOT be pointed straight ahead?,"a:When parked on the side of a level roadway where there is no curb.,b:When waiting to make a left turn at a traffic light.,c:When parked on a hill or sloping driveway.",b,"When waiting to turn left, keep your wheels pointed straight ahead until you actually start turning. If your wheels are turned and you are hit from behind, your vehicle can be pushed into oncoming traffic. When parked on a hill, you should turn your wheels so the car will roll away from traffic if the brakes fail.",
8,Special Situations & Road Users,A stopped school bus is ahead of you with its red lights flashing. How should you respond?,"a:Stop for as long as the red lights are flashing.,b:Stop and proceed when you think all of the children have exited the bus.,c:Slow to 25 mph and pass cautiously.",a,"When a school bus has its red lights flashing and stop arm extended, you must stop and remain stopped until the red lights stop flashing and the bus moves or the driver signals you to proceed. This protects children who may be crossing the road.",
2,Traffic Laws & Rules of the Road,"At a four-way stop, you arrive at the same time as the driver on your left. Who has the right-of-way?","a:The driver on your left has the right-of-way.,b:You have the right-of-way.,c:Whoever is signaling to make a turn has the right-of-way.",b,"At a four‑way stop, if two vehicles arrive at the same time, the driver on the right has the right‑of‑way. Since the other vehicle is on your left, you are on their right, so you proceed first after stopping and ensuring it is safe.",
4,Safe & Defensive Driving Practices,"If you become tired while driving, the best action is to:","a:Stop to rest or change drivers.,b:Open a window.,c:Drink coffee.",a,Stopping to rest or switching drivers is the safest way to handle drowsiness; short fixes like coffee are unreliable.,
3,"Signs, Signals & Road Markings",What does a dashed yellow line down the center of a two-lane road indicate?,"a:Lanes are moving in opposite directions and drivers are permitted to pass.,b:Lanes are moving in opposite directions and drivers are not permitted to pass.,c:Lanes are moving in the same direction and drivers are not permitted to pass.",a,"Yellow center lines separate traffic moving in opposite directions. When the yellow line is dashed, drivers are allowed to pass if there is no oncoming traffic and it is safe and legal to do so.",
8,Special Situations & Road Users,When must you stop before crossing railroad tracks?,"a:When you are transporting two or more young children in a passenger vehicle.,b:When there isn't room on the other side for you to completely cross the tracks.,c:The railroad crossing is located in a city or town that has frequent train traffic.",b,You must never enter a railroad crossing unless there is enough space on the far side for your vehicle to completely clear the tracks. Stopping on the tracks is extremely dangerous because a train cannot stop quickly to avoid a collision.,difficult
4,Safe & Defensive Driving Practices,Which statement about using your feet while driving is correct?,"a:Use your left foot to brake.,b:Use your right foot for both braking and accelerating your vehicle.,c:You should always brake abruptly to ensure stopping.",b,"In normal passenger vehicles with automatic or manual transmissions, you should use your right foot for both the accelerator and the brake. This helps prevent pressing both pedals by mistake and gives you smoother, more controlled braking and acceleration.",
4,Safe & Defensive Driving Practices,Which of the following commonly contributes to traffic crashes?,"a:Exceeding the posted speed limit and driving too fast for conditions.,b:Getting adequate rest and staying alert.,c:Scanning the environment and staying focused on the driving task.",a,"Driving faster than the posted speed limit or too fast for weather, traffic, or road conditions greatly increases your stopping distance and reduces your time to react. Speeding is one of the most common contributing factors in crashes. By contrast, getting enough rest and actively scanning the road help prevent collisions.",
3,"Signs, Signals & Road Markings","If the center of the roadway is marked with one solid yellow line and one broken yellow line and the broken line is next to your lane, what does that mean?","a:You are not allowed to pass in this area.,b:You may only make right turns from this lane.,c:Passing is allowed only during daylight hours.,d:You are allowed to pass other vehicles on the left if the way is clear.",d,"A solid yellow line means no passing from that side; a broken yellow line means passing is allowed when safe. When the broken yellow line is next to your lane, you may pass vehicles ahead of you on the left if there is enough clear distance and no oncoming traffic. You must still judge carefully and only pass when it can be done safely and legally.",
2,Traffic Laws & Rules of the Road,"After passing another vehicle, when is it safe to return to your original lane?","a:Cannot see the vehicle directly to your right.,b:See the vehicle’s headlights in your rearview mirror.,c:Have passed the other vehicle’s front bumper.",b,"After you pass another vehicle, you should not move back into the lane until you can see the front of the vehicle you passed (its headlights at night) in your rearview mirror. This indicates you have enough space ahead of that vehicle so you do not cut it off or force it to brake suddenly.",
8,Special Situations & Road Users,Where are a truck's blind spots typically located?,"a:Directly behind the truck.,b:On the immediate left of the cab.,c:Both on the immediate left of the cab and directly behind the truck.",c,"Large trucks have large blind spots, often called ""no-zones,"" where the driver cannot see you. These are directly behind the truck and along both sides, especially on the right side and close to the cab on the left. If you cannot see the truck driver’s face in the side mirror, the driver probably cannot see your vehicle, so avoid lingering in these areas.",
8,Special Situations & Road Users,"If you are crossing an intersection and an emergency vehicle with siren and lights approaches, what should you do?","a:Continue through the intersection, then pull to the right and stop.,b:Stop immediately in the middle of the intersection until it passes.,c:Pull to the left of the intersection and stop.,d:Speed up and clear the intersection quickly.",a,"When an emergency vehicle with lights and siren approaches, you must yield the right-of-way by pulling to the right and stopping. If you are already in an intersection, continue through it first so you do not block the intersection, then pull to the right side of the road and stop until the emergency vehicle has passed.",difficult
2,Traffic Laws & Rules of the Road,"If a police officer signals for you to stop while the light is green, what should you do?","a:Do what the vehicle in front of you does.,b:Obey the traffic signal.,c:Obey the officer.",c,"When a police officer is directing traffic, their instructions override traffic lights and signs. Even if the light is green, you must follow the officer’s signal and stop, because they may be managing an emergency, collision, or other hazard.",
2,Traffic Laws & Rules of the Road,Which of the following is correct regarding checking for blind spots when changing lanes?,"a:Look over the appropriate shoulder (right for right lane change, left for left).,b:Turn and look over your right shoulder for all lane changes.,c:If you have two outside mirrors you have no blind spots.,d:Only signal; mirrors are sufficient to change lanes.",a,"Before changing lanes, always signal, check your mirrors, and then quickly look over the shoulder on the side you are moving toward. This head check lets you see into the blind spot that mirrors cannot cover and helps you avoid vehicles, motorcycles, or bicycles that may be alongside you.",
5,Driving in Special Conditions,What should you do if the road ahead is flooded?,"a:Drive only in the center of the roadway.,b:Slam on the brakes.,c:Not drive through the flooded area. Turn around and find another route.",c,"You should never drive through a flooded roadway. Water can be deeper or moving faster than it appears, can hide holes or debris, and even a small amount of moving water can sweep a vehicle away. Turn around and find another route.",
6,"Alcohol, Drugs & Impaired Driving","If you've had several beers, how are the effects of alcohol reduced?","a:Only by waiting several hours for your body to metabolize the alcohol.,b:By taking a cold shower to revive you.,c:By drinking coffee to sober up.,d:By exercising vigorously to speed elimination.",a,"Only time reduces the effects of alcohol. Your liver needs hours to metabolize alcohol, and nothing—coffee, cold showers, or exercise—can speed this process. If you have been drinking, you must wait until the alcohol has left your system before driving.",
7,Vehicle Ownership & Responsibilities,"If you park facing uphill where there is no curb, you should set the parking brake and:","a:Turn your wheels toward the edge of the road.,b:Keep your wheels facing straight.,c:Turn your wheels away from the edge of the road.",a,"When parking uphill with no curb, turn your front wheels toward the edge of the road and set the parking brake. If the vehicle rolls, it will move off the roadway instead of into traffic, reducing the risk of a collision.",
4,Safe & Defensive Driving Practices,"If your vehicle starts to skid, you should:","a:Brake as hard as possible immediately.,b:Turn off the ignition to stop wheel power.,c:Ease off the accelerator and steer in the direction of the skid to regain control.,d:Steer opposite the skid and pump the brakes.",c,"If your vehicle begins to skid, gently ease off the accelerator (and brakes if you are braking) and steer in the same direction the rear of the vehicle is sliding. This helps the tires realign with the direction of travel and regain traction. Harsh braking, turning off the ignition, or steering sharply in the opposite direction can make the skid worse and cause loss of control.",
4,Safe & Defensive Driving Practices,How do stopping distances and crash severity change as vehicle speed increases?,"a:Decrease as vehicle speed increases.,b:Are not affected by vehicle speed.,c:Increase as vehicle speed increases.",c,"As speed increases, both the distance needed to stop and the severity of any crash increase. At higher speeds, your vehicle has more kinetic energy, so it takes more distance to slow or stop, and impacts involve greater force, leading to more serious injuries and damage.",
5,Driving in Special Conditions,How can you reduce the risk of hydroplaning on wet roads?,"a:Drive at a speed appropriate for ideal conditions.,b:Apply your brakes as soon as your car starts to skid.,c:Slow down.",c,"To reduce the risk of hydroplaning, you should slow down on wet roads so your tires can maintain contact with the pavement and channel water away. Driving too fast on water-covered roads can cause your tires to ride on top of the water, leading to loss of steering and braking control.",
3,"Signs, Signals & Road Markings",A broken yellow centerline indicates which passing rule?,"a:Passing on the left is permitted when the way ahead is clear.,b:Passing on the right is permitted only in specific situations, such as when the vehicle ahead is turning left and there is enough space to pass safely.,c:Passing is not permitted.",a,"A broken yellow centerline between lanes of opposite-direction traffic means you may pass on the left when it is safe and the way ahead is clear. Yellow lines separate traffic moving in opposite directions, and passing must always be done to the left of the vehicle you are overtaking unless a special situation (like a multi-lane road) allows otherwise.",
8,Special Situations & Road Users,When should you yield to a pedestrian?,"a:Only if they are in a crosswalk.,b:At all times, even if the pedestrian is not obeying traffic laws.,c:Only if the traffic lights are in the pedestrian's favor.",b,"Drivers must always be prepared to yield to pedestrians to avoid a collision, even if the pedestrian is crossing improperly or disobeying signals. Pedestrians are more vulnerable than vehicle occupants, so you must slow, stop, or take any safe action needed to avoid hitting them, whether or not they are in a crosswalk or have the right-of-way.",difficult
5,Driving in Special Conditions,"As daylight fades, which lights should you use to help others see you?","a:Low beam headlights.,b:Parking lights.,c:Emergency flashers.",a,"As it gets darker, you should turn on your low beam headlights so other drivers can see you and you can see the road. Parking lights alone are not bright enough and are not a substitute for headlights, and emergency flashers are only for breakdowns or emergencies.",
5,Driving in Special Conditions,You exit the freeway on a ramp that curves downhill. What should you do?,"a:Slow to the posted speed limit for the freeway.,b:Slow to a safe speed before the curve.,c:Wait until you have entered the curve to begin braking.",b,"When exiting on a downhill, curving ramp, slow to a safe speed before you enter the curve. Braking hard while already in the curve can cause skidding, especially on a downgrade, and you may not have enough time to react to stopped or slow traffic ahead.",
4,Safe & Defensive Driving Practices,"As your speed increases, what becomes more important?","a:Turn on your headlights.,b:Look well ahead of your vehicle.,c:Change lanes frequently.",b,"At higher speeds, you need more time and distance to stop or avoid hazards. Looking well ahead gives you more time to see problems early and adjust your speed or position smoothly and safely.",
4,Safe & Defensive Driving Practices,"When passing a line of parked cars, what should you expect?","a:Expect all other drivers and pedestrians to respect your right-of-way.,b:Drive closely to the parked vehicles to allow more room for moving traffic.,c:Be prepared for a person or vehicle to unexpectedly enter your lane.",c,"When driving past parked cars, always expect that a door could open, a car could pull out, or a pedestrian could step into your lane. Keep a safe distance from the parked vehicles and be ready to slow or stop.",
4,Safe & Defensive Driving Practices,What is the primary purpose of rumble strips on the roadway?,"a:To slow traffic with noise only.,b:To test a vehicle's shock absorbers.,c:To warn drivers of potential tire problems.,d:To alert inattentive drivers via vibration and sound that their vehicle is leaving the travel lane.",d,"Rumble strips are grooved or raised patterns on the road that cause noise and vibration when you drive over them. They are designed to alert inattentive or drowsy drivers that they are leaving the travel lane or approaching a hazard, such as a stop sign or sharp curve.",
4,Safe & Defensive Driving Practices,Why should you signal continuously while turning?,"a:It notifies other road users of your intentions.,b:It is illegal to turn off a signal before completing a turn.,c:It is always unsafe to turn off your signal early.,d:Signals increase your turn speed. ",a,"Signaling continuously through a turn clearly communicates your intentions to other drivers, cyclists, and pedestrians. Keeping the signal on until you complete the turn helps others predict your path and adjust their speed or position, which reduces the risk of collisions.",
2,Traffic Laws & Rules of the Road,"At an intersection where all four corners have stop signs, who has the right-of-way?","a:The driver across from your vehicle.,b:The driver who arrived before you.,c:The driver who signals first.,d:The driver on your left.",b,"At a four‑way stop, vehicles proceed in the order they arrive. If two or more vehicles arrive at the same time, each driver must yield to the vehicle on their right. This system helps keep traffic moving safely and predictably through the intersection.",difficult
8,Special Situations & Road Users,"When passing a motorcycle, what must you ensure regarding lanes?","a:Pass with as little space as possible to reduce time alongside them.,b:Pass only when the motorcycle moves onto the shoulder.,c:Stay in the same lane and squeeze by the motorcycle.,d:You must have your vehicle fully in the left lane before and during the pass.",d,"Motorcycles are entitled to a full lane. When passing, move completely into the left lane before and while overtaking, leaving the motorcycle its entire lane and plenty of space. Never try to share a lane or squeeze by alongside a motorcycle.",
3,"Signs, Signals & Road Markings","When using a roundabout, drivers should:","a:Yield to traffic already in the roundabout.,b:Yield to entering traffic.,c:Drive in a clockwise direction.",a,"In a roundabout, traffic already in the circle has the right‑of‑way. You must slow down, yield to vehicles and pedestrians already in or entering the crosswalks, and enter only when it is safe. Once inside, you travel counterclockwise around the central island.",
7,Vehicle Ownership & Responsibilities,"If you hit a parked vehicle and cannot find the owner, what must you do?","a:Call your insurance company when you get home.,b:Wait for the owner to return.,c:Leave a note with your name and address on the parked vehicle.",c,"If you hit a parked vehicle and cannot locate the owner, you must leave a note in a secure, visible place with your name, contact information, and an explanation of the accident. In many states you must also report the collision to law enforcement as required by law.",
8,Special Situations & Road Users,Why should drivers give extra space to children on bicycles?,"a:They require more space because of bicycle size.,b:They always follow traffic rules precisely.,c:They can signal better than adults.,d:They are smaller, harder to see, and have less developed reflexes than adults.",d,"Children on bicycles are smaller, harder to see, and often less predictable than adults. Their balance and reflexes are still developing, so they may wobble, swerve, or make sudden moves. Giving them extra space gives you more time to react and helps prevent collisions, especially near schools, parks, and residential areas.",
2,Traffic Laws & Rules of the Road,"At an uncontrolled intersection where drivers arrive at the same time, to whom must you yield?","a:Yield the right-of-way to the vehicle on your left.,b:Yield the right-of-way to the vehicle on your right.,c:Wait until there are no vehicles at the intersection before proceeding.",b,"At an uncontrolled intersection where two vehicles arrive at the same time, the driver must yield to the vehicle on the right. This rule helps decide who goes first when there are no signs or signals. If you are on the left and another vehicle is on your right, you must let that vehicle go first.",difficult
5,Driving in Special Conditions,What do temporary signs in construction and maintenance work areas look like?,"a:Have a red background with green writing.,b:Have an orange background with black writing.,c:Have a yellow background with blue writing.",b,"Temporary construction and maintenance work area signs are standardized with an orange background and black writing or symbols. The bright orange color alerts drivers to changing road conditions, lane shifts, workers on or near the roadway, and other temporary hazards so they can slow down and proceed with caution.",
2,Traffic Laws & Rules of the Road,"At intersections, crosswalks, and railroad crossings, what should you do to check for oncoming traffic or pedestrians?","a:Look to the sides of your vehicle to check what is coming.,b:Stop, listen, and then proceed without looking.,c:Slowly pass vehicles that appear stopped for no reason.,d:Only look straight ahead before proceeding.",a,"When approaching intersections, crosswalks, and railroad crossings, you must actively scan to the left and right to see vehicles, pedestrians, cyclists, or trains that may cross your path. Looking only straight ahead is not enough; side traffic and people entering the road are common sources of collisions, so you should check both sides before proceeding.",difficult
2,Traffic Laws & Rules of the Road,Under what circumstances may you legally block an intersection?,"a:If you entered the intersection on the green light.,b:During rush hour traffic.,c:Under no circumstances.",c,"You should never enter an intersection unless you are sure you can completely clear it, even if the light is green. Blocking an intersection prevents cross traffic and emergency vehicles from moving and is illegal in many jurisdictions. Always wait behind the stop line until there is enough space on the other side to fully exit the intersection.",difficult
4,Safe & Defensive Driving Practices,"After passing a vehicle, when is it safe to return to the right lane?","a:When you can see the entire front of the passed vehicle in your rearview mirror.,b:After about three seconds.,c:When you can no longer see the passed vehicle over your right shoulder.",a,"After you pass another vehicle, you should not move back into the right lane until you can clearly see the entire front of the vehicle you passed in your interior rearview mirror. This shows you have enough space ahead of that vehicle and reduces the risk of cutting them off. Always signal and check your blind spot before returning to the lane.",
3,"Signs, Signals & Road Markings","On a multilane road, what does a dashed yellow line next to a solid yellow line signify?","a:Passing is prohibited from both directions.,b:Passing is permitted from both directions.,c:Passing is permitted only from the direction next to the dashed line.",c,A dashed yellow line next to a solid yellow line means passing is allowed only for traffic on the side with the dashed line. Drivers on the side with the solid yellow line must not cross it to pass. This marking controls which direction may safely use the opposing lane for passing.,
5,Driving in Special Conditions,Why is driving at night more dangerous than daytime driving?,"a:You cannot see as far ahead at night.,b:The road is always more slippery at night.,c:Your reaction time is slower at night.",a,"Driving at night is more dangerous mainly because you cannot see as far ahead. Headlights provide limited range, and glare from oncoming lights can further reduce visibility. With less time to see and react to hazards, you must slow down and use extra caution at night.",
4,Safe & Defensive Driving Practices,How should you respond to an aggressive driver?,"a:Speed up.,b:Get out of their way.,c:Challenge them.",b,"When you encounter an aggressive driver, the safest response is to stay calm and get out of their way. Do not speed up, race, or challenge them. Increase your following distance, let them pass when safe, and avoid eye contact or gestures that could escalate the situation.",
4,Safe & Defensive Driving Practices,"If you feel drowsy while driving, what is the best action?","a:Find a safe place to park and take a short nap.,b:Increase your speed to reach your destination faster.,c:Turn up the radio volume to stay awake.,d:Open all windows and keep driving.",a,"If you feel drowsy while driving, you should treat it as an emergency and get off the road as soon as it is safe. Park in a safe place and rest or switch drivers. Tricks like turning up the radio or opening windows do not reliably prevent fatigue-related crashes.",
6,"Alcohol, Drugs & Impaired Driving",The only effective method to remove alcohol from your body is to:,"a:Drink strong coffee.,b:Wait; allow time for your body to metabolize the alcohol.,c:Take a cold shower.,d:Exercise vigorously to speed up elimination.",b,"Alcohol leaves your body only as your liver metabolizes it over time. Coffee, cold showers, exercise, or other tricks may make you feel more awake, but they do not lower your blood alcohol concentration or make you sober faster.",
8,Special Situations & Road Users,"When approaching a stopped school bus with its stop arm extended and red lights flashing, what must drivers do?","a:Continue driving when you think most kids are done exiting the bus.,b:Come to a complete stop and wait to proceed as required by your state’s law.,c:Honk their horn before passing the bus on its left.",b,"When a school bus has its red lights flashing and stop arm extended, drivers in most situations must stop and remain stopped until the lights stop flashing and the stop arm is withdrawn. This protects children who may be crossing the road. Some states allow oncoming traffic on a divided highway to keep moving, but you should always know and follow your state’s specific rules.",
2,Traffic Laws & Rules of the Road,"To turn left from a multilane one-way street onto a one-way street, from which lane should you start the turn?","a:Any lane (as long as it is safe).,b:The lane closest to the left curb.,c:The lane in the center of the road.",b,"On a one‑way street, the far left lane is the proper lane for a left turn unless signs or lane markings direct otherwise. Starting from the left curb positions you correctly for the turn and avoids cutting across other lanes of traffic.",
2,Traffic Laws & Rules of the Road,"Before returning to your original lane after passing, what should you verify?","a:You can see both headlights of the passed vehicle in your rearview mirror.,b:You have sounded your horn to warn the other driver.,c:You have flashed your headlights.,d:The vehicle you passed has changed speed.",a,"After passing, do not move back into your original lane until you can see both headlights of the vehicle you passed in your rearview mirror. This ensures you have enough space ahead of that vehicle and reduces the risk of cutting it off or causing a collision.",
2,Traffic Laws & Rules of the Road,Is it permissible to drive off the paved roadway onto the shoulder to pass another vehicle?,"a:If the vehicle ahead is turning left.,b:If there are two or more lanes traveling in your direction.,c:Under no circumstances.",c,"You must stay on the paved portion of the roadway when passing. Driving onto the shoulder to pass is unsafe and illegal in standard situations because shoulders are for emergencies, not for travel or passing.",
7,Vehicle Ownership & Responsibilities,When must you show proof of insurance to law enforcement?,"a:If you are stopped for a citation or involved in a collision.,b:Only if you are involved in a collision.,c:Only if you are stopped and cited.,d:Only during a vehicle inspection. ",a,"You must carry proof of financial responsibility (insurance) and show it to a law enforcement officer any time they lawfully request it, such as when you are stopped for a citation or involved in a collision.",difficult
5,Driving in Special Conditions,Roads are especially slippery just after it begins to rain. What should you do?,"a:Avoid making turns and stops while driving at high speeds.,b:Increase your following distance and reduce speed.,c:Test your tires' traction while going uphill.",a,"When rain first begins, oil and debris on the road mix with water and make the surface very slick. You should slow down and avoid fast turns, sudden stops, or any quick maneuvers, especially at higher speeds, until the road has washed clean and traction improves.",
2,Traffic Laws & Rules of the Road,"When passing, when should you move back into the right lane?","a:You are one vehicle length ahead of the passed vehicle.,b:You can see both headlights of the passed vehicle in your rearview mirror.,c:You are 50 feet ahead of the passed vehicle.",b,"After passing another vehicle, do not move back into the right lane until you can see both of the passed vehicle’s headlights in your rearview mirror. This ensures you have enough space ahead of that vehicle and reduces the risk of cutting them off.",
4,Safe & Defensive Driving Practices,"If you are worried, nervous, or angry, what should you do about driving?","a:Are more in touch with their senses and will be more precise drivers.,b:Should let someone else drive.,c:Will drive no differently than they would if thinking clearly.",b,"Strong emotions like worry, anger, or nervousness can distract you, slow your reactions, and lead to poor decisions. If you are very upset, it is safer to let someone else drive or wait until you have calmed down before driving.",
5,Driving in Special Conditions,"If you experience a tire blowout, how should you react?","a:Apply the brakes firmly and quickly.,b:Slow down gradually and use your brakes lightly.,c:Tap or pump the brakes.",b,"In a tire blowout, hold the steering wheel firmly, ease off the accelerator, and let the vehicle slow down gradually. Use your brakes lightly only after you have good control and your speed has dropped, then steer to a safe place off the road.",
6,"Alcohol, Drugs & Impaired Driving",At what blood alcohol concentration (BAC) is a driver 21 or older considered to be driving under the influence in Alabama?,"a:0.04 percent.,b:0.08 percent.,c:0.02 percent.",b,"For drivers 21 and older in Alabama, a blood alcohol concentration (BAC) of 0.08% or higher is considered driving under the influence. This is the standard per se DUI limit used in most U.S. states for adult drivers.",
5,Driving in Special Conditions,"When driving on snow or ice, how should you make speed and direction changes?","a:Make speed and directional changes more gradually than you would otherwise.,b:It is safe to use your cruise control.,c:Drive as you would under normal conditions.",a,"On snow or ice, you should accelerate, brake, and steer more gradually than under normal conditions to avoid skids. Sudden changes in speed or direction can cause loss of traction. Cruise control should not be used on slippery roads because it can keep applying power when you need to slow down gently.",
2,Traffic Laws & Rules of the Road,Which statement about driving too slowly is correct?,"a:Driving too slowly on certain highways can be dangerous.,b:Driving too slowly is never an unsafe practice.,c:Your driving speed doesn't affect safety.,d:Driving below the speed limit always improves safety.",a,"Driving much slower than the flow of traffic can be dangerous because it forces other drivers to brake suddenly or make risky lane changes and passes. When conditions allow, you should travel at a speed that safely matches the flow of traffic, without exceeding the speed limit.",
2,Traffic Laws & Rules of the Road,When must you obey instructions from school crossing guards?,"a:Only if children are visible nearby.,b:Only during posted school hours.,c:Only when accompanied by a police officer.,d:At all times when they are directing pedestrians and traffic.",d,"You must obey school crossing guards whenever they are on duty and directing traffic or pedestrians. Their instructions have the same legal force as traffic control devices, and following them helps protect children and other pedestrians near schools.",
4,Safe & Defensive Driving Practices,"If there are oncoming vehicles to your left and parked vehicles to your right, how should you steer?","a:Steer closer to the parked vehicles than the oncoming vehicles.,b:Steer closer to the oncoming vehicles than the parked vehicles.,c:Steer a middle course between the oncoming and parked vehicles.",c,"When there are oncoming vehicles on the left and parked vehicles on the right, steer a middle course between them. This gives you the most space on both sides and reduces the chance of sideswiping a parked car or colliding with oncoming traffic.",
8,Special Situations & Road Users,"Because motorcycles, scooters, and mopeds are small and hard to see, what should drivers do?","a:Slow down when driving.,b:Make constant visual checks.,c:Share a lane with a motorcycle.",b,"Motorcycles, scooters, and mopeds are smaller and can be hidden in blind spots or by other vehicles. Drivers should make frequent, deliberate visual checks of mirrors and blind spots, especially before changing lanes or turning, and should never share a lane side‑by‑side with a motorcycle.",
8,Special Situations & Road Users,What is the definition of a crosswalk?,"a:Another name for a four-way intersection.,b:An area designated for road construction workers.,c:The area where pedestrians may cross the roadway.",c,"A crosswalk is the part of the roadway set aside for pedestrians to cross. It can be marked with painted lines or unmarked at an intersection, but in both cases drivers must watch for pedestrians and yield to them as required by law.",
2,Traffic Laws & Rules of the Road,"If a traffic control signal is not operating, what should you do at the intersection?","a:Proceed if the intersection appears clear without stopping.,b:Drive quickly through to avoid blocking traffic.,c:Follow the vehicle ahead without stopping.,d:Come to a full stop and yield the right-of-way as you would at an all-way stop.",d,"When a traffic signal is not working, you must treat the intersection like an all‑way stop. Come to a complete stop, then proceed only when it is your turn and it is safe, yielding to vehicles and pedestrians who arrived first or are already in the intersection.",difficult
7,Vehicle Ownership & Responsibilities,"In a vehicle equipped with airbags, where is the safest place for children age 12 and under to ride?","a:The front seat.,b:The back seat.,c:The bed of a pick-up truck.",b,"Airbags deploy with great force and can seriously injure children. The safest place for children age 12 and under is the back seat, properly restrained in an appropriate child safety seat or seat belt, away from front airbags.",
2,Traffic Laws & Rules of the Road,"If you face a green light but traffic ahead is blocking the intersection, what should you do?","a:Turn left and find another route.,b:Stay out of the intersection until traffic clears.,c:Follow the other vehicles and enter the intersection.",b,"Having a green light does not give you the right to block an intersection. You must wait behind the stop line until there is enough space on the far side to clear the intersection completely, even if the light is green.",
8,Special Situations & Road Users,"If you see a pedestrian using a guide dog or carrying a white cane, what must you do?","a:Require the pedestrian to yield to you.,b:Honk to make them aware of your presence.,c:Drive slowly past without stopping.,d:Yield the right-of-way to the pedestrian.",d,"Pedestrians who are blind or partially sighted and using a white cane or guide dog have the right-of-way. You must stop or yield so they can cross safely, and never honk or try to force them to hurry or yield to you.",difficult
2,Traffic Laws & Rules of the Road,"If you drive more slowly than the flow of traffic, what is the most likely outcome?","a:You will interfere with traffic and could be cited.,b:You will improve traffic flow.,c:You will demonstrate defensive driving.,d:You will reduce the risk of collisions significantly.",a,"Driving much slower than the normal flow of traffic (when conditions and the speed limit allow faster travel) can block or interfere with other vehicles. This can be unsafe and, in many states, can result in a citation for impeding traffic. Use the right lane and match the flow when it is safe and legal.",
4,Safe & Defensive Driving Practices,Why is using a cell phone while driving considered a distraction?,"a:It causes the driver to be concerned about the cost of the call.,b:It occupies the driver's hands, eyes, and mind.,c:It is an activity that draws the attention of other drivers.",b,"Using a cell phone while driving is dangerous because it takes your attention away from driving. It can occupy your hands (manual distraction), your eyes (visual distraction), and your mind (cognitive distraction), which greatly increases the risk of a crash.",
3,"Signs, Signals & Road Markings",You are approaching an intersection at speed when the light turns yellow. What should you do?,"a:Speed up to cross before the light turns red.,b:Slow down and proceed through the intersection without caution.,c:Stop before entering the intersection if you can do so safely.",c,"A solid yellow light means the signal is about to turn red. You must stop before entering the intersection if you can do so safely. If you are too close to stop safely when it turns yellow, continue through the intersection with caution.",
4,Safe & Defensive Driving Practices,"If the rear of your car begins skidding to the left, what should you do?","a:Tap your brakes lightly and shift into neutral.,b:Steer to the left.,c:Steer to the right.",b,"If your vehicle begins to skid, you should steer in the direction you want the front of the car to go—this is often described as steering into the skid. If the rear of your car skids left, gently steer left to help straighten the vehicle and regain control.",
4,Safe & Defensive Driving Practices,"If a driver is tailgating you on a two-lane road, you should:","a:Speed up to put distance between you and the tailgater.,b:Apply your brakes suddenly to warn them.,c:Reduce your speed gradually to encourage them to pass or change lanes.,d:Maintain speed and refuse to yield.",c,"If someone is following too closely, do not speed up or brake suddenly. Gradually slow down to increase your following distance and, when safe, encourage the tailgater to pass or change lanes. This reduces the risk of a rear-end collision.",
8,Special Situations & Road Users,"When following a large truck on the freeway, how should you position your vehicle?","a:Farther behind the truck than you would if following a passenger vehicle.,b:To the right side of the truck and wait to pass.,c:Closer behind the truck than you would if following a passenger vehicle.",a,Large trucks have bigger blind spots and need more distance to stop. Stay farther back than you would behind a car so you can see the truck’s mirrors and have enough time to react if it slows or stops suddenly.,
5,Driving in Special Conditions,"If you see animals standing near the roadway, what should you do?","a:Speed up to scare them away.,b:Slow down and proceed with caution.,c:Quickly swerve into the next lane.",b,"Animals near the road can move suddenly into your path. Slow down, cover the brake, and proceed with caution instead of speeding up or swerving abruptly, which can cause you to lose control or collide with another vehicle.",
7,Vehicle Ownership & Responsibilities,"To avoid carbon monoxide poisoning, what should a driver do?","a:Have their exhaust system checked regularly to be sure there are no leaks.,b:Keep their engine turned off when their vehicle is enclosed in a garage.,c:Both of the above.",c,"Carbon monoxide is a colorless, odorless gas that can quickly become deadly. Prevent poisoning by having your exhaust system checked regularly for leaks and never running the engine in an enclosed area like a closed garage.",
1,Licensing & Permit Requirements,A driver's license is considered a:,"a:Right.,b:Requirement.,c:Privilege.,d:Guarantee of safe driving.",c,"Driving is not a guaranteed right; it is a privilege granted by the state. You must meet licensing requirements and obey traffic laws, and your license can be suspended or revoked if you violate those laws.",
8,Special Situations & Road Users,"When a large truck turns right onto a multi-lane street, what might it need to do?","a:Always stay in the right-most lane during the turn.,b:Swing wide to complete the right turn.,c:Cut directly across lanes without signaling.,d:Complete the turn in either lane as it chooses.",b,"Large trucks have a much wider turning radius and their rear wheels track inside the path of the front wheels. To avoid running over the curb or hitting objects on the right, they often must swing wide to the left before completing a right turn. Drivers behind or beside a truck should never try to squeeze through on the right while it is turning.",
5,Driving in Special Conditions,"On interstate highways, drivers are required to:","a:Use cruise control at all times.,b:Be constantly alert.,c:Have the ability to safely drive at increased speeds.,d:Both b and c.",c,"On interstate highways, traffic typically moves at higher, steady speeds and lane changes and merges happen quickly. Drivers must be able to safely control their vehicle at these higher speeds and remain constantly alert to changing traffic and road conditions. Cruise control is optional, not required, so the correct idea is the need to safely drive at increased speeds, along with staying alert.",
2,Traffic Laws & Rules of the Road,Which of the following is NOT a safe practice on the interstate?,"a:Slower traffic must keep to the right.,b:Change lanes without signaling.,c:If you miss your exit, you must go to the next exit.,d:All of the above are safe practices.",b,"On interstates, safe practices include keeping slower traffic to the right and continuing to the next exit if you miss yours. Changing lanes without signaling is unsafe and usually illegal because other drivers cannot anticipate your movement. You must always signal before changing lanes so traffic around you can adjust safely.",
5,Driving in Special Conditions,How should you make room for cars entering the freeway?,"a:Merge into a different lane when possible.,b:Maintain your speed and position no matter what.,c:If you cannot change lanes, adjust your speed to help them merge.",a,"When vehicles are entering a freeway, through traffic should help create a safe gap. If it is safe, move over one lane to give entering drivers more room to merge. If you cannot change lanes, adjust your speed slightly—either up or down as appropriate—to allow them to enter smoothly without forcing sudden braking or dangerous lane changes.",
8,Special Situations & Road Users,"When following a motorcycle, why should you allow extra space in front of your vehicle?","a:Because they are easier to see than other vehicles.,b:Because motorcycles can stop quickly and are less visible, so you need more time to react.,c:Because motorcycles always travel below the speed limit.",b,"When following a motorcycle, you should leave more following distance than you would for a larger vehicle. Motorcycles can stop more quickly and are less stable and less visible than cars. Extra space gives you more time to react if the rider brakes suddenly, swerves to avoid a hazard, or loses control.",
2,Traffic Laws & Rules of the Road,Which action should you never take when changing lanes?,"a:Attempt to change lanes within an intersection.,b:Check your blind spots by looking over your left or right shoulder.,c:Check for other drivers moving into the same lane.",a,"You should not change lanes while you are in the middle of an intersection. Lane changes should be made before or after the intersection, when the path is clear. Before moving over, always check your mirrors and look over your shoulder to check blind spots and make sure no one else is moving into the same lane.",difficult
4,Safe & Defensive Driving Practices,Which action tends to block the smooth flow of traffic?,"a:Driving at posted speeds.,b:Avoiding unnecessary lane changes.,c:Using public transportation instead of driving.,d:Slowing down to look at a collision scene (rubbernecking).",d,"Slowing down just to look at a crash or something on the side of the road (rubbernecking) disrupts the smooth flow of traffic and can cause congestion and additional collisions. Driving at the posted speed when safe, avoiding unnecessary lane changes, and even using public transportation do not block traffic the way rubbernecking does.",
7,Vehicle Ownership & Responsibilities,"If you parallel park facing downhill on a hill, how should you turn your wheels?","a:Keep your wheels straight.,b:Turn your wheels away from the side of the road.,c:Turn your wheels sharply toward the side of the road.",c,"When you park facing downhill, turn your front wheels sharply toward the curb or road edge. If the vehicle starts to roll, the front tire will hit the curb or edge and stop the car from rolling into traffic.",
8,Special Situations & Road Users,"If a child is riding a bicycle near your vehicle, what should you expect?","a:Expect the unexpected — children can be unpredictable.,b:Expect the child to be in total control of the bicycle.,c:Beep your horn to alert them.,d:Assume they will always obey traffic rules.",a,"Children on bicycles are often unpredictable. They may suddenly swerve, lose balance, or enter the roadway without warning. Expect the unexpected, slow down, and give them extra space instead of assuming they are in full control or will always follow traffic rules.",
5,Driving in Special Conditions,"In rainy weather, when is the roadway most slippery?","a:During the first half hour of rain.,b:One half hour after it stops raining.,c:If it has been raining all day.",a,"The road is usually most slippery during the first few minutes to about the first half hour of rain. Water mixes with oil and other residues on the pavement to form a slick film. As rain continues, this film is washed away and the surface generally becomes less slippery, though you should still drive carefully.",
2,Traffic Laws & Rules of the Road,"When making a left turn at an intersection, who must you yield to?","a:Oncoming traffic and pedestrians — you must yield to them.,b:Oncoming traffic and pedestrians must yield to you.,c:You never have to yield when turning left.,d:Only to bicyclists.",a,"When turning left, you must wait for a safe gap. Yield to oncoming vehicles that are close enough to be a hazard and to pedestrians crossing your path in the crosswalk. Only turn when you can complete the turn without forcing others to slow or stop.",difficult
4,Safe & Defensive Driving Practices,What is the term for slowing down just to look at a crash or unusual sight and what does it do?,"a:Sightseeing — it helps emergency responders.,b:Rubbernecking — it causes traffic congestion.,c:Careful observation — it improves traffic flow.,d:Defensive driving — it prevents rear-end collisions.",b,"Rubbernecking is when drivers slow down just to look at a crash, stopped vehicle, or other unusual event. This unnecessary slowing disrupts traffic flow, increases congestion, and can cause additional crashes because drivers are not focused on the road ahead.",
6,"Alcohol, Drugs & Impaired Driving","As the percentage of alcohol (BAC) in your blood increases, you become:","a:More intoxicated.,b:More coordinated.,c:More sober.",a,"Blood Alcohol Concentration (BAC) is the amount of alcohol in your blood. As BAC increases, your judgment, reaction time, and coordination get worse, so you become more impaired and more dangerous behind the wheel.",
8,Special Situations & Road Users,Large trucks are most likely to lose speed when they are:,"a:Driving down long, gradual hills.,b:Driving in long, gradual curves.,c:Driving up long or steep hills.,d:Making quick lane changes.",c,"Large trucks are heavy and require a lot of power to climb. On long or steep upgrades they slow down, often much more than cars. Give trucks extra space and time when approaching hills, and be prepared for them to move more slowly than other traffic.",
6,"Alcohol, Drugs & Impaired Driving","If you are under 21, driving with what blood alcohol level can lead to license suspension?","a:0.08 percent or more.,b:0.15 percent or more.,c:Any measurable amount of alcohol in your system.",c,Alabama enforces a zero-tolerance policy for under-21 drivers; any detectable alcohol can result in license suspension.,difficult
3,"Signs, Signals & Road Markings",What does a solid yellow arrow on a traffic signal mean for drivers turning in that direction?,"a:You should prepare to stop and yield the right-of-way to oncoming traffic.,b:You should speed up so you can make the turn before the light changes.,c:You do not need to signal to turn from the indicated lane.",a,"A solid yellow arrow means the protected turn is ending. You should prepare to stop if you have not yet entered the intersection, and be ready to yield to oncoming traffic and pedestrians. Do not speed up to beat the light.",
2,Traffic Laws & Rules of the Road,How should you respond to a flashing red traffic light?,"a:Slow down and drive carefully through the intersection.,b:Slow down and yield the right-of-way.,c:Come to a complete stop, check the traffic, and go when it is safe to do so.",c,"A flashing red light is treated the same as a stop sign. You must come to a complete stop, check for cross traffic and pedestrians, yield as needed, and then proceed only when it is safe.",
4,Safe & Defensive Driving Practices,Which behavior may identify an aggressive driver?,"a:Erratic and improper lane changes.,b:Having many passengers in the vehicle.,c:Driving unusually slowly.,d:Keeping a consistent, legal speed.",a,"Aggressive drivers often make sudden, unsafe lane changes, follow too closely, and ignore traffic laws. Erratic and improper lane changes are a clear sign of aggressive driving and should alert you to give them space.",
4,Safe & Defensive Driving Practices,"If an oncoming driver fails to dim their headlights, what is the correct action?","a:Look toward the right side of the road.,b:Look straight ahead.,c:Look toward the center of the roadway.",a,"When an oncoming driver does not dim their high beams, look toward the right edge of your lane or the right side of the road. This reduces glare while still letting you use the lane markings and road edge to stay safely in your lane.",
5,Driving in Special Conditions,"Prior to entering a curve, what is the correct action?","a:Activate your turn signal.,b:Reduce your speed.,c:Brake hard.",b,"You should slow down before entering a curve so you can steer smoothly and maintain control. Braking hard while already in the curve can cause skidding or loss of control, especially on wet or slippery roads.",
4,Safe & Defensive Driving Practices,How often should you check your rearview mirrors while driving?,"a:Often, to observe how traffic is moving behind you.,b:Only when you are slowing down.,c:Only when changing lanes.,d:Every 10 minutes.",a,Frequently checking your mirrors helps you know the positions of nearby vehicles and avoid surprises.,
2,Traffic Laws & Rules of the Road,"When passing on the left, when is it safe to return to the right lane?","a:After about three seconds.,b:When you can no longer see the vehicle over your right shoulder.,c:When you can see the front of the vehicle in your rearview mirror.",c,"Return to your lane when you can see the front of the passed vehicle in your rearview mirror, indicating you have enough space.",
3,"Signs, Signals & Road Markings","What does a \No passing zone\"" sign indicate?""","a:That it is not safe to pass.,b:To speed up slightly.,c:To maintain a steady speed.",a,A No Passing Zone sign marks an area where passing is illegal because conditions make it unsafe to pass another vehicle.,
2,Traffic Laws & Rules of the Road,"If you are making a left turn from a one-way street, which lane should you use?","a:The lane nearest the left curb.,b:The lane nearest the center of the street.,c:The lane nearest the right curb.",a,"When turning left from a one-way street, begin from the lane nearest the left curb and turn into the first legal lane in that direction.",
4,Safe & Defensive Driving Practices,"If a tire blows out while driving, what should you do first?","a:Apply the brake and hold it.,b:Pull over quickly.,c:Hold the steering wheel tightly, ease off the gas, and brake gently when the vehicle is under control.",c,"If a tire blows out, the car may pull hard to one side. Grip the steering wheel firmly to keep control and steer straight. Do not slam on the brakes; instead, ease off the accelerator and brake gently only after the vehicle is stable, then move to the side of the road when it is safe.",
6,"Alcohol, Drugs & Impaired Driving",What should you do when taking any medicine with regard to driving?,"a:Keep your window open and drive more slowly.,b:Consult your doctor about the effects before driving.,c:Have someone follow you home.",b,"Before driving on any medicine, you should check with your doctor or pharmacist about side effects like drowsiness, blurred vision, or slowed reaction time. Some prescription and over‑the‑counter drugs can impair driving just like alcohol, so you must know how they affect you before you drive.",
2,Traffic Laws & Rules of the Road,"When you approach an octagonal sign, what must you do?","a:Come to a complete stop.,b:Slow down but proceed if clear.,c:Turn right if possible.,d:Yield only to the vehicle on your right.",a,"An octagonal (eight‑sided) red sign is always a STOP sign. You must come to a complete stop at the stop line, crosswalk, or before entering the intersection, then yield to pedestrians and other traffic before proceeding when it is safe.",
6,"Alcohol, Drugs & Impaired Driving",What is the only proven way to remove alcohol or drug effects from your body?,"a:Drink coffee.,b:Give your body time.,c:Breathe in some fresh air.",b,"Once alcohol or many drugs are in your system, nothing—coffee, cold showers, fresh air, or exercise—can quickly make you sober. Only time allows your body to metabolize the substance and reduce its impairing effects to safe levels.",
5,Driving in Special Conditions,In very foggy conditions you should slow down and use which lights?,"a:Turn on your emergency flashers.,b:Turn your lights to their high beam setting.,c:Turn your lights to their low beam setting.",c,"In fog, slow down and use low beam headlights. High beams reflect off the water droplets in fog and can create glare, making it harder to see. If your vehicle has fog lights, use them together with low beams to improve visibility.",
7,Vehicle Ownership & Responsibilities,"If you must park where parking is not usual, what should you ensure?","a:Make sure your vehicle is visible to drivers approaching from any direction.,b:Park with your reverse lights on.,c:Park five feet from the curb.",a,"If you must park in an unusual or less visible place, make sure other drivers can clearly see your vehicle from all directions. Use legal parking spots when possible, and avoid creating a hazard or surprise for approaching traffic.",
1,Licensing & Permit Requirements,Holding a driver license is considered what?,"a:Requirement.,b:Privilege, not a right.,c:Right, not a privilege.",b,"A driver license is a privilege granted by the state. You must meet requirements, follow traffic laws, and it can be suspended or revoked. It is not an automatic right.",
8,Special Situations & Road Users,When is it lawful to drive around or under a lowered railroad crossing gate?,"a:When the warning lights are not flashing.,b:When you can see clearly in both directions.,c:Never.",c,"You must never drive around or under a lowered railroad gate. Even if you do not see a train, you must wait until the lights stop flashing and the gate is fully raised.",
8,Special Situations & Road Users,Which statement about blind spots is correct?,"a:Blind spots are eliminated if the vehicle has an outside mirror on each side.,b:Blind spots only exist at low speeds.,c:Blind spots can be checked using the rearview mirror alone.,d:Large trucks have bigger blind spots than most passenger vehicles.",d,"All vehicles have blind spots that mirrors cannot show. Large trucks have much larger blind spots on all sides, so you should avoid driving alongside or close behind them where the driver cannot see you.",
2,Traffic Laws & Rules of the Road,Drivers turning left must yield to which of the following?,"a:Passing cars only.,b:Only to vehicles with flashing lights.,c:No one; left-turning vehicles always have priority.,d:Oncoming vehicles traveling straight or turning right, and you must also yield to pedestrians and bicyclists crossing your path.",d,"When turning left, you must yield to oncoming traffic that is going straight or turning right, and also to pedestrians and bicyclists crossing your path. Only turn when the way is clear and it is safe.",
8,Special Situations & Road Users,"If an emergency vehicle with flashing lights is behind you on a city street, what must you do?","a:Drive quickly to the nearest intersection and stop there.,b:Drive to the right edge of the road and stop.,c:Pull into the left lane to let it pass.,d:Stay in your lane and slow down but do not stop.",b,"On most roads, when an emergency vehicle with lights and siren approaches from behind, you must pull as far to the right as safely possible and stop, then remain stopped until it has passed.",difficult
4,Safe & Defensive Driving Practices,"After passing another vehicle, when is it safe to return to your lane?","a:When you see the headlights of the passed vehicle in your rearview mirror.,b:When the driver you passed signals for you to return to your lane.,c:When you signal your intention for three seconds.",a,"After you pass, you should not move back too soon. Wait until you can see the entire front of the vehicle you passed (including both headlights) in your inside rearview mirror, then check your blind spot and signal before returning to your lane.",
5,Driving in Special Conditions,"When exiting the interstate, when should you begin reducing your speed?","a:Immediately upon entering the deceleration lane.,b:About halfway through the deceleration lane.,c:As you approach the deceleration lane.",a,"On interstates, you should stay at highway speed until you reach the deceleration lane. Once you are fully in the deceleration lane, begin slowing to the posted exit or ramp speed so you do not disrupt faster traffic still on the main roadway.",
5,Driving in Special Conditions,"When driving in fog, which lights should you use?","a:Parking lights only.,b:High beam headlights.,c:Four-way hazard flashers.,d:Low beam headlights.",d,"In fog, use low beam headlights. High beams reflect off the water droplets in the fog and create glare, making it harder to see. Low beams aim light down toward the road and improve your ability to see lane lines and the edge of the roadway.",
4,Safe & Defensive Driving Practices,What is the best way to avoid a dangerous situation while driving?,"a:Know what is happening around your vehicle.,b:Turn off the radio.,c:Always keep your eyes focused ahead of your car.",a,"To avoid dangerous situations, you must be aware of everything happening around your vehicle. Scan ahead, check your mirrors frequently, and watch to the sides so you can spot hazards early and adjust your speed or position in time.",
4,Safe & Defensive Driving Practices,Excessive speed increases the likelihood of what outcome?,"a:Serious bodily injury and death.,b:Saves time so you can get to your destination more quickly.,c:Helps you maneuver around obstacles.",a,"Driving too fast gives you less time to react and makes crashes more severe. Higher speed increases stopping distance and impact force, which greatly raises the chances of serious injury or death if a collision occurs.",
5,Driving in Special Conditions,"When you drive through a construction zone, what should you avoid doing?","a:Stop to watch the workers.,b:Decrease your following distance.,c:Pass the construction zone carefully and not 'rubberneck.'",c,In construction zones you should drive through carefully and avoid rubbernecking—slowing or stopping just to watch the work. Rubbernecking increases the risk of rear-end collisions and adds to congestion. Maintain a safe following distance and focus on the road and any work-zone signs or flaggers.,difficult
4,Safe & Defensive Driving Practices,"Before changing lanes, besides checking mirrors, what should you do?","a:Glance over your shoulder to check your blind spot.,b:Never look over your right shoulder.,c:Always slow down in your lane.,d:Assume other drivers will yield to you.",a,"Before changing lanes, check your mirrors and then quickly glance over your shoulder in the direction you plan to move. This shoulder check lets you see your blind spot—an area your mirrors cannot show—so you don’t move into a lane already occupied by another vehicle.",difficult
6,"Alcohol, Drugs & Impaired Driving",Is it ever allowed to drive while under the influence of medications that impair your driving?,"a:No — driving while impaired by medication is not allowed.,b:Only if a doctor prescribed them.,c:Only if you do not feel drowsy.,d:Yes, if they are over-the-counter medications.",a,"You must not drive if any medication—prescription, over-the-counter, or illegal—impairs your ability to drive safely. Even if a doctor prescribed it, you are responsible for knowing how it affects you. If it causes drowsiness, slowed reactions, or confusion, you must not drive while under its influence.",difficult
6,"Alcohol, Drugs & Impaired Driving",Which ability is affected first by alcohol?,"a:Vision.,b:Balance.,c:Judgment.",c,"Alcohol first affects judgment and decision-making. You may feel more confident and take risks you normally would avoid, such as speeding or unsafe passing. As you drink more, other abilities like coordination, balance, and vision also become impaired, but poor judgment usually appears first.",
5,Driving in Special Conditions,What are construction zone signs typically like in shape and color?,"a:Rectangular green signs with white letters.,b:Round signs with black and yellow coloring.,c:Square signs with white and red coloring.,d:Diamond-shaped or rectangular with an orange background and black symbols.",d,"Construction and work-zone signs are usually diamond-shaped or rectangular with an orange background and black letters or symbols. The bright orange color warns you to slow down, watch for workers and equipment, and be prepared for lane shifts or other changes in normal traffic patterns.",difficult
5,Driving in Special Conditions,"If your vehicle begins to hydroplane, what should you do?","a:Drive at a constant speed to gain better traction.,b:Apply the brakes firmly to prevent your vehicle from sliding.,c:Slow down gradually and not apply the brakes.",c,"When your vehicle hydroplanes, the tires are riding on water instead of the road, so any sudden braking or steering can cause a complete loss of control. Ease off the accelerator, keep the steering wheel straight, and slow down gradually without hard braking until the tires regain contact with the road.",
4,Safe & Defensive Driving Practices,"If your vehicle begins to skid, what braking action should you take?","a:Brake abruptly.,b:Brake lightly.,c:Stay off the brakes.",c,"In most skids, especially on slippery roads, you should stay off the brakes and focus on steering in the direction you want the front of the car to go. Braking hard can lock the wheels and make the skid worse. Once the vehicle begins to straighten out and you have more control, you can brake gently if needed.",
2,Traffic Laws & Rules of the Road,"When entering a gap in highway traffic, what should you do?","a:Speed up and force other vehicles to move.,b:Check traffic behind and beside you, then watch the vehicle ahead in the gap.,c:Watch only the vehicles behind the gap.",b,"When entering a gap in highway traffic, you must be aware of vehicles all around you. Check your mirrors and blind spots for vehicles behind and to the side, then focus on the vehicle ahead in the gap you plan to enter so you can match speed and merge smoothly without cutting anyone off.",
5,Driving in Special Conditions,How can you reduce the chance of losing traction on wet roads?,"a:Apply the brakes firmly.,b:Drive at the posted speed regardless of conditions.,c:Make abrupt turns to test traction.,d:Slow down.",d,"On wet roads, the best way to reduce the chance of losing traction or hydroplaning is to slow down. Lower speed allows your tires more time to push water aside and maintain contact with the road. Avoid sudden braking or sharp turns, and make sure your tires are in good condition.",
4,Safe & Defensive Driving Practices,"As a driver, what areas around your vehicle should you monitor?","a:Stare directly in front of the car at all times.,b:Only focus on the middle of the road.,c:Only check the mirrors once per mile.,d:Watch beside, ahead, and to the rear of your vehicle.",d,"Safe drivers constantly scan all around their vehicle. You should look well ahead to see what is coming, check beside you to know what is in adjacent lanes, and use your mirrors to monitor traffic behind. This all-around awareness helps you spot hazards early and react in time.",
8,Special Situations & Road Users,"When a school bus is stopped on your side of the road with red lights flashing, what is required?","a:Stop until the lights stop flashing.,b:Slow down to a maximum of 10 mph and pass cautiously.,c:Change lanes and pass slowly.,d:Proceed if you are on a different street.",a,"When a school bus on your side of the road has red lights flashing and the stop arm out, you must come to a complete stop and remain stopped until the red lights stop flashing and the stop arm is retracted. Passing is illegal and extremely dangerous because children may be crossing the road.",difficult
4,Safe & Defensive Driving Practices,Why should you increase your following distance behind a large vehicle?,"a:To better see around the sides of the vehicle.,b:Because following too closely will get you caught in the vehicle's slipstream.,c:Because other drivers tend to pull behind large vehicles before trying to pass them.",a,"You should leave extra space behind large vehicles like trucks and buses because they block your view of the road ahead and have large blind spots. A greater following distance lets you see traffic conditions sooner and helps keep you out of the truck’s blind spots, giving you more time to react.",
2,Traffic Laws & Rules of the Road,Which statement about railroad crossings is true?,"a:You must stop at a railroad crossing when directed to do so by a flagger or stop sign.,b:You should put on your cruise control near a railroad crossing to maintain a constant speed.,c:You have the right-of-way at a railroad crossing and do not need to stop.",a,"At railroad crossings, trains always have the right-of-way. You must obey all warning devices and directions: if a flagger, stop sign, or flashing lights indicate you must stop, you are required to stop and not proceed until it is clearly safe and legal to do so.",
4,Safe & Defensive Driving Practices,How can drowsiness affect your driving?,"a:Make you feel better.,b:Help you to be a better driver.,c:Impair your judgment.",c,"Drowsiness makes you a dangerous driver. It slows your reaction time, narrows your attention, and impairs your judgment in ways similar to alcohol or drugs. You may not notice hazards in time or may make poor decisions, greatly increasing your crash risk.",
2,Traffic Laws & Rules of the Road,"When preparing to turn left at a corner, to whom must you yield the right-of-way?","a:Pedestrians in the crosswalk and no one else.,b:Only oncoming vehicles that are also turning left.,c:All approaching vehicles and pedestrians who are in or about to enter the crosswalk.,d:Only vehicles that are speeding.",c,"When turning left, you must yield to oncoming traffic that is close enough to be a hazard and to pedestrians in the crosswalk. You may only turn when it is safe and you will not interfere with approaching vehicles. This means you yield to all approaching vehicles that have the right-of-way, not just those also turning left.",
4,Safe & Defensive Driving Practices,"In traffic moving at 50 to 55 mph, when are you least likely to have an accident?","a:Drive a few miles per hour faster than most other vehicles.,b:Stay within that speed range.,c:Drive a few miles per hour slower than most other vehicles.",b,"Traveling at about the same speed as surrounding traffic, while staying within the posted speed limit, is safest. Large speed differences—either faster or slower than the flow—create more lane changes and conflicts, which increases crash risk.",
4,Safe & Defensive Driving Practices,How can you keep aware of traffic behind you?,"a:Frequently check your rearview mirror.,b:Turn and look out your back window.,c:Keep other vehicles out of your blind spots.",a,You should check your mirrors frequently so you know what is happening behind you and can react early to vehicles that are following too closely or moving quickly. Combine mirror checks with occasional quick glances over your shoulder when changing lanes to cover blind spots.,
7,Vehicle Ownership & Responsibilities,"Before driving, from which vehicle surfaces should you remove snow, frost, and ice?","a:Just the windshield.,b:Just the windshield and passenger window.,c:All windows and other necessary surfaces such as mirrors and lights.",c,Clear all windows and mirrors so you have full visibility before driving.,
5,Driving in Special Conditions,"If you observe heavy smoke covering the roadway ahead, you should:","a:Turn on your high beam headlights and continue.,b:Reduce speed, move as far right as possible, and stop off the roadway.,c:Turn on your four-way flashers and continue driving.,d:Continue at normal speed but use your horn to warn others.",b,"When smoke or fog is so heavy that you cannot see the road ahead, slow down, move as far right as you safely can, and stop completely off the roadway. Keep your low-beam headlights and hazard flashers on so others can see you, and wait until visibility improves before continuing.",
8,Special Situations & Road Users,When must vehicles stopped behind a school bus remain stopped?,"a:The stop arm is retracted.,b:All students are off the bus.,c:The stop arm is retracted and the bus resumes motion.",c,"When a school bus is stopped with red lights flashing and the stop arm extended, traffic in most situations must stop in both directions. Stay stopped until the red lights stop flashing, the stop arm is retracted, and the bus begins moving again, ensuring children are safely clear of the roadway.",
4,Safe & Defensive Driving Practices,"If you have a sudden tire blowout while driving, what should you do?","a:Use the brakes lightly.,b:Apply the brakes firmly.,c:Pump the brakes.",a,"If a tire blows out, grip the steering wheel firmly, stay off the brakes at first, and let the car slow by easing off the accelerator. Once the vehicle is under control and slowing, use the brakes lightly and steer to a safe place off the road.",
4,Safe & Defensive Driving Practices,Tailgating (driving too closely to another vehicle's bumper) can do what?,"a:Can frustrate other drivers and make them angry.,b:Can result in a traffic citation.,c:Increases the risk of a rear-end collision.",a,"Following too closely is dangerous and discourteous. Tailgating can anger or frighten other drivers, increase the chance of a rear‑end crash, and can result in a traffic citation. Always leave enough following distance so you can stop safely if the vehicle ahead slows or stops.",
5,Driving in Special Conditions,"When an oncoming car has very bright headlights at night, how should you react?","a:Stop until the other driver passes.,b:Look below their headlights.,c:Glance toward the right edge of your lane.",c,"Bright oncoming headlights can temporarily blind you. Do not look directly at them. Instead, glance toward the right edge of your lane or the right side of the road to use it as a guide, while still checking the road ahead frequently until the vehicle passes.",
3,"Signs, Signals & Road Markings",What does a double solid yellow centerline indicate about passing?,"a:Allowed from both directions.,b:Allowed only from your direction of travel.,c:Not allowed from either direction.",c,A double solid yellow centerline separates traffic moving in opposite directions and means passing is not allowed from either direction. You may cross these lines only when making a permitted left turn or when instructed by traffic control or emergency personnel.,
3,"Signs, Signals & Road Markings",What does a steady green traffic signal allow approaching drivers to do?,"a:Increase their speed to quickly clear the intersection.,b:Come to a complete stop.,c:Continue through the intersection or make permitted turns when the way is clear.",c,"A steady green light means you may go straight or make any turn that is not prohibited by signs or signals, but only if the intersection is clear. You must still yield to pedestrians in the crosswalk and to any vehicles already in the intersection.",
6,"Alcohol, Drugs & Impaired Driving",What is the crash risk effect of a BAC of 0.02 percent?,"a:Won't put other drivers at risk.,b:Will increase your chances of having an accident.,c:Won't have any effect on your driving.",b,"Even a small amount of alcohol (around 0.02% BAC) can measurably affect judgment, attention, and reaction time, which increases crash risk compared with sober driving. However, it does not reliably double the crash risk; the risk roughly doubles closer to 0.05% BAC. The key idea is that there is no completely safe BAC above zero—any alcohol can increase your chances of a crash.",
8,Special Situations & Road Users,To whom must you give the right-of-way?,"a:Only to pedestrians in a marked crosswalk.,b:To pedestrians in any marked or unmarked crosswalk at an intersection.,c:Only to pedestrians crossing at mid-block locations.",b,"Drivers must yield to pedestrians in both marked and unmarked crosswalks at intersections. An unmarked crosswalk exists at most intersections, even if there are no painted lines. You should also be prepared to yield to pedestrians crossing the street in other places when it is necessary to avoid a collision.",
8,Special Situations & Road Users,When must drivers yield the right-of-way to pedestrians in a crosswalk?,"a:Only if the pedestrians first wave to the driver.,b:Only if the pedestrians are not texting while walking.,c:At all times.",c,Drivers must yield to pedestrians in crosswalks and stop for them when necessary; yield to anyone already in the intersection or crosswalk.,
6,"Alcohol, Drugs & Impaired Driving",Which statement about drugs and driving is correct?,"a:Any prescription drug is safe to use if you don't feel drowsy.,b:Only illegal drugs can impair your driving.,c:Even over-the-counter drugs can impair your driving.",c,"Many drugs can impair driving, including legal prescription medications and over‑the‑counter medicines such as some cold, allergy, or sleep aids. They can slow your reactions, affect judgment, or make you drowsy. It is illegal and unsafe to drive when impaired by any drug, not just illegal ones.",
2,Traffic Laws & Rules of the Road,When should you yield your legal right-of-way?,"a:Whenever it helps prevent collisions.,b:Often, even at controlled intersections.,c:Never; it confuses other drivers.",a,"Having the legal right-of-way never guarantees that others will yield. You should be willing to give up your right-of-way whenever it helps prevent a collision. Defensive drivers focus on avoiding crashes, not on insisting on their legal priority.",difficult
3,"Signs, Signals & Road Markings",Traffic control devices used in construction and maintenance areas are normally what color?,"a:Red.,b:Orange.,c:Yellow.",b,"In work zones, traffic control devices such as signs, cones, drums, and barriers are typically orange. This color alerts drivers that they are entering a construction or maintenance area and should slow down and use extra caution.",
5,Driving in Special Conditions,"If a road is slippery, how should your following distance change?","a:No different than normal.,b:Farther from the car ahead than normal.,c:Closer to the car ahead than normal.",b,"On slippery roads, your tires have less traction and it takes longer to stop. You should increase your following distance so you have more time and space to brake gently and avoid skidding if the vehicle ahead slows or stops suddenly.",
5,Driving in Special Conditions,When driving in fog what lighting and speed practices are recommended?,"a:Use your parking lights.,b:Use your high beam headlights.,c:Use your low beam headlights.",c,"In fog, use low beam headlights because high beams reflect off the fog and make it harder to see. Reduce your speed so you have time to react to hazards, and if visibility becomes extremely poor, pull off the road to a safe place and wait until conditions improve.",
3,"Signs, Signals & Road Markings",What does a broken yellow line beside a solid yellow line mean regarding passing?,"a:Permitted from the side next to the solid yellow line.,b:Not permitted from either direction.,c:Permitted from the side next to the broken yellow line.",c,"A broken yellow line next to a solid yellow line means passing is allowed only for traffic on the side with the broken line. Drivers on the side with the solid line must not cross it to pass, because it indicates that passing from that side is unsafe.",
4,Safe & Defensive Driving Practices,"When changing lanes, what should you do to check for traffic in your blind spot?","a:Look over your shoulder in the direction you plan to move.,b:Rely only on the rearview mirror.,c:Rely only on the left side mirror.",a,"Every vehicle has blind spots that mirrors cannot show. Before changing lanes, you must quickly look over your shoulder in the direction you plan to move to check these blind spots, in addition to using your mirrors and signal.",
1,Licensing & Permit Requirements,What can happen if a driver leaves a gas station without paying for gas?,"a:Have their license suspended.,b:Be given a warning.,c:Not face any consequences.",a,"Leaving a gas station without paying is treated as theft. In many states, including Alabama, a conviction can lead to criminal penalties and license suspension, because using a vehicle to commit theft is considered a serious offense.",
4,Safe & Defensive Driving Practices,"To be able to turn quickly and safely, where should your hands be placed on the steering wheel?","a:On opposite sides of the steering wheel.,b:Next to each other on the top of the steering wheel.,c:On the top and bottom of the steering wheel.",a,Keeping your hands on opposite sides of the steering wheel (commonly around the 9 and 3 o’clock positions) gives you the best control and allows you to turn quickly and smoothly while maintaining stability of the vehicle.,
5,Driving in Special Conditions,"If oncoming headlights are blinding you at night, what is the safest action?","a:Switch your lights to high beams.,b:Turn your lights on and off.,c:Look toward the right edge of the road.",c,"When oncoming headlights are too bright, briefly glance toward the right edge of your lane and use it as a guide. This helps you avoid being blinded while still keeping your vehicle in the correct position on the road.",
3,"Signs, Signals & Road Markings",What do yellow lines on the roadway separate?,"a:Traffic lanes on one-way streets.,b:All carpool lanes from regular traffic lanes.,c:Bicycle lanes from vehicle lanes.,d:Traffic moving in opposite directions on two-way roads.",d,Yellow lines separate traffic moving in opposite directions on two-way roads. They mark the center of the roadway and help drivers stay on the correct side of the road.,
7,Vehicle Ownership & Responsibilities,"If you park facing uphill on a street with a curb, which way should you turn the front wheels?","a:Turn the front wheels toward the curb.,b:Leave the front wheels straight.,c:Turn the front wheels away from the curb.",c,"When parking facing uphill with a curb, turn the front wheels away from the curb. If the brakes fail, the vehicle will roll back slightly and the front tire will rest against the curb, helping prevent the car from rolling into traffic.",
2,Traffic Laws & Rules of the Road,"If a police officer directs you through a red light, what should you do?","a:Stop until the light turns green.,b:Ignore the officer and obey the light.,c:Come to a complete stop before proceeding.,d:Follow the officer's directions and go through the intersection.",d,"When a police officer is directing traffic, their hand signals and instructions override traffic lights and signs. If an officer clearly directs you to proceed through a red light, you must follow the officer’s directions, moving carefully through the intersection while watching for other road users.",
5,Driving in Special Conditions,"When entering the interstate, after finding a gap and signaling, what should you do?","a:Merge carefully into the gap.,b:Expect traffic to allow you to proceed since you have the right-of-way.,c:Wait for the lane to clear before merging.",a,"On an interstate entrance ramp, you should use the acceleration lane to match the speed of traffic, signal, and then merge carefully into a safe gap. Other drivers are not required to yield to you; it is your responsibility to adjust speed and position so you can merge smoothly without forcing others to brake suddenly.",
2,Traffic Laws & Rules of the Road,"Unless otherwise posted, what is the speed limit on the interstate?","a:70 mph.,b:55 mph.,c:80 mph.",a,"In Alabama, the general statutory speed limit on interstate highways is 70 mph unless signs show a different limit. Always follow posted speed limit signs, as some stretches may be lower due to urban areas, construction zones, or special conditions.",difficult
4,Safe & Defensive Driving Practices,"When backing up your vehicle, what is the proper way to look?","a:Look through the rear window.,b:Rely only on your rearview mirror.,c:Press hard on the gas pedal.",a,"When backing up, turn your body and look directly through the rear window so you can clearly see what is behind you. Use your mirrors as helpers, but do not rely on them alone, and back up slowly so you can stop immediately if something enters your path.",
2,Traffic Laws & Rules of the Road,"When entering traffic from a curbside parking spot, what should you do?","a:Wait for the first two vehicles to pass, then drive into the lane.,b:Drive more slowly than other traffic for 200 feet.,c:Honk before entering to warn other drivers.,d:Wait for a large enough gap so you can accelerate to the speed of traffic.",d,"When pulling out from a curb, you must wait for a gap in traffic that is large enough for you to signal, pull out, and accelerate to the speed of other vehicles without making them slow or swerve. Entering too soon or relying on your horn is unsafe; matching the flow of traffic smoothly is the goal.",
8,Special Situations & Road Users,"When a pedestrian guided by a dog or with a white cane is crossing, what must drivers do?","a:Always yield the right-of-way to that pedestrian.,b:Only yield if you are at a marked crosswalk.,c:Tell them where it is safe to cross.,d:Proceed if they are not in your lane. ",a,Drivers must always yield the right‑of‑way to pedestrians who are blind or visually impaired and using a white cane or guide dog. This applies whether or not they are in a marked crosswalk. Slow or stop early and allow them to cross safely.,
7,Vehicle Ownership & Responsibilities,"If your vehicle develops a mechanical problem while driving, what should you do to alert others?","a:Signal and move into the slow lane and continue driving.,b:Turn off your lights to conserve battery.,c:Stop in your lane and turn on hazard lights.,d:Put on your hazard lights and pull off the road as soon as it's safe.",d,"If your vehicle has a mechanical problem, you should signal, move off the roadway to a safe place as soon as possible, and turn on your hazard lights. This warns other drivers that your vehicle is disabled and reduces the risk of a collision.",
4,Safe & Defensive Driving Practices,"If you intend to pass another vehicle, what assumption should you avoid?","a:Assuming signaling guarantees a safe pass.,b:Assuming the other driver will make space for you to return to the lane.,c:Assuming the road ahead is clear.,d:Assuming the other driver will maintain a constant speed.",b,"When passing, never assume other drivers will create space for you to return to your lane. You are responsible for making sure there is enough clear distance ahead, that the lane is open, and that you can safely move back without forcing others to slow or swerve.",difficult
8,Special Situations & Road Users,"If pedestrians are crossing illegally in the middle of the street, how should you respond?","a:Do not have to stop for them.,b:Must stop or slow as needed to avoid hitting them.,c:Should honk your horn at them.",b,"Even if pedestrians are crossing illegally (jaywalking), you must do whatever is necessary to avoid hitting them. The law requires drivers to exercise due care to protect pedestrians, so slow down or stop if needed and pass only when it is clearly safe.",
8,Special Situations & Road Users,When must you yield to a pedestrian using a white cane or guide dog?,"a:Only when a crossing guard is present.,b:At all times — they always have the right-of-way.,c:Only when the guide dog is leading them across the street.,d:Only at marked crosswalks.",b,"Pedestrians who are blind or visually impaired and using a white cane or guide dog have special legal protection. You must always yield to them, stop well back, and never honk or try to direct them. This applies at all crossings and driveways, marked or unmarked.",
4,Safe & Defensive Driving Practices,"If your vehicle's wheels run off the edge of the pavement, what is the first thing you should do?","a:Turn the front wheels slightly to the left to edge the car back onto the pavement.,b:Hold the steering wheel firmly, release the gas pedal, and gently apply the brakes.,c:Apply the brakes and turn the front wheels sharply to the left.",b,"If your wheels drop off the pavement, keep a firm grip on the steering wheel, ease off the accelerator, and slow down gently. Sudden braking or jerking the wheel back onto the road can cause you to lose control or skid into oncoming traffic. Once you’ve slowed and checked that traffic is clear, steer smoothly back onto the pavement.",
4,Safe & Defensive Driving Practices,What should you check before bringing your vehicle to a stop at a traffic signal or sign?,"a:Set the parking brake.,b:Press down hard on the accelerator.,c:Check your mirrors for surrounding traffic.",c,"Before stopping at a signal or sign, check your mirrors so you know what traffic is doing behind and beside you. This helps you brake smoothly and gives you time to react if a driver behind is not slowing down. Then apply your brakes gradually to come to a safe, controlled stop.",
7,Vehicle Ownership & Responsibilities,"If you are involved in a collision, how should you treat injured people?","a:Avoid moving the injured unless absolutely necessary.,b:Move the injured to their desired location.,c:Insist the injured are fine without immediate medical attention.",a,"After a collision, do not move injured people unless there is an immediate danger such as fire, risk of explosion, or another vehicle about to hit. Moving someone with a neck, back, or internal injury can make the injury worse. Keep them still, calm, and warm, and call 911 for medical help.",difficult
5,Driving in Special Conditions,How should you drive on a dimly lit street at night?,"a:Keep the instrument panel lights bright to be more visible to other drivers.,b:Drive slowly enough that you can stop within the area illuminated by your headlights.,c:Turn on your high beam headlights to better see the vehicles ahead of you.",b,"On a dimly lit street at night, drive slowly enough that you can stop within the distance you can see with your headlights. This is called not overdriving your headlights. If something appears in your lane, you need enough visible distance to brake and stop safely.",
2,Traffic Laws & Rules of the Road,"Unless posted otherwise, what is the statutory speed limit on a country paved road?","a:55 mph.,b:30 mph.,c:20 mph.,d:Varies by state; obey posted signs and your state’s default rural speed limit.",d,"Statutory speed limits on rural or country roads vary by state; many states use 55 mph or higher on rural paved roads, while others use 45 mph or different values. Because there is no single nationwide statutory speed for a “country paved road,” you must always follow the posted speed limit and, if no sign is present, obey your own state’s default speed law for that type of road.",difficult
4,Safe & Defensive Driving Practices,"If you plan to pass a pedestrian while an oncoming vehicle is approaching, what should you do?","a:Honk to make the pedestrian move over.,b:Quickly swerve into the shoulder to pass.,c:Keep your speed steady because the oncoming vehicle must stop for you.,d:Slow down and let the oncoming vehicle pass before passing the pedestrian.",d,"When you face both an oncoming vehicle and a pedestrian in your lane, you should not try to squeeze between them. Slow down and let the oncoming vehicle pass first so you only deal with one hazard at a time. Once the oncoming vehicle has gone by and the lane is clear, you can safely move around the pedestrian with plenty of space.",
5,Driving in Special Conditions,When is it necessary to use your low beam headlights?,"a:On a freeway.,b:In fog.,c:On a lighted street.",b,"In fog, rain, or snow, you should use low beam headlights because high beams reflect off moisture in the air and can shine back into your eyes, making it harder to see. Low beams give you better visibility and make it easier for other drivers to see you without creating glare.",
3,"Signs, Signals & Road Markings",You are approaching a steady yellow traffic signal and have not entered the intersection. What should you do?,"a:Come to a safe stop.,b:Reduce your speed and proceed carefully through the intersection.,c:Speed up to beat the red light.",a,"A steady yellow light warns that the signal is about to turn red. If you have not yet entered the intersection, you are expected to slow down and stop if you can do so safely. Only continue through if you are too close to the intersection to stop without braking hard or creating a hazard for drivers behind you.",
8,Special Situations & Road Users,"When you see an emergency vehicle approaching with flashing lights, what must you do?","a:Pull over to the curb or edge of the road and stop until the vehicle has passed.,b:Maintain your speed and stay in your lane until the vehicle has passed.,c:Move into the right lane and drive slowly until the vehicle has passed.",a,"When an emergency vehicle approaches with flashing lights and/or a siren, you must yield the right-of-way. Safely move to the right edge or curb of the road and come to a complete stop, remaining stopped until the emergency vehicle has passed and it is safe to re-enter traffic.",
8,Special Situations & Road Users,"When a bicyclist is making a left turn, what may they do legally?","a:They may cut through all lanes at once.,b:They may use the left lane.,c:They must dismount and walk their bike.,d:They must always stay to the right.",b,"Bicyclists generally have the same rights and responsibilities as drivers of vehicles. When making a left turn, a bicyclist may legally move into and use the left turn lane or left lane, just like a car. Expect to see bicycles in the left part of the lane when they are preparing for or completing a left turn.",
4,Safe & Defensive Driving Practices,How far should you follow a large truck on the freeway compared to a passenger vehicle?,"a:Closely behind the truck in bad weather because the driver can see farther ahead than you can.,b:No more than one car length behind the truck so the driver can see you.,c:Farther behind the truck than you would when following a passenger vehicle.",c,"Large trucks block more of your view and need more distance to stop, so you should follow them at a greater distance than you would a passenger car. Leaving extra space gives you a better view of the road ahead and more time to react if the truck slows or stops suddenly.",
2,Traffic Laws & Rules of the Road,Which of the following is unlawful?,"a:Passing another vehicle in a marked no-passing zone.,b:Passing another vehicle over a railroad crossing.,c:Both of the above.,d:Passing on a two-lane road when the vehicle ahead signals a left turn.",c,Passing in a marked no‑passing zone or while going over a railroad crossing is illegal because your view of oncoming traffic and potential hazards is limited. You must never pass in these situations. Passing a vehicle that is turning left can be legal when done safely and where not otherwise prohibited.,difficult
5,Driving in Special Conditions,"To help prevent eye fatigue when driving at night, you should:","a:Continue moving your eyes and scanning the road.,b:Stare straight ahead.,c:Rest your eyes by closing them for a couple of seconds at a time.",a,"To reduce eye fatigue at night, keep your eyes moving: scan from side to side and near to far instead of staring straight ahead. This helps you notice hazards sooner and prevents your eyes from becoming tired or fixed on one spot.",
2,Traffic Laws & Rules of the Road,"If you come to an intersection and your view to the side is blocked, what should you do?","a:Stop, then inch forward until you can see clearly in both directions.,b:Slow down and look both ways.,c:Maintain your speed and look both ways.",a,"When your view at an intersection is blocked, you must stop first, then slowly move forward until you can clearly see cross traffic. Only proceed when you are sure the way is clear. This prevents you from pulling into the path of vehicles you could not see at first.",
6,"Alcohol, Drugs & Impaired Driving",Which statement about driving while taking medications is correct?,"a:Medications are safe to take at any time, if prescribed by a doctor.,b:Over-the-counter medications cannot impair driving ability if taken in the recommended dosages.,c:Most cold medications can make a person drowsy.",c,"Many cold and allergy medications can cause drowsiness, slow reaction time, and affect judgment, even when taken as directed. Always read labels and talk with your doctor or pharmacist before driving while on any medication.",
4,Safe & Defensive Driving Practices,Which best describes how a defensive driver thinks?,"a:They consider what other drivers might do and are prepared to react.,b:They know other drivers will do the right thing.,c:They expect no breaks and give none.",a,"Defensive drivers constantly scan the road and think ahead about what other drivers, pedestrians, and cyclists might do. By anticipating mistakes and being ready to react safely, they reduce the risk of collisions.",
2,Traffic Laws & Rules of the Road,You are required to stop your vehicle under which circumstances?,"a:You must stop only at marked stop signs.,b:You must stop only where there is a red traffic light.,c:You must stop only if a police officer orders it and no lights are present.,d:You must stop when a police officer orders you to stop and when traffic controls such as red lights or stop signs require a stop.",d,"You must always obey a police officer’s directions, even if traffic signals or signs say something different. You are also required to stop at red traffic lights (steady or flashing) and at stop signs, because these controls are used to keep traffic moving safely and prevent crashes.",
8,Special Situations & Road Users,Why is it dangerous to follow a motorcycle too closely?,"a:They do not follow the same rules as motor vehicles.,b:A motorcycle can stop much faster than a standard vehicle.,c:They brake more slowly than motor vehicles.",b,"Motorcycles are lighter and can often stop more quickly than larger vehicles. If you follow too closely, you may not have enough time or space to brake safely if the motorcycle stops suddenly, increasing the risk of a rear-end collision.",
8,Special Situations & Road Users,Which statement about blind spots is accurate?,"a:Large trucks have larger blind spots than most passenger vehicles.,b:Blind spots are eliminated by one outside mirror.,c:Blind spots can be checked using only the rearview mirror.,d:Blind spots disappear at highway speeds.",a,"All vehicles have blind spots—areas you cannot see in your mirrors. Large trucks have much bigger blind spots on all sides than passenger cars, so you should avoid lingering alongside or close behind them where the driver may not see you.",
6,"Alcohol, Drugs & Impaired Driving",What is a potential effect of taking a prescription drug while drinking alcohol?,"a:There will likely be no effect.,b:It will make you more alert.,c:It can make you unfit to drive.",c,"Many prescription and over‑the‑counter drugs can interact with alcohol to slow your reactions, affect judgment, and make you drowsy. This combination can make you unsafe and legally unfit to drive.",
5,Driving in Special Conditions,"When driving through a construction zone, what should you expect?","a:Slightly increase your speed.,b:Expect the unexpected.,c:Expect construction workers to yield to motorists.",b,"Construction zones often have changing traffic patterns, workers close to moving vehicles, and equipment entering the roadway. You should expect unexpected hazards, reduce speed, and drive with extra caution to protect workers and yourself.",
5,Driving in Special Conditions,"If you want to enter the freeway but there is no gap in traffic, what should you do on the ramp?","a:Adjust your speed on the ramp to wait for or create a safe gap.,b:Maintain your speed and force other drivers to create a gap.,c:Stop at the end of the ramp to wait for a gap.",a,"On a freeway entrance ramp, you should adjust your speed so you can merge smoothly into a safe gap in traffic. Do not stop at the end of the ramp unless absolutely necessary, because it is difficult and unsafe to accelerate from a stop into fast‑moving traffic. Instead, slow or slightly adjust your speed on the ramp so you can merge safely.",
3,"Signs, Signals & Road Markings",What do double solid yellow lines down the center of the road indicate about passing?,"a:Allowed only from your direction of travel.,b:Allowed from both directions.,c:Not allowed from either direction.",c,"Double solid yellow lines separate traffic moving in opposite directions and mean passing is not allowed from either direction. You may cross them only when making a permitted left turn or when turning into or out of a driveway or side road, not to pass another vehicle.",
5,Driving in Special Conditions,"When you encounter orange construction signs and cones on a freeway, what is required?","a:Change lanes immediately and maintain your speed.,b:Ignore the signs if traffic is light.,c:Speed up to clear the zone quickly.,d:Be prepared for workers and equipment ahead and reduce your speed.",d,"Orange signs and cones indicate a work zone. You must slow down, be prepared for lane shifts, stopped or slow traffic, and workers or equipment near the roadway. Follow posted work‑zone speed limits and be ready to stop if necessary.",
4,Safe & Defensive Driving Practices,"When parking next to a curb, when should you use your turn signal?","a:Only when pulling away from the curb.,b:When pulling next to the curb, but not away from it.,c:When pulling next to or away from the curb.",c,"Use your turn signal any time you change your position on the road, including when pulling toward a curb to park and when leaving the curb to reenter traffic. Signaling lets other drivers, cyclists, and pedestrians anticipate your movement and react safely.",
8,Special Situations & Road Users,At a railroad crossing you should:,"a:Be alert for vehicles that must stop at all crossings and for multiple trains.,b:Proceed quickly if you don't see a train.,c:Only watch for trains in one direction.,d:Ignore stopped vehicles in the area.",a,"At railroad crossings, you must slow down, look, and listen for trains in both directions and be prepared to stop. Some vehicles, like school buses and hazardous materials trucks, are required to stop at all crossings, so you should be alert for them as well. Never try to beat a train; trains are much faster and take far longer to stop than cars.",
4,Safe & Defensive Driving Practices,When should you increase the distance between your vehicle and the vehicle ahead?,"a:Are following a small passenger vehicle.,b:Are being tailgated by another driver.,c:Are driving more slowly than the posted speed limit.,d:In bad weather, poor visibility, or other higher‑risk conditions.",b,"You should increase your following distance whenever conditions increase risk, such as when you are being tailgated, driving in poor weather, following large vehicles, or when visibility is reduced. If someone is tailgating you, leaving extra space in front gives you more room to slow or stop gradually, reducing the chance of a rear-end collision.",
3,"Signs, Signals & Road Markings","On a roadway with a single broken white centerline, what is allowed?","a:You may cross the centerline to change lanes.,b:You must stay within your lane.,c:You may change lanes only from the left lane.",a,A single broken white line separates lanes of traffic moving in the same direction. You may cross a broken white line to change lanes or pass when it is safe and legal to do so. Always check mirrors and blind spots and signal before changing lanes.,
8,Special Situations & Road Users,You want to turn right but see a pedestrian with a guide dog at the corner ready to cross. What should you do?,"a:Wait until the person crosses the street.,b:Tell the pedestrian when to cross the street.,c:Turn off your engine until the person crosses the street.",a,Pedestrians using guide dogs or canes have the right-of-way; wait for them to complete crossing before turning.,
3,"Signs, Signals & Road Markings",What must approaching drivers do when they see a red traffic signal?,"a:Continue driving through the intersection without stopping.,b:Increase their speed to quickly clear the intersection.,c:Come to a complete stop.",c,"At a steady red traffic signal, you must come to a complete stop before the crosswalk, stop line, or entering the intersection. Remain stopped until the light turns green or you are allowed to make a legal turn on red after stopping and yielding to traffic and pedestrians.",
8,Special Situations & Road Users,"If you see pedestrians near the road, what should you do?","a:Slow down and pass with caution.,b:Sound your horn and maintain your speed.,c:Speed up to clear the area quickly.",a,"When pedestrians are near the road, you must slow down, be ready to stop, and pass with extra caution. Reducing speed gives you more time to react if someone suddenly steps into your lane.",
3,"Signs, Signals & Road Markings","If you see a lane sign showing an arrow with the word ONLY beneath it above your lane, what does it mean?","a:You must proceed only in the direction shown by the arrow.,b:You should always change lanes immediately.,c:Follow the destination signs rather than the arrow.,d:The sign is advisory and can be ignored.",a,"A lane sign with an arrow and the word ONLY means that if you stay in that lane, you must go in the direction of the arrow and no other. You should be in the correct lane before reaching the sign so you can follow the required direction safely.",
3,"Signs, Signals & Road Markings",A steady red arrow on a traffic signal means what?,"a:Drivers cannot turn in the indicated direction.,b:Drivers may turn in the indicated direction.,c:Drivers may turn in the indicated direction after coming to a complete stop.",a,A steady red arrow means you must stop and you are not allowed to go in the direction of the arrow. You must wait until the arrow turns green (or is replaced by a signal that allows movement) before making that turn.,
2,Traffic Laws & Rules of the Road,"On a one-way street, when may you turn left onto another one-way street?","a:When traffic on the street you are turning onto moves to the left.,b:When you increase your speed before the turn.,c:When traffic on the street you are turning onto moves to the right.",a,"On a one-way street, you may turn left onto another one-way street only if traffic on the street you are turning onto flows to the left and there is no sign prohibiting the turn. Make the turn from the left lane into the left lane of the new street.",
2,Traffic Laws & Rules of the Road,"When merging onto a freeway, what speed should you try to achieve?","a:At or near the speed of traffic on the freeway.,b:Five to 10 mph slower than the speed of traffic on the freeway.,c:The posted speed limit for freeway traffic.",a,"When merging onto a freeway, use the entrance ramp and acceleration lane to reach a speed at or near the speed of traffic already on the freeway, as long as it is safe and within the speed limit. Matching the flow of traffic makes merging smoother and reduces the risk of collisions.",
8,Special Situations & Road Users,"If you come to a railroad crossing with gates lowered and flashing lights, what must you do?","a:Come to a full stop well behind the gates and wait until they are lifted.,b:Drive around the gates if no train is visible.,c:Slow down and proceed carefully past the gates.,d:Stop on the tracks to check both directions.",a,"At a railroad crossing with lowered gates and flashing lights, you must stop well before the gate and remain stopped until the gates are fully raised and the lights stop flashing. Driving around the gates or stopping on the tracks is illegal and extremely dangerous because trains cannot stop quickly.",difficult
2,Traffic Laws & Rules of the Road,"Before changing lanes or attempting to pass, what should you do?","a:Signal your intention before changing lanes.,b:Check your blind spots and mirrors.,c:All of the above.",c,"Before changing lanes or passing, you must signal to let others know your intentions and check your mirrors and blind spots to be sure the lane is clear. Doing all of these steps helps prevent collisions with vehicles you may not see in your mirrors alone.",
7,Vehicle Ownership & Responsibilities,"If you park uphill on a two-way road with no curb, which way should you turn your front wheels?","a:Turn them to the right (toward the side of the road) so the vehicle would roll away from the center.,b:Leave them straight ahead.,c:Turn them left toward the center of the road.,d:Turn them toward the nearest driveway.",a,"When parking uphill on a two-way road with no curb, turn your front wheels to the right, toward the side of the road. If your brakes fail, the vehicle will roll off the roadway instead of into oncoming traffic, reducing the risk of a collision.",
5,Driving in Special Conditions,"Why should you use headlights on rainy, snowy, or foggy days?","a:So others can see your vehicle.,b:To keep your engine warm.,c:To warn others of bad weather conditions.",a,"On rainy, snowy, or foggy days, headlights help other drivers see your vehicle and judge its distance and speed. In many states, including Alabama, you must use low-beam headlights whenever your windshield wipers are on or visibility is reduced.",
4,Safe & Defensive Driving Practices,Why is it important to look far ahead while driving on a highway?,"a:It reduces the need for last-minute braking or turning.,b:Helps you keep up with traffic.,c:Allows you to spot upcoming police officers.",a,"Looking far ahead on the highway lets you spot slow traffic, hazards, and lane closures early. This gives you time to adjust speed or change lanes smoothly, reducing sudden braking or swerving and helping traffic flow more safely.",
1,Licensing & Permit Requirements,Accruing how many points on your license within two years will result in a one-year suspension?,"a:24 or more,b:21 to 23,c:18 to 20",a,"Under Alabama’s point system, accumulating 24 or more points within a two‑year period can result in a one‑year (365‑day) license suspension. Lower point totals can also lead to suspensions, but for shorter periods.",
4,Safe & Defensive Driving Practices,"If you are about to be rear-ended, which action should you NOT take?","a:Press your head against the head restraint.,b:Brace yourself.,c:Release your seat belt.",c,"In a rear‑end collision, you should keep your seat belt fastened, press your head firmly against the head restraint, and brace yourself. The seat belt and head restraint work together to reduce the risk of whiplash and serious injury. Never release your seat belt when a crash is imminent.",
4,Safe & Defensive Driving Practices,Fatigue while driving increases the risk of what?,"a:Driving more carefully.,b:Being late for an appointment.,c:Missing an exit only.,d:Falling asleep behind the wheel and crashing.",d,"Driving while fatigued greatly increases your risk of dozing off or falling asleep at the wheel. Fatigue slows reaction time, impairs judgment, and can lead to drifting out of your lane or crashing, including falling asleep behind the wheel.",
1,Licensing & Permit Requirements,"When stopped for a traffic violation or at an equipment check, what must a driver produce?","a:Only their license.,b:Only their insurance and registration.,c:Their license, insurance, and registration.",c,"When stopped for a traffic violation or equipment check, you must be able to show your driver’s license, proof of vehicle registration, and proof of insurance. These documents show that you are legally allowed to drive and that the vehicle is properly registered and insured.",
2,Traffic Laws & Rules of the Road,You must not enter an intersection if you know you will block it when the light turns red. When is it acceptable to enter in this situation?,"a:Unless you entered the intersection on a yellow light.,b:Under any circumstances.,c:Unless you entered the intersection on a green light.",b,"You must not enter an intersection if traffic ahead will force you to stop and block the intersection, even if the light is green. Only enter when you are sure you can completely clear the intersection without stopping in it; blocking cross traffic is illegal and unsafe.",difficult
8,Special Situations & Road Users,"If there is no marked crosswalk and you see a pedestrian crossing your lane, what should you do?","a:Make sure the pedestrian can see you before proceeding.,b:Cautiously drive around the pedestrian.,c:Stop and let the pedestrian finish crossing.",c,Drivers must yield to pedestrians in the roadway even when no crosswalk is present; stop and allow them to finish crossing safely.,
5,Driving in Special Conditions,"If an oncoming vehicle fails to dim its high beams while driving at night, what should you do?","a:Look toward the right edge of your lane and use your peripheral vision.,b:Look straight ahead in your lane.,c:Flash your high beams to remind them to dim theirs.,d:Close your eyes briefly until the vehicle passes.",a,"Bright headlights can temporarily blind you if you look directly at them. Instead, glance toward the right edge of your lane and use your peripheral vision to track the oncoming vehicle while maintaining your lane position and speed as safely as possible.",
8,Special Situations & Road Users,"When following a motorcycle, what should you do?","a:Drive more slowly than usual.,b:Be ready to use your horn often.,c:Follow at the same distance as you would a car.,d:Allow a larger following distance (3–4 seconds).",d,"Motorcycles are smaller, can stop quickly, and may be less stable than cars. Leave a larger following distance—at least 3–4 seconds—so you have extra time and space to react if the motorcycle slows or stops suddenly.",difficult
7,Vehicle Ownership & Responsibilities,"When parking on any hill, what should you always do?","a:Turn your front wheels parallel to the road regardless of curb presence.,b:Use your parking brake and leave the vehicle in park (or in gear).,c:Leave the car in neutral if you expect to return soon.,d:One of your rear wheels must touch the curb.",b,"On any hill, always set the parking brake and leave the vehicle in park (automatic) or in gear (manual). This helps prevent the vehicle from rolling if the primary brakes fail; you then turn the wheels appropriately based on whether there is a curb and which way the vehicle would roll.",
4,Safe & Defensive Driving Practices,"As you approach the crest of a hill, you should:","a:Speed up slightly to maintain momentum.,b:Prepare to stop if necessary and reduce speed as needed.,c:Maintain a steady speed regardless of visibility.,d:Move to the left side of the lane for a better view.",b,"When you approach the top of a hill, your view of what’s ahead is limited. Reduce your speed and be prepared to stop in case there is a stopped vehicle, pedestrian, animal, or other hazard just over the crest.",
2,Traffic Laws & Rules of the Road,What is an important step to take when making a turn?,"a:Check traffic in all directions.,b:Always move to the left lane.,c:Increase your speed.",a,"Before turning, you must check traffic in all directions—ahead, behind, and to the sides—to be sure the turn can be made safely. This includes checking mirrors and blind spots and adjusting your speed as needed.",
4,Safe & Defensive Driving Practices,"If you become drowsy while driving, what is the best immediate action?","a:Try to fight it.,b:Take a break.,c:Take some caffeine pills.",b,"If you feel drowsy, stop at the nearest safe place to rest, nap, stretch, or switch drivers; caffeine is not a safe substitute for rest.",
8,Special Situations & Road Users,How must you yield right-of-way to an emergency vehicle using siren and flashing lights?,"a:Drive as closely to the right edge of the road as possible and stop.,b:Move into the right lane and drive slowly until it has passed.,c:Stop immediately, even if you are within an intersection.",a,"When an emergency vehicle approaches using a siren and flashing lights, you must pull as close as you safely can to the right edge of the road and stop, then remain stopped until it has passed. Do not stop in an intersection; if you are in one, clear the intersection first, then pull over and stop.",difficult
7,Vehicle Ownership & Responsibilities,"If you are involved in a minor collision with no injuries and little damage, what should you do with your vehicle?","a:Leave your vehicle in the traffic lane until law enforcement arrives.,b:Move your vehicle out of the traffic lane, if possible.,c:Not move your vehicle for any reason.",b,"In a minor collision with no injuries and drivable vehicles, you should move your vehicle out of the traffic lane if it is safe to do so. Moving to the shoulder or a nearby safe area helps prevent additional crashes and keeps traffic flowing.",
7,Vehicle Ownership & Responsibilities,"If a vehicle has airbags, what is still required for best protection?","a:Seat belts should still be worn.,b:Seat belts do not need to be worn.,c:Seat belts should be worn behind the back.",a,"Airbags are designed to work together with seat belts, not replace them. For the best protection, always wear your lap and shoulder belt properly, even in vehicles equipped with airbags.",
4,Safe & Defensive Driving Practices,"If your car begins to skid out of control, what is the correct braking action?","a:Apply the brakes lightly.,b:Stay off the brakes.,c:Pump the brakes.",b,"When a vehicle begins to skid, braking can make the skid worse by locking the wheels and reducing your ability to steer. The safest action is usually to stay off the brakes and focus on steering smoothly in the direction you want the front of the vehicle to go until you regain traction.",
2,Traffic Laws & Rules of the Road,Is it ever acceptable to drive on the shoulder to pass another vehicle?,"a:If the vehicle ahead is turning left, pass on the shoulder.,b:Only if the shoulder is wide enough.,c:If traffic is stopped, pass on the shoulder.,d:No — do not drive on the shoulder to pass.",d,"You must not drive on the shoulder to pass another vehicle. The shoulder is for emergencies and breakdowns, not for travel or passing. Other drivers may pull onto the shoulder unexpectedly, so using it as a passing lane is dangerous and illegal in most situations.",difficult
5,Driving in Special Conditions,"When driving at night, what should you do to stay safe?","a:Increase your following distance.,b:Always use your high beams.,c:Look directly at the headlights of oncoming vehicles.",a,"At night your visibility is reduced, so you need more time and space to react. Increasing your following distance gives you extra room to see hazards and stop safely. Use high beams only when appropriate and dim them for oncoming traffic; never stare directly into other vehicles’ headlights.",
3,"Signs, Signals & Road Markings","When approaching an intersection with a flashing red light, you must:","a:Come to a complete stop, yield to oncoming traffic and pedestrians, then proceed.,b:Reduce your speed and proceed with caution.,c:Come to a complete stop and remain stopped as long as the light is red.",a,"A flashing red light means the same as a stop sign. You must come to a complete stop, check for cross traffic and pedestrians, yield to anyone with the right-of-way, and then proceed only when the intersection is clear and it is safe to go.",
8,Special Situations & Road Users,"After passing a large truck, how should you re-enter the lane?","a:Give the truck plenty of room before you move back into the lane.,b:Re-enter immediately and then slow down.,c:Re-enter whenever you feel like it.,d:Cut in front quickly to prevent the truck from speeding up.",a,"Large trucks need more distance to stop and have bigger blind spots. After passing, do not move back into the lane until you can see the entire front of the truck in your rearview mirror. This ensures you have left enough space and reduces the risk of being rear-ended if you need to slow down.",difficult
8,Special Situations & Road Users,What must you do when an emergency vehicle approaches with flashing red or blue lights?,"a:Pull over to the side of the road and come to a complete stop.,b:Continue driving, but try to stay out of its way.,c:See if you can reach your destination before the emergency vehicle catches up to you.",a,"When an emergency vehicle approaches with flashing red or blue lights and a siren, you must pull as far to the right side of the road as safely possible and come to a complete stop. This creates a clear path so the emergency vehicle can pass quickly and safely. Do not speed up, block the lane, or try to outrun the vehicle.",
4,Safe & Defensive Driving Practices,How can you help keep the driver behind you a safe distance away?,"a:Maintaining a steady speed.,b:Driving 10 mph faster than the car behind you.,c:Driving 10 mph slower than the car behind you.",a,"Keeping a steady speed and signaling early helps drivers behind you judge distance and react smoothly, which encourages them to maintain a safe following distance. Sudden speeding up or slowing down can cause tailgating or rear-end collisions.",
5,Driving in Special Conditions,Which habits are dangerous when driving through work zones?,"a:Both tailgating and failing to watch for workers/equipment.,b:Only tailgating other vehicles.,c:Only failing to watch for workers and equipment.,d:Driving at posted speed limits.",a,"Work zones require extra caution. Following too closely (tailgating) gives you little time to react to sudden stops, and not watching for workers, equipment, and lane shifts greatly increases crash risk. You should slow down, increase following distance, and stay alert for workers and machinery.",difficult
3,"Signs, Signals & Road Markings",A broken yellow centerline between lanes indicates:,"a:Passing on the left is permitted when the way ahead is clear.,b:Passing is never permitted.,c:Passing on the right is permitted when the way ahead is clear.,d:Traffic flows in the same direction on both sides of the line.",a,A broken yellow centerline means traffic is moving in opposite directions and passing on the left is allowed when the lane is clear of oncoming traffic. You must be sure you have enough space and visibility to pass safely before crossing the line.,
3,"Signs, Signals & Road Markings","At an intersection showing a flashing yellow light, what is the correct action?","a:Slow down and cross the intersection carefully.,b:Stop, then enter the intersection when it is safe to do so.,c:Yield to all traffic before crossing the intersection.",a,"A flashing yellow light means proceed with caution. You must slow down, scan for cross traffic, pedestrians, and other hazards, and then continue through the intersection only when it is safe. Unlike a flashing red light, you are not required to stop first.",
5,Driving in Special Conditions,"Work zone barriers, drums, cones, and signs are used to do what?","a:Make drivers angry about slow traffic.,b:Inconvenience drivers.,c:Keep traffic out of hazardous work zones.",c,Work zone devices mark hazardous areas and direct traffic to protect both workers and road users; obey them and slow down.,
5,Driving in Special Conditions,Which action is appropriate when driving at night?,"a:Always use your high beams.,b:Look directly at the headlights of an oncoming vehicle.,c:Increase your following distance.",c,Increase following distance in the dark to allow more time to respond; use high beams appropriately and avoid staring at oncoming lights.,
2,Traffic Laws & Rules of the Road,When is it legal to make a left turn on red after stopping?,"a:You are traveling on a two-way street and turning onto a two-way street.,b:You are traveling on a one-way street and turning onto another one-way street.,c:You yield to all other traffic at the intersection.",b,"After a full stop, turning left on red is only allowed from a one-way street onto another one-way street unless prohibited by signs.",
2,Traffic Laws & Rules of the Road,"If you are being passed repeatedly on both sides while in the center lane of an expressway, what should you do?","a:Move to the lane on your right.,b:Stay in the center lane.,c:Move to the lane on your left.,d:Increase speed to stay out of others' way.",a,"On multi-lane roads, drive in the right lane unless passing or preparing for a left turn; use right lanes if traveling slower than traffic flow.",
8,Special Situations & Road Users,"When approaching a stopped school bus with flashing lights and the stop arm extended, what must you do?","a:Stop only if you are behind the bus.,b:Slowly pass the bus while watching for children.,c:Proceed at 15 mph if no children are in sight.,d:Stop and remain stopped until the arm is retracted and lights stop flashing.",d,You must stop for a stopped school bus with flashing lights and extended stop arm until the bus moves and the signals are turned off.,
8,Special Situations & Road Users,Which statement about large trucks is correct?,"a:They require longer distances to stop than passenger vehicles.,b:They have air brakes that always allow rapid stops.,c:They are more maneuverable than cars.,d:They stop in the same distance as passenger cars.",a,"Large trucks are much heavier than passenger vehicles, so even with good brakes they need more distance to stop at the same speed. You should never assume a truck can stop as quickly as a car; leave extra space in front of and behind large trucks.",
4,Safe & Defensive Driving Practices,Which of the following is a safe driving technique?,"a:Checking your rearview mirrors frequently.,b:Using high beam headlights in fog.,c:Staring fixedly at the road ahead with no scanning.,d:Driving with only parking lights at night.",a,"Safe drivers constantly scan the road and check mirrors every few seconds to stay aware of traffic behind and beside them. In fog you should use low beams, not high beams, and you must always use your regular headlights at night, not just parking lights.",
2,Traffic Laws & Rules of the Road,"When entering the interstate from a short ramp with no acceleration lane, what should you do?","a:Immediately enter the far-right traffic lane on the interstate and speed up to match the flow of traffic.,b:Use the shoulder of the main road to get up to the speed of traffic.,c:Speed up and enter the interstate only after you have identified a gap in traffic.",c,"If there is no acceleration lane, you must judge traffic carefully, wait for a safe gap, and then accelerate firmly to match the speed of traffic as you merge. Never use the shoulder as a makeshift acceleration lane, and do not force your way in without a safe opening.",
5,Driving in Special Conditions,"Which headlights should you use when driving in fog, rain, or snow?","a:Low beams.,b:High beams.,c:Fog lights only.",a,"In fog, rain, or snow, use low beam headlights because their light aims down at the road and reduces glare. High beams reflect off moisture in the air and can bounce back into your eyes, making it harder to see. Fog lights may be used in addition to low beams if your vehicle has them, but they do not replace low beams.",
6,"Alcohol, Drugs & Impaired Driving",The measurement of alcohol in a person's blood is known as:,"a:Implied consent (IC).,b:Blood alcohol concentration (BAC).,c:Rate of alcohol consumption (RAC).,d:Breath alcohol index (BAI).",b,"Blood Alcohol Concentration (BAC) is the standard measure of how much alcohol is in a person’s bloodstream, usually expressed as a percentage. Higher BAC levels mean greater impairment and increased risk of a crash.",
2,Traffic Laws & Rules of the Road,"At a Yield sign, what must you do?","a:Yield the right-of-way to cross traffic that is near enough to cause conflict.,b:Yield the right-of-way only to vehicles on your right.,c:Always slow down and proceed without stopping.",a,"At a Yield sign, you must slow down and be prepared to stop. You must let any traffic, bicyclists, or pedestrians that are close enough to be a hazard go first. Only enter or cross when you are sure you can do so without forcing others to slow or stop suddenly.",
3,"Signs, Signals & Road Markings",How must you treat a flashing red traffic light when you approach it?,"a:Treat the intersection as if it is controlled by a stop sign.,b:May not proceed until it changes to green.,c:You are traveling in the wrong direction.",a,"A flashing red light is treated exactly like a stop sign. You must come to a complete stop, yield to any traffic or pedestrians with the right‑of‑way, and then proceed only when it is safe.",
2,Traffic Laws & Rules of the Road,Who must drivers turning left yield to?,"a:No one.,b:Oncoming cars.,c:Overtaking cars.",b,"When turning left, you must yield to oncoming traffic that is going straight or turning right, as well as to pedestrians in the crosswalk. Turn only when there is a safe gap so you do not interfere with oncoming vehicles.",
5,Driving in Special Conditions,Which statement about roadwork zones is true?,"a:Fines are the same for violations committed in work zones as they are under normal traffic conditions.,b:You must 'Slow for the Cone Zone.'.,c:Slow down only if you think workers are present.",b,"In work zones, you must slow down, obey all posted work‑zone signs, and be prepared for workers, equipment, and sudden changes in traffic patterns. Many states increase fines for violations in work zones to improve safety for workers and drivers.",difficult
6,"Alcohol, Drugs & Impaired Driving",What is the only factor that reduces blood alcohol concentration (BAC)?,"a:Eating foods high in fat,b:Drinking caffeine,c:Time",c,"Only time lowers your BAC. Your body needs time to metabolize alcohol; food, coffee, cold showers, or exercise do not speed up this process or make you sober more quickly.",
2,Traffic Laws & Rules of the Road,"If a truck or bus is making a right turn and you also need to turn right, what should you do?","a:Wait until the truck or bus has completed its turn before you turn.,b:Quickly turn in front of the truck to avoid delay.,c:Squeeze between the vehicle and the curb to turn.,d:Sound your horn and pass on the right.",a,Large trucks and buses need extra space to turn and often swing wide. Never try to squeeze between a turning large vehicle and the curb or cut in front of it. Stay back and wait until the truck or bus has fully completed its turn before you make your right turn.,
5,Driving in Special Conditions,"In bad weather, what steering and braking technique should you use?","a:Steer and brake smoothly.,b:Steer off the road in all bad weather conditions.,c:Drive in a low gear on all roads in bad weather.",a,"In rain, snow, ice, or other bad weather, you are more likely to skid if you make sudden steering or braking movements. Steer and brake gently and smoothly so your tires maintain traction and you keep control of the vehicle.",
4,Safe & Defensive Driving Practices,Excessive speed often results in:,"a:Higher crash risk and more severe collisions.,b:Increased ability to react to a hazard.,c:No change in crash risk.",a,"Driving too fast reduces the time you have to see hazards and make safe decisions. At higher speeds, you are more likely to misjudge distances, react late, and choose risky maneuvers, and any crash will be more severe.",
3,"Signs, Signals & Road Markings","If you are driving on a highway next to a single broken white line, what is permitted?","a:You may cross the line to pass or change lanes when it is safe.,b:You cannot cross the line to pass or change lanes.,c:You may only cross the line to change lanes if you are in the left lane.",a,A single broken white line separates lanes moving in the same direction. You may cross it to change lanes or pass another vehicle when it is safe and legal to do so. Always check mirrors and blind spots and signal before changing lanes.,
3,"Signs, Signals & Road Markings","When double solid yellow lines separate lanes of traffic, what does that mean?","a:Passing is permitted from the left.,b:Passing is permitted from the right.,c:Passing is not permitted from either direction.",c,Double solid yellow lines separate traffic moving in opposite directions and mean that passing is not allowed from either direction. You must stay in your lane and may only cross these lines when making a permitted left turn or when specifically allowed by signs.,
3,"Signs, Signals & Road Markings",What does a broken yellow line between two lanes of traffic mean?,"a:Both lanes of traffic are going in the same direction.,b:Passing is permitted when it's safe.,c:Passing is not permitted.",b,A broken (dashed) yellow line between lanes means two-way traffic with passing allowed in both directions when there is no oncoming traffic and it is safe. Always check for sufficient space and visibility before crossing the center line.,
4,Safe & Defensive Driving Practices,A vehicle suddenly cuts in front of you. What should be your first response?,"a:Take your foot off the gas pedal.,b:Honk and step on the brake firmly.,c:Swerve into the lane next to you.",a,"When a vehicle cuts in front of you, the safest first response is to ease off the accelerator to increase following distance smoothly. Avoid sudden braking or swerving, which can cause a rear-end collision or loss of control.",
3,"Signs, Signals & Road Markings",What does a solid yellow line next to a broken yellow line indicate for the side with the broken line?,"a:Vehicles next to the broken line may pass when safe.,b:Vehicles on both sides may pass anytime.,c:Vehicles next to the solid line may pass.,d:No passing allowed for either side.",a,"A solid yellow line next to a broken yellow line means the side with the broken line may pass when it is safe, while the side with the solid line may not pass. Always ensure there is enough clear distance and no oncoming traffic before passing.",
5,Driving in Special Conditions,"If the roadway is wet or icy, what should you do?","a:Reduce your speed.,b:Drive at the posted speed.,c:Speed up.",a,"On wet, snowy, or icy roads, tire traction is reduced, so you must slow down below the posted speed and drive smoothly. Gentle steering, braking, and acceleration help maintain control and reduce the risk of skidding.",
8,Special Situations & Road Users,The driver ahead of you stops at a crosswalk. What should you do?,"a:Cautiously pass the vehicle at 10 mph or slower.,b:Stop, proceeding only when all the pedestrians have crossed.,c:Change lanes, look carefully, and pass the stopped vehicle.",b,"If a driver stops at a crosswalk, you must also stop and not pass the stopped vehicle. Pedestrians may be crossing in front of that vehicle and hidden from your view. Proceed only after all pedestrians have completely crossed and the crosswalk is clear.",
3,"Signs, Signals & Road Markings",What does a diamond-shaped traffic sign indicate?,"a:Warning.,b:Yield.,c:Stop.",a,"Diamond-shaped signs are used for warnings. They alert drivers to special conditions or hazards ahead, such as curves, merging traffic, or pedestrian crossings, and are usually yellow or orange.",
5,Driving in Special Conditions,"If your vehicle has ABS and you must stop on snow or ice, you should:","a:Press and hold the brake pedal firmly.,b:Pump the brakes.,c:Stay off the brakes and wait for the car to drift to a stop.",a,"With ABS (Anti-Lock Braking System), you should press the brake pedal firmly and hold it. The system automatically pumps the brakes to prevent wheel lockup, allowing you to steer while braking hard on slippery surfaces.",
6,"Alcohol, Drugs & Impaired Driving",Alcohol in any concentration is classified as what?,"a:A stimulant.,b:A depressant.,c:Neither of the above.",b,"Alcohol is classified as a depressant. It slows brain and nervous system activity, reducing judgment, coordination, and reaction time, which makes driving unsafe even at low levels.",
2,Traffic Laws & Rules of the Road,"When entering a turn lane to prepare for a left turn where there is oncoming traffic, what should you do before turning?","a:Move to the left of the center lane and stop.,b:Turn your front wheels left to be ready to turn.,c:Honk to warn oncoming traffic.,d:Signal well in advance and keep your front wheels pointed straight until you begin the turn.",d,"When preparing for a left turn from a turn lane, signal well in advance and keep your front wheels pointed straight until you actually start turning. If you are hit from behind while your wheels are turned, your vehicle could be pushed into oncoming traffic.",
5,Driving in Special Conditions,Your vehicle may hydroplane at speeds as low as approximately:,"a:25 miles per hour.,b:45 miles per hour.,c:40 miles per hour.,d:35 miles per hour.",d,Hydroplaning can start at about 35 mph when there is enough water on the road for your tires to ride on top of it instead of gripping the surface. Slowing down in wet conditions helps maintain traction and steering control.,difficult
2,Traffic Laws & Rules of the Road,You should always drive at what speed?,"a:At a speed appropriate for road and weather conditions.,b:At the speed of vehicles surrounding you.,c:At the speed limit.",a,"You must always choose a speed that is safe for current road, traffic, and weather conditions, even if that means driving below the posted speed limit. Never exceed the speed limit, and slow down when visibility, road surface, or traffic conditions are poor.",
4,Safe & Defensive Driving Practices,When should you allow an extra cushion of space around your vehicle?,"a:When following a small passenger car.,b:When following a driver who cannot see the rear of their vehicle.,c:When following a station wagon.",b,"Leave extra following distance behind large vehicles such as trucks, buses, and vehicles towing trailers because they have large blind spots and may block your view of the road ahead. More space gives you extra time to react if they stop or slow suddenly.",
5,Driving in Special Conditions,"If your vehicle becomes disabled on the highway, what should you try to do?","a:Stop where you are.,b:Stop in the right lane.,c:Park with all four wheels off the traveled highway, if possible.",c,"If your vehicle becomes disabled, you should, if possible, move completely off the traveled portion of the highway so you are not in the path of moving traffic. Parking with all four wheels off the roadway greatly reduces the risk of a collision.",
3,"Signs, Signals & Road Markings",What does a red arrow on a traffic signal mean for turning in that direction?,"a:Not turn in that direction until the light turns green.,b:Turn in that direction after slowing and checking for traffic.,c:Turn in that direction after you come to a complete stop.",a,"A red arrow means you must stop and remain stopped; you may not turn in the direction of the arrow until a green arrow or green light allows the movement, unless a specific state law and sign allow a turn on red. Treat it like a red light for that direction of travel.",
5,Driving in Special Conditions,"If there is a deep puddle on the road ahead, what should you do?","a:Brake hard before entering the puddle.,b:Maintain the posted speed to drive through it.,c:Shift into neutral as you go through the water.,d:Avoid the puddle if possible.",d,"Deep or large puddles can cause hydroplaning, loss of control, or mechanical damage. If you can safely do so, steer around the puddle or choose another path so your tires stay on a more predictable, dry surface.",
8,Special Situations & Road Users,"When near a large commercial vehicle, what should you avoid?","a:Avoid driving beside it for long stretches of time.,b:Follow the large vehicle closely to reduce wind drag on your vehicle.,c:Drive on its right side when on curves and hills.",a,"Large trucks and buses have big blind spots along both sides, especially on the right. If you drive beside them for a long time, the driver may not see you and you have less room to react if they need to change lanes or swerve. Pass promptly and avoid lingering next to large commercial vehicles.",
2,Traffic Laws & Rules of the Road,"When merging onto a freeway, how should your speed compare to freeway traffic?","a:More slowly than the freeway traffic.,b:At or near the speed of the freeway traffic.,c:At the legal speed limit.",b,"Use the freeway entrance ramp and acceleration lane to match the speed of traffic already on the freeway. Entering much slower than other vehicles can cause drivers behind you to brake or swerve, creating a hazard. Adjust your speed to merge smoothly with the flow, as long as it is within the legal limit and safe for conditions.",
4,Safe & Defensive Driving Practices,"If it feels like your tires have lost contact with the road surface, what should you do?","a:Slow down by shifting into a lower gear.,b:Ease your foot off the gas pedal.,c:Slow down by pumping the brakes quickly and firmly.",b,"If your tires lose contact with the road (such as during hydroplaning), gently ease your foot off the accelerator and keep the steering wheel straight. Do not brake or make sudden turns, because that can cause a skid. As your tires slow slightly, they will regain traction and you can then adjust speed and direction safely.",
2,Traffic Laws & Rules of the Road,"If many vehicles are passing you on the right while you are driving in the left lane and the driver behind you wants to go faster, what should you do?","a:Move into the right lane when it is safe.,b:Stay in your lane so you don't impede the flow of traffic.,c:Drive onto the left shoulder to let the other vehicles pass.",a,"The left lane is generally for passing or faster-moving traffic. If vehicles are passing you on the right and a driver behind you wants to go faster, you are likely impeding traffic. When it is safe, move into the right lane so faster vehicles can pass on the left and traffic can flow smoothly.",
2,Traffic Laws & Rules of the Road,"When turning left from a two-way street onto a one-way street, you should enter:","a:Any available lane.,b:The second lane from the curb.,c:The first (closest) lane on the one-way street.,d:The farthest lane from the curb.",c,"When turning from a two-way onto a one-way street, turn into the nearest (first) legal lane of the one-way street.",
3,"Signs, Signals & Road Markings",Regulatory signs generally are which of the following?,"a:White,b:Green,c:Yellow",a,"Regulatory signs tell you about laws you must obey, such as speed limits, lane use, and parking rules. In the U.S., these signs are generally white rectangles or squares with black, red, or sometimes green letters or symbols, so white is the correct color choice.",
4,Safe & Defensive Driving Practices,"Before backing a vehicle, what should you do?","a:Both walk around the vehicle and look to the front, sides, and rear.,b:Walk completely around the vehicle to be sure no person or obstacle is behind it.,c:Look to the front, sides, and rear.",a,"Before backing, you should walk around the vehicle if possible to check for children, pedestrians, or objects that are low and hard to see. Then, get in, check the front, sides, and rear, and continue looking over your shoulder while backing. Do not rely only on mirrors, because they do not show the full blind area behind the vehicle.",
4,Safe & Defensive Driving Practices,"If the rear of your vehicle begins skidding to the left, what should you do?","a:Turn your steering wheel to the left to correct the skid.,b:Not turn your steering wheel.,c:Turn your steering wheel to the right to correct the skid.",a,"In a skid, always steer in the direction the rear of the vehicle is sliding. If the rear moves left, you turn the steering wheel left; if it moves right, you turn right. At the same time, ease off the accelerator and avoid hard braking so the tires can regain traction.",
2,Traffic Laws & Rules of the Road,How can you check your blind spot when changing lanes?,"a:Using your side mirror.,b:Turning your head and looking over your shoulder.,c:Using the inside rearview mirror.",b,"Mirrors do not show everything around your vehicle; there are blind spots along the sides. To check a blind spot before changing lanes, quickly turn your head and look over your shoulder in the direction you plan to move. Use mirrors first, then a shoulder check, and only change lanes when it is clear.",
7,Vehicle Ownership & Responsibilities,"If your vehicle's suspension is in poor condition, what can it cause?","a:Vehicle control problems.,b:Squealing brakes.,c:Slack in the steering.",a,"Your suspension system helps keep the tires in contact with the road and stabilizes the vehicle. If it is worn or damaged, the car can bounce, sway, or handle poorly, which can make it harder to steer and control, especially in turns or during sudden maneuvers.",
2,Traffic Laws & Rules of the Road,"When leaving an alley or driveway to enter a roadway, what should you do regarding the sidewalk?","a:Stop only if pedestrians are on the sidewalk.,b:Expect pedestrians to yield the right-of-way.,c:Stop before driving onto the sidewalk or sidewalk area.",c,"When exiting an alley or driveway, you must stop before crossing the sidewalk or sidewalk area. This allows you to check carefully for pedestrians and other traffic, who have the right‑of‑way. Only after ensuring the sidewalk is clear and it is safe may you proceed.",
5,Driving in Special Conditions,Why should high beam headlights not be used in fog or mist?,"a:Vehicles behind you may follow too closely.,b:The light will reflect back into your eyes and reduce visibility.,c:Approaching vehicles might not see you.,d:High beams are illegal in foggy conditions.",b,"In fog or mist, high beams shine more light into the tiny water droplets in the air. That light reflects back toward your eyes, creating glare and making it harder to see. Use low beam headlights in fog so the light aims down at the road and improves visibility.",difficult
3,"Signs, Signals & Road Markings",What does a solid yellow line on your side of the centerline mean?,"a:Traffic light ahead.,b:Reduce your speed.,c:Do not pass.",c,"A solid yellow line on your side of the centerline means passing is prohibited in your direction of travel. You must stay in your lane and not cross the line to pass another vehicle, because sight distance or other conditions make passing unsafe.",
5,Driving in Special Conditions,"When driving in work zones, what is a safe practice?","a:Follow the driver in front of you closely.,b:Pass the driver in front of you as soon as you can.,c:Avoid tailgating and keep a safe following distance.",c,"In work zones, traffic can stop or change lanes suddenly due to workers, equipment, or lane shifts. Keeping a larger following distance and avoiding tailgating gives you more time and space to react safely to unexpected slowdowns or obstacles.",
4,Safe & Defensive Driving Practices,Why should you look farther ahead on a freeway compared to a city street?,"a:Because it helps you keep up with traffic.,b:Because it takes a quarter of a mile to stop your vehicle completely.,c:In order to see potential hazards early.",c,"At freeway speeds, you cover distance much faster, so hazards can develop quickly. Looking farther ahead lets you spot slow traffic, lane changes, and other problems early, giving you more time to adjust your speed or lane smoothly and safely.",
8,Special Situations & Road Users,Motorcycles on the road are entitled to what lane width?,"a:The width of the sidewalk.,b:The same full lane width as other motor vehicles.,c:One-half of the width of a lane.",b,"Motorcycles are entitled to the same full lane width as any other motor vehicle. Drivers of cars and trucks should not crowd or share a lane side‑by‑side with a motorcycle, because motorcycles need room to maneuver and maintain a safety cushion.",
3,"Signs, Signals & Road Markings",How can you check vehicles that are in your blind spots?,"a:Look over your shoulders.,b:Only use the inside rearview mirror.,c:Only use the outside rearview mirrors.,d:Trust the sensors to detect them. ",a,"Every vehicle has blind spots that mirrors cannot cover. Before changing lanes or merging, quickly glance over your shoulder in the direction you plan to move to check these blind spots, in addition to using your mirrors.",
5,Driving in Special Conditions,"At dawn, dusk, or during rain or snow when visibility is poor, you should:","a:Turn on your parking lights.,b:Increase instrument panel lighting only.,c:Turn on your headlights (low beams).,d:Use high beam headlights for better visibility.",c,"When visibility is poor at dawn, dusk, or in rain or snow, you should turn on your low‑beam headlights. Low beams help you see and be seen without causing glare for other drivers, and many states require headlights whenever wipers are in use.",
7,Vehicle Ownership & Responsibilities,Which statement best describes backing your vehicle?,"a:Backing up is only dangerous in large vehicles.,b:Backing is safer than driving forward.,c:Backing up is only dangerous if you have a helper.,d:Backing up is always hazardous and requires extra caution.",d,"Backing is always more hazardous than driving forward because your view to the rear is limited and it is harder to judge distance and path. Back up slowly, check around your vehicle, use mirrors and cameras if available, and use a spotter when possible.",
3,"Signs, Signals & Road Markings",A steady green traffic light at an intersection allows you to do what?,"a:Increase your speed to clear the intersection quickly.,b:Adjust your mirrors before entering the intersection.,c:Proceed straight or turn, if the way is clear, at a safe and reasonable speed while yielding to pedestrians and traffic already in the intersection.",c,"A steady green light means you may go straight or turn, but only if the intersection is clear and it is safe. You must still yield to pedestrians in the crosswalk and to any vehicles already in the intersection or lawfully within the intersection on a conflicting movement.",
5,Driving in Special Conditions,"If dust or smoke reduce visibility, what lights should you use?","a:Headlights.,b:Parking lights.,c:Emergency flashers only.,d:Hazard lights without headlights.",a,"Use your regular headlights (low beams) whenever dust, smoke, fog, or similar conditions reduce visibility. Headlights help you see the road and, just as importantly, help other drivers see you. Parking lights or hazard flashers alone are not sufficient or appropriate for driving in low-visibility conditions.",
6,"Alcohol, Drugs & Impaired Driving","While in a vehicle on a highway, is it legal to have or drink from an open container of alcohol?","a:It is illegal to either drink from or possess open containers of alcohol.,b:It is legal to drink alcohol if you're not driving.,c:It is legal to drink alcohol if you're driving but not drunk.",a,"Open container laws generally make it illegal for anyone in a moving vehicle on a public road to possess or drink from an open container of alcohol, whether they are the driver or a passenger. Even if you are not driving, you may not legally drink from or have an open alcoholic beverage in the vehicle while it is being operated on the highway.",
4,Safe & Defensive Driving Practices,"If you see a pedestrian crossing your lane where there is no marked crosswalk, what should you do?","a:Make eye contact and then pass the pedestrian.,b:Honk to urge them to hurry.,c:Slow down as you pass the pedestrian.,d:Stop and let the pedestrian finish crossing the street.",d,"Even without a marked crosswalk, you must yield to pedestrians crossing your lane and allow them to finish crossing.",
3,"Signs, Signals & Road Markings",What does a pentagon-shaped traffic sign indicate?,"a:Stop sign.,b:Regulatory sign.,c:School zone or school crossing sign.",c,"A pentagon-shaped sign is used for school zones and school crossings. When you see this five-sided sign, be prepared to slow down, watch carefully for children, and obey any posted school zone speed limits or crossing guard directions.",
5,Driving in Special Conditions,"When using windshield wipers in rain, snow, or sleet, what else must you do?","a:Use your low beam headlights.,b:Use your high beam headlights.,c:Honk intermittently to alert other drivers to the lowered visibility.",a,"When rain, snow, or sleet requires you to use your windshield wipers, you must also turn on your low beam headlights. This improves your visibility and makes your vehicle easier for others to see. High beams should not be used in precipitation because they can reflect off moisture and make it harder to see.",
8,Special Situations & Road Users,How should you behave when you approach a person crossing the street using a white cane or guide dog?,"a:Stop and remain stopped until the person is safely clear of your path.,b:Honk to let them know you're there and proceed slowly.,c:Carefully drive around them without stopping.,d:Wave them on to cross quickly.",a,"Blind pedestrians using a white cane or guide dog always have the right‑of‑way. You must stop and remain stopped until they have completely crossed and are well clear of your path, and you should not honk, wave, or try to direct them.",
2,Traffic Laws & Rules of the Road,Drivers are required to obey instructions from which of the following persons at construction sites?,"a:Security guards patrolling parking lots.,b:Other drivers whose vehicles are broken down on the roadway.,c:Flaggers (signal persons) at construction sites.,d:All of the above.",c,"In construction and work zones, drivers must obey the instructions of flaggers (signal persons) and any posted temporary traffic control devices. Flaggers have the same authority as signs or signals, and their directions override normal right‑of‑way rules to keep workers and drivers safe.",
2,Traffic Laws & Rules of the Road,"At a yield sign, what must a driver do?","a:Yield the right-of-way to cross traffic and pedestrians that are close enough to create a hazard, stopping if necessary.,b:Yield only to vehicles on your right.,c:Slow down but never stop.,d:Proceed first if you signal your intention.",a,"At a yield sign, you must slow down and be prepared to stop. Yield the right‑of‑way to any traffic or pedestrians already in the intersection or close enough to be a hazard. If traffic is clear, you may proceed without stopping; if not, you must stop and wait until it is safe.",difficult
4,Safe & Defensive Driving Practices,"If you feel drowsy while driving, what should you do?","a:Drink a caffeinated beverage and continue driving.,b:Turn off the radio to concentrate.,c:Open a window and keep driving.,d:Stop and rest or change drivers.",d,"Drowsy driving is extremely dangerous. If you feel sleepy, the only safe choice is to get off the road and rest or switch drivers. Tricks like opening a window, turning on the radio, or drinking caffeine do not reliably restore alertness and should not be relied on while driving.",
2,Traffic Laws & Rules of the Road,How can you tell you have enough space to return to your lane after passing another vehicle?,"a:If you look over your shoulder and see the passed car directly beside you.,b:If the other driver flashes their headlights for you to re-enter the lane.,c:If you can see both of the passed vehicle's headlights in your rearview mirror.,d:If you have been in the opposing lane for at least three seconds.",c,"After passing, you should not move back into your original lane until you are safely ahead of the other vehicle. A good rule is to wait until you can see both of the passed vehicle’s headlights in your rearview mirror; this indicates you have enough space to return without cutting them off.",
5,Driving in Special Conditions,"To reduce the chance of hydroplaning in rain, what should you do?","a:Move to the shoulder of the road as soon as it starts to rain.,b:Decrease your speed.,c:Put on cruise control to maintain a constant speed.",b,"Hydroplaning happens when your tires ride on a thin layer of water and lose contact with the road. The best way to reduce this risk is to slow down in wet conditions and drive smoothly. Avoid sudden steering or braking, and make sure your tires are properly inflated and have good tread.",
2,Traffic Laws & Rules of the Road,A flashing red traffic signal at an intersection means you must:,"a:Treat it the same as a stop sign (stop, yield, then go).,b:Expect the light to turn green shortly.,c:Slow down and proceed without stopping.,d:Treat it only as a yield sign.",a,"A flashing red light means the same as a stop sign. You must come to a complete stop, check for cross traffic and pedestrians, yield the right-of-way as needed, and then proceed only when it is safe.",
5,Driving in Special Conditions,Why is night driving more challenging?,"a:The speed limit is increased at night.,b:There are fewer cars on the roads at night.,c:Distance and vehicle speed are difficult to judge in the dark.",c,"At night, your visibility is limited to the area lit by your headlights, which makes it harder to judge how far away other vehicles are and how fast they are moving. Because of this, you should reduce speed and make sure you can stop within the distance you can see ahead.",
5,Driving in Special Conditions,What do orange-colored traffic signs indicate?,"a:Construction and maintenance warnings.,b:General warning signs.,c:Regulatory instructions like speed limits.,d:Guide signs for motorists.",a,"Orange traffic signs are used in work zones. They warn drivers about construction, maintenance, and temporary traffic control changes so you can slow down, be alert for workers and equipment, and follow any posted instructions.",
2,Traffic Laws & Rules of the Road,"If you frequently pass other cars on a two-lane road by speeding, what is the likely result?","a:You will arrive more quickly and more safely.,b:You will minimize your risk of an accident.,c:You will help reduce traffic congestion.,d:You will increase your chances of a collision.",d,"Frequently passing on a two-lane road usually means driving faster than surrounding traffic and spending more time in the oncoming lane. This greatly increases your risk of a head-on or side collision. Safe driving means keeping a steady, legal speed and passing only when it is legal, necessary, and clearly safe.",
2,Traffic Laws & Rules of the Road,"If you face a green light but pedestrians are in the intersection, what must you do?","a:You have the right-of-way over pedestrians.,b:Pedestrians must wait for you to cross.,c:You must yield the right-of-way to pedestrians.",c,"When you have a green light, you may go only if the intersection is clear. Pedestrians already in the crosswalk or entering on a proper signal have the right-of-way. You must wait until they have safely crossed your lane before proceeding, even if your light is green.",
8,Special Situations & Road Users,Why is extra space needed in front of a large truck?,"a:Other drivers to merge onto the freeway.,b:The truck driver to stop the vehicle.,c:Other drivers when they want to slow down.",b,Large trucks are heavy and need a much longer distance to stop than smaller vehicles. Leaving extra space in front of a truck gives the truck driver room to brake and helps prevent rear-end collisions if traffic slows or stops suddenly.,
5,Driving in Special Conditions,Hydroplaning happens when tires ride on a layer of water. How can you help prevent it?,"a:Put on your cruise control to maintain a constant speed.,b:Slow down.,c:Move to the shoulder of the road as soon as it starts to rain.",b,"Hydroplaning occurs when your tires lose contact with the road and ride on top of water. The faster you drive on wet roads, the more likely this is to happen. Slowing down and driving smoothly in the rain greatly reduces the risk of hydroplaning.",
3,"Signs, Signals & Road Markings",What does a curb painted red indicate?,"a:Loading zone.,b:The area is reserved for picking up or dropping off passengers.,c:No parking, standing, or stopping.",c,"A red-painted curb means you may not stop, stand, or park there at any time, except when required to obey a traffic signal or officer. It is used where stopping would create a serious safety hazard or block emergency access.",
2,Traffic Laws & Rules of the Road,"If another vehicle is passing you in a no-passing zone, how should you respond?","a:Pull off the road.,b:Maintain your speed and position.,c:Slow down and let the other driver safely return to the drive lane.",c,"If another driver is passing you illegally in a no-passing zone, do not speed up or compete for the lane. Instead, slow down slightly and keep to the right as needed so the passing driver can return to the proper lane as quickly and safely as possible.",
8,Special Situations & Road Users,"When a school bus is stopped to pick up or drop off children, what must motorists do?","a:Stop as required by law when a school bus has its red lights flashing and stop arm extended.,b:Slow down and be prepared to stop.,c:Stop only if you are driving in the same direction on any road, including divided highways.",a,"You must stop for a school bus with its red lights flashing and stop arm extended. However, on a divided highway with a physical barrier or unpaved median, oncoming traffic in the opposite direction is usually not required to stop (they should proceed with caution). Always know your state’s specific rules, but in most cases you stop when traveling in the same direction and when on an undivided roadway in either direction.",
7,Vehicle Ownership & Responsibilities,"When parking downhill on a two-way road with no curb, which way should you turn the front wheels?","a:Left, toward the center of the road,b:Straight ahead,c:Right, toward the side of the road",c,"When parking downhill with no curb, turn the front wheels toward the side of the road. If the vehicle rolls, it will move away from traffic instead of into the lane.",
2,Traffic Laws & Rules of the Road,"If stopped at a red light but a green arrow points your direction, when may you proceed?","a:You may proceed if you are in the proper lane, the intersection is clear, and you yield to pedestrians and any vehicles already in the intersection.,b:You must first come to a complete stop, then proceed.,c:You must wait until the circular red light changes.",a,"A green arrow is a protected turn signal. You may proceed in the direction of the arrow if you are in the proper lane and the intersection is clear, after yielding to pedestrians in the crosswalk and any vehicles already in the intersection. You do not need to stop first unless required by a sign or traffic condition.",difficult
5,Driving in Special Conditions,What should you do when driving through a work zone?,"a:Increase your speed to get through the zone as quickly as possible.,b:Maintain your normal speed the whole way through the zone.,c:Reduce your speed and be prepared to stop.",c,"In work zones, reduce your speed, obey all posted work zone signs, and be prepared to stop suddenly. Workers, equipment, and lane shifts can appear unexpectedly, so extra caution is required.",
3,"Signs, Signals & Road Markings",What message is displayed on a red octagon-shaped sign?,"a:Do not enter.,b:One-way.,c:Stop.",c,"A red octagon-shaped sign always means STOP. You must come to a complete stop at the stop line, crosswalk, or before entering the intersection, and proceed only when it is safe.",
5,Driving in Special Conditions,"To minimize glare from the headlights of an oncoming car, what should you do?","a:Close one eye until the car passes.,b:Glance briefly toward the right side of the road.,c:Flash your high beams back to the other driver.,d:Keep your focus on the centerline of the road.",b,"To reduce glare from oncoming headlights at night, briefly look toward the right edge of your lane and use it as a guide, while still checking the road ahead with your peripheral vision. Avoid staring directly into the oncoming lights, which can temporarily blind you.",
5,Driving in Special Conditions,When are streets and highways most slippery?,"a:When it has been raining hard for several hours.,b:Just after it starts to rain.,c:When they are clean and dry.",b,"Roads are often most slippery just after it starts to rain because the water lifts oil, grease, and other residues to the surface, creating a slick film. After it has rained for a while, much of this buildup is washed away and traction usually improves, though you should still drive carefully.",
5,Driving in Special Conditions,Do sudden wind gusts on highways affect only large vehicles?,"a:No — they can affect all vehicles and cause problems.,b:Yes — only large vehicles are affected.,c:They only cause visibility issues, not handling problems.,d:They only affect motorcycles.",a,"Sudden wind gusts can affect the steering and stability of any vehicle, not just large trucks or buses. Lighter vehicles and motorcycles can be pushed sideways, and even passenger cars may drift in their lane. Always keep a firm grip on the wheel and be prepared to adjust your steering in strong winds.",
5,Driving in Special Conditions,Continuous hard braking on ice or snow often causes what problem?,"a:Helps you stop faster.,b:Locks the front wheels of a vehicle, causing a loss of steering.,c:Keeps the brakes from freezing.",b,"On ice or snow, hard continuous braking can cause the wheels to lock, which makes you lose steering control and can lead to a skid. Instead, slow down early and brake gently and gradually. If your vehicle does not have ABS, use a light, pumping action on the brakes to help maintain control.",
7,Vehicle Ownership & Responsibilities,When must a vehicle be covered by liability insurance?,"a:At all times.,b:Only when used on public roads.,c:Only when operated by a minor.",a,Liability insurance is required whenever a motor vehicle is operated on public roads. It helps pay for injuries or property damage you may cause to others in a crash. You must maintain this coverage at all times the vehicle is driven or parked on public streets or highways.,
5,Driving in Special Conditions,"When driving in fog, you should use which type of headlights?","a:High beam headlights.,b:Low beam headlights.,c:Four-way flashers.,d:Parking lights only.",b,"Use low beam headlights in fog because their light aims down toward the road and reduces glare. High beams reflect off water droplets in fog, rain, or snow and can bounce back into your eyes, making it harder to see. Never drive with just parking lights in these conditions.",
8,Special Situations & Road Users,Why should you avoid making sudden stops in front of large trucks or buses?,"a:Because large vehicles have priority on the road.,b:Because large vehicles always travel faster than small ones.,c:Because small vehicles cannot see large vehicles in their rearview mirrors.,d:Because larger vehicles need longer distances to stop and may not be able to avoid a collision.",d,"Large trucks and buses are much heavier than passenger cars, so they need a longer distance to stop. If you brake suddenly in front of them, the driver may not be able to stop in time, increasing the risk of a rear-end collision. Always avoid cutting closely in front of large vehicles and leave extra space.",
2,Traffic Laws & Rules of the Road,"When changing lanes, what should you never do?","a:Ensure the lane is clear before moving over.,b:Look over your shoulder to check your blind spot.,c:Check mirrors for approaching vehicles.,d:Change lanes abruptly or without signaling.",d,"You should never change lanes abruptly or without signaling. Safe lane changes require signaling in advance, checking your mirrors, and looking over your shoulder to check blind spots. This gives other drivers time to react and helps prevent sideswipe and rear-end collisions.",
3,"Signs, Signals & Road Markings",You may cross double yellow lines to pass another vehicle when which condition is met?,"a:You may never cross any double yellow lines to pass another vehicle.,b:You may cross when the yellow line next to your side of the road is broken.,c:You may cross when the yellow line next to the opposite side of the road is broken.,d:You may cross double solid yellow lines if no traffic is coming.",b,"A broken yellow line next to your lane means you may cross it to pass when it is safe and legal. If the yellow line next to your lane is solid, you may not pass, even if the line on the other side is broken. Double solid yellow lines mean no passing for traffic in either direction.",
8,Special Situations & Road Users,"If you see pedestrians in a crosswalk ahead, what should you do?","a:Pull to the right and go around the pedestrians.,b:Continue ahead because the motorist has the right-of-way.,c:Slow down or stop and wait for the pedestrians to finish crossing the street.,d:Honk your horn to warn the pedestrians to hurry across.",c,Drivers must always yield to pedestrians in a marked or unmarked crosswalk. Slow down or stop and wait until pedestrians have completely crossed your lane before proceeding. Going around pedestrians or assuming you have the right-of-way is dangerous and illegal.,
2,Traffic Laws & Rules of the Road,"Under Alabama law, when must headlights be used?","a:Only between midnight and 5 AM,b:From sunset to sunrise and whenever visibility is less than 500 feet,c:Only when it is raining or snowing,d:Only on rural roads without streetlights",b,"Alabama requires headlights from sunset to sunrise and any time weather or road conditions reduce visibility to less than 500 feet. This includes rain, fog, and dust. Many states also require headlights whenever wipers are in use — always check local rules.",medium
2,Traffic Laws & Rules of the Road,What does a pentagon (five-sided) shaped sign indicate in Alabama?,"a:A state highway route marker,b:A school zone or school crossing ahead,c:A yield condition at a merge,d:An agricultural or farm zone",b,"A pentagon-shaped sign (pointing downward, like an arrowhead) is used exclusively for school zone and school crossing warnings in the United States. This distinctive shape makes school zone signs immediately recognizable even at a distance.",medium
2,Traffic Laws & Rules of the Road,You are driving on an undivided Alabama road and a funeral procession is passing from the opposite direction. What should you do?,"a:Maintain normal speed — funeral processions have no special right of way,b:Pull to the right and stop until the procession has passed,c:Proceed normally but do not enter the procession,d:Flash your headlights to signal respect",b,Alabama law requires drivers to yield to funeral processions — pull to the right and stop until the procession has completely passed. Funeral processions have right-of-way at intersections. Cutting into or through a procession is both illegal and disrespectful.,medium
2,Traffic Laws & Rules of the Road,"At an uncontrolled intersection in Alabama where two vehicles arrive at the same time from different directions, who has the right of way?","a:The vehicle traveling on the larger road,b:The vehicle that flashes headlights first,c:The vehicle on the RIGHT has the right of way over the vehicle on the LEFT,d:The vehicle going straight has priority over turning vehicles",c,"At an uncontrolled intersection when two vehicles arrive simultaneously, the driver on the RIGHT has the right of way. The driver on the left must yield. This basic right-of-way rule applies at 4-way stops, intersections without signs, and anywhere two vehicles arrive at the same time.",medium
2,Traffic Laws & Rules of the Road,"Unless otherwise posted, what is the statutory speed limit on unpaved roads in Alabama?","a:25 mph,b:30 mph,c:35 mph,d:45 mph",c,"Under Alabama statutory speed laws, the default speed limit on unpaved roads is 35 miles per hour, unless another limit is posted.",medium
