section-num,section-name,question,options,correct-answer,note,difficulty
8,Special Situations & Road Users,"If an emergency vehicle is approaching with flashing lights and/or siren, what should you do?","a:Speed up to get out of its way without pulling over.,b:Continue as normal because they will find another route.,c:Stop in the travel lane and block passage.,d:Make every reasonable effort to give the emergency vehicle a clear path",d,Yield to emergency vehicles by pulling to the side and stopping if necessary to provide a clear path for them to pass.,easy
4,Safe & Defensive Driving Practices,Many crashes are caused by which of the following?,"a:Drivers consistently checking their mirrors,b:Driving too fast for the conditions,c:Drivers yielding the right-of-way",b,Traveling at speeds too high for the conditions reduces reaction time and increases crash likelihood; always adjust speed to conditions.,easy
2,Traffic Laws & Rules of the Road,When must you stop your vehicle?,"a:Only if another car is waiting at the intersection.,b:Only during rush hour.,c:If a pedestrian is nearby even without a crosswalk.,d:At stop signs",d,"You are required to stop at intersections with stop signs, at red lights, and whenever a traffic officer directs you to stop.",easy
2,Traffic Laws & Rules of the Road,"When you see a 'Merging traffic' sign on a multilane road, what should you do?","a:Always stay at your current speed regardless of traffic.,b:Stop immediately to let them in.,c:Make room for entering vehicles by changing lanes when safe.,d:Honk to warn merging drivers.",c,"On multilane roads, move over when safe to allow entering traffic to merge smoothly and avoid creating a bottleneck.",easy
6,"Alcohol, Drugs & Impaired Driving",How does alcohol affect driving performance?,"a:It has no effect if you feel sober.,b:It slows reflexes and reaction time.,c:It improves focus and alertness.,d:It wakes you up and sharpens judgment.",b,Alcohol is a depressant that slows brain activity and impairs the skills needed for safe driving.,easy
2,Traffic Laws & Rules of the Road,How should you approach an uncontrolled intersection?,"a:Yield to vehicles approaching from your right, slow down, cover the brake, and look in all directions,b:Maintain speed and proceed,c:Assume you have the right-of-way and go first",a,"At intersections with no signs or signals, yield to the vehicle on your right and be prepared to stop to avoid collisions.",medium
3,"Signs, Signals & Road Markings",What does a flashing yellow traffic light mean?,"a:Proceed with caution.,b:Merging traffic.,c:Pedestrian crossing.",a,A flashing yellow light means you should slow down and proceed with caution.,easy
4,Safe & Defensive Driving Practices,How does increasing your speed affect your field of vision?,"a:It decreases your field of vision making hazards harder to detect.,b:It increases your field of vision.,c:It makes it easier to see cross traffic.,d:It does not affect vision at all.",a,"As speed increases, your usable field of vision narrows, so you must be extra alert to hazards.",medium
5,Driving in Special Conditions,Which steps help you drive more safely at night?,"a:Drive faster to reduce exposure time.,b:Increase following distance,c:Use high beams all the time.,d:Use only your parking lights.",b,"Night driving reduces visibility; increase following distance, avoid driving when tired, and ensure headlights are functional.",medium
2,Traffic Laws & Rules of the Road,Which traffic signal gives you the right-of-way to turn left without yielding to oncoming traffic?,"a:A steady red light.,b:A flashing yellow light.,c:A green arrow pointing left.,d:A solid green light.",c,A steady green arrow indicates you may proceed in the direction of the arrow with oncoming traffic stopped for the turning movement.,easy
8,Special Situations & Road Users,Who must yield when a driver is turning and a pedestrian is crossing where there is no traffic light?,"a:Whoever started moving last.,b:The driver only if the pedestrian is in a marked crosswalk.,c:The pedestrian must yield to the turning vehicle.,d:The driver must yield to the pedestrian.",a,Drivers must yield to pedestrians crossing at intersections without traffic signals; pedestrians have the right-of-way in these situations.,easy
2,Traffic Laws & Rules of the Road,"When passing on a multilane highway, what must you ensure before moving into the passing lane?","a:The passing lane is clear and you have signaled your intention.,b:You can pass only on the right.,c:There is no one in the opposite lane.,d:Your passenger opens the door to signal intent.",a,"Before passing, confirm the lane is clear and signal to notify other drivers of your lane change.",easy
2,Traffic Laws & Rules of the Road,"At an unmarked T intersection, who must yield?","a:All vehicles must stop and the first to stop has right-of-way.,b:Traffic on the road that ends at the T must yield to through traffic.,c:Drivers on the right always have the right-of-way.,d:The larger vehicle always yields.",b,"At an unmarked T, vehicles on the road that ends must yield to traffic on the through road.",medium
2,Traffic Laws & Rules of the Road,A Reduced speed 35 mph sign means:,"a:You have ample time to slow down after the sign.,b:The reduced speed starts at the next sign only.,c:The new 35 mph speed limit begins at the sign.,d:The change is optional until enforced by a cop.",c,A posted reduced speed sign indicates that the new speed limit takes effect at the sign itself.,easy
4,Safe & Defensive Driving Practices,"When turning or changing lanes, what must you always do?","a:Signal only if traveling at high speed.,b:Signal your intentions in advance,c:Signal only when other vehicles are present.,d:Signal only in daylight.",b,Signaling before lane changes or turns is required by law and is a good safety habit.,easy
2,Traffic Laws & Rules of the Road,"If an intersection is blocked by traffic ahead, what should you do?","a:Use the shoulder to get around the queued vehicles.,b:Stay out of the intersection until you can fully clear it.,c:Get as close as possible to the car ahead and wait.,d:Enter slowly and inch through the blockage.",b,Do not enter an intersection unless you can fully clear it; blocking intersections impedes traffic flow and is unsafe.,easy
6,"Alcohol, Drugs & Impaired Driving",Being awake for 18 hours impairs driving similarly to having what BAC?,"a:0.20 percent — extreme impairment.,b:About 0.05 percent,c:No BAC equivalent exists.,d:0.00 percent — no impairment.",b,Fatigue impairs driving akin to alcohol; being awake 18 hours roughly equals a BAC of 0.05% impairment.,difficult
5,Driving in Special Conditions,"When you meet a car with high, blinding headlights, what is the best action?","a:Speed up to pass quickly.,b:Look toward the right edge of the road until the other car passes.,c:Use your high beams until they dim theirs.,d:Flash your headlights to warn the other driver.",b,"If an oncoming vehicle has its high beams on, avert your eyes toward the right side of the road so you are not blinded.",easy
4,Safe & Defensive Driving Practices,When should you drive below the posted speed limit?,"a:Only when you see a police car.,b:Whenever conditions such as wet roads,c:Only when entering a busy highway.",b,"You must reduce speed below the posted limit when conditions (weather, visibility, road surface) make the posted speed unsafe.",easy
2,Traffic Laws & Rules of the Road,"When the center line is a solid yellow next to a broken yellow on your side, when may you pass?","a:Only in emergencies.,b:Only if you are on an expressway.,c:You may pass if the broken line is next to your lane and traffic is clear.",c,"If the broken yellow line is next to your lane, you may cross it to pass when there is no oncoming traffic and it is safe to do so.",easy
3,"Signs, Signals & Road Markings",What does a red-and-white triangular sign at an intersection indicate?,"a:Slow down only if an emergency vehicle is approaching,b:Yield—slow and give the right-of-way to traffic or pedestrians in the intersection,c:Always come to a full stop",b,A triangular red-and-white sign means yield: reduce speed and be prepared to stop to let others proceed first.,easy
4,Safe & Defensive Driving Practices,How can you avoid having to make emergency stops in traffic?,"a:Follow the vehicle ahead very closely to anticipate stops.,b:Look ahead and maintain a safe following distance and scan for hazards.,c:Honk your horn frequently so others notice you.,d:Drive in the right lane only.",c,Maintaining a safe following distance and scanning ahead allows you to react smoothly and avoid abrupt emergency stops.,easy
6,"Alcohol, Drugs & Impaired Driving","If convicted of DUII for the first time, how long will your driving privileges be suspended?","a:Six months.,b:Three months.,c:One year.,d:Indefinitely.",c,A first DUII conviction results in a one-year license suspension under Oregon law.,difficult
5,Driving in Special Conditions,What is the correct way to reduce speed when using a freeway exit ramp?,"a:Begin heavy braking on the main roadway before entering the exit lane,b:Keep your speed constant while on the ramp,c:Slow down once you have moved into the exit ramp",c,Do not decelerate sharply on the freeway; move into the exit lane and then brake to slow to ramp speed.,easy
7,Vehicle Ownership & Responsibilities,"When you approach an accident scene, how should you behave if you are not involved?","a:Park nearby and take photos,b:Do not stop unless you are involved or emergency help has not yet arrived; keep moving and watch for people near the road,c:Always stop to view the scene",b,Do not block emergency responders or create additional hazards; only stop if you are directly involved or help is needed before responders arrive.,easy
3,"Signs, Signals & Road Markings",What does an End school zone sign indicate?,"a:The school zone speed limit is starting.,b:The reduced school zone speed limit is ending.,c:Children are especially likely to appear here.,d:You must always stop for pedestrians now.",b,An End school zone sign marks the conclusion of the reduced speed school zone and that the special limit no longer applies.,easy
8,Special Situations & Road Users,"At a light rail intersection, what must you always do?","a:Ignore the crossing gates if no train is visible.,b:Share the road with pedestrians and bicyclists only.,c:Follow the vehicle directly in front of you across the tracks.,d:Look both ways before crossing tracks and obey all traffic signals.",d,At streetcar or light rail crossings always look both ways before turning across tracks and obey all signs and traffic signals; never drive around lowered gates.,easy
4,Safe & Defensive Driving Practices,How should you check your blind spot before changing lanes?,"a:Quickly glance over your shoulder toward the lane you want to enter,b:Only look at the left side mirror,c:Only check the rearview mirror",a,"After checking mirrors, glance over your shoulder to confirm no vehicle is in your blind spot before moving lanes.",easy
8,Special Situations & Road Users,"As a pedestrian, what is the safe practice regarding entering a street or crosswalk?","a:Enter anytime; drivers must always stop.,b:Do not enter if vehicles are approaching and may not be able to stop.,c:Always insist on right-of-way over vehicles in crosswalks.,d:Run across quickly regardless of traffic.",b,"Pedestrians should not step into a roadway when approaching vehicles may not have time to stop, even if the crosswalk legally gives pedestrians the right-of-way.",easy
4,Safe & Defensive Driving Practices,"When driving in traffic, what is the safest speed choice?","a:Drive faster than the flow to get through quickly,b:Drive slower than the flow at all times,c:Drive with the flow of traffic within the posted limit",c,Crashes often happen when drivers go much faster or slower than surrounding traffic. Travel with the flow while obeying limits and adjusting for conditions.,easy
4,Safe & Defensive Driving Practices,Which is not a factor in stopping distance?,"a:Braking distance.,b:Reaction distance.,c:Steering ability.,d:Perception time.",c,"Stopping distance depends on perception time, reaction distance, and braking distance; steering ability is not a direct component.",medium
2,Traffic Laws & Rules of the Road,"When entering interstate traffic from an entrance or acceleration ramp, who must yield?","a:Yielding is optional if you are already at highway speed.,b:You can force your way in if necessary.,c:The drivers on the interstate must always yield.,d:The driver entering from the ramp should yield to traffic already on the interstate.",d,Vehicles entering from a ramp must yield to traffic on the interstate and merge only when safe to do so.,easy
5,Driving in Special Conditions,"At dusk or on overcast days, you should:","a:Use your high beams at all times for better visibility.,b:Only use parking lights.,c:Not turn on any lights until dark.,d:Turn on your headlights (use low beams near other vehicles).",d,"At dusk or in overcast conditions, turn on headlights and use low beams when within 1,000 feet of an oncoming vehicle or 500 feet of a vehicle you are following.",easy
3,"Signs, Signals & Road Markings",What color are pavement markings that separate traffic moving in opposite directions?,"a:White.,b:Yellow and white.,c:Yellow.",c,Yellow centerlines separate traffic moving in opposite directions; white lines separate lanes moving the same way.,easy
3,"Signs, Signals & Road Markings",A steady yellow traffic signal means which color will soon appear?,"a:Steady green.,b:Flashing red.,c:Flashing yellow.,d:Steady red.",d,A steady yellow warns that the signal is about to change to a steady red.,easy
4,Safe & Defensive Driving Practices,When should you always signal?,"a:When changing lanes, pulling into or out of a parking space, or pulling into traffic from an alley or parking area.,b:Only when other drivers are nearby.,c:Only if you are turning left.,d:Signals are optional if roads are clear. ",a,"Always use your turn signal when changing lanes, entering/exiting parking spaces, or pulling into traffic to inform others of your intent.",easy
7,Vehicle Ownership & Responsibilities,"After a serious motor vehicle crash, what is your immediate obligation?","a:Stop and, if possible, move your vehicle out of traffic; then render aid or call for help,b:Only call the police,c:Continue driving if damage seems minor",a,"You must stop at the scene, move to safety if possible, check for injuries, and report the crash to law enforcement when required.",medium
5,Driving in Special Conditions,"If you pass your exit on the interstate, what should you do?","a:Make a U-turn on the highway median,b:Quickly cut across lanes to reach the exit,c:Continue driving and use the next exit to safely return to your route",c,Never back up or try to turn around on an interstate; proceed to the next exit and re-route safely.,easy
2,Traffic Laws & Rules of the Road,How do high speeds affect stopping distances and crash severity?,"a:Higher speeds greatly increase stopping distance and crash severity.,b:High speeds reduce stopping distances.,c:Night driving only affects stopping distance, not speed.,d:Speeds have no effect on crash severity. ",a,"Driving faster increases stopping distance and the force of impact in a collision, making crashes more severe.",easy
3,"Signs, Signals & Road Markings",What does a diamond-shaped traffic sign generally indicate?,"a:An upcoming hazard or special condition ahead.,b:A nearby school zone.,c:A recreation area ahead.,d:A stop requirement.",a,Diamond-shaped signs typically warn drivers of existing or potential hazards or changes in road conditions.,easy
2,Traffic Laws & Rules of the Road,"If traffic signals at an intersection are not functioning due to a power outage, how should you proceed?","a:Proceed as if you have the right-of-way.,b:Park and wait until power is restored.,c:Turn on your hazard lights and drive through without stopping.,d:Treat the intersection as a four-way stop",d,"When signals are out, drivers should treat the intersection as a four-way stop and yield to vehicles that arrived before them or to the vehicle on the right if arriving simultaneously.",medium
5,Driving in Special Conditions,Which statement about winter driving is NOT true?,"a:Checking antifreeze and washer fluid is important during winter.,b:Winter is often the most difficult driving season.,c:Snow tires can help improve traction on slippery roads.,d:Using cruise control in winter weather is safe.",d,"Do not use cruise control on snow, ice, or similar hazardous conditions. Winter driving requires extra caution and proactive vehicle maintenance.",medium
4,Safe & Defensive Driving Practices,How can you prevent drowsiness on long trips?,"a:Slow down and drive more carefully,b:Turn up the car radio volume,c:Stop at regular intervals to rest and stretch",c,"Take scheduled breaks to rest, walk, and refresh; fatigue greatly increases crash risk on long trips.",easy
2,Traffic Laws & Rules of the Road,"If a traffic signal shows a green arrow with a red light, what does it mean?","a:You must wait for a solid green light to move in any direction.,b:You may proceed only in the direction indicated by the green arrow,c:You may go straight only.,d:You may turn in any direction after yielding.",c,"A green arrow with a red light allows traffic to proceed only in the direction of the arrow, provided the intersection is clear.",easy
5,Driving in Special Conditions,"If you must drive in foggy weather, what is the correct lighting choice?","a:Turn on your hazard lights.,b:Drive at the posted maximum speed.,c:Turn on your low beam headlights.",c,"In fog, use low beams and reduce speed; high beams or hazards can reduce visibility or confuse other drivers.",easy
4,Safe & Defensive Driving Practices,When is it appropriate to use your horn?,"a:When you must stop quickly.,b:When passing another car routinely.,c:To alert others if you have lost control of your vehicle or to warn of imminent danger.,d:To express frustration at another driver.",c,"Use your horn to warn others of an immediate danger, such as when you lose control, not to express anger or as a routine signal.",easy
2,Traffic Laws & Rules of the Road,"When making a right turn on a green light, you must:","a:Always come to a complete stop before turning right on green.,b:Maintain your normal driving speed.,c:Stop and look for police vehicles only.,d:Yield to pedestrians and any traffic in the intersection before turning.",b,When turning right on green you must yield to pedestrians and other vehicles lawfully within the intersection or crosswalk.,easy
7,Vehicle Ownership & Responsibilities,"Before switching on the ignition, what safety step should you take?","a:Start the car then buckle up.,b:Be sure only backseat passengers are buckled.,c:Buckle your safety belt and ensure passengers are belted.,d:Make sure only adult passengers are belted.",c,Make it a routine to buckle your seat belt and ensure all passengers are belted before starting the vehicle.,easy
4,Safe & Defensive Driving Practices,"If you are driving in another driver's blind spot, what should you do?","a:Flash your lights continuously.,b:Stay there; they should check mirrors.,c:Move forward or fall back so the other driver can see you.,d:Keep a steady pace in their blind spot.",c,Avoid lingering in another vehicle's blind spot; adjust speed to move out of it so the driver can see you in mirrors.,easy
8,Special Situations & Road Users,"When driving near heavy trucks, what must other drivers allow for?","a:That trucks make no noise at night.,b:The increased stopping distance required by large vehicles and the need to remain visible to their drivers.,c:That trucks will always yield to smaller vehicles.,d:That trucks can stop instantly.",b,Large trucks require longer stopping distances and can block visibility; keep positions where you are visible to truck drivers.,medium
5,Driving in Special Conditions,Who is most likely to be killed in a work zone crash?,"a:Bicyclists.,b:Workers and flaggers.,c:Pedestrians on sidewalks.,d:Drivers and passengers.",d,"Statistics show drivers and passengers are most likely to be killed in work zone crashes, so drive carefully.",difficult
8,Special Situations & Road Users,"If you hear a siren but do not immediately see the emergency vehicle, what should you do?","a:Pull safely to the right curb and stop until you can determine if it is approaching your street,b:Keep driving until you find it,c:Slow down but do not stop until you see it",a,"If you hear a nearby siren but cannot locate the vehicle, safely pull over and stop until you confirm it is not headed toward you.",easy
5,Driving in Special Conditions,Which road users are the hardest to see at night?,"a:Other motorists.,b:Road signs.,c:Bicycles with lights on.,d:Pedestrians.",d,Pedestrians are hardest to see at night compared to signs or larger vehicles and require extra caution from drivers.,medium
6,"Alcohol, Drugs & Impaired Driving","If you drink socially, what is a safe choice to ensure you get home safely?","a:Ride home with a friend who has not been drinking.,b:Drink coffee to sober up quickly.,c:Take a cold shower before driving.,d:Wait 5 minutes and drive home. ",a,Arranging a sober ride home prevents driving impaired; coffee or showers do not reduce BAC.,easy
3,"Signs, Signals & Road Markings",What do vehicle brake lights communicate to other drivers?,"a:That you are slowing down or stopping,b:That you are making a turn,c:That your emergency brake is engaged",a,Brake lights signal to drivers behind that you are reducing speed or stopping; keep them in working order.,easy
2,Traffic Laws & Rules of the Road,"If an intersection requires a stop but has no stop line or crosswalk markings, where should you stop?","a:Only if you can see 200 feet in both directions.,b:At the nearest point before entering the intersecting roadway where you have a clear view of traffic.,c:In the middle of the intersection to get the best view.,d:You are not required to stop.",b,Stop at the nearest point before the intersecting roadway where you can see approaching traffic; do not enter the roadway to get a better view.,medium
4,Safe & Defensive Driving Practices,How does smoking or preparing to smoke while driving affect driving?,"a:It does not affect driving ability,b:It is a distracting activity that can take hands and eyes off the road,c:It helps keep drivers alert",b,"Handling cigarettes or other smoking tasks diverts attention and movement away from driving, increasing crash risk.",easy
7,Vehicle Ownership & Responsibilities,"If you leave your vehicle unattended, what must you do?","a:Only set the parking brake,b:Leave it in neutral and unlocked,c:Turn off the engine",c,"When leaving a vehicle you must stop the engine, remove the key, lock the ignition, and set the parking brake for safety and legal compliance.",easy
5,Driving in Special Conditions,On slippery roads you should:,"a:Drive as you would on dry roads.,b:Use alternate routes only.,c:Increase your following distance to allow more stopping distance.,d:Follow the car ahead closely to avoid skids.",b,"Slippery conditions increase stopping distances, so increase the space you leave between you and the vehicle ahead.",easy
2,Traffic Laws & Rules of the Road,"When passing another vehicle on a two-lane road, when should you return to your lane?","a:Immediately after passing regardless of space.,b:Only if the other vehicle signals you to do so.,c:When there is enough room between you and the vehicle you passed.,d:At the next intersection.",c,Return to the driving lane as soon as it is safe and there is sufficient space between you and the vehicle you passed.,medium
2,Traffic Laws & Rules of the Road,"If you find yourself already within an intersection when the light turns yellow, what should you do?","a:Stop immediately in the intersection.,b:Reverse out of the intersection quickly.,c:Honk to warn others and speed up.,d:Continue carefully through the intersection.",d,"If a steady yellow appears while you are in the intersection, continue through carefully rather than stopping abruptly in the intersection.",easy
2,Traffic Laws & Rules of the Road,"At a stop sign, after stopping you should look:","a:At your rearview mirror for tailgaters.,b:Only at the vehicle ahead and move when it moves.,c:Left first,d:Right",d,"When stopped at an intersection, first glance left, then right, then left again because vehicles from the left are closer.",easy
8,Special Situations & Road Users,How can you avoid being in a truck or bus driver's blind spot?,"a:Drive as close behind as possible.,b:Never pass them under any circumstances.,c:Flash your lights to make them aware of you.,d:Avoid driving alongside them and do not tailgate.",d,Large vehicles have significant blind spots; avoid lingering beside them and do not tailgate.,medium
3,"Signs, Signals & Road Markings",Drivers may not pass from either direction when the centerline is:,"a:Double solid yellow.,b:Combination solid and broken yellow.,c:Single broken yellow.",a,A double solid yellow centerline indicates passing is prohibited from both directions.,easy
3,"Signs, Signals & Road Markings",How must drivers treat traffic signs and pavement markings?,"a:They must always be obeyed.,b:They are only suggestions.,c:They apply only when other vehicles are present.,d:They can be ignored at night. ",a,Traffic control devices direct traffic and must be followed to ensure safe driving and legal compliance.,easy
8,Special Situations & Road Users,"If stopped at a railroad crossing that has more than one track, when should you begin to cross after a train passes?","a:Immediately after the first train clears your lane.,b:Only after you have a clear view down all tracks and are sure no other train is coming.,c:When traffic behind you starts moving.,d:As soon as the warning lights stop flashing.",b,"At crossings with multiple tracks, wait until you can clearly see all tracks in both directions before proceeding; another train may be approaching on a different track.",medium
5,Driving in Special Conditions,"Compared to daytime driving, how dangerous is driving at night?","a:Less dangerous due to less traffic.,b:More dangerous,c:No different in danger level.,d:Safer if you use high beams.",b,"Night driving is more hazardous due to decreased visibility, headlight glare, and a higher likelihood of tired or impaired drivers.",medium
8,Special Situations & Road Users,"When you see an emergency vehicle with flashing lights, what is required?","a:Pull to the right curb and stop to allow it to pass.,b:Slow down and keep moving in your lane.,c:Continue at the same speed and ignore it.,d:Speed up to get out of its way. ",a,You must immediately pull over to the right and stop when an emergency vehicle using lights or siren approaches so it may pass.,easy
5,Driving in Special Conditions,Which technique helps avoid crashes on icy or snowy roads?,"a:Drive as close as possible to other vehicles for wind protection.,b:Engage four-wheel drive and accelerate more.,c:Reduce speed and increase following distance.,d:Use cruise control to maintain constant speed.",c,Slowing down and increasing following distance are the most important steps to reduce crash risk on icy or snowy roads.,medium
6,"Alcohol, Drugs & Impaired Driving",Which strategy best avoids alcohol-related crashes?,"a:Drink water between alcoholic drinks and drive carefully.,b:Accept drinks but refuse to drive only if you feel drunk.,c:Call a friend who will let you drive anyway.,d:Decide before you start drinking that you will not drive and arrange an alternative ride.",d,The most effective way to prevent alcohol-related crashes is to decide in advance not to drive and arrange a safe alternative before drinking.,medium
8,Special Situations & Road Users,Two solid white lines across a lane mark a crosswalk. What must drivers do?,"a:Drive through if no pedestrians are visible.,b:Yield to pedestrians in the crosswalk and give them the right-of-way.,c:Pedestrians must yield to vehicles.,d:Only stop for pedestrians if accompanied by a guard.",b,"When pedestrians are in a marked crosswalk, vehicles must stop and yield until the crosswalk is clear.",easy
6,"Alcohol, Drugs & Impaired Driving",Which statement about alcohol and skills is accurate?,"a:Alcohol improves driving at low doses.,b:Only BACs above the legal limit cause impairment.,c:Alcohol affects only reaction time.,d:Even small amounts of alcohol can reduce concentration",d,Even small amounts of alcohol impair cognitive and driving skills; no amount is safe for driving.,easy
4,Safe & Defensive Driving Practices,How does eating or drinking while driving affect your driving?,"a:It causes no driving errors.,b:It makes you a better driver because you are not hungry.,c:It distracts you and makes it harder to stay in your lane and control the vehicle.",c,"Eating, drinking, or smoking while driving takes hands and eyes off the road and increases the chance of lane drift and loss of control.",easy
6,"Alcohol, Drugs & Impaired Driving",What helps a person overcome the effects of alcohol?,"a:Hot coffee.,b:Time only; nothing like coffee or fresh air will sober someone quickly.,c:Drinking tomato juice and lime.,d:Fresh air and cold water.",b,Only the passage of time allows the body to eliminate alcohol; remedies like coffee or fresh air do not speed sobriety.,medium
6,"Alcohol, Drugs & Impaired Driving",Which substances can impair driving and lead to DUII arrest?,"a:Only illegal drugs,b:Alcohol,c:Only alcohol beverages.,d:Only large amounts of sugar-rich drinks.",b,"A variety of intoxicants—including alcohol, illegal drugs, inhalants, and some legal medications—can impair driving and lead to arrest.",medium
8,Special Situations & Road Users,A person carrying a white cane or using a guide dog is most likely:,"a:Blind or visually impaired and should be yielded to.,b:Participating in a traffic study.,c:Deaf and unable to hear horns.,d:Training for a marathon.",a,Drivers must yield right-of-way to pedestrians who are blind and using a white cane or guide dog.,easy
8,Special Situations & Road Users,When must you stop for a pedestrian?,"a:Only in clearly marked crosswalks with lights.,b:When the pedestrian is in a marked or unmarked crosswalk.,c:Only when a crossing guard is present.,d:Only if they are on your side of the road.",b,You must yield and stop for pedestrians in both marked and unmarked crosswalks.,easy
2,Traffic Laws & Rules of the Road,What is the meaning of a green arrow in a traffic signal?,"a:You may only proceed if accompanied by a circular green light.,b:It is a warning for cyclists only.,c:It is used only on one-way streets.,d:It has the same meaning as a circular green but requires you to move only in the direction shown by the arrow.",c,"A green arrow gives the right-of-way to drivers to proceed in the direction indicated by the arrow, provided the intersection is clear.",easy
2,Traffic Laws & Rules of the Road,"If you miss your exit on a freeway, what should you do?","a:Stop immediately and wait for traffic to clear.,b:Make a U-turn across lanes.,c:Back up on the shoulder to reach the exit.,d:Continue to the next exit and safely turn around; do not back up or stop.",d,Do not back up or stop on a freeway; proceed to the next exit where you can safely re-route.,medium
3,"Signs, Signals & Road Markings",You may pass another vehicle when the line dividing lanes is which type of line?,"a:Solid yellow line.,b:Double solid yellow.,c:Broken white line.",c,Broken white lines separate lanes moving in the same direction and may be crossed to change lanes or pass when safe.,easy
2,Traffic Laws & Rules of the Road,Where should your car be positioned when making a right turn?,"a:Near the center of the street.,b:Close to the left side of the street.,c:As close to the right side of the street as possible.",c,"When preparing to make a right turn, move as far to the right as safely possible and do not cut across lanes.",easy
2,Traffic Laws & Rules of the Road,"If you drive much slower than the posted speed and hold up traffic, what is required of you?","a:You may refuse to let others pass you at any time.,b:If you are impeding traffic you must pull off the road and let other vehicles pass.,c:You should always stay in the left lane.,d:You are always safer than faster drivers.",d,Driving significantly slower than the flow of traffic can be hazardous; if you block traffic you must pull off the road and let others pass.,easy
4,Safe & Defensive Driving Practices,What is the most common cause of traffic crashes?,"a:New drivers only.,b:Human error (driver mistakes),,c:Bad weather alone.,d:Vehicle defects only.",b,"Most crashes are caused by human error—mistakes in observation, judgment, or maneuvering while driving.",easy
4,Safe & Defensive Driving Practices,What action best ensures safety when backing a vehicle?,"a:Walk behind the vehicle to check for children and obstacles before getting in.,b:Check rearview mirrors only after getting in.,c:Honk immediately before reversing.,d:Back quickly and rely on mirrors.",a,"Because backing limits visibility, always check behind the vehicle before entering it and before you back up.",easy
8,Special Situations & Road Users,"At a railroad crossing where you do not see or hear a train, you must stop when:","a:Only if your passenger says to stop.,b:A stop sign is posted,c:If the crossing is on a hill.,d:A train might come in an hour.",b,"Stop at crossings when required by signs, gates, flashing lights, or flagger instructions, or when a train is visible or too close.",medium
5,Driving in Special Conditions,Which of these does NOT promote safe night driving?,"a:Keep your windshield clean,b:Be aware that tinted windows reduce night visibility,c:Carry a flashlight in your vehicle",c,"While a flashlight can be useful, it does not directly improve driving visibility at night; keeping glass clean and avoiding heavy tinting do.",medium
7,Vehicle Ownership & Responsibilities,Which statement is true about seat belts and child restraints?,"a:Never place a rear-facing infant seat in the front seat of a vehicle with an airbag.,b:Airbags can be dangerous to infants or small children even in low-speed collisions.,c:Always make sure every passenger is using a seat belt or appropriate child restraint.,d:Seat belts are optional for adults on short trips.",c,"Always fasten your seat belt and ensure children are properly restrained; infants and small children should ride in the rear seat, and never place a rear-facing infant restraint in front of an active airbag.",easy
8,Special Situations & Road Users,"After stopping for a school bus unloading children, what should you do before proceeding?","a:Accelerate quickly to clear the area.,b:Honk to alert children to get out of the way.,c:Watch for children walking along the road and proceed with extreme caution.,d:Wait until each child waves to you.",c,"After a bus stops and extends its stop arm, watch carefully for children near the roadway and proceed only when it is safe.",easy
5,Driving in Special Conditions,When are roads most slippery during a rainfall?,"a:Only when temperatures are below freezing.,b:After it has been raining for an hour or more.,c:The day after it rains.,d:During the first 10 to 15 minutes of a rainstorm.",d,"Oil on the road surface rises when rain starts, making pavement unusually slippery in the first minutes of a storm.",medium
4,Safe & Defensive Driving Practices,What is the key rule about speed management when approaching curves?,"a:Slow down before entering the curve to maintain control.,b:Keep posted speed on entry and slow at the sharpest point.,c:Accelerate gently before the curve.,d:Brake hard in the curve for best traction.",a,"Because of inertia, reduce speed before you enter a curve so your vehicle stays under control through the turn.",medium
2,Traffic Laws & Rules of the Road,"On a narrow road when you meet an oncoming vehicle, you must:","a:Pull completely off the road and stop.,b:Allow the oncoming vehicle at least one-half of the main-traveled portion of the road.,c:Pass on the shoulder immediately.,d:Demand the other driver back up.",a,"On narrow roads, each vehicle should allow at least one-half of the main-traveled portion of the road so both can pass safely.",medium
7,Vehicle Ownership & Responsibilities,"When riding in a vehicle, how should small children be secured?","a:A strong adult can hold a child safely during a trip.,b:Children should ride without restraints on short trips only.,c:Children may stand on the back floor if supervised.,d:Children must be properly secured in an appropriate child seat or seat belt for their size and age.",a,Children must be properly restrained in approved child safety seats or seat belts appropriate for their age and size; never hold a child in your arms as a substitute for a restraint.,easy
4,Safe & Defensive Driving Practices,"If your vehicle has anti-lock brakes (ABS) and starts to lose traction, what should you do with the brake pedal?","a:Pump the brakes rapidly.,b:Release the brake and downshift immediately.,c:Press and hold the gas pedal.,d:Press and hold the brake pedal firmly while steering to safety.",a,"With ABS, press and hold the brake pedal firmly; the system will pump the brakes automatically to help you stop while you steer out of danger.",medium
3,"Signs, Signals & Road Markings",What does a solid white line between lanes on a multi-lane road mean?,"a:It separates lanes moving in opposite directions and passing is not allowed,b:It separates lanes moving in opposite directions and passing is allowed when safe,c:It separates lanes moving in the same direction and passing is not allowed",c,White lines divide lanes moving in the same direction; a solid white line discourages or prohibits lane changes.,medium
5,Driving in Special Conditions,When must you dim your high beams for an oncoming vehicle to avoid blinding the other driver?,"a:When the oncoming vehicle is within 450 feet.,b:When the oncoming vehicle is within 400 feet.,c:When the oncoming vehicle is within 500 feet.",c,Switch to low beams when an oncoming vehicle is within 500 feet to avoid blinding the other driver.,easy
8,Special Situations & Road Users,"When an emergency vehicle is using sirens or flashing lights, drivers must:","a:Ignore it unless it is directly behind you.,b:Follow directly behind the emergency vehicle closely to clear the way.,c:Yield the right-of-way and pull over to allow it to pass.,d:Speed up to avoid delay.",c,"Yield to police, fire, or ambulance vehicles using sirens or flashing lights by pulling to the right edge of the road and stopping until they have passed.",easy
2,Traffic Laws & Rules of the Road,Where is passing unlawful and unsafe?,"a:Only at intersections.,b:On hills,c:Only on hills and curves.,d:Only at railroad crossings.",c,"It is unsafe and often illegal to pass on hills, curves, intersections, and railroad crossings because visibility and space are limited.",medium
2,Traffic Laws & Rules of the Road,Which statement about speed is true?,"a:Driving too slowly on certain highways can be dangerous as well as speeding.,b:Speeding is never dangerous if you are an experienced driver.,c:You can drive at any speed if no one is around.,d:Higher speed always reduces crash severity. ",a,Both excessive speed and driving much slower than traffic can create hazards; speed increases the risk of fatal crashes.,medium
4,Safe & Defensive Driving Practices,"If your right wheels leave the pavement, what is the correct action to take?","a:Stop immediately where you are.,b:Pull sharply back onto the road and accelerate.,c:Take your foot off the accelerator,d:Turn the steering wheel hard left to regain the road quickly.",b,"If your right wheels leave the pavement, remove your foot from the accelerator, steer straight, slow gradually, check traffic, and ease back onto the road when it is safe.",medium
4,Safe & Defensive Driving Practices,"If another driver is tailgating you, what should you do?","a:Move over to the right if there is an open lane; if not, wait until the road ahead is clear and reduce your speed slowly to encourage them to pass.,b:Brake abruptly to warn them.,c:Increase your speed to create distance.,d:Ignore them and continue your current speed.",a,"If you are being tailgated, move right if possible. If you cannot change lanes, gradually reduce speed when safe to encourage the tailgater to go around; never brake abruptly.",medium
2,Traffic Laws & Rules of the Road,"When merging into a crowded freeway, what steps should you take?","a:Drive on the shoulder briefly to find a gap.,b:Stop at the end of the ramp then pull out when clear.,c:Enter slowly and expect traffic to stop for you.,d:Use mirrors and blind-spot checks",d,"Adjust speed on the entrance ramp to match freeway traffic, check mirrors and blind spots, and yield as needed when merging.",medium
4,Safe & Defensive Driving Practices,What are common causes of distracted driving?,"a:Looking at the road ahead.,b:Driving with both hands on the wheel.,c:Using turn signals.,d:Eating",d,"Distractions include any non-driving tasks like eating, texting, or changing the radio, which reduce attention to driving.",easy
5,Driving in Special Conditions,"When driving in rain, which lights should you use?","a:Parking lights only.,b:Low beam headlights.,c:High beam headlights.",b,In rainy conditions use low beams to improve visibility and reduce glare; high beams can reflect and reduce visibility.,easy
4,Safe & Defensive Driving Practices,"To check your blind spot before changing lanes to the left, where should you glance?","a:Only at your side mirror.,b:At the center console.,c:Over your left shoulder.,d:Over your right shoulder.",c,Glance over the shoulder toward the lane you intend to enter to check blind spots.,easy
8,Special Situations & Road Users,What is the ''No zone'' around a large truck or bus?,"a:A place where stereo use is restricted,b:The vehicle's blind spots where the truck driver cannot see other vehicles,c:A special reduced-speed zone",b,Large trucks and buses have blind areas on all sides where smaller vehicles disappear from the driver's view; avoid lingering in these zones.,easy
5,Driving in Special Conditions,"If an oncoming vehicle fails to dim high beams, where should you glance?","a:At the vehicle's wheels,b:Toward the left side of the road,c:Toward the right side of the road",c,Look slightly to the right edge of your lane to avoid being blinded while maintaining enough view of the roadway.,easy
8,Special Situations & Road Users,"On a one-way street when an emergency vehicle using flashing lights approaches you, what must you do?","a:Drive toward the nearest roadside and stop.,b:Speed up and take the nearest exit.,c:Drive with your flashers turned on.",b,"When an emergency vehicle using lights or siren approaches on a one-way street, you must drive to the nearest roadside and stop to allow it to pass.",easy
3,"Signs, Signals & Road Markings",Highway signs that require drivers to obey instructions are called:,"a:Warning signs.,b:Information signs.,c:Regulatory signs.",c,Regulatory signs give instructions that must be obeyed; failure to comply can result in penalties.,easy
2,Traffic Laws & Rules of the Road,"If you want to turn left at an intersection but oncoming traffic is heavy, what may you do if the light is green?","a:Turn on red if it seems safe.,b:Use the next intersection to turn.,c:Wait behind the crosswalk until traffic clears.,d:Enter the intersection and wait in the center to complete your left turn when it is safe (only if the light is green and the way is clear).",b,"If the light is green, you may enter the intersection to wait for a safe gap in oncoming traffic to complete your left turn, provided it does not block traffic.",medium
2,Traffic Laws & Rules of the Road,When must you yield to other drivers when entering the roadway?,"a:Only when your traffic signal is a green arrow.,b:When entering from a garage,c:When they are on a road to your left at an unmarked intersection and you arrived first.",b,"Yield to drivers and pedestrians when entering a street from a driveway, garage, or alley; stop before the sidewalk and proceed when clear.",easy
7,Vehicle Ownership & Responsibilities,"If your car breaks down on a highway, what should you do?","a:Leave the vehicle in traffic and walk away.,b:Sound your horn repeatedly at passing motorists.,c:Sit in the car and wait without signaling.,d:Signal",d,"Turn on hazard flashers, get as far off the road as possible, and display the hood or warning devices so others can see you.",medium
4,Safe & Defensive Driving Practices,"If another driver is passing you, what should you do to help them pass safely?","a:Speed up to prevent them from passing.,b:Pull off the road.,c:Signal to them when it is safe to pass.,d:Check for oncoming traffic and adjust your speed to let them re-enter safely.",b,"When someone is passing, check for oncoming traffic and adjust your speed slightly to allow the passing vehicle to move back into your lane safely.",easy
2,Traffic Laws & Rules of the Road,When may you go through an intersection that has a stop sign but no stop line or crosswalk?,"a:After stopping at least 20 feet before the intersection.,b:After slowing down and checking for cross traffic.,c:After coming to a complete stop before entering and ensuring it is safe.",c,"If there is no stop line or crosswalk, stop before entering the intersection and proceed only when it is safe.",easy
4,Safe & Defensive Driving Practices,"If you are stopped in the intersection waiting to make a left turn, how should your wheels be positioned?","a:Signal and keep wheels turned to the left.,b:Flash your headlights to alert drivers behind you.,c:Keep your wheels straight while signaling; do not have wheels turned to the left.",c,Keep your wheels straight while waiting to turn left so a rear-end collision won't push you into oncoming traffic.,easy
3,"Signs, Signals & Road Markings",What do regulatory traffic signs tell drivers?,"a:About conditions near the road,b:Directions to nearby towns,c:What a driver must or must not do",c,"Regulatory signs (often white with black or red markings) indicate laws or rules like speed limits, turn restrictions, and stop/yield requirements.",easy
3,"Signs, Signals & Road Markings",Pentagonal traffic signs are used to indicate:,"a:No passing zones.,b:School zones and school crossings.,c:Speed limits.,d:Railroad crossings.",b,A five-sided (pentagonal) sign indicates a school zone or school crossing; be alert for children and pedestrians.,easy
4,Safe & Defensive Driving Practices,You need to back out of your driveway and children are nearby. What should you do first?,"a:Rev the engine to get their attention.,b:Sound your horn to warn the children.,c:Get out and walk to the back of the car to be sure the way is clear.,d:Check the side mirror only and proceed.",c,"Before backing into or out of a driveway, exit the car and check behind the vehicle—children can be hard to see from the driver's seat.",easy
8,Special Situations & Road Users,"When you hear a fire engine siren behind you, what must you do?","a:Drive with your flashers on,b:Slow down until it passes,c:Pull over to the side and stop",c,Yield the right-of-way to emergency vehicles by pulling to the curb or edge of the roadway and stopping until they pass.,easy
7,Vehicle Ownership & Responsibilities,"If you are involved in an accident, what should you do at the scene?","a:Leave immediately if damage is minor.,b:Stop at or near the scene,c:Stand in traffic to warn other drivers.,d:Drive to the nearest gas station before reporting.",b,"Stop, move vehicles out of the flow if safe, avoid standing in traffic lanes, and turn off ignitions of damaged vehicles after an accident.",medium
8,Special Situations & Road Users,How should you pass a bicyclist safely?,"a:Flash your lights to tell them to move over.,b:Honk to alert them and pass quickly.,c:Slow down and give the bicyclist as much room as possible.,d:Use the bicycle lane to get around them.",c,Reduce speed and provide plenty of lateral clearance when passing bicyclists; do not crowd them.,easy
3,"Signs, Signals & Road Markings",How should drivers treat a flashing red traffic light?,"a:As an indication to yield only to pedestrians.,b:As a stop sign — come to a full stop and proceed when safe.,c:As a warning to speed up.,d:As a green light if no traffic is present.",b,"A flashing red signal requires a full stop and then proceeding when it is safe, just like a stop sign.",easy
7,Vehicle Ownership & Responsibilities,"When parking downhill on a two-way street, which way should you turn your wheels?","a:Keep wheels straight.,b:Turn your wheels to the left.,c:Turn your wheels to the right (toward the curb).",c,"When parked facing downhill, turn the wheels toward the curb so the vehicle will roll into the curb if it moves.",easy
2,Traffic Laws & Rules of the Road,Who must wear a safety belt while a vehicle is moving in Oregon?,"a:Nobody,b:Only passengers under age 16,c:The driver and all passengers",a,Oregon law requires the driver and every passenger to wear a properly fastened safety belt regardless of seating position. Belts are your best protection in a crash.,easy
8,Special Situations & Road Users,"At a school crossing sign, how should a driver behave?","a:Always come to a complete stop no matter what.,b:Speed through quickly to clear the area.,c:Watch for children,d:Sound your horn whenever children are nearby.",c,"When you see a school crossing sign, be alert for children and be prepared to stop; always yield to pedestrians in crosswalks.",easy
3,"Signs, Signals & Road Markings",What does the slow-moving vehicle emblem look like?,"a:A reflective orange triangle (warning of slow-moving vehicles).,b:A rectangular red sign.,c:A diamond-shaped yellow sign.,d:A circular green sign.",a,The slow-moving vehicle emblem is a reflective orange triangle; vehicles displaying it typically travel at 25 mph or slower.,easy
8,Special Situations & Road Users,"Why should you be especially alert to motorcyclists, bicyclists, and pedestrians?","a:They follow completely different traffic laws.,b:They always have the right-of-way in all situations.,c:They are smaller and harder to see and may move unpredictably,d:They are required to yield to you at all times.",c,Smaller road users can be harder to detect and may move unexpectedly; drivers must be alert to their presence to prevent collisions.,easy
3,"Signs, Signals & Road Markings",Guide signs are what color and what information do they provide?,"a:Red — regulatory prohibitions.,b:Blue — destination services.,c:Green — directional and mileage information.,d:Yellow — general warnings.",c,Guide or destination signs are green with white letters and provide directions and distances to locations.,easy
2,Traffic Laws & Rules of the Road,"When approaching a heavy truck from behind on an uphill grade, what should you expect?","a:The truck driver must pull over to let you pass.,b:The truck may be traveling slower than the posted speed and it may be unlawful to pass on a hill where visibility is limited.,c:The truck will always stay at posted speed.,d:You can safely pass on the left at any time.",b,"Large trucks often slow on inclines; be cautious about passing on hills with limited visibility, which can be illegal and unsafe.",medium
4,Safe & Defensive Driving Practices,"When stopped on an uphill slope, why allow extra space in front of your vehicle?","a:Because intersections are dangerous,b:Because a stop sign is likely ahead,c:Because the vehicle ahead may roll backward when traffic moves again",c,At uphill stops the vehicle in front might roll back slightly when starting; leaving extra space reduces the chance of contact.,easy
6,"Alcohol, Drugs & Impaired Driving",What is the only reliable way to reduce your blood alcohol concentration (BAC)?,"a:Allow time for your body to metabolize the alcohol.,b:Drink coffee to sober up.,c:Exercise to burn off alcohol.",b,"The only effective way to lower BAC is to allow your body time to process the alcohol; coffee, exercise, or cold showers do not reduce BAC.",easy
8,Special Situations & Road Users,How should drivers treat railroad crossings?,"a:As safe places to park briefly,b:As safe to cross because trains are rare,c:As potentially dangerous—always look and listen for trains",c,"Railroad crossings are always potentially dangerous; obey signals, look both ways, and never cross until it is clearly safe.",easy
7,Vehicle Ownership & Responsibilities,"If your power steering fails while driving, what should you do?","a:Brake hard and park in the lane.,b:Work harder to steer,c:Ignore it and continue until the next exit.,d:Turn off the ignition immediately.",b,"If power steering stops, you will need more effort to steer; slow down, steer carefully to a safe place, and stop to address the problem.",medium
4,Safe & Defensive Driving Practices,Which of these helps reduce road rage and aggressive driving?,"a:Obey speed limits and use turn signals,b:Allow extra travel time,c:All of the above",b,"Giving yourself extra time, following posted speeds, and signaling intentions all help reduce stress and aggressive encounters.",easy
4,Safe & Defensive Driving Practices,"Before moving into the left lane from the right on a multilane highway, what checks should you make?","a:Check mirrors, look over your left shoulder for the blind spot, and signal before changing lanes.,b:Rely only on the rearview mirror.,c:Turn on your hazard lights and change lanes quickly.,d:Honk to warn other drivers before merging.",a,"Always check mirrors and the blind spot by looking over your shoulder, and signal each lane change to alert other drivers.",easy
4,Safe & Defensive Driving Practices,"When you hear or see an approaching emergency vehicle on a divided multilane highway, what should you do?","a:Slow down, move to open a clear path, and stop if necessary.,b:Ignore it if other lanes are available.,c:Stop instantly in your lane wherever you are.,d:Speed up to clear the left lane. ",a,Provide a clear path for emergency vehicles by slowing and moving to create space; do not try to outdrive the vehicle.,easy
3,"Signs, Signals & Road Markings",Which color typically indicates areas of public recreation or cultural interest on highway signs?,"a:Green.,b:Orange.,c:Brown.,d:Red.",b,Brown signs are used to indicate areas of public recreation or historical/cultural interest.,medium
6,"Alcohol, Drugs & Impaired Driving",What is a risk of drinking alcohol while taking medication?,"a:It will reduce the impact of the drug,b:It cures your illness,c:It can increase the effects of both substances",c,Alcohol and many medications interact to strengthen impairment and health risks; avoid combining them before driving.,medium
4,Safe & Defensive Driving Practices,Where should you keep a space cushion around your vehicle?,"a:Only in front of your vehicle.,b:Only behind your vehicle.,c:On all sides of your vehicle (front, rear, left and right).,d:Only on the sides when parked.",c,Keeping a buffer of space on all sides gives you time to react to hazards and reduces the chance of collisions.,easy
3,"Signs, Signals & Road Markings",What does a flashing red light at an intersection indicate?,"a:You should slow down and continue without stopping.,b:The signal is malfunctioning and can be ignored.,c:You may proceed without stopping if no other vehicles are present.,d:You must stop completely and yield; it is the same as a stop sign.",d,"A flashing red light requires a complete stop, yielding to other traffic and pedestrians before proceeding when safe.",easy
8,Special Situations & Road Users,"When passing a bicyclist on a two-lane road with no bicycle lane, what is the safest approach?","a:Sound your horn and pass closely.,b:Slow down,c:Expect the bicyclist to move over and maintain your speed.,d:Pass only at traffic signals or stop signs.",b,Pass bicyclists like other vehicles but allow adequate clearance—at least 3 feet—or more at higher speeds or for groups of cyclists.,medium
8,Special Situations & Road Users,Which statement about passing motorcycles is true?,"a:Motorcycles do not need a full lane.,b:It is okay for drivers to follow motorcycles closely.,c:The driver of a passenger vehicle must change lanes completely when passing a motorcycle to give it full lane width.,d:A motorcycle with two people is more stable than with one.",b,When passing a motorcycle you must move completely into the adjacent lane so the motorcycle has the entire lane width; do not share a lane with it.,medium
2,Traffic Laws & Rules of the Road,"If you are waiting to turn left at a multilane intersection and opposing traffic blocks your view, what should you do?","a:Accelerate rapidly when the first lane is clear.,b:Turn on your hazard lights and proceed slowly.,c:Enter the intersection and wait for a wave from oncoming traffic.,d:Wait until you can see all lanes you must cross before making the turn.",a,Do not begin a left turn until all lanes you must cross are clear and you can make the turn safely.,medium
2,Traffic Laws & Rules of the Road,When is it legal to pass another vehicle on the right?,"a:Only when the other driver signals you to pass.,b:When the road narrows such as on a bridge.,c:Whenever you can,d:When the other vehicle is waiting to turn left and there is a proper lane available to pass.",d,"You may pass on the right when the vehicle ahead is waiting or signaling to turn left and a proper passing lane exists, or when you are on a multilane roadway with two or more lanes moving the same direction. You must not pass by driving off the pavement or main-traveled portion of the road.",medium
4,Safe & Defensive Driving Practices,"Compared with smaller vehicles, larger vehicles generally have:","a:Smaller blind spots.,b:Larger blind spots.,c:Blind spots only in the front.,d:No blind spots.",b,Large vehicles such as trucks and SUVs have larger blind spots around the vehicle that require extra caution when passing or following.,easy
4,Safe & Defensive Driving Practices,"If you're angry after an incident at work, what should you do before driving home?","a:Take a few minutes to calm down before starting to drive.,b:Play loud music to forget about it.,c:Drive fast to let off steam.,d:Call someone and drive while talking. ",a,Drivers who are emotionally upset should cool off before driving to avoid impaired judgment and aggressive driving.,easy
3,"Signs, Signals & Road Markings",What does a broken yellow line next to a solid yellow line mean?,"a:Passing is allowed from the lane next to the broken line only,b:Passing is allowed from the lane next to the solid line,c:Passing is permitted from either direction",a,"When a broken yellow is adjacent to a solid yellow, only drivers on the broken-line side may pass when it is safe.",medium
3,"Signs, Signals & Road Markings",Traffic lanes moving in opposite directions are separated by what color lines?,"a:White.,b:Black.,c:Red.,d:Yellow.",d,Yellow center lines divide traffic moving in opposite directions; white lines separate lanes moving in the same direction.,easy
2,Traffic Laws & Rules of the Road,"If turning left onto a one-way street, into which lane should you turn?","a:The bicycle lane even if marked.,b:The lane closest to your previous lane (leftmost of the destination lanes).,c:Either lane randomly.,d:The right lane because it may be clearer.",b,"When turning onto a one-way street, turn into the lane nearest to the lane you came from.",easy
7,Vehicle Ownership & Responsibilities,A leaking exhaust system can cause what effect on a driver?,"a:Prevent your headlights from working.,b:Improve fuel economy.,c:Cause your engine to overheat instantly.,d:Make you drowsy or cause poisoning while driving.",d,"A leaking exhaust can allow toxic fumes into the vehicle, causing drowsiness or death; repair immediately.",medium
5,Driving in Special Conditions,An advisory speed sign attached to a curve means you should:,"a:Ignore it when it is raining.,b:Reduce your speed below the posted limit in poor weather or road conditions.,c:Follow it only on highways.",b,"Advisory speeds recommend a safe speed for a curve under ideal conditions; reduce speed further in rain, snow, or ice.",easy
2,Traffic Laws & Rules of the Road,Which of the following describes correct passing procedures?,"a:Use your horn instead of signaling.,b:Signal at least 100 feet before changing lanes,c:Merge back immediately after pulling even with the other vehicle.,d:Signal only if another car is beside you.",b,"When passing, signal at least 100 feet in advance, check mirrors and blind spots, and don't return to your lane until you can see the passed vehicle's front in your rearview mirror.",medium
4,Safe & Defensive Driving Practices,"If the driver ahead seems distracted (one hand on wheel, talking), what should you do?","a:Tailgate to encourage attention.,b:Give the vehicle extra space and be prepared for unpredictable actions.,c:Pass immediately on the right regardless of safety.,d:Follow their example since they know the route.",b,Allow extra following distance for distracted drivers because they are more likely to make mistakes.,easy
4,Safe & Defensive Driving Practices,How can stress affect your driving?,"a:By reducing your ability to concentrate on driving tasks,b:By decreasing your chances of being in an accident,c:By making you fall asleep at the wheel",a,Strong emotions or stress reduce concentration and impair driving decisions; it is safer to delay driving if you are emotionally unstable.,easy
8,Special Situations & Road Users,What should you do to be safe when crossing railroad tracks?,"a:Cross quickly if a train appears to be approaching,b:Look only when lights are flashing,c:Look and listen in both directions and proceed only when it is safe",c,"Before crossing tracks, always look and listen for trains from both directions and obey crossing signals and gates.",easy
8,Special Situations & Road Users,Why must you be especially alert for motorcycles?,"a:They always travel slower than traffic.,b:They do not use headlights at night.,c:They rarely obey traffic laws.,d:They are smaller and harder to see and may be hidden in blind spots.",d,"Motorcycles are harder to see, may be hidden in blind spots, and their speed/distance may be harder to judge.",medium
3,"Signs, Signals & Road Markings",What does a yellow and black diamond-shaped sign indicate?,"a:Traffic laws and regulations,b:Directions to cities and towns ahead,c:Warning—hazards or conditions on or near the road ahead",c,Diamond-shaped yellow signs warn drivers of potential hazards or changes in road conditions so they can take appropriate action.,easy
4,Safe & Defensive Driving Practices,How does being distracted while driving affect your reactions to hazards?,"a:It only affects new drivers.,b:It makes you react faster.,c:It usually slows your reaction time and increases crash risk.,d:It has no effect on your driving.",c,"Distractions reduce drivers' ability to perceive and respond to hazards, increasing the likelihood of a crash.",easy
7,Vehicle Ownership & Responsibilities,"If you're involved in a crash and your vehicle blocks traffic, what should you do?","a:Leave it and walk away to safety.,b:Wait for the police before attempting to move it.,c:Never move your vehicle under any circumstances.,d:Move your vehicle off the traveled portion of the roadway if possible.",d,"After a minor collision, move the vehicle off the travel lanes if it's safe to do so, then exchange information.",medium
4,Safe & Defensive Driving Practices,Which actions should you take when changing lanes on a highway?,"a:Signal only if other cars are present.,b:Signal,c:Check mirrors only and then quickly move.,d:Change lanes without signaling if it’s safe.",b,"Always signal, check mirrors, and check blind spots by looking over your shoulder before changing lanes.",easy
3,"Signs, Signals & Road Markings","When a traffic signal turns green, what must you do first?","a:Back up slowly if the path is blocked.,b:Accelerate as quickly as possible.,c:Honk to warn cross traffic.,d:Yield the right-of-way to any pedestrians or vehicles still in the intersection.",d,"A green light allows you to go, but you must first yield to pedestrians and any traffic still in the intersection.",easy
4,Safe & Defensive Driving Practices,What can impair a person's ability to drive safely besides alcohol?,"a:Eating food while driving.,b:Only alcohol affects driving ability.,c:Certain medications,d:Wearing sunglasses.",c,"Driving ability can be reduced by alcohol, legal and illegal drugs, and drowsiness from lack of sleep.",medium
4,Safe & Defensive Driving Practices,"If you begin feeling tired while driving, what is the best action?","a:Open a window to get fresh air and continue.,b:Turn up the radio and speed up.,c:Stop driving and take a break or rest.,d:Drink coffee and keep driving.",c,Fatigue impairs driving similar to alcohol; the proper response is to stop and rest rather than continue driving.,easy
1,Licensing & Permit Requirements,Which of the following is true about cellphone use while driving in Oregon?,"a:Drivers 18 and older are prohibited from texting while driving but may handhold for calls.,b:Drivers under 18 may talk but not text while driving.,c:Drivers under 18 may not talk or text while driving; drivers 18+ must use hands-free when talking.",c,"In Oregon, drivers under 18 may not use a phone to talk or text while driving. Drivers 18+ must use hands-free for calls; texting is prohibited for all drivers.",medium
7,Vehicle Ownership & Responsibilities,What documents must a driver produce when stopped for a traffic violation or equipment check?,"a:Only insurance card.,b:Only their license.,c:Driver license,d:Only the vehicle title.",c,"When stopped, the driver must be able to provide their license, proof of registration, and proof of insurance.",easy
3,"Signs, Signals & Road Markings",A downward-facing triangular sign typically means:,"a:Yield to other traffic.,b:No U-turn.,c:School zone ahead.,d:Construction ahead.",c,"A downward-pointing triangle is the standard shape for a yield sign, telling drivers to slow and yield to other traffic or pedestrians.",easy
2,Traffic Laws & Rules of the Road,What can happen to a bicyclist who fails to obey traffic laws?,"a:They are legally required to ride on the sidewalk instead.,b:They will always receive only a warning.,c:They may be cited or ticketed like other road users.,d:They are exempt from traffic laws.",c,Bicyclists have the same rights and duties as motor vehicle drivers and can be ticketed for violating traffic laws.,easy
8,Special Situations & Road Users,"If you have a green light but pedestrians are crossing against their signal, what must you do?","a:Honk to make them hurry,b:Speed up and pass in front of them,c:Stop or yield to allow pedestrians to cross safely",c,Drivers must yield to pedestrians in the roadway even when the light is green; ensure they can cross safely before proceeding.,easy
3,"Signs, Signals & Road Markings",A diamond-shaped sign is used to indicate:,"a:A school crossing specifically.,b:An interstate route.,c:A speed limit.,d:A road hazard or warning.",d,Diamond-shaped signs are warning signs used to indicate hazardous conditions or changes in the roadway ahead.,easy
3,"Signs, Signals & Road Markings",A regulatory sign showing a red circle with a slash through a black symbol means:,"a:The area is a construction zone.,b:The action shown is prohibited.,c:Some drivers must yield to others.,d:Drivers should stop completely.",b,A red circle with a slash over a black symbol on a regulatory sign indicates the depicted action is forbidden.,easy
4,Safe & Defensive Driving Practices,What causes 'highway hypnosis' and how can it be prevented?,"a:Only occurs when driving at high speeds.,b:Frequent rest stops cause it.,c:Staring at the road for long periods reduces active scanning; prevent it by frequently scanning and taking breaks.,d:Sleeping too much the night before leads to it.",c,Highway hypnosis results from staring straight ahead without scanning; avoid it by actively looking around and taking rest breaks.,medium
7,Vehicle Ownership & Responsibilities,Where is it illegal to park?,"a:In a parking lot.,b:On a hill.,c:On a crosswalk or in a marked bicycle lane.",c,"Parking is unlawful in marked bicycle lanes or on crosswalks; when parking on the street, keep within 12 inches of the curb.",easy
4,Safe & Defensive Driving Practices,How should you respond to an aggressive driver on the road?,"a:Speed up to keep ahead of them.,b:Cut them off to slow them down.,c:Avoid eye contact,d:Retaliate by tailgating them.",c,"Remain calm, avoid eye contact and provocative gestures, create distance, and let the aggressive driver pass safely.",easy
4,Safe & Defensive Driving Practices,An inattentive driver is someone who:,"a:Stares off the roadway or daydreams while driving.,b:Maintains eye contact with a passenger when driving.,c:Only watches the vehicle directly ahead of them.,d:Constantly checks mirrors while driving.",a,"Inattentive driving includes looking away from the road or daydreaming, which prevents proper scanning and increases crash risk.",easy
4,Safe & Defensive Driving Practices,"If your vehicle begins to skid, how should you turn the steering wheel?","a:In the opposite direction of the skid,b:To keep the front wheels straight,c:In the direction you want the vehicle to go",c,"If the vehicle skids, steer in the direction you want the vehicle to travel. When it straightens, correct the steering back.",medium
8,Special Situations & Road Users,When driving near a motorcycle you must:,"a:Follow closer than you would other vehicles.,b:Allow the motorcycle to use only half of a lane.,c:Drive on the shoulder beside the motorcycle.,d:Allow the motorcycle to use a full lane.",d,Motorcycles are entitled to a full lane width; do not crowd or share the lane with them.,easy
5,Driving in Special Conditions,"If you miss your freeway exit, what is the correct action?","a:Pull onto the shoulder and back up to the exit,b:Make a U-turn through the median,c:Continue to the next exit and safely return to your desired route",c,"If you pass your exit, do not stop, back up, or turn across lanes. Proceed to the next exit and re-route safely.",easy
5,Driving in Special Conditions,"What should you do when road surfaces become slippery due to rain, snow, or sleet?","a:Reduce your speed below the posted limit and drive with extra caution.,b:Drive at the posted speed because limits are safe in all conditions.,c:Increase your following distance only if others do so.,d:Use cruise control to maintain traction.",a,"When roads are slippery, slow down and increase following distance; in many cases safe speed is below the posted limit.",easy
1,Licensing & Permit Requirements,What penalties can you face for providing false information on a DMV application in Oregon?,"a:Only a small administrative fee.,b:A brief driving quiz only.,c:An immediate lifetime ban from driving.,d:Driver license suspension or cancellation for one year and possible misdemeanor charges with fines or imprisonment.",d,"Submitting false information on a license or ID application may result in suspension or cancellation of driving privileges for one year and is a class A misdemeanor, punishable by fines and/or imprisonment.",medium
8,Special Situations & Road Users,"When an emergency vehicle using lights and/or siren approaches, what must you do immediately?","a:Slow down but remain in your lane.,b:Turn on your four-way flashers only.,c:Accelerate to get ahead of it.,d:Pull to the right and stop as soon as it is safe.",d,"When approached by an emergency vehicle using lights or siren, immediately pull to the right and stop to give it a clear path.",easy
8,Special Situations & Road Users,"At a basic crossbuck railroad crossing with no gates or lights, what should you do?","a:Always stop even when no train is visible.,b:Drive faster than the train to beat it across.,c:Turn down your radio to try to hear a train.,d:Approach with extreme caution and cross only when you know no train is near.",d,"If there are no gates or flashing lights, look and listen carefully and cross only when it is safe to do so.",medium
4,Safe & Defensive Driving Practices,Why should you avoid following other cars too closely?,"a:You may not see the vehicle's turn signals,b:You may not have enough time to stop if the vehicle ahead slows or stops suddenly,c:You may not see the road between the cars",b,Following too closely reduces your margin to react and stop safely if the vehicle ahead brakes suddenly.,easy
3,"Signs, Signals & Road Markings","What color are regulatory signs typically, and what is required of drivers?","a:Blue; they are only suggestions.,b:Orange; they indicate temporary rules only.,c:White with black or red markings; they must be obeyed.,d:Green; they are informational only.",c,Regulatory signs are usually white with black or red markings and convey laws or regulations that must be followed.,easy
2,Traffic Laws & Rules of the Road,What does a flashing yellow traffic signal mean?,"a:Stop and wait for a green light,b:Slow down and proceed with caution,c:Speed up to clear the intersection quickly",b,"A flashing yellow means do not stop if unnecessary but slow down, look, and proceed cautiously when safe.",easy
2,Traffic Laws & Rules of the Road,"When making a left turn, to whom must you yield the right-of-way?","a:Only to drivers turning right,b:No one—you have the right-of-way,c:Oncoming traffic and any pedestrians or other road users already in the intersection",c,Yield to oncoming vehicles and to pedestrians and other users who are already in the intersection before completing a left turn.,medium
2,Traffic Laws & Rules of the Road,What should you do when entering a roadway from a private road or driveway?,"a:Drive out quickly to avoid delaying others.,b:Yield to pedestrians and traffic on the roadway before entering.,c:Stop with part of your car in the roadway to alert drivers.,d:Blow your horn to warn traffic you are entering.",b,"When entering from a private road or driveway, you must yield the right-of-way to pedestrians and traffic already on the roadway.",easy
5,Driving in Special Conditions,"If a flagger is directing traffic in a construction zone, what must drivers do?","a:Follow the directions given by the flagger.,b:Follow the vehicle ahead even if the flagger disagrees.,c:Ignore the flagger unless a police officer is present.,d:Continue at the same speed. ",a,Flaggers control traffic in work zones; obey their signals to protect workers and other drivers.,easy
2,Traffic Laws & Rules of the Road,What must you do when facing a red traffic signal?,"a:Stop only if a police officer is present.,b:Proceed if the crosswalk is clear.,c:Slow down and proceed if there is no cross traffic.,d:Stop before entering the intersection",d,"A red light requires stopping before the intersection, stop line, or crosswalk and waiting until it is safe to proceed.",easy
4,Safe & Defensive Driving Practices,"If you feel worried, nervous, angry, or very emotional, what should you do before driving?","a:Call someone while driving to calm down.,b:Drive immediately; emotions don't affect ability.,c:Take time to calm down and focus before starting to drive.,d:Drive faster to get to your destination sooner.",c,Strong emotions can distract you and impair driving. Calm down and regain focus before driving to ensure safety.,easy
4,Safe & Defensive Driving Practices,How can you check blind spots before changing lanes?,"a:Turn your head and glance over the shoulder in the direction you plan to move.,b:Rely only on the inside rearview mirror.,c:Use the outside mirror only.,d:Use your turn signal without looking.",a,Turn your head and glance briefly over your shoulder to check areas not visible in mirrors before every lane change.,easy
8,Special Situations & Road Users,Why should you be cautious when passing a bicyclist?,"a:Because you are moving faster than the bicycle,b:Oncoming traffic may not see you pull out to pass,c:The bicycle always has the right-of-way",b,Cyclists may swerve to avoid hazards and oncoming vehicles may not expect you to move into their path; give bicycles extra room.,medium
3,"Signs, Signals & Road Markings",A round traffic sign usually warns drivers of:,"a:A no passing zone.,b:A school zone.,c:An upcoming railroad crossing.,d:An upcoming hospital zone.",c,Round traffic signs are typically used to warn of an upcoming railroad crossing.,easy
7,Vehicle Ownership & Responsibilities,"If you are in an accident and someone is injured, what should you do?","a:Move the injured person away from the scene immediately.,b:Avoid moving the injured unnecessarily,c:Always leave injured people where they are and avoid providing aid.",a,"Do not move injured persons unless absolutely necessary; control bleeding, keep them warm, and wait for trained emergency responders.",medium
4,Safe & Defensive Driving Practices,What is the safe way to drive through a curve?,"a:Maintain a single constant speed throughout the curve.,b:Increase speed as you enter and then brake sharply at the exit.,c:Brake hard throughout the curve to stay slow.,d:Slow down as you enter the curve and accelerate gradually as you exit.",d,Reduce speed before entering a curve and then increase speed smoothly as you exit to maintain control.,medium
2,Traffic Laws & Rules of the Road,"At an uncontrolled intersection of two similar roads, who has the right-of-way?","a:The vehicle approaching from the left.,b:The fastest vehicle.,c:The vehicle approaching from the right.,d:The vehicle that honks first.",c,"At intersections without signs or signals, yield to vehicles approaching from your right.",easy
2,Traffic Laws & Rules of the Road,"To pass a slower vehicle on a two-lane, two-way road, what must you do?","a:Cross into the oncoming traffic lane only when it is safe and legal.,b:Use the shoulder to pass when necessary.,c:Flash headlights at oncoming traffic to warn them.,d:Pass on the right anytime. ",a,Passing on two-lane roads requires entering the oncoming lane if and only if it is safe and legal to do so.,difficult
4,Safe & Defensive Driving Practices,Where is it especially important to reduce speed?,"a:Only on open highways.,b:On narrow or winding roads,c:Only when driving behind a slow-moving vehicle.,d:Only when directed by a policeman.",b,"Reduce speed in narrow or winding areas, at intersections, near railroad crossings, on hills and blind curves, and whenever road conditions are poor.",easy
4,Safe & Defensive Driving Practices,"When driving through an area where children are playing, you should expect them to:","a:Possibly run into the street without looking, so slow down and be ready to stop.,b:Always stop at the curb before crossing.,c:Know when it is safe to cross.,d:Yield to your vehicle. ",a,Children may act unpredictably and could run into the road without looking; reduce speed and be prepared to stop.,easy
4,Safe & Defensive Driving Practices,How would you best describe distracted driving?,"a:Very uncommon.,b:Extremely risky behavior that endangers you and others.,c:A behavior only new drivers engage in.,d:Something of little concern.",a,"Distracted driving diverts attention from driving tasks and dramatically increases crash risk for drivers, passengers and other road users.",easy
4,Safe & Defensive Driving Practices,What should you do when preparing to change lanes?,"a:Only check the side view mirror,b:Quickly turn your head without checking mirrors first,c:Check side and rearview mirrors and then quickly glance over your shoulder to check the blind spot",c,"Before moving laterally, check mirrors for behind traffic and glance over your shoulder to confirm the blind spot is clear.",easy
4,Safe & Defensive Driving Practices,Which driving habit helps conserve gasoline?,"a:Revving the engine while parked.,b:Accelerating quickly from stops.,c:Slowing down gradually and anticipating stops and traffic flow.,d:Sitting in your driveway with the engine running.",d,"Looking ahead, avoiding unnecessary stops and accelerating gently conserves fuel and improves gas mileage.",easy
4,Safe & Defensive Driving Practices,Which factor affects your ability to stop your vehicle?,"a:The color of your car.,b:The type of license plate you have.,c:The condition of the road and weather (road surface).,d:The music playing in your car.",c,Stopping ability depends heavily on road surface and conditions; reduce speed when conditions are poor.,easy
4,Safe & Defensive Driving Practices,How can you reduce the chance of hydroplaning?,"a:Drive more quickly to get through wet spots.,b:Drive through shallow water at speed.,c:Drive more slowly.",c,Hydroplaning risk increases with speed on wet roads; slowing down and maintaining good tire tread reduces the risk.,easy
4,Safe & Defensive Driving Practices,How should you check blind spots before changing lanes to avoid collisions?,"a:Rely only on your rearview mirror.,b:Honk just before changing lanes.,c:Adjust your exterior mirrors every few minutes.,d:Turn your head and glance over your shoulder in the direction you intend to move.",d,"Before turning or changing lanes, turn your head and glance over your shoulder toward the lane you want to enter; do not rely exclusively on mirrors.",easy
5,Driving in Special Conditions,Which headlights should you use when driving in dense fog?,"a:Parking lights only.,b:No lights at all to avoid glare.,c:Low beam headlights (and fog lights if equipped).,d:High beam headlights.",c,Use low beams and fog lights if available in foggy conditions; high beams can reflect off fog and reduce visibility.,easy
4,Safe & Defensive Driving Practices,"If another driver cuts you off, how should you react?","a:Block them from passing.,b:Let it go and avoid escalating the situation.,c:Flash high beams aggressively.,d:Pull up beside them and shout.",b,"To prevent road rage and dangerous confrontations, remain calm and let the incident go.",easy
7,Vehicle Ownership & Responsibilities,Who benefits most from seat belts being worn?,"a:The driver only.,b:Only passengers on long trips.,c:All occupants of a car — seat belts are most effective when everyone is buckled.",c,Seat belts are most effective when every occupant is restrained; unbelted occupants become projectiles in a crash.,easy
8,Special Situations & Road Users,Why must you use extra caution near pedestrians carrying a white cane or using a guide dog?,"a:They are blind, so you must yield and be prepared to stop to avoid injuring them.,b:They are deaf and may not hear you.,c:They are police officers.,d:They always yield to vehicles.",a,"A white cane or guide dog indicates a blind pedestrian; you must slow down, yield, and be prepared to stop to protect them.",easy
8,Special Situations & Road Users,Which statement about railroad crossings is true?,"a:You never need to stop at a crossing unless a train is visible.,b:All crossings are equipped with lights and gates.,c:Not all crossings have flashing signals or gates; do not go around lowered gates and obey flaggers or signs.,d:It is legal to go around lowered gates during light traffic.",c,"Some crossings lack active warning devices; always obey gates, lights, and flaggers, and never drive around lowered gates.",medium
4,Safe & Defensive Driving Practices,"If you're taking a non-prescription medication, what should you do before driving?","a:Read the drug label for warnings about driving.,b:Assume it's safe because it's not prescribed.,c:Drink alcohol to counteract side effects.,d:Ignore any warnings and drive normally.",a,Many over-the-counter medications (including cold or allergy remedies) can impair driving. Read labels for warnings and ask a doctor or pharmacist if unsure.,easy
2,Traffic Laws & Rules of the Road,"Approaching a flashing yellow traffic signal, what should you do?","a:Increase speed to clear the area faster.,b:Come to a complete stop every time.,c:Slow down and proceed with caution.",a,"A flashing yellow light warns of a potential hazard; slow down and proceed with caution, yielding as necessary.",easy
4,Safe & Defensive Driving Practices,"When passing a vehicle that has just parked at the curb, what should you assume and do?","a:Assume the driver may open a door and use extra caution.,b:Speed up to pass quickly.,c:Slam on your brakes to avoid any sudden movements.",a,"When passing parked vehicles, assume occupants may open doors or step out; slow down and pass with extra caution.",easy
3,"Signs, Signals & Road Markings",Which device is commonly used on highways to direct drivers into the proper lanes for turning?,"a:Lane-use arrows painted on the pavement and signs.,b:White posts on the shoulder.,c:Flashing yellow lights.,d:Flashing red lights.",d,Arrows painted on the pavement and overhead lane signals indicate which lanes are for turning and which are for through traffic.,easy
4,Safe & Defensive Driving Practices,How should you prepare for potential hazards coming up on the road ahead?,"a:Stare straight ahead at all times so you don't miss anything.,b:Continuously scan the roadway and roadsides to identify hazards early.,c:Only watch directly in front of the vehicle.,d:Keep your left foot lightly on the brake to react faster.",b,Search and scan the entire roadway and its sides to spot hazards early and increase your ability to respond safely.,easy
8,Special Situations & Road Users,When must you yield to emergency vehicles?,"a:Only if an officer directs you to do so.,b:Only when police vehicles have activated lights.,c:Never; they must find their own path.,d:Whenever you see flashing lights or hear a siren",d,You must yield to emergency vehicles using flashing lights or sirens by pulling over and stopping when safe.,easy
4,Safe & Defensive Driving Practices,"When dealing with pedestrians, what is the driver's responsibility?","a:Do everything possible to avoid striking pedestrians and yield the right-of-way to them.,b:Always expect pedestrians to yield to vehicles.,c:Yield only to pedestrians in marked crosswalks.,d:Only yield if a crossing guard is present.",a,"Drivers must be alert to pedestrians and yield the right-of-way to prevent collisions, even if the pedestrian is crossing improperly.",easy
2,Traffic Laws & Rules of the Road,What must a driver do when approaching a flashing red traffic signal?,"a:Slow down but do not stop.,b:Stop,c:Merge to the right and proceed with caution.",c,"A flashing red signal requires a complete stop, yielding to other traffic and pedestrians before proceeding when safe.",easy
2,Traffic Laws & Rules of the Road,From which lane should you begin a left turn on multilane one-way streets or highways?,"a:The right lane.,b:The left lane.,c:The middle of the intersection.",b,"When turning left from a multilane one-way street or highway, start from the leftmost lane and turn into the leftmost lane of the street you enter.",easy
4,Safe & Defensive Driving Practices,How can you help ensure your physical condition doesn't make driving unsafe?,"a:Drive regardless of how you feel,b:Ignore doctor advice about driving,c:Know how medications affect driving",c,"Be aware of medical conditions and medication side effects, maintain fitness, and drive only when it is safe to do so.",medium
8,Special Situations & Road Users,"If an approaching train is close enough to be a danger, you must:","a:Slow down and proceed with caution across the tracks.,b:Rely on other motorists to warn you.,c:Not cross the tracks until the train has completely passed.,d:Cross quickly before the train arrives.",c,"If a train is close enough to pose danger, you cannot cross the tracks until it has passed and it is safe.",difficult
7,Vehicle Ownership & Responsibilities,When may you park or stop on a freeway shoulder?,"a:Whenever you turn on four-way flashers.,b:Only in an emergency; otherwise it is prohibited.,c:If you need to read a map.,d:If no part of your car is on the roadway.",b,Parking on the freeway shoulder is prohibited except for emergencies. Use hazard flashers and move fully off the travel lanes if possible.,medium
8,Special Situations & Road Users,When must you stop for a school bus on a two-lane highway?,"a:If the bus is stopped on the shoulder with no one aboard.,b:Only when students are crossing in front of the bus.,c:Never; buses must yield to traffic.,d:When the school's bus red lights are flashing and it is stopped.",d,"On two-lane roads, traffic in both directions must stop when a school bus displays flashing red lights or its stop arm is extended.",easy
8,Special Situations & Road Users,"When railroad crossing signals are flashing, what must you do?","a:Cross quickly to beat the train.,b:Drive around any lowered gates if no train is visible.,c:Slow down and look both ways before crossing.,d:Stop no closer than 15 feet from the nearest rail when signals indicate an approaching train.",d,"If lights are flashing or gates are down, stop at a safe distance (at least 15 feet) and wait until it is clear.",difficult
3,"Signs, Signals & Road Markings",What do orange-colored traffic signs usually indicate?,"a:Temporary work zones or construction ahead.,b:Regulatory instructions like speed limits.,c:School zones.,d:Tourist information.",a,Orange signs typically warn drivers of highway work zones or construction and usually have black symbols or lettering.,easy
8,Special Situations & Road Users,When must you stop at a railroad crossing?,"a:When you feel like it is unsafe to cross.,b:Only if gates are down and red lights are flashing.,c:Only if a train is visible.,d:Only if directed by a flagger",c,"You must stop at railroad crossings when directed by a flagger or stop sign, and when warning signals, gates, or flashing red lights indicate an approaching train.",medium
4,Safe & Defensive Driving Practices,"If another car is about to hit you, how should you warn them?","a:Wave your arms out the window.,b:Use your interior lights to signal them.,c:Speed up and drive away.,d:Sound your horn to alert the other driver or pedestrian.",d,Use your horn to warn others when you believe they may not see you and a collision may result.,easy
8,Special Situations & Road Users,"When an emergency vehicle is approaching with lights and siren, you must pull over to the edge of the road and stop:","a:Regardless of the emergency vehicle's direction of travel.,b:Only if it is behind you.,c:Only if it is coming toward you from the opposite direction.,d:Only if the vehicle is identified as a police car.",a,"You must pull over to the right edge of the road and stop for an emergency vehicle using lights and siren, regardless of whether it approaches from behind or ahead.",easy
8,Special Situations & Road Users,"On a road with no sidewalks, which side should a pedestrian walk on?","a:The side with the lightest traffic.,b:The same side as traffic is moving.,c:The side facing oncoming traffic (toward vehicles).,d:Anywhere convenient without regard to traffic.",a,Pedestrians should walk facing oncoming traffic when there are no sidewalks so they can see approaching vehicles and react if necessary.,easy
6,"Alcohol, Drugs & Impaired Driving","Does the type of alcoholic beverage (beer, wine, spirits) change how alcohol affects your reflexes and judgment?","a:Beer impairs less than wine.,b:Hard ciders impair more than other drinks.,c:Wine impairs less than beer.,d:The effect depends on how much alcohol enters the bloodstream",a,"The impairing effect of alcohol depends on the amount consumed and how quickly it enters the bloodstream, not the type of alcoholic drink.",medium
3,"Signs, Signals & Road Markings",May you drive around or under a gate at a railroad crossing that is being lowered or raised?,"a:Only if a flagger waves you through.,b:No — never go around or under a moving gate.,c:Yes if your vehicle won't damage the gate.,d:Yes if no train is visible.",b,You must not go around or under a lowered or moving gate; wait until gates are fully raised and lights are off.,difficult
6,"Alcohol, Drugs & Impaired Driving",Which kinds of drugs may impair your ability to drive?,"a:Only illegal drugs.,b:Only over-the-counter cold medicine.,c:Many kinds",c,"Prescription, over-the-counter, and illegal drugs can all impair driving; check warnings and avoid driving if affected.",easy
7,Vehicle Ownership & Responsibilities,"If you borrow an unfamiliar vehicle, what should you do before driving?","a:Start driving immediately because all cars function the same.,b:Only check the horn and headlights.,c:Hide any defects from the owner.,d:Familiarize yourself with the location and operation of signals",a,"When driving an unfamiliar vehicle, take time to locate and test the turn signals, lights, wipers, brakes, gear selector and horn; correct any safety defects before driving.",easy
8,Special Situations & Road Users,"If you are in a line of traffic crossing railroad tracks that has no signals or gates, what must you ensure?","a:You have the right-of-way and can stop on the tracks.,b:You can stop on the tracks briefly to check for trains.,c:You may pass slower drivers while on the tracks.,d:You have enough room to get completely across the tracks without stopping and should never pass another vehicle as you approach the crossing.",a,Make sure there is room for your vehicle to clear the tracks before entering; never stop on the tracks or pass another vehicle while crossing.,medium
2,Traffic Laws & Rules of the Road,"Which traffic signal requires you to stop, yield to traffic and pedestrians, then proceed when clear?","a:A solid green light,b:A flashing yellow light,c:A flashing red light",c,"A flashing red signal functions like a stop sign: come to a complete stop, yield, then go when it is safe.",easy
4,Safe & Defensive Driving Practices,Which of the following commonly causes traffic accidents?,"a:Keeping a larger than necessary following distance.,b:Always driving under the speed limit.,c:Driving too fast for conditions,d:Using turn signals too often.",c,"Speeding, inattention, and tailgating are common causes of collisions; adjust speed and attention to conditions.",easy
6,"Alcohol, Drugs & Impaired Driving",What is true about drivers who have consumed alcohol before driving?,"a:They do not have sufficient control over their bodies, minds, or vehicles,b:They are always more careful,c:They are fully aware of the risks",a,"Alcohol impairs judgment, coordination, vision, and reaction time; even small amounts can affect driving ability.",easy
6,"Alcohol, Drugs & Impaired Driving","By driving on Oregon roads, you have implicitly agreed to what regarding DUII testing?","a:You consent to take breath, blood, or urine tests if arrested for DUII.,b:You must maintain liability insurance forever.,c:You can refuse testing without consequence.,d:You're required to post bail immediately. ",a,"Under the Implied Consent Law, drivers consent to chemical testing when arrested for DUII; refusal has consequences.",difficult
3,"Signs, Signals & Road Markings",Lanes of traffic moving in the same direction are divided by what color lines?,"a:Yellow.,b:White.,c:Red.,d:Black.",b,White lines separate lanes moving in the same direction; broken white lines may be crossed to change lanes when safe.,easy
2,Traffic Laws & Rules of the Road,What does a flashing yellow arrow for left turns mean?,"a:You should merge immediately without yielding,b:You may turn left after yielding to oncoming traffic and pedestrians,c:You must come to a complete stop before turning",b,A flashing yellow arrow allows left turns but requires yielding to oncoming traffic and pedestrians before turning.,medium
3,"Signs, Signals & Road Markings",Stop lines painted across traffic lanes indicate:,"a:Only where churches and schools are located.,b:The exact location where you must stop at intersections and pedestrian crosswalks.,c:An upcoming stop sign.,d:Where you may idle your vehicle.",a,Stop lines mark the point where drivers must stop at intersections or at pedestrian crosswalks when required.,easy
8,Special Situations & Road Users,"Approaching a railroad crossing without gates or flashing lights, you should:","a:Shift gears while crossing to avoid stalling.,b:Cross quickly without looking both ways.,c:Always stop before crossing the tracks.,d:Be prepared to yield to any train and cross only when safe.",d,"Always look and listen for trains at crossings that lack active warnings, and ensure there's room on the far side before you cross.",medium
2,Traffic Laws & Rules of the Road,"Before making a left turn, what must you do regarding other road users?","a:Sound your horn first.,b:Yield to oncoming vehicles and pedestrians.,c:Swing to the right side of your lane.",b,When turning left you must yield the right-of-way to oncoming traffic and to pedestrians in the crosswalk before completing the turn.,easy
6,"Alcohol, Drugs & Impaired Driving",Which of the following affect how alcohol affects you?,"a:Only the amount of food in your stomach.,b:All of the above (amount of food,c:Only your body weight.,d:Only how much time passes between drinks.",b,"Blood alcohol concentration is influenced by how much you drink, the time between drinks, body weight, and how much you've eaten; food slows absorption but doesn't prevent impairment.",medium
4,Safe & Defensive Driving Practices,"When changing lanes, what steps must you take?","a:Change lanes quickly without signaling to minimize time exposed.,b:Only check your blind spot after moving over.,c:Flash your headlights as your only signal.,d:Signal your intention",d,"Always signal, check mirrors, and look over your shoulder to confirm the blind spot is clear before changing lanes.",easy
3,"Signs, Signals & Road Markings",When is it permissible to cross a solid yellow center line?,"a:At any time,b:To pass traffic moving in the same direction,c:Only to make a left turn into or out of a private driveway or to enter/exit the roadway",c,"A solid yellow line separates opposite directions of traffic and may be crossed only for permitted turns or to enter/exit the roadway, not for passing.",medium
3,"Signs, Signals & Road Markings",When are you allowed to cross double solid yellow centerlines?,"a:To turn into a driveway.,b:To pass a slow-moving truck.,c:To pass another car.",a,"Double solid yellow centerlines prohibit passing or changing lanes; you may only cross them to make a left turn into or from a driveway, private road or to make a legal U-turn where permitted.",easy
2,Traffic Laws & Rules of the Road,"If two vehicles arrive at a four-way stop at the same time, who goes first?","a:Drivers must make hand motions to communicate.,b:The vehicle on the left has the right-of-way.,c:The vehicle on the right has the right-of-way (the vehicle on the left must yield).",c,"When two vehicles arrive simultaneously, the vehicle on the left yields to the vehicle on the right; proceed in arrival order otherwise.",easy
4,Safe & Defensive Driving Practices,"When backing your vehicle, how should you look to check behind you?","a:Turn your head and look through the rear window; do not rely only on mirrors.,b:Rely solely on your mirrors.,c:Open the door to look behind you.",a,"When reversing, turn and look through the rear window; mirrors and sensors help but shouldn't be your only check.",easy
3,"Signs, Signals & Road Markings",What is the purpose of highway pavement markings?,"a:They are usually unimportant,b:They are only used in construction zones,c:They provide important information that helps drivers position vehicles and follow traffic rules",c,"Pavement markings show lanes, passing zones, turn lanes, and other important guidance for safe driving.",easy
8,Special Situations & Road Users,"When approaching any railroad crossing, what actions should you take?","a:Slow down, look for trains, and be ready to stop; if lights flash or gates are down, stop 15–50 feet before the tracks.,b:Increase speed to clear the crossing quickly.,c:Drive around a lowered gate if you are running late.,d:Stop only if you hear a train.",a,"Slow down and be ready to stop when approaching crossings. If warning lights flash or gates are down, stop well back (15–50 feet) and never go around lowered gates.",easy
3,"Signs, Signals & Road Markings",What do pennant-shaped road signs indicate?,"a:School zones.,b:Hospital nearby.,c:Speed limits.,d:No passing zones.",d,Pennant-shaped signs (sideways triangular) indicate no passing zones.,easy
3,"Signs, Signals & Road Markings",What shape is a stop sign?,"a:Rectangle.,b:Square.,c:Circle.,d:Octagon.",d,A stop sign is eight-sided—an octagon—and tells drivers to come to a complete stop before proceeding.,easy
4,Safe & Defensive Driving Practices,How should a seat belt be adjusted?,"a:Across your neck for better support.,b:Hidden beneath the seat for comfort.,c:Snug across the hip bones and lower abdomen; shoulder belt comfortable across chest.,d:Loose so you can move easily.",c,Lap belts should fit snugly across the hip bones and shoulder belts across the chest for proper protection.,easy
2,Traffic Laws & Rules of the Road,"When merging onto a freeway, what is usually best?","a:Proceed slowly and wait for an opening.,b:Turn on your hazard lights until safely merged.,c:Stop at the end of the ramp and look both ways.,d:Accelerate on the ramp to match the speed of freeway traffic and merge when safe.",d,Use the acceleration lane to reach the flow speed of traffic and merge smoothly; traffic on the freeway has the right-of-way.,medium
4,Safe & Defensive Driving Practices,What should you do first when visibility decreases?,"a:Reduce your speed.,b:Turn on your windshield wipers only.,c:Turn on interior lights.,d:Turn on headlights high beams.",a,Slowing down is the primary response to reduced visibility so you have more time to react to hazards.,easy
5,Driving in Special Conditions,"When driving in fog, which of the following precautions should you take?","a:Maintain highway speed because visibility will improve soon.,b:Turn off headlights to reduce glare.,c:Use high beams to see further ahead.,d:Drive cautiously at reduced speeds",d,"Fog reduces visibility; use low beams or fog lights, slow down, and avoid high beams which worsen glare.",medium
3,"Signs, Signals & Road Markings",What do crossbuck signs indicate?,"a:School zone.,b:No passing zone.,c:Railroad crossing ahead.",c,A crossbuck sign marks a railroad crossing; you must yield to trains and never try to outdrive an approaching train.,easy
2,Traffic Laws & Rules of the Road,"When you see a steady yellow traffic signal, what should you do?","a:Continue because you have the right-of-way,b:Accelerate to beat the red light,c:Slow to a stop unless you are already in the intersection",c,"A steady yellow warns that the light will soon turn red. Stop safely if you can do so; if already in the intersection, clear it.",easy
2,Traffic Laws & Rules of the Road,How should you enter a freeway from an on-ramp?,"a:Signal, yield to traffic, and merge at the speed of traffic.,b:Enter slowly; freeway traffic will yield to you.,c:Stop at the ramp and wait for a large gap.,d:Drive on the shoulder until a gap appears.",a,"Use the acceleration lane to match freeway speed, signal, and yield to traffic already on the freeway when merging.",medium
2,Traffic Laws & Rules of the Road,"At an uncontrolled intersection, if you and a vehicle to your right arrive at the same time, who has the right-of-way?","a:You should force the other vehicle to stop.,b:Right-of-way alternates randomly.,c:You should speed up to get through first.,d:The vehicle on your right has the right-of-way",d,"At an uncontrolled intersection where two vehicles arrive simultaneously, yield to the vehicle on your right.",easy
4,Safe & Defensive Driving Practices,When should you increase your following distance?,"a:When behind a large vehicle that blocks your view, in bad weather, when exiting an expressway, or when following motorcycles or bicycles.,b:Only when following cars that are smaller than yours.,c:You should keep the same following distance at all times.,d:Only at night. ",a,"Increase following distance in situations that reduce visibility or traction, such as behind large vehicles, bad weather, or when following motorcycles or bicycles.",medium
2,Traffic Laws & Rules of the Road,"If an officer is directing traffic at an intersection with working signals, which do you follow?","a:Honk to get the officer's attention.,b:Follow the officer's directions rather than the signal lights.,c:Wait for another officer to confirm.,d:Always follow the traffic signal regardless of the officer.",b,An officer directing traffic overrides traffic signals and signs; follow the officer's instructions.,medium
8,Special Situations & Road Users,"If a crossing guard is directing traffic in a school zone, you must:","a:Ignore the guard during busy hours.,b:Follow what other drivers are doing instead of the guard.,c:Assume the guard has no authority to direct traffic.,d:Follow the crossing guard's directions and use extra caution.",d,Obey directions given by a crossing guard in a school zone and be prepared to reduce speed and exercise caution.,easy
2,Traffic Laws & Rules of the Road,"Before entering a roundabout, you must yield to:","a:No one; you have the right-of-way entering.,b:Pedestrians,c:Only motor vehicles in the roundabout.,d:Only pedestrians in the roundabout.",b,Yield to pedestrians and bicyclists crossing the approach and to vehicles already circulating in the roundabout.,medium
6,"Alcohol, Drugs & Impaired Driving","Under Oregon's Implied Consent Law, what have you agreed to by driving in the state?","a:To submit to a breath, blood, or urine test if arrested for DUII.,b:To always carry proof of insurance.,c:To appear in court for all traffic stops.,d:To never refuse any traffic officer's request.",a,"By driving in Oregon you consent to chemical testing (breath, blood, or urine) if arrested for driving under the influence of intoxicants (DUII).",medium
6,"Alcohol, Drugs & Impaired Driving",What can happen if you drink alcohol while taking prescription or over-the-counter medication?,"a:The medication will negate the alcohol.,b:The combination may multiply the impairing effects of both the alcohol and the medicine.,c:The alcohol will help the medicine work faster.",a,Mixing alcohol with medicines can increase the impairing effects of both and unexpectedly increase your level of impairment.,medium
2,Traffic Laws & Rules of the Road,A single dashed yellow line between opposing lanes means:,"a:Both lanes travel in the same direction.,b:Drivers may pass when it is safe to do so.,c:Passing is allowed only between dawn and dusk.,d:Drivers may not pass under any circumstances.",b,A single dashed yellow centerline indicates passing is allowed for vehicles in either direction when it is safe.,easy
4,Safe & Defensive Driving Practices,What is the single most effective thing to reduce injury or death in a crash?,"a:Wear your seat belt.,b:Drive only on weekdays.,c:Always stay in the right lane.,d:Keep windows open. ",a,Wearing a seat belt is the most effective way to reduce your risk of death or serious injury in crashes.,easy
7,Vehicle Ownership & Responsibilities,Why is a leaky exhaust system dangerous?,"a:It only increases pollution,b:It can allow carbon monoxide to enter the passenger compartment and cause poisoning,c:It can cause loss of hearing",b,A leaking exhaust can let deadly carbon monoxide into the vehicle interior; repair exhaust leaks promptly.,medium
3,"Signs, Signals & Road Markings","When a traffic signal shows a steady yellow arrow, what should drivers do?","a:Slow and stop if it is safe to do so, because a red arrow is coming.,b:Merge into the lane in the arrow direction.,c:Turn left after yielding to oncoming traffic.",a,A steady yellow arrow warns that the signal is about to turn red; stop unless you are already in the intersection and cannot safely stop.,easy
8,Special Situations & Road Users,Motorcycles are entitled to:,"a:Half the width of a lane.,b:The same full lane width as other motor vehicles.,c:The bicycle lane only.,d:To be followed more closely than other vehicles.",b,Motorcycles are full-size vehicles with the same rights to a full lane as any other vehicle; pass them only when you can fully change lanes.,easy
3,"Signs, Signals & Road Markings",What are the colors of signs that indicate distance to the next highway exit?,"a:Black with white letters.,b:Yellow with black letters.,c:Green with white letters.,d:Red with white letters.",c,Destination and distance signs on highways are green with white lettering.,easy
5,Driving in Special Conditions,"If stranded in a snowstorm, what is the best course of action?","a:Lie down in your car and go to sleep,b:Walk onto the highway to flag down cars.,c:Stay with your vehicle and wait for help; you are more likely to be found if you remain with it.,d:Leave the vehicle immediately to walk for help.",c,"If stranded in severe weather, stay with your vehicle, conserve resources, and wait for help; leaving may put you at greater risk.",medium
8,Special Situations & Road Users,May you drive around lowered gates at a railroad crossing when the train has passed?,"a:When the train has passed.,b:Under no circumstances—never go around lowered gates.,c:When the lights have stopped flashing but the gate is still down.",b,"Never go around a lowered railroad crossing gate; stop and wait until the gates are raised, signals have stopped, and it is safe to cross.",easy
4,Safe & Defensive Driving Practices,Signaling before turns or lane changes is:,"a:Only needed during the maneuver,b:Only necessary if other traffic is present.,c:A required practice and a good driving habit — signal well in advance.,d:Optional in residential areas.",c,You must signal for at least 100 feet before turning or changing lanes; it is required and safe.,easy
3,"Signs, Signals & Road Markings",A flashing red traffic signal at an intersection requires you to:,"a:Come to a complete stop and then proceed when it is safe, just like a stop sign.,b:Slow down but you do not need to stop.,c:Yield only if other vehicles are present.,d:Ignore it and proceed normally.",a,"A flashing red signal carries the same requirement as a stop sign: stop, yield to other traffic and pedestrians, and proceed when safe.",easy
4,Safe & Defensive Driving Practices,Your blind spot refers to which area?,"a:An area you cannot see without moving your head.,b:The area directly behind your vehicle.,c:The area you see in your rearview mirror.,d:The space directly in front of your bumper.",a,Blind spots are areas alongside and slightly behind your vehicle that you cannot see in your mirrors without turning your head.,easy
3,"Signs, Signals & Road Markings",What is the most common color of general warning signs?,"a:Green.,b:Yellow.,c:Blue.,d:Red.",d,Most general warning signs are diamond-shaped and yellow with black symbols or lettering.,easy
2,Traffic Laws & Rules of the Road,"If you are stopped in line at a stop sign and the cross-traffic clears after the cars ahead proceed, what must you do?","a:Slowly roll past the stop sign without stopping.,b:Proceed without stopping since the way is clear.,c:Stop again at the stop sign or stop line before going.",c,You must come to a complete stop at a stop sign each time and yield before proceeding; do not skip the stop even if traffic ahead has cleared.,easy
5,Driving in Special Conditions,Which of the following helps prevent hydroplaning?,"a:Using cruise control at high speeds in wet weather.,b:Driving with parking lights only.,c:Accelerating through puddles.,d:Keeping tires with good tread and proper inflation and reducing speed in wet conditions.",d,"To reduce the chance of hydroplaning, ensure tires have good tread, are properly inflated, and slow down when roads are wet.",medium
5,Driving in Special Conditions,Which statement about changing weather and driving is true?,"a:If weather changes suddenly, you should adjust your driving; slow down in rain or fog and be aware of vehicles behind you (All of the above),b:Weather changes rarely affect driving,c:Increase speed in fog for better visibility",a,"Adverse weather requires slower speeds, greater following distance, and extra caution for other drivers who may not have adjusted.",medium
8,Special Situations & Road Users,"When you see a blind pedestrian with a white cane or guide dog, what should you do?","a:Take the right-of-way because you are in a vehicle.,b:Speed up to pass quickly.,c:Honk to get their attention.,d:Slow down",d,"When encountering a blind pedestrian with a white cane or guide dog, slow down, yield the right-of-way, and be prepared to stop to avoid injuring them.",easy
6,"Alcohol, Drugs & Impaired Driving","As alcohol builds up in your blood, what occurs?","a:Your reactions slow and you make more errors while feeling more confident.,b:You become less confident and more cautious.,c:Your body metabolizes alcohol more quickly.",a,"Increasing blood alcohol slows reactions, increases confidence incorrectly, and leads to poor decision-making and more driving errors.",easy
3,"Signs, Signals & Road Markings",Which traffic signal indicates you should slow down and proceed with caution through an intersection?,"a:A flashing red light.,b:A steady green light.,c:A flashing yellow light.,d:A solid yellow light.",c,"A flashing yellow light means slow down, proceed with caution, and be prepared to stop if necessary.",easy
2,Traffic Laws & Rules of the Road,What must drivers do when approaching a steady red traffic light?,"a:Come to a complete stop; right turn on red is allowed unless prohibited by sign.,b:Drive through if no other vehicles are present.,c:Proceed slowly because the light will change soon.,d:Stop only if a police officer is nearby.",a,A steady red light requires a full stop; turning right on red is permitted unless a sign prohibits it and you must yield as required.,easy
4,Safe & Defensive Driving Practices,"If other drivers around you are acting angrily, what should you do?","a:Don’t make eye contact and avoid gestures.,b:React with hand gestures to show displeasure.,c:Distance yourself from the situation by slowing down or moving over safely.,d:Confront them to resolve the conflict.",c,"When confronted with aggressive drivers, avoid eye contact and provocative gestures, and put physical distance between you and the aggressive driver.",easy
4,Safe & Defensive Driving Practices,What is the best way to handle a driver who is tailgating you?,"a:Slam on your brakes to scare them off.,b:Stop abruptly to punish them.,c:Speed up to create distance instantly.,d:Gradually slow down or change lanes to encourage them to pass.",d,"If another vehicle is following too closely, slow down gradually or change lanes so the tailgater can pass; sudden braking is dangerous.",easy
2,Traffic Laws & Rules of the Road,"At an uncontrolled intersection, if two vehicles arrive at the same time, who must yield?","a:The largest vehicle has the right-of-way.,b:The vehicle on the left must yield to the vehicle on the right.,c:The car on the left has the right-of-way.",b,"At an uncontrolled intersection when two vehicles arrive simultaneously, the driver on the left must yield to the driver on the right.",easy
4,Safe & Defensive Driving Practices,What should you adjust first when you get into a car to drive?,"a:Your seat position so you can see and reach controls.,b:Your rearview mirror before adjusting the seat.,c:Your seat belt only, then drive.,d:The steering wheel before setting the seat.",a,First adjust your seat to a comfortable position with good visibility; then set mirrors and steering wheel as needed.,easy
3,"Signs, Signals & Road Markings",What does a red arrow on a traffic signal mean?,"a:Proceed slowly through the intersection.,b:Stop then proceed when clear.,c:Stop and remain stopped until the signal changes to a green light or green arrow.",c,"A red arrow means vehicles in the lane indicated must stop and remain stopped until a green signal or arrow appears, unless signs say otherwise.",easy
4,Safe & Defensive Driving Practices,"When parallel parking between two cars, what should you do first?","a:Turn your wheels immediately to the left.,b:Back in without aligning first.,c:Pull up even with the car in front of the space,d:Turn your wheels immediately to the right.",c,"Stop parallel to the vehicle ahead of the parking space, signal, and then begin backing into the space.",medium
3,"Signs, Signals & Road Markings",A driver extending their left arm and hand downward is signaling that they plan to:,"a:Stop.,b:Turn right.,c:Turn left.",c,A left arm extended downward is a hand signal indicating the driver intends to stop or slow down.,easy
3,"Signs, Signals & Road Markings",An octagonal traffic sign always means:,"a:Speed limit.,b:Railroad crossing.,c:Hospital ahead.,d:Stop.",a,"The octagon shape is used exclusively for stop signs, requiring you to come to a complete stop.",easy
4,Safe & Defensive Driving Practices,"If an aggressive driver cuts you off, what is the safest response?","a:Call the police immediately while continuing to engage with them.,b:Flash your lights and make rude gestures to let them know they're wrong.,c:Speed up and chase them down to confront them.,d:Stay calm and safely move out of the aggressive driver's way.",d,"If cut off by an aggressive driver, remain calm and get out of their way. Avoid escalating the situation by retaliating.",easy
4,Safe & Defensive Driving Practices,Why is it important to maintain a space cushion around your vehicle?,"a:It prevents distractions from other vehicles.,b:It gives you time to react to unexpected situations and avoid collisions.,c:It keeps traffic flowing faster.,d:It allows you to park more easily on the roadside.",b,Leaving space around your vehicle provides time and room to react to hazards or mistakes by other drivers.,easy
2,Traffic Laws & Rules of the Road,What does a flashing yellow light at an intersection mean?,"a:The intersection is closed for repairs.,b:Make a U-turn because it is unsafe.,c:Proceed with caution through the intersection.,d:Stop and wait for the light to change.",c,"A flashing yellow signal means slow down and proceed with caution, watching for other traffic.",easy
2,Traffic Laws & Rules of the Road,What does a double solid yellow centerline indicate?,"a:Lanes move in opposite directions and drivers are not permitted to pass.,b:Lanes move in opposite directions and passing is permitted when safe.,c:Lanes move in the same direction and passing is prohibited.,d:Only commercial vehicles may pass.",a,Two solid yellow lines mean traffic in both directions is separated and vehicles may not cross to pass.,easy
7,Vehicle Ownership & Responsibilities,"If you are involved in an accident, what actions should you take?","a:Drive away if damage seems minor,b:Only exchange insurance information and leave,c:Stop immediately",c,"Stop, render aid if safe, report the crash when required, and wait for help; do not leave the scene of a reportable crash.",medium
4,Safe & Defensive Driving Practices,Your vehicle’s stopping distance increases under which condition?,"a:On wet or icy roads.,b:On paved highways in good weather.,c:When driving at night only.,d:When traveling downhill always decreases stopping distance.",a,"Stopping distances increase on wet, icy, or loose gravel surfaces, so reduce speed and increase following distance.",easy
6,"Alcohol, Drugs & Impaired Driving",Which effects are caused by alcohol?,"a:Improved reaction time,b:Loss of concentration,c:No effects at low amounts",b,"Alcohol impairs judgment, coordination, vision, and concentration even at low levels; it is always risky to drive after drinking.",easy
2,Traffic Laws & Rules of the Road,What should you do before making a turn?,"a:Turn the wheel immediately,b:Increase your speed,c:Signal in advance (about 3–4 seconds)",c,Use your turn signal several seconds before turning so other road users know your intent.,easy
2,Traffic Laws & Rules of the Road,You must not drive at a speed that is:,"a:Above the maximum speed limit only.,b:Faster than is reasonable and prudent for conditions,c:Exactly the speed of surrounding traffic.,d:Below the posted speed limit.",b,"Drive at a speed safe for road, weather, traffic, and visibility. Legal limits are not always safe under all conditions.",medium
8,Special Situations & Road Users,"When you see or hear an emergency vehicle approaching, what should you do?","a:Drive as far to the right as safely possible and stop until the vehicle passes.,b:Stop immediately in your lane wherever you are.,c:Proceed slowly and try to let it pass on the left.,d:Speed up to get out of its way.",a,On two-lane roads you must pull as far to the right as possible and stop to allow emergency vehicles through.,easy
8,Special Situations & Road Users,"When sharing the road with large trucks, what is important to remember?","a:Trucks always stop more quickly than cars.,b:They can always swerve to avoid you easily.,c:Trucks require longer stopping distances than smaller vehicles.,d:Trucks have smaller blind spots than cars.",c,"Because of their mass, trucks need greater distance to stop; give them extra space.",medium
6,"Alcohol, Drugs & Impaired Driving",Which is a common sign of a drunk driver?,"a:Driving more slowly than traffic all the time,b:Stopping only at stop signs,c:Weaving between lanes",c,"Typical indicators of impairment include weaving, drifting, inconsistent speed, sudden braking, and delayed reactions.",medium
5,Driving in Special Conditions,"If it begins to sleet or snow while you are driving, what should you do?","a:Keep windows and mirrors clear and allow extra following distance,b:Drive closer than usual to other vehicles,c:Reduce vigilance and rely on ABS",a,"In wintry conditions, clear visibility and a larger cushion of space are essential because stopping distances increase.",medium
2,Traffic Laws & Rules of the Road,"When entering a highway from an entrance ramp, what should you normally do?","a:Drive on the shoulder until you find a gap.,b:Use the acceleration lane to reach highway speed and merge when safe.,c:Enter slowly and force other vehicles to yield.,d:Stop at the end of the ramp and wait.",b,Acceleration lanes allow you to increase speed to match traffic flow; yield to traffic and merge safely.,medium
4,Safe & Defensive Driving Practices,"When preparing to turn left, what should drivers do?","a:Ignore pedestrians since cars have priority.,b:Speed up and move into the right lane.,c:Stop in the middle of the intersection and wait.,d:Signal in advance",d,"Signal 3–5 seconds before turning, slow gradually, move into the left lane as appropriate, and yield to traffic and pedestrians.",medium
6,"Alcohol, Drugs & Impaired Driving",Which of these does NOT affect blood alcohol concentration (BAC)?,"a:Time between drinks.,b:Amount consumed.,c:The type of alcoholic beverage (beer,d:Body weight.",c,"BAC depends on body weight, amount consumed, and time between drinks; the beverage type does not change the alcohol absorbed by the body.",medium
7,Vehicle Ownership & Responsibilities,"If you hit an unattended parked vehicle and cannot find the owner, what must you do?","a:Drive away if no one saw you.,b:Wait until the police arrive and do nothing else.,c:Leave a written note with your name,d:Only leave a note if the damage is severe.",c,"If you cannot locate the owner after striking an unattended vehicle, you must leave a written notice with your contact information and circumstances of the accident.",medium
8,Special Situations & Road Users,What does flashing amber lights on a school bus indicate?,"a:The bus is stalled and you should cautiously pass.,b:The bus is preparing to stop to load or unload children — prepare to stop.,c:The bus has finished loading and is leaving.",b,"Flashing amber on a school bus warns it is about to stop; be prepared to stop. When red lights flash, you must stop.",easy
7,Vehicle Ownership & Responsibilities,What combination provides the best protection in a crash?,"a:Only a lap belt,b:Only an airbag,c:A lap-and-shoulder safety belt used with an airbag",c,Belt and airbag together provide the most effective protection; airbags are supplemental and work best when belts are used.,easy
8,Special Situations & Road Users,What is a 'No zone' in relation to large vehicles?,"a:A marked no-parking area.,b:The large blind spots around trucks and buses where smaller vehicles disappear from view.,c:A one-way lane for heavy vehicles.,d:A place where passing is always illegal.",b,'No zones' are large blind spots around big vehicles; avoid lingering in them to remain visible to the truck driver.,easy
3,"Signs, Signals & Road Markings",What does a single dashed white line between lanes indicate?,"a:The lanes move in the same direction and you may change lanes or pass when it is safe.,b:Lanes move in opposite directions.,c:Passing is never allowed.,d:You must stop at the line.",a,A dashed white line separates lanes moving in the same direction and may be crossed when it is safe to change lanes or pass.,easy
7,Vehicle Ownership & Responsibilities,"When parking uphill with a curb, how should you turn your front wheels?","a:Sharply away from the curb.,b:Slightly to the right.,c:Sharply toward the curb.",a,"Facing uphill with a curb, turn the wheels sharply away from the curb so the vehicle will roll into the curb rather than into traffic.",easy
5,Driving in Special Conditions,Where are roads most likely to freeze first in cold or wet weather?,"a:On exposed,b:In shaded areas such as sections covered by trees or buildings.,c:At intersections only.,d:On sharp curves only.",b,Sections of road shaded by trees or buildings tend to freeze more quickly and remain icy longer than other parts of the road; take extra care in shaded areas.,easy
4,Safe & Defensive Driving Practices,Drowsy drivers may:,"a:Stay alert by opening a window and turning up the radio.,b:Drive so poorly that they may appear to be intoxicated.,c:Drink coffee to become fully alert indefinitely.,d:Drive better on long straight roads.",b,Drowsiness can severely impair driving performance and may resemble the impairment caused by alcohol.,medium
2,Traffic Laws & Rules of the Road,"If you see a steady green arrow on a traffic signal, what does it mean?","a:You may turn in the arrow's direction after yielding to traffic and pedestrians already in the intersection,b:You must stop completely before turning,c:You should merge into the lane indicated without yielding",a,"A green arrow permits the movement in its direction, but you must still yield to any vehicles or pedestrians already in the intersection.",medium
4,Safe & Defensive Driving Practices,"If your vehicle begins to slide on a slippery road, what should you do first?","a:Firmly apply your brakes.,b:Take your foot off the gas pedal.,c:Apply your parking brake.",a,"On slippery surfaces, first take your foot off the accelerator so the vehicle slows naturally; if additional slowing is needed, apply brakes gently and steadily.",easy
6,"Alcohol, Drugs & Impaired Driving",Does drinking coffee after alcohol reduce your blood alcohol concentration?,"a:Yes — it cancels the alcohol's effects.,b:Only if you drink a lot of coffee.,c:No — coffee does not lower your BAC.,d:Yes — it immediately decreases your BAC.",c,Caffeine may make you feel more alert but it does not reduce blood alcohol concentration or sober you up.,easy
2,Traffic Laws & Rules of the Road,The space you need to cross traffic safely depends on which factors?,"a:Road conditions, weather conditions, and oncoming traffic.,b:The presence of a stop sign only.,c:How loudly you honk your horn.,d:Time of day only.",a,"The gap you need to cross traffic safely depends on road surface, weather, and the speed and distance of oncoming vehicles.",easy
5,Driving in Special Conditions,"If you experience a tire blowout while driving, what should you do?","a:Take your foot off the gas, do not brake immediately, gradually slow down, and steer to a safe spot to stop.,b:Immediately slam on the brakes.,c:Immediately accelerate to stabilize the vehicle.,d:Turn off the ignition while moving. ",a,"On a blowout, ease off the accelerator, avoid sudden braking, slow gradually, and steer to a safe place to stop.",medium
4,Safe & Defensive Driving Practices,What is the act of looking over your shoulder to check a blind spot before changing lanes called?,"a:Unnecessary if you have mirrors.,b:A bad driving habit.,c:A good driving habit (checking your blind spot).,d:An unsafe maneuver.",c,Checking blind spots by turning your head is a correct driving practice and supplements mirror checks when changing lanes or merging.,easy
7,Vehicle Ownership & Responsibilities,How should you respond when an emergency vehicle approaches with flashing lights?,"a:Pull over to the side and stop, yielding the right-of-way.,b:Keep driving but try to stay out of its way.,c:See if you can reach your destination first.,d:Speed up and move away only if it is behind you.",a,"Yield to emergency vehicles by pulling to the right and stopping where safe; if in an intersection, clear it first then pull over.",easy
2,Traffic Laws & Rules of the Road,What action is required at an intersection with a flashing red light?,"a:Slow down and proceed without stopping.,b:Stop only if other cars approach.,c:Stop completely,d:Ignore the light if you are in a hurry.",c,"A flashing red light is equivalent to a stop sign: stop, yield, and proceed only when safe.",easy
5,Driving in Special Conditions,"When it begins to rain while you are driving, what should you do?","a:Slow down and,b:Drive faster than surrounding traffic.,c:Turn on four-way flashers and continue at the same speed.,d:Maintain the maximum posted speed.",b,"When rain reduces visibility or road traction, slow down, turn on headlights and pull off if you cannot see clearly enough to drive safely.",easy
4,Safe & Defensive Driving Practices,"If your accelerator sticks while driving, what is the recommended procedure?","a:Reach down and try to pull the pedal up,b:Shift into park while moving,c:Shift to neutral",c,"Keep control of the vehicle, shift to neutral, brake steadily, steer to a safe area, then turn off the ignition when stopped.",medium
8,Special Situations & Road Users,When must you stop for a pedestrian at an intersection?,"a:Only if in a marked crosswalk.,b:Only if the pedestrian is directly in front of your car.,c:When the pedestrian is in either a marked or unmarked crosswalk.",c,Drivers must yield and stop for pedestrians who are in marked or unmarked crosswalks; always give pedestrians the right-of-way.,easy
7,Vehicle Ownership & Responsibilities,"When parking uphill next to a curb, what should you do with your steering?","a:Keep the front tires straight ahead.,b:Turn your front wheels away from the curb.,c:Keep the rear tires against the curb.",b,"When parked facing uphill with a curb, set the parking brake and turn the wheels away from the curb so the vehicle will roll into the curb if it moves.",easy
2,Traffic Laws & Rules of the Road,What does a steady green light at an intersection permit you to do?,"a:Drive faster to clear the intersection quickly.,b:Always turn left without yielding.,c:Stop and wait for a pedestrian to wave you through.,d:Proceed through the intersection if the way is clear and yield to pedestrians and vehicles already in the intersection.",d,"A steady green means you may go through the intersection if clear; turning is allowed unless a sign prohibits it, but you must yield as required.",easy
2,Traffic Laws & Rules of the Road,Which is a good general rule to remember about passing?,"a:Pass on the right whenever possible.,b:Drive with the flow of traffic and pass only when necessary and legal.,c:Continuously pass slow vehicles to get to the front of traffic.,d:Always exceed the posted speed limit when passing.",b,"Passing increases collision risk; drive with traffic flow, within legal limits, and only pass when necessary and safe.",easy
2,Traffic Laws & Rules of the Road,"If you are driving so slowly that traffic is backing up behind you on a two-lane, two-way road, what should you do?","a:Speed up suddenly to match the flow of traffic.,b:Pull off the right side of the road at a safe place and let the traffic pass.,c:Stop in the lane until traffic clears.,d:Maintain your slow speed and refuse to let others pass.",b,"When you are impeding traffic by driving unusually slowly, you must pull off the road and allow others to pass where safe to do so.",medium
6,"Alcohol, Drugs & Impaired Driving",Which of the following describes how alcohol affects you?,"a:It slows reaction time, gives false confidence, and impairs thinking and judgment.,b:It improves coordination.,c:It enhances night vision.",a,"Alcohol impairs inhibition, judgment, coordination, and reaction time; it can give a false sense of confidence while reducing driving ability.",easy
7,Vehicle Ownership & Responsibilities,What are dangers of worn or bald tires?,"a:They increase stopping distance,b:They make turning more difficult,c:They raise the risk of hydroplaning (All of the above)",c,"Tires with inadequate tread increase stopping distance, reduce traction, and make hydroplaning more likely; replace them when worn.",medium
5,Driving in Special Conditions,When should you slow down while exiting a highway?,"a:Only when you see toll booths,b:On the main road just before the exit lane,c:After you have moved into the exit lane",c,Do not decelerate suddenly on the travel lanes; move into the exit lane and then slow down to ramp speed.,easy
2,Traffic Laws & Rules of the Road,When making a turn you must usually do what to your speed?,"a:Increase your speed to clear the intersection.,b:Vary the speed unpredictably.,c:Reduce your speed to maintain control during the turn.,d:Keep accelerating until the turn is complete.",c,"Slow to a speed that allows you to maintain control, stay in your lane, and react to hazards while turning.",easy
4,Safe & Defensive Driving Practices,"If your accelerator becomes stuck, what should you do first?","a:Blow your horn and signal other drivers,b:Slam on the brakes immediately,c:Shift into neutral",c,"If the accelerator sticks, stay focused, shift to neutral, brake steadily, steer to a safe area, then turn off the engine carefully.",medium
8,Special Situations & Road Users,"If you hear a siren behind you, what is the proper response?","a:Stop immediately where you are even in the travel lane.,b:Speed up to get out of the way quickly.,c:Pull over to the right and stop to let the emergency vehicle pass.,d:Turn into the opposite lane to create space.",c,"When an emergency vehicle approaches from behind, safely pull to the right and stop to allow it to pass.",easy
4,Safe & Defensive Driving Practices,What should the driver of a small vehicle be prepared for when passing a large truck?,"a:Reduced pollution behind the truck.,b:Wind gusts that can push a smaller vehicle off course.,c:Loud passenger announcements.,d:That the truck will slow to let you pass.",b,Large vehicles can create strong air gusts that may affect a small vehicle's steering; be prepared to correct steering when passing.,medium
5,Driving in Special Conditions,"When roads are wet, what should drivers remember?","a:Roads are especially slippery just after rain begins,b:Give yourself more stopping distance than usual (All of the above),c:Hydroplaning is possible",a,Wet pavement can be especially slick early in a storm and increases the risk of hydroplaning; increase following distance and slow down.,medium
2,Traffic Laws & Rules of the Road,When is it illegal to drive slower than the posted speed limit?,"a:Only when driving in rural areas.,b:When driving so slowly that you disrupt the normal flow of traffic.,c:When someone is following too closely behind you.,d:When in heavy traffic in a construction zone.",b,Driving so slowly that you impede the normal flow of traffic can be illegal and hazardous; you may be required to pull over to let traffic pass.,medium
5,Driving in Special Conditions,Why does driving at night require increased caution?,"a:Because traffic moves faster at night.,b:Because there are always more vehicles at night.,c:Because drivers cannot see as well in the dark and must use headlights between half an hour after sunset and half an hour before sunrise.,d:Because headlights are not allowed on highways.",c,Reduced visibility at night limits a driver's ability to see hazards; headlights are required during specified low-light periods.,easy
5,Driving in Special Conditions,"When another vehicle approaches you at night from the opposite direction, which headlight setting should you use?","a:High beam headlights.,b:Low beam headlights.,c:Use fog lights only.,d:Turn off headlights and use parking lights.",b,Do not use high beams when approaching or following another vehicle at night; use low beams to avoid blinding other drivers.,easy
6,"Alcohol, Drugs & Impaired Driving",How does alcohol affect your driving skills and judgment?,"a:It improves driving skills but harms judgment.,b:It impairs both driving skills and judgment.,c:It only affects judgment at high doses.,d:It has no effect on driving skills or judgment.",a,"Alcohol negatively affects vision, reaction time, coordination and judgment, increasing the risk of crashes.",easy
2,Traffic Laws & Rules of the Road,When may you cross a single broken white or yellow centerline?,"a:Never under any circumstances.,b:Only when turning left into a driveway.,c:Only during daylight hours.,d:When it is safe to pass or change lanes and you won't interfere with traffic.",d,A broken centerline permits passing or lane changing when safe and legal to do so.,medium
7,Vehicle Ownership & Responsibilities,"Approaching a stopped emergency vehicle with flashing lights, what must you do?","a:Keep going at the same speed in your lane.,b:Change lanes away from the stopped vehicle if possible; otherwise slow down and pass carefully.,c:Stop in the travel lane and wait.,d:Drive to the right and stop immediately even if on the freeway.",b,"If an emergency vehicle is stopped with lights flashing, move over a lane if possible or slow down and give extra space.",medium
2,Traffic Laws & Rules of the Road,What must you do at an intersection with a flashing red light?,"a:Come to a full stop, then proceed when safe,b:Slow and pass through without stopping,c:Wait for a flashing green light",a,"A flashing red light has the same meaning as a stop sign: stop completely, yield, and go when it is safe.",easy
4,Safe & Defensive Driving Practices,What steps should you take when changing lanes?,"a:Signal and change lanes immediately,b:Check mirrors and signal,c:Signal",c,"Activate your signal, check rearview and side mirrors, glance over your shoulder to confirm the blind spot is clear, then move over when safe.",easy
2,Traffic Laws & Rules of the Road,How should drivers behave when approaching an intersection with a steady green light?,"a:Stop and check for oncoming traffic before proceeding.,b:Ignore pedestrians crossing the street.,c:Proceed if the intersection is clear but yield to pedestrians and vehicles already in the intersection; be prepared to stop if the light changes.,d:Treat it like a four-way stop.",c,"A steady green allows you to go if clear, but you must yield to pedestrians and any vehicles still in the intersection and be ready to stop if conditions change.",easy
5,Driving in Special Conditions,How should you drive through turns on slick roads?,"a:Accelerate quickly while turning.,b:Change lanes quickly to maintain speed.,c:Take turns more slowly than usual to avoid skidding.,d:Brake hard mid-turn if you feel sliding.",c,Slow down before turns and drive through them more slowly than normal when roads are slippery.,medium
2,Traffic Laws & Rules of the Road,"Which has priority: a steady red light, a stop sign, or instructions from a traffic officer?","a:The steady red light.,b:The traffic officer's directions.,c:The stop sign.,d:All are equal; follow the most restrictive.",b,"Directions given by authorized traffic officers take precedence over traffic lights, signs, and pavement markings.",easy
3,"Signs, Signals & Road Markings",An orange-colored sign most commonly means:,"a:The start of a no passing zone.,b:Construction,c:A school zone is ahead.,d:A recreation area.",b,"Orange signs are used to warn drivers of construction, maintenance, or emergency operations in or near the roadway.",easy
4,Safe & Defensive Driving Practices,Defensive driving is best described as:,"a:Following the car in front of you very closely to block others.,b:Only driving when traffic is light.,c:Getting ahead of other drivers to reduce risk.,d:Identifying dangerous driving situations early and taking action to avoid accidents.",d,Defensive driving means anticipating hazards and taking proactive steps to prevent conflicts and collisions.,easy
3,"Signs, Signals & Road Markings",What are the typical colors of warning signs that indicate upcoming hazards?,"a:Black on white backgrounds.,b:Green on white backgrounds.,c:Black symbols or letters on a yellow background (work zones are orange).,d:White on blue backgrounds.",a,Warning signs generally use black symbols or lettering on a yellow background; work zone warning signs are orange with black markings.,easy
3,"Signs, Signals & Road Markings",A solid white edge line on the right that angles toward the center of the road indicates:,"a:A parking area ahead.,b:You must turn left soon.,c:The road ahead becomes narrower.,d:An intersection ahead.",d,"If the right edge line slants inward, it warns that the road will be narrower ahead so drivers should be prepared for reduced lane width.",medium
8,Special Situations & Road Users,"When you hear or see an approaching emergency vehicle using lights or siren, what is required?","a:Slow down until it passes,b:Drive to the right side of the road and stop until it passes,c:Motion for the emergency vehicle to pass you",b,"You must yield to emergency vehicles by pulling to the right and stopping; if in an intersection, clear it then stop at the side.",easy
2,Traffic Laws & Rules of the Road,"If you reach an intersection where you want to turn but are not in the proper lane, what should you do?","a:Quickly cut across traffic to make the turn.,b:Turn from your current lane after signaling at the last second.,c:Drive to the next intersection and make the turn from the correct lane.,d:Back up into the correct lane.",c,Do not make last-minute turns. Continue to the next intersection and make the turn from the proper lane to avoid dangerous maneuvers.,easy
8,Special Situations & Road Users,"When you see a railroad crossing warning sign, you should:","a:Ignore it if no lights are flashing.,b:Speed up to cross before the train arrives.,c:Look for a way around any lowered gates.,d:Be prepared to stop if a train is nearby.",d,Warning signs mean a train may be approaching; be ready to stop and obey gates and signals.,easy
4,Safe & Defensive Driving Practices,What is a good way to relieve fatigue on a long trip?,"a:Drive with one eye closed occasionally to rest the other.,b:Do arm exercises every hour instead of stopping.,c:Stop and rest every two hours or take a short nap if you become drowsy.,d:Drink energy drinks and keep driving.",c,Take regular breaks—about every two hours—and stop to rest or nap if you become drowsy to reduce crash risk from fatigue.,easy
5,Driving in Special Conditions,Which headlight setting should you use when driving in fog?,"a:High beam headlights.,b:Parking lights.,c:Low beam headlights.",c,"Use low beam headlights in fog, rain, or snow; high beams reflect back and reduce visibility.",easy
6,"Alcohol, Drugs & Impaired Driving",What is the effect of combining drugs with alcohol?,"a:It is no more dangerous than alcohol alone.,b:It increases the risk of causing a crash.,c:It lessens alcohol's effects on driving ability.",b,"Mixing alcohol with drugs (prescription, OTC, or illegal) increases impairment and the risk of a crash.",medium
4,Safe & Defensive Driving Practices,You are in the left lane and want to move right. What checks should you make before changing lanes?,"a:Check mirrors, signal, and look over your right shoulder for other vehicles.,b:Check mirrors only and then move.,c:Signal and rely only on side mirrors.,d:Look over your left shoulder and move quickly.",a,"When changing lanes to the right, check mirrors, signal, and glance over your right shoulder to check the blind spot.",easy
2,Traffic Laws & Rules of the Road,"When driving on an interstate, what must you do before changing lanes or passing?","a:Always use cruise control.,b:Honk and then change lanes immediately.,c:Stop on the shoulder first.,d:Signal",d,"On interstates, always signal and check mirrors and blind spots before changing lanes or passing; only stop on the shoulder for emergencies.",easy
3,"Signs, Signals & Road Markings",Signs that advise drivers of potentially hazardous conditions are called:,"a:Regulatory signs.,b:Warning signs.,c:Guide signs.,d:Informational signs.",b,Warning signs alert drivers to potentially hazardous conditions ahead; they are often yellow with black symbols or lettering.,easy
6,"Alcohol, Drugs & Impaired Driving","On average, about how much alcohol does the body eliminate per hour?","a:Three alcoholic drinks per hour.,b:About one standard drink per hour.,c:Two drinks per hour.,d:Half a drink per hour.",b,"The average person metabolizes roughly one standard alcoholic drink per hour, though many factors affect impairment.",easy
4,Safe & Defensive Driving Practices,"If your tire blows out while driving, what should you do?","a:Keep driving at the same speed until you reach a service station.,b:Turn on your hazard lights and accelerate to the shoulder.,c:Hold the steering wheel firmly,d:Slam on the brakes immediately.",d,"On a blowout, hold the wheel firmly, release the accelerator to slow gradually, then steer to a safe area off the roadway before stopping.",medium
2,Traffic Laws & Rules of the Road,"If a green arrow changes to a solid green, what must you do when turning?","a:You keep the same right-of-way to turn without yielding,b:You may still turn but must yield to oncoming traffic and pedestrians,c:You may no longer turn and must go straight",b,"When a green arrow becomes a solid green, the protected turn ends and you must yield to oncoming traffic and pedestrians before turning.",medium
8,Special Situations & Road Users,What should you know about large trucks when driving near them?,"a:They can stop more quickly than passenger vehicles.,b:They need less room to maneuver than passenger vehicles.,c:They have large blind spots and need more room to stop and maneuver.",c,Large trucks have significant blind spots and require more distance to stop and maneuver due to their size and weight.,easy
4,Safe & Defensive Driving Practices,"While driving on major highways, what should you do to avoid 'highway hypnosis'?","a:Keep cruise control on at all times.,b:Close one eye occasionally.,c:Stare at a single point on the roadway.,d:Keep your eyes moving and stay alert to be ready for hazards.",d,Staying alert and moving your eyes prevents inattention and helps you react to hazards on long highway trips.,medium
2,Traffic Laws & Rules of the Road,"At a four-way stop, which vehicle may proceed first?","a:The vehicle that arrived last.,b:Only the vehicle on the left.,c:The vehicle that arrived first.",c,"At four-way stops, the first vehicle to arrive should proceed first. If two arrive simultaneously, the vehicle on the right has the right-of-way.",easy
4,Safe & Defensive Driving Practices,Which of these helps prevent crashes by communicating with other road users?,"a:Driving only on side streets to avoid traffic.,b:Speeding to get out of others' way.,c:Signaling your intentions and using your horn or emergency signals when appropriate.,d:Ignoring other drivers on the road.",c,"Communicating—using turn signals, brake lights, horns, and emergency flashers—helps other road users anticipate your actions and reduces crashes.",easy
2,Traffic Laws & Rules of the Road,Who must yield when entering public traffic from a driveway or private road?,"a:The driver entering from the driveway or private road must yield to traffic already on the public road.,b:The public road traffic must always yield.,c:Neither must yield; proceed cautiously together.,d:Only yield if turning left.",a,Vehicles entering from driveways or private roads must yield to vehicles and pedestrians already on the public roadway.,easy
2,Traffic Laws & Rules of the Road,An arrow painted on the pavement within a traffic lane indicates:,"a:Drivers in that lane must follow the movement indicated by the arrow (for example, turn only).,b:Drivers may choose to ignore the arrow if they are in a hurry.,c:Drivers must always come to a complete stop before following the arrow.,d:The lane is exclusive for buses only.",a,Pavement arrows indicate the required movements from that lane—drivers must follow the direction shown if they are in that lane.,medium
8,Special Situations & Road Users,"If a pedestrian begins crossing in front of you, how should you respond?","a:Slow down and be prepared to stop, yielding the right-of-way if they are in the crosswalk,b:Flash your headlights to hurry them,c:Speed up and pass in front of them",a,Always yield to pedestrians crossing in or entering a crosswalk; reduce speed and stop if necessary to allow them to cross safely.,easy
4,Safe & Defensive Driving Practices,Which factors affect braking distance?,"a:Vehicle speed, condition of brakes and tires, and pavement condition (All of the above),b:Only the driver's skill,c:Only the vehicle's color",a,"Braking distance depends on speed, vehicle maintenance (brakes/tires), road surface, and visibility/conditions.",medium
4,Safe & Defensive Driving Practices,When must you use your turn signals?,"a:Only when merging onto a freeway.,b:When changing lanes,c:Only during night driving.,d:Only when other traffic is present.",b,Signals must be used for any lateral move or when pulling away from a curb; they are required by law.,easy
4,Safe & Defensive Driving Practices,"If there is an oncoming car to your left and a bicyclist to your right, what should you do?","a:Split the difference and squeeze between both hazards.,b:Pull onto the shoulder between them.,c:Let the oncoming car pass first,d:Pass the bicyclist first quickly and then deal with the oncoming car.",c,"When faced with more than one hazard, avoid dealing with both simultaneously; let the oncoming car pass, then pass the bicyclist when safe.",medium
3,"Signs, Signals & Road Markings",A ''No stopping'' sign means you may stop only to what action?,"a:Unload packages at any time,b:Diecharge passengers whenever needed,c:Avoid a conflict with other traffic (such as to prevent a crash)",c,"A No Stopping sign prohibits stopping except to obey a traffic control device or officer, or to avoid conflict with other traffic.",medium
2,Traffic Laws & Rules of the Road,What should you not do when changing lanes?,"a:Use a turn signal to indicate your intentions.,b:Check for drivers who might also be moving into the same lane.,c:Fail to check side and rearview mirrors.",c,"Before changing lanes, check mirrors and blind spots and use your turn signal to warn others; do not rely solely on mirrors.",easy
2,Traffic Laws & Rules of the Road,When must you not pass another vehicle?,"a:If the car ahead is signaling to turn right.,b:When a bus is stopped on the opposite side of a divided highway.,c:On a hill or curve,d:When traveling below the speed limit.",c,"Do not pass where your view is blocked (hill/curve), at intersections, railroad crossings, bridges, or other designated no-passing zones.",medium
2,Traffic Laws & Rules of the Road,"When entering a street from a driveway, what must you do?","a:Stop before the sidewalk and proceed only when no vehicles or pedestrians are approaching.,b:Drive slowly to allow others time to get out of the way.,c:Honk your horn to warn pedestrians and drivers.",a,"Always stop before entering the roadway from a driveway, yield to pedestrians and approaching traffic, and cross the sidewalk only when safe.",easy
2,Traffic Laws & Rules of the Road,A solid yellow line on your side of the centerline means:,"a:Do not pass from your direction.,b:Slow down.,c:Pass with caution.",c,A solid yellow line next to your lane indicates passing is not permitted from your direction.,easy
6,"Alcohol, Drugs & Impaired Driving","For drivers age 21 or older, it is illegal to drive with a minimum blood alcohol concentration (BAC) of:","a:0.10 percent.,b:0.02 percent.,c:0.08 percent.,d:0.05 percent.",d,Drivers age 21 or older are legally impaired and subject to penalties when their BAC is 0.08% or higher.,easy
5,Driving in Special Conditions,"If you miss your exit on an expressway, what should you do?","a:Signal to the driver beside you for directions,b:Get off at the next exit and return safely to the route you intended,c:Stop and make a U-turn at the median",b,Do not back up or attempt a U-turn on the highway; exit at the next ramp and re-enter the route safely.,easy
5,Driving in Special Conditions,"If your wheels leave the pavement and drop onto the shoulder, what is the correct action to return safely?","a:Speed up and swerve back onto the road quickly.,b:Jerk the steering wheel to force the vehicle back onto the pavement.,c:Reduce speed by gently braking,d:Slam on the brakes immediately.",c,"Remain under control, slow down gradually, then steer back onto the pavement at a safe speed; do not make sudden, sharp turns.",medium
2,Traffic Laws & Rules of the Road,"If a traffic light changes from green to solid yellow as you approach an intersection, what should you do?","a:Treat it like a caution sign and continue through at the same speed.,b:Stop before entering the intersection if you can do so safely; if not,c:Stop immediately even if it may cause a rear-end collision.,d:Accelerate to beat the red light.",a,"A solid yellow means the signal is about to turn red; stop if you can do so safely, otherwise proceed carefully through the intersection.",easy
7,Vehicle Ownership & Responsibilities,Approximately how far might a fully loaded tractor-trailer need to stop when traveling at 55 mph?,"a:Less than a car's stopping distance.,b:Around 125 feet.,c:About 50 feet.,d:Up to 400 feet.",d,Large trucks take much longer to stop than cars; a fully loaded tractor-trailer at 55 mph may require almost 400 feet to stop.,difficult
7,Vehicle Ownership & Responsibilities,"If a tire blows out while driving, what is the best immediate action?","a:Maintain speed and keep steering as before.,b:Turn sharply onto the shoulder.,c:Hold the wheel,d:Brake hard immediately to stop quickly.",c,"Keep control by steering straight, easing off the gas, and braking gently once stable; then pull off the road safely.",difficult
4,Safe & Defensive Driving Practices,"If your vehicle skids, what is the correct steering response?","a:Steer in the direction of the skid (turn into the skid).,b:Overcorrect the wheel to regain control.,c:Turn the wheel away from the direction of the skid.,d:Brake hard immediately.",a,"If a skid occurs, stay calm and steer in the direction the rear of the vehicle is sliding to regain traction.",difficult
5,Driving in Special Conditions,What is the best way to avoid hydroplaning on wet roads?,"a:Reduce speed when roads are wet and keep tires properly maintained.,b:Use cruise control to maintain speed.,c:Drive faster to push water aside.,d:Turn sharply to avoid puddles. ",a,"To reduce hydroplaning risk, slow down in wet conditions, maintain tires properly, and avoid standing water where possible.",medium
2,Traffic Laws & Rules of the Road,"If two drivers arrive at a four-way stop at the same time, who has the right-of-way?","a:The driver on the right.,b:The driver on the left.,c:The driver in the largest vehicle.,d:The driver who signals first.",a,"When two vehicles reach a four-way stop simultaneously, yield to the vehicle on your right; that vehicle has the right-of-way.",easy
8,Special Situations & Road Users,"If a fire engine is following you on a two-lane street but is not using emergency signals, what should you do?","a:Pull over and stop immediately,b:Speed up to get out of its way,c:Continue driving normally",c,"If the emergency vehicle is not displaying lights or siren, you do not need to yield; continue driving normally.",easy
2,Traffic Laws & Rules of the Road,"If turning onto a street with multiple lanes going your way, which lane should you enter?","a:The lane marked for bicycles.,b:The lane you feel like using at the moment.,c:The far-right lane always.,d:The lane closest to the lane you came from.",d,Turn into the lane nearest to your previous lane and avoid changing lanes during the turn.,easy
7,Vehicle Ownership & Responsibilities,"If you discover a vehicle defect that may affect safety, when should it be repaired?","a:Correct the defect as soon as possible before driving.,b:Fix it only when convenient.,c:Drive at slower speeds indefinitely.,d:Ignore it if the vehicle still moves.",a,Any defect that affects safe operation should be repaired promptly and before driving whenever possible.,medium
2,Traffic Laws & Rules of the Road,"Before passing another vehicle, what checks should you make?","a:Turn off your headlights.,b:Re-enter your lane within 10 feet of the passed vehicle.,c:Honk at least three times before passing.,d:Check mirrors and blind spots and signal before changing lanes.",d,"Before passing, check your mirrors and blind spots, signal the lane change, and only return to your lane when it is safe to do so.",easy
4,Safe & Defensive Driving Practices,"If your wheels drop off the pavement onto the shoulder, what should you do?","a:Brake hard and sharply steer back onto the road.,b:Stop your car on the edge of the road and re-enter when clear.,c:Slow down and carefully steer back onto the pavement when safe.",c,"If you run off the pavement, ease off the accelerator, slow down, check for traffic, and gently steer back onto the road when it's safe.",easy
2,Traffic Laws & Rules of the Road,When may you cross a dashed white line?,"a:Only during daylight hours.,b:At any time regardless of conditions.,c:When it is safe to change lanes or pass.",b,Broken white lines separate lanes moving in the same direction; you may cross them to change lanes or pass when safe.,easy
5,Driving in Special Conditions,Which statement about work zones is true?,"a:Work zones may be moving or stationary and require extra attention.,b:They are always marked with black and white signs.,c:You can drive normally and ignore them.,d:They only occur during daytime.",a,"Work zones can be moving (e.g., mowing, striping) or stationary and are usually marked by orange signs. Slow down and be alert.",medium
2,Traffic Laws & Rules of the Road,What do speed limit signs tell drivers?,"a:Potential driving speeds for the area,b:The maximum or minimum legal speed for the road under ideal conditions,c:The speed to use in heavy traffic",b,Speed limits indicate the maximum (or minimum) lawful speed under ideal conditions; you must slow down when conditions require it.,medium
6,"Alcohol, Drugs & Impaired Driving",Which is NOT an effect of drinking alcohol?,"a:Your reflexes and reaction time speed up.,b:You are less alert.,c:Your judgement of speed and distance becomes distorted.",b,"Alcohol slows reaction time, reduces alertness, and distorts judgement about speed and distance; it does not improve reflexes.",easy
3,"Signs, Signals & Road Markings",What does a steady yellow traffic light at an intersection indicate you should do?,"a:Yield to other cars and continue at the same speed.,b:Slow down and prepare to stop because the red light is coming.,c:Go.",b,A steady yellow light warns that a red light will soon appear; slow down and stop if it is safe to do so.,easy
4,Safe & Defensive Driving Practices,What actions help prevent rear-end collisions?,"a:Before stopping,b:Release the gas and immediately slam the brakes.,c:Avoid sudden stops",c,"To reduce rear-end collisions, avoid sudden stops: release the gas to slow, then apply steady braking while signaling to following drivers.",easy
8,Special Situations & Road Users,How should you approach railroad tracks when driving?,"a:Look and listen, slow down, and be prepared to stop,b:Speed up to cross before a gate lowers,c:Try to drive around a lowered gate",a,"Always look and listen for trains, obey signals, and never drive around lowered gates or ignore warning devices.",easy
3,"Signs, Signals & Road Markings","In a vertical traffic light arrangement, what is the top-to-bottom order of colors?","a:Yellow,b:Green,c:Red,d:Red at the top",d,"Vertically arranged traffic lights always have red on top, yellow in the middle, and green on the bottom.",easy
4,Safe & Defensive Driving Practices,"If someone is driving aggressively behind you, what should you do?","a:Try to get out of their way and avoid engaging with them.,b:Stare at them as they pass to show displeasure.,c:Speed up to challenge them.,d:Brake-check them to teach a lesson. ",a,Move out of the aggressive driver's path and avoid eye contact or confrontational behavior.,easy
6,"Alcohol, Drugs & Impaired Driving",What can occur if alcohol is combined with another drug?,"a:Nothing will happen,b:The effects of alcohol and the drug may both be increased,c:The effects may be reduced",b,"Alcohol combined with other drugs can multiply impairing effects and produce unpredictable, dangerous reactions.",medium
2,Traffic Laws & Rules of the Road,"At an intersection with a yield sign, what should you do?","a:Always stop regardless of traffic.,b:Yield the right-of-way to traffic and pedestrians in the intersection or roadway you are entering.,c:Yield only to traffic on your left.,d:Ignore it if no other cars are visible.",b,A yield sign means slow down and yield the right-of-way to traffic and pedestrians already in the intersection or roadway you are entering.,easy
4,Safe & Defensive Driving Practices,Hydroplaning usually occurs from what driving action?,"a:Driving too fast for wet conditions, reducing tire contact with the road.,b:Frequent stopping.,c:Sudden turns.",a,"Hydroplaning happens when tires can't clear water quickly enough at higher speeds, causing loss of traction and control.",easy
5,Driving in Special Conditions,"To reduce headlight glare from oncoming vehicles at night, where should you look?","a:Over your shoulder.,b:Straight at the oncoming lights.,c:Toward the right side of the road ahead.",c,"If oncoming drivers fail to dim their high beams, look to the right side of the road ahead to avoid being temporarily blinded.",easy
5,Driving in Special Conditions,What do work zone signs generally indicate?,"a:Less-than-ideal driving conditions ahead — slow down and use caution.,b:It is summer and roads are busier.,c:You must immediately stop and back up.,d:Roads are closed only at night. ",a,Orange work zone signs warn of roadwork and changing conditions; reduce speed and follow directions.,easy
2,Traffic Laws & Rules of the Road,Two solid yellow lines on the pavement mean:,"a:Only left turns are permitted across the lines.,b:Passing is not allowed from either direction.,c:Passing is allowed at the top of hills only.,d:Passing is allowed for drivers from both directions.",d,Two solid yellow lines mean passing is prohibited from either direction; you may cross only to turn into a driveway or private road where permitted.,easy
8,Special Situations & Road Users,When must you yield to a stopped transit bus that is signaling to re-enter traffic?,"a:Only if there are vehicles directly behind you.,b:Only if the bus turns on its hazard lights.,c:When the bus has its turn signal and activated flashing 'Yield' sign, you must allow it to re-enter by slowing or moving over.",c,"If a bus signals to re-enter and displays a flashing yield sign, drivers must slow or change lanes to let the bus merge back into traffic safely.",medium
4,Safe & Defensive Driving Practices,When should you signal while preparing to pass another vehicle?,"a:Early enough to alert other drivers of your intentions before you begin to pass.,b:Only as you start to change lanes.,c:After you have completed the pass.,d:Only if another car is beside you.",a,Signal well in advance of a lane change or pass so others have time to react to your intended maneuver.,easy
4,Safe & Defensive Driving Practices,Which device is most strongly associated with increased crash risk when used by a driver?,"a:Radio,b:Cell phone (including hands-free),c:CD player,d:Map book",b,"Cell phone use is a significant distraction and increases crash risk; any audio device can be distracting, but hands-on phone use is particularly hazardous.",medium
8,Special Situations & Road Users,Drivers must yield to pedestrians:,"a:Only at intersections with signals.,b:Only when pedestrians use marked crosswalks.,c:Only if the pedestrian is on the same side of the street as the driver.,d:Even if the pedestrian is crossing carelessly.",d,"Drivers must yield to pedestrians in the roadway, even if the pedestrian is not obeying traffic signals or crosses carelessly.",easy
