section-num,section-name,question,options,correct-answer,note,difficulty
6,"Alcohol, Drugs & Impaired Driving",What kinds of drugs can impair your driving ability?,"a:Only illegal drugs.,b:Only prescription medicines.,c:Over-the-counter, prescription, and illegal drugs.,d:No drugs affect driving if taken as directed.",c,"Many drugs — illegal, prescription, or over-the-counter — may impair driving and make it unsafe or illegal to drive.",easy
4,Safe & Defensive Driving Practices,"If your vehicle's accelerator sticks open, what is the correct response?","a:Shift to neutral, turn on hazard lights, apply brakes gradually, and safely pull off the road; then turn off the ignition.,b:Slam the brakes and hold them down hard.,c:Keep accelerating to reach a safe area quickly.,d:Turn the steering wheel sharply to stall the engine.",a,"If the throttle sticks, shift to neutral and safely slow to the side while using brakes and hazards; then turn off the engine when safe.",difficult
8,Special Situations & Road Users,"On a two-lane road without bicycle lanes, the safest way to pass a bicyclist is to:","a:Slow down, wait for no oncoming traffic, and pass leaving sufficient space.;b:Honk and expect the bicyclist to move over.;c:Pass as close as possible to minimize time near them.;d:Force them off the road by driving quickly past.",a,Give bicyclists at least 3 feet of space (more at higher speeds or with groups) and only pass when it is safe to do so.,medium
8,Special Situations & Road Users,May you drive around or under a railroad crossing gate that is being lowered or raised?,"a:No; you must not go around gates while they are moving even if a train is not visible.,b:Yes, if you first look carefully.,c:Yes, as long as an approaching train is far away.,d:Yes, if your vehicle can go under without touching the gate.",a,Do not go around lowered or moving gates; wait until the gates are fully raised and signals have stopped before crossing.,easy
2,Traffic Laws & Rules of the Road,What do speed limit signs legally indicate?,"a:The maximum or minimum speed that is legally allowed under ideal conditions.,b:Potential driving speeds for the area.,c:The speed drivers should drive in heavy traffic.,d:A recommended speed for inexperienced drivers.",a,Speed limit signs state the maximum or minimum legal speeds under ideal conditions; drivers must reduce speed when conditions require it.,medium
7,Vehicle Ownership & Responsibilities,Why is a leaking exhaust system hazardous?,"a:A loss of hearing.,b:Pollution.,c:Carbon monoxide poisoning.",c,"A leaking exhaust can allow carbon monoxide to enter the passenger compartment, which can be deadly; repair exhaust leaks promptly.",medium
2,Traffic Laws & Rules of the Road,"When merging from an entrance ramp onto a crowded freeway, what should you do?","a:Use mirrors and blind-spot checks and use the acceleration lane to match freeway speed.,b:Stop at the end of the ramp and wait for a gap.,c:Yield only to vehicles on your left.,d:Enter immediately without checking.",a,"Use the acceleration lane to match freeway speed, check mirrors and blind spots, and yield to traffic already on the freeway.",medium
8,Special Situations & Road Users,You hear a siren behind you while driving. What should you do?,"a:Safely pull over to the right and stop to allow the emergency vehicle to pass.,b:Stop immediately where you are and remain.,c:Speed up to get out of the way.,d:Ignore it if you do not see lights.",a,"When an emergency vehicle approaches from behind, create a clear path by pulling to the right and stopping when safe to do so.",easy
4,Safe & Defensive Driving Practices,Which factor greatly increases stopping distance and the seriousness of a crash?,"a:High speeds,b:Slow speeds,c:Night driving.",a,Higher speeds greatly increase stopping distance and the potential severity of a crash; driving faster increases impact force.,easy
3,"Signs, Signals & Road Markings",What does a single broken yellow line down the center of a two-lane road mean?,"a:Traffic moves in opposite directions and passing is allowed when it is safe.,b:Traffic moves in the same direction and passing is prohibited.,c:You must not cross for any reason.,d:It marks a bicycle lane.",a,A single broken yellow line separates opposing traffic and permits passing from either side when it’s safe.,easy
8,Special Situations & Road Users,"At a railroad crossing without flashing warnings or gates, how should you proceed?","a:Approach with caution and be prepared to yield to any train, ensuring room to clear the tracks.,b:Cross immediately to save time.,c:Always stop no matter what.,d:Shift gears while crossing to avoid stalling.",a,"When no signals or gates exist, approach carefully, look both ways, and only cross when you are sure no train is coming and there is space to clear the tracks.",medium
8,Special Situations & Road Users,"When you see an emergency vehicle with flashing lights, what must you do?","a:Slow down and keep moving in your lane.,b:Pull to the right curb and stop.,c:Keep driving in your lane and ignore it.,d:Speed up to clear the way.",b,Immediately pull to the right curb or side of the road and stop to allow the emergency vehicle to pass.,easy
4,Safe & Defensive Driving Practices,"If you are in the left lane and want to move to the right lane, what is the correct procedure?","a:Check mirrors, signal, and look over your right shoulder for vehicles before moving.,b:Signal and immediately swing into the right lane.,c:Check mirrors only and change lanes.,d:Check mirrors and look over your left shoulder before changing.",a,"When moving right, check mirrors, signal, and look over the right shoulder to verify the blind spot is clear.",easy
4,Safe & Defensive Driving Practices,Where should you try to maintain a space cushion when driving?,"a:On all sides of your vehicle.,b:Only in front of your vehicle.,c:Only on the left and right sides of your vehicle.",a,"Maintain a cushion of space around your vehicle—front, rear, and sides—so you have time to react to hazards.",easy
3,"Signs, Signals & Road Markings",What does a double solid yellow line down the center of a two-lane road indicate?,"a:Traffic moves in opposite directions and passing is prohibited in both directions.,b:Traffic moves in the same direction and passing is prohibited.,c:You may pass if no oncoming traffic appears.,d:You may use the shoulder to pass.",a,Double solid yellow lines separate lanes of opposing traffic and prohibit passing from either direction.,easy
2,Traffic Laws & Rules of the Road,"When making a right turn on a solid red light (where allowed), you must:","a:Come to a complete stop, yield to pedestrians and oncoming traffic, then turn when clear.;b:Turn immediately without stopping.;c:Wait for the light to turn green no matter what.;d:Only signal after you begin turning.",a,"Unless prohibited by sign, you may turn right on red after a full stop and after yielding to pedestrians and other traffic.",easy
2,Traffic Laws & Rules of the Road,"When entering a highway from a driveway or private road, you should:","a:Yield to traffic on the highway.,b:Yield to vehicles on your left only.,c:Assume you have the right-of-way.,d:Drive quickly onto the road to merge.",a,Yield to all vehicles already on the roadway and merge only when it is safe.,easy
3,"Signs, Signals & Road Markings",When may you cross a dashed white line?,a:When it is safe to change lanes.;b:Only during daylight.;c:Only if there are no other vehicles on the road.;d:Never.,a,Broken white lines separate lanes moving in the same direction and may be crossed when it is safe to change lanes or pass.,easy
5,Driving in Special Conditions,When driving in fog you should use:,"a:Low beam headlights (and fog lights if equipped).,b:High beam headlights to see further.,c:Parking lights only.,d:Hazard lights while moving.",a,Use low beams and fog lights where available; high beams reflect off fog and reduce visibility.,easy
5,Driving in Special Conditions,"If an approaching driver fails to dim high beams, where should you look?",a:Toward the right side of the road to avoid glare.;b:Directly into the headlights to show them you're blinded.;c:At the approaching vehicle's wheels.;d:Toward the left side of the road.,a,Glance toward the right edge of the roadway to avoid being blinded by oncoming high beams while keeping enough view to stay on course.,easy
4,Safe & Defensive Driving Practices,"When changing lanes on most roads, you should:","a:Begin signaling well before the lane change and check mirrors and blind spots.,b:Signal as you start the lane change and then check your mirrors.,c:Only check mirrors and then change lanes without signaling.,d:Make a lane change without checking blind spots to be quick.",a,"Signal early (about 100 feet in residential areas or 5 seconds on a freeway), check mirrors and blind spots before moving.",easy
2,Traffic Laws & Rules of the Road,How should you approach an intersection with a flashing yellow light?,"a:Stop and wait for the light to change.,b:Turn around because the intersection is closed.,c:Proceed through the intersection with caution.",c,A flashing yellow light means slow down and proceed with caution; be prepared to yield as needed.,easy
5,Driving in Special Conditions,When are roads most dangerous in terms of traction relative to rain?,"a:Just as it begins to rain, due to oil and dirt mixing with water.;b:After it has been raining for several hours.;c:When it stops raining completely.;d:Only during heavy thunderstorms.",a,"Light initial rain mixes with surface oil and dirt, creating a slick film that makes roads especially hazardous at the start of a rain.",medium
2,Traffic Laws & Rules of the Road,When is it acceptable to go through an intersection with a stop sign but no stop line or crosswalk?,"a:After slowing to verify no cross traffic.,b:After coming to a complete stop and confirming it's safe.,c:After stopping at least 20 feet from the intersection.,d:After yielding to pedestrians only.",b,"If there's no stop line or crosswalk, stop before entering the intersection and proceed only when it is safe.",easy
2,Traffic Laws & Rules of the Road,"If you are driving so slowly that traffic is backing up behind you on a two-lane road, what should you do?","a:Pull off the right side of the road and let traffic pass.,b:Decrease your speed further.,c:Not allow other cars to pass your vehicle.,d:Turn on your hazard lights and continue slowly.",a,"If you impede the normal flow of traffic by driving too slowly on a two-lane road, you are required to pull off and let others pass safely.",easy
4,Safe & Defensive Driving Practices,"If you suffer a tire blowout while driving, you should:","a:Take your foot off the accelerator, do not immediately brake hard, gradually slow, and pull off the road.,b:Slam on the brakes immediately to stop quickly.,c:Turn the steering wheel sharply to the right and stop in the travel lane.,d:Speed up to reduce wobble.",a,"If a tire blows, ease off the gas, avoid sudden braking, steer straight while slowing, and pull safely off the roadway.",medium
5,Driving in Special Conditions,"When it starts to sleet or snow while you are driving, you should:","a:Keep windshield and mirrors clear and increase your following distance.,b:Maintain normal following distance but increase speed to get home faster.,c:Turn on your high beams to better see the road ahead.,d:Ignore other vehicles and drive normally.",a,In snowy or icy conditions keep windows clear and allow extra stopping distance because roads will be slippery.,easy
7,Vehicle Ownership & Responsibilities,"If stopped by a police officer, how should you behave?",a:Stay in your vehicle with hands visible on the steering wheel and wait for the officer to approach.;b:Get out immediately and approach the officer.;c:Unbuckle your seat belt and exit the vehicle.;d:Open your door and shout your license number.,a,Remain in your vehicle with hands visible and wait for the officer to approach; only retrieve documents when requested.,easy
6,"Alcohol, Drugs & Impaired Driving",Which of these can impair driving ability?,"a:Alcohol.,b:Any medication.,c:A lack of sleep.",b,"Driving can be impaired by alcohol, legal and illegal drugs (including some medications), and by drowsiness or lack of sleep.",medium
7,Vehicle Ownership & Responsibilities,"If you hit an unattended parked vehicle and can't find the owner, what must you do?","a:Leave; you've done enough.,b:Must stay until police arrive.,c:Leave a written notice with your name, address, and accident details.,d:Drive to the nearest service station.",c,"If you cannot locate the owner, leave a written notice with your name, address, and the circumstances of the accident.",medium
8,Special Situations & Road Users,How should you safely pass a bicyclist?,"a:Drive in the bicycle lane to pass.,b:Honk to alert them before passing.,c:Slow down and give as much space as possible.,d:Pass quickly without changing lane position.",c,Slow down and allow as much lateral space as possible when passing bicyclists; do not crowd them.,easy
6,"Alcohol, Drugs & Impaired Driving",Does drinking coffee after alcohol reduce your blood alcohol concentration (BAC)?,a:No — it does not affect BAC.;b:Yes — it cancels the alcohol's effect.;c:It increases BAC.;d:It instantly sober you up.,a,Caffeine or coffee does not lower BAC; it may make you more alert but does not reduce alcohol levels in your system.,easy
3,"Signs, Signals and Road Markings",Where are stop lines painted and what do they indicate?,"a:In curves and on hills.,b:Next to churches and schools.,c:At intersections and pedestrian crosswalks.",c,Stop lines are solid white lines across lanes at intersections and crosswalks showing where drivers must stop their vehicle.,easy
4,Safe & Defensive Driving Practices,What is the recommended response when another driver behaves aggressively?,"a:Avoid eye contact, slow down, and let them pass.,b:Cut them off to slow them down.,c:Retaliate by tailgating.",a,"If confronted by an aggressive driver, stay calm, avoid eye contact, slow down, and allow them to pass. Do not engage or retaliate.",easy
4,Safe & Defensive Driving Practices,"When approaching an accident scene, what should you do if you are not involved?",a:Keep your attention on your driving and pass without stopping unless emergency help hasn't arrived and you can safely assist.;b:Stop and get out to watch the scene.;c:Pile into the area to take photographs.;d:Slow down to look and impede traffic.,a,Do not stop at accident scenes unless you are involved or emergency help has not yet arrived and you can safely assist—keep moving and stay alert.,easy
6,"Alcohol, Drugs & Impaired Driving",How can you best avoid alcohol-related crashes?,"a:Decide before you start drinking that you will not drive.,b:Say no when someone offers you a drink if you're already drinking.,c:Drink water between alcoholic drinks so you can drive later.",a,"The only reliable way to avoid alcohol-impaired driving is to plan ahead and decide not to drive before drinking begins, because alcohol impairs judgment.",easy
8,Special Situations & Road Users,How should you approach a railroad crossing that has no signals?,"a:Slow down, be prepared to stop, and look/listen for trains before crossing.;b:Always stop regardless of visibility.;c:Assume crossings without signals are always safe.;d:Speed through to minimize time on the tracks.",a,"At unsignaled crossings, slow and be ready to stop; look and listen for approaching trains before proceeding.",easy
6,"Alcohol, Drugs & Impaired Driving",What can happen if you drink alcohol while using prescription or over-the-counter medicine?,a:The combination could multiply the effects of the alcohol or medicine.;b:The medicine will cancel the alcohol's effects.;c:The alcohol will make the medicine more effective.;d:Nothing significant will occur.,a,Mixing alcohol with medications can amplify impairing effects and produce greater impairment than either substance alone.,medium
4,Safe & Defensive Driving Practices,When is it appropriate to sound your horn?,"a:To signal impatience in traffic.,b:When passing another car.,c:If you've lost control of your vehicle to warn others.,d:To greet friends driving nearby.",c,"Use your horn to warn others of danger — for example, if you have lost control — not to express frustration.",easy
3,"Signs, Signals and Road Markings",What does a crossbuck sign identify?,"a:Railroad crossings.,b:School zones.,c:No passing zones.",a,Crossbuck signs mark railroad crossings and indicate drivers must yield to trains. Never try to beat a train across the tracks.,easy
2,Traffic Laws & Rules of the Road,When is it allowed to cross double solid yellow lines?,"a:To make a left turn into or from a driveway, private road, or to exit the highway where permitted.,b:To pass a slow-moving passenger car when safe.,c:To overtake bicyclists at any time.,d:To pass another car going the same direction.",a,Double solid lines prohibit passing or lane changes; crossing is permitted only for left turns into/from driveways or similar maneuvers where allowed.,easy
4,Safe & Defensive Driving Practices,Which of these is a common cause of traffic collisions?,"a:Inattentive driving,b:Excessive speed for conditions,c:Following other vehicles too closely.",b,"While inattentiveness and tailgating contribute to crashes, driving at excessive speeds for the conditions is a major cause of serious collisions.",medium
6,"Alcohol, Drugs & Impaired Driving",Does the type of alcoholic beverage (beer vs. wine) change how alcohol affects your reflexes and judgment?,"a:Yes — beer affects you less than wine.,b:No — impairment depends on amount consumed, not type of drink.,c:Yes — mixed drinks are more impairing.,d:Only hard liquor impairs driving.",b,"All types of alcoholic beverages impair reflexes and judgment based on the amount consumed, not the type.",easy
4,Safe & Defensive Driving Practices,"If an aggressive driver cuts you off, how should you react?","a:Stay calm and move out of their way.,b:Flash your lights to reprimand them.,c:Call the police immediately while driving erratically.,d:Try to block them from passing.",a,Remain calm and get out of the aggressive driver's way to avoid escalation or a crash.,easy
4,Safe & Defensive Driving Practices,What is the most common cause of traffic crashes?,"a:Bad weather.,b:Mechanical failure.,c:Human error.,d:Poor road design.",c,"Most crashes result from human error such as inattention, misjudgment, or unsafe actions.",easy
8,Special Situations & Road Users,"When you see or hear an emergency vehicle approaching with siren or lights, what should you do?","a:Drive as far right as possible and stop, taking care not to stop in an intersection.,b:Continue at the same speed if you are not in the emergency vehicle's path.,c:Speed up and pull away from the emergency vehicle.,d:Stop immediately in your lane wherever you are.",a,On two-lane roads you must pull as far right as safe and stop until the emergency vehicle has passed.,easy
5,Driving in Special Conditions,Which statement about winter driving is NOT true?,a:Using cruise control in winter weather is safe.;b:Winter is the most difficult driving season.;c:Checking antifreeze and washer fluid is important.;d:Snow tires can improve traction.,a,"Do not use cruise control on snow, ice, rain, or similar hazardous conditions—winter requires extra caution and preparation.",medium
2,Traffic Laws & Rules of the Road,Traffic signals sometimes display arrows to control turns from specific lanes. What does a solid yellow arrow mean?,"a:It has the same meaning as a circular yellow light and you should prepare to stop.,b:It means you may immediately turn in the arrow's direction without yielding.,c:It is never used in traffic signals.,d:It indicates a pedestrian-only phase is starting.",a,A solid yellow arrow functions like a steady yellow light for that turn; you should slow and prepare to stop as a red arrow is imminent.,easy
2,Traffic Laws & Rules of the Road,Which of these statements about passing is true?,"a:Signal at least 100 feet before changing lanes, check mirrors, and look over your shoulder to check your blind spot when passing.,b:Only use your mirrors; checking blind spots is unnecessary.,c:You should return to your lane before seeing the passed vehicle's headlights in your mirror.,d:Do not signal when passing to avoid confusion.",a,"When passing, signal early, check mirrors, and glance over your shoulder to ensure the blind spot is clear; return when you can see the passed vehicle's headlights in your mirror.",easy
2,Traffic Laws & Rules of the Road,What does a steady yellow traffic light at an intersection mean?,"a:Slow down and prepare to stop; a red light is about to appear.,b:Go through the intersection quickly.,c:Yield to other cars and continue at the same speed.,d:The signal is malfunctioning.",a,A steady yellow warns that the signal will soon be red; slow down and stop if it is safe to do so.,easy
3,"Signs, Signals & Road Markings",What type of signs warn drivers about hazardous conditions ahead?,"a:Regulatory signs.,b:Warning signs.,c:Information signs.,d:Guide signs.",b,Warning signs alert drivers to potential hazards or changes in road conditions and require caution.,easy
2,Traffic Laws & Rules of the Road,"At an intersection with a yield sign, you should:","a:Slow and yield the right-of-way to traffic in the roadway you are entering.;b:Always come to a complete stop, regardless of other traffic.;c:Only yield to traffic on your left.;d:Ignore it if no traffic is present.",a,A yield sign requires slowing and giving right-of-way to traffic on the roadway you plan to enter or cross.,easy
8,Special Situations & Road Users,"Why must drivers be extra alert to motorcycles, bicyclists, and pedestrians?","a:They are smaller and harder to see, making them more easily overlooked in traffic.;b:They obey completely different laws.;c:They always have the right-of-way.;d:They always travel at the same speed as cars.",a,"Smaller road users can be difficult to detect; drivers should actively scan for motorcycles, bicycles, and pedestrians to avoid collisions.",easy
7,Vehicle Ownership & Responsibilities,"When parallel parking between two cars, your first step should be to:",a:Pull up even with the car in front of the space before beginning to back in.;b:Turn your wheels immediately toward the curb.;c:Angle into the space without aligning with neighboring cars.;d:Reverse quickly into the space.,a,Stop parallel to the vehicle ahead of the space before beginning maneuvers to back into the parking spot.,medium
2,Traffic Laws & Rules of the Road,When are you required to stop your vehicle?,"a:At an intersection with a stop sign.,b:When a traffic officer orders you to stop.,c:At a red traffic light.,d:All of the above.",d,"You must stop at stop signs, red lights, and whenever a traffic officer directs you to stop.",easy
3,"Signs, Signals & Road Markings",A broken yellow line next to a solid yellow line indicates:,"a:Vehicles next to the broken line may pass when safe, while those next to the solid line may not.,b:Passing is prohibited from both directions.,c:Both lanes may pass at any time.,d:The road is one-way.",a,"When the broken line is beside your lane, you may pass when safe; drivers next to the solid line may not pass.",easy
2,Traffic Laws & Rules of the Road,Where is it unsafe and illegal to pass another vehicle?,"a:On a hill or in a curve where you cannot see oncoming traffic.,b:On a multilane expressway with three lanes.,c:When the passing lane is clear and marked with a broken yellow line.,d:On the shoulder of the road when safe.",a,Passing in curves or on hills is unsafe because you can’t see oncoming traffic; passing on the shoulder is prohibited.,easy
2,Traffic Laws & Rules of the Road,"Unless otherwise posted, what is the usual speed limit on open county highways in West Virginia?","a:55 mph.,b:60 mph.,c:65 mph.,d:70 mph.",a,"In West Virginia, open county highways ordinarily have a 55 mph speed limit unless signs indicate otherwise.",medium
2,Traffic Laws & Rules of the Road,"When turning or changing lanes, you must:","a:Always signal your intentions in advance, even if no traffic is visible.;b:Signal only when other vehicles are present.;c:Signal only at night.;d:Signal briefly as you begin the turn only.",a,Always use your signal before turning or changing lanes to inform other road users of your intentions.,easy
5,Driving in Special Conditions,"Compared to daytime driving, driving at night is:","a:Less dangerous.,b:No more or less dangerous.,c:More dangerous.,d:The same if headlights are used.",c,"Night driving is more dangerous due to reduced visibility, glare, and more fatigued or impaired drivers.",easy
5,Driving in Special Conditions,"If an approaching vehicle fails to dim its high beams, where should you look to avoid glare?","a:The right side of the road.,b:The center of the road.,c:Either side at random.,d:Directly into the headlights.",a,Glance toward the right edge of the road to avoid being blinded while still maintaining position on your lane until the vehicle passes.,easy
2,Traffic Laws & Rules of the Road,"When entering an interstate from an entrance ramp, you should:","a:Adjust your speed to match traffic and merge safely after locating a gap.,b:Stop on the ramp and wait for an opening in traffic.,c:Drive on the shoulder briefly and merge when safe.,d:Enter at any speed; freeway traffic must yield.",a,"Use the acceleration lane to match traffic speed, locate a gap, and merge without stopping on the ramp.",easy
4,Safe & Defensive Driving Practices,When is it appropriate to use your horn?,"a:When you need to warn another road user of immediate danger, such as a child stepping into the street.,b:When traveling through an intersection.,c:To greet acquaintances on the sidewalk.,d:When passing a bicyclist on a quiet road.",a,"Use your horn as a warning to prevent collisions — for example, to alert someone who may step into traffic unexpectedly.",easy
8,Special Situations & Road Users,What must a driver do when an emergency vehicle using lights or siren approaches?,"a:Pull to the right and stop immediately.,b:Slow down and continue driving to the right.,c:Turn on four-way flashers and continue moving.,d:Speed up to clear the lane.",a,"When approached by an emergency vehicle using lights or siren, you must drive to the right and stop until it has passed.",easy
3,"Signs, Signals & Road Markings",When may you not cross a single broken white or yellow line?,a:When crossing would interfere with traffic or be unsafe.;b:When turning left into a driveway.;c:When the vehicle in front is disabled.;d:When passing is allowed.,a,You may cross broken lines to pass or change lanes only if it is safe and does not interfere with traffic.,medium
4,Safe & Defensive Driving Practices,A pedestrian begins crossing in front of your vehicle. What should you do?,"a:Flash your lights to warn them.,b:Slow down and be prepared to stop.,c:Speed up and pass in front of them.,d:Sound your horn continuously.",b,"Always yield to pedestrians crossing the roadway and be prepared to stop, especially in crosswalks and near children.",easy
3,"Signs, Signals & Road Markings",What must you do when you see a steady green arrow at a traffic signal?,"a:You may turn in the arrow's direction after yielding to vehicles and pedestrians already in the intersection.,b:Always stop and wait for a green circular light.,c:Merge immediately without yielding.,d:Turn only if there is no oncoming traffic at any speed.",a,"A green arrow permits the indicated turn, but you must still yield to traffic and pedestrians already in the intersection.",easy
2,Traffic Laws & Rules of the Road,"When approaching a steady yellow traffic light, drivers should:","a:Speed up to beat the red.,b:Slow and stop if safe unless already in the intersection.,c:Ignore it because green still has priority.,d:Turn on hazards.",b,A steady yellow warns that red is coming; stop if you can do so safely unless you're already in the intersection.,easy
1,Licensing & Permit Requirements,"Before starting the vehicle, what safety step should you do?","a:Buckle your seat belt and ensure passengers are buckled.,b:Be sure only adult passengers have buckled their seat belts.,c:Make sure only child passengers have buckled their seat belts.,d:Start the car and then buckle.",a,Develop a routine of buckling your seat belt and ensuring all passengers are restrained before switching on the ignition.,easy
4,Safe & Defensive Driving Practices,When should you always use your turn signal?,"a:When changing lanes.,b:Pulling into or out of a parking space.,c:Pulling into traffic from a parking area or alley.,d:All of the above.",d,"Signals must be used whenever changing lanes, entering traffic, or pulling to/from parking spaces or alleys.",easy
4,Safe & Defensive Driving Practices,What best describes defensive driving?,"a:Identifying hazardous driving situations and acting to avoid crashes.,b:Racing to get ahead of poor drivers.,c:Following the vehicle ahead closely to control traffic.",a,Defensive driving means recognizing potential hazards early and taking actions to prevent conflicts and crashes.,easy
7,Vehicle Ownership & Responsibilities,How should a seat belt be properly worn?,"a:Is loose.,b:Is buckled snugly across your hip bones and lower abdomen.,c:Is hidden beneath the seat.",b,"Lap belts should fit snugly across the hip bones and lower abdomen; shoulder belts should lie across the chest and shoulder, not the neck or face.",easy
6,"Alcohol, Drugs & Impaired Driving",Which of the following does NOT occur after drinking alcohol?,"a:You become more alert.,b:Your reflexes and reaction time slow down.,c:Your judgment of speed and distance is distorted.,d:You are less alert.",a,"Alcohol slows reaction time, impairs judgment of speed and distance, and reduces alertness—becoming more alert does not happen after drinking.",medium
3,"Signs, Signals & Road Markings",What color pavement markings separate traffic moving in opposite directions?,a:Yellow.;b:White.;c:Red.;d:Blue.,a,Yellow center lines separate lanes of traffic moving in opposite directions; white lines separate lanes moving the same direction.,easy
5,Driving in Special Conditions,"When driving in poor weather, drivers should:",a:Increase their following distance.;b:Increase their speed to clear hazardous areas quicker.;c:Decrease their following distance.;d:Maintain the same following distance as in good weather.,a,Increase following distance in bad weather since stopping distances are longer and unexpected hazards are more likely.,easy
4,Safe & Defensive Driving Practices,"If your vehicle begins to skid, you should:","a:Steer in the direction of the skid (turn the wheel into the skid) and avoid overcorrecting.,b:Turn the steering wheel into oncoming traffic always.,c:Brake hard and hold the wheel firmly straight.,d:Turn away from the skid and slam the brakes.",a,"When skidding, remain calm and steer in the skid direction until you regain traction; avoid overcorrection.",medium
8,Special Situations & Road Users,How must a driver behave toward pedestrians in or near the roadway?,"a:Yield the right-of-way to pedestrians, even if they are not following the law.,b:Make sure the pedestrian is aware of your vehicle before proceeding.,c:Yield only when the pedestrian is legally entitled to it.",a,Drivers must do everything possible to avoid hitting pedestrians; you should yield to pedestrians even if they are crossing improperly.,easy
4,Safe & Defensive Driving Practices,"When driving through an area where children are playing, what should you expect?","a:That a child may suddenly run into the street without looking.,b:That children will always wait for traffic to clear.,c:That children will obey crossing guards at all times.,d:That children will remain on the sidewalk.",a,Children may not recognize hazards and can dart into the street unexpectedly; slow down and be prepared to stop.,easy
4,Safe & Defensive Driving Practices,"When driving on highways, how should you maintain alertness?","a:Keep your eyes moving and be ready to react to hazards.,b:Stare straight ahead to avoid distractions.,c:Rely on cruise control exclusively.,d:Look at one thing for a long time to focus.",a,"Avoid highway hypnosis by scanning the road, checking mirrors, and being prepared for sudden hazards.",easy
3,"Signs, Signals & Road Markings","Which traffic control device requires you to come to a complete stop, yield to traffic and pedestrians, then go when safe?","a:A flashing red light.,b:A solid green light.,c:A flashing yellow light.,d:A solid red light.",a,"A flashing red signal has the same meaning as a stop sign: stop, yield, then proceed when the way is clear.",easy
8,Special Situations & Road Users,"Before backing out of a driveway with children nearby, you should:",a:Exit the vehicle and walk to the rear to ensure the way is clear.;b:Sound your horn loudly to warn children.;c:Rev the engine so they notice you are moving.;d:Back up slowly while watching through mirrors only.,a,"Because children are hard to see from the driver's seat, get out and check behind your vehicle before backing into or out of a driveway.",easy
8,Special Situations & Road Users,"If a transit (bus) is signaling to re-enter traffic after stopping, you must:","a:Sound your horn to warn them.,b:Yield and allow them to safely re-enter.,c:Speed past before they merge.,d:Remain in your lane and ignore the signal.",b,"Yield — by changing lanes, slowing, or stopping if necessary — to let buses re-enter traffic after loading/unloading.",easy
8,Special Situations & Road Users,When must drivers yield to pedestrians?,"a:Even if the pedestrian crosses the street carelessly.,b:Only when the pedestrian is in a marked crosswalk.,c:Only if the pedestrian is on the same side of the road as the driver.",a,"Drivers must yield to pedestrians in the roadway, even if the pedestrian is crossing carelessly; always exercise caution to avoid hitting pedestrians.",easy
8,Special Situations & Road Users,"When you approach a stopped emergency vehicle with flashing lights, you must:","a:If possible, change lanes away from it and slow down; if you cannot change lanes safely, reduce speed below the posted limit.,b:Stop immediately in your lane.,c:Maintain your speed and stay in your lane.,d:Speed up to clear the area quickly.",a,Give stopped emergency or roadside vehicles as much space as possible by changing lanes or slowing down safely if a lane change is unsafe.,easy
3,"Signs, Signals & Road Markings",What colors are used on highway signs that tell you distances or destinations (such as the next exit)?,"a:Green background with white letters.,b:Yellow background with black letters.,c:Red background with white letters.,d:Black background with white letters.",a,Destination and distance signs on highways are green with white letters or symbols.,easy
4,Safe & Defensive Driving Practices,Your blind spot refers to the area:,"a:You cannot see without moving your head (not visible in mirrors).,b:Directly behind your vehicle as seen in the rearview mirror.,c:Covered by your side mirrors.,d:Inside the vehicle cabin near the driver.",a,Blind spots are those areas to the sides and rear you cannot see in your mirrors without turning your head.,easy
8,Special Situations & Road Users,When must you stop for a school bus that is loading or unloading children?,"a:If it is parked on the shoulder with no one in it.,b:When it approaches you even if its lights are not flashing.,c:If you are driving on a two-lane highway and its red lights are flashing.",c,"On a two-lane road, traffic in both directions must stop when a school bus is stopped with its red lights flashing or its stop arm extended. Remain stopped as long as the red lights are flashing and/or the stop arm is out.",easy
3,"Signs, Signals & Road Markings",On which signal do you have the right-of-way to turn left?,a:A green arrow pointing left.;b:A solid green circular light.;c:A flashing yellow light.;d:A steady red arrow to the left.,a,A steady green arrow pointing left gives protected left-turn movement and the right-of-way; oncoming traffic is stopped.,easy
2,Traffic Laws & Rules of the Road,"When approaching a heavy truck from behind on an uphill, what should you expect?","a:The truck may be traveling slower than the posted limit and you may not be able to safely pass on a hill.,b:The truck will always keep up with posted speeds.,c:It is always legal to pass on a hill if you have room.,d:The truck will automatically pull over to let you pass.",a,Large vehicles often slow on inclines; passing on hills with limited sight distance is unsafe and may be illegal.,medium
6,"Alcohol, Drugs & Impaired Driving",Which statement is correct about alcohol's effect on driving?,"a:Even small amounts of alcohol can impair concentration, perception, judgment, and memory.,b:Only a BAC above the legal limit impairs driving.,c:Alcohol does not affect driving when consumed with food.,d:Alcohol improves calmness and reaction time.",a,Any alcohol intake impairs cognitive functions and driving skills; no amount is completely safe for driving.,easy
2,Traffic Laws & Rules of the Road,"If a fire engine is following you on a two-lane street but is not using emergency signals, you should:","a:Continue driving in a normal manner; you are not required to yield unless it is using sirens or lights.,b:Pull over and stop immediately.,c:Speed up to get out of its way.,d:Stop in the middle of the street to allow it by.",a,You only need to yield and clear a path when an emergency vehicle is using its lights and/or siren; otherwise continue normally.,easy
4,Safe & Defensive Driving Practices,"If your vehicle begins to skid, you should turn the steering wheel:",a:In the direction you want the vehicle to go (into the skid).;b:To keep the front wheels straight and locked.;c:In the opposite direction of the skid immediately.;d:Sharp and fast away from the skid.,a,"When skidding, steer into the direction you want the car to go; as it straightens, correct the steering to avoid overcorrection.",medium
5,Driving in Special Conditions,How can you help prevent hydroplaning?,"a:Reduce speed in the rain.,b:Keep tires properly inflated.,c:Ensure tires have good tread depth.,d:All of the above.",d,Prevent hydroplaning by reducing speed in wet conditions and maintaining proper tire pressure and tread depth.,medium
8,Special Situations & Road Users,Where do pedestrians have the right-of-way?,"a:At an intersection crosswalk.,b:When crossing an alley or driveway.,c:If they are blind and using a cane or guide dog.,d:All of the above.",d,"Pedestrians in crosswalks, crossing driveways/alleys, and blind pedestrians using aids have the right-of-way.",easy
4,Safe & Defensive Driving Practices,"When preparing to turn left, drivers should:","a:Signal in advance, move into the left lane when applicable, watch for oncoming vehicles and pedestrians, and slow gradually.,b:Speed up and cut in front of oncoming traffic.,c:Turn from any lane as long as the turn signal is on.,d:Stop in the intersection before turning.",a,"Signal early, position in the left lane as appropriate, check for oncoming traffic and pedestrians, and slow smoothly before turning.",easy
2,Traffic Laws & Rules of the Road,Which statement about speed is true?,"a:Driving too slowly on certain highways can be dangerous.,b:Speeding can kill.,c:Speeding is safe if you are a skilled driver.",a,Both driving excessively fast and driving much slower than traffic can be dangerous; driving significantly below the flow of traffic on highways may cause unsafe passing maneuvers.,medium
2,Traffic Laws & Rules of the Road,"If you're waiting to turn left at a multilane intersection and opposing traffic blocks your view, what is the correct action?","a:Wait until you can see all lanes you must cross before making the turn.,b:Accelerate quickly when the first lane is clear.,c:Expect oncoming drivers to wave you through.,d:Start the turn into only the first lane and complete it later.",a,Do not begin the left turn until you have clear sight of all lanes you need to cross and can complete the maneuver safely.,medium
8,Special Situations & Road Users,"If you hear a siren but cannot immediately see the emergency vehicle, what should you do?","a:Pull to the curb, stop, and look to determine if it is on your street.,b:Keep driving until you see the vehicle.,c:Slow down but do not stop until you see it.",a,"If you hear an emergency vehicle and cannot locate it, safely pull to the right and stop until you are sure it is not approaching your position.",easy
2,Traffic Laws & Rules of the Road,"If you miss your freeway exit, what is the correct action?",a:Make a U-turn across the median.;b:Pull onto the shoulder and back up to the exit.;c:Continue to the next exit.;d:Cross several lanes at the last second to reach it.,c,"If you miss an exit, proceed to the next one—do not stop, back up, turn across the median, or make other illegal maneuvers on the highway.",easy
7,Vehicle Ownership & Responsibilities,When is it permissible to park or stop on the shoulder of a freeway?,"a:If no part of your vehicle is on the road.,b:If you turn on your emergency flashers.,c:Only in an emergency.,d:To consult a map.",c,Parking on the shoulder of a freeway is prohibited except in emergencies.,medium
7,Vehicle Ownership & Responsibilities,How often does West Virginia require a state inspection of vehicles?,"a:Every year.,b:Only if the vehicle is over 10 years old.,c:Every two years.,d:Only upon initial registration.",a,West Virginia requires an annual safety inspection to ensure vehicles are in safe driving condition.,medium
5,Driving in Special Conditions,"When meeting a vehicle with blinding headlights, what should you do?","a:Use your high beams until they dim theirs.,b:Look to the right side of the road to avoid being blinded.,c:Speed up to pass quickly.,d:Flash your lights repeatedly.",b,Avoid looking directly at blinding headlights; focus on the right edge of the road until the vehicle passes.,easy
6,"Alcohol, Drugs & Impaired Driving",What is a potential penalty for a first DUI offense in West Virginia?,"a:Possible jail time (up to six months depending on circumstances), fines (up to $1,000), and license revocation for a period.,b:Three years in the state penitentiary and a $3,000 fine.,c:Two months in county jail and a $30 fine.,d:No penalties for first offense.",a,"A first DUI conviction can include fines, possible jail time (up to six months depending on factors), and license suspension; penalties increase with aggravating factors.",difficult
2,Traffic Laws & Rules of the Road,"If a driver's left arm and hand are extended upward, what is the driver signaling?","a:Turning left.,b:Turning right.,c:Stopping.,d:Speeding up.",b,A left arm extended upward is the hand signal for a right turn.,medium
8,Special Situations & Road Users,When must you yield to an emergency vehicle using lights or siren?,"a:When you see flashing lights or hear a siren.,b:Only when other vehicles yield first.,c:Never; they must avoid you.,d:Only during daylight hours.",a,You must yield the right-of-way to emergency vehicles using lights or sirens by pulling to the right and stopping.,easy
4,Safe & Defensive Driving Practices,How is distracted driving characterized?,"a:Very uncommon.,b:Extremely risky behavior.,c:Not a safety concern.,d:Only a problem for new drivers.",b,Distracted driving is extremely risky and significantly increases the chance of a crash.,easy
8,Special Situations & Road Users,Are you ever allowed to drive around lowered railroad crossing gates?,a:Under no circumstances.;b:When the lights stop flashing.;c:When the train has passed and gates are still down.;d:If traffic is heavy and you are late for an appointment.,a,You must not go around lowered crossing gates—stop and wait until gates are fully raised and signals indicate it is safe to proceed.,easy
8,Special Situations & Road Users,Which of the following about railroad crossings is true?,"a:It is illegal to go around lowered gates; not all crossings have flashing signals or gates; obey flaggers and stop when directed.,b:You may always drive around gates if no train is visible.,c:You never need to stop at a crossing with a stop sign.,d:Crossings with gates are optional and may be ignored.",a,"Do not go around lowered gates, obey flags and lights when present, and remember some crossings lack active warning devices.",easy
2,Traffic Laws & Rules of the Road,"When two vehicles arrive at an intersection from different highways at the same time, who must yield?","a:The vehicle on the left must yield to the vehicle on the right.,b:Either vehicle may proceed with no yielding.,c:The vehicle on the right must yield to the left.,d:Yield only if one vehicle signals.",a,"At intersections where two vehicles arrive simultaneously, the driver on the left yields to the driver on the right.",easy
2,Traffic Laws & Rules of the Road,Who must yield when a driver is turning and a pedestrian is crossing without a traffic light?,"a:The driver.,b:Whoever started moving last.,c:Whoever is slower.,d:The pedestrian.",a,Drivers must yield to pedestrians crossing the road even when there's no traffic signal.,easy
8,Special Situations & Road Users,"Compared with smaller cars, larger vehicles typically have:","a:Much larger blind spots.,b:No blind spots due to mirrors.,c:Smaller blind spots than compact cars.,d:Automatic sensors that eliminate blind spots.",a,Large trucks and buses have extensive blind areas; avoid lingering alongside where the driver cannot see you.,easy
3,"Signs, Signals & Road Markings","What does an \End school zone sign indicate?""","a:The start of a reduced-speed school zone.,b:The end of the reduced school-zone speed limit.,c:That the speed limit is 20 mph.,d:That a crosswalk is ahead.",b,An End School Zone sign indicates the reduced school-zone speed restriction has ended.,easy
5,Driving in Special Conditions,What should be your first response to reduced visibility while driving?,"a:Reduce your speed.,b:Turn on windshield wipers.,c:Turn on high-beam headlights.,d:Stop immediately in the travel lane.",a,Reducing speed is the first action to compensate for decreased visibility and increased risk.,easy
2,Traffic Laws & Rules of the Road,What must you do when you come to an intersection displaying a flashing red light?,"a:Come to a full stop, then proceed when the way is clear.;b:Slow and pass through if clear.;c:Wait for a flashing green light.;d:Ignore it and continue driving normally.",a,Treat a flashing red light as a stop sign: stop completely and proceed only when safe.,easy
4,Safe & Defensive Driving Practices,Your vehicle's stopping distance becomes longer when you are stopping:,"a:On wet or icy pavement.,b:On dry paved highways.,c:When driving at night under clear conditions.,d:When your vehicle is unloaded and light.",a,"Stopping distances increase on wet, icy, or loose surfaces and when tires or brakes are not optimal.",easy
5,Driving in Special Conditions,What should you do when driving in foggy conditions?,"a:Turn on your high beam headlights.,b:Turn on your hazard lights.,c:Turn on your low beam headlights.,d:Drive at the maximum speed limit.",c,Use low-beam headlights and reduce speed when visibility is reduced; high beams reflect back and worsen visibility.,medium
5,Driving in Special Conditions,What does an orange-colored traffic sign typically indicate?,"a:Construction or maintenance ahead.,b:The start of a no-passing zone.,c:A school zone ahead.,d:A hospital nearby.",a,"Orange signs warn of construction, maintenance, or emergency operations and advise extra caution.",easy
2,Traffic Laws & Rules of the Road,"After passing another vehicle on a two-lane road with traffic in opposite directions, when should you return to your lane?","a:When there's enough room between you and the passed vehicle.,b:Immediately after passing regardless of distance.,c:Only after signaling for five seconds.,d:When a passing zone ends.",a,Return to your lane only when you can see the entire front of the passed vehicle in your rearview mirror and it's safe to do so.,medium
4,Safe & Defensive Driving Practices,Lack of sleep affects driving ability similarly to which of the following?,a:The effect that caffeine has.;b:The effect that alcohol has.;c:The effect that amphetamines have.;d:The effect that anger has.,b,"Fatigue impairs driving in ways similar to alcohol intoxication; for example, 18 hours awake can impair you about as much as a 0.05% BAC and 24 hours about 0.10% BAC.",medium
5,Driving in Special Conditions,"When driving in rain, you must use which headlights?",a:High beam headlights.;b:Low beam headlights.;c:Parking lights only.;d:No lights are necessary in daylight rain.,b,Use low beam headlights in rainy conditions so other drivers can see your vehicle and to reduce glare.,easy
2,Traffic Laws & Rules of the Road,What should a driver who is traveling much slower than the normal flow of traffic do?,"a:Pull off the road at the earliest safe point to let traffic pass if it is causing a backup.,b:Always stay in the left lane.,c:Refuse to allow cars to pass behind them.,d:Accelerate to the speed limit regardless of conditions.",a,"If driving significantly below normal traffic speed and causing backups on a two-lane road, the driver must pull off when safe to allow others to pass.",medium
6,"Alcohol, Drugs & Impaired Driving",A telltale sign of a drunk driver often includes:,a:Weaving between lanes.;b:Always obeying traffic laws.;c:Driving steadily at the speed limit.;d:Carefully signaling every move.,a,"Common indicators of impaired driving include weaving, sudden lane changes, erratic speeds, and abrupt stops.",medium
5,Driving in Special Conditions,What is the most important speed-management rule for navigating curves?,"a:Slow down before entering the curve so inertia doesn't push you outward.,b:Speed up before the curve and brake in the sharpest part.,c:Maintain posted speed and brake hard mid-curve.,d:Use engine braking only while in the curve.",a,Reduce speed prior to entering a curve to maintain control; avoid braking hard while turning if possible.,easy
8,Special Situations & Road Users,"When approaching a railroad crossing and you do not see or hear a train, you must stop if:",a:A stop sign is posted or crossing lights are flashing or gates are lowered.;b:Only if a train is visible.;c:Only if a flagger is present.;d:Never; you may proceed cautiously.,a,"Stop when flashing red lights are active, a gate is lowered, a stop sign is posted, or other official signals require stopping.",easy
2,Traffic Laws & Rules of the Road,A flashing red light on a traffic signal means:,"a:The same as a stop sign — come to a complete stop, then proceed when safe.,b:The traffic signal is broken so you may proceed as usual.,c:You must slow but not stop.,d:You do not have to stop if no other cars are present.",a,"A flashing red requires a full stop, just like a stop sign, before proceeding when clear.",easy
5,Driving in Special Conditions,"In cold or wet weather, which road sections freeze more quickly and stay icy longer?","a:Shaded areas (sections of road shaded by trees or buildings).,b:Flat open areas exposed to the sun.,c:Curvy sections of road.,d:Roads with many streetlights.",a,Shaded parts of the roadway freeze before and thaw after surrounding areas; they are the last to dry and the most likely to be icy in cold or wet conditions.,difficult
2,Traffic Laws & Rules of the Road,"If you miss your turn or exit on a freeway, what should you do?","a:Stop and back up on the shoulder.,b:Continue to the next exit or safe turnaround.,c:Make a quick U-turn.,d:Cut across lanes to return to the exit.",b,Do not back up on a freeway; proceed to the next exit or a safe place to turn around.,easy
3,"Signs, Signals & Road Markings",What does a flashing yellow traffic light require you to do?,"a:Stop and wait for a green light.,b:Proceed with caution.,c:Speed up to clear the intersection.,d:Yield only to pedestrians.",b,A flashing yellow light means proceed with caution — slow down and be alert for hazards.,easy
8,Special Situations & Road Users,"When a school bus is stopped with its red lights flashing, you must stop from both directions at what approximate distance?","a:You must stop before reaching the bus; do not proceed until lights stop (no specific feet required in this question).,b:Within 50 feet of the bus.,c:Within 30 feet of the bus.,d:Within 10 feet of the bus.",a,Traffic from both directions must stop for a stopped school bus with flashing red lights until the bus resumes motion and lights are off.,medium
7,Vehicle Ownership & Responsibilities,"If your power steering fails while driving, you should:","a:Work harder to steer, reduce speed, and move to a safe area to stop.;b:Turn off the ignition immediately while moving.;c:Honk and continue at the same speed to the nearest exit.;d:Brake hard and shift into neutral immediately.",a,"If power steering stops, more effort is needed to steer—slow down, steadily steer to a safe location, and stop.",medium
4,Safe & Defensive Driving Practices,"While waiting in the intersection to complete a left turn, how should you position your wheels?","a:Keep your wheels straight while signaling and waiting.,b:Turn your wheels sharply to the left so you can complete the turn quickly.,c:Turn your wheels to the right as a precaution.,d:Flash your headlights to alert other drivers.",a,Keep the wheels straight while waiting to turn so a rear-end collision will not push you into oncoming traffic.,easy
3,"Signs, Signals & Road Markings",Signs indicating areas of public recreation typically have which color?,a:Brown.;b:Orange.;c:Green.;d:Red.,a,"Brown signs denote cultural or recreational areas, such as parks and historic sites.",easy
2,Traffic Laws & Rules of the Road,"If two vehicles arrive at an uncontrolled intersection simultaneously, who has the right-of-way?","a:The vehicle on the right has the right-of-way.,b:The largest vehicle has the right-of-way.,c:The car on the left has the right-of-way.,d:The vehicle that honks first has the right-of-way.",a,"When two vehicles arrive at the same time at an uncontrolled intersection, the driver on the left must yield to the driver on the right.",easy
6,"Alcohol, Drugs & Impaired Driving","If you are taking a non-prescription drug, what should you do before driving?","a:Read the labels for warnings about driving and side effects.,b:Drink alcohol instead to counteract side effects.,c:Ignore label warnings if you feel fine.,d:Double the dose to build tolerance.",a,Many over-the-counter medications can impair driving; read labels and consult a doctor or pharmacist if unsure whether a drug affects your driving ability.,easy
3,"Signs, Signals & Road Markings",A single broken white line down the center of a two-lane road indicates:,"a:Lanes moving in the same direction that may be crossed to pass when safe.,b:Lanes moving in opposite directions where passing is prohibited.,c:Lanes moving in the same direction where passing is not allowed.,d:A no-passing zone.",a,Dashed white lines separate lanes moving in the same direction and may be crossed for passing when safe.,easy
7,Vehicle Ownership & Responsibilities,What is the first adjustment you should make when getting into a car to drive?,a:Adjust your seat to a comfortable and safe driving position.;b:Buckle your seat belt after moving the seat.;c:Adjust the steering wheel before the seat.;d:Adjust the radio to a low volume.,a,"Set your seat first so you can reach controls and see clearly, then adjust mirrors, steering wheel, and seat belt as needed.",easy
2,Traffic Laws & Rules of the Road,You must not drive at a speed greater than:,"a:The posted maximum speed limit.,b:A speed that is reasonable and prudent for conditions.,c:A speed the driver prefers.,d:A speed that shortcuts traffic.",b,You must drive at a speed that is reasonable and prudent for existing conditions — even if below the posted limit.,easy
2,Traffic Laws & Rules of the Road,How should you behave when a funeral procession approaches an intersection you are waiting at?,"a:Expect the procession to yield to you.,b:Yield to the procession after the lead vehicle crosses the intersection.,c:Try to beat the lead vehicle through the intersection.",b,"While not legally required in all cases, courtesy is to yield to a funeral procession; once the lead vehicle clears the intersection, allow the procession to pass.",easy
4,Safe & Defensive Driving Practices,"When preparing to change lanes, what checks should you perform?","a:Check your side and rearview mirrors, and glance over your shoulder to check blind spots.;b:Only check your rearview mirror.;c:Quickly turn your head without using mirrors.;d:Sound your horn before moving.",a,"Before changing lanes, check mirrors and then look over your shoulder immediately before moving to ensure no vehicle is in your blind spot.",easy
4,Safe & Defensive Driving Practices,What causes 'highway hypnosis'?,"a:Staring at the roadway for long periods and failing to actively scan.,b:Frequent rest stops during a long trip.,c:Getting too much sleep the night before driving.",a,"Highway hypnosis occurs when a driver stares ahead for long stretches and stops actively scanning, which can lead to zoning out and delayed reactions.",easy
2,Traffic Laws & Rules of the Road,"If another motorist is trying to pass your vehicle, what is the correct action?","a:Check for oncoming traffic and adjust your speed to allow safe passing.,b:Pull off the road immediately.,c:Signal when you want the other driver to pass.",a,"When another driver is passing, stay in your lane, check for oncoming traffic, and adjust speed if necessary to let them return to their lane safely.",easy
3,"Signs, Signals and Road Markings",What does a solid yellow line beside your lane signify?,"a:Slow down.,b:Pass with caution.,c:Do not pass.",c,A solid yellow line next to your lane indicates passing is prohibited from your direction.,easy
5,Driving in Special Conditions,Which is important for safe night driving?,"a:Increase your following distance.,b:Never drive if you are tired.,c:Ensure your headlights work.",a,"At night, increase following distance to allow more reaction time, be well-rested, and verify all lights are functioning.",easy
8,Special Situations & Road Users,Why must drivers take care when passing bicyclists?,"a:You are moving faster than the bicycle.,b:The bicycle always has the right-of-way.,c:Oncoming traffic may not see you pull out to pass.",c,"Cyclists may swerve to avoid obstacles and oncoming traffic may not see you pull out to pass, so give bicycles plenty of space.",easy
5,Driving in Special Conditions,Why must drivers be more careful at night?,"a:Traffic moves faster at night.,b:There is more traffic at night.,c:Drivers cannot see as well at night.",c,"Reduced visibility at night makes it harder to see hazards, pedestrians, and other vehicles. Use headlights and increase caution.",easy
4,Safe & Defensive Driving Practices,Why should you avoid following too closely behind another vehicle?,a:You may not see the road between the cars.;b:You might not have time to stop if the car ahead brakes suddenly.;c:You may miss the vehicle's turn signals.;d:It helps you travel faster.,b,"Following too closely reduces your reaction time and braking distance, increasing the risk of collision if the vehicle ahead stops suddenly.",easy
5,Driving in Special Conditions,Which recommendation does NOT promote safe night driving?,a:Having heavily tinted windows that reduce visibility at night is safe.;b:Keep the windshield clean to reduce glare.;c:Carry a flashlight in the vehicle for emergencies.;d:Be aware that tinted windows can reduce darkness visibility.,a,Tinted windows reduce nighttime visibility and are not advisable for safe night driving; keep windshield clean and carry a flashlight.,easy
4,Safe & Defensive Driving Practices,Which practice can help reduce road rage and aggressive driving?,a:Allow extra travel time so you are not rushed.;b:Tailgate slower drivers to keep traffic moving.;c:Refuse to use turn signals so others adapt.;d:Speed up to pass slower drivers quickly.,a,"Allowing extra travel time, obeying speed limits, and using signals can reduce stress and incidents of aggressive driving.",easy
3,"Signs, Signals & Road Markings",What does an octagonal (eight-sided) traffic sign always indicate?,"a:Speed limit sign.,b:Hospital sign.,c:Stop sign.,d:Yield sign.",c,"An octagonal, eight-sided sign always means STOP — come to a complete stop at the sign and proceed when safe.",easy
5,Driving in Special Conditions,"To help relieve fatigue on a long trip, which practice is recommended?","a:Stop for a rest every two hours or sooner if drowsy.,b:Drive continuously and only stop for fuel every five hours.,c:Open a window and drive with music loud.,d:Keep driving but sip strong coffee.",a,"Take frequent breaks on long trips; if drowsy, stop in a safe place to rest or sleep rather than continuing to drive.",easy
3,"Signs, Signals & Road Markings",A flashing red traffic signal requires drivers to:,"a:Stop and then proceed when the way is clear, just like a stop sign.;b:Slow down but not stop.;c:Yield only to vehicles from the right.;d:Proceed as if it's a green light.",a,Treat a flashing red signal as a stop sign: come to a complete stop and go when safe.,easy
7,Vehicle Ownership & Responsibilities,"If you leave your vehicle unattended, you must:","a:Turn off the engine, lock the ignition, remove the key, and set the parking brake.;b:Leave the engine running to keep accessories on.;c:Leave the key in the ignition for a short errand.;d:Only lock the doors without removing the key.",a,"When leaving a vehicle unattended, turn off the engine, lock the ignition, remove the key, and set the parking brake.",easy
2,Traffic Laws & Rules of the Road,What does a posted speed limit represent?,"a:The maximum or minimum legal speed under ideal conditions.,b:The maximum legal speed you can travel under dangerous conditions.,c:A suggested safe speed for wet conditions.,d:The speed you must always drive regardless of conditions.",a,A speed limit is the maximum or minimum legal speed under ideal conditions; you must drive more slowly when conditions make the posted speed unsafe.,medium
5,Driving in Special Conditions,Why is night driving more difficult than daytime driving?,"a:Visibility is reduced in the dark, decreasing field of vision.;b:Cars overheat more quickly at night.;c:It is always raining at night.;d:There are more pedestrians at night than day.",a,"Reduced visibility at night limits how far ahead you can see, which requires slower speeds and proper headlight use.",easy
3,"Signs, Signals & Road Markings",A regulatory sign with a red circle and slash through a symbol indicates:,"a:An action is forbidden.,b:Drivers should come to a complete stop.,c:Some drivers must yield to others.,d:That the road is closed.",a,A red circle with a slash over a black symbol means the depicted action is prohibited.,easy
7,Vehicle Ownership & Responsibilities,Which factor greatly affects your ability to stop?,"a:Road conditions, such as wet or slippery surfaces.;b:The color of your vehicle.;c:The number of passengers in the car.;d:The time of day only.",a,Stopping ability is strongly influenced by road surface condition—reduce speed on poor surfaces to maintain control.,easy
2,Traffic Laws & Rules of the Road,What must you do when a traffic signal turns green?,"a:Yield the right-of-way to pedestrians.,b:Accelerate as quickly as possible.,c:Back up slowly.",a,"A green light means you may go, but first yield to pedestrians and to traffic already in the intersection.",easy
5,Driving in Special Conditions,"Of the following, which is hardest to see at night?","a:Pedestrians.,b:Road signs.,c:Other motorists.,d:Streetlights.",a,Pedestrians are the hardest to see at night compared to signs and other roadside objects; extra caution is required.,difficult
2,Traffic Laws & Rules of the Road,"When is it safe to pass on a two-way, two-lane road?","a:When you can clearly see the road ahead.,b:When you can return to your lane before meeting oncoming traffic.,c:When your vehicle can reach the speed required to pass.,d:Only if all three of the above are true.",d,"You may pass only when you can see clearly ahead, can re-enter your lane before encountering oncoming traffic, and your vehicle can complete the pass safely.",difficult
2,Traffic Laws & Rules of the Road,When should you signal before passing another vehicle?,"a:Early enough that other drivers know your intent.,b:Just after you start passing.,c:Only when traffic is heavy.,d:Only if the vehicle is small.",a,Signal well before you begin the maneuver so others have time to react.,easy
6,"Alcohol, Drugs & Impaired Driving",Drivers who have consumed alcohol before driving:,"a:Do not have sufficient control over their bodies, minds, or vehicle handling.;b:Are better drivers because they are more careful.;c:Are always aware of the risks they are taking.;d:Have faster reaction times than sober drivers.",a,"Alcohol impairs judgment, coordination, vision, and reaction time; it is unsafe to drive after consuming alcohol.",easy
5,Driving in Special Conditions,"When driving on potentially slippery roads, you should:",a:Reduce your following distance and avoid sudden speed changes.;b:Always drive at the maximum posted speed.;c:Use cruise control to keep a constant speed.;d:Make abrupt steering corrections to stay in lane.,a,"On slippery surfaces, reduce speed, avoid sudden maneuvers, and increase the space between you and other vehicles.",medium
2,Traffic Laws & Rules of the Road,"On an interstate, before changing lanes you should:","a:Always use cruise control.,b:Stop on the shoulder if tired.,c:Signal, check mirrors, and check blind spots before changing lanes.,d:Change lanes frequently to stay alert.",c,"Signal, check mirrors, and look over your shoulder to check blind spots before lane changes; use cruise control with caution.",medium
3,"Signs, Signals & Road Markings",Pentagonal signs are used to indicate:,a:School zones and school crossings.;b:No passing zones.;c:Speed limits.;d:Pedestrian-only areas.,a,A five-sided (pentagonal) sign indicates a school zone or school crossing—exercise extra caution near schools.,easy
2,Traffic Laws & Rules of the Road,What does a steady yellow arrow indicate?,"a:Merge into the lane indicated by the arrow.,b:Slow and stop if safe to do so.,c:You may turn left after yielding to oncoming traffic.",b,A steady yellow arrow warns that a red arrow is coming; drivers should stop unless they are already in the intersection or cannot stop safely.,medium
7,Vehicle Ownership & Responsibilities,"If you must stop along the road at night, what lights should be used?","a:Use your emergency flashers and keep your low-beam headlights on so others can see you.,b:Turn off all lights to conserve battery.,c:Use only parking lights.,d:Use high beams to warn others.",a,"When stopped at night, turn on emergency flashers and keep low beams on so other road users can see the vehicle.",easy
2,Traffic Laws & Rules of the Road,"If a vehicle is tailgating you, what should you do?","a:If no right lane exists, wait until the road ahead is clear and gradually slow to encourage them to pass.;b:Immediately slow down abruptly to warn them.;c:Sound your horn and stay in your lane.;d:Move into the right lane if one is available.",a,"If someone is following too closely, move to the right lane if possible; if not, wait until the road ahead is clear and slow down gradually so the tailgater can pass. Never brake suddenly.",easy
4,Safe & Defensive Driving Practices,"If another car is about to hit you, what action should you take to warn them?",a:Sound your horn to alert the other driver or pedestrian.;b:Wave your arms out the window.;c:Turn on your emergency flashers only.;d:Shout from inside your vehicle.,a,Use your horn to warn others when you think they may not see you and a collision is imminent.,easy
3,"Signs, Signals & Road Markings",Signs that require drivers to obey an instruction are called:,a:Regulatory signs.;b:Warning signs.;c:Information signs.;d:Guide signs.,a,"Regulatory signs convey laws and rules (e.g., speed limits, stop signs) that drivers must obey.",easy
4,Safe & Defensive Driving Practices,"If another driver cuts you off, the best reaction is to:",a:Flash your high beams and chase them.;b:Pull up beside them and shout.;c:Let it go and continue driving safely.;d:Brake-check them to teach a lesson.,c,Avoid road rage—don’t take it personally; continue driving safely and let minor offenses go.,easy
4,Safe & Defensive Driving Practices,How can stress affect your driving performance?,"a:It can reduce your ability to concentrate and impair driving judgment.,b:It decreases your chances of an accident.,c:It will make you fall asleep at the wheel.,d:It improves your reaction time.",a,Strong emotions and stress reduce concentration and decision-making ability; avoid driving when emotionally impaired.,easy
2,Traffic Laws & Rules of the Road,"Before turning left, what is an important right-of-way consideration?",a:Yield to oncoming vehicles and pedestrians before completing the turn.;b:Sound your horn to warn others.;c:Swing to the right side of your lane to prepare.;d:Cut across lanes to get into position quickly.,a,Yield to oncoming traffic and pedestrians before making a left turn to avoid collisions.,easy
8,Special Situations & Road Users,"On a divided multilane highway when you hear or see an approaching emergency vehicle, you should:","a:Stop immediately where you are.,b:Slow down, move to provide a clear path, and stop.,c:Disregard the signal if other lanes exist.,d:Speed up to clear the lane.",b,"If safe, move over and stop to give a clear path to approaching emergency vehicles.",easy
2,Traffic Laws & Rules of the Road,From which lane should you begin a left turn from a multilane one-way street?,"a:The right lane.,b:The center lane.,c:The left lane.,d:Either lane is acceptable.",c,"On a one-way street or multilane road, begin left turns from the left-most lane unless signs indicate otherwise.",medium
4,Safe & Defensive Driving Practices,What is the act of turning your head to check blind spots before changing lanes called?,"a:A good driving habit and necessary for safe lane changes.,b:A bad driving habit.,c:Unnecessary if you have mirrors.,d:An illegal maneuver.",a,Checking blind spots by briefly turning your head is a safe driving habit and should be done before lane changes or merging.,easy
4,Safe & Defensive Driving Practices,Which is a safe technique for driving through a curve?,a:Slow down before entering the curve and accelerate gradually as you exit.;b:Speed up before entering and slow down while exiting.;c:Maintain the exact same speed throughout regardless of curve severity.;d:Brake hard in the middle of the curve to stay controlled.,a,Reduce speed before entering a curve and then gradually increase as you exit to maintain control and traction.,medium
8,Special Situations & Road Users,"After stopping for a school bus that is unloading children, what should you do before proceeding?","a:Watch carefully for children walking along the side of the road before moving.,b:Proceed as soon as the bus door closes regardless of children.,c:Accelerate quickly to pass the bus.,d:Honk to alert children to move aside.",a,"After a school bus with its stop arm extended has stopped, watch for children who may be walking near the roadway before proceeding.",easy
4,Safe & Defensive Driving Practices,What should you never do while stopped in a travel lane?,"a:Stop to drop off passengers.,b:Stop to look up an address.,c:Make a U-turn or back up if you missed an exit.,d:All of the above.",d,"Do not stop in a travel lane; if you miss an exit, continue to the next safe turnaround instead of reversing or stopping.",easy
6,"Alcohol, Drugs & Impaired Driving",Which substances can impair driving and lead to DUII charges?,"a:Beer, wine, and liquor.,b:Illegal drugs and certain prescription medications.,c:Inhalants like glue or paint.,d:All of the above.",d,"Alcohol, illegal drugs, inhalants, and many prescription or over-the-counter medicines can impair driving and result in DUII.",easy
3,"Signs, Signals & Road Markings",Guide signs that show directions and mileage typically have what color background?,a:Green.;b:Yellow.;c:Red.;d:Blue.,a,Guide signs (destination signs) have a green background and provide directional and mileage information to drivers.,easy
1,Licensing & Permit Requirements,"When riding in a vehicle, are small children safe if held by an adult instead of using a child restraint?","a:Yes, if the adult is strong.,b:No — children must be in proper child restraint seats.,c:Yes, if seated on the floor.,d:Yes, if the vehicle is moving slowly.",b,Children must be secured in appropriate child safety seats; holding a child is not safe in a crash or sudden stop.,easy
4,Safe & Defensive Driving Practices,What is the typical effect of driving while distracted?,"a:It usually causes the driver to react more slowly to hazards.,b:It is never dangerous.,c:It usually causes the driver to drive faster.",a,"Distractions reduce a driver's ability to detect and respond to hazards, increasing crash risk.",easy
2,Traffic Laws & Rules of the Road,Who must you yield to when entering a roundabout?,"a:Vehicles already in the roundabout.,b:Bicyclists inside the roundabout only.,c:Pedestrians only.",a,When entering a roundabout you must yield to traffic already circulating as well as to pedestrians and bicyclists crossing the approach.,medium
5,Driving in Special Conditions,What usually causes hydroplaning?,"a:Sudden turns.,b:Walking on the road.,c:Excessive speed on wet surfaces.,d:Overuse of brakes.",c,"Hydroplaning happens when tires cannot scatter water fast enough, usually at higher speeds, causing loss of traction.",medium
6,"Alcohol, Drugs & Impaired Driving",What is the illegal minimum blood alcohol concentration (BAC) for drivers age 21 or older in West Virginia?,"a:0.02 percent.,b:0.05 percent.,c:0.08 percent.,d:0.10 percent.",c,Drivers aged 21 or older are legally impaired at a BAC of 0.08% or higher.,easy
2,Traffic Laws & Rules of the Road,The space you need to cross oncoming traffic safely depends on:,"a:Road and weather conditions and the amount of oncoming traffic.,b:Whether you used your turn signal.,c:The color of your vehicle.,d:The presence of a crosswalk only.",a,"Crossing traffic safely depends on road surface, weather, and how much oncoming traffic there is and at what speed.",easy
7,Vehicle Ownership & Responsibilities,"When parked facing downhill, how should your front wheels be turned?",a:Turned toward the curb.;b:Aiming straight ahead.;c:Turned away from the curb.;d:Turned partially toward the center of the road.,a,"When parked downhill, turn your wheels toward the curb so if the vehicle rolls it will be stopped by the curb rather than rolling into traffic.",easy
2,Traffic Laws & Rules of the Road,"When the traffic light turns from green to yellow as you approach an intersection, what should you do?","a:Speed up to beat the red.,b:Apply brakes sharply to stop immediately.,c:Prepare to stop safely unless already in the intersection.,d:Stop in the center of the intersection.",c,"A steady yellow warns that red is coming; slow and stop safely if you can do so, unless you're already in the intersection.",easy
6,"Alcohol, Drugs & Impaired Driving",How serious is drinking alcohol and driving?,"a:A minor traffic safety problem.,b:A serious traffic safety problem.,c:Safe if only a few drinks are consumed.,d:Only an issue for inexperienced drivers.",b,Driving after drinking is a serious safety hazard and significantly raises the likelihood of crashes and injuries.,easy
3,"Signs, Signals & Road Markings",What do double solid yellow lines in the center of the road mean?,"a:Passing is permitted for both directions.,b:Passing is not permitted from either direction.,c:You must stop before proceeding.,d:One-way traffic ahead.",b,Double solid yellow lines separate opposite directions and prohibit passing from either side except in limited turning situations.,easy
8,Special Situations & Road Users,When must you pull over and allow an emergency vehicle to pass?,"a:Only if it is following you.,b:Only if it is approaching from the opposite direction.,c:Regardless of the direction it's coming from.,d:Only if it has a siren but no lights.",c,You must pull over to the right edge and stop for emergency vehicles with flashing lights or sirens regardless of their direction.,easy
5,Driving in Special Conditions,"If a vehicle with Anti-Lock Braking System (ABS) begins to lose traction, what should the driver do?","a:Press and hold the brake pedal firmly and steer out of danger; do not pump the brakes.,b:Pump the brakes rapidly to simulate ABS.,c:Release the brake and then reapply it repeatedly.,d:Switch off the ABS system immediately.",a,"With ABS, press and hold the brake; the system will modulate braking automatically while you steer to safety.",medium
2,Traffic Laws & Rules of the Road,"At a stop sign, what is the correct visual check order before proceeding?","a:Look left, then right, then left again.,b:Look right first, then left, then right again.,c:Check the rearview mirror, then go.,d:Move when the vehicle ahead moves.",a,"When stopped, check left first because traffic from that direction will be closest; then check right, and left again before proceeding.",easy
3,"Signs, Signals & Road Markings",A steady green traffic light means:,a:You may proceed through the intersection if the road is clear.;b:You must slow and prepare to stop.;c:You must stop and look for a green arrow.;d:You may only turn right.,a,A steady green light allows you to go through the intersection when clear; turning movements still require yielding to pedestrians and other traffic.,easy
7,Vehicle Ownership & Responsibilities,Seat belts are most effective when worn by:,"a:All occupants of the vehicle, regardless of seating position.;b:Only the driver.;c:Only passengers on long trips.;d:Just front-seat occupants during the day.",a,Seat belts protect all occupants—ensure every person in the vehicle is properly restrained for the best safety outcome.,easy
8,Special Situations & Road Users,What is meant by the term 'No zone' around large trucks or buses?,"a:A term used to describe blind spots around a truck or bus.,b:A roadway with restrictions on vehicle stereo volume.,c:A special speed zone.",a,"The 'No zone' refers to the large blind spots around trucks and buses—on the sides, in front, and behind—where smaller vehicles may not be seen by the truck or bus driver.",easy
7,Vehicle Ownership & Responsibilities,Which of the following is true about seat belts and child restraints?,a:Never place a rear-facing infant seat in a front seat with an active passenger airbag.;b:Airbags are always safe for infants and small children.;c:Seat belts are unnecessary for short trips.;d:Children 12 and under should always sit in the front seat.,a,Children 12 and under should ride in the rear seat properly restrained; never place a rear-facing infant seat in front of an active airbag.,easy
7,Vehicle Ownership & Responsibilities,What do your brake lights communicate to other drivers?,"a:You are making a turn.,b:You are slowing down or stopping.,c:You have your emergency brake on.,d:You are changing lanes.",b,Brake lights indicate to drivers behind you that you are slowing or stopping; keep them maintained.,easy
4,Safe & Defensive Driving Practices,When should you look over your shoulder to check your vehicle's blind spot?,"a:Whenever you are changing lanes, turning, or pulling toward/away from a curb.,b:Only when parking.,c:Only on highways when passing another vehicle.,d:Every five minutes while driving.",a,Check blind spots by turning your head to view areas not covered by mirrors whenever changing the vehicle's position.,easy
4,Safe & Defensive Driving Practices,"When preparing to change lanes, what important actions should you take?","a:Signal early, check your blind spot, and ensure the lane is clear before entering.,b:Signal only as you start the lane change.,c:Make rapid lane changes to minimize time in adjacent lanes.,d:Turn your headlights on to warn other drivers.",a,"Signal ahead of time, turn and check blind spots, and confirm the lane is clear before moving over.",easy
5,Driving in Special Conditions,"When driving in fog, which of the following should you do?","a:Use high beam headlights for better illumination.,b:Drive cautiously, reduce speed, and use low beam headlights.,c:Turn on hazard lights and increase speed.,d:Follow the vehicle ahead closely.",b,"In fog, slow down, drive cautiously, and use low beams — high beams will reflect and reduce visibility.",medium
2,Traffic Laws & Rules of the Road,What is the proper action if you miss your interstate exit?,"a:Quickly cross lanes to make the exit.,b:Make a U-turn to return to the exit.,c:Continue to the next exit and leave there.",c,"If you miss an exit, do not stop or back up. Continue to the next exit and safely return to your destination.",easy
2,Traffic Laws & Rules of the Road,Passing is prohibited in which locations?,"a:On hills, curves, at intersections, and at railroad crossings.;b:Only in school zones.;c:Only on multi-lane highways.;d:Only when signs say no passing.",a,"Passing is unlawful and unsafe on hills, curves, intersections, and railroad crossings, and in designated no-passing zones.",easy
5,Driving in Special Conditions,You should drive below the posted speed limit when:,"a:Anything makes road conditions less than perfect (wet, slippery, poor visibility).;b:You see a police car only.;c:You are entering a highway with other cars.;d:Traffic is flowing faster than the limit.",a,"Reduce your speed below the posted limit whenever conditions (weather, visibility, road surface) make driving less than ideal.",easy
8,Special Situations & Road Users,"If an emergency vehicle with flashing lights is traveling in your area, what should you do?","a:Speed up to create distance.,b:Stop immediately in your lane.,c:Make every effort to give the emergency vehicle a clear path of travel.,d:Maintain your speed and lane.",c,Pull over or otherwise clear the path for emergency vehicles so they can reach their destination quickly and safely.,easy
7,Vehicle Ownership & Responsibilities,"If involved in a crash, what should a driver do at the scene?","a:Stop at or near the scene and move out of traffic if possible.,b:Stand or walk in traffic lanes to direct cars.,c:Leave without leaving information.,d:Drive away slowly and report later.",a,Stop and secure the scene; avoid standing in traffic lanes and turn off ignitions of wrecked vehicles when safe to do so.,medium
2,Traffic Laws & Rules of the Road,What should you do before and after passing another vehicle?,"a:Check your mirrors and blind spots.,b:Sound your horn three times.,c:Move back into the lane within 10 feet of the passed vehicle.",a,"Before passing, check mirrors and blind spots and signal; re-enter your lane only when you can see the passed vehicle in your rearview mirror.",easy
3,"Signs, Signals & Road Markings",What color lines divide lanes of traffic moving in the same direction?,"a:White.,b:Yellow.,c:Red.,d:Blue.",a,White lines separate lanes of traffic moving in the same direction; yellow separates opposite directions.,easy
7,Vehicle Ownership & Responsibilities,"When approaching a railroad crossing warning sign, you should:","a:Be prepared to stop if a train is nearby.,b:Look for a way around lowered gates.,c:Drive faster than the train.,d:Ignore it if no train is visible.",a,Railroad warning signs alert you to the possible presence of trains; be prepared to stop and obey crossing devices.,medium
2,Traffic Laws & Rules of the Road,"On a highway divided by two solid yellow lines, when may you cross those lines?","a:Only to make a left turn into or from a private road, driveway, or alley.,b:To pass slower traffic when safe.,c:Whenever traffic ahead is moving slowly.,d:To pass bicyclists at any time.",a,"Double solid yellow lines prohibit passing; crossing is allowed only to make left turns into driveways, alleys, or private roads.",easy
8,Special Situations & Road Users,"At a railroad crossing with only a crossbuck and no gates or flashing lights, you should:","a:Approach with extreme caution and cross only when you are sure no train is coming.,b:Turn up the radio to listen for an approaching train.,c:Assume trains will always stop for vehicles.,d:Drive quickly across to minimize time on the tracks.",a,"If there are no active warnings, look and listen carefully in both directions and cross only when clear.",medium
7,Vehicle Ownership & Responsibilities,Is it legal to consume alcoholic beverages in a vehicle on a public highway?,"a:Yes, if you are not driving.,b:Yes, if riding in the back seat.,c:No — it's illegal to consume or possess open containers on public roads.,d:Yes, only in pickup truck beds.",c,Possessing or consuming open alcoholic beverages in areas of a vehicle normally occupied by driver or passengers on public roads is prohibited.,easy
3,"Signs, Signals & Road Markings",What must a driver do when approaching a flashing red traffic signal?,"a:Slow down and proceed without stopping.,b:Stop, yield to traffic and pedestrians, and proceed when safe.,c:Merge to the right and continue.,d:Stop only if other vehicles are present.",b,"A flashing red light means stop, yield, and go only when the intersection is clear and safe.",easy
2,Traffic Laws & Rules of the Road,How should you approach an uncontrolled intersection?,"a:Slow down, cover the brake, look left-right-left, and be prepared to yield—yielding to vehicles from the right.,b:Maintain your speed and proceed without checking.,c:Stop in the center of the road and wait for others to pass.,d:Only yield if you see a stop sign.",a,"At an uncontrolled intersection take your foot off the accelerator, cover the brake, look left-right-left, and yield to vehicles from the right as necessary.",medium
7,Vehicle Ownership & Responsibilities,How can you ensure your physical condition won't make driving unsafe?,"a:Know how any medicines affect your driving, keep fit, and drive within your limitations.;b:Only drive when perfectly healthy with no medications ever.;c:Ignore minor physical issues and drive anyway.;d:Rely on passengers to handle driving if you feel unwell.",a,"Be aware of how medications affect you, maintain fitness, have medical checks as needed, and drive within your physical capabilities.",medium
6,"Alcohol, Drugs & Impaired Driving",What is the only effective method to lower your BAC?,"a:Drink coffee.,b:Exercise.,c:Allow your body time to remove the alcohol.",c,"The only way to lower BAC is to allow time for the body to metabolize the alcohol. Coffee, exercise, or cold showers do not reduce BAC.",easy
2,Traffic Laws & Rules of the Road,When entering a roadway from a private road or driveway you should:,a:Yield the right-of-way to pedestrians and vehicles already on the roadway.;b:Drive quickly to merge with traffic.;c:Stop with part of your car in the roadway to warn others.;d:Blow your horn to alert traffic.,a,Yield to traffic and pedestrians when entering a street from a private road or driveway—do not force your way into traffic.,easy
4,Safe & Defensive Driving Practices,Which in-vehicle distraction most increases crash risk?,"a:Using a cell phone, including hands-free calls.,b:Playing the radio at moderate volume.,c:Using a CD player to change tracks occasionally.,d:Adjusting the seat before driving.",a,"Cell phone use, even hands-free, significantly distracts drivers and raises crash risk.",easy
6,"Alcohol, Drugs & Impaired Driving",What helps a person overcome the effects of alcoholic drinks?,"a:Only the passage of time.,b:Hot coffee and fresh air.,c:Tomato juice and lime.,d:Exercising vigorously.",a,Only time will reduce the blood alcohol content; remedies like coffee or fresh air do not speed up alcohol metabolism.,easy
8,Special Situations & Road Users,"When you hear a fire engine siren behind you, you must:","a:Slow down and continue driving.,b:Drive with your flashers on.,c:Pull over to the side of the road and stop.,d:Speed up to get out of the way.",c,"Upon hearing an emergency vehicle siren, pull to the curb or side of the road and stop to allow it to pass.",easy
4,Safe & Defensive Driving Practices,What is the proper method to check your blind spot before changing lanes?,"a:Look over your shoulder in the direction you plan to move.,b:Look into the rearview mirror.,c:Look into the side mirror only.,d:Use your peripheral vision without turning your head.",a,"To confirm no vehicle is in your blind spot, physically turn and look over your shoulder toward the lane you intend to enter.",easy
4,Safe & Defensive Driving Practices,Which factor does vehicle stopping distance NOT depend on?,"a:The time of day.,b:Your reaction time.,c:The condition of your brakes.,d:The road surface and weather.",a,"Stopping distance depends on reaction time, vehicle weight, brakes, tires, roadway conditions, and speed; it does not depend on the time of day.",medium
2,Traffic Laws & Rules of the Road,"Before turning, you should:",a:Use your signal several seconds before making the turn.;b:Increase your speed to create a gap.;c:Turn the wheel abruptly without signaling.;d:Honk to warn other drivers before turning.,a,Activate your turn signal about three to four seconds before turning to give other road users time to react.,easy
6,"Alcohol, Drugs & Impaired Driving","On average, how much alcohol does the human body eliminate per hour?","a:About one standard drink per hour.,b:About three drinks per hour.,c:About two drinks per hour.,d:None; alcohol is eliminated instantly.",a,"The average person metabolizes roughly one standard drink per hour, though many factors affect this rate.",medium
5,Driving in Special Conditions,"If you become stranded in a snowstorm, what is the best action?","a:Get out of the car and walk for help.,b:Stay in your car and wait for help.,c:Lay down in the car and sleep.,d:Stand on the road to signal other drivers.",b,"Remain in your vehicle, run the engine sparingly for heat, and wait for rescue; you're easier to find in the car.",medium
4,Safe & Defensive Driving Practices,"If you begin feeling drowsy while driving, the safest choice is to:",a:Open a window to get fresh air.;b:Stop driving and rest.;c:Drink coffee and continue driving.;d:Turn up the radio and keep going.,b,"Fatigue poses a serious risk similar to impairment from alcohol. If you feel tired while driving, stop and rest rather than trying short-term fixes.",easy
2,Traffic Laws & Rules of the Road,"If an officer is directing traffic at an intersection while lights are working, you should:",a:Follow the directions given by the officer rather than the traffic signals.;b:Follow the traffic light over the officer's instructions.;c:Honk to hurry the officer.;d:Ignore both and proceed with caution.,a,An officer's directions override traffic signals and must be followed to ensure orderly traffic flow and safety.,easy
3,"Signs, Signals & Road Markings","Approaching a flashing red traffic light, drivers should:",a:Treat it like a stop sign and come to a complete stop.;b:Continue through if no other traffic is present.;c:Increase speed to clear the intersection quickly.;d:Wait for a police officer to direct traffic.,a,"A flashing red signal requires a full stop and then proceeding when the way is clear, the same as a stop sign.",easy
5,Driving in Special Conditions,"When driving at night and another vehicle approaches, which headlight setting should you use?","a:High beams.,b:Low beams.,c:Parking lights only.,d:No lights.",b,Use low-beam headlights when approaching or following other vehicles to avoid blinding other drivers.,easy
4,Safe & Defensive Driving Practices,"If an oncoming vehicle is heading toward you in your lane, what actions should you take?","a:Blow your horn, steer to the right, and brake.;b:Blow your horn, steer left, and accelerate.;c:Slow down and maintain course, hoping they correct their path.;d:Stop immediately and open your door.",a,"If a vehicle is in your lane, honk to attract attention, steer right to avoid a head-on collision, and brake firmly; avoid swerving left into oncoming traffic.",medium
5,Driving in Special Conditions,What should you do first if you must slow on a slippery surface?,"a:Apply the brakes firmly.,b:Take your foot off the gas pedal.,c:Apply the parking brake.",b,"On slippery roads, first ease off the accelerator to slow down gradually; if necessary, apply brakes gently and progressively.",medium
3,"Signs, Signals & Road Markings",Regulatory traffic signs are usually what color and how should drivers treat them?,"a:White and they must always be obeyed.,b:Blue and they are optional.,c:Green and they are only suggestions.,d:Yellow and they warn of hazards.",a,Regulatory signs typically have a white background with black markings and convey rules that drivers must obey.,easy
2,Traffic Laws & Rules of the Road,When is it permissible to cross solid yellow center lines?,"a:Only to make a left turn into or from a private road, driveway, or alley.,b:At any time to pass slower traffic.,c:Only during daylight hours.,d:To pass another vehicle on a hill.",a,"Solid yellow lines generally prohibit passing; you may cross them to make a left turn into or from a driveway, alley, or road.",medium
2,Traffic Laws & Rules of the Road,"What is required to pass a slower vehicle on a two-lane, two-way road?","a:You must use the lane belonging to oncoming traffic to complete the pass when it is safe and legal.,b:Never cross the centerline to pass.,c:Use the shoulder to pass when it is clear.,d:Flash your lights to tell the other vehicle to speed up.",a,"Passing on a two-lane, two-way road normally requires moving into the oncoming traffic lane; only pass when it is safe and legal.",difficult
5,Driving in Special Conditions,"On slick roads, you should:",a:Take turns more slowly than usual and avoid abrupt maneuvers.;b:Accelerate quickly to maintain control.;c:Change lanes rapidly to avoid hazards.;d:Drive the same as on dry roads.,a,Slow down and take turns more cautiously on slippery roads to reduce the risk of skidding.,easy
4,Safe & Defensive Driving Practices,Any activity that requires you to do which of these could lead to a crash?,"a:Take your eyes off the road,b:Take your hands off the wheel,c:Take your attention away from driving.",c,"Distractions that take your eyes off the road, hands off the wheel, or attention away from driving increase the risk of a crash.",easy
3,"Signs, Signals & Road Markings",What is the correct top-to-bottom order for vertically arranged traffic lights?,"a:Red, yellow, green.;b:Green, yellow, red.;c:Yellow, red, green.;d:Red, green, yellow.",a,"On vertical traffic signals, red is at the top, yellow in the middle, and green at the bottom; horizontally, red is always on the left.",easy
8,Special Situations & Road Users,"Approaching a railroad crossing with flashing signals, what is the correct action?","a:Stop no closer than 15 feet from the nearest rail while the signals warn of an approaching train.,b:Slow down and proceed if you do not see a train.,c:Speed through if you can clear the tracks quickly.,d:Cross and then look back for trains.",a,"If warning lights are flashing, stop at least 15 feet from the nearest rail and wait until it is safe to cross.",easy
5,Driving in Special Conditions,What's the best way to avoid hydroplaning?,a:Slow down when roads are wet and avoid standing water; keep tires properly maintained.;b:Use cruise control to stabilize speed.;c:Drive faster to pass over water quickly.;d:Inflate tires beyond recommended pressure to shed water.,a,"Reduce speed in wet conditions, avoid standing water, and ensure tires are in good condition to lower hydroplaning risk.",medium
3,"Signs, Signals & Road Markings",A flashing yellow light at an intersection means:,"a:Stop and wait for a green light.,b:Slow down and proceed with care.,c:Continue through at normal speed.,d:Yield only to pedestrians.",b,"A flashing yellow indicates you should slow down, look, and proceed with caution.",easy
7,Vehicle Ownership & Responsibilities,What best ensures safety when you back your vehicle?,a:Walk behind and check for obstacles before getting into the driver's seat.;b:Rely solely on rearview mirrors and backup camera.;c:Honk continuously while reversing.;d:Back rapidly to finish quickly.,a,"Because visibility behind the vehicle is limited, walk to the rear to check for children or objects before backing.",easy
4,Safe & Defensive Driving Practices,"When executing a turn, what should you do with your speed?","a:Reduce your speed to maintain control.,b:Increase your speed to complete the turn sooner.,c:Maintain the same speed you had before turning.,d:Vary your speed randomly during the turn.",a,"When turning, slow to a speed that lets you maintain control, stay within your lane, and react to unexpected situations.",easy
7,Vehicle Ownership & Responsibilities,"If you are involved in a serious crash, which actions are required?","a:Stop, determine if anyone is injured, and call the police if necessary.;b:Continue driving if damage appears minor.;c:Only move the vehicles and do not call the police.;d:Report the crash only if you feel at fault.",a,"Stop your vehicle, check for injuries, call emergency services when needed, and report crashes to law enforcement when there is injury, death, or significant property damage.",medium
4,Safe & Defensive Driving Practices,"If you are in the right lane of a multi-lane highway and want to move left, what should you do?","a:Check your mirrors, signal, and look over your left shoulder to check the blind spot before changing lanes.,b:Signal and change lanes without checking mirrors.,c:Only check your side mirror and then move left.,d:Accelerate and move left quickly.",a,"Always check mirrors, signal, and glance over the shoulder toward the lane you intend to enter to verify the blind spot is clear.",easy
1,Licensing & Permit Requirements,Which document must the driver present when stopped for a violation or equipment check?,"a:Proof of insurance.,b:Driver's license.,c:Proof of vehicle registration.",b,"When stopped, a driver must present their license; they should also have registration and proof of insurance available in the vehicle.",easy
8,Special Situations & Road Users,"As a pedestrian, what is the safest practice?","a:Do not step into a street or crosswalk if vehicles are approaching closely.,b:Always insist on your right-of-way no matter vehicle distance.,c:Cross at any point because drivers must stop.,d:Walk against traffic on sidewalks for safety.",a,"Even though pedestrians have rights in crosswalks, do not enter the roadway if an approaching vehicle is too close to safely stop.",easy
2,Traffic Laws & Rules of the Road,When is passing prohibited?,"a:At an intersection, on a hill or curve, and when school bus lights are flashing.;b:Only when a no-passing sign is posted.;c:Only when daytime visibility is poor.;d:Only on highways with multiple lanes.",a,"Do not pass on hills, curves, intersections, railroad crossings, or when a school bus has flashing red lights, or in other marked no-passing zones.",medium
5,Driving in Special Conditions,A work zone may be:,a:Stationary or moving and is marked with orange signs; drivers must slow down and pay extra attention.;b:Marked only with black and white signs.;c:Ignored if you are in a hurry.;d:Restricted to times of road construction only.,a,"Work zones can be stationary or moving (e.g., mowing) and are marked with orange signs—reduce speed and be alert.",medium
4,Safe & Defensive Driving Practices,"If your tire blows out while driving, what should you do?","a:Slam on your brakes.,b:Hold the steering wheel firmly, ease off the accelerator, and slow to a stop.,c:Keep driving at the same speed.,d:Turn off your headlights immediately.",b,"Grip the wheel, gradually reduce speed by easing off the gas, then brake lightly and pull to a safe area.",medium
2,Traffic Laws & Rules of the Road,Before changing lanes on a multilane highway you should first:,a:Turn on your headlights.;b:Reduce your speed by half.;c:Check your rearview and side mirrors and look over your shoulder for blind spots.;d:Sound your horn to warn others.,c,Always check mirrors and glance over your shoulder to ensure no vehicle is in your blind spot before changing lanes.,easy
2,Traffic Laws & Rules of the Road,Which of these is a location where parking is prohibited?,"a:Within 15 feet of a fire hydrant.,b:Within 20 feet of a fire hydrant.,c:Within 200 feet of a crosswalk at an intersection.,d:In a private driveway with permission.",a,Parking is prohibited within 15 feet of a fire hydrant; other restrictions include within 20 feet of a crosswalk at an intersection and within 50 feet of a railroad crossing rail.,medium
3,"Signs, Signals & Road Markings",You may pass another vehicle when the line dividing lanes is a ____ line.,"a:Double solid yellow.,b:Broken white.,c:Solid yellow.,d:Solid white.",b,Broken white lines separate lanes moving in the same direction and may be crossed to pass when safe.,easy
2,Traffic Laws & Rules of the Road,When is it illegal to drive below the speed limit?,"a:When driving slowly disrupts the normal flow of traffic.,b:When in a construction zone only.,c:Only in rural areas.,d:When you're tired.",a,Driving so slowly that you impede normal traffic flow can be illegal and hazardous.,medium
5,Driving in Special Conditions,Which statement about sudden weather changes is correct?,a:You should slow down in rain and fog.;b:You can drive the same as in clear weather.;c:You should increase your speed in rain to pass quickly.;d:You should ignore vehicles behind you in bad weather.,a,"When weather changes, adjust your driving—slow down in rain or fog and be aware of vehicles behind you that may not be adapting.",easy
3,"Signs, Signals & Road Markings",What does a flashing yellow traffic light mean?,"a:Stop and look for other vehicles, then go if clear.,b:Slow down and proceed with caution.,c:Stop and wait for a green light.,d:You have the right-of-way.",b,A flashing yellow light means caution — slow down and proceed carefully when safe.,easy
2,Traffic Laws & Rules of the Road,Which traffic signal requires you to come to a complete stop?,"a:A flashing red light.,b:A steady yellow light.,c:A yellow arrow.,d:A steady green light.",a,"A flashing red light has the same meaning as a stop sign: stop, then proceed when safe.",easy
8,Special Situations & Road Users,What can happen to a bicyclist who fails to obey traffic laws?,"a:They can be ticketed.,b:They are always correct because they are more vulnerable.,c:They will always receive just a warning from law enforcement.,d:They cannot be stopped by police.",a,Bicyclists have the same rights and responsibilities as motor vehicle drivers and may be ticketed for violations.,easy
2,Traffic Laws & Rules of the Road,"When merging onto a freeway from an on-ramp, the best practice is to:",a:Accelerate on the ramp to match the speed of freeway traffic and merge safely.;b:Proceed slowly and wait for an opening at a much lower speed.;c:Turn on hazard lights until fully merged.;d:Stop at the end of the ramp and wait for a gap.,a,Use the on-ramp to accelerate to freeway speed so you can blend with traffic; vehicles on the freeway have the right-of-way.,easy
8,Special Situations & Road Users,"On roads with no sidewalks, which side should a pedestrian walk on?","a:The side facing oncoming traffic (so they can see approaching vehicles).,b:The same side as traffic movement.,c:The side with the heaviest traffic.,d:The middle of the road for visibility.",a,Pedestrians should walk facing oncoming traffic when sidewalks are not available so they can see approaching vehicles.,easy
3,"Signs, Signals & Road Markings",How should you respond when approaching a flashing yellow traffic signal?,"a:Slow down and proceed with caution.,b:Come to a complete stop and wait.,c:Increase your speed to clear the area quickly.",a,A flashing yellow light warns of a hazard; you should slow down and proceed carefully without stopping unless necessary.,easy
7,Vehicle Ownership & Responsibilities,"If you are in an accident and someone is injured, what should you do?","a:Do not move the injured unnecessarily; keep them warm and administer first aid as appropriate until help arrives.,b:Always move injured people to the nearest sidewalk immediately.,c:Leave the injured and seek help elsewhere.,d:Forcefully reposition injured limbs to reduce pain.",a,Avoid moving injured persons unless their life is in danger from immediate hazards; keep them warm and provide first aid if trained.,medium
7,Vehicle Ownership & Responsibilities,Which measure may help drivers conserve gasoline?,"a:Slowing down and decelerating gradually rather than frequent hard braking.,b:Accelerating quickly whenever possible.,c:Idling the engine while parked to warm the car.,d:Driving with lower tire pressure than recommended.",a,Anticipating traffic and slowing gradually reduces unnecessary acceleration and improves fuel economy.,easy
6,"Alcohol, Drugs & Impaired Driving",What effect can result from combining alcohol with drugs?,"a:Decrease combined effects.,b:Increase the effects of both.,c:Help cure your illness.",b,"Combining alcohol and drugs can amplify impairing effects, making driving even more dangerous.",easy
3,"Signs, Signals & Road Markings",What is the most common color of warning signs?,a:Yellow.;b:Red.;c:Green.;d:Blue.,a,Warning signs are typically diamond-shaped and yellow with black markings to warn drivers about upcoming conditions.,easy
7,Vehicle Ownership & Responsibilities,What hazard can a leaking exhaust system create for vehicle occupants?,"a:It can make you drowsy or cause death from toxic fumes.,b:It causes excessive oil consumption.,c:It forces you to have tune-ups more often.",a,"A leaky exhaust can let carbon monoxide and other toxic gases enter the vehicle, causing drowsiness, unconsciousness, or death in a short time.",difficult
6,"Alcohol, Drugs & Impaired Driving",Blood alcohol concentration (BAC) is affected by all of the following EXCEPT:,"a:The type of alcoholic beverage you drink.,b:Your body weight.,c:How much alcohol you consume.,d:How much time passes between drinks.",a,"BAC depends on the amount of alcohol consumed, the time between drinks, and body weight; the type of drink (beer, wine, liquor) does not change the alcohol content absorbed by the body per unit of alcohol consumed.",medium
2,Traffic Laws & Rules of the Road,"If traffic signals are out at an intersection due to a power outage, you should:",a:Treat the intersection like a four-way stop and yield to others appropriately.;b:Turn on your hazard lights and proceed without stopping.;c:Park and wait for power to be restored.;d:Use hand signals to direct other vehicles.,a,"When signals are out, treat the intersection as a four-way stop—stop, then proceed when it's your turn and the way is clear.",medium
3,"Signs, Signals & Road Markings",An advisory speed sign for a curve should be treated how in bad weather?,"a:Reduce speed below the advisory limit when roads are wet, snowy, or icy.;b:Be ignored if you are comfortable driving faster.;c:Follow only when traffic is heavy.;d:Increase speed to maintain momentum.",a,Advisory speeds are for ideal conditions—reduce speed further when road or weather conditions are poor.,medium
4,Safe & Defensive Driving Practices,When preparing to change lanes you should not:,"a:Fail to check for other drivers who might be moving into the same lane.,b:Check side and rearview mirrors.,c:Signal to indicate your intentions.,d:Ensure the lane is clear before entering.",a,"Do not neglect checking for other drivers who may also be attempting to enter the same lane; always check mirrors, signal, and verify safety.",easy
3,"Signs, Signals & Road Markings",Lanes of traffic moving in opposite directions are divided by what color lines?,"a:Yellow lines.,b:White lines.,c:Red lines.,d:Blue lines.",a,Yellow pavement markings separate traffic moving in opposite directions; white lines separate same-direction lanes.,easy
4,Safe & Defensive Driving Practices,"In traffic, what is the safest speed choice relative to other vehicles?","a:Drive with the flow of traffic within the posted limits.,b:Drive faster than the flow of traffic to stay ahead.,c:Drive much slower than traffic to be cautious.,d:Vary speed frequently to stay alert.",a,Driving with the flow of traffic (within posted limits) reduces the chance of conflicts and collisions.,easy
2,Traffic Laws & Rules of the Road,You may proceed carefully through an intersection with a yellow light if:,"a:You are already within the intersection when the light turns yellow.,b:You are speeding to clear the intersection quickly.,c:There are pedestrians crossing.,d:You intend to make a U-turn.",a,"If you are already in the intersection when a steady yellow appears, continue through carefully; otherwise prepare to stop.",easy
2,Traffic Laws & Rules of the Road,To enter a freeway safely from an on-ramp you should:,"a:Signal, look for a gap in traffic, and merge at approximately the same speed as freeway traffic.,b:Stop at the end of the ramp and wait for cars to pull over.,c:Enter slowly and expect freeway traffic to yield.,d:Enter at any speed because entering traffic has the right-of-way.",a,Use the acceleration lane to match speeds and yield to existing freeway traffic while merging safely.,easy
4,Safe & Defensive Driving Practices,How does increasing your vehicle speed affect your field of vision?,"a:It decreases your field of vision, reducing your ability to detect hazards.,b:It increases your field of vision and awareness.,c:It makes it easier to see cross traffic.,d:Speed has no effect on vision.",a,Higher speeds narrow your field of vision and require greater alertness to detect hazards earlier.,easy
2,Traffic Laws & Rules of the Road,"If you reach an intersection where you wish to turn but are not in the correct lane, what should you do?","a:Proceed to the next intersection and make the turn from the proper lane.,b:Quickly cut across traffic to make the turn.,c:Turn from your current lane without signaling.,d:Back up to position yourself for the turn.",a,Do not make last-minute turns; continue to the next intersection and turn from the correct lane.,easy
7,Vehicle Ownership & Responsibilities,When must you stop at a railroad crossing?,"a:When directed by a flagger.,b:When controlled by a stop sign.,c:When flashing red signals and gates are operating.,d:All of the above.",d,Stop when instructed by a flagger or stop sign and whenever crossing signals/gates indicate a train is approaching.,medium
4,Safe & Defensive Driving Practices,Which factors affect braking distance?,"a:The vehicle's speed.,b:The condition of brakes and tires.,c:The pavement condition.,d:All of the above.",d,"Braking distance depends on speed, brake/tire condition, and road surface condition.",medium
8,Special Situations & Road Users,What is a 'No zone' in relation to large vehicles?,"a:The large blind spot areas around trucks where the truck driver cannot see you.,b:A designated no passing zone on highways.,c:A one-way traffic area on city streets.,d:A school bus loading area.",a,'No zones' are the truck's blind spots; avoid lingering beside or close behind large vehicles where the driver cannot see you.,easy
2,Traffic Laws & Rules of the Road,"If two vehicles arrive at a four-way stop at the same time, which vehicle has the right-of-way?","a:The vehicle on the right has the right-of-way; the vehicle on the left must yield.,b:The vehicle on the left has the right-of-way.,c:Both should proceed simultaneously without yielding.,d:Yield to the largest vehicle first.",a,"At a simultaneous arrival, the driver on the left yields to the driver on the right.",easy
6,"Alcohol, Drugs & Impaired Driving",How does alcohol affect your abilities as it accumulates in your blood?,"a:Makes you feel less confident.,b:Speeds up your reactions.,c:Slows down your reactions.,d:Improves coordination.",c,"Alcohol slows reaction time, increases overconfidence, and leads to more driving errors.",easy
4,Safe & Defensive Driving Practices,Many crashes are caused by drivers who:,"a:Travel too fast for the current road conditions.,b:Consistently check mirrors and blind spots.,c:Yield the right-of-way appropriately.,d:Follow all traffic laws.",a,Driving too fast for conditions is a common cause of crashes; adjust speed downward when conditions worsen.,easy
4,Safe & Defensive Driving Practices,How can you avoid needing to make emergency stops in traffic?,"a:Look ahead and maintain a safe following distance.,b:Honk frequently to alert others.,c:Drive only in the right lane.,d:Follow the car in front of you closely.",a,By watching far enough ahead and keeping a safe following distance you can anticipate hazards and avoid sudden emergency stops.,easy
4,Safe & Defensive Driving Practices,When should you increase your following distance?,"a:When following a large vehicle that blocks your view.,b:Only when exiting an expressway.,c:Only when behind a motorcycle.,d:Never; keep the same distance at all times.",a,"Increase following distance when a large vehicle blocks your vision, in bad weather, heavy traffic, or whenever you need more time to react.",easy
2,Traffic Laws & Rules of the Road,You want to turn left at a green light but heavy oncoming traffic exists. What should you do?,a:Enter the intersection and wait for a gap in traffic to complete your left turn.;b:Wait in the center until oncoming traffic clears only if you have room and the light is green.;c:Proceed into the crosswalk to wait for a gap.;d:Make a U-turn instead.,a,"If the light is green, you may enter the intersection when clear and then wait to complete your left turn when there is a safe gap; yield to oncoming traffic and pedestrians.",medium
2,Traffic Laws & Rules of the Road,"If turning onto a street with multiple lanes traveling in your direction, which lane should you enter?","a:The lane nearest to the lane you came from (the closest lane moving in your direction).,b:The far left lane always.,c:The middle lane only.,d:Any lane as long as you signal.",a,"When turning into a multi-lane street, complete the turn into the lane nearest to the lane you came from and do not immediately change lanes.",easy
7,Vehicle Ownership & Responsibilities,What should you do if your accelerator sticks while driving?,"a:Reach down and attempt to pull it up.,b:Shift to neutral and apply steady pressure on the brake.,c:Shift to park immediately.,d:Turn the steering wheel sharply to stop.",b,"Keep your eyes on the road, shift into neutral, brake steadily, pull off when safe, and turn off the engine.",difficult
4,Safe & Defensive Driving Practices,"While backing, what is the recommended technique?","a:Turn your head and look through the rear window; do not rely only on mirrors.,b:Rely exclusively on mirrors and sensors.,c:Open the driver's door and lean out to see.,d:Back quickly to minimize time spent reversing.",a,"When reversing, physically look over your shoulder through the rear window; mirrors and sensors are helpful but not a substitute.",easy
3,"Signs, Signals & Road Markings",What do pennant-shaped signs (sideways triangular) typically indicate?,"a:No passing zones.,b:School zones.,c:Speed limits.,d:Yield ahead.",a,A pennant-shaped sign usually marks a no passing zone; additional text on the sign will confirm this.,easy
5,Driving in Special Conditions,Approximately how far might a loaded tractor-trailer travel before stopping from 55 mph?,"a:50 feet,b:125 feet,c:400 feet.",c,Large commercial vehicles require much longer stopping distances than cars; a fully loaded tractor-trailer may need nearly 400 feet at 55 mph.,difficult
8,Special Situations & Road Users,Car drivers should remember that large trucks:,"a:Have large blind spots and require extra room to maneuver and stop.,b:Can stop more quickly than passenger cars.,c:Are as maneuverable as small cars in tight spaces.,d:Do not require extra following distance.",a,Trucks have bigger blind spots and need more room to turn and stop; avoid lingering beside or close behind them.,easy
7,Vehicle Ownership & Responsibilities,"When parking uphill next to a curb, you should:",a:Set the parking brake and turn your steering wheel away from the curb.;b:Set the parking brake and keep front tires straight.;c:Set the parking brake and keep rear tires against the curb.;d:Leave the car in neutral to prevent rolling.,a,"When parked uphill with a curb, set the parking brake and turn wheels away from the curb so the vehicle will roll into the curb if it moves.",easy
3,"Signs, Signals & Road Markings",How should you respond to a flashing red traffic signal at an intersection?,"a:Come to a full stop, yield to others, and proceed when safe.,b:Stop only if other vehicles are approaching.,c:Slow down and go without stopping.,d:Treat it like a circular green light.",a,"A flashing red light has the same meaning as a stop sign: stop, yield to cross traffic and pedestrians, then proceed when safe.",easy
5,Driving in Special Conditions,"When driving on slippery roads, you should:",a:Increase your following distance to allow more stopping time.;b:Use cruise control to maintain a steady speed.;c:Drive at the posted speed limit regardless of conditions.;d:Change lanes frequently to find better traction.,a,Increase following distance on slippery roads to compensate for longer stopping distances and reduced traction.,easy
8,Special Situations & Road Users,What actions should you take when approaching railroad tracks?,"a:Look and listen, slow down, and be ready to stop.,b:Speed up to cross before gates lower.,c:Drive around a lowered gate if you can.",a,"When nearing railroad tracks, look and listen for trains, slow down, and be prepared to stop. Never go around lowered gates.",easy
4,Safe & Defensive Driving Practices,How can you help prevent rear-end collisions?,"a:Avoid sudden stops.,b:Release the gas to let the car slow before braking.,c:Check mirrors and blind spots before stopping.,d:All of the above.",d,"Avoid abrupt stops; release the accelerator early and brake smoothly while signaling, and check mirrors.",easy
4,Safe & Defensive Driving Practices,"If you see the driver ahead driving with one hand and talking to a passenger, you should:",a:Give that vehicle extra space because the driver may be inattentive.;b:Try to outdrive them.;c:Follow closely to monitor their behavior.;d:Honk to get their attention.,a,Distracted drivers have reduced safety margins—allow extra space to reduce collision risk.,easy
5,Driving in Special Conditions,Orange-colored traffic signs typically indicate:,"a:Work zones or construction areas.,b:Regulatory instructions.,c:School zones.,d:Service facilities.",a,Orange signs warn of construction or maintenance activities and advise caution and possible changes ahead.,easy
3,"Signs, Signals & Road Markings","Two solid white lines across a lane indicate a crosswalk; as a driver, you should:","a:Motor vehicles have right-of-way.,b:Always yield to pedestrians in crosswalks.,c:No one has right-of-way.,d:Only yield when lights flash.",b,Marked crosswalks show where pedestrians cross; you must stop and yield to pedestrians in crosswalks.,easy
4,Safe & Defensive Driving Practices,"If another vehicle is following you too closely, you should:","a:Tap your brakes gently, slow down, and let them pass.;b:Brake-check them to force them back.;c:Turn on high beams repeatedly to annoy them.;d:Speed up to put distance between you.",a,"Lightly tapping brakes and slowing encourages the tailgater to pass; if that fails, pull over and let them by.",easy
5,Driving in Special Conditions,Which statement about driving on wet roadways is true?,"a:Your tires become less effective at clearing water as speed increases.,b:Deep water is less dangerous than shallow water.,c:Water does not affect cars with good tires.,d:Wet roads improve braking.",a,"Higher speeds reduce tire ability to displace water, increasing the risk of hydroplaning.",medium
3,"Signs, Signals & Road Markings",What do downward-pointing triangular traffic signs typically indicate?,"a:Yield to other traffic or pedestrians.,b:School zones.,c:Construction work ahead.,d:Speed limits.",a,"A downward-pointing triangle is usually a yield sign, meaning you must give right-of-way when appropriate.",easy
8,Special Situations & Road Users,"If you're on a one-way street and an emergency vehicle with flashing lights approaches, what must you do?","a:Drive toward the nearest roadside and stop.,b:Turn on your hazard lights and continue.,c:Speed up and take the nearest exit.,d:Pull to the left and stop.",a,On a one-way street you must drive toward the nearest roadside and stop to allow the emergency vehicle to pass.,easy
2,Traffic Laws & Rules of the Road,What must you verify before passing on a multilane highway?,"a:The passing lane is clear.,b:You're allowed to pass only on the right.,c:There is no oncoming traffic.,d:Your vehicle has priority.",a,"Before changing lanes to pass, ensure the passing lane is clear and signal appropriately to indicate your lane change.",easy
8,Special Situations & Road Users,Why must you use extra caution around a pedestrian carrying a white cane?,"a:Because they are likely to be blind and may not see or hear approaching traffic.,b:Because they are required to yield to vehicles.,c:Because they are traffic enforcement officials.,d:Because they signal vehicles to stop.",a,"White canes or guide dogs indicate blindness; you must slow, yield, and be prepared to stop for their safety.",easy
3,"Signs, Signals & Road Markings",A solid white edge line that angles toward the left indicates:,a:The road will narrow ahead.;b:There is an intersection ahead.;c:A construction area is ahead.;d:You must turn left ahead.,a,An edge line that slants toward the road center warns the highway is narrowing ahead.,medium
3,"Signs, Signals & Road Markings",What does a green traffic arrow indicate when displayed for a turn lane?,"a:Traffic in the lane must turn in the direction of the arrow and may proceed.,b:The arrow is used only on one-way streets.,c:The arrow only applies if accompanied by a circular green light.,d:The lane may go straight or turn.",a,A green arrow allows traffic in the indicated lane to turn in the direction shown and has the same authority as a circular green for that movement.,easy
2,Traffic Laws & Rules of the Road,"If a green arrow changes to a solid green light, what is true about turning?","a:You may still turn in that direction but must yield to oncoming traffic and pedestrians.,b:You may no longer turn and must go straight only.,c:You retain exclusive right-of-way to turn without yielding.,d:You must wait for a yellow arrow before turning.",a,A solid green allows turns but you must yield to pedestrians and any oncoming traffic not yet cleared from the intersection.,easy
4,Safe & Defensive Driving Practices,Which is the correct sequence when changing lanes?,"a:Signal, check mirrors, check blind spot by looking over your shoulder, then change lanes.,b:Check mirrors, change lanes, then signal.,c:Signal and immediately change lanes without checking mirrors.,d:Flash your headlights, then change lanes.",a,"Signal in advance, check mirrors, glance over your shoulder to view the blind spot, and change lanes only when safe.",easy
4,Safe & Defensive Driving Practices,Drivers who eat or drink while driving tend to:,a:Have trouble staying in their lane and controlling their vehicle due to distraction.;b:Make no driving errors and perform better.;c:Drive faster and more safely.;d:Never become distracted by food or drink.,a,"Eating and drinking distract from driving by requiring hands off the wheel and attention away from the road, increasing crash risk.",easy
7,Vehicle Ownership & Responsibilities,"When parking uphill with a curb, how should you turn your front wheels?","a:Turn the wheels sharply away from the curb so the vehicle will roll away from traffic if it moves.,b:Turn the wheels toward the curb.,c:Keep the wheels straight ahead.,d:Turn wheels to the left only if facing west.",a,"When parked uphill with a curb, turn wheels away from the curb so a roll will move the vehicle into the curb, not into traffic.",easy
5,Driving in Special Conditions,A small vehicle may begin to float in approximately how much standing water?,"a:Six inches of water.,b:Two inches of water.,c:One foot of water.,d:Three feet of water.",a,Small vehicles can begin to float in as little as six inches of standing water; avoid driving through flooded areas.,medium
8,Special Situations & Road Users,"When sharing the road with a truck, remember that trucks generally:",a:Require longer stopping distances than smaller vehicles.;b:Require less stopping distance than cars.;c:Can turn in a smaller radius than most cars.;d:Are always easier to pass downhill.,a,"Because of their size and weight, trucks need more distance to stop than passenger vehicles do.",easy
2,Traffic Laws & Rules of the Road,"At an uncontrolled intersection where you and another vehicle arrive simultaneously and the other vehicle is to your right, you should:",a:Speed up to beat the other vehicle.;b:Slow down and yield to the vehicle on your right.;c:Enter the intersection and force the other to stop.;d:Proceed since you arrived first.,b,"At uncontrolled intersections, yield to vehicles on your right when arriving at the same time; the vehicle on the right has the right-of-way.",easy
4,Safe & Defensive Driving Practices,Is smoking or preparing to smoke while driving distracting?,"a:Yes — these are distracting activities.,b:No — they do not affect driving.,c:They help maintain alertness.,d:Only lighting a cigarette is distracting.",a,Smoking can distract you by taking your hands or eyes off the road and should be avoided while driving.,easy
3,"Signs, Signals & Road Markings",What does the slow-moving vehicle emblem look like?,"a:A rectangular red sign.,b:A diamond-shaped yellow sign.,c:A reflective orange triangle.,d:A circular green sign.",c,The slow-moving vehicle emblem is a reflective orange triangle indicating a vehicle is traveling 25 mph or slower.,easy
8,Special Situations & Road Users,"At a light rail intersection, you should always:","a:Obey all traffic signals, watch for trains, and look both ways before crossing tracks.,b:Assume trains always stop for cars.,c:Drive around lowered gates if no train appears.,d:Ignore traffic signals if a train is not visible.",a,Light rail vehicles follow signals and can share the roadway; always obey signals and look both ways before crossing tracks.,easy
8,Special Situations & Road Users,How should you respond when you see a school crossing sign?,"a:Always come to a stop, even without a stop sign.,b:Be alert for children and be ready to stop.,c:Blow your horn whenever children are present.",b,"When approaching a school crossing sign, be especially alert for children and be prepared to stop. Always yield to pedestrians in or about to enter a crosswalk.",easy
3,"Signs, Signals & Road Markings",Traffic signs and pavement markings must be:,a:Obeyed at all times.;b:Followed only when other traffic is present.;c:Considered suggestions.;d:Ignored if inconvenient.,a,Traffic control devices direct traffic and must be obeyed to ensure safety and legal compliance.,easy
2,Traffic Laws & Rules of the Road,What does a red traffic signal require you to do?,"a:Stop at the stop line before any crosswalk or intersection.,b:Slow and proceed if no traffic is visible.,c:Yield to oncoming traffic only.,d:Turn right after stopping without checking for pedestrians.",a,"A red light means stop before any stop line, crosswalk, or intersection and remain stopped until the signal changes.",easy
8,Special Situations & Road Users,What should you do when crossing railroad tracks to be safe?,"a:Look both ways and listen, then proceed only if safe.;b:Cross quickly when you see a train.;c:Only look when red lights are flashing.;d:Assume no train is coming on single-track crossings.",a,Always look and listen for trains from both directions and obey signals before crossing tracks; never proceed unless you are sure it is safe.,easy
2,Traffic Laws & Rules of the Road,A posted speed limit indicates:,a:The maximum legal speed under ideal conditions.;b:The exact speed you must travel to avoid a ticket under all conditions.;c:A recommended speed only for heavy vehicles.;d:The speed you should always drive regardless of weather.,a,Speed limits show the maximum legal speed for ideal conditions; you may need to drive slower when conditions are unfavorable.,easy
4,Safe & Defensive Driving Practices,"If you must stop quickly and your vehicle lacks ABS, you should:",a:Firmly pump the brakes to avoid wheel lock-up while maintaining steering control.;b:Hold down the brake pedal without pumping.;c:Lightly tap the brakes repeatedly.;d:Shift into neutral and release the brake.,a,"If you don't have ABS, pumping the brake pedal helps you stop quickly while retaining some steering control.",medium
4,Safe & Defensive Driving Practices,"If you encounter an animal on the roadway, what should you do?","a:Pass the animal as closely as possible.,b:No special action is required.,c:Sound your horn continuously.,d:Pass slowly and cautiously to avoid startling it.",d,Slow down and pass animals cautiously to avoid startling them and causing unpredictable movement.,medium
2,Traffic Laws & Rules of the Road,"At an uncontrolled intersection where no signs or signals indicate the rules, which vehicle has the right-of-way when two vehicles arrive simultaneously?","a:The car approaching from the right has the right-of-way.,b:The car approaching from the left has the right-of-way.,c:The car whose driver sounds the horn first has the right-of-way.,d:The larger vehicle has the right-of-way.",a,"At similar roads without traffic control devices, a driver must yield to a vehicle approaching from the right.",easy
4,Safe & Defensive Driving Practices,"When changing lanes to the left, how should you check your blind spot?","a:Glance over your left shoulder.,b:Look in your side mirror only.,c:Glance over your right shoulder.,d:Use only the rearview mirror.",a,"To verify your left blind spot, briefly glance over your left shoulder before changing lanes.",easy
2,Traffic Laws & Rules of the Road,How should your vehicle be positioned when making a right turn?,"a:As far to the right side of the road as possible.,b:Near the center of the street.,c:Close to the left side of the street.,d:In the left-turn lane regardless of markings.",a,Prepare for a right turn by getting as far to the right side of the roadway as possible without leaving the pavement or bicycle lane.,easy
2,Traffic Laws & Rules of the Road,When should you begin to slow down when exiting a highway?,a:After you have merged into the exit lane.;b:Before you enter the exit lane on the main road.;c:Only once you see the toll booth.;d:While still in the through lanes.,a,"Move into the exit lane well in advance, and begin slowing down after you are in the exit lane, not from the mainline.",easy
8,Special Situations & Road Users,When driving near heavy trucks you should allow extra space because they:,"a:Require increased stopping distance and have limited visibility.,b:Have decreased stopping distance and can stop quickly.,c:Produce less noise so you may not notice them.,d:Always drive faster than passenger cars.",a,Large vehicles need more stopping distance and have larger blind spots; keep a safe distance and avoid lingering beside them.,easy
5,Driving in Special Conditions,On slippery roads you should:,"a:Slow down and drive more slowly than the posted limit if necessary.,b:Drive at the posted speed limit but with caution.,c:Increase speed slightly to avoid skidding.,d:Use cruise control to maintain traction.",a,"Reduce speed at the first sign of rain, snow, or sleet; conditions may require driving below the posted limit for safety.",easy
4,Safe & Defensive Driving Practices,"When you see other drivers acting angrily, how should you respond?","a:Don't make eye contact.,b:Don't gesture back.,c:Distance yourself from the situation.,d:All of the above.",d,Avoid eye contact and gestures; slow down or move away to remove yourself from potential danger.,easy
4,Safe & Defensive Driving Practices,How should you check your blind spots before changing lanes?,"a:Turn your head and look over your shoulder toward the lane you intend to enter.,b:Use only the inside rearview mirror.,c:Use only the outside rearview mirror.,d:Use both inside and outside mirrors without turning your head.",a,"Before every lane change, turn your head to directly check blind spots so that no vehicle is in the area you plan to move into.",easy
4,Safe & Defensive Driving Practices,"If an oncoming car is to your left and a bicyclist to your right, how should you proceed?","a:Split the difference between them.,b:Let the car pass first, then pass the bicyclist.,c:Pull onto the shoulder to pass.,d:Pass the bicyclist first quickly.",b,"Avoid dealing with two hazards at once — let the oncoming car pass, then give the bicyclist plenty of room to pass safely.",medium
4,Safe & Defensive Driving Practices,"If you are upset, nervous, or crying, what should you do before driving?",a:Drive immediately; emotions won't affect driving.;b:Calm and focus yourself before starting to drive.;c:Drive faster to get to your destination sooner.;d:Take a stimulant to stay alert.,b,Strong emotions can distract you and impair driving; take time to calm down and focus before operating a vehicle.,easy
6,"Alcohol, Drugs & Impaired Driving",What can occur when alcohol is combined with another drug?,a:The effects of both the alcohol and the drug may be increased.;b:Their effects will always cancel each other out.;c:Nothing significant occurs.;d:The effects are always reduced.,a,"Combining alcohol with other drugs can amplify impairing effects, causing greater impairment than either alone.",medium
7,Vehicle Ownership & Responsibilities,What risks do worn or bald tires present?,"a:They can increase stopping distance and make turning harder.,b:They reduce the chance of hydroplaning.,c:They improve fuel efficiency.,d:They only matter in winter.",a,"Worn tires increase stopping distances, reduce traction, and raise the risk of hydroplaning.",medium
6,"Alcohol, Drugs & Impaired Driving",Which factors influence how alcohol affects a person?,"a:Amount consumed, time between drinks, and body weight.,b:The color of the beverage only.,c:Whether the person has driven the vehicle before.,d:The brand of alcohol only.",a,"BAC depends on how much you drink, how quickly, your weight, and whether you have eaten — these affect impairment.",easy
4,Safe & Defensive Driving Practices,How can you avoid drowsiness on long trips?,"a:Turn on your car radio.,b:Stop regularly to rest and stretch.,c:Slow down and drive more carefully.,d:Drink energy drinks and keep driving.",b,Schedule regular stops to rest and stretch; it's the most effective way to avoid drowsiness.,easy
5,Driving in Special Conditions,"When passing a large vehicle, what must drivers of small vehicles be prepared for?","a:Loud noises only.,b:Wind gusts that can affect vehicle stability.,c:Additional traffic signals.,d:Improved visibility.",b,Large vehicles can create strong air gusts that may push smaller vehicles; be prepared to correct steering.,medium
4,Safe & Defensive Driving Practices,"To help prevent crashes, which of the following should you do?","a:Communicate your intentions to other road users by signaling and using lights or horn when appropriate.,b:Ignore other road users and trust they will see you.,c:Only drive on side streets where there is less traffic.,d:Avoid using turn signals to save battery.",a,"Use signals, brake lights, horn, and eye contact when appropriate to make your intentions clear to others.",easy
8,Special Situations & Road Users,Pedestrians must follow which of the following rules?,"a:Use crosswalks at intersections and obey Walk/Don't Walk signals.,b:Always yield to vehicles even in marked crosswalks.,c:Cross only when a vehicle stops for them, regardless of signals.,d:Walk against the flow of traffic on sidewalks.",a,"Pedestrians should use crosswalks, look both ways, and obey pedestrian signals; drivers must yield to crossing pedestrians.",easy
5,Driving in Special Conditions,"When stopped on an uphill incline, you should allow a larger space cushion in front of your vehicle because:","a:The vehicle ahead may roll backward when starting, risking a collision.,b:Traffic lights operate more slowly on hills.,c:You cannot see cross traffic from an incline.,d:Your brakes will not work uphill.",a,"On an uphill stop, leaving extra space helps prevent being struck if the vehicle in front rolls back as traffic moves.",easy
4,Safe & Defensive Driving Practices,A good rule for passing other vehicles is to:,a:Drive with the flow of traffic and pass only when necessary and legal.;b:Pass on the right whenever possible regardless of conditions.;c:Try to reach the front of slow traffic by passing repeatedly.;d:Always exceed the posted speed limit to pass quickly.,a,"Passing increases collision risk—stay with traffic flow and pass only when safe, legal, and necessary.",easy
3,"Signs, Signals & Road Markings",What do round traffic signs typically indicate?,"a:An upcoming railroad crossing.,b:A school zone.,c:A no-passing zone.,d:A vehicle inspection area.",a,Round signs warn of railroad crossings ahead; exercise extra caution when approaching them.,easy
2,Traffic Laws & Rules of the Road,"When you see a Merging Traffic sign on the freeway, what should you do?","a:Make room for entering vehicles by changing lanes if it is safe.,b:Honk at the incoming traffic to warn them.,c:Always remain at your present speed.,d:Speed up aggressively to avoid merging conflicts.",a,On multi-lane roads make room for merging vehicles; change lanes if no one is beside you and it is safe to do so.,easy
8,Special Situations & Road Users,"If an approaching train is close enough to be dangerous, you must:","a:Not cross the tracks until the train has completely passed and it is safe to do so.,b:Slow down and proceed if you think you can beat the train.,c:Cross the tracks at your own risk if no gates are down.,d:Drive around lowering gates if the road is clear.",a,Do not attempt to cross if a train is near; wait until it has passed and signals have cleared before crossing.,easy
2,Traffic Laws & Rules of the Road,When is it legal to pass another vehicle on the right?,"a:When the vehicle ahead is turning left and there is room to pass safely on the right or when on a multilane roadway moving in the same direction.,b:When it requires driving off the pavement.,c:On a narrow bridge.,d:When there is no turn signal used by the vehicle ahead.",a,"You may pass on the right if the vehicle ahead is turning left and there's a safe lane to pass in, or on multilane roads with two or more lanes in the same direction.",easy
4,Safe & Defensive Driving Practices,Why is maintaining a space cushion around your vehicle important?,a:It gives you time to react to unexpected situations and mistakes by other drivers.;b:It prevents other drivers from passing.;c:It keeps traffic flowing fast.;d:It reduces your fuel consumption significantly.,a,Keeping extra space around your vehicle provides time to react and reduces the chance of collisions from others' mistakes.,easy
3,"Signs, Signals & Road Markings",Regulatory signs primarily:,"a:Indicate what a driver must or must not do (e.g., speed limits, no turns).,b:Are placed wherever there is a present danger only.,c:Are always diamond-shaped and yellow.,d:Warn of upcoming hazards only.",a,Regulatory signs tell road users legal requirements such as speed limits or prohibited movements and are often rectangular with black on white.,easy
2,Traffic Laws & Rules of the Road,"If you turn onto a two-lane road divided by a broken yellow centerline, what does this tell you?","a:You are entering a two-way road where passing is permitted when safe.,b:You are entering a one-way road.,c:The road is under construction.,d:You must always travel in the left lane.",a,A broken yellow line separates opposing traffic and allows passing when it is safe to do so.,easy
4,Safe & Defensive Driving Practices,"If a driver behind you is driving aggressively, what should you do?","a:Try to get out of the aggressive driver’s way.,b:Speed up to challenge them.,c:Stare at the driver as they pass.,d:Brake-check to slow them down.",a,Move out of the aggressive driver's way and avoid eye contact or gestures that could escalate the situation.,easy
2,Traffic Laws & Rules of the Road,How should you proceed when the traffic signal ahead is steady green?,"a:Proceed but yield to pedestrians and vehicles already in the intersection.,b:Stop if a police officer is nearby.,c:Treat the intersection as a four-way stop.",a,A steady green light allows you to go but you must first yield to pedestrians in the crosswalk and to vehicles still in the intersection.,easy
6,"Alcohol, Drugs & Impaired Driving",How does alcohol affect driving skills and judgment?,"a:It helps driving skills but harms judgment.,b:It harms both driving skills and judgment.,c:It has no effect on either.",b,"Alcohol impairs many skills needed for safe driving—reaction time, vision, coordination—and damages judgment, increasing risky behavior.",easy
4,Safe & Defensive Driving Practices,Before changing lanes on a highway you should:,"a:Signal, check your rearview and side mirrors, and glance over your shoulder to check the blind spot.,b:Signal and immediately begin moving into the next lane.,c:Only check your mirrors and then change lanes.,d:Flash your headlights to alert other drivers and change lanes.",a,"Always signal, check mirrors, and glance over your shoulder in the direction you intend to move to verify the blind spot is clear.",easy
6,"Alcohol, Drugs & Impaired Driving","If you drink socially, what helps ensure safe driving afterward?","a:Drink coffee before driving.,b:Ride home with a friend who has not been drinking.,c:Take a cold shower before driving.,d:Eat a large meal to sober up.",b,"Arrange a sober ride home; coffee, cold showers, or food won't lower your BAC or impairment.",easy
2,Traffic Laws & Rules of the Road,Where is parking expressly prohibited?,"a:On a crosswalk or in a marked bicycle lane.,b:On a hill.,c:In a parking lot.,d:On private property with permission.",a,"It is unlawful to park on crosswalks or in marked bicycle lanes, among other restricted places; when parking on the street, stay within 12 inches of the curb.",easy
3,"Signs, Signals & Road Markings",A red flashing traffic light is equivalent to which traffic control device?,a:A stop sign.;b:A yield sign.;c:A slow sign.;d:A no-entry sign.,a,"A red flashing light requires a full stop and then proceed when safe, just like a stop sign.",easy
2,Traffic Laws & Rules of the Road,"When turning left, to whom must you yield the right-of-way?","a:Oncoming traffic (and always pedestrians and others already in the intersection).,b:Other drivers who are already in the intersection only.,c:Pedestrians who are already in the intersection only.,d:No one; left turns always have the right-of-way.",a,"When turning left you must yield to oncoming traffic; you must also yield to pedestrians, bicyclists, and anyone already in the intersection.",medium
3,"Signs, Signals & Road Markings",What is the primary purpose of a diamond-shaped traffic sign?,"a:To warn of existing or potential hazards ahead.,b:To indicate mandatory regulatory rules.,c:To mark historical sites.,d:To identify parking areas.",a,Diamond-shaped signs typically warn drivers of potential hazards or changing road conditions.,easy
3,"Signs, Signals & Road Markings",What shape is a stop sign?,"a:Octagon.,b:Rectangle.,c:Circle.,d:Triangle.",a,The stop sign is uniquely eight-sided (an octagon) and always means stop.,easy
4,Safe & Defensive Driving Practices,"Under ideal conditions, what minimum following distance should you maintain behind the vehicle ahead?","a:Three to four seconds.,b:Two seconds.,c:Five to seven seconds.,d:Less than one second.",a,Maintain at least a three- to four-second following distance in good conditions; increase it when conditions worsen.,easy
6,"Alcohol, Drugs & Impaired Driving",Which effect can alcohol have on a driver?,"a:It slows your reaction time.,b:It gives you false confidence.,c:It impairs your thinking ability.",a,"Alcohol is a depressant that slows reaction time, coordination, and judgment. It can also create false confidence and impair thinking, vision, and distance judgment.",easy
4,Safe & Defensive Driving Practices,Drowsy drivers are at risk because they can:,"a:Drive so poorly they resemble a drunk driver and seriously increase crash risk.,b:Fully compensate by opening windows and turning up the radio.,c:Stay alert indefinitely by drinking coffee.,d:Reduce reaction times the same as sober drivers.",a,Drowsiness can impair driving similarly to alcohol; simple measures like coffee or open windows do not reliably prevent crashes.,easy
4,Safe & Defensive Driving Practices,When should you always use your turn signal?,"a:Only when changing lanes on a highway.;b:When changing lanes, pulling into/out of a parking space, or entering traffic from an alley or parking area.;c:Only when another vehicle is nearby.;d:Only at night.",b,"Use turn signals whenever changing lanes, parking maneuvers, or entering traffic from an alley/parking area to communicate your intentions to others.",easy
3,"Signs, Signals & Road Markings",What does a flashing yellow arrow for left turns mean?,a:You may turn left after yielding to oncoming traffic and pedestrians.;b:You must come to a complete stop before turning.;c:You should merge into the lane indicated by the arrow.;d:You have the right-of-way to turn left without yielding.,a,A flashing yellow arrow allows left turns but requires yielding to oncoming traffic and pedestrians before turning.,easy
2,Traffic Laws & Rules of the Road,"If you are first in line at a stop sign and the way is clear after the vehicles ahead pass, what must you do?","a:Stop again at the stop sign before proceeding.,b:May proceed through the intersection without stopping again.,c:Slowly roll past the stop sign.,d:Wait for a pedestrian signal.",a,You must bring your vehicle to a complete stop at the stop sign or stop line and yield to oncoming traffic and pedestrians before proceeding.,easy
2,Traffic Laws & Rules of the Road,"When driving to an unfamiliar area, you should:",a:Plan your trip in advance rather than rely solely on road signs.;b:Depend only on road signs to find your way.;c:Drive with only a general idea of your destination.;d:Ignore maps and rely on intuition.,a,Plan ahead when going to unfamiliar locations—check maps or routes beforehand instead of relying only on road signs while driving.,easy
6,"Alcohol, Drugs & Impaired Driving",What is the effect of taking drugs along with alcohol?,"a:Increases the risk of causing a crash.,b:Is no more dangerous than alcohol alone.,c:Lessens the effect of alcohol.,d:Only increases sleepiness, not risk.",a,Combining drugs and alcohol increases impairment and the risk of a crash compared with alcohol alone.,easy
2,Traffic Laws & Rules of the Road,What does it mean when a driver's left arm is extended downward?,"a:Turn left.,b:Turn right.,c:Slow or stop.",c,A left arm extended downward signals the driver’s intention to slow or stop. Adjust your driving if following a vehicle showing this signal.,easy
5,Driving in Special Conditions,When driving in fog you should use:,"a:Low beam headlights.,b:High beam headlights.,c:Only parking lights.,d:Interior dome light for better view.",a,Low beams improve visibility in fog; high beams can reflect back and worsen visibility.,easy
3,"Signs, Signals and Road Markings",What does a solid white line between lanes mean?,"a:Lanes are moving in opposite directions and drivers may not pass.,b:Lanes move in opposite directions and passing is allowed when safe.,c:Lanes move in the same direction and drivers are not permitted to pass.",c,White lines separate lanes moving in the same direction. A solid white line discourages or prohibits lane changes; yellow lines separate opposing traffic.,medium
4,Safe & Defensive Driving Practices,"If your wheels slip off the edge of the pavement, what should you do?","a:Slow down, gently apply the brakes, and when at a safe speed steer back onto the pavement.,b:Jerk the steering wheel to force the vehicle back onto the pavement.,c:Slam on your brakes and stop.",a,"If your vehicle leaves the pavement, remain calm, slow down gradually by gently braking, then steer back onto the road when it is safe. Do not make sharp turns to force the vehicle back onto the roadway.",medium
2,Traffic Laws & Rules of the Road,"If you have a green light but pedestrians are crossing against the signal, what should you do?","a:Honk to make them move.,b:Speed up and pass before they finish.,c:Stop to let the pedestrians cross safely.,d:Ignore them since you have the green.",c,Yield to pedestrians in the roadway even if you have a green light; they always have the right-of-way in crosswalks.,easy
5,Driving in Special Conditions,How should you handle headlight glare from oncoming vehicles at night?,"a:Look straight ahead.,b:Look over your shoulder.,c:Look toward the right edge of the roadway ahead.",c,"If oncoming headlights cause glare, look toward the right edge of the road ahead and avoid looking directly at the lights so you are not temporarily blinded.",medium
3,"Signs, Signals & Road Markings",What do two solid yellow lines down the center of the road indicate?,"a:Passing is allowed for both directions.,b:Passing is not allowed from either direction.,c:Passing is allowed when safe.,d:One-way traffic only.",b,Two solid yellow lines separate opposing traffic and mean passing is prohibited for drivers in both directions.,easy
5,Driving in Special Conditions,What should you remember when driving on wet pavement?,"a:Roads are especially slippery just after rain begins.,b:Wet roads cannot cause hydroplaning.,c:You can stop in the same distance as on dry roads.,d:Use high beams for better visibility.",a,Wet roads are often most slippery just after rain begins; reduce speed and increase following distance to avoid hydroplaning.,medium
3,"Signs, Signals & Road Markings",A steady yellow traffic signal indicates that a ____ light will soon appear.,"a:Flashing yellow.,b:Steady red.,c:Steady green.,d:Flashing red.",b,A steady yellow means the signal is about to turn steady red — be prepared to stop.,easy
4,Safe & Defensive Driving Practices,"To avoid collisions with vehicles in blind spots, you should:","a:Turn your head and glance over your shoulder in the direction you plan to move before changing lanes.,b:Adjust rearview mirrors every minute, c:Honk continuously before changing lanes.,d:Rely only on automatic sensors.",a,A quick shoulder check helps confirm the blind spot is clear; do not rely solely on mirrors or sensors.,easy
2,Traffic Laws & Rules of the Road,"When the center markings show a solid yellow line next to a broken yellow line and the broken line is beside your lane, you may:","a:Cross the lines to pass if oncoming traffic is clear.,b:Never cross the lines under any circumstance.,c:Only cross in emergencies.,d:Pass only during daylight hours.",a,"If the broken line is next to your lane, you may cross to pass when it is safe and no oncoming traffic is present.",easy
8,Special Situations & Road Users,Emergency vehicles generally:,"a:Have the right-of-way when using sirens and/or flashing lights and you must yield to them.,b:Must always be followed closely by other cars.,c:Are not required to use sirens when responding to emergencies.,d:Cannot give instructions over loudspeakers.",a,Yield to emergency vehicles using sirens or lights; follow instructions from them and avoid blocking their path.,easy
5,Driving in Special Conditions,How can you reduce the risk of hydroplaning on wet roads?,"a:Avoid speeding, maintain proper tire pressure, and replace tires with poor tread.,b:Drive at higher speed to cut through the water.,c:Use cruise control in heavy rain.,d:Drive with very low tire pressure to increase contact area.",a,Hydroplaning risk is reduced by slowing on wet roads and using tires with correct pressure and good tread.,medium
2,Traffic Laws & Rules of the Road,What should you do if an intersection ahead is blocked by other traffic?,"a:Stay out of the intersection until you can fully pass through.,b:Enter the intersection and wait in the middle.,c:Go slowly until the traffic ahead moves, even if you block the intersection.,d:Honk until the traffic clears.",a,Do not enter an intersection unless you can clear it completely; otherwise you may block cross traffic and cause a hazard.,easy
3,"Signs, Signals & Road Markings",A solid red arrow in a traffic signal means:,a:Traffic in that lane must stop and may not turn in the arrow's direction.;b:Drivers may turn immediately without yielding.;c:The arrow is decorative and may be ignored.;d:You can proceed if no other cars are present.,a,A steady red arrow carries the same restriction as a circular red light: you must stop and may not turn in the indicated direction.,easy
8,Special Situations & Road Users,Which statement about passing a motorcycle is correct?,"a:The driver of a passenger vehicle must change lanes completely when passing a motorcycle.,b:A motorcycle with two riders is always more balanced than with one.,c:It is acceptable for other vehicles to follow motorcycles closely.,d:You may pass a motorcycle in the same lane it occupies.",a,Motorcycles are entitled to the full lane; you must be entirely in the adjacent lane before passing a motorcycle.,medium
2,Traffic Laws & Rules of the Road,When must you yield to other drivers?,"a:When entering from a garage, alley, or driveway.;b:Only when you are on the main road.;c:Never when your signal is on.;d:Only at marked intersections.",a,"Yield to traffic and pedestrians when entering a street from a garage, alley, driveway, or similar location.",easy
6,"Alcohol, Drugs & Impaired Driving",Alcohol commonly causes which of the following effects?,"a:Loss of concentration, poor coordination, and slower judgment.;b:Improved coordination and faster reflexes.;c:Increased vision acuity.;d:Heightened alertness.",a,"Alcohol impairs concentration, coordination, judgment, and other faculties necessary for safe driving.",easy
2,Traffic Laws & Rules of the Road,"At a four-way stop, who has the right-of-way?","a:The driver to arrive first.,b:The driver to arrive last.,c:The driver who signals first.,d:The driver on the left when two arrive simultaneously.",a,"Vehicles stop from all directions; the first to arrive proceeds first. If two arrive together, the driver on the right has the right-of-way.",medium
4,Safe & Defensive Driving Practices,What is the single most effective action to reduce your risk of injury or death in a crash?,"a:Wear your seat belt.,b:Stay in the right lane.,c:Limit driving to weekdays.,d:Drive slowly at all times.",a,Wearing a seat belt is the most effective way to reduce injury or death in a crash.,easy
5,Driving in Special Conditions,What do work zone signs indicate?,"a:Less than ideal driving conditions due to road work.,b:That it is summer.,c:That you must immediately stop and back up.,d:That a school is nearby.",a,Work zone signs (orange) warn drivers that road work or maintenance is present and to proceed with caution.,easy
2,Traffic Laws & Rules of the Road,"If a stop is required at an intersection but there is no stop line or crosswalk, where should you stop?","a:At the point nearest the intersecting roadway where you can see approaching traffic without entering the intersection.,b:You are not required to stop at all.,c:Only after entering the intersecting roadway to get a better view.,d:At least 100 feet before the intersection.",a,Stop at the place nearest the intersection where you can see cross traffic without moving into the intersecting roadway.,medium
5,Driving in Special Conditions,"If your vehicle's right wheels leave the pavement, what should you do?","a:Accelerate and quickly steer back on the road.,b:Take your foot off the accelerator, slow, and gently steer back when safe.,c:Stop immediately in the lane.,d:Turn on hazards and open the door.",b,"Don't panic: ease off the gas, steer parallel to the road, slow, check traffic, then gently re-enter the pavement.",medium
