section-num,section-name,question,options,correct-answer,note,difficulty
6,"Alcohol, Drugs & Impaired Driving","If you are driving and are 21 years old or older, you are considered to be driving under the influence when your blood alcohol concentration (BAC) is a minimum of:","a:0.02 percent.,b:0.04 percent.,c:0.06 percent.,d:0.08 percent.",d,"A driver with a blood alcohol concentration (BAC) of 0.08 percent or higher is driving under the influence. Conviction of driving under the influence may result in a fine, imprisonment, or both.",medium
8,Special Situations & Road Users,What is the appropriate action to take when approaching a railroad crossing that does not have signals to direct traffic?,"a:Always bring the car to a complete stop.,b:Slow down and be prepared to stop.,c:All railroad crossings have signals so you will never encounter this situation.",b,"When approaching an unmarked railroad crossing, slow down and be prepared to stop. Before you cross, be sure that no trains are approaching from either direction on any track. If you see or hear a train coming, stop at a safe distance from the nearest track and wait to proceed until after the train passes.",easy
3,"Signs, Signals & Pavement Markings",What are the colors of signs that tell you the distance to the next exit on a highway?,"a:Yellow with black letters,b:Black with white letters,c:Red with white letters,d:Green with white letters",d,Signs providing information about destinations are green with white letters or symbols.,medium
3,"Signs, Signals & Pavement Markings",You may cross double solid yellow lines:,"a:To pass a slow-moving truck.,b:To turn into a driveway.,c:To pass another car.",b,"Double solid lines indicate that you may not pass or change lanes. You cannot cross the lines unless it is to turn left to enter or exit a highway, to turn into or from a driveway, or to make a U-turn (where permitted).",medium
4,Safe & Defensive Driving Practices,"When driving to an unfamiliar area, you:","a:Should depend on road signs to find your way.,b:Should plan your trip in advance.,c:Only have to know generally where your destination is.",b,"When driving to an unfamiliar area, plan your trip in advance. Don’t start with only a hazy idea of where you are going. If your destination is in an unfamiliar area, check the location on a map before you start to drive.",easy
3,"Signs, Signals & Pavement Markings","Coming to a complete stop at an intersection, yielding to cross traffic/pedestrians, and then proceeding through the intersection when the way is clear corresponds with:","a:A solid red light.,b:A flashing yellow light.,c:A solid green light.,d:A flashing red light.",d,"A flashing red traffic light means the same thing as a stop sign. You must come to a complete stop, yield to cross traffic and pedestrians, and then proceed when the way is clear.",medium
2,Traffic Laws & Rules of the Road,Exceeding the speed limit by more than 50 mph will result in a fine of ____ for a first offense.,"a:$100,b:$400,c:$1,000",c,"Exceeding the speed limit by more than 50 mph will result in a fine of $1,000 for a first-time offense. A second offense will result in a fine of $2,500.",difficult
8,Special Situations & Road Users,"When you approach a railroad crossing without flashing warning signals or crossing gates, you should:","a:Cross the tracks immediately and as quickly as possible.,b:Always stop before crossing the tracks.,c:Prepare to yield to any train at the crossing.",c,"Always be prepared to yield to any oncoming trains before crossing railroad tracks, particularly if there are no lights or gates controlling the crossing. Never start to cross the tracks until there is room for your entire vehicle on the other side of the tracks. Due to the risk of a vehicle stalling, it is not wise to shift gears when crossing railroad tracks.",easy
4,Safe & Defensive Driving Practices,Defensive driving is:,"a:Identifying dangerous driving situations and taking action to avoid accidents.,b:Defending yourself against poor drivers by getting ahead of them in traffic.,c:Following the vehicle ahead of you at a close distance.",a,"You drive defensively when you identify dangerous driving situations and take action before an accident occurs. Defensive driving helps prevent conflicts with aggressive, offensive, discourteous, careless, inattentive, impulsive, ignorant, or intoxicated drivers or pedestrians.",easy
2,Traffic Laws & Rules of the Road,"When turning left, drivers must yield the right-of-way to:","a:Other drivers who are already in the intersection.,b:Oncoming traffic.,c:Pedestrians who are already in the intersection.",b,"When turning left, drivers must yield the right-of-way to oncoming traffic. Drivers must also always yield the right-of-way to pedestrians, bicyclists, and other drivers who are already in the intersection.",easy
4,Safe & Defensive Driving Practices,Which is the most common cause of traffic crashes?,"a:New drivers,b:Human error,c:Bad weather",b,Crashes often occur when one driver does not see another vehicle or when a driver does something unexpected. Communicate with other drivers on the road to help prevent traffic crashes.,easy
8,Special Situations & Road Users,"To safely pass a bicycle, you should:","a:Honk at the bicyclist to let them know you're trying to pass.,b:Drive in the bicycle lane until you get a chance to pass.,c:Slow down and give them as much space as possible.",c,"When passing a bicyclist, slow down and give them as much space as you can. Bicyclists have much less protection than drivers of motor vehicles and they should not be crowded. Passing a bicycle too quickly can shift the bicyclist off-course.",easy
8,Special Situations & Road Users,"When you drive through an area where children are playing, you should expect them:","a:To know when it is safe to cross the street.,b:To stop at the curb before crossing the street.,c:To run out in front of you without looking.",c,You should always reduce your speed and use extra caution when children are in the vicinity. They may fail to understand the danger and may run out in front of you without looking.,easy
8,Special Situations & Road Users,What should you do when an emergency vehicle is approaching while displaying flashing red or blue lights?,"a:See if you can reach your destination before the emergency vehicle catches up to you.,b:Continue driving but try to stay out of its way.,c:Pull over to the side of the road and come to a complete stop.",c,"You must yield the right-of-way to all emergency vehicles using a siren, air horn, and/or flashing red, blue, or white lights. Where possible, you must pull over to the right edge of the road. If you are in an intersection, drive through the intersection before you pull over.",easy
5,Driving in Special Conditions,Hydroplaning is usually caused by:,"a:Excessive stops.,b:Sudden stops.,c:Sudden turns.,d:Excessive speed on wet roads.",d,"Your tires become less effective at clearing water from the road as you increase your speed. If you drive too fast, they may lose their grip entirely, leaving the vehicle sliding on a film of water. This is known as ""hydroplaning.""",medium
7,Vehicle Ownership & Responsibilities,A load extending more than ____ beyond the rear of a vehicle must be marked by a red flag during the day.,"a:One foot,b:Two feet,c:Three feet,d:Four feet",d,"If a load extends more than four feet past the rear of a vehicle, it must be marked by a red flag when being transported during the day in clear weather. The flag should be 18 inches square. Red lights and reflectors are required when transporting the load in times of limited visibility.",difficult
3,"Signs, Signals & Pavement Markings",A diamond-shaped sign:,"a:Warns of existing or possible hazards.,b:Alerts drivers to school zones.,c:Alerts drivers to public recreation areas.",a,Diamond-shaped signs warn drivers of existing or potential driving hazards. You will usually see these signs in yellow or orange.,easy
6,"Alcohol, Drugs & Impaired Driving","If you drink alcohol socially, what helps ensure safe driving?","a:Drink coffee before driving.,b:Ride home with a friend who has not been drinking.,c:Take a cold shower before driving.",b,"One strategy to avoid driving while impaired or intoxicated is to arrange for a ride home with a friend who does not drink. Drinking coffee or taking a cold shower cannot reduce your blood alcohol content or reduce the effects of alcohol. On average, it takes about an hour for the body to eliminate the alcohol from a single drink.",easy
7,Vehicle Ownership & Responsibilities,Drivers must have a minimum of ____ in both Personal Injury Protection (PIP) insurance coverage and Property Damage Liability (PDL) insurance coverage.,"a:$20,000,b:$10,000,c:$5,000",b,"According to Florida's No-Fault Law, every owner or person in charge of operating a motor vehicle in Florida must provide proof of valid PIP and PDL insurance at the time of vehicle registration. They must have a minimum of $10,000 in PIP coverage and a minimum of $10,000 in PDL coverage.",medium
8,Special Situations & Road Users,"At a school crossing sign, you should:","a:Always stop, whether there’s a stop sign or not.,b:Watch for children and be ready to stop.,c:Always sound your horn when you see children.",b,You must always yield to pedestrians who are in or about to enter a crosswalk. Be alert to pedestrians when driving across intersections or turning.,easy
8,Special Situations & Road Users,"What is a ""No zone?""","a:A designated no passing zone,b:A one-way traffic area,c:The blind spot of a large vehicle",c,"""No zones"" are the large blind spots around trucks and other large vehicles. Drivers of smaller vehicles should avoid lingering in ""No zones.""",easy
5,Driving in Special Conditions,"When meeting a car with blinding headlights, you should:","a:Use your bright lights until the other vehicle dims theirs.,b:Flash your lights on and off to warn the other driver.,c:Dim your lights and then speed up to pass quickly.",c,"If a vehicle comes toward you with its high beams on, look away from the headlights and toward the right side of the road until the car has passed. This will keep you from being blinded.",easy
3,"Signs, Signals & Pavement Markings",A solid white line on the right edge of the highway slants in to the left. That shows that:,"a:There is an intersection just ahead.,b:You are approaching a construction area.,c:You will be required to turn left just ahead.",b,"A solid line along the side of the road indicates where its edge is, marking the boundary between the travel lane and the shoulder. If the edge line angles toward the center of the road, this means that the road is narrower ahead.",difficult
5,Driving in Special Conditions,When driving on roads that may be slippery:,"a:Always drive at the maximum speed limit.,b:Use cruise control to maintain a steady speed.,c:Reduce your following distance.,d:Reduce your speed.",d,You should avoid making any sudden changes in speed or direction when driving on a slippery surface. Reduce your speed on slippery roads and do not use cruise control.,medium
2,Traffic Laws & Rules of the Road,When parking your vehicle downhill on a two-way street:,"a:Turn your wheels to the right.,b:Turn your wheels to the left.,c:Keep your wheels pointed straight ahead.",a,"When you park on a downward-facing slope, turn your wheels sharply toward the side of the road. This way, if your vehicle starts to roll downhill, it will roll away from traffic.",medium
3,"Signs, Signals & Pavement Markings",Downward-facing triangular signs:,"a:Indicate school zones.,b:Tell drivers to yield.,c:Indicate construction zones.",b,"Downward-facing triangular signs usually indicate that drivers should yield. Once the road is clear of traffic or pedestrians and it is safe to do so, drivers may proceed.",easy
2,Traffic Laws & Rules of the Road,At a four-way stop:,"a:The driver to arrive first has the right-of-way.,b:The driver to arrive last has the right-of-way.,c:One driver should continue driving without stopping.",a,"At four-way stops, traffic from all four directions must stop. The first vehicle to reach the intersection should move forward first. If two vehicles reach the intersection at the same time, the driver on the left yields to the driver on the right.",easy
5,Driving in Special Conditions,The risk of hydroplaning can can be reduced by driving:,"a:Through shallow water.,b:More quickly.,c:More slowly.",c,"Because hydroplaning is caused by driving too quickly in wet conditions, the risk of it happening can be reduced by driving more slowly.",easy
4,Safe & Defensive Driving Practices,"When getting ready to change lanes, you should:","a:Check your side view mirror.,b:Check your rearview mirror.,c:Quickly turn your head to check for other vehicles.",c,"Before changing lanes, check your side and rearview mirrors for traffic approaching you from behind. Just before you begin moving into the other lane, quickly glance over your shoulder and check for any vehicles that may be in your blind spot.",medium
2,Traffic Laws & Rules of the Road,"When the driver behind you wants to pass, you should:","a:Speed up.,b:Go the same speed.,c:Slow down to allow room in front of your vehicle for the other driver to complete the pass easily.",c,"When the driver behind you wants to pass, you should slow down so that there is enough room in front of your vehicle for the other driver to complete their pass. This will allow them to complete the passing maneuver in less time and more easily.",easy
2,Traffic Laws & Rules of the Road,"When a stop is required at an intersection and no markings appear to indicate a stop line or crosswalk, a driver:","a:Is not required to stop.,b:Is required to slow down to make sure crossing traffic is clear.,c:Should stop only at a place where they can see at least 200 feet on either side, even if they have to enter the intersecting roadway.",c,"If there is no stop line or crosswalk, you should stop at the point nearest to the intersecting roadway where you can get a view of approaching traffic. You should not enter the intersecting roadway to gain a better view.",difficult
8,Special Situations & Road Users,"When approaching railroad tracks, you should:","a:Look, listen, slow down, and be prepared to stop.,b:Speed up to cross the tracks before the gate is lowered.,c:Try to drive around a lowered gate.",a,"When approaching railroad tracks, you should look, listen, slow down, and be prepared to stop for trains or other vehicles that may be using the rails.",easy
4,Safe & Defensive Driving Practices,Which of the following statements is true?,"a:Signal at least 100 feet before changing lanes to pass and ensure there is no oncoming traffic.,b:Use your mirrors and look over your left shoulder to check your blind spot when passing to the left.,c:When passing, wait until you can see both headlights of the passed car in your rearview mirror before returning to your original lane.",c,"When passing, you must always signal at least 100 feet in advance of your lane change. Always check behind you in your mirrors and look over your shoulder to check your blind spot. Wait until you can see both headlights of the passed car in your rearview mirror before returning to your original lane.",difficult
5,Driving in Special Conditions,"To prevent hydroplaning, you should:","a:Ensure that your tires have good tread depth.,b:Ensure that your tires are properly inflated.,c:Reduce your speed when driving in the rain.",c,"To prevent hydroplaning, you should ensure that the tires on your vehicle have good tread depth and are inflated to the proper pressure. Reduce the speed of your vehicle when driving in the rain. Hydroplaning occurs most frequently at higher speeds.",medium
3,"Signs, Signals & Pavement Markings",Drivers may not pass from either side of a ____ centerline.,"a:Combination solid and broken yellow,b:Single broken yellow,c:Double solid yellow",c,A double solid yellow line down the center of a two-way road means that it is prohibited for traffic from either direction to cross the center to pass.,easy
5,Driving in Special Conditions,The best way to avoid hydroplaning is to:,"a:Keep your tires properly maintained.,b:Slow down when roads are wet or slushy.,c:Watch out for standing water or puddles.",b,"When roads are wet, cars take a longer distance to stop and may skid on quick turns. Do not use cruise control when driving under wet or icy conditions. Reduce your speed and drive with caution.",medium
4,Safe & Defensive Driving Practices,"If worried, nervous, angry, or crying, a driver:","a:Will drive no differently than they would if they were thinking more clearly.,b:Can drive faster because they are more in touch with their senses.,c:Should take the time to focus on driving before starting the engine.",c,"You may not be able to drive well if you are worried, excited, crying, angry, or depressed. Emotions can distract you from your driving because your mind is focused on something else. Take time to calm down and get focused before driving.",easy
2,Traffic Laws & Rules of the Road,A driver entering public traffic from a driveway or private road:,"a:Has the right-of-way.,b:Should yield to drivers already on the public road.,c:May force their way into traffic.",b,"If you are entering traffic from a driveway or private road, you should yield to drivers already on the public road. Merge safely into traffic when you are able to do so.",easy
6,"Alcohol, Drugs & Impaired Driving",Alcohol causes:,"a:Loss of concentration.,b:Poor coordination.,c:Slower judgment.",a,"Consuming even a small amount of alcohol will impair your vision, judgment, concentration, and coordination.",easy
6,"Alcohol, Drugs & Impaired Driving",A driver who is taking a non-prescription drug should:,"a:Read the labels on the drug before driving.,b:Drink alcohol instead.,c:Continue to drive regardless of any warning labels.",a,"Many over-the-counter medications can affect your ability to drive safely. If you take medication, even a remedy for colds or allergies that is not prescribed, check the label for warnings about its effects. If you are unsure, ask your doctor or pharmacist about driving while on the medication.",easy
4,Safe & Defensive Driving Practices,The most effective safety restraints in a traffic crash are:,"a:Only a lap and shoulder belt.,b:Only an airbag.,c:Both a lap/shoulder belt and an airbag.",c,"Safety belts can double your chance of surviving a crash and more than double your chance of avoiding serious injury. Airbags, when used properly with safety belts, provide additional protection in a front-end crash. You should wear both shoulder and lap belts.",easy
4,Safe & Defensive Driving Practices,Seat belts are most effective when they are worn by:,"a:The person driving the car.,b:Passengers when they are on a long drive.,c:All occupants of a car being driven on an expressway.",c,"When you drive, make sure each person in your vehicle wears a seat belt. In the event of a crash, a person without a seat belt becomes a flying object and a danger to each person in the vehicle.",medium
8,Special Situations & Road Users,"You are approaching a railroad crossing that has no visible gates or flashing lights, but has a standard crossbuck. You should:","a:Approach all tracks with extreme caution and cross only when you know that there is no train coming.,b:Turn your radio down to hear if there may be an approaching train.,c:Only continue once cleared to do so by a flagger, if applicable.",a,"You must approach all railroad crossings with extreme caution and cross only when you know that no train is coming from either direction. If there is a flagger at a crossing, you must obey all of their instructions.",medium
8,Special Situations & Road Users,When approaching a railroad crossing warning sign:,"a:Be ready to drive faster than the train.,b:Be prepared to stop if a train is nearby.,c:Look for a way around any lowered gates.",b,Railroad crossing warning signs are used to warn drivers of the possibility of a train. Drivers should obey all railroad crossing warning signs and never go around barriers or disregard the warning sign.,easy
2,Traffic Laws & Rules of the Road,You are waiting in the intersection to complete a left turn. You should:,"a:Signal and keep your wheels turned to the left.,b:Signal and keep your wheels straight.,c:Flash your headlights so drivers will let you through.",b,"You must always signal before turning or changing lanes. You should keep your wheels straight while waiting to make a left turn. If another vehicle hits you from behind, this ensures that you will not be pushed into oncoming traffic.",medium
3,"Signs, Signals & Pavement Markings",When should you drive in a lane under a lane signal showing a red X?,"a:If there is no visible oncoming traffic.,b:If you are passing the car in front of you.,c:Between sunset and sunrise.",c,"Lane use control signals are used when the direction of the flow of traffic in a specific lane changes throughout the day. They are used to show which lanes of traffic are open and closed, as well as to show if toll booths are open or closed. Drivers should never drive in a lane underneath a red X.",difficult
8,Special Situations & Road Users,You are coming to a railroad crossing where the crossing signals are flashing. You should:,"a:Stop and look for a train.,b:Slow down and look for a train.,c:Look for a train, then speed up.",a,"When approaching a railroad crossing, you must stop your vehicle no closer than 15 feet from the nearest rail if an installed electric or mechanical signal is giving warning of an approaching train. Be aware of other warning signs that may indicate an oncoming train, including seeing a lowered crossing gate or hearing an oncoming train.",medium
4,Safe & Defensive Driving Practices,"When changing lanes on a highway, you should:","a:Signal a lane change.,b:Check your rearview and outside mirrors.,c:Check your blind spot by glancing over your shoulder.",c,"Any time you want to change lanes, you should properly signal your intentions well in advance, check your mirrors, and check your blind spot. You can check your blind spot by glancing over your shoulder in the direction that you plan to move.",medium
6,"Alcohol, Drugs & Impaired Driving","Blood alcohol content (BAC) depends on each of the following, except:","a:Your body weight.,b:How much you drink.,c:How much time passes between drinks.",c,"Your blood alcohol content (BAC) depends on how much alcohol you drink, how much time passes between drinks, and your weight. It is not affected by the type of alcoholic beverages you drink, your level of physical fitness, or how well you can ""hold your liquor.""",difficult
2,Traffic Laws & Rules of the Road,You may pass another vehicle:,"a:In a curve or on a hill because the chance is small that another vehicle is coming.,b:By using the shoulder of the highway.,c:If your lane is next to a solid yellow line and the passing lane is clear ahead.",c,You may not pass another vehicle on a hill or in a curve because you cannot see oncoming traffic and may cause a collision. Never pass another vehicle by driving onto the shoulder of a highway. Passing another vehicle by driving over a solid yellow line is prohibited.,difficult
5,Driving in Special Conditions,"When driving on slippery roads, you should:","a:Use alternate routes.,b:Drive as you would on dry roads.,c:Increase your following distance.",c,"On slippery roads, you should increase your following distance. It may take more time to stop your vehicle than it would under normal conditions.",easy
8,Special Situations & Road Users,"A driver should be extra alert to motorcyclists, bicyclists, and pedestrians because:","a:They’re difficult to see in traffic.,b:They obey different traffic laws than larger motor vehicles.,c:They always have the right-of-way.",a,"In many collisions with motorcycles, bicycles, and pedestrians, drivers reported that they were looking but still did not see the smaller vehicle or pedestrian. These can be more difficult to spot in traffic than passenger vehicles because they are smaller, may move faster, and have less noticeable lighting. To prevent collisions with these smaller and less protected road users, drivers should always be alert to the presence of motorcycles, bikes, and pedestrians.",easy
8,Special Situations & Road Users,You are driving along a street and hear a siren. You cannot immediately see the emergency vehicle. You should:,"a:Keep driving until you see the vehicle.,b:Pull to the curb and look to see if it is on your street.,c:Slow down. Don't stop until you see it.",b,"If you hear a siren or an air horn close by but do not know exactly where the emergency vehicle is, safely pull over to the right side of the road and stop until you are sure it is not headed toward you.",medium
2,Traffic Laws & Rules of the Road,The posted speed limit shows:,"a:Only a recommended driving speed.,b:The exact speed at which you must travel to avoid a ticket.,c:The maximum safe driving speed under ideal road and weather conditions.",c,"A speed limit sign shows the maximum legal driving speed for the stretch of highway where it is posted. Driving safely may require you to travel more slowly than the posted limit. When conditions are less than ideal, drivers should slow down.",easy
3,"Signs, Signals & Pavement Markings",A yellow and black diamond-shaped sign:,"a:Warns you about conditions on or near the road.,b:Helps direct you to cities and towns ahead.,c:Tells you about traffic laws and regulations.",a,"Warning signs, which tell you about conditions on or near the road ahead, are usually diamond-shaped with black symbols or words on a yellow background.",easy
2,Traffic Laws & Rules of the Road,"When passing another vehicle on a road with two lanes traveling in opposite directions, you should:","a:Return to the driving lane when there's enough room between you and the vehicle you passed.,b:Remain in the left lane if you intend to turn left.,c:Return to the right side of the roadway immediately.",a,"When passing another vehicle on a two-lane roadway, you must return to the right side of the roadway when there is enough room between you and the vehicle you have passed.",medium
7,Vehicle Ownership & Responsibilities,Flashing hazard lights may be used:,"a:When your vehicle is stopped or disabled on the highway or shoulder.,b:When rain decreases visibility.,c:When driving at night.",a,Flashing hazard lights must only be used if your vehicle is disabled or legally stopped on the highway or shoulder. They may also be used when driving in a funeral procession.,medium
4,Safe & Defensive Driving Practices,You are involved in an accident and another person is injured. You should:,"a:Moved the injured away from the scene immediately.,b:Always leave the injured where they are.,c:Not move the injured unnecessarily. Keep the injured warm and administer first aid.",c,"After an accident, do not move the injured unnecessarily. Unskilled handling can make serious injuries out of minor ones. Keep the injured warm until skilled help arrives. If there is severe bleeding, attempt to stop the flow of blood with direct pressure.",medium
5,Driving in Special Conditions,Roads freeze quickly when they are:,"a:Flat.,b:Curvy.,c:In the sun.,d:Shaded by trees or buildings.",d,"In cold or wet weather, you should take special care on sections of road that are shaded by trees or buildings. These areas freeze more quickly than the rest of the road and are the last parts of the road to dry.",difficult
3,"Signs, Signals & Pavement Markings",You may not cross a single broken white or yellow line:,"a:When doing so would interfere with traffic.,b:When turning left into a driveway.,c:When the car in front of you is disabled.",a,You may cross a single broken line to pass or change lanes as long as you can do so safely and without interfering with traffic.,medium
6,"Alcohol, Drugs & Impaired Driving",Drivers who have consumed alcohol before getting behind the wheel:,"a:Are always aware of the risks they are taking.,b:Do not have sufficient control over their bodies and minds or the vehicles being driven.,c:Are better drivers because they are more careful than sober drivers.",b,"Alcohol is a depressant that negatively affects judgment, vision, concentration, understanding of reality, and reaction time. It is never safe to consume alcohol in any amount before getting behind the wheel of a car.",easy
3,"Signs, Signals & Pavement Markings",An octagonal sign is always a:,"a:Speed limit sign.,b:Stop sign.,c:Hospital sign.",b,"Octagonal signs are always stop signs. Come to a complete stop when approaching a red, eight-sided sign.",easy
8,Special Situations & Road Users,"When you see a ""Drawbridge"" sign and you see a flashing yellow light, you should:","a:Slow down and prepare to stop.,b:Quickly speed up.,c:Proceed with caution.",a,"When a yellow light is flashing near a drawbridge, the drawbridge is in operation. Slow down and prepare to stop.",medium
2,Traffic Laws & Rules of the Road,"To pass a slower-moving vehicle on a two-lane, two-way road, you must:","a:Not cross the centerline.,b:Flash your lights at oncoming traffic.,c:Use the shoulder.,d:Use the lane belonging to oncoming traffic.",d,"Passing on a two-lane, two-way road requires good judgment because you must use the lane belonging to oncoming traffic to complete your pass. Only pass if you may safely and legally do so.",difficult
8,Special Situations & Road Users,"On the freeway, you see a ""Merging traffic“ sign. You should:","a:Honk at incoming traffic.,b:Always remain at your present speed.,c:Speed up to avoid congesting traffic.,d:Move over one lane to make room for entering vehicles.",d,"When on a roadway with two or more lanes, you should make room for entering vehicles. If there is no one driving next to you, move over one lane.",medium
8,Special Situations & Road Users,"When a drawbridge signal is red, you should:","a:Come to a complete stop.,b:Quickly speed up.,c:Proceed with caution.",a,"If a drawbridge signal is red, come to a complete stop at the marked stop line. The bridge is in operation and the roadway is closed to all pedestrian and motor vehicle traffic.",easy
2,Traffic Laws & Rules of the Road,"Before turning left, it is important to:","a:Sound your horn.,b:Yield to oncoming vehicles.,c:Swing to the right side of your lane.",b,"When turning left at a traffic signal, you must yield the right-of-way to pedestrians and oncoming traffic.",easy
2,Traffic Laws & Rules of the Road,"You are making a left turn from a two-way street onto a one-way street. When you have completed the turn, your car should be:","a:In the right lane of the street.,b:In the center of the street.,c:In the left lane of the street.",c,"If you are turning left from a two-way street onto a one-way street, you should complete the turn into the lane closest to the lane you have just left.",medium
2,Traffic Laws & Rules of the Road,You must yield to other drivers:,"a:When entering a street from a garage or alley.,b:When they are on a road to your left and you have reached an unmarked intersection at the same time.,c:When your traffic signal is a green arrow.",a,"You must yield to other drivers when entering a street from an alley, driveway, or garage. You must also yield to pedestrians who are on an intersecting sidewalk.",easy
4,Safe & Defensive Driving Practices,"Under normal weather and traffic conditions, keep a minimum following distance of:","a:One second.,b:Two seconds.,c:Three seconds.,d:Four seconds.",d,"The more distance between your vehicle and others, the more time you have to react to potential hazards. Keep a minimum following distance of four seconds under normal weather and traffic conditions. Increase your following distance during unusual weather or traffic conditions.",medium
4,Safe & Defensive Driving Practices,"If you need to stop quickly and your vehicle is not equipped with an Anti-Lock Braking System (ABS), you should:","a:Hold down the brake pedal.,b:Firmly pump your brakes.,c:Lightly tap the brakes.",b,Pumping the brakes is generally the best way to stop a car in an emergency. The car will stop quickly and you will also be able to continue steering.,medium
2,Traffic Laws & Rules of the Road,When is it illegal to drive below the speed limit?,"a:When driving slowly disrupts the normal flow of traffic,b:When in heavy traffic in a construction zone,c:Only when driving in rural areas.",a,It is illegal to drive so slowly that you disrupt the normal flow of traffic. You may receive a citation for driving too slowly.,medium
3,"Signs, Signals & Pavement Markings",Round signs indicate:,"a:No passing zones.,b:School zones.,c:Upcoming railroad crossings.",c,Round signs warn drivers of an upcoming railroad crossing area. Drivers should use extra caution when approaching a railroad crossing.,easy
3,"Signs, Signals & Pavement Markings",A red and white triangular sign at an intersection means:,"a:Slow down if an emergency vehicle is approaching.,b:Look both ways as you cross the intersection.,c:Always come to a full stop at the intersection.",b,A triangular red and white yield sign means that you must decrease speed as you approach an intersection and yield the right-of-way to any vehicles or pedestrians in the intersection. You must be prepared to stop if conditions require it.,medium
2,Traffic Laws & Rules of the Road,"From the center lane, which maneuver(s) can you perform?","a:You may make left turns.,b:You may make U-turns.,c:You may pass slow-moving traffic.",a,This sign indicates where a lane is reserved for the exclusive use of left-turning vehicles from either direction. Such a lane may not be used for passing or for through-traffic.,medium
2,Traffic Laws & Rules of the Road,The driver's left arm and hand are extended downward. This hand signal means that the driver plans to:,"a:Turn left.,b:Turn right.,c:Stop.",c,"If a driver's left arm and hand are extended downward, they are indicating that they intend to stop. Adjust your driving accordingly if following a driver who is using this hand signal.",medium
3,"Signs, Signals & Pavement Markings",A solid yellow line on your side of the centerline means:,"a:Slow down.,b:Pass with caution.,c:Do not pass.",c,A solid yellow line next to your lane means that passing is not permitted from your direction.,easy
2,Traffic Laws & Rules of the Road,"When two vehicles enter an intersection from different highways at the same time, which vehicle must yield the right-of-way?","a:Either one,b:The vehicle on the left,c:The vehicle on the right",b,"At intersections that are controlled by signs or signals and at intersections that are uncontrolled, the driver on the left must yield the right-of-way to the driver on the right when two vehicles arrive to the intersection at the same time.",medium
8,Special Situations & Road Users,"As a pedestrian, you should:","a:Always insist on the right-of-way over a vehicle when using a crosswalk.,b:Never enter a street or crosswalk when vehicles are approaching.,c:Enter a crosswalk at any time because it is the vehicle driver’s responsibility to stop.",b,"Pedestrians should not enter a street or crosswalk when vehicles are approaching. Though pedestrians have the right-of-way in crosswalks, a vehicle approaching from a close distance may not have the time to stop before entering the crosswalk.",easy
2,Traffic Laws & Rules of the Road,The speed limit is ____ in school zones.,"a:55 mph,b:45 mph,c:30 mph,d:20 mph",d,The speed limit in school zones is 20 mph. Use extra caution when driving in school zones.,medium
3,"Signs, Signals & Pavement Markings","When approaching a steady red traffic light, drivers should:","a:Drive through the intersection if there is no crossing traffic.,b:Continue driving, as they have the right-of-way.,c:Stop only if a police officer is nearby.,d:Come to a complete stop.",d,A steady red traffic light indicates that drivers must come to a complete stop. Driving through a red light is against the law and is extremely dangerous. Drivers may turn right on a steady red light if there is no sign prohibiting a turn on red.,easy
2,Traffic Laws & Rules of the Road,"If you are driving on the interstate and pass your exit, you should:","a:Quickly cut across traffic to make your turn.,b:Make a U-turn to go back to the exit.,c:Continue driving and use the next exit.",c,"Don’t make a last-minute turn into an exit. If you pass your exit, you must go to the next one.",easy
4,Safe & Defensive Driving Practices,"To help prevent crashes, you should:","a:Communicate with other road users.,b:Ignore other drivers on the road.,c:Drive only on side streets and back roads.",a,"Crashes often happen because one driver does something that other road users are not expecting. You should communicate with other motorists, bicyclists, and pedestrians by doing things like signaling when slowing down, stopping, or changing direction. Use your emergency signals or horn when appropriate.",easy
4,Safe & Defensive Driving Practices,Distracted driving is:,"a:Very uncommon.,b:Extremely risky behavior.,c:Nothing to be concerned about.",b,"Distracted driving is extremely risky behavior that puts not only you and your passengers in danger, but also endangers pedestrians, bicyclists, and other motorists sharing the road. Focused attention on driving helps to prevent crashes.",easy
6,"Alcohol, Drugs & Impaired Driving",Which of the following does not happen after drinking?,"a:Your reflexes and reaction time slow down.,b:Your judgement of speed and distance is distorted.,c:You are less alert.",c,"Alcohol reduces your reaction time, reduces your ability to see clearly, changes your judgment of speed and distances, reduces your ability to recover from the glare of headlights, and often reduces your inhibitions and makes you more likely to take risks.",difficult
4,Safe & Defensive Driving Practices,Your ability to stop is affected by:,"a:Signal lights.,b:Other cars on the road.,c:The time of day.,d:The condition of the road.",d,Your ability to stop is greatly affected by the condition of the road. You need to reduce your speed when road conditions are poor in order to maintain control of your vehicle. You will be at risk if you are driving too quickly on roads that are slippery and you need to stop.,difficult
2,Traffic Laws & Rules of the Road,A speed limit is:,"a:The maximum or minimum legal speed you can travel on a road under dangerous conditions.,b:The maximum or minimum legal speed you can travel on a road under ideal conditions.,c:The suggested speed to travel on a road under ideal conditions.",b,"A speed limit is the maximum or minimum legal speed you can travel on a road under ideal conditions. You may drive more slowly than the posted speed, but it is illegal to drive any faster. You must drive more slowly where signs or signs indicate a school zone or work zone speed limit. If conditions such as road construction or bad weather make the posted speed unsafe, drive under the speed limit.",easy
3,"Signs, Signals & Pavement Markings","When you see this black and yellow sign, it means:","a:The road to the right is for one-way traffic only.,b:That due to upcoming roadwork, there is a detour to the right.,c:Slow down because the road ahead changes direction at an extreme angle.",c,"This sign indicates that the road ahead changes direction at an extreme angle (in this case, to the right). Before you reach such an extreme curve, you should slow down as much as you would when making a turn at an intersection.",medium
4,Safe & Defensive Driving Practices,"When encountering an aggressive driver, you should:","a:Avoid eye contact, slow down, and let them pass.,b:Cut them off to slow them down.,c:Retaliate by tailgating them.",a,"If another driver is threatening you or intentionally driving dangerously around you, remain calm and try to put as much distance between the two of you as possible. Slow down and let them pass. Do not make eye contact and do not make obscene gestures.",easy
8,Special Situations & Road Users,You should be cautious when passing a bicycle because:,"a:You are moving faster than the bicycle.,b:The bicycle always has the right-of-way.,c:Oncoming traffic may not see you pull out to pass the bicycle.",a,You should always be cautious when passing a bicycle because the cyclist may have to swerve into traffic to avoid an object on the road. Always be particularly careful when driving near bicyclists.,medium
5,Driving in Special Conditions,Which of the following about winter driving is not true?,"a:Winter is the most difficult driving season.,b:Checking your vehicle's antifreeze and windshield washer fluid levels is especially important during the winter.,c:Using cruise control in winter weather is a safe thing to do.",c,"You should not use cruise control on snow, in rain, in fog, or under similar hazardous conditions. Winter is the most difficult driving season and requires extra caution from drivers. It is important to consistently check your antifreeze and windshield washer fluid levels. Using snow tires can increase a vehicle's traction on the surface of slippery roads.",medium
3,"Signs, Signals & Pavement Markings",You may cross solid yellow lines:,"a:To pass traffic moving in the same direction.,b:During daylight hours only.,c:At any time.",b,"As a general rule, broken traffic lines may be crossed but solid lines may not. Solid yellow lines may be crossed only when the driver is making a turn.",difficult
8,Special Situations & Road Users,If there are two railroad tracks next to each other:,"a:It is always safe to proceed after one train passes.,b:You must always stop before crossing the tracks.,c:When one train passes, look for another train on the other track before proceeding.",c,"If there are two railroad tracks next to each other, watch for a second approaching train after one train passes. Do not begin to cross the tracks until you’re sure no train is approaching from either direction on either track.",medium
3,"Signs, Signals & Pavement Markings",Work zone signs mean:,"a:It is summer.,b:You must immediately stop and back up.,c:Less than ideal conditions are present for driving.",c,Work zone signs are orange and indicate that some type of work is being performed on or alongside the roadway. Be extremely careful when you see these signs.,easy
8,Special Situations & Road Users,"If a transit vehicle is signaling to re-enter the main roadway following a stop, you must:","a:Honk to let them know you’re there.,b:Move to the left lane.,c:Yield.",c,"You must yield to any transit vehicle that is signaling to pull back onto the main roadway after it has stopped to load or unload passengers. Change lanes, slow down, or stop to allow the bus safe re-entry into traffic.",easy
2,Traffic Laws & Rules of the Road,Leaving the scene of a crash is:,"a:Encouraged.,b:The most efficient way to handle an accident.,c:Not recommended, but is acceptable.",c,"It is against the law to leave the scene of a crash that causes property damage, injury, or death. Drivers involved in such an accident are required to provide their information and supply aid.",easy
3,"Signs, Signals & Pavement Markings",Guide signs are ____ signs that provide directional and mileage information to drivers.,"a:Yellow,b:Red,c:Green",c,"Guide signs, sometimes known as destination signs, have a green background and provide directional and mileage information to specific destinations. They can be a helpful resource when driving in unfamiliar locations.",easy
2,Traffic Laws & Rules of the Road,What do speed limit signs indicate?,"a:Potential driving speeds for the area,b:The maximum or minimum speed that is legally allowed to be driven,c:The speed drivers should drive in heavy traffic",b,Speed limit signs indicate the maximum or minimum safe speed that is allowed to be driven on a roadway. The maximum limits are for ideal conditions and you must reduce your speed when conditions require it.,easy
3,"Signs, Signals & Pavement Markings","When approaching a steady yellow traffic light, drivers should:","a:Accelerate to avoid a red light.,b:Continue driving, as they have the right-of-way.,c:Slow to a stop, unless they are already within the intersection.",c,A steady yellow traffic light indicates that a red light is about to appear. Stop unless you are already within the intersection.,easy
8,Special Situations & Road Users,"When a funeral procession is present, ____ has the right-of-way.","a:The funeral procession,b:A pedestrian,c:Another driver",a,"Drivers, pedestrians, and bicyclists must yield the right-of-way to funeral processions. When the lead vehicle enters an intersection, the remaining vehicles in the funeral procession may follow through the intersection regardless of any traffic control devices.",medium
5,Driving in Special Conditions,"When driving on slick roads, you should:","a:Take turns more slowly than usual.,b:Change lanes quickly.,c:Accelerate quickly.",a,"While it is always dangerous to drive too fast on slippery roads, this is especially true when driving in turns and curves. Be sure to approach them more slowly in slippery conditions than you would under normal circumstances.",easy
4,Safe & Defensive Driving Practices,"If you begin to feel tired while driving, the best thing to do is to:","a:Get some coffee.,b:Open your window.,c:Stop driving.",c,"Being fatigued while driving is similar in danger to driving under the influence of alcohol. If you begin to feel tired while driving, the best thing to do is to stop driving.",easy
4,Safe & Defensive Driving Practices,Look over your shoulder to check your blind spot when:,"a:Pulling toward or away from a curb.,b:Turning left or right.,c:Changing lanes.",c,"Look over your shoulder to check your blind spot every time you want to change your vehicle's position. If you are turning, changing lanes, or pulling toward or away from a curb, you should check your blind spots.",easy
2,Traffic Laws & Rules of the Road,Do not pass:,"a:On a hill or curve.,b:When school bus lights are flashing.,c:When approaching an intersection.",a,"You should never pass if there is an oncoming vehicle in the passing lane, if your view is blocked by a curve or hill, at an intersection, before or on a railroad crossing or bridge, or in any other no passing zone. Unless you are on the opposite side of a multilane roadway with a median or shared center turn lane, you may not pass a stopped school bus that has its flashing red lights activated.",medium
5,Driving in Special Conditions,If you need to drive in foggy weather:,"a:Turn on your low beam headlights.,b:Turn on your hazard lights.,c:It is okay to drive at the maximum speed limit.",a,"You are required to use your headlights during the day when visibility is reduced to 500 feet or less. When you first turn on your headlights, be sure they are adjusted to the low beam setting. Using high beams in fog or rain will cause the light to reflect back into your eyes, lowering visibility even more.",medium
3,"Signs, Signals & Pavement Markings",You come to an intersection displaying a flashing red light. You should:,"a:Come to a full stop and go when it is safe to do so.,b:Stop only if other cars are also approaching the intersection.,c:Stop only if other cars are already within the intersection.",a,"A flashing red traffic light has the same meaning as a stop sign. You must stop, yield the right-of-way, and go once it is safe.",easy
2,Traffic Laws & Rules of the Road,"If you reach an intersection where you wish to turn but you are not in the proper lane, you should:","a:Quickly cut across traffic to make your turn.,b:Turn on your blinker and make the turn from your current lane.,c:Drive to the next intersection and make your turn then.",c,"Never make last-minute turns. If you reach an intersection where you wish to turn but you are not in the proper lane to make the turn, drive to the next intersection and then make the turn from the proper lane.",easy
8,Special Situations & Road Users,"On a road which has no sidewalks, a pedestrian should walk on the:","a:Side of the road which has the lightest traffic.,b:Same side of the road on which traffic is moving.,c:Side of the road facing oncoming traffic.",c,Pedestrians should walk on the side of the road facing the traffic in the lane nearest them.,easy
4,Safe & Defensive Driving Practices,You are borrowing an unfamiliar vehicle from a friend. You should:,"a:Not put too much thought into it because all vehicles are the same.,b:Hide from your friend that you are unfamiliar with the vehicle.,c:Disregard any obvious defects to avoid embarrassing your friend.,d:Take a few minutes to familiarize yourself with the vehicle's controls.",d,"When driving an unfamiliar vehicle, take a few minutes before driving to familiarize yourself with the location and operation of the turn signals, hazard warning signals, headlights and beam selector, windshield wipers and washers, brakes, gear selector, and horn. Any defects should be corrected before the vehicle is driven.",difficult
3,"Signs, Signals & Pavement Markings",A yellow light that flashes on and off means:,"a:Stop and look for other vehicles, then go if there is no traffic.,b:Stop and wait for a green light.,c:Speed up to clear the intersection quickly.",a,A flashing yellow traffic light means drivers should slow down and proceed with caution.,medium
6,"Alcohol, Drugs & Impaired Driving","____ limit your concentration, perception, judgment, and memory.","a:Only a blood alcohol level greater than the legal limit can,b:Alcohol does not,c:Even the smallest amount of alcohol can",c,"Even the smallest amount of alcohol will reduce your concentration, perception, judgment and memory, and your driving skills will suffer. No one can drink and drive safely.",easy
1,Licensing & Permit Requirements,A driver who has been convicted of three traffic offenses that caused accidents over the course of three years:,"a:Must complete a DHSMV-approved driver improvement course.,b:Must hand in their license.,c:Will not be permitted to drive on freeways.",a,The Three Crashes in Three Years Law requires drivers who have been convicted of three traffic incidents that have caused accidents over the course of 36 months to enroll in and complete an approved driver improvement course. The driver must also complete behind-the-wheel training from a commercial driving school and pass an extended driving test. The requirements must be met within 90 days or the driver's license will be canceled.,difficult
3,"Signs, Signals & Pavement Markings",A broken yellow line alongside a solid yellow line means:,"a:Passing on the left is permitted from either direction.,b:Passing is permitted from the lane next to the broken line.,c:Passing is permitted from the lane next to the solid line.",b,A broken yellow line alongside a solid yellow line means that passing is allowed from the lane on the side next to the broken line.,medium
2,Traffic Laws & Rules of the Road,"If you are driving so slowly that traffic is backing up behind you, you should:","a:Decrease your speed.,b:Pull off the right side of the road and let traffic pass.,c:Not let the other cars pass your vehicle.",b,"Driving more slowly than the flow of traffic can be hazardous. If you are on a two-lane, two-way road and driving so slowly that traffic is backing up behind you, you are required to pull off the road and let the other vehicles pass. Only drive significantly under the speed limit when conditions require it.",medium
2,Traffic Laws & Rules of the Road,"When making a right turn on a green light, you must:","a:Maintain your normal driving speed.,b:Stop and look for nearby police cars.,c:Yield to pedestrians.",c,"Unless a posted sign prohibits it, you may turn right or left at a steady green light. When turning, you must yield to other vehicles and pedestrians within the intersection.",easy
3,"Signs, Signals & Pavement Markings",A red arrow displayed on a traffic light means that:,"a:A driver must proceed slowly through the intersection.,b:A driver must stop and then proceed when the way is clear.,c:A driver must stop and then proceed when the signal changes to a green light or green arrow.",c,"Unless a posted sign indicates otherwise, a traffic signal displaying a red arrow means that drivers must come to a full stop and remain stopped until a green light or green arrow appears.",medium
3,"Signs, Signals & Pavement Markings",You are driving on a highway divided by two solid yellow lines. You may:,"a:Cross these lines only to make a left turn into or from an alley, private road, or driveway.,b:Cross these lines to pass other vehicles, but only if there is no oncoming traffic.,c:Cross these lines under no circumstances.",a,"Double solid yellow lines are used to mark roadways where passing is prohibited from both directions. You may cross these lines only to make a left turn into or from an alley, private road, or driveway.",medium
3,"Signs, Signals & Pavement Markings",A regulatory sign containing a red circle with a slash through the middle indicates:,"a:That drivers should come to a complete stop.,b:That an action is forbidden.,c:That some drivers should yield to other drivers.",b,Some regulatory signs prohibit certain actions. These signs are rectangular and white with red and black markings. A red circle and slash on top of a black symbol indicates that the specified action is forbidden.,easy
8,Special Situations & Road Users,You must pull over to the edge of the road and allow an emergency vehicle to pass:,"a:Regardless of your direction.,b:Only if it is following you.,c:Only if it is approaching you from the opposite direction.",a,"You must pull over to the right edge of the road and stop for an emergency vehicle with flashing lights, regardless of whether it is approaching you from behind or from the opposite direction.",easy
8,Special Situations & Road Users,"On a two-lane street, your vehicle is being followed by a fire engine that is not using its emergency signals. You should:","a:Continue to drive in a normal manner.,b:Stop as quickly as you can.,c:Speed up to get out of its way.",a,"If you are being followed by an emergency vehicle that is not using its siren or flashing lights, you do not need to clear a path. Continue driving in a normal manner.",medium
4,Safe & Defensive Driving Practices,Which is not a factor in determining the distance that it takes to stop your vehicle?,"a:Steering ability,b:Braking distance,c:Reaction distance",a,"The distance required to stop your vehicle depends on perception time, reaction distance, and braking distance. This changes with speed and road conditions.",medium
4,Safe & Defensive Driving Practices,____ greatly increase stopping distances and severity of crashes.,"a:High speeds,b:Slow speeds,c:Night drives",a,"High speeds greatly increase stopping distances and severity of crashes. The faster you drive, the greater the impact or striking power of your vehicle, should you be involved in a collision.",easy
2,Traffic Laws & Rules of the Road,"Unless otherwise posted, the speed limit is ____ in municipal, business, and residential areas.","a:70 mph,b:55 mph,c:45 mph",c,"Unless otherwise posted, the speed limit in municipal, business, or residential areas is 30 mph. If a posted sign indicates otherwise, follow the speed limit on the posted sign.",medium
5,Driving in Special Conditions,"If your car starts to skid, turn your steering wheel:","a:To keep the front wheels straight.,b:In the direction you want the vehicle to go.,c:In the opposite direction of the skid.",b,"If your vehicle goes into a skid, you should turn the steering wheel in the direction you want the vehicle to go. As soon as the vehicle begins to straighten out, turn the steering wheel back the other way.",medium
2,Traffic Laws & Rules of the Road,What should you do when you are going to enter a roadway from a private road?,"a:Blow your horn to warn cars you are entering the roadway.,b:Stop with part of your car on the roadway to alert other drivers.,c:Drive out fast to merge smoothly with the traffic.,d:Yield to pedestrians and vehicles already on the public road.",d,"When entering a roadway from a driveway or private road, you must yield the right-of-way to pedestrians and traffic on the roadway.",medium
8,Special Situations & Road Users,"When dealing with pedestrians, a driver must:","a:Make sure the pedestrian is aware of their vehicle.,b:Always yield the right-of-way, even if the pedestrian is in the wrong.,c:Yield the right-of-way only when the pedestrian is legally entitled to it.",b,"You must do everything you can to prevent striking a pedestrian or another vehicle, regardless of the circumstances. It is the driver’s basic responsibility to be alert to pedestrians and to yield the right-of-way to all pedestrians, even if the pedestrian is crossing the street where they should not be.",medium
7,Vehicle Ownership & Responsibilities,"Posters, signs, and stickers on the windshield and windows:","a:Are a fun way to personalize your vehicle.,b:Are permitted if they allow the driver at least a little visibility.,c:Are prohibited, unless they are otherwise specifically required by law.",c,"Obstructions on windows are prohibited. No sign, poster, or sticker may be placed on any window of a vehicle, unless it is specifically required by law to be on a vehicle's window.",medium
4,Safe & Defensive Driving Practices,"To help relieve fatigue on a long trip, it is a good idea to:","a:Stop and rest every two hours.,b:Do arm exercises every hour.,c:Drive with one eye open at a time.",a,"To avoid becoming fatigued while taking a long trip, stop every two hours for a short break. If you become drowsy, pull off the road and park in a safe place to take a nap, or find a room to stay for the night.",easy
2,Traffic Laws & Rules of the Road,"At an intersection with a stop sign, you should stop and:","a:Check your rearview mirror for cars tailgating.,b:Move when the vehicle ahead of you moves.,c:Look right first, then left, then right again.",c,"When stopped at an intersection, you should first look to your left, as vehicles coming from the left are closer to you than vehicles coming from the right. Look to your right, then look to your left again, in case there are any vehicles coming from that direction that you did not see at first glance.",medium
6,"Alcohol, Drugs & Impaired Driving",What kinds of drugs can affect your driving ability?,"a:Allergy medicine,b:Marijuana,c:Cold remedies",b,Many kinds of drugs can impair your ability to drive. This includes illegal drugs and legal prescription or over-the-counter medications. It can be a criminal offense to drive while impaired by any drug.,easy
2,Traffic Laws & Rules of the Road,A good rule to remember for passing is:,"a:Pass on the right whenever possible.,b:Drive with the flow of traffic and pass only as needed.,c:Try to get to the front of any slow-moving traffic so that you can see better.",b,"Each time you pass another vehicle, there is an increased chance for a collision. If you are moving faster than surrounding traffic, you will have to continue passing others. Drive with the flow of traffic, within the legal speed limit, and pass only as needed.",easy
7,Vehicle Ownership & Responsibilities,Your brake lights tell other drivers that you:,"a:Are making a turn.,b:Have your emergency brake on.,c:Are changing lanes.,d:Are slowing down or stopping.",d,Your vehicle's brake lights indicate to other drivers that you are slowing down or stopping. Your brake lights should always be in working order when you are driving on any roadway.,medium
3,"Signs, Signals & Pavement Markings",A steady yellow light at an intersection means:,"a:Go.,b:Yield to other cars.,c:Slow down and prepare to stop.",c,"A steady yellow light indicates that a steady red light will soon appear. If you are driving toward an intersection and a yellow light appears, slow down and prepare to stop. If you are already within the intersection or cannot stop safely before entering the intersection, continue through carefully.",easy
4,Safe & Defensive Driving Practices,You are driving in the left lane and want to move into the right lane. You should:,"a:Check your mirrors, signal, and look over your left shoulder for other vehicles before changing lanes.,b:Check your mirrors, signal, and look over your right shoulder for other vehicles before changing lanes.,c:Check your mirrors, signal, and look over both shoulders for other vehicles before changing lanes.",b,"When changing lanes, you should check your vehicle's blind spots by looking over your shoulder in the direction that you want to move. Always check your mirrors and turn on your directional signal before beginning a lane change.",medium
8,Special Situations & Road Users,Curbs painted yellow indicate:,"a:Designated free parking areas.,b:Paid parking areas.,c:No parking zones.",c,"Some restricted parking areas are designated by painted curbs. Curbs painted yellow may indicate a loading zone, a fire hydrant, or other restrictions prohibiting parking.",medium
4,Safe & Defensive Driving Practices,"What is the first thing you should adjust, if needed, when you get into a car to drive?","a:Your seat belt,b:The steering wheel,c:Your rearview mirror",c,"When preparing to drive, you should first adjust your seat to ensure that you are in a comfortable position and can see the road clearly. Adjust your mirrors and steering wheel to be effective when your seat is fully adjusted.",medium
4,Safe & Defensive Driving Practices,"When changing lanes, you should:","a:Rely on your mirrors.,b:Begin signaling as you move into the next lane.,c:Signal at least 500 feet before your lane change when driving on residential streets.",a,"Other cars and motorcycles are often hidden in a vehicle’s blind spot, so be sure to glance over your shoulder before you begin a lane change. Begin signaling 100 feet before changing lanes or turning in a residential area. Signal five seconds in advance when changing lanes on a freeway.",medium
3,"Signs, Signals & Pavement Markings",Signs that are colored orange are:,"a:Work zone signs.,b:Regulatory signs.,c:School zone signs.",a,"Highway work zones are established according to the type of work underway along the roadway. Signs in work areas are typically diamond-shaped, orange, have black letters or symbols, and serve as a warning that people are working on or near the highway.",easy
4,Safe & Defensive Driving Practices,"If another car is in danger of hitting you, you should:","a:Sound your horn.,b:Wave your arms.,c:Use your emergency lights.",a,"Your horn should be used to warn other drivers or pedestrians in situations where they may not see you. For example, if you think another driver is about to hit you, you should sound your horn.",easy
2,Traffic Laws & Rules of the Road,Fines for moving traffic violations in construction zones are:,"a:Lessened.,b:Doubled.,c:Unchanged.",b,"In Florida, fines are doubled when infractions occur within construction zones. There will also be possible civil penalties of up to $1,000 and you can be required to complete a driving school course.",medium
3,"Signs, Signals & Pavement Markings",Lanes of traffic moving in the same direction are divided by ____ lines.,"a:Yellow,b:White,c:Red",b,Solid white lines are used to separate lanes traveling in the same direction (as well as to mark the right edge of the road). Broken white lines separate lanes traveling in the same direction and may be crossed to pass. Yellow lines separate lanes of traffic moving in opposite directions.,easy
4,Safe & Defensive Driving Practices,"When riding in a vehicle, small children:","a:May be safely held by a strong adult.,b:Will be safe if they are standing on the floor in the back of the vehicle.,c:Will not be hurt in an accident because they are small.",a,Special child seats are available for children who are too small to wear regular safety belts. No person is strong enough to safely hold onto a child of any size during an accident or sudden stop. Never allow a child to ride in a vehicle unless they are properly fastened into a seat.,medium
3,"Signs, Signals & Pavement Markings",What are the colors of warning signs indicating upcoming hazards?,"a:Black letters or symbols on a white background,b:Black letters or symbols on a yellow background,c:White letters or symbols on a blue background",b,Warning signs that indicate approaching hazards are usually yellow with black lettering or symbols. Warning signs in work zones are orange with black lettering or symbols.,easy
2,Traffic Laws & Rules of the Road,The correct way to use a freeway exit ramp is to:,"a:Slow down before entering the exit ramp.,b:Slow down once moving onto the exit ramp.,c:Keep your speed constant once in the exit ramp.",b,"When using a freeway exit ramp, do not slow down until you move onto the exit ramp.",medium
3,"Signs, Signals & Pavement Markings",A diamond-shaped sign is a:,"a:Road hazard sign.,b:Interstate route sign.,c:School crossing sign.",a,"Warning signs are normally diamond-shaped and yellow, although orange warning signs are used in work areas. Such signs warn that you are approaching a hazardous location or an area where special rules apply.",easy
8,Special Situations & Road Users,"When sharing the road with a truck, it is important to remember that trucks generally:","a:Require longer distances to stop than smaller vehicles do.,b:Require less time to pass on a downgrade than smaller vehicles do.,c:Require a smaller turning radius than smaller vehicles do.",a,"Because of their size, trucks need longer distances to stop than smaller vehicles do.",easy
4,Safe & Defensive Driving Practices,"If your car breaks down on a highway, you should:","a:Sit in your car and wait for help.,b:Use your four-way flashers to warn other drivers.,c:Sound your horn at passing motorists.",b,"If your vehicle breaks down on the highway, you should signal before carefully exiting the roadway and turning on your hazard flashers. Get as far off the road as possible and park in a location where other drivers can easily see you. Lift your hood to let other drivers know your vehicle is disabled.",easy
8,Special Situations & Road Users,"When approaching a school bus stopped with its stop arm extended, drivers should:","a:Come to a complete stop and wait to proceed.,b:Honk their horn before passing the bus on its left.,c:Continue driving when they think most kids are probably done exiting the bus.",a,"When approaching a stopped school bus that is using its stop signal, a driver is required to come to a complete stop. They should not proceed until the stop arm is withdrawn.",easy
4,Safe & Defensive Driving Practices,You should honk your horn when you:,"a:Are traveling through an intersection.,b:Are passing a bicyclist.,c:See a child who is about to run into the street.",c,"Your horn should be used as a warning in situations where you think another driver or a pedestrian does not see you. For example, if a child begins to run into the street in front of your vehicle, you should sound your horn.",easy
3,"Signs, Signals & Pavement Markings",A solid white line down the center of a two-lane road indicates:,"a:Lanes are moving in opposite directions and drivers are not permitted to pass.,b:Lanes are moving in opposite directions and drivers are permitted to pass when it is safe to do so.,c:Lanes are moving in the same direction and drivers are not permitted to pass.",c,White lines are used to separate traffic moving in the same direction. Solid lines indicate that drivers are not permitted to pass.,medium
2,Traffic Laws & Rules of the Road,"When entering a street from a driveway, you:","a:Must drive slowly to allow approaching vehicles and pedestrians time to get out of your way.,b:Must honk your horn so approaching vehicles and pedestrians know to give you room.,c:Must stop and proceed only when there are no pedestrians or vehicles approaching.",c,Always stop before entering the roadway from a driveway and yield to any approaching vehicles or crossing pedestrians. The stop should be made before crossing the sidewalk area. Failure to stop is unlawful.,easy
3,"Signs, Signals & Pavement Markings",What does a single dashed yellow line separating traffic mean?,"a:Drivers may pass if it is safe to do so.,b:Both lanes travel in the same direction.,c:Drivers may not pass.",a,Yellow lines separate traffic moving in opposite directions. A single dashed yellow line in the center of a road indicates that vehicles traveling in both directions are permitted to pass. Drivers may only begin a pass if they will not interfere with any oncoming traffic.,medium
2,Traffic Laws & Rules of the Road,Another driver is trying to pass your car. You should:,"a:Pull off the road.,b:Signal to the other driver when it is safe for them to pass.,c:Check for oncoming traffic and adjust your speed to allow safe passing.",c,Keep right when another driver begins to pass you on the left. Check for oncoming traffic and adjust your speed to let the passing vehicle move back into the right lane as easily as possible.,medium
3,"Signs, Signals & Pavement Markings",What does a single dashed white line separating traffic mean?,"a:Drivers may pass, even if it could be dangerous.,b:Lanes move in opposite directions.,c:Drivers may not pass.",a,"White lines separate lanes of traffic that are moving in the same direction. Dashed white lines may be crossed to pass or change lanes, if it is safe to do so.",medium
3,"Signs, Signals & Pavement Markings",A flashing yellow light at an intersection means that you should:,"a:Slow down and proceed with care.,b:Continue normally through the intersection.,c:Stop and proceed when a green light appears.",a,"A flashing yellow light at an intersection means ""caution."" If you approach such a light, slow down, look, and proceed with care.",easy
2,Traffic Laws & Rules of the Road,"When approaching an uncontrolled intersection, a driver should:","a:Maintain their speed and proceed.,b:Stop at the intersection, check in all directions, and proceed.,c:Yield to all other drivers.",b,"At an intersection where there is no stop sign or traffic signal, you should yield to a vehicle approaching the intersection from the right. However, always be prepared to yield to avoid a crash. Do this by taking your foot off the accelerator, covering the brake, and looking left, right, and left again.",medium
4,Safe & Defensive Driving Practices,"When driving past a vehicle that has just stopped in a parked position on the side of the road, you should:","a:Assume that the driver will open the car door as you approach.,b:Speed up.,c:Slam on your brakes.",a,"When passing a vehicle that has just parked parallel to the road, you should assume the driver will open the door as you approach. Use extra caution when driving near parked vehicles.",easy
8,Special Situations & Road Users,"When approaching a railroad crossing, drivers must stop within ____ of the first rail, when indicated to do so.","a:70 feet,b:50 feet,c:15 feet",b,"Any driver or pedestrian approaching a railroad crossing must stop within 50 feet, but not less than 15 feet, from the nearest rail of the railroad when warning lights are flashing, crossing gates are lowered, or drivers are otherwise instructed to stop.",medium
2,Traffic Laws & Rules of the Road,"If you are turning onto a street with more than one lane traveling in your direction, you should:","a:Turn into the lane closest to your previous lane.,b:Turn into the lane marked with an arrow.,c:Turn into the middle lane.",a,"When turning onto a street with more than one lane moving in the direction that you are traveling, turn into the lane that is closest to your previous lane. Do not change lanes when turning.",easy
5,Driving in Special Conditions,"When a vehicle with an Anti-Lock Braking System starts to lose traction on a slippery road, drivers should:","a:Pump the brakes.,b:Press and hold the brake pedal.,c:Press and hold the gas pedal.",b,"If their vehicle loses traction on a slippery road, a driver with an Anti-Lock Braking System (ABS) needs to press down hard on the brake pedal, hold it, and steer out of danger. In an emergency situation, the ABS automatically pumps the brakes at a faster rate than the driver could. Removing steady pressure from the brake pedal or pumping the brakes will disengage the ABS.",medium
7,Vehicle Ownership & Responsibilities,A leaky exhaust system in your vehicle is dangerous because it can cause:,"a:A loss of hearing.,b:Pollution.,c:Carbon monoxide poisoning.",c,"The exhaust system carries exhaust gas out of the vehicle and prevents fumes from entering into the passenger compartment. To prevent carbon monoxide poisoning, keep your exhaust system free of leaks. Replace all defective parts immediately.",medium
8,Special Situations & Road Users,"If you are driving on a one-way street and an emergency vehicle using its flashing lights approaches your vehicle, you must:","a:Drive with your flashers turned on.,b:Drive toward the nearest roadside and stop.,c:Speed up and take the nearest exit.",b,"If an emergency vehicle using its lights or siren approaches while you are driving on a one-way street, you must drive toward the nearest roadside and stop.",easy
3,"Signs, Signals & Pavement Markings",What do lane signals with a yellow X indicate?,"a:The signal is about to change to a green arrow.,b:The signal is about to change to a red X.,c:Drivers may drive normally in this lane.",b,"Lane use control signals are used when the direction of the flow of traffic in a specific lane changes throughout the day. They are used to show which lanes of traffic are open and closed, as well as to show if toll booths are open or closed. When a lane signal contains a yellow X, drivers should clear the indicated lane, as the lane signal is about to change to a red X.",difficult
8,Special Situations & Road Users,You must stop at a railroad crossing when:,"a:Directed to do so by a flagger.,b:It is controlled by a stop sign.,c:Flashing red signals and gates are present and operating.",c,You must stop at a railroad crossing when directed to do so by a flagger or stop sign. Stop when flashing red signals and gates are present and operating.,medium
3,"Signs, Signals & Pavement Markings",Traffic signs and pavement markings:,"a:Must always be obeyed.,b:Are merely suggestions.,c:Must be followed only when there is other traffic.",a,"Traffic flow is controlled by pavement markings, traffic islands, signals, and signs. These devices inform drivers of conditions on the roadway and help guide drivers safely to their destinations. You must always obey traffic signs, signals, and pavement markings.",easy
6,"Alcohol, Drugs & Impaired Driving",What happens if you drink alcohol while taking prescription or over-the-counter medicine?,"a:The medicine reduces the effect of the alcohol.,b:The alcohol will help the medicine cure a cold.,c:The combination could multiply the effects of the alcohol or medicine.",c,"Consuming alcohol and other drugs together can increase the impairing effects of both. For example, having one drink while you are also using a cold remedy could affect you as much as several drinks would when being consumed separately from any medications.",medium
2,Traffic Laws & Rules of the Road,When driving on an interstate:,"a:Stop on the shoulder of the road if you are tired.,b:You should always use cruise control.,c:Signal, check mirrors, and check blind spots before changing lanes.",c,"Signal, check your mirrors, and check your blind spot before changing lanes or passing on an interstate. Only stop on the shoulder of the interstate in the case of an emergency and change lanes as infrequently as possible. Cruise control should not be used in heavy traffic or under poor weather conditions.",easy
2,Traffic Laws & Rules of the Road,Always signal when:,"a:Changing lanes.,b:Pulling into or out of a parking space.,c:Pulling into traffic from a parking area or alley.",c,"Your turn signals should always be used when you make any movement to the left or right. You should use your signal when pulling into traffic from a curbside parking space, moving into a new lane, or passing another vehicle.",easy
8,Special Situations & Road Users,Who must yield when a driver is turning and a pedestrian is crossing without a traffic light?,"a:Whoever started moving last,b:The driver,c:Whoever is slower",b,"Drivers must yield to pedestrians when they are crossing at any intersection without a traffic light, whether or not there is a crosswalk.",easy
2,Traffic Laws & Rules of the Road,"If you’re going to turn left onto a one-way street, you should complete the turn into:","a:The right lane.,b:The lane closest to your previous lane.,c:Either lane.",b,You should always turn from the lane that is closest to the direction you want to go. Turn into the lane closest to your previous lane.,easy
5,Driving in Special Conditions,You are driving when it begins to rain. You should:,"a:Drive faster than surrounding traffic.,b:Drive at the maximum posted speed limit.,c:Slow down.",c,"When heavy rain reduces visibility, reduce your speed. Turn on your headlights so other drivers can see your vehicle. If the rain is so heavy that you are unable to see clearly, drive onto the shoulder and stop until the rain lets up.",easy
2,Traffic Laws & Rules of the Road,"A “No stopping” sign means that, unless directed to do so by a police officer, you may stop only:","a:Long enough to unload packages.,b:To avoid conflict with other traffic.,c:To discharge passengers.",b,"A ""No stopping"" sign means you can only stop to obey a traffic signal, to obey a police officer, or to prevent a conflict with another vehicle.",medium
8,Special Situations & Road Users,Larger vehicles have:,"a:Larger blind spots.,b:Smaller blind spots.,c:No blind spots.",a,"The larger the vehicle, the larger the blind spots. Large trucks and SUVs have spots close to their rears that cannot be seen in their side or rearview mirrors.",easy
4,Safe & Defensive Driving Practices,Which of the following best ensures your safety and the safety of those around you when you are backing your vehicle?,"a:Honk your horn right before shifting into reverse.,b:Check behind the vehicle before you get into the driver's seat.,c:Check your rearview mirrors to see what is behind you.",b,"Backing requires extra caution because it is difficult for drivers to see behind their vehicles. Before entering a vehicle to back up, walk to the back of the vehicle to check for children and small objects.",easy
7,Vehicle Ownership & Responsibilities,Florida law requires you to use headlights:,"a:To get the attention of vehicles surrounding you.,b:During a clear day.,c:Between sunset and sunrise.",c,Florida law says that you must use headlights when driving between sunset and sunrise. Drive with extra care when driving at night.,easy
2,Traffic Laws & Rules of the Road,"To turn left from multilane, one-way streets and highways, you should start from:","a:The middle of the intersection.,b:The right lane.,c:The left lane.",c,"To turn left from multilane streets and highways, start from the left lane.",easy
4,Safe & Defensive Driving Practices,"If you are driving in another driver's blind spot, you should:","a:Move forward or drop back so the other driver can see you.,b:Keep a steady pace.,c:Stay in the driver's blind spot.",a,Do not drive in someone else’s blind spot. Move forward or drop back so that the other driver can see you.,easy
3,"Signs, Signals & Pavement Markings",Pentagonal signs indicate:,"a:No passing zones.,b:School zones.,c:Speed limits.",b,Pentagonal signs indicate that you are in a school zone. Be extra alert to children and pedestrians when driving near a school.,easy
4,Safe & Defensive Driving Practices,The amount of space you need to cross traffic depends on the:,"a:Road conditions, weather conditions, and oncoming traffic.,b:Presence of a stop sign.,c:Use of your turn signals.",a,"The amount of space you need to cross traffic depends on the road conditions, weather conditions, and oncoming traffic.",medium
8,Special Situations & Road Users,Emergency vehicles:,"a:Have the right-of-way when using sirens, horns, and/or flashing lights.,b:May use a loudspeaker to give instructions.,c:May follow each other.",a,"You must yield the right-of-way to police cars, fire engines, ambulances, or any other emergency vehicles using a siren or air horn and a red or blue flashing light. Follow any instructions given over the emergency vehicles' loudspeakers. Emergency vehicles often follow each other so you should proceed only when you are certain the way is clear.",easy
8,Special Situations & Road Users,"When you see an emergency vehicle with flashing lights, you must:","a:Slow down and keep moving in your lane.,b:Keep driving in your lane.,c:Pull to the right curb and stop.",c,"When you see an emergency vehicle using its lights or hear it using its siren, you must immediately pull over to the curb or side of the road and stop.",easy
8,Special Situations & Road Users,"If you pass a school bus that is stopped to drop off or pick up children, you will:","a:Be fined at least $265.,b:Be fined less than $100.,c:Not be fined, but your license will be suspended.",a,Drivers must come to a complete stop when approaching a school bus that is stopped with its lights flashing. Failure to stop until the lights stop flashing will result in a fine of at least $265. Passing a bus on the side where its door is located will result in a fine of at least $465. Additional penalties will apply.,difficult
2,Traffic Laws & Rules of the Road,If you are driving in the left lane and a vehicle behind you is operating at a higher speed:,"a:It is your right to continue using the left lane.,b:You are required by law to move out of the left lane.,c:You should ignore the other vehicle.",b,Florida Law states that a driver must move out of the left lane when being overtaken from behind by another vehicle traveling at a higher rate of speed. Safely merge into a different lane.,medium
3,"Signs, Signals & Pavement Markings",A double solid yellow line down the center of a two-lane road indicates:,"a:Lanes are moving in opposite directions and drivers are not permitted to pass.,b:Lanes are moving in opposite directions and drivers are permitted to pass when it is safe to do so.,c:Lanes are moving in the same direction and drivers are not permitted to pass.",a,Yellow lines are used to separate traffic moving in opposite directions. Solid lines indicate that drivers are not permitted to pass.,easy
2,Traffic Laws & Rules of the Road,The driver's left arm and hand are extended upward. This hand signal means that the driver plans to:,"a:Turn left.,b:Turn right.,c:Come to a stop.",b,"If a driver's left arm and hand are extended upward, they are indicating that they intend to turn right. Adjust your driving accordingly if following a driver who is using this hand signal.",medium
4,Safe & Defensive Driving Practices,You may honk your horn when you:,"a:Have to stop quickly.,b:Are passing another car.,c:Have lost control of your car.",c,"One situation where it is appropriate to use your horn is if you lose control of your vehicle. In this case, sound your horn to alert other drivers.",medium
3,"Signs, Signals & Pavement Markings",This green arrow on a lane use control signal means:,"a:You may use this lane.,b:No traffic is allowed in this lane.,c:You have the right-of-way.",a,A steady downward green arrow over a traffic lane means you may use the lane indicated.,easy
8,Special Situations & Road Users,Railroad crossings should always be considered:,"a:Safe to cross, as it is unlikely that a train will be coming.,b:Dangerous.,c:Safe locations to park a car.",b,"Railroad crossings are always dangerous. Drivers should always look and listen for trains approaching from either direction on all railroad tracks. Always follow the directions indicated by signs, signals, and flaggers. Never proceed past a railroad crossing until you are certain it is safe to do so.",easy
4,Safe & Defensive Driving Practices,Which of the following is true regarding seat belts and child restraints in vehicles?,"a:You should never place an infant or small child in the front seat of a vehicle with airbags.,b:An airbag can be dangerous to an infant or small child, even in a low-speed collision.,c:You should always make sure all your passengers are using a seat belt or child restraint.",c,"Before you drive, always fasten your seat belt and make sure all your passengers are using seat belts or child restraints. Studies have shown that if you use seat belts, your chances of being hurt or killed in a traffic crash are greatly reduced. Children age 12 and under should always ride properly restrained in a rear seat. Never put a rear-facing infant restraint in the front seat of a vehicle with a front passenger airbag.",medium
4,Safe & Defensive Driving Practices,Road rage and aggressive driving may be reduced by:,"a:Allowing extra travel time.,b:Obeying posted speed limits.,c:Using proper turn signals.",a,"As an increasing number of drivers populate the roadways, road rage becomes more prevalent. To help prevent road rage, a driver should use proper turn signals, obey posted speed limits, and allow plenty of travel time.",medium
5,Driving in Special Conditions,What should you do if your vehicle’s right wheels leave the pavement?,"a:Stop quickly.,b:Immediately pull all the way off of the road and get back on when it is safe.,c:Accelerate and steer back on the road quickly.,d:Slow down and ease back onto the roadway.",d,"If your vehicle’s right wheels leave the pavement, don’t panic. Take your foot off the accelerator and steer parallel to the road. Slow down and ease back onto the roadway by keeping both hands on the steering wheel and steering into the road’s right lane with a small turn of the steering wheel. Check for traffic around you before steering back onto the pavement.",difficult
7,Vehicle Ownership & Responsibilities,A leaking exhaust system can:,"a:Cause excessive oil use.,b:Require your vehicle to have a tune-up sooner than normal.,c:Make you drowsy while driving.",c,"The exhaust system helps remove toxic gases, reduce the noise, and cool the hot gases coming from a running engine. Fumes from a leaky exhaust system can cause death in a very short time. They can also make you drowsy while driving.",medium
6,"Alcohol, Drugs & Impaired Driving",A telltale sign of a drunk driver is:,"a:They are weaving between lanes.,b:They are driving more slowly than the normal traffic flow.,c:They are making quick and sudden stops.",a,"Telltale signs of drunk driving include speeding, weaving, driving more slowly than the normal traffic flow, making jerking motions, and making quick and sudden stops.",easy
2,Traffic Laws & Rules of the Road,"If you want to get off the freeway but you have missed your exit, you should:","a:Go to the next exit.,b:Make a U-turn through the median.,c:Pull onto the shoulder and back your car to the exit.",a,"If you miss your exit, you should take the next exit. Do not stop or back up on the highway, swerve across multiple lanes to try to make the exit at the last second, or cross over the median to turn around. All of these maneuvers are illegal and extremely dangerous.",easy
8,Special Situations & Road Users,A person walking with a white cane or guide dog is likely to be:,"a:A deaf person.,b:A person involved with a traffic study.,c:A blind person.",c,Drivers must always yield the right-of-way to a pedestrian when the pedestrian is a blind person who is using a white cane or guide dog.,easy
4,Safe & Defensive Driving Practices,Stress can affect your driving by:,"a:Lowing your ability to focus on driving.,b:Decreasing your chances of an accident.,c:Causing you to fall asleep at the wheel.",a,"Emotions can have a great effect on your driving ability. You may not be able to drive well if you are overly worried, excited, afraid, angry, or sad. Stress can lessen your concentration on the task of driving. It is better to wait to drive than to risk driving while you are emotionally unstable.",easy
2,Traffic Laws & Rules of the Road,"Before turning, you should:","a:Use your signal.,b:Turn the wheel.,c:Increase your speed.",a,"To complete a turn safely, you should activate your turn signal three to four seconds before your turn.",easy
6,"Alcohol, Drugs & Impaired Driving",Drinking alcohol and driving is:,"a:A minor traffic safety problem.,b:A serious traffic safety problem.,c:Safe if you have only had a few drinks.",b,Driving while impaired or intoxicated is a serious traffic safety problem. Safe driving is not possible when you drink alcohol or take other drugs. Driving under the influence is dangerous both to you and to others on the road.,easy
6,"Alcohol, Drugs & Impaired Driving",The consumption of alcohol while taking drugs can:,"a:Decrease the effects of the drugs and alcohol.,b:Increase the effects of both the drugs and alcohol.,c:Help cure your illness.",b,"The combination of alcohol and drugs, in some cases, can increase the effects of both the drugs and alcohol. It can be unsafe to drive after consuming either alcohol or drugs and is even more dangerous after combining them.",easy
5,Driving in Special Conditions,Low beam headlights are effective for vehicles driving at speeds of up to:,"a:10 mph.,b:25 mph.,c:50 mph.",b,Low beam headlamps are only effective when driving at speeds of up to 20 to 25 mph. Avoid driving too fast for what you can see within your headlamps.,difficult
3,"Signs, Signals & Pavement Markings",You are approaching an intersection when the traffic light changes from green to solid yellow. You should:,"a:Consider it the same as a caution sign and continue through the intersection.,b:Stop immediately.,c:Stop before entering the intersection, unless you are too close to stop safely.",c,"When approaching an intersection with a solid yellow traffic light, slow to a stop before entering the intersection, if it is safe to do so. If you can't stop safely, drive carefully through the intersection.",easy
2,Traffic Laws & Rules of the Road,Drive below the posted speed limit when:,"a:Anything makes conditions less than perfect.,b:You see a police car.,c:Entering a highway where there are other cars.",a,"When the road is wet or slippery, when you cannot see well, or when anything else makes conditions less than perfect, drive below the posted speed limit. Even if you are driving within the posted speed limit, you can still be ticketed for driving too fast for conditions.",easy
2,Traffic Laws & Rules of the Road,"Unless otherwise posted, the speed limit is ____ on limited-access highways.","a:70 mph,b:55 mph,c:45 mph",a,"Unless otherwise posted, the speed limit on limited-access highways is 70 mph. If a posted sign indicates otherwise, follow the speed limit on the posted sign.",medium
5,Driving in Special Conditions,An approaching driver fails to dim their high beam headlights. Where should you look?,"a:At the wheels of the approaching vehicle.,b:Toward the right side of the road.,c:Toward the left side of the road.",b,"If an approaching driver fails to dim their high beams, glance toward the right side of the road. This will keep you from being blinded by the other vehicle’s headlights and will allow you to see enough of the road to stay on course until the other vehicle has passed.",easy
3,"Signs, Signals & Pavement Markings","If a green arrow turns into a solid green light, you:","a:May still turn, but you must yield to oncoming traffic.,b:May no longer turn and must proceed straight.,c:Still have the right-of-way to turn.",a,"If a green arrow turns into a solid green light, you may still turn in the direction that the arrow was pointing but you must first yield to pedestrians and oncoming traffic.",medium
3,"Signs, Signals & Pavement Markings",A red flashing traffic light has the same meaning as a:,"a:Solid red light.,b:Stop sign.,c:Yield sign.",b,"A red flashing traffic signal has the same meaning as a stop sign. When approaching a red flashing signal, come to a complete stop and proceed when it is safe to do so. A stop sign may sometimes also be posted where this signal is located.",easy
2,Traffic Laws & Rules of the Road,You come to an intersection that is blocked by other traffic. You should:,"a:Go slowly until the traffic ahead moves.,b:Get as close as possible to the car in front of you.,c:Stay out of the intersection until you can pass through.",c,You cannot enter an intersection if traffic is backed up on the other side and you cannot get completely through the intersection. Wait until traffic ahead clears so you do not block the intersection.,easy
7,Vehicle Ownership & Responsibilities,"If you are required to have increased insurance coverage limits but are unable to provide proof of the increased limits, you will:","a:Have your license and plates suspended for up to three years.,b:Only be allowed to drive on residential roads.,c:Be let off with a warning.",a,"Higher insurance coverage limits will be required for a driver who has been convicted of a DUI, accumulated an excessive number of points against their license, or committed a number of other possible infractions. If the driver is not able to provide proof of the higher limits, their license and/or plates may be suspended for up to three years.",difficult
2,Traffic Laws & Rules of the Road,When you park uphill on a street with a curb:,"a:Keep the front wheel straight and set the parking brake.,b:Turn the front wheels away from the curb.,c:Turn the front wheels toward the curb.",b,"When parking on an incline where there is a curb, you should turn your wheels sharply to the left, away from the curb. This way, if your brakes fail, your vehicle will not roll into traffic.",medium
4,Safe & Defensive Driving Practices,Don’t follow other cars too closely because:,"a:You may not see the road between the cars.,b:You may not have time to stop if the vehicle in front of you slows or stops suddenly.,c:You may not see the vehicle's turn signals.",b,"If you follow too closely and the vehicle in front of you slows or stops suddenly, you may not have enough time to avoid a collision.",easy
8,Special Situations & Road Users,"When approaching a railroad crossing, you should:","a:Slow down.,b:Look for a train.,c:Be ready to stop.",a,"When you see any signs indicating a nearby railroad crossing, you should slow down, look for a train, and be ready to stop. If the red warning lights are flashing or the gate is down, you must stop 15 to 50 feet before the railroad tracks. Do not try to go around the gate.",easy
4,Safe & Defensive Driving Practices,Braking distance is affected by:,"a:The speed your vehicle is traveling.,b:The condition of your brakes and tires.,c:The condition of the pavement.",a,"Factors that can affect braking distance include how fast your vehicle is traveling, the condition of your brakes and tires, and the condition of the pavement.",medium
3,"Signs, Signals & Pavement Markings","When approaching a steady green traffic light, drivers should:","a:Continue driving, unless there are vehicles or pedestrians already in the intersection.,b:Stop if a police officer is nearby.,c:Treat the intersection like a four-way stop.",a,"When approaching an intersection with a steady green traffic light, yield to pedestrians in the crosswalk and vehicles still in the intersection. You may continue driving, but should approach the intersection at a speed that will allow you to slow down and stop if the light changes before you get there.",easy
8,Special Situations & Road Users,"If an approaching train is near enough or going fast enough to be a danger, you must:","a:Slow down and proceed with caution.,b:Not cross the tracks until the train has completely passed.,c:Cross the tracks at your own risk.",b,"You should look and listen for trains before crossing any railroad tracks. If an approaching train is near enough or going fast enough to be a danger, you cannot go across the tracks. This is true even if they have no signals or the signals are not working.",easy
4,Safe & Defensive Driving Practices,When should you adjust your mirrors?,"a:Before turning on your engine.,b:While backing out of your driveway.,c:When approaching speeds of 55 mph.",a,"When preparing to drive, you should be sure all of your equipment is in working order. Before starting your engine, adjust all mirrors so that you can use them without having to lean forward or backward.",easy
2,Traffic Laws & Rules of the Road,"If a traffic light is out-of-order, drivers should:","a:Treat the intersection as a four-way stop.,b:Treat the intersection as a roundabout.,c:Drive without stopping but proceed with caution.",a,"If a traffic light is out-of-order, drivers should treat the intersection as a four-way stop. The driver who arrives at the intersection first has the right-of-way.",medium
5,Driving in Special Conditions,"If an oncoming driver is heading toward you in your lane, you should:","a:Blow your horn, steer right, and accelerate.,b:Blow your horn, steer left, and brake.,c:Blow your horn, steer right, and brake.",c,"If another vehicle is approaching you head-on in your lane, you should first honk your horn to attract attention. If the other driver does not move over, try to escape to the right. If you swerve left and the other driver corrects at the last instant, you will still crash. If a collision is unavoidable, brake firmly and steadily. Every mile per hour you slow down will reduce the impact.",difficult
6,"Alcohol, Drugs & Impaired Driving",Your body gets rid of approximately:,"a:Three alcoholic drinks an hour.,b:One alcoholic drink an hour.,c:Two alcoholic drinks an hour.",b,"The average person’s body will process about one alcoholic drink in one hour. However, many factors play a part in determining how impaired a person will become when consuming alcohol, including the amount of alcohol consumed, how fast it is consumed, and a person’s body weight, food intake, and general health.",medium
2,Traffic Laws & Rules of the Road,You are driving on a narrow road when you meet an oncoming vehicle. You must:,"a:Pull completely off the road and stop.,b:Allow the oncoming vehicle at least one-half of the main-traveled portion of the road.,c:Demand the other vehicle pull over to make room.",b,"On narrow roads, you must allow vehicles traveling in the opposite direction at least one-half of the main-traveled portion of the road. Both vehicles must have adequate space in order for the drivers to safely pass one another.",medium
3,"Signs, Signals & Pavement Markings",Pennant-shaped signs indicate:,"a:School zones.,b:No passing zones.,c:Speed limits.",b,Pennant-shaped signs usually indicate no passing zones. Text will also be on the sign to confirm that it is a no passing zone.,easy
4,Safe & Defensive Driving Practices,"When changing lanes, you can check your blind spots by:","a:Using the inside rearview mirror.,b:Using the outside rearview mirror.,c:Using both inside and outside rearview mirrors.,d:Turning your head and looking over your shoulder.",d,You should turn your head to check your blind spots before every lane change.,medium
2,Traffic Laws & Rules of the Road,"When making a turn, you must ____ your speed.","a:Increase,b:Maintain,c:Vary,d:Reduce.",d,"When turning, you should reduce to a speed that allows you to maintain control of your vehicle, stay in your lane, and react to unexpected situations.",medium
4,Safe & Defensive Driving Practices,How can you help prevent rear-end collisions?,"a:Avoid sudden stops.,b:Before stopping, check your mirrors and blind spots for traffic.,c:Release the gas pedal and let your vehicle slow before applying the brakes.",c,"Stopping suddenly can make it difficult for drivers behind you to avoid a rear-end collision. When stopping, release the accelerator to allow your vehicle to slow. Press the brake pedal by applying steady pressure, activating your brake lights and causing the vehicle to stop smoothly.",medium
4,Safe & Defensive Driving Practices,You are involved in an accident. You should:,"a:Stop immediately.,b:Help the injured.,c:Call the police.",a,"If involved in an accident, you should stop your vehicle immediately. If possible, move the vehicle out of the way of traffic. Call the nearest police agency and ask for an ambulance, if necessary. Do not move the injured unnecessarily, but attempt to stop severe bleeding with direct pressure. Wait for emergency vehicles to arrive.",easy
2,Traffic Laws & Rules of the Road,"When exiting the interstate, drivers should begin to decelerate:","a:As they turn on their blinker to enter the deceleration lane.,b:When they realize they are nearing their exit.,c:After turning into the deceleration lane.",c,"When exiting the interstate, you must use the deceleration lane. This lane is designed to allow you to slow down before reaching the exit ramp without being a hazard to other vehicles on the freeway.",medium
8,Special Situations & Road Users,Bicycles on the road:,"a:Must always yield the right-of-way to motor vehicles.,b:Do not follow specific rules of the road.,c:Are nothing to worry about.",a,Bicycles on the road are considered vehicles and have the same rights and responsibilities as motor vehicles. Drivers of motor vehicles should respect the rights of bicyclists.,medium
6,"Alcohol, Drugs & Impaired Driving",Drinking coffee after drinking alcohol:,"a:Decreases blood alcohol concentration.,b:Cancels the effect of the alcohol.,c:Has no effect on blood alcohol concentration.",c,"Drinking coffee will not reduce your blood alcohol concentration (BAC). While it may help you to stay awake, it cannot change your BAC or make you sober.",easy
3,"Signs, Signals & Pavement Markings","When approaching a flashing red traffic light, drivers should:","a:Drive through the intersection if there is no crossing traffic.,b:Continue driving, as they have the right-of-way.,c:Stop if a police officer is nearby.,d:Come to a complete stop and proceed when the way is clear.",d,Flashing red lights are used at dangerous intersections. Treat them like stop signs.,easy
5,Driving in Special Conditions,You are driving on a busy street and your vehicle’s accelerator sticks open. You should:,"a:Blow your horn.,b:Slam on your brakes.,c:Turn on your four-way flashers.",b,"If your vehicle’s accelerator sticks open, your vehicle will continue to maintain its speed or accelerate, even if you remove your foot from the gas pedal. Turn off the ignition, using care to move the ignition switch only far enough to stop the engine and not engage the steering wheel locking mechanism. Apply your brakes and move off the road to a safe area.",difficult
3,"Signs, Signals & Pavement Markings","When approaching a traffic signal displaying a steady green arrow, drivers:","a:Should merge into a lane in the direction of the arrow.,b:Should slow to a stop, if it is safe to do so.,c:May turn in the direction of the arrow after yielding to traffic and pedestrians already in the intersection.",c,A green arrow displayed on a traffic signal tells drivers that they may turn in the direction of the arrow. You must be in the proper lane for such a turn. Yield the right-of-way to vehicles and pedestrians already in the intersection.,medium
2,Traffic Laws & Rules of the Road,You may legally drive 10 mph over the speed limit:,“a:At all times.,b:When passing another vehicle.,c:In light traffic conditions.,d:Never.”,d,Speeding is against the law. You must obey the speed limit and you are responsible for knowing the speed limit when you are driving. The “speeding buffer” is a myth; you are not allowed to drive up to 10 mph over the speed limit.,medium
5,Driving in Special Conditions,Which of the following recommendations does not promote safe night driving?,"a:Keep your windshield clean.,b:Be aware that tinted windows reduce visibility in the dark.,c:Carry a flashlight in your vehicle.",c,"If you look into the headlights of an oncoming vehicle, the pupil of your eye will contract. After the oncoming vehicle has passed, there will be an interval of time during which the pupil must readjust to the less intense light. During this recovery period, you are virtually driving blind.",difficult
3,"Signs, Signals & Pavement Markings",A single broken white line down the center of a two-lane road indicates:,"a:Lanes are moving in opposite directions and drivers are not permitted to pass.,b:Lanes are moving in opposite directions and drivers are permitted to pass when it is safe to do so.,c:Lanes are moving in the same direction and drivers are not permitted to pass.",b,White lines are used to separate traffic moving in the same direction. Dashed lines indicate that drivers directly next to the line are permitted to pass when it is safe to do so.,difficult
2,Traffic Laws & Rules of the Road,When in a travel lane on the roadway:,"a:You may stop to drop off passengers.,b:You may stop to look up an address.,c:You may make a U-turn or back up if you get on the wrong entrance ramp of the freeway.,d:You should never stop in a travel lane.",d,"You should not stop in a travel lane for any reason. Instead, keep moving until you can safely pull off of the road. If you miss your turn or exit, do not back up. Go to the next turn or exit or where you can safely turn around.",medium
8,Special Situations & Road Users,You may not park:,"a:On a hill.,b:In a parking lot.,c:On a crosswalk or in a marked bicycle lane.",c,"There are a number of locations where it is unlawful to park, including on a crosswalk or in a marked bicycle lane. When parking on the street, you must be within 12 inches of the side of the road.",medium
4,Safe & Defensive Driving Practices,Smoking and preparing to smoke while driving:,"a:Do not affect driving abilities.,b:Help maintain driver alertness.,c:Are distracting activities.",c,Smoking while driving can create dangerous distractions by causing you to take your hands off the wheel and/or your eyes off the road.,easy
5,Driving in Special Conditions,"If one of your tires blows out as you are driving, you should:","a:Brake hard immediately.,b:Try to steer straight while gradually slowing by removing your foot from the gas pedal.,c:Maintain your current speed and steer straight.",b,"If a tire blows out while you are driving, hold the steering wheel tightly and keep the car headed straight down the road. Ease your foot off the gas pedal and do not apply the brakes until you have complete control. When the car is under control, brake gently and pull off the road at the nearest safe location.",medium
4,Safe & Defensive Driving Practices,You are driving in the right lane of a multilane highway and want to move into the left lane. You should:,"a:Look in your rearview mirror for traffic behind you before changing lanes.,b:Look over your left shoulder for traffic in your blind spot before changing lanes.,c:Look in your side mirror for traffic and turn on your directional signal.",b,"Before changing lanes, you should always verify that there are no other vehicles in the lane you want to enter by checking your mirrors and looking over your shoulder in the direction you plan to move. You should signal every time you change lanes.",medium
8,Special Situations & Road Users,You may drive around or under a gate that is being lowered or raised at a railroad crossing:,"a:As long as an approaching train is not too close.,b:If your vehicle can do so without damaging the gate.,c:If you first look carefully in both directions.,d:Under no circumstances.",d,"Flashing red lights, lowered crossing gates, and/or bells at a railroad crossing mean that you must come to a complete stop. You must not go across the tracks until the lights and bells have stopped and the crossing gates are completely up. Do not drive around or under a gate that is moving up or down.",difficult
4,Safe & Defensive Driving Practices,"When you need to change lanes, it is important to:","a:Signal your intentions ahead of the lane change.,b:Check your blind spot.,c:Make sure the lane is clear before entering.",a,"Always signal for an appropriate amount of time before making a lane change or exiting a freeway. Before you make any move to the right or left, quickly turn your head and look over your shoulder to see if your blind spot is clear.",easy
2,Traffic Laws & Rules of the Road,Which of the following must you obey over the other three?,"a:A steady red light,b:A police officer,c:A stop sign",b,"Directions given by traffic officers take precedence over signs, signals, and pavement markings. People authorized to direct traffic include police officers, fire police, highway work area flag persons, and school crossing persons.",medium
5,Driving in Special Conditions,You are driving at night and another vehicle is approaching from the opposite direction. Your headlights:,"a:Should be on their high beam setting.,b:Should be on their low beam setting.,c:Should be off. Use your parking lights.",b,Do not use your high beam headlights when approaching or following another vehicle at night. Switch to the low beam setting to ensure the safety of everyone on the road.,easy
5,Driving in Special Conditions,Your tire blows out while you are driving. You should:,"a:Slam on your brakes.,b:Hold your steering wheel tightly and slow to a stop.,c:Keep driving normally.",b,"If you experience a tire blowout, do not immediately apply the brakes. Grip the steering wheel firmly and steer to remain in your traffic lane. Reduce your speed gradually by releasing the accelerator and staying off the brakes. Once you are moving very slowly, apply the brakes lightly and pull off the road into a safe area.",medium
4,Safe & Defensive Driving Practices,Driving while being distracted by any activity:,"a:Is never dangerous.,b:Usually causes the driver to react more slowly to hazards.,c:Usually causes the driver to drive faster.",b,Distractions cause drivers to react more slowly to traffic and hazards on the roadway. Distracted driving is never safe.,easy
2,Traffic Laws & Rules of the Road,"You are stopped in a line of vehicles waiting at a stop sign. If there is no cross traffic after the vehicles ahead have passed through the intersection, you:","a:May proceed through the intersection without stopping again.,b:Must stop again at the stop sign or stop line before proceeding.,c:May slowly roll past the stop sign.",b,You must always bring your vehicle to a complete stop and yield to approaching traffic before proceeding past a stop sign. Don't feel pressured by surrounding traffic to avoid making a complete stop.,medium
8,Special Situations & Road Users,After stopping for a school bus that is unloading children:,"a:Do not proceed until the children wave to you.,b:Watch for children walking along the side of the road.,c:Accelerate quickly.",b,"After stopping for a school bus that has its stop arm extended and its lights flashing, watch for children walking along the side of the road. You should always drive with caution when driving near children.",easy
4,Safe & Defensive Driving Practices,The best way to deal with tailgaters is to:,"a:Speed up to increase the distance between you and the tailgater.,b:Slam on your brakes to get the other driver to back off.,c:Change lanes or gradually slow down to encourage them to pass.",c,"Check the traffic behind you several times a minute to know if another driver is tailgating, approaching too fast, or trying to pass. If another car is following you too closely, slow down and let it pass. Most rear-end collisions are caused by vehicles following too closely.",easy
2,Traffic Laws & Rules of the Road,A driver entering interstate traffic from an entrance or acceleration ramp:,"a:Should yield to drivers already on the interstate.,b:Has the right-of-way.,c:May force their way into traffic.",a,"If you are on an entrance or acceleration ramp and are entering interstate traffic, you should yield to drivers already on the interstate highway. Merge safely into traffic when you are able to do so.",easy
8,Special Situations & Road Users,You are approaching a railroad crossing and you do not see or hear a train. You must stop:,"a:If a stop sign is posted.,b:If a crossing gate is lowered.,c:If the crossing lights are flashing.",c,"You must always stop before crossing railroad tracks if flashing red lights are activated, a crossing gate is lowered, a stop sign is posted, a flagger signals you to stop, or a train is visible or so close to the crossing that it would be hazardous to continue driving. If you are unsure if a train is too close for you to safely cross the tracks, stop. Never race a train.",medium
3,"Signs, Signals & Pavement Markings",A steady green light at an intersection means that you:,"a:Must slow down and prepare to stop.,b:Must stop and check for oncoming traffic before proceeding.,c:May drive through the intersection if the road is clear.",c,"A steady green light means you may drive through the intersection if the road is clear. You may also turn right or left on a steady green light unless a sign prohibits the turn. When turning, you must yield to other vehicles and pedestrians within the intersection.",easy
2,Traffic Laws & Rules of the Road,You are waiting to turn left at a multilane intersection and opposing traffic is blocking your view. You should:,"a:Accelerate rapidly when the first lane you need to cross is clear.,b:Wait until you can see all the lanes you need to cross before going ahead with your turn.,c:Wait for an oncoming driver to wave you across the intersection.",b,You should never start a left turn until you can see that all the lanes you need to cross are clear and that you can safely make the turn.,medium
4,Safe & Defensive Driving Practices,"If involved in an accident, a driver should:","a:Stop their vehicle at or near the scene.,b:Not stand or walk in traffic lanes.,c:Turn off the ignitions of wrecked vehicles.",a,"If you are involved in an accident, you must stop at or near the scene. Move your vehicle out of the way of traffic, if possible. Do not stand or walk in traffic lanes as you could be struck by another vehicle. Turn off the ignitions of wrecked vehicles.",medium
2,Traffic Laws & Rules of the Road,Which statement about speed is true?,"a:Driving too slowly on certain highways can be dangerous.,b:Speeding can kill.,c:Speeding is not dangerous if you are a skilled driver.",b,"As speed increases, the chance of a fatality increases. If you are moving faster than 80 miles per hour, you have almost no chance of living through a crash. Driving more slowly than other traffic can also be dangerous because other motorists may become impatient and make dangerous moves to pass you.",easy
2,Traffic Laws & Rules of the Road,"If an officer is directing traffic at a working traffic light, drivers should:","a:Follow the directions indicated by the traffic light.,b:Follow the directions given by the officer.,c:Honk at the officer.",b,"Traffic signals are placed at intersections to keep traffic moving and to help prevent crashes. Drivers, pedestrians, and cyclists must obey these signals, except in instances when an officer is directing traffic.",medium
4,Safe & Defensive Driving Practices,"Before switching on the ignition, you should:","a:Be sure only backseat passengers have buckled their seat belts.,b:Be sure only adult passengers have buckled their seat belts.,c:Be sure only child passengers have buckled their seat belts.,d:Be sure all passengers have buckled their seat belts.",d,"Develop a routine for entering and leaving your car. Before switching on the ignition, buckle your safety belt and see that all passengers do likewise.",medium
4,Safe & Defensive Driving Practices,A seat belt should be adjusted so that it:,"a:Is loose.,b:Is buckled snugly across your hip bones and lower abdomen.,c:Is hidden beneath the seat.",b,Lap belts should fit snugly across your hip bones and the lower part of your abdomen. Shoulder belts should sit comfortably so that you can insert your fist between the belt and your chest.,easy
4,Safe & Defensive Driving Practices,"When driving in traffic, it is safest to:","a:Fluctuate your speed to keep alert.,b:Drive faster than the flow of traffic.,c:Drive slower than the flow of traffic.",c,"Crashes often happen when some drivers go faster or slower than other vehicles on the road. Always try to drive with the flow of traffic, within the posted speed limit.",medium
8,Special Situations & Road Users,Car drivers should know that large trucks:,"a:Have large blind spots.,b:Can stop more quickly than passenger vehicles.,c:Do not need more room to maneuver than passenger vehicles.",a,"A large truck has large blind spots to the front, sides, and rear of the vehicle. Avoid lingering in these areas. Because of their larger size and weight, trucks require more room to maneuver and stop than passenger vehicles.",easy
8,Special Situations & Road Users,"When driving near a blind pedestrian who is carrying a white cane or using a guide dog, you should:","a:Slow down and be prepared to stop.,b:Take the right-of-way.,c:Proceed normally.",a,"When driving near a blind pedestrian who is carrying a white cane or walking with a guide dog, you must slow down, yield the right-of-way, and then proceed with caution. Be prepared to stop your vehicle in order to prevent injury or danger to the pedestrian.",easy
4,Safe & Defensive Driving Practices,"On long trips, you can prevent drowsiness by:","a:Turning on your car radio.,b:Slowing down.,c:Stopping at regular intervals for a rest.",c,"To prevent drowsiness on long trips, you should schedule regular stops. Give yourself time to rest and stretch, even if you are not feeling tired.",easy
3,"Signs, Signals & Pavement Markings","From top to bottom, the following is the proper order for traffic lights:","a:Red, yellow, green.,b:Red, green, yellow.,c:Green, red, yellow.",a,"On a traffic signal arranged vertically, red is always on top and green on the bottom. When arranged horizontally, red is always on the left and green on the right.",medium
2,Traffic Laws & Rules of the Road,When passing on a multilane highway:,"a:Be sure the passing lane is clear.,b:Pass only on the right.,c:Watch for oncoming traffic.",a,"Before passing, you must make sure the passing lane is clear and give the proper turn signal to show you are going to change lanes.",medium
4,Safe & Defensive Driving Practices,Distracted drivers are at a greater risk of a crash when they are using which of the following?,"a:CD player,b:Radio,c:Cell phone",c,Using a cell phone (including a hands-free phone) or any kind of audio device (including a radio or CD player) can be a dangerous distraction and contributes to the risk of a crash.,easy
6,"Alcohol, Drugs & Impaired Driving",Alcohol:,"a:Slows reflexes and reaction time.,b:Puts you to sleep.,c:Wakes you up.",a,Alcohol is a depressant drug that slows the activity of the brain and reduces the skills that you need for safe driving. Drinking alcohol results in slowed reaction time and impaired judgment.,easy
4,Safe & Defensive Driving Practices,"If you are being followed too closely on a multilane highway, you should:","a:Speed up to match the speed of the car behind you.,b:Move into the lane to your right to let the car pass.,c:Slow down but stay in the lane.",b,"If you are being followed too closely on a multilane roadway, you should move into the lane to your right when the path is clear. On multilane roads, the far left lane is intended for use by faster vehicles passing slower vehicles.",easy
4,Safe & Defensive Driving Practices,Distracted driving may be caused by:,"a:Eating, drinking, or smoking.,b:Talking or texting on a cellular phone.,c:Changing a radio station or CD.",b,"It is estimated that drivers make 200 decisions for every mile traveled, making it vital that drivers focus their full attention on the task of driving. Performing any additional task can create a dangerous distraction.",easy
2,Traffic Laws & Rules of the Road,If you miss your exit on an interstate expressway:,"a:Stop and make a U-turn.,b:Get off at the next exit and come back to the exit you missed.,c:Roll down your window and ask the driver next to you for help.",b,"If you miss your turn or exit, do not back up or try to turn around on the highway. Go to the next exit and safely turn around.",easy
4,Safe & Defensive Driving Practices,When driving on major highways:,"a:Stay alert.,b:Keep your eyes moving.,c:Be ready to react to road hazards.",a,"It is important to stay alert on highways and be ready to react to unexpected hazards. To avoid ""highway hypnosis,"" you should avoid looking at any one thing for more than a few seconds.",easy
5,Driving in Special Conditions,Night driving can be more difficult than driving during the day because:,"a:Cars overheat more quickly at night.,b:Visibility is reduced in the dark.,c:It is more likely to be raining at night.",b,"At night, your field of vision is reduced. To make sure you are able to react to hazards on the roadway, always use appropriate headlights. Drive slowly enough that you are able to stop within the distance that you can see ahead.",easy
3,"Signs, Signals & Pavement Markings",A flashing red traffic signal at an intersection has the same requirements as:,"a:A slow sign.,b:A yield sign.,c:A stop sign.",c,"When approaching a flashing red signal, you must stop and yield to all traffic that does not have to stop.",easy
8,Special Situations & Road Users,If you stop at a railroad crossing with more than one track:,"a:Wait to proceed until you have a clear view of all tracks.,b:Stop on the first railroad track and watch for another train.,c:Go through as soon as the train passes.",a,"If you are stopped at a railroad crossing with more than one track, do not start moving as soon as a train passes. Wait until you have a clear view down all tracks before you start across. Even where there is only one track, do not start across immediately after a train passes; check again for another train that may be approaching.",medium
4,Safe & Defensive Driving Practices,You are involved in an accident and your vehicle is blocking traffic. You should:,"a:Move your vehicle off the traveled portion of the roadway, if possible.,b:Not move your vehicle under any circumstances.,c:Wait until the police arrive before moving your vehicle.",a,"After a minor collision, move your vehicle off the traveled portion of the roadway, if possible. Do not leave the scene of an accident without identifying yourself and rendering assistance.",medium
5,Driving in Special Conditions,Which of the following is true about driving on a wet roadway?,"a:As you drive faster, your tires become less effective.,b:Water does not affect cars with good tires.,c:Deep water is less dangerous than shallow water.",a,"The faster you drive on a wet roadway, the less effective your tires will be at wiping the water from the road. If your speed becomes excessive enough, your tires will lose their grip on the road entirely and you will begin to hydroplane (that is, to slide down the road on a film of water).",medium
4,Safe & Defensive Driving Practices,A good defensive driver:,"a:Drives slowly at all times.,b:Looks out for the actions of other drivers.,c:Travels at a constant speed.",b,Even the most experienced drivers can be distracted while driving. A defensive driver looks out for the actions of other drivers and anticipates potential problems.,easy
2,Traffic Laws & Rules of the Road,"When two vehicles arrive to an intersection at the same time, which one has the right-of-way when no signs or signals indicate rules?","a:The car approaching from the right has the right-of-way.,b:The car approaching from the left has the right-of-way.,c:The car in which the driver sounds his horn first has the right-of-way.",a,"At an intersection of two similar roads without a traffic control device, a driver must yield to a vehicle approaching from the right.",medium
4,Safe & Defensive Driving Practices,It is best to keep a space cushion:,"a:Only in back of your vehicle.,b:Only on the left and right sides of your vehicle.,c:Only in front of the vehicle.",c,"To ensure that you will have time to react to hazards on the roadway, it is best to keep a cushion of space on all sides of your vehicle. Do not crowd vehicles to your left and right sides.",medium
3,"Signs, Signals & Pavement Markings",You have the right-of-way when turning left on which of the following traffic signals?,"a:A solid green light,b:A flashing yellow light,c:A green arrow pointing left",c,A green steady arrow means you may pass through the intersection in the direction that the arrow is pointing. Oncoming traffic is required to stop for turning traffic.,medium
8,Special Situations & Road Users,Motorcycles are entitled to:,"a:The bicycle lane.,b:The same full lane width as other motor vehicles.,c:Half the width of a lane.",b,Lane usage for the motorcyclist is critical. Motorcycles are entitled to the same full lane width as all other vehicles.,easy
5,Driving in Special Conditions,"When driving in fog, you should use your:","a:Low beam headlights.,b:High beam headlights.,c:Parking lights.",a,"If you must drive in foggy conditions, you should use your low beam headlights, as well as your fog lights, if your vehicle has them. High beams direct their light upwards, where it can bounce off the fog and into your eyes, reducing visibility even more.",easy
3,"Signs, Signals & Pavement Markings",Highway markings:,"a:Are usually not important.,b:Are only found in construction zones.,c:Provide information for drivers.",c,"Highway markings provide information for drivers. Markings help drivers correctly position their vehicles on roadways, inform drivers of safe passing zones, and warn drivers about upcoming conditions.",easy
8,Special Situations & Road Users,"If an emergency vehicle with flashing lights is traveling in the area where you are driving, you should:","a:Speed up to avoid the emergency vehicle.,b:Stop your vehicle immediately and prevent them from passing.,c:Make every effort to give the emergency vehicle a clear path of travel.",c,"If an emergency vehicle with flashing lights is traveling in the area where you are driving, you must make every effort to give them a clear path of travel. If it is safe to do so, pull your vehicle to the side of the road to give the emergency vehicle an open pathway.",easy
4,Safe & Defensive Driving Practices,To check your blind spot before changing lanes:,"a:Look into the left side mirror.,b:Look into the right side mirror.,c:Look into the rearview mirror.",a,"To check your blind spot before changing lanes, you should look over your shoulder in the direction that you plan to move.",medium
7,Vehicle Ownership & Responsibilities,"If your turn signals fail, you should use ____ to indicate that you are turning.","a:Your horn,b:Your headlights,c:Hand signals",c,"If your vehicle's turn signals do not work, you should use hand signals to indicate when you intend to change direction.",easy
5,Driving in Special Conditions,Your vehicle's stopping distance increases when stopping:,"a:On a wet or icy road.,b:On paved highways.,c:When driving at night.",a,Stopping distances increase on wet or icy roads. Stopping distances also increase on road surfaces covered in loose gravel or stones.,easy
5,Driving in Special Conditions,"When driving in bad weather, drivers should:","a:Increase their speed to reach their final destination more quickly.,b:Decrease their following distance.,c:Increase their following distance.",c,"When driving on wet roads, drivers should increase their following distance.",easy
4,Safe & Defensive Driving Practices,"You want to back out of your driveway. You see children playing nearby. Before you start to move your car, you should:","a:Rev your engine to warn the children that you are moving.,b:Sound your horn so the children will hear you.,c:Walk to the back of the car to be sure the way is clear.",c,"When you back up a vehicle, look through your back window for pedestrians and other obstacles. Do not rely only on your mirrors, especially when children are near. Before you back into or out of a driveway, get out of the vehicle and check behind your vehicle.",easy
3,"Signs, Signals & Pavement Markings",Signs indicating areas of public recreation are:,"a:Orange.,b:Red.,c:Green.,d:Brown.",d,Signs that are brown indicate areas of cultural and historical significance or of public recreation. They can be a helpful resource when traveling in unfamiliar locations.,difficult
6,"Alcohol, Drugs & Impaired Driving",In which of the following ways can alcoholic beverages affect you?,"a:It slows your reaction time.,b:It gives you a feeling of false confidence.,c:It impairs your thinking ability.",a,"Alcohol dulls the parts of your brain that control inhibition, judgment, and self-control. As a result, you may feel stimulated, lively, and a bit giddy or foolish after consuming alcohol. Alcohol also impairs your reaction time, coordination, and balance. Your vision and ability to judge distance suffers after alcohol consumption, making it difficult to react to your surroundings.",easy
2,Traffic Laws & Rules of the Road,"When turning or changing lanes, you must:","a:Always signal your intentions, even when no visible traffic is present.,b:Signal only if there is visible traffic.,c:Signal only when driving at night.",a,"Always signal your intentions when changing lanes, turning, or pulling away from a curb. Do not allow yourself to become lazy and form the bad habit of not following this law.",easy
2,Traffic Laws & Rules of the Road,"As you drive, you're required to stop your vehicle:","a:At an intersection with a stop sign.,b:Where there is a red light.,c:When a traffic officer orders you to stop.",b,"Situations where motorists are required to stop include approaching intersections with stop signs, approaching intersections where a red light is either flashing or illuminated, or any time when a traffic officer orders your vehicle to stop.",easy
5,Driving in Special Conditions,It is important to slow down:,"a:On narrow or winding roads.,b:At intersections or railroad crossings.,c:When the road is wet or slippery.",c,"You should always slow down when driving on narrow or winding roads, near intersections, near railroad crossings, on hills, in sharp or blind curves, where there are pedestrians or driving hazards, and when the roads are wet or slippery.",easy
8,Special Situations & Road Users,"To avoid being in a truck or bus driver’s blind spot, you should:","a:Never pass them.,b:Avoid driving alongside them and avoid tailgating.,c:Flash your lights at them.",b,"Because a large vehicle, such as a truck or bus, has large blind spots to its sides and rear, avoid driving alongside such a vehicle and do not tailgate one.",easy
3,"Signs, Signals & Pavement Markings","When the road is marked with a solid yellow line and a broken yellow line, with the broken line next to your lane, you may pass:","a:Only in an emergency.,b:If you are on an expressway.,c:If traffic is clear.",c,"When there is a solid yellow line and a broken yellow line in the center of the road and the broken line is next to your lane, you may cross the lines to pass if there is no oncoming traffic.",medium
3,"Signs, Signals & Pavement Markings",You may pass another vehicle if the line dividing your lane from the lane you wish to enter is a ____ line.,"a:Broken white,b:Double solid yellow,c:Solid yellow",a,"White lines separate traffic lanes traveling in the same direction. You may cross broken white lines to pass, as long as the passing lane is clear.",medium
3,"Signs, Signals & Pavement Markings",You are coming to an intersection with a flashing yellow light. You should:,"a:Stop and wait for the light to change.,b:Make a U-turn because the intersection is closed.,c:Drive carefully through the intersection.",c,A flashing yellow light means that you should proceed through the intersection slowly and with caution. Scan your eyes across traffic in both directions.,easy
6,"Alcohol, Drugs & Impaired Driving",What does alcohol do to your driving skills and judgement?,"a:It helps driving skills but harms your judgement.,b:It harms both driving skills and judgement.,c:It has no effect on either driving skills or judgement.",b,"Alcohol negatively affects many skills needed for safe driving, including your reaction time and ability to see clearly. It can also harm your judgment of speed and distance, lower your inhibitions, and make you more prone to taking chances.",easy
6,"Alcohol, Drugs & Impaired Driving",You may drink alcoholic beverages in a vehicle on a public highway:,"a:As long as you aren't driving.,b:If you are riding in the back seat.,c:If you are riding in the back of a pick-up truck.",a,"It is against the law to consume or possess any alcoholic beverage while on a public road or sidewalk. Additionally, storing an open alcoholic beverage container in an area of a motor vehicle normally occupied by the driver or passenger is prohibited on any public road.",difficult
3,"Signs, Signals & Pavement Markings",Double solid yellow lines painted down the middle of the road mean:,"a:Railroad crossing ahead.,b:Pedestrian crossing ahead.,c:Passing is not permitted from either direction.",c,"Double solid yellow lines in the center of the road mean that passing is not allowed from either direction. You may not cross the lines unless you are making a left turn or passing pedestrians, bicyclists, and riders of scooters or skateboards when the opposite lane is clear and you can pass safely.",easy
7,Vehicle Ownership & Responsibilities,"If you leave your vehicle unattended, you must:","a:Turn off the engine.,b:Lock the ignition and remove the key.,c:Set the parking brake.",b,"When you leave your vehicle unattended, you must stop the engine, lock the ignition, remove the key from the ignition, and set the parking brake.",medium
2,Traffic Laws & Rules of the Road,Passing is prohibited:,"a:On hills and curves.,b:At intersections.,c:At railroad crossings.",a,"Locations where it is unlawful and unsafe to pass another vehicle include hills, curves, intersections, and railroad crossings.",medium
2,Traffic Laws & Rules of the Road,An intersection has no traffic signs or signals. You arrive at the same time as a vehicle to your right. You should:,"a:Speed up and get through the intersection.,b:Slow down and yield to the vehicle on your right.,c:Drive into the intersection and make the other vehicle stop.",b,"When two vehicles arrive to an uncontrolled intersection at the same time, the vehicle on the right has the right-of-way. Once the vehicle on the right has safely passed through the intersection, the other driver may proceed.",medium
4,Safe & Defensive Driving Practices,Which of the following commonly causes traffic accidents?,"a:Inattentive driving,b:Excessive speed under the driving conditions,c:Following other vehicles too closely",b,Driving too fast for conditions is a major cause of motor vehicle crashes. Being inattentive to surroundings can cause a driver to collide with other vehicles. Most rear-end collisions are caused by drivers following other vehicles too closely.,easy
6,"Alcohol, Drugs & Impaired Driving",A person's ability to drive can be impaired by:,"a:Alcohol.,b:Any medication.,c:A lack of sleep.",a,"The ability to drive safely is dependent on the driver being in good physical condition. Driving can be impaired by alcohol, legal and illegal drugs, and being drowsy.",easy
1,Licensing & Permit Requirements,"When stopped for a traffic violation or at an equipment check, the driver must produce:","a:Proof of insurance.,b:Their license.,c:Proof of registration.",b,"When stopped for a traffic violation or at an equipment check, the driver is responsible for producing their license, proof of registration, and proof of insurance. Drivers are required to have all three of these documents in a vehicle when it is being driven.",medium
8,Special Situations & Road Users,Crossbuck signs indicate:,"a:Railroad crossings.,b:School zones.,c:No passing zones.",a,Crossbuck signs tell drivers to yield to trains at a railroad crossing. Drivers should not try to outdrive a train.,easy
4,Safe & Defensive Driving Practices,"To prepare for anything coming up on the road ahead, you should:","a:Continually scan the entire road and all roadsides.,b:Stare straight ahead at all times.,c:Drive with your left foot resting lightly on the brake pedal.",a,"Your ability to handle dangerous traffic situations depends largely on searching for and identifying problems before meeting them. Looking far ahead of your vehicle does not mean you should simply stare at the center of the road. You need to continually scan the entire road, including the sides of the road.",easy
2,Traffic Laws & Rules of the Road,"When parking uphill next to a curb, set the parking brake and:","a:Keep the rear tires against the curb.,b:Keep the front tires straight ahead.,c:Turn your steering wheel away from the curb.",c,"When parking facing uphill on a street that has a curb, set your parking brake and turn your steering wheel away from the curb. This way, if your vehicle starts to roll, it will roll into the curb.",medium
2,Traffic Laws & Rules of the Road,"You cannot pass safely on a two-way, two-lane street unless:","a:You are able to clearly see the road ahead.,b:You can return to your lane before meeting oncoming traffic.,c:Your vehicle is capable of the speed necessary to pass.",b,"You cannot pass safely when driving on a two-way, two-lane street unless you can clearly see the road ahead, you can return to your lane before meeting oncoming traffic, and your vehicle is capable of the speed necessary to pass. Do not pass where it is illegal and unsafe to do so.",medium
3,"Signs, Signals & Pavement Markings",A steady yellow traffic signal means that a ____ light will soon appear.,"a:Flashing yellow,b:Steady green,c:Steady red",c,A steady yellow light on a traffic signal indicates that a steady red light will soon appear.,easy
2,Traffic Laws & Rules of the Road,If two drivers arrive at the same time to an open intersection:,"a:The driver on the right has the right-of-way.,b:The driver on the left has the right-of-way.,c:One driver may continue driving without stopping.",a,"If you arrive to an open intersection at the same time as a vehicle to your right, you should yield the right-of-way to that vehicle. You may then proceed when it is safe to do so.",medium
8,Special Situations & Road Users,You are coming to an intersection and have a green light. Pedestrians are crossing against the red. You should:,"a:Honk your horn.,b:Speed up and pass in front of the pedestrians.,c:Stop to let the pedestrians cross safely.",c,Yield to pedestrians and cars that may be caught in an intersection when you have a green light. Be careful around pedestrians under every circumstance.,easy
4,Safe & Defensive Driving Practices,"If someone is driving aggressively behind you, you should:","a:Try to get out of the aggressive driver’s way.,b:Stare at the driver as he or she is passing you.,c:Speed up as he or she is passing you.",a,"If you encounter an aggressive driver, you should make every attempt to get out of their way. You should avoid making eye contact with a hostile driver. Challenging a hostile driver by speeding up may only make them angrier, thereby increasing their danger.",easy
4,Safe & Defensive Driving Practices,"If another driver cuts you off in traffic, you should:","a:Pull next to the driver and yell at them.,b:Let it go.,c:Flash your high beams at the driver.",b,"To avoid the dangers of road rage, you should never take it personally if another driver cuts you off in traffic. Just let it go and continue driving safely.",easy
3,"Signs, Signals & Pavement Markings",A slow-moving vehicle emblem is:,"a:A rectangular red sign.,b:A circular green sign.,c:A diamond-shaped yellow sign.,d:A reflective orange triangle.",d,The slow-moving vehicle symbol is a reflective orange triangle. Expect vehicles using this emblem to be driving at speeds of 25 mph or slower.,medium
6,"Alcohol, Drugs & Impaired Driving",Which medication(s) could have negative side effects that affect driving ability?,"a:Any medication,b:Headache medicine,c:Diet pills",a,Any medication could potentially affect your ability to drive. Be sure to ask your doctor or pharmacist about the effects your prescription may have on driving. Read the labels on over-the-counter medicines to determine if their side effects can impair your driving.,easy
3,"Signs, Signals & Pavement Markings",The most common color of warning signs is:,"a:Red.,b:Yellow.,c:Green.",b,Most warning signs are diamond-shaped and yellow with black markings. These signs warn drivers about unexpected conditions that may not be readily apparent.,easy
3,"Signs, Signals & Pavement Markings","At an intersection with a yield sign, you should:","a:Always stop before entering the intersection.,b:Yield just to the traffic on the right.,c:Yield just to the traffic on the left.,d:Slow down and yield the right-of-way to traffic in the intersection.",d,A yield sign means that you must slow down and yield the right-of-way to traffic in the intersection or roadway you are entering.,medium
5,Driving in Special Conditions,"Fog can greatly reduce the visibility of other vehicles, pedestrians, and traffic signals. When driving in fog, you should:","a:Drive cautiously and reduce your speed.,b:Not use your high beam headlights.,c:Use low beam headlights to better illuminate the road and objects.",a,"Fog can greatly reduce your ability to see other vehicles, pedestrians, and traffic signals. When driving in fog, drive cautiously and at reduced speeds. Do not use high beam headlights. Low beams better illuminate the road and objects ahead in foggy conditions.",easy
3,"Signs, Signals & Pavement Markings",What does a flashing yellow traffic light mean?,"a:Merging traffic,b:Proceed with caution.,c:Pedestrian crossing",b,A flashing yellow traffic light indicates that you should drive with caution.,easy
7,Vehicle Ownership & Responsibilities,You notice a vehicle defect which may affect the safe operation of your vehicle. You should:,"a:Correct the defect as soon as possible.,b:Correct the defect when you can afford it.,c:Drive the vehicle at slower speeds.",a,Any defect that may affect the safe operation of a vehicle should be corrected as soon as possible. Defects should be corrected before the vehicle is driven.,easy
4,Safe & Defensive Driving Practices,The effect that lack of sleep has on your safe driving ability is the same as:,"a:The effect that alcohol has.,b:The effect that amphetamines have.,c:The effect that anger has.",a,"Fatigue and being under the influence of alcohol have similar effects on your ability to drive safely. For example, being awake for 18 hours impairs your driving about as much as a blood alcohol level of 0.05 percent. Being awake for 24 hours in a row has the same effect on your driving as a blood alcohol level of 0.10 percent.",medium
5,Driving in Special Conditions,If you experience a tire blowout:,"a:Take your foot of the gas.,b:Do not immediately use your brakes.,c:Gradually slow down and pull off the side of the road.",b,"If you experience a tire blowout, take your foot off the gas pedal and do not immediately apply the brakes. Gradually slow down before gently applying the brakes and pulling off the side of the road.",medium
2,Traffic Laws & Rules of the Road,To enter a freeway:,"a:Signal, yield to existing traffic, and enter at the same speed that traffic is moving.,b:Signal and enter the freeway. Freeway traffic must yield.,c:Drive slowly so you can check traffic.",a,"When merging into traffic, you should signal and enter at the same speed that traffic is moving. Always yield to other traffic when entering a roadway.",medium
2,Traffic Laws & Rules of the Road,"When parallel parking between two cars, you should first:","a:Turn your wheels to the left.,b:Turn your wheels to the right.,c:Pull up even with the car in front of your desired parking space.",c,"After finding a parking space, checking traffic, and signaling, you should stop parallel to the vehicle directly ahead of your desired parking space before turning your wheel to park.",medium
7,Vehicle Ownership & Responsibilities,Your vehicle strikes an unattended parked vehicle and you cannot locate the vehicle’s owner. You:,"a:Have done as much as you can.,b:Must stay until the police arrive.,c:Must leave a written notice containing your name, your address, and the circumstances of the accident.",c,"Upon striking an unattended vehicle, stop and try to locate the owner. If you cannot find the owner, leave a written notice containing your name, your address, and the circumstances of the accident.",medium
6,"Alcohol, Drugs & Impaired Driving",What is the first thing affected by alcohol consumption?,"a:Reaction time.,b:Judgment.,c:Slurred speech.",b,"Alcohol reduces all of the important skills necessary to drive safely, such as judgment, reaction time, vision, and concentration. Alcohol is absorbed into the lining of the stomach and then passes directly into the bloodstream and reaches your brain within minutes after consumption. A person’s judgment is the first thing affected after drinking an alcoholic beverage.",medium
1,Licensing & Permit Requirements,Accruing ____ points on your license within a 36-month period will result in suspension of your license for one year.,"a:24 or more,b:21 to 23,c:18 to 20",a,"Certain offenses committed while driving will count against the driver in Florida's system of suspending driver licenses. If a driver accrues 24 points or more within a 36-month period, their license will be suspended for one year.",difficult
8,Special Situations & Road Users,When may a driver pass a vehicle that is stopped at a crosswalk?,"a:When the vehicle does not accelerate quickly enough after the pedestrian has left the crosswalk.,b:When the pedestrian is directly in front of the vehicle.,c:When there is no visible pedestrian.",c,"You are not allowed to overtake and pass a vehicle that is stopped at a crosswalk. Florida law requires that a driver assumes any vehicle stopped at a crosswalk is waiting for a crossing pedestrian, even when none can be seen at that moment.",difficult
5,Driving in Special Conditions,"If a flagger is directing traffic in a construction zone, you must:","a:Follow the directions given by the flagger.,b:Copy what surrounding traffic is doing, despite the flagger's instructions.,c:Assume the flagger is not supposed to be directing traffic.",a,"Be prepared to reduce your speed and use caution when directed to do so by a sign, flagger, or law enforcement officer. Failure to do so is illegal and is dangerous to those working in construction zones.",easy
6,"Alcohol, Drugs & Impaired Driving",Your chances of being in a collision begin to increase after consuming:,"a:Four alcoholic drinks.,b:Three alcoholic drinks.,c:Two alcoholic drinks.",c,"If you drink alcohol, even just one drink, your chances of being in a crash are much greater than if you did not drink any alcohol. No one can drink alcohol and drive safely, even if you have been driving for many years.",difficult
4,Safe & Defensive Driving Practices,Drowsy drivers:,"a:Should drink strong black coffee to stay awake.,b:Can drive so poorly that they may appear to be drunk.,c:Can stay alert by opening a window and turning up the radio.",b,"Drowsiness can make people drive so poorly that they appear to be drunk. Opening a window, turning on the radio, or drinking coffee is not enough to make a drowsy driver alert to roadway hazards.",medium
5,Driving in Special Conditions,When driving in fog:,"a:Use your parking lights.,b:Use your low beams.,c:Use your high beams.",b,"You should use low beam headlights when driving in fog, rain, or snow.",easy
3,"Signs, Signals & Pavement Markings",If traffic signals at an intersection are not functioning due to a power outage:,"a:Park your vehicle as far off the road as possible and wait for power to be restored.,b:Use hand signals to indicate your intentions to other drivers.,c:Turn on your hazard lights and proceed through the intersection without stopping.,d:Treat the intersection as a four-way stop.",d,"If a traffic light at an intersection is not functioning due to a power outage, yield to other drivers in the same manner as you would when approaching a four-way stop. When it is your turn, proceed through the intersection with caution.",difficult
8,Special Situations & Road Users,You are driving on the roadway and hear a siren behind you. You should:,"a:Stop where you are.,b:Pull over to the right and stop.,c:Speed up to get out of the way.",b,"When you hear the siren or see the flashing lights of an emergency vehicle coming from behind your vehicle, you must create a clear path for the emergency vehicle and stop. Reduce your speed and safely pull over to the side of the road. If the emergency vehicle is directly behind your vehicle when you are in heavy traffic, keep moving slowly until you can get out of its way.",easy
8,Special Situations & Road Users,"If a crossing guard is directing traffic in a school zone, you must:","a:Follow the directions given by the crossing guard.,b:Copy what surrounding traffic is doing, despite the crossing guard's instructions.,c:Assume the guard is not supposed to be directing traffic.",a,"Be prepared to reduce your speed and use caution when directed to do so by a sign, crossing guard, or law enforcement officer. Always drive with extra caution in a school zone.",easy
4,Safe & Defensive Driving Practices,If you are involved in a serious motor vehicle crash:,"a:Stop.,b:Call the police.,c:Determine if anyone is injured.",a,"If you are involved in a crash, move your vehicle off of the road and stop, if possible. If anyone is injured, call 911 and provide appropriate help. You must report the crash to law enforcement if there is an injury, a death, and/or more than $1,000 in property damage (or more than $200 worth of damage made to non-vehicle government property, such as signs or guardrails).",easy
8,Special Situations & Road Users,If a gate near a drawbridge is about to lower across the road:,"a:Find a way around the gate.,b:Quickly drive under the lowering gate.,c:Come to a complete stop and wait for the gate to rise before you proceed.",c,"Many drawbridges have gates with flashing red lights and bells. Stop when the lights begin to flash and before the gate lowers across your lane. Not only is it against the law to drive around or under a crossing gate, it is extremely dangerous.",medium
5,Driving in Special Conditions,How can you lower the risk of hydroplaning?,"a:Do not speed when the roads are wet.,b:Use tires with proper air pressure.,c:Replace tires with bad tread.",a,Hydroplaning happens when a vehicle glides on top of a thin layer of water between its tires and the road. Tires with low air pressure or bad tread can increase the risk of hydroplaning. Speeding also increases the risk.,medium
3,"Signs, Signals & Pavement Markings",Traffic signals sometimes display arrows to control turns from specific lanes. A green arrow:,"a:Is used only on one-way streets.,b:Has the same meaning as a circular green traffic light, but traffic must turn in the direction indicated by the arrow.,c:Means that you may proceed, but only if the green arrow is accompanied by a circular green light.",b,"A green arrow has the same meaning as a circular green traffic light, but traffic in the indicated lane must turn in the direction shown by the arrow.",medium
8,Special Situations & Road Users,If a driver sees an animal on the roadway:,"a:No special action is required.,b:The driver should honk their horn.,c:The driver should pass the animal as closely as possible.,d:Slow down and pass the animal carefully.",d,Be very cautious any time you encounter an animal on the roadway. Pass the animal slowly to avoid startling or frightening it.,medium
8,Special Situations & Road Users,A pedestrian starts to cross in front of your vehicle. You should:,"a:Flash your lights.,b:Slow down.,c:Speed up and pass in front of the pedestrian.",b,Slow down and be prepared to stop whenever you see pedestrians walking on or crossing the roadway. Be particularly careful where children are present. Always yield the right-of-way to a pedestrian crossing in a crosswalk.,easy
7,Vehicle Ownership & Responsibilities,Children are required to wear their seat belts:,"a:Anytime they are in a moving car.,b:If their parents think they should.,c:If they choose to do so.",a,"Florida law requires that a fastened seat belt must be worn in all motor vehicles on public roadways by the driver and passengers in the front seat. All children under the age of 18 are also required to wear their fastened seat belts, regardless of where they are seated in the vehicle.",easy
7,Vehicle Ownership & Responsibilities,"If you are involved in a crash with an unattended vehicle, you:","a:May leave the scene without attempting to make contact with the vehicle's owner.,b:Must contact the vehicle's owner or leave a note.,c:Must stay near the vehicle until its owner comes to move it.",b,"If you are involved in a crash with a vehicle that is unattended, you must make every effort to contact the vehicle's owner and notify law enforcement. If you are not able to find the owner, you can leave a note with your name, contact information, and license plate number.",medium
5,Driving in Special Conditions,You are driving when it starts to sleet or snow. You should:,"a:Keep your windshield and mirrors clear.,b:Allow additional distance between your vehicle and the vehicles that you are following.,c:Approach all vehicles with caution.",b,"In snowy weather, keep your windshield and mirrors clear. Increase your following distance when driving in wet and cold weather because a slippery road surface will increase the distance needed for your vehicle to stop.",easy
4,Safe & Defensive Driving Practices,Drivers who eat and drink while driving:,"a:Make no driving errors.,b:Have trouble driving slowly.,c:Are better drivers because they are not hungry.,d:Have trouble staying in their lane and controlling their vehicle.",d,"Choosing to eat, drink, or smoke while driving is dangerous because these actions require a driver to remove their hands from the wheel and their eyes from the road. Drivers who engage in distracting activities while driving have trouble staying in their lanes and controlling their vehicles.",medium
3,"Signs, Signals & Pavement Markings",Certain highway signs require drivers to obey an indicated instruction. Such signs are known as:,"a:Regulatory signs.,b:Warning signs.,c:Information signs.",a,Regulatory signs require drivers to obey an indicated instruction. Failure to comply is subject to penalty.,easy
5,Driving in Special Conditions,Driving at night requires increased caution because:,"a:Traffic moves faster at night.,b:There is a larger volume of traffic at night.,c:Drivers cannot see as well at night.",c,"Because it is dark, drivers cannot see as well at night as they can during the day. From one half hour after sunset until one half hour before sunrise, or at any other time when persons or vehicles are not visible for 500 feet, drivers must use their headlights.",easy
8,Special Situations & Road Users,"When passing a large vehicle, the driver of a small vehicle must be prepared for:","a:Loud noises.,b:Excess air pollution.,c:Wind gusts produced by the large vehicle.",c,Large vehicles can cause wind gusts with a force great enough to cause direction changes in smaller vehicles. Drivers of small vehicles should be prepared to take proper corrective steering action when approaching or passing large vehicles that are moving at or near maximum speeds.,medium
3,"Signs, Signals & Pavement Markings","When approaching a traffic signal displaying a flashing yellow arrow, drivers:","a:Should merge into a lane in the direction of the arrow.,b:Should come to a complete stop.,c:May turn left after yielding to oncoming traffic and pedestrians.",c,"A flashing yellow arrow indicates that left turns are allowed in the direction of the arrow. However, the oncoming traffic has a green light and you must yield to oncoming traffic and pedestrians.",medium
2,Traffic Laws & Rules of the Road,A driver can legally pass on the right side of another vehicle:,"a:If the vehicle is waiting to turn left and there is an available passing lane.,b:Even if it means driving off the pavement.,c:On a narrow bridge.",a,"If there is an available passing lane, you may pass on the right of a vehicle or bicycle that is turning left or waiting to turn left. It is also legal to pass on the right when driving on a multilane road with two or more lanes traveling in the same direction. You may never drive off the pavement or main-traveled portion of the road to pass another vehicle.",medium
8,Special Situations & Road Users,You are driving on a divided multilane highway and see or hear the signal of an approaching emergency vehicle. You should:,"a:Disregard the signal if there are other lanes available for the emergency vehicle.,b:Stop as quickly as you can.,c:Slow down, move your vehicle to provide a clear path for the emergency vehicle, and stop.",c,"If you hear the siren or see the flashing lights of an emergency vehicle, you must slow down, provide a clear path for the vehicle, and stop. Don't try to outdrive the emergency vehicle.",easy
1,Licensing & Permit Requirements,"If you are stopped by a police officer, you should:","a:Unbuckle your seat belt and lower your window.,b:Get your paperwork ready before the officer reaches your car.,c:Stay in your vehicle with your hands on the steering wheel and wait for the officer to approach you.",c,"If you are stopped by the police, keep your hands on the wheel and ask any passengers to keep their hands in view as well. You should remain in the vehicle unless the police officer asks you to get out. Wait until the officer asks you to retrieve your driver license, registration, and insurance cards.",easy
6,"Alcohol, Drugs & Impaired Driving","As alcohol builds up in your blood, it:","a:Slows down your reactions.,b:Makes you feel less confident.,c:Begins to metabolize itself more quickly.",a,"As alcohol builds up in your system, it will slow your reactions, make you feel more confident, and cause you to make more errors.",easy
4,Safe & Defensive Driving Practices,To change lanes you should:,"a:Check your mirrors and signal, then change lanes.,b:Signal, check your mirrors, check your blind spot in the direction you plan to move, then change lanes.,c:Signal, check your mirrors, and change lanes.",b,"Before changing lanes, you should activate your turn signal in the appropriate direction and check your rearview and side mirrors. Look over your shoulder in the direction you plan to move in order to check your blind spot and check the far lane to be sure no one else is trying to enter the same lane as you. Change lanes when you are sure it is safe to do so.",medium
8,Special Situations & Road Users,"Two solid white lines painted across a traffic lane show the boundaries of a crosswalk. As a driver, you should know that:","a:Motor vehicles have the right-of-way over pedestrians in crosswalks.,b:When pedestrians are in crosswalks, they should be given the right-of-way.,c:No one has the right-of-way in a crosswalk.",b,"Crosswalk lines show pedestrians where to safely cross a road or street. Crosswalks may be marked by horizontal lines, vertical lines, or a combination of the two. You must always stop for pedestrians who are in a crosswalk.",easy
2,Traffic Laws & Rules of the Road,When passing other vehicles:,"a:Check your mirrors and blind spots.,b:Honk your horn at least three times.,c:Re-enter your lane within 10 feet of the passed vehicle.",a,"Before passing another vehicle, check your mirrors and blind spots. Before changing lanes, activate the appropriate turn signal. Re-enter the lane when you can see the front of the passed vehicle in your rearview mirror.",medium
3,"Signs, Signals & Pavement Markings","As you near an intersection, the traffic light changes from green to yellow. Your best action is to:","a:Speed up to beat the red light.,b:Apply the brakes sharply to stop.,c:Be prepared to stop in the center of the intersection.,d:Slow down and prepare to stop before entering the intersection.",d,"A steady yellow traffic light indicates that the light will soon change to red. You should be prepared to stop for the red light, if it is safe to do so.",medium
2,Traffic Laws & Rules of the Road,A “No standing” sign at a certain location means:,"a:You may never stop your vehicle there.,b:You may park there if the driver remains in the vehicle.,c:You may stop temporarily only to pickup or discharge passengers.",c,"A ""No standing"" sign means that you may only make a temporary stop to load or discharge passengers.",medium
5,Driving in Special Conditions,"If you become stranded in a snowstorm, the best thing to do is to:","a:Get out of the car and go for help.,b:Lay down in your car and go to sleep.,c:Walk into the road and get the attention of other drivers.",b,"If you become stranded in a snowstorm, the best thing to do is stay in your car and wait for help. You are most likely to be found if you don't leave your vehicle. Additionally, it may be unsafe to walk around outside in a snowstorm.",medium
5,Driving in Special Conditions,"When driving in a low-visibility situation, you should:","a:Decrease your following distance.,b:Increase your following distance.,c:Drive as if it is a high-visibility situation.",b,Increase your following distance in low-visibility situations. It will be more difficult to see what the car in front of you is doing and you may need extra time to react.,easy
2,Traffic Laws & Rules of the Road,You may park or stop along the shoulder of the freeway:,"a:As long as you turn on your four-way (emergency) flashers.,b:If no part of your vehicle is on the road.,c:If you need to look at a map for directions.,d:Only in an emergency situation.",d,"It is prohibited to park on the shoulder of a freeway, except in an emergency.",difficult
5,Driving in Special Conditions,"If you need to slow down while driving on a slippery road, the first thing you should do is:","a:Firmly apply your brakes.,b:Take your foot off the gas pedal.,c:Apply your parking brake.",b,"To slow down on a slippery road, you should first take your foot off the gas pedal. If you need to slow down even more, gently apply a slow, steady pressure to your brake pedal.",easy
5,Driving in Special Conditions,Your first response to reduced visibility should be:,"a:Turning on your headlights.,b:Reducing your speed.,c:Turning on your windshield wipers.",b,Reducing your speed should be your first response to decreased visibility and dangerous road conditions.,easy
8,Special Situations & Road Users,"While driving on a two-lane road without bicycle lanes, you encounter a bicyclist traveling in the same direction. What is the safest way to pass the bicyclist?","a:Slow down and wait until there is no traffic approaching, then pass the bicyclist while leaving him or her sufficient space.,b:Continue driving straight. It is the bicyclist’s responsibility to get out of your way.,c:Do not pass the bicyclist until you come to a traffic signal or stop sign.",a,"You should pass a bicyclist the same way you would pass any other vehicle, but not so fast or close to them that you throw debris in their face or blow them around with the draft of air from your vehicle. Allow at least 3 feet of space between your side mirror and the bicyclist, or at least 5 feet on higher speed roads or when there is a group of bicyclists. Honking unnecessarily may startle riders and make them more likely to crash.",medium
3,"Signs, Signals & Pavement Markings",You may drive across a dashed white line:,"a:At any time.,b:Only during daylight hours.,c:When it is safe to change lanes.",c,"Traffic lanes moving in the same direction are separated by broken white lines. You may cross over dashed lines to pass, if it is safe to do so.",easy
4,Safe & Defensive Driving Practices,You notice that the driver in the vehicle ahead of you is driving with one hand and talking to a passenger. You should:,"a:Give the vehicle extra space.,b:Know that the driver in the vehicle ahead is reducing their safety margin by being an inattentive driver.,c:Avoid following the driver's example.",a,"Do not become distracted by looking at passengers, attempting to find something in your vehicle, looking at reading material, sightseeing, or daydreaming while driving. If a driver near you seems distracted, allow them extra space because the risk of an accident is increased by their inattentiveness.",easy
2,Traffic Laws & Rules of the Road,If two vehicles arrive to a four-way stop at the same time:,"a:The vehicle on the left must yield to the vehicle on the right.,b:The vehicle on the right must yield to the vehicle on the left.,c:Drivers must make hand motions to communicate with each other.",a,"In general, vehicles at a four-way stop should proceed in the order that they arrive. However, if two vehicles arrive to the intersection at the same time, the vehicle on the left must yield the right-of-way to the vehicle on the right.",medium
2,Traffic Laws & Rules of the Road,If two drivers arrive at the same time to a four-way intersection controlled by stop signs:,"a:The driver on the right has the right-of-way.,b:The driver on the left has the right-of-way.,c:One driver may continue driving without stopping.",a,Yield the right-of-way to the driver on your right at a four-way intersection if you both arrive to the intersection at the same time. You may then proceed when it is safe to do so.,medium
4,Safe & Defensive Driving Practices,"You experience an incident at work that has left you feeling angry. When you get to your car, you should:","a:Play the radio loudly so you won’t think about it.,b:Drive fast on the interstate to let off steam.,c:Take a few minutes to cool off before you begin your drive home.",c,"Persons who are upset, angry, or otherwise distracted by their emotions should take time to cool off before driving a car. Taking out frustrations or anger while driving is exercising very poor judgment and is very dangerous to both the driver and others on the road.",easy
8,Special Situations & Road Users,"When passing a vehicle stopped on the side of the road, drivers should:","a:Increase their speed.,b:Vacate the lane closest to the stationary vehicle or slow down.,c:Pull off the road behind the stationary vehicle.",b,"The Move Over Law protects law enforcement officers, emergency workers, tow truck drivers, sanitation workers, and utility workers stopped along roadways while performing their jobs. You must vacate the lane closest to the stationary emergency vehicle, tow truck, sanitation vehicle, or utility vehicle. If you cannot move over safely, you must slow down to a speed of 20 mph below the posted speed limit.",medium
5,Driving in Special Conditions,"Compared to driving during the day, driving at night is:","a:Less dangerous.,b:No more or less dangerous.,c:More dangerous.",c,"Driving at night is more dangerous than driving during the day for several reasons. It is harder to see in the dark, you may be temporarily blinded by the glare from other vehicles' lights, and there are likely to be more drivers on the road who are tired or under the influence.",easy
4,Safe & Defensive Driving Practices,Anything that requires you to ____ could cause you to crash.,"a:Take your eyes off the road,b:Take your hands off the wheel,c:Take your attention away from the task of driving",c,"Anything that causes you to take your attention away from driving, take your eyes off the road, and/or take your hands off the wheel is a distraction.",easy
2,Traffic Laws & Rules of the Road,"On a freeway, you realize you missed your turn or exit. You should:","a:Make the turn quickly from your lane of travel.,b:Stop and back up.,c:Continue driving until you reach the next turn, exit, or other location where you can safely turn around.",c,"If you miss your turn or exit, do not back up, but go on to the next turn or exit where you can safely turn around. It is illegal to back up on a shoulder or a freeway.",easy
8,Special Situations & Road Users,"When you hear the siren or see the flashing lights of an approaching emergency vehicle, you must:","a:Slow down until it passes you.,b:Drive to the right side of the road and stop.,c:Motion for the emergency vehicle to pass you.",b,"Yield the right-of-way to any approaching emergency vehicle that is using its flashing lights or siren, regardless of its direction of travel. You must immediately drive to the right side of the road and stop until the emergency vehicle has passed. If you are within an intersection, pass through the intersection before coming to a stop on the right side of the road.",easy
2,Traffic Laws & Rules of the Road,"Signaling your intentions before turning, changing lanes, or driving away from a curb:","a:Is necessary only if other traffic is present.,b:Is a good driving habit and is required by law.,c:Is necessary only during the maneuver, not before.",b,"When changing lanes or turning, signal your intentions well in advance. The law requires that you signal for at least 100 feet before you move your vehicle to the right or left. Before pulling away from a curb, always signal to inform passing drivers of your intentions.",easy
3,"Signs, Signals & Pavement Markings",What color are pavement markings that separate traffic lanes moving in opposite direction?,"a:Yellow,b:White,c:Yellow and white",a,Yellow lines are used in the center of the road to separate lanes of traffic moving in opposite directions.,easy
4,Safe & Defensive Driving Practices,The most effective thing you can do to reduce your risk of being injured or killed in a traffic crash is to:,"a:Wear your seat belt.,b:Limit your driving to weekdays.,c:Stay in the right lane on multilane highways.",a,Wearing your seat belt is the single most effective thing you can do to reduce your risk of death or injury while driving.,easy
5,Driving in Special Conditions,Roads become very slippery:,"a:When it has been raining for an hour or more.,b:The day after it rains.,c:For the first 10 to 15 minutes of a rainstorm.",c,Pavement can become very slippery within the first 10 to 15 minutes of a rainstorm because the rain causes oil in the asphalt to rise to the surface of the road. This problem becomes even worse in hot weather. The heat combined with the water causes more oil to rise to the road surface.,medium
1,Licensing & Permit Requirements,Permitting an unlicensed person to drive can result in:,"a:A $50 fine.,b:A 10-day jail sentence and a $100 fine.,c:A 30-day jail sentence and a $250 fine.,d:A 60-day jail sentence and a $500 fine.",d,"It is illegal to permit or authorize an unlicensed person to drive a motor vehicle. Doing so can result in a 60-day jail sentence and a $500 fine. If the vehicle is involved in a crash resulting in bodily injury or the death of any person, the person who permitted the unlicensed person to drive shall have his/her license suspended for one year.",difficult
7,Vehicle Ownership & Responsibilities,"If towing something behind your vehicle, the drawbar or towing connection:","a:Must exceed 15 feet in length.,b:Must be strong enough to pull all the towed weight.,c:May not have any flags or reflectors attached to it.",b,"If a driver is towing something behind their vehicle, they must ensure that the drawbar or towing connection is strong enough to pull all of the towed weight safely. If the towing connection is a rope, cable, or chain, the driver should attach a square, 12-inch white flag. Unless the towed object is difficult to take apart, the towing connection should be no more than 15 feet long.",medium
3,"Signs, Signals & Pavement Markings",Which of the following are used on some highways to direct drivers into the proper lanes for turning?,"a:Flashing red lights,b:Flashing yellow lights,c:White lines on the side of the road,d:Pavement arrows.",d,"Arrows may be used to indicate which lanes should be used for specific purposes, such as driving straight or making a turn.",difficult
8,Special Situations & Road Users,You approach an emergency vehicle that is stopped with its lights flashing. You must:,"a:Slow down. If possible, change lanes so you will not drive next to the stopped emergency vehicle.,b:Drive to the right side of the road and stop.,c:Stay in your lane and continue to drive at the same speed.",a,"If you approach an emergency vehicle, tow truck, or roadside assistance vehicle that is stopped with its lights flashing, you must change lanes to allow the vehicle extra space. If there is only one lane moving in your direction, or if changing lanes would be unsafe, you must slow down to a speed below the posted speed limit and give the stationary vehicle as much room as possible. Always slow down and be prepared to stop when you approach an emergency scene.",medium
4,Safe & Defensive Driving Practices,"To check your blind spot when changing lanes to the left, you should glance:","a:Over your right shoulder.,b:At your side mirror.,c:Over your left shoulder.",c,"To check your blind spot, glance over your shoulder in the direction that you want to move.",easy
8,Special Situations & Road Users,A fully loaded tractor-trailer traveling at 55 mph could take up to ____ to come to a complete stop.,"a:50 feet,b:125 feet,c:400 feet",c,Tractor-trailers take longer distances to stop than smaller cars traveling at the same speed. A fully loaded tractor-trailer may take almost 400 feet to come to a complete stop when driving at 55 mph.,difficult
5,Driving in Special Conditions,"When driving under icy or snowy conditions, which driving technique will help drivers avoid crashes?","a:Add extra weight to their vehicles to improve traction.,b:Get off the highways as quickly as possible.,c:Engage the four-wheel drive on their vehicles.",c,Reduce your speed when roads are snow-covered or icy. Doing this and increasing your following distance are the most important techniques for avoiding crashes under snowy or icy conditions.,difficult
3,"Signs, Signals & Pavement Markings",You may continue carefully through an intersection with a yellow light if:,"a:There is an emergency vehicle crossing your lane.,b:There are pedestrians crossing.,c:You are turning right.",c,"If a steady yellow light appears when you are already within an intersection, you should continue through the intersection carefully.",difficult
5,Driving in Special Conditions,"When driving in rain, you must:","a:Use low beam headlights.,b:Use high beam headlights.,c:Use parking lights.",a,"In rainy conditions, you should use your low beam headlights.",easy
4,Safe & Defensive Driving Practices,Many crashes are caused by:,"a:Drivers traveling too fast for conditions.,b:Drivers consistently checking their mirrors and blind spots.,c:Drivers yielding the right-of-way.",a,Many crashes are caused by drivers who are driving too fast for conditions. Always drive within the legal speed limits and decrease your speed any time conditions are less than perfect.,easy
3,"Signs, Signals & Pavement Markings",A stop sign is shaped like a(n):,"a:Rectangle.,b:Square.,c:Circle.,d:An octagon.",d,An octagonal shape is used only for stop signs. All eight-sided signs tell drivers to come to a complete stop before proceeding.,medium
3,"Signs, Signals & Pavement Markings",A traffic light displaying a green arrow and a red light means that:,"a:You may only drive straight ahead.,b:You may drive only in the direction of the green arrow.,c:You must wait for a solid green light to proceed in any direction.",b,"If a green arrow is shown with a red light, you can only drive in the direction of the arrow and only if the intersection is clear.",medium
2,Traffic Laws & Rules of the Road,Driving too slowly is:,"a:Against the law.,b:A safe option for drivers who are not confident.,c:The responsibility of tired drivers.",a,"Driving too slowly is against Florida law. You must not drive so slowly that you block or delay traffic moving at normal, safe speeds. You should drive with the flow of traffic, within the speed limit.",easy
2,Traffic Laws & Rules of the Road,"When preparing to turn left, drivers should:","a:Slow down gradually while checking their rearview mirror.,b:Move into the left lane.,c:Watch for oncoming vehicles and pedestrians.",c,"As you approach a left turn, signal your intentions three to five seconds in advance. Continually check your rearview mirror as you gradually slow down. On a multilane road, move into the left lane before reaching the intersection where you plan to turn. Yield to traffic and pedestrians and turn when your path is clear.",easy
5,Driving in Special Conditions,"When driving on wet pavement, it's important to remember:","a:That pavement is especially slippery right after it starts to rain.,b:That wet roads can cause hydroplaning.,c:To give yourself additional space when coming to a stop.",a,"Wet roadway surfaces can be dangerously slick, especially immediately following a rainfall. When you are driving on wet roads, your vehicle is traveling on a thin layer of oil, dirt, and water. Slow down when there is heavy rain, standing water, or slush on the road to reduce the risk of your wheels losing traction on the slick surface.",medium
2,Traffic Laws & Rules of the Road,You want to turn left at an intersection. The light is green but oncoming traffic is heavy. You should:,"a:Use the next intersection.,b:Wait at the crosswalk for traffic to clear.,c:Wait in the center of the intersection for traffic to clear.",c,"When making a left turn where there is approaching traffic, you must wait for the approaching traffic to go through before you turn. You may enter the intersection to prepare for your left turn if the light is green and no other vehicle ahead of you plans to make a left turn.",medium
4,Safe & Defensive Driving Practices,The most important thing to remember about speed management and curves is that you must:,"a:Drive at the posted speed limit as you enter the curve, then slow down at the sharpest part of the curve.,b:Slow down before you enter the curve.,c:Accelerate gently before you enter the curve.",b,"The most important thing to remember about driving in curves is that your vehicle’s inertia may make it difficult to turn. To maintain control, it is essential that you slow down before entering the curve.",medium
3,"Signs, Signals & Pavement Markings",Two solid yellow lines on the pavement mean:,"a:Passing is allowed for drivers from both directions.,b:Passing is not allowed.,c:Passing is allowed if you are at the top a hill.",b,Yellow lines tell you that the traffic on the other side of the lines is moving in the opposite direction. You should never cross two solid yellow lines to pass from either direction.,easy
8,Special Situations & Road Users,Drivers must yield to a pedestrian:,"a:Even if the pedestrian crosses the street carelessly.,b:Only when the pedestrian is in a crosswalk.,c:Only if the pedestrian is on the same side of the road as the driver.",a,"Drivers must always yield to pedestrians in the street, even if they are crossing against a red light or are otherwise being careless.",medium
3,"Signs, Signals & Pavement Markings","When approaching a flashing yellow light, drivers should:","a:Increase their speed.,b:Come to a complete stop.,c:Turn on their headlights.,d:Slow down and proceed with caution.",d,A flashing yellow light warns of a hazard. Slow down and proceed with caution.,easy
8,Special Situations & Road Users,"When approached by an emergency vehicle that is using its siren and/or flashing lights, a driver must immediately:","a:Pull to the right and stop.,b:Pull to the right and slow down.,c:Pull to the right and turn on their vehicle's four-way flashers.",a,"When you are approached by an emergency vehicle that is using its lights, sirens, and/or other warning devices, you must immediately drive to the right side of the road and stop.",easy
3,"Signs, Signals & Pavement Markings",You must stop at an intersection when you see a:,"a:Flashing red light.,b:Steady yellow light.,c:Yellow arrow.",a,"A flashing red traffic signal has the same meaning as a stop sign. At an intersection with a flashing red light, you must come to a complete stop, look both ways, and proceed only after the intersection is clear.",easy
4,Safe & Defensive Driving Practices,Increasing your vehicle’s speed:,"a:Increases your field of vision.,b:Decreases your field of vision.,c:Makes it easier to see cross traffic.",b,"The faster you drive, the smaller your field of vision becomes. As your speed increases and your field of vision decreases, you must be extra alert to potential hazards.",medium
8,Special Situations & Road Users,The “No zone” is:,"a:A term used to describe blind spots around a truck or bus.,b:A special speed zone.,c:A roadway with restrictions on vehicle stereo volume.",a,"A truck or bus has blind spots on each side, in the rear, and in the front. An automobile cannot be seen in these blind spots. These blind spots are referred to as the “No zone.”",easy
4,Safe & Defensive Driving Practices,"The act of turning your head and checking your blind spot before changing lanes, driving away from a curb, or merging your vehicle into traffic is:","a:A bad driving habit.,b:A good driving habit.,c:Unnecessary.",b,"When changing lanes, it is important to check your blind spots. Do this by looking over your shoulder toward the next lane. Do not rely only on your mirrors.",easy
6,"Alcohol, Drugs & Impaired Driving",Taking drugs along with alcohol:,"a:Increases the risk of causing a crash.,b:Is no more dangerous than consuming alcohol by itself.,c:Lessens the effect of alcohol on your ability to drive.",a,"Drugs (including illegal, prescription, and over-the-counter medications) can affect your brain function and impair your ability to drive safely. Combining alcohol with other drugs will increase the risk of a crash.",easy
6,"Alcohol, Drugs & Impaired Driving",What might happen when alcohol is combined with another drug?,"a:The effects of the alcohol and the drug may both be increased.,b:Nothing will happen.,c:The effects of the alcohol and the drug may both be reduced.",a,"Consuming both alcohol and another drug may enhance the effects of both. For example, taking one drink when you are also using a cold remedy could affect you as if you have had several drinks.",medium
2,Traffic Laws & Rules of the Road,You are entering a crowded freeway. What should you do to merge into traffic?,"a:Use your side and rearview mirrors and check your blind spots.,b:Use the acceleration lane to adjust your speed to match the speed of freeway traffic.,c:Yield to traffic already on the freeway.",b,"Use the entrance ramp to accelerate to the speed of freeway traffic and yield to traffic already using the freeway. Before entering traffic, use your mirrors and check your blind spots to verify that you have room to safely merge.",medium
3,"Signs, Signals & Pavement Markings",Stop lines are solid white lines painted across traffic lanes:,"a:In curves and on hills.,b:Next to churches and schools.,c:At intersections and pedestrian crosswalks.",c,Stop lines are solid white lines painted across traffic lanes at intersections and pedestrian crosswalks. They indicate the exact location at which approaching drivers must stop.,easy
8,Special Situations & Road Users,"Before entering a roundabout, you must slow down and yield to:","a:Vehicles in the roundabout.,b:Bicyclists in the roundabout.,c:Pedestrians in the roundabout.",a,"When entering a roundabout, you must yield to pedestrians, bicyclists, and vehicles that are already in the roundabout.",medium
5,Driving in Special Conditions,If you stop along the road at night:,"a:Turn off all your lights.,b:Use your parking lights only.,c:Use your headlights only.",c,"If you stop along the road at night, turn on your emergency flashers and leave your low beam headlights turned on. Be sure that other road users will be able to clearly see your vehicle.",medium
5,Driving in Special Conditions,"If a vehicle using high beams comes toward you, you should look toward ____ of the road.","a:Either side,b:The center,c:The right side",c,"If a vehicle approaching you is using its high beams and fails to dim them, you should glance toward the right side of the road. This will keep you from being blinded by the other vehicle’s headlights and will allow you to see well enough to stay on your course until the vehicle passes.",easy
8,Special Situations & Road Users,You need to use extra caution when driving near a pedestrian using a white cane because:,"a:He or she is deaf.,b:He or she is a police officer.,c:He or she is blind.",c,"When driving near a blind pedestrian who is carrying a white cane or walking with a guide dog, you must slow down, yield the right-of-way, and then proceed with caution. Be prepared to stop your vehicle in order to prevent injury or danger to the pedestrian.",easy
3,"Signs, Signals & Pavement Markings","When approaching a traffic signal displaying a steady yellow arrow, drivers:","a:Should merge into a lane in the direction of the arrow.,b:Should slow to a stop, if it is safe to do so.,c:May turn left after yielding to oncoming traffic and pedestrians.",b,A steady yellow arrow indicates that a red arrow is about to appear. Stop unless you are already within the intersection.,medium
8,Special Situations & Road Users,When you are in a line of traffic that is crossing a railroad track that has no signals or gates:,"a:You have the right-of-way and do not need to check for trains.,b:You may pass slower drivers while crossing the track.,c:You need to make sure there is space for your vehicle to get all the way across the tracks without stopping.",c,"If you are following another vehicle at a railroad crossing, check to make sure you have enough room to get all the way across before you drive onto the tracks. You should never try to pass another vehicle as you approach or cross a railroad crossing. Always check for trains before crossing any railroad tracks.",medium
8,Special Situations & Road Users,You must stop for a school bus:,"a:That is parked on the shoulder of the road with no one in it.,b:When it approaches you, even if its lights are not flashing.,c:If you are both driving on a two-lane highway and its red lights are flashing.",c,"You must stop when approaching a school bus that is displaying flashing red lights while stopped to pick up or drop off children. On a two-lane road, traffic moving in both directions must stop and remain stopped as long as the red lights near the top of the bus are flashing and/or the stop arm on the left side of the bus is extended.",medium
3,"Signs, Signals & Pavement Markings",A red traffic signal light means that you must:,"a:Stop at the stop line.,b:Stop before entering any crosswalk.,c:Stop before entering the intersection.",a,A red traffic light means that you must stop before entering the intersection. You must at any stop line and before entering any crosswalk.,easy
6,"Alcohol, Drugs & Impaired Driving",Consuming which of the following substances may impair your ability to drive safely and may result in an arrest for driving under the influence of intoxicants (DUII)?,"a:Beer, wine, and other liquor,b:Controlled substances, such as illegal drugs or prescription medicines,c:Inhalants, such as glue or paint",b,"A wide variety of intoxicants can impair your ability to drive. These include all types of alcoholic beverages, illegal drugs, inhalants, and many legal medications (both prescription and over-the-counter).",medium
5,Driving in Special Conditions,"If your wheels drop off the pavement and onto the shoulder of the road, you should:","a:Brake hard and turn sharply back onto the pavement.,b:Stop your car on the edge of the road.,c:Slow down and very carefully turn back onto the pavement.",c,"If your wheels drop off the pavement and onto a low shoulder, you should reduce your speed without braking and very carefully turn back onto the pavement. Be aware of any nearby traffic when re-entering the road.",medium
8,Special Situations & Road Users,"When you hear a fire engine siren behind you, you must:","a:Slow down until it passes you.,b:Drive with your flashers on.,c:Pull over to the side of the road and stop.",c,"When you hear the siren of an emergency vehicle, you must pull over to the curb or side of the road and stop.",easy
2,Traffic Laws & Rules of the Road,When parking uphill on a hill or incline with a curb:,"a:Turn your front wheels sharply toward the curb.,b:Turn your front wheels slightly to the right.,c:Turn your front wheels sharply away from the curb.",c,"To keep your vehicle from rolling into traffic when parked facing uphill, turn your front wheels sharply away from the curb. If you are parking uphill on a street that has no curb, turn the wheels sharply toward the edge of the road.",medium
5,Driving in Special Conditions,"While driving, your wheels slip off the edge of the road. You should:","a:Jerk the steering wheel to force the vehicle back onto the pavement.,b:Speed up and steer back onto the pavement gradually.,c:Slam on your brakes and stop.,d:Ease off the gas, slow down gradually, and carefully steer back onto the pavement.",d,"If your vehicle begins to leave the road, continue to drive with the wheels off the pavement and reduce your speed by gently applying the brakes. When at a safe speed, turn the steering wheel to return to the pavement. Do not attempt to force your vehicle back onto the pavement by sharply turning the steering wheel.",difficult
6,"Alcohol, Drugs & Impaired Driving",How long will a DUI conviction remain on your driving record?,"a:One year.,b:10 years.,c:40 years.,d:75 years.",d,"Because drinking alcohol and driving is so dangerous, the penalties are very tough. People who drive after drinking risk heavy fines, higher insurance rates, loss of license, and jail sentences. A DUI conviction will remain on your driving record for 75 years.",difficult
2,Traffic Laws & Rules of the Road,A person who drives much slower than the speed limit:,"a:Is a very safe driver.,b:Always has the right-of-way.,c:Should not let following cars pass.,d:Can be a hazard to other drivers.",d,"Driving more slowly than the flow of traffic can be hazardous. If you are on a two-lane, two-way road and driving so slowly that traffic is backing up behind you, you are required to pull off the road and let the other vehicles pass. Only drive significantly under the speed limit when conditions require it.",medium
4,Safe & Defensive Driving Practices,An inattentive driver is a driver who:,"a:Stares at objects off the roadway or daydreams while driving.,b:Maintains eye contact during a conversation with a passenger while driving.,c:Only watches the vehicle ahead of their vehicle.",a,"Do not become distracted by looking at passengers, attempting to find something in your vehicle, looking at reading material, sightseeing, or daydreaming while driving. Continue scanning the road, checking your mirrors, and looking at the instrument panel at regular intervals. Developing these safe habits will keep you attentive as a driver.",easy
8,Special Situations & Road Users,"If you are driving near a motorcycle, you must:","a:Allow the motorcycle to use a complete lane.,b:Drive on the shoulder beside the motorcycle.,c:Allow the motorcycle to use only half of a lane.",a,"A motorcycle is a full-size vehicle with the same privileges as any other vehicle on the roadway. You should allow a motorcyclist a full lane width. Although it may seem as though there is enough room in the traffic lane for a larger vehicle and a motorcycle, remember that the motorcycle needs room to maneuver safely.",easy
8,Special Situations & Road Users,"To be safe when crossing a railroad, you should:","a:Look both ways, but only when the red light is flashing.,b:Listen, look both ways, and then proceed if it is safe to do so.,c:Cross especially quickly when a train is approaching.",b,Railroad crossings are always dangerous. Drivers should look and listen for an approaching train coming from either direction before proceeding across the tracks. Watch for signals indicating an approaching train and never proceed until you are certain it is safe to do so.,easy
5,Driving in Special Conditions,"To drive safely at night, you should:","a:Increase your following distance.,b:Not drive if you are tired.,c:Make sure your headlights are working properly.",c,"At night, visibility is reduced. Take steps to make driving in the dark more safe for you and the other drivers on the road.",easy
2,Traffic Laws & Rules of the Road,Fines for moving traffic violations in school zones are:,"a:Lessened.,b:Unchanged.,c:Doubled.",c,"In Florida, fines are doubled when infractions occur within school zones. There will also be possible civil penalties of up to $1,000 and you can be required to complete a driving school course.",medium
8,Special Situations & Road Users,You are driving up a hill and are approaching a heavy truck from the rear. You should know that:,"a:The truck may be traveling at a speed slower than the posted speed limit.,b:You may not be able to safely pass the truck.,c:You may not be able to legally pass the truck.",a,"Drivers must be aware that large vehicles often travel at a speed slower than the posted speed limit, especially when driving on an incline, and should use caution when approaching a large vehicle from the rear. When on a hill with limited visibility, it is unlawful to pass another vehicle.",medium
4,Safe & Defensive Driving Practices,"If an aggressive driver cuts you off, you should:","a:Call the police immediately.,b:Stay calm and move out of the aggressive driver's way.,c:Flash your vehicle's lights to let the aggressive driver know he is wrong.",b,"If an aggressive driver cuts you off on the roadway, stay calm and get out of their way. Trying to get even with an aggressive driver risks escalating the situation and increasing the danger.",easy
6,"Alcohol, Drugs & Impaired Driving",The effect that alcohol has on your reflexes and judgment:,"a:Is less pronounced when consuming beer instead of wine.,b:Is less pronounced when consuming wine instead of beer.,c:Is most pronounced when consuming hard ciders and mixed drinks.,d:Is the same regardless of the type of alcohol consumed.",d,"Consuming any type of alcohol can have negative effects on your reflexes and judgment. It does not matter which type of alcohol is consumed, only how much alcohol has entered a person's bloodstream.",difficult
4,Safe & Defensive Driving Practices,When changing lanes you should not:,"a:Check your side and rearview mirrors.,b:Give a turn signal to signal your intentions.,c:Check for other drivers who may be moving into the same lane as you.",c,"Before changing lanes, check your side and rearview mirrors for traffic approaching you from behind. Use your turn signal to let other drivers know you plan to change lanes. Check for other drivers who also may be moving into the same lane.",medium
3,"Signs, Signals & Pavement Markings",Traffic signals sometimes display arrows to control turns from specific lanes. A solid red arrow:,"a:Is never used as a traffic signal.,b:Has the same meaning as a circular red traffic light.,c:Means that drivers may turn in the direction indicated by the arrow.",b,"A solid red arrow in a traffic signal means the same thing as a circular red traffic light. When an arrow is red, traffic in the indicated lane must stop and may not turn in the direction that the arrow is pointing.",medium
3,"Signs, Signals & Pavement Markings",A flashing red light on a traffic signal means:,"a:The same thing as a stop sign.,b:The traffic signal is broken.,c:You do not have to come to a complete stop.",a,"A flashing red light means the same thing as a stop sign. If you encounter a flashing red light, you should come to a complete stop, yield to appropriate traffic and pedestrians, and only proceed when it is safe to do so.",easy
3,"Signs, Signals & Pavement Markings",What does an orange-colored sign indicate?,"a:The start of a no passing zone.,b:A railroad crossing is ahead.,c:A school zone is ahead.,d:You are approaching a construction or work zone.",d,"Construction, maintenance, and emergency operations signs are generally orange with black symbols.",medium
4,Safe & Defensive Driving Practices,Allow a larger space cushion than usual when stopping:,"a:On an incline.,b:At an intersection.,c:At a stop sign.",a,"You should allow more space in front of your vehicle than usual when you are stopped on an uphill slope. If the vehicle in front of you rolls backward toward your vehicle when traffic begins to move again, it is less likely that there will be a collision.",medium
5,Driving in Special Conditions,"If you come to a roadway covered in water, you should:","a:Drive until you think the water is too deep.,b:Drive through, as it is unlikely the standing water will become too deep.,c:Turn around and find another way to go.",c,"If you come to a roadway that is flooded, turn around and find another way to go. Do not attempt to drive through the water. It is impossible to determine the depth or current of standing water and your vehicle could become submerged or swept away.",medium
4,Safe & Defensive Driving Practices,When you are being tailgated:,"a:Move over to the right, if there is an open lane to your right.,b:If there is not an open lane to your right, wait until the way is clear ahead and reduce your speed slowly to encourage the tailgater to drive around you.,c:Never slow down abruptly.",a,"If you are being tailgated by another driver and there is a right lane, move over to the right. If there is no right lane, wait until the road ahead is clear and then reduce your speed slowly. This will encourage the tailgater to drive around you. Never slow down abruptly as this will only increase the risk of your vehicle being hit from behind.",medium
4,Safe & Defensive Driving Practices,Your blind spot is the area of the road:,"a:You cannot see without moving your head.,b:Directly behind your vehicle.,c:You see in your rearview mirror.",a,Blind spots are areas that a driver cannot see without moving their head. They can be located to the sides of and behind a vehicle.,easy
4,Safe & Defensive Driving Practices,"While backing, you should:","a:Rely only on your mirrors.,b:Flash your lights.,c:Open your door to see if it is safe to proceed.,d:Turn your head and look through the rear window.",d,"When intending to back up, always check behind your vehicle before getting in. Children and small objects are difficult to see from the driver’s seat. While backing, turn your head so you can see through the rear window. Do not depend only on your mirrors or sensors.",medium
8,Special Situations & Road Users,"At a light rail intersection, always:","a:Look both ways before crossing tracks.,b:Pay attention and obey all traffic signals.,c:Share the road with pedestrians and bicyclists.",b,You should never drive around lowered crossing gates. Always look both ways before turning across train tracks and always obey signs and traffic signals. Trains share the road with motor vehicles and bicyclists.,easy
3,"Signs, Signals & Pavement Markings",Lanes of traffic moving in opposite directions are divided by ____ lines.,"a:White,b:Red,c:Black,d:Yellow.",d,Yellow lines are used to divide traffic moving in opposite directions.,medium
5,Driving in Special Conditions,"At night, it is hardest to see:","a:Road signs.,b:Pedestrians.,c:Other motorists.",b,"Compared to signs and other roadside objects, pedestrians are hardest to see at night.",easy
4,Safe & Defensive Driving Practices,When you see other drivers around you acting or reacting in anger:,"a:Don’t make eye contact.,b:Don't react with hand gestures.,c:Distance yourself from the situation.",c,"When other drivers are behaving angrily, you should take action to physically and mentally distance yourself from the situation. Avoid making eye contact with them, or making body movements or gestures that could provoke them. Slow down, move over, or do whatever you safely can to put yourself out of danger.",easy
4,Safe & Defensive Driving Practices,"To ensure that your physical condition does not cause you to drive in an unsafe manner, you should:","a:Keep physically fit and have regular physical examinations.,b:Know the effect of any medicine on your driving ability.,c:Drive within your physical limitations.",b,Your physical condition has an important bearing on your ability to drive safely. Drivers should be aware of their physical limitations and only drive if it is safe to do so.,medium
4,Safe & Defensive Driving Practices,"Before changing lanes on a multilane highway, you should:","a:Sound your horn.,b:Turn on your headlights.,c:Reduce your speed.,d:Check your mirrors and look over your shoulder to verify your blind spot is clear.",d,"Before changing lanes, you should look in your rearview and side mirrors to make sure no one is trying to pass you. You should also look over your shoulder to make sure that no one is in your blind spot.",medium
6,"Alcohol, Drugs & Impaired Driving","If someone has consumed alcoholic drinks, what will help the person overcome the influence of those drinks?","a:Tomato juice and lime,b:Hot coffee,c:Fresh air,d:Allow time to pass for the alcohol to be eliminated.",d,Only the passage of time will allow a person to overcome the influence of alcohol.,medium
4,Safe & Defensive Driving Practices,Allowing a space cushion between your vehicle and its surroundings is important because it:,"a:Prevents distractions from other vehicles.,b:Allows you time to react to unexpected situations.,c:Keeps traffic flowing at a safe pace.",b,The only way to be sure you will have enough time to react to mistakes made by other drivers is to leave plenty of space between you and the vehicles around you.,easy
7,Vehicle Ownership & Responsibilities,Worn or bald tires:,"a:Can make turning more difficult.,b:Are likely to hydroplane.,c:Can increase your stopping distance.",b,Worn or bald tires can increase your stopping distance and make turning more difficult. Tires without adequate tread also increase the risk of hydroplaning.,medium
3,"Signs, Signals & Pavement Markings",A driver approaching a flashing red traffic signal must:,"a:Slow down at the light.,b:Drive carefully without stopping.,c:Merge to the right.,d:Stop completely, yield to traffic and pedestrians, and proceed when safe.",d,"A flashing red light means that you must stop, yield to traffic and pedestrians, and go only when it is safe. At a railroad crossing, a flashing red light indicates that a train is approaching. Yield to the train, and go only when the lights have stopped flashing and all other active warning devices deactivate.",easy
8,Special Situations & Road Users,Which of the following statements about railroad crossings is true?,"a:It is against the law to go around lowered gates at a crossing.,b:You must stop at a railroad crossing when directed to do so by a flagger.,c:Not all railroad crossings are equipped with flashing red signals and gates.",c,"You must stop at a railroad crossing when directed to do so by a flagger, stop sign, or warning devices, such as gates or flashing lights. Not all railroad crossings are equipped with such devices. It is against the law to drive around lowered railroad crossing gates.",medium
5,Driving in Special Conditions,"To reduce the effects of headlight glare at night, you should look:","a:Straight ahead.,b:Over your shoulder.,c:At the center of the road,d:Toward the right side of the road.",d,"If oncoming drivers do not dim their headlights for you, keep your eyes on the right side of the road ahead. Do not look directly at the oncoming headlights because the glare may blind you for several seconds.",medium
3,"Signs, Signals & Pavement Markings",An arrow painted on the pavement means:,"a:Drivers in the proper lane may make the movement indicated by the arrow, if they choose to do so.,b:Drivers in the proper lane must make the movement indicated by the arrow, but only if traffic lights are not working.,c:Drivers in the proper lane must always come to a complete stop before making the movement indicated by the arrow.,d:Drivers in the proper lane must make the movement indicated by the arrow.",d,An arrow painted on the pavement within a traffic lane indicates that drivers in the lane must make the movement indicated by the arrow. Drivers should follow directions given by any traffic signs or signals before proceeding in the direction indicated by the arrow.,difficult
2,Traffic Laws & Rules of the Road,When should drivers drive across or park on a median?,"a:When they need to rest.,b:When they need to make a phone call.,c:When they want to turn around.,d:Never.",d,Never drive across or park on a median. It is unsafe to do so.,difficult
4,Safe & Defensive Driving Practices,"To avoid collisions with vehicles in your blind spots, you should:","a:Quickly turn your head to see if your blind spot is clear before changing lanes.,b:Adjust your rearview mirrors every few minutes.,c:Honk your horn right before turning or changing lanes.",a,"Before turning or changing lanes, turn your head and glance over your shoulder in the direction of your move to see if your blind spot is clear. Never rely on your mirrors alone.",easy
3,"Signs, Signals & Pavement Markings",These signs indicate:,"a:Hazardous objects.,b:Slippery roads.,c:Traffic signals.",a,Warning signs prepare drivers for upcoming road conditions and hazards and are usually yellow with black markings. These signs are object markers and warn drivers about objects or areas that may be hazardous and should be avoided.,medium
5,Driving in Special Conditions,What should you do if your accelerator sticks while you are driving?,"a:Reach down and attempt to pull it up.,b:Shift to park.,c:Shift to neutral and apply steady pressure on the brake.",c,"If your accelerator sticks while you are driving, keep your eyes on the road. Quickly shift the vehicle into neutral and apply steady pressure on the brake pedal. Pull off the road when it is safe to do so and turn off the engine.",difficult
5,Driving in Special Conditions,"At dusk or on overcast days, you should:","a:Drive using your four-way flashers.,b:Drive using your parking lights.,c:Not turn on any vehicle lights.,d:Turn on your headlights.",d,"At dusk or on overcast days, you must turn on your headlights. Dim your lights to their low beam setting when within 1,000 feet of an approaching vehicle and when within 500 feet of a vehicle that you are following. When driving in poor weather, always use your low beams.",medium
5,Driving in Special Conditions,"On slippery roads, you should:","a:Slow down.,b:Drive more quickly.,c:Drive the speed limit, with caution.",a,"You should slow down at the first sign of rain, snow, or sleet, all of which can create slippery road conditions. When conditions on the road are less than ideal, safety may require that you drive more slowly than the posted speed limit.",easy
7,Vehicle Ownership & Responsibilities,You are driving when your power steering stops working. You should:,"a:Honk your horn and turn off the ignition.,b:Turn on your hazard lights and brace yourself.,c:Work hard to steer, reduce your speed, drive to a safe area, and stop.",c,"If your power steering stops working, additional effort will be required to maintain steering control. Reduce your speed and pull off the roadway to stop in a safe area.",difficult
8,Special Situations & Road Users,You must yield for emergency vehicles:,"a:Under no circumstances.,b:When you see a flashing red or blue light or hear a siren.,c:Only when other vehicles yield.",b,You must yield the right-of-way to any emergency vehicle that is using its siren or flashing lights.,easy
2,Traffic Laws & Rules of the Road,"When exiting a highway, you should slow down:","a:On the main road, just before the exit lane.,b:Once you see a toll booth.,c:Once you have moved into the exit lane.",c,"When exiting a highway, you should get into the exit lane well in advance. Do not begin to slow down until after you have moved into the exit lane.",medium
2,Traffic Laws & Rules of the Road,"Before passing another vehicle, you should signal:","a:Just before changing lanes.,b:At any time.,c:After changing lanes.,d:Well in advance of the lane change.",d,"Before passing, you should signal early enough for other drivers to know your plans in advance.",medium
2,Traffic Laws & Rules of the Road,"When merging onto a freeway, it is usually best to:","a:Proceed slowly while waiting for an opening.,b:Accelerate to a speed that is faster than the speed of traffic.,c:Turn on your hazard lights until safely on the freeway.,d:Accelerate to match the speed of freeway traffic.",d,"When entering a freeway, use the on-ramp to accelerate to the speed of freeway traffic so you can blend in smoothly and safely. Entering traffic must yield to traffic already on the freeway.",medium
6,"Alcohol, Drugs & Impaired Driving","If you are convicted for driving under the influence and it is your first conviction, you may be subjected to:","a:Only a fine.,b:A fine and community service.,c:A fine, community service, and jail time.",c,"Penalties for the first conviction of a DUI may include a fine, community service, imprisonment, license revocation, and the installment of an Ignition Interlock Device. Penalties will increase as the number of DUI convictions increase.",difficult
3,"Signs, Signals & Pavement Markings",Traffic signals sometimes display arrows to control turns from specific lanes. A solid yellow arrow:,"a:Is never used as a traffic signal.,b:Has the same meaning as a circular yellow traffic light.,c:Means that drivers may turn in the direction indicated by the arrow.",b,"A solid yellow arrow has the same meaning as a yellow traffic light. When approaching a solid yellow arrow, you must reduce your speed and prepare for a red light.",medium
8,Special Situations & Road Users,"If you cause injury while passing a school bus that is stopped to drop off or pick up children, you will:","a:Be fined up to $500.,b:Be permitted to keep your license.,c:Be fined $1,500.",c,"Drivers must come to a complete stop when approaching a school bus that is stopped with its lights flashing. Causing an injury when passing a stopped school bus will result in a fine of $1,500. Additional penalties, such as license suspension and required community service, will apply.",difficult
3,"Signs, Signals & Pavement Markings",You are turning onto a two-lane road divided by a broken yellow line. You know immediately that:,"a:You are on a two-way road.,b:You are on a one-way road.,c:The road is under repair.",a,Yellow centerlines are used to separate traffic moving in opposite directions. Broken lines may be crossed to pass slower-moving traffic when it is safe to do so.,easy
3,"Signs, Signals & Pavement Markings","While driving, you come upon a sign displaying the words “Reduced speed, 35 mph."" This means:","a:That the new 35 mph speed limit begins at this sign.,b:That the new 35 mph speed limit begins at the next speed limit sign.,c:That you have plenty of time to slow down before the reduced speed zone.",a,"""Reduced speed"" signs inform drivers that they must reduce their speeds. If a new speed limit is posted on one of these signs, the new speed limit begins at the sign.",medium
4,Safe & Defensive Driving Practices,What can you do to avoid the need to make emergency stops while driving in traffic?,"a:Honk your horn to make others aware of your presence.,b:Look ahead and maintain a safe following distance.,c:Drive in the right lane only.",b,"Keeping a safe following distance will enable you to react to an upcoming problem without the need for a emergency stop, which could cause a driver behind you to crash into the back of your vehicle.",easy
8,Special Situations & Road Users,"When using a roundabout or rotary island, drivers should:","a:Yield to entering traffic.,b:Yield to traffic already in the roundabout.,c:Drive in a clockwise direction.",b,"A roundabout is a circular intersection that flows in a counterclockwise direction around a central island and usually does not include a traffic signal. Motorists must enter from the right, yielding to traffic already in the roundabout, and follow the circle to the right until the desired roadway is reached.",easy
2,Traffic Laws & Rules of the Road,You may drive in HOV lanes if:,"a:You are driving faster than the flow of traffic.,b:You are driving more slowly than the flow of traffic.,c:Your vehicle has two or more occupants.",c,Some highways reserve the left lane for vehicles with two or more occupants or hybrid/low-emission vehicles. These High Occupancy Vehicle (HOV) lanes are identifiable by signs and diamond pavement symbols and are separated from other lanes by a striped buffer zone. Vehicles may enter and exit the HOV lane only at designated points.,medium
4,Safe & Defensive Driving Practices,"When you double the speed of a car, you increase the potential force of impact by:","a:Two times.,b:Three times.,c:Four times.",c,"The faster you drive, the greater the impact or striking power of your vehicle. When you double the speed of a car, you increase its force of impact by four times.",medium
2,Traffic Laws & Rules of the Road,If two vehicles arrive to an uncontrolled intersection at the same time:,"a:The largest vehicle has the right-of-way.,b:The car on the left has the right-of-way.,c:The car on the left shall yield to the car on the right.",c,"If two vehicles arrive at the same time to an uncontrolled intersection, the driver on the left must yield to the driver on the right. The driver on the left may then proceed when it is safe to do so.",medium
3,"Signs, Signals & Pavement Markings",A single broken yellow line down the center of a two-lane road indicates:,"a:Lanes are moving in opposite directions and drivers are not permitted to pass.,b:Lanes are moving in opposite directions and drivers are permitted to pass when it is safe to do so.,c:Lanes are moving in the same direction and drivers are not permitted to pass.",b,Yellow lines are used to separate traffic moving in opposite directions. Dashed lines indicate that drivers directly next to the line are permitted to pass when it is safe to do so.,medium
8,Special Situations & Road Users,You may drive around the gates at a railroad crossing:,"a:When the train has passed.,b:Under no circumstances.,c:When the lights have stopped flashing.",b,"You are required to stop at all railroad crossings when signals warn of an approaching train. These signals may include flashing red lights, a lowered crossing gate, a flagger signaling, or a train’s audible signal of warning. Do not attempt to go around a lowered gate.",easy
6,"Alcohol, Drugs & Impaired Driving",What is the only way to reduce your blood alcohol concentration (BAC)?,"a:Drink coffee.,b:Exercise.,c:Allow your body time to get rid of the alcohol.",c,"The only method that effectively reduces your BAC is to not drink alcohol for a period of time. Coffee, exercise, and cold showers cannot reduce your BAC or change the effects of alcohol. They can help you remain awake, but they cannot change your BAC or make you sober.",easy
4,Safe & Defensive Driving Practices,“Highway hypnosis” is a driving condition that can result from:,"a:Staring at the roadway for long periods of time.,b:Frequent rest stops.,c:Too much sleep the night before your trip.",a,"""Highway hypnosis” happens when you stare straight ahead at the roadway for long periods of time and stop actively scanning ahead, behind, and around your vehicle. This can lead you to zone out, making you very likely to crash into traffic slowing or stopping ahead of you.",medium
3,"Signs, Signals & Pavement Markings",Which of the following lights indicates that you should slow down and proceed with caution at an intersection?,"a:A flashing yellow light,b:A flashing red light,c:A solid yellow light",a,"A flashing yellow traffic light at an intersection indicates that drivers must slow down, proceed with caution, and be prepared to stop.",medium
3,"Signs, Signals & Pavement Markings","An ""End school zone"" sign indicates:","a:That the speed limit is 20 mph.,b:The beginning of a reduced speed zone.,c:The increased possibility of encountering pedestrians.,d:The end of the school zone and its reduced speed limit.",d,"Do not exceed the school zone speed limit during indicated times. The end of a reduced speed school zone will be indicated by an ""End school zone"" regulatory sign.",difficult
4,Safe & Defensive Driving Practices,"While operating a motor vehicle, drivers are permitted to text:","a:At stop lights.,b:By using voice-to-text.,c:Under no circumstances.",c,"It is illegal in Florida to operate a motor vehicle while texting. In 2014, there were over 1,600 citations issued for texting and driving.",easy
8,Special Situations & Road Users,A bicyclist who doesn’t obey traffic laws:,"a:Is in the right because bicyclists don’t have to obey traffic laws.,b:Can be ticketed.,c:Will always receive a warning from law enforcement.",b,"All bicyclists have the same rights, duties, and responsibilities as drivers of motor vehicles. Motorists and bicyclists who do not obey traffic laws can be ticketed.",easy
4,Safe & Defensive Driving Practices,Vehicle stopping distances never depend on:,"a:Your own reaction time.,b:The time of day.,c:The condition of your vehicle's brakes.",b,"The distance that a vehicle needs to stop depends on the motorist's reaction time, weather and visibility conditions, the vehicle's weight, the conditions of the vehicle's brakes, the condition and type of the vehicle's tires, roadway conditions, and speed.",medium
5,Driving in Special Conditions,"If your vehicle begins to skid, you should:","a:Overcorrect.,b:Turn your steering wheel into traffic.,c:Turn your steering wheel in the direction of the skid.",c,"If your vehicle begins to skid, remain calm. Steer in the direction of the skid.",medium
3,"Signs, Signals & Pavement Markings",Is it legal cross a double solid yellow centerline to pass?,"a:Yes.,b:No.,c:If there is no oncoming traffic.",b,"Two solid yellow lines down the center of a two-way road mean that neither lane of traffic may cross the lines, unless they are turning off of the roadway. A driver can cross double yellow lines when turning into or out of a driveway or entrance to a business. No passing is allowed over a solid yellow line.",easy
4,Safe & Defensive Driving Practices,What may help drivers conserve gasoline?,"a:Sitting in their driveways with their cars running.,b:Accelerating quickly.,c:Slowing down gradually.",c,"Every time you have to stop quickly, it takes time and fuel to accelerate and get your vehicle back up to the speed of traffic. Drivers who look far ahead of their vehicles can slow down gradually or change lanes to avoid unnecessary braking, leading to better gas mileage.",easy
2,Traffic Laws & Rules of the Road,You must not drive your vehicle at a speed greater than:,"a:The maximum speed limit.,b:A speed that is faster than is reasonable and prudent.,c:A speed that is safe for existing conditions.",b,"You must not drive at a speed that is faster than is reasonable and prudent. You must drive at a speed that is appropriate for the area where you are driving, the type and condition of surrounding traffic, the presence of pedestrians, the weather, the quality of the road, and light conditions. You must drive within legal speed limits.",medium
3,"Signs, Signals & Pavement Markings","When a traffic signal light turns green, you should:","a:Yield the right-of-way to pedestrians.,b:Accelerate as quickly as possible.,c:Back up slowly.",a,"A green light tells you that you can go through the intersection. However, you must first yield the right-of-way to traffic and pedestrians who are still in the intersection.",easy
3,"Signs, Signals & Pavement Markings",Certain highway signs contain information about hazardous conditions. Such signs are known as:,"a:Regulatory signs.,b:Warning signs.,c:Information signs.",b,"Warning signs advise drivers of potentially hazardous conditions. For your own safety, obey warning signs. Disregarding the information provided by a warning sign may result in an accident due to your negligence.",easy
2,Traffic Laws & Rules of the Road,Which of the following is a safe way to drive through a curve?,"a:Slow down as you enter, speed up as you exit.,b:Maintain a constant speed throughout the curve.,c:Speed up as you enter, slow down as you exit.",a,You should slow down as you enter a curve and increase your speed gradually as you exit. Increasing your speed as you enter a curve will make it more difficult to control your vehicle.,medium
6,"Alcohol, Drugs & Impaired Driving",You may avoid the risks of alcohol-related crashes by:,"a:Deciding before you start drinking that you are not going to drive.,b:Simply saying, ""No thanks, I'm driving,"" if someone offers you a drink.,c:Calling a taxi.",a,"The only way to avoid the risks of drinking and driving is to decide before you start drinking that you are not going to drive. Because alcohol affects your judgement, it will be harder for you to make safe decisions after you have started drinking.",easy
3,"Signs, Signals & Pavement Markings",Regulatory signs are usually ____ and should always be obeyed.,"a:White,b:Blue,c:Green",a,Regulatory signs regulate the movement of traffic. They are usually white with black markings and must always be obeyed by motorists.,easy
2,Traffic Laws & Rules of the Road,When may you proceed through an intersection that has a stop sign but no stop line or crosswalk?,"a:After slowing down to verify that there is no cross traffic,b:After coming to a complete stop and verifying that it is safe to proceed,c:After you have stopped at least 20 feet prior to the intersection",b,"Stop before the stop line or crosswalk at any intersection that is controlled by a stop sign. If there is a stop sign but no stop line or crosswalk, stop before entering the intersection and proceed when it is safe to do so.",medium
2,Traffic Laws & Rules of the Road,"When entering a highway from an entrance ramp, you should generally:","a:Enter above the speed of traffic to get ahead.,b:Enter slowly to avoid other vehicles.,c:Stop first, then slowly enter traffic.,d:Accelerate to the speed of traffic and merge when safe.",d,"Entrance ramps for highways often have acceleration lanes. When merging with traffic from an acceleration lane, you should put your signal on, look for an opening in traffic, accelerate up to the speed of traffic, and merge into an opening in traffic.",medium
2,Traffic Laws & Rules of the Road,"When you want to make a right turn, your car must be:","a:Near the center of the street.,b:Close to the left side of the street.,c:Close to the right side of the street.",c,"As you prepare to make a right turn, you should get as far to the right side of the road as possible. Do not cut across lanes of traffic to perform any turn.",easy
8,Special Situations & Road Users,"When you see or hear an emergency vehicle coming, you should:","a:Stop immediately and let the vehicle pass.,b:Drive as far toward the right side of the road as is safe and stop.,c:Proceed slowly and permit the vehicle to pass.",b,"When driving on a two-lane roadway or undivided highway, you must yield to an emergency vehicle using its lights and/or siren, regardless of the direction from which it is approaching. Immediately drive as near as possible to the right side of the road and stop, taking care not to stop within an intersection.",easy
4,Safe & Defensive Driving Practices,Increase your following distance when:,"a:Driving behind a large vehicle that blocks your vision.,b:Exiting an expressway.,c:Following a motorcycle.",a,"You should increase your following distance when you are behind a large vehicle that blocks your vision, when driving in bad weather or heavy traffic, when exiting an expressway, when behind a motorcycle or bicycle, and if someone is tailgating you.",medium
5,Driving in Special Conditions,A work zone:,"a:May be moving or stationary.,b:Is marked with black and white signs.,c:Does not require a driver to slow down and pay extra attention.",a,"Work zones are often stationary, but they may also be present in the form of moving vehicles striping lines, mowing, or removing snow. Work zones are marked by orange signs with black lettering or symbols. Slow down and pay extra attention when approaching or driving through a work zone.",medium
8,Special Situations & Road Users,"When faced with an oncoming car to the left and a bicyclist to the right, you should:","a:Pull onto the shoulder.,b:Split the difference.,c:Let the car pass and then pass the bike.",c,"When there is more than one potential hazard on the road, you should ensure that you only have to deal with one of them at a time. For example, when there is a bicyclist on the right that you want to pass and an oncoming car to the left, you should not try to squeeze between both at the same time. Instead, let the oncoming car pass, and then pass the bicyclist.",medium
3,"Signs, Signals & Pavement Markings",A speed restriction sign:,"a:May be ignored in rainy, snowy, or icy conditions.,b:Has a triangular shape.,c:Is blue with black lettering.,d:Displays an advisory speed that should be followed especially in bad weather.",d,"Curve and turn warning signs often have attached advisory speed signs that show a recommended driving speed for drivers in the curves and turns. Although a driver may feel comfortable driving at a higher speed in fair weather, they should never do so under rainy, snowy, or icy conditions.",difficult
8,Special Situations & Road Users,"When driving near heavy trucks, other drivers and highway users must make allowances for:","a:The increased stopping distance required by large vehicles.,b:The decreased stopping distance required by large vehicles.,c:The decreased noise of larger vehicles.",a,"When driving near heavy trucks, other drivers and highway users must make allowances for the increased stopping distance required by the large vehicles. Drivers of smaller vehicles should remain in locations where they can be seen by the driver of the large vehicle and where their view of traffic is not blocked by the vehicle.",easy
8,Special Situations & Road Users,It is important to be alert to motorcycles because:,"a:They are more difficult to see than cars.,b:They rarely use their headlights.,c:Motorcyclists are less skilled drivers than other motorists.",a,"Motorcycles are smaller and harder to see than cars. Because of their size, they are easily hidden in a car’s blind spot. It may be difficult to judge your distance to a motorcycle and difficult to tell how fast a motorcycle is moving, so always be alert and extra cautious when near a motorcyclist.",easy
6,"Alcohol, Drugs & Impaired Driving",Which of the following influence(s) the effects of alcohol?,"a:The amount of food in the stomach,b:The body weight of an individual,c:How much time passes between drinks",c,"Your blood alcohol content (BAC) depends on how much alcohol you drink, how much time passes between drinks, and your weight. Eating before or while you drink helps slow the absorption of alcohol somewhat, but it cannot prevent intoxication or impairment if you have too much to drink.",medium
2,Traffic Laws & Rules of the Road,"Unless otherwise posted, the speed limit is ____ on streets and highways.","a:70 mph,b:55 mph,c:45 mph",b,"Unless otherwise posted, the speed limit on streets and highways is 55 mph. If a posted sign indicates otherwise, follow the speed limit on the posted sign.",medium
3,"Signs, Signals & Pavement Markings",You come to an intersection with a flashing red light. You must:,"a:Slow down and drive carefully through the intersection.,b:Turn either right or left, since the road is blocked ahead.,c:Stop at the intersection and wait for a flashing green light.,d:Come to a full stop and proceed when the way is clear.",d,"A flashing red light means that you must come to a full stop, and then proceed when the way is clear.",easy
4,Safe & Defensive Driving Practices,"When approaching an accident scene, you should:","a:Keep your attention on your driving.,b:Keep moving.,c:Stop if you are involved or if emergency help has not yet arrived.",c,"Do not stop at an accident scene unless you are involved or emergency help has not yet arrived. Keep your attention on your driving and keep moving, watching for people who might be on or near the road. Never drive to the scene of an accident, fire, or other disaster just to look.",medium
3,"Signs, Signals & Pavement Markings",Regulatory signs:,"a:Are placed in every location where there is a present danger.,b:Indicate what a driver must or must not do.,c:Are diamond-shaped and yellow or green.",b,"Regulatory signs are often rectangular and white with black markings and are used to indicate what things a driver must or must not do in a designated area. They may display speed limits, prohibit passing or turning, or clarify any other driving regulation.",easy
