section-num,section-name,question,options,correct-answer,note,difficulty
7,Vehicle Ownership & Responsibilities,"If you discover a defect that could affect the safe operation of your vehicle, you should:","a:Correct the defect as soon as possible.,b:Delay fixing it until you can afford repairs.,c:Drive at slower speeds until it can be fixed.",a,Any defect that affects safe vehicle operation should be repaired promptly and before driving when possible.,easy
4,Safe & Defensive Driving Practices,"To be prepared for what lies ahead on the roadway, you should:","a:Continually scan the entire roadway and roadsides.,b:Stare straight ahead at all times.,c:Drive with your left foot lightly resting on the brake.",a,Search the road and sides continually to identify hazards early; do not simply stare at the center of the road.,easy
8,Special Situations & Road Users,You must yield the right-of-way to emergency vehicles when:,"a:You see flashing red or blue lights or hear a siren.,b:Only when other vehicles yield, c:Under no circumstances.",a,Yield the right-of-way immediately to any emergency vehicle using lights or sirens by pulling over to the curb and stopping.,easy
4,Safe & Defensive Driving Practices,Drowsy drivers:,"a:Can drive so poorly they may appear to be drunk.,b:Can stay alert by opening a window and turning up the radio.,c:Should drink strong coffee to remain alert.",a,"Drowsiness can severely impair driving ability; coffee, open windows, or loud radios are not reliable remedies.",medium
5,Driving in Special Conditions,"If you must stop along the road at night, what should you do with your lights?","a:Leave your low-beam headlights on (and use emergency flashers),b:Turn off all your lights,c:Use only your parking lights",a,"If you stop at night, use your emergency flashers and keep low-beam headlights on so other drivers can see your vehicle clearly.",medium
5,Driving in Special Conditions,When driving in fog you should use:,"a:Low beam headlights.,b:Parking lights.,c:High beam headlights.",a,"Use low beam headlights in fog, rain, or snow so you are better able to see and be seen.",easy
4,Safe & Defensive Driving Practices,When should you increase your following distance?,"a:When behind a large vehicle that blocks your view or in bad weather.,b:Only when exiting an expressway.,c:Only when following a motorcycle.",a,"Increase following distance in many situations: large vehicles that block vision, bad weather, heavy traffic, or if tailgated.",easy
2,Traffic Laws & Rules of the Road,"If you're stopped in line at a stop sign and there is no cross traffic after vehicles ahead have passed, what must you do?","a:Stop again at the stop sign or stop line before proceeding.,b:Proceed without stopping because the way is clear.,c:Slowly roll past the stop sign.",a,"You must always come to a complete stop at the stop sign and yield before proceeding, even if vehicles ahead have moved.",easy
4,Safe & Defensive Driving Practices,Many crashes are caused by drivers who:,"a:Travel too fast for the conditions.,b:Constantly check their mirrors.,c:Yield the right-of-way.",a,Driving too quickly for road or weather conditions is a common factor in crashes.,easy
5,Driving in Special Conditions,"If an oncoming driver fails to dim high beams, where should you direct your gaze?","a:Toward the right side of the road.,b:At the lights of the approaching vehicle.,c:Toward the left side of the road.",a,Glance to the right side of the road to avoid being blinded while keeping enough sight to stay on course.,easy
4,Safe & Defensive Driving Practices,Which statement best defines defensive driving?,"a:Defensive driving means identifying dangerous situations and taking action to avoid accidents.,b:Defensive driving means defending yourself by getting ahead of bad drivers in traffic.,c:Defensive driving means following the vehicle ahead of you at a close distance.",a,"Defensive driving is recognizing hazards early and taking action to avoid collisions, reducing conflicts with aggressive or inattentive road users.",easy
2,Traffic Laws & Rules of the Road,Which steps should you take when changing lanes on a highway?,"a:Signal, check rearview and side mirrors, then glance over your shoulder to check blind spots.,b:Only signal if there is visible traffic behind you.,c:Just check your mirrors and change lanes quickly.",a,"Before changing lanes, signal, check mirrors, and glance over your shoulder to verify blind spots are clear.",easy
2,Traffic Laws & Rules of the Road,Which of the following has authority over the others and must be obeyed first?,"a:A steady red light,b:A police officer,c:A stop sign",b,"Directions given by a police officer or other authorized traffic officer take precedence over traffic signals, signs, or pavement markings.",easy
6,"Alcohol, Drugs & Impaired Driving",Which of the following is a common sign of a drunk driver?,"a:Weaving between lanes and making sudden, jerky stops.,b:Always driving faster than traffic.,c:Consistently maintaining perfect lane position.",a,"Signs of impairment include weaving, erratic speed changes, jerking motions, and sudden stops.",medium
6,"Alcohol, Drugs & Impaired Driving",Alcoholic beverages can affect you by:,"a:Slowing your reaction time.,b:Giving you increased, accurate confidence.,c:Improving thinking ability.",a,"Alcohol impairs reaction time, judgment, balance, and vision while giving false confidence.",medium
2,Traffic Laws & Rules of the Road,A flashing red traffic signal requires you to:,"a:Come to a complete stop, yield, and go only when safe.,b:Slow down at the light.,c:Merge to the right immediately.",a,"A flashing red light means stop, yield to traffic and pedestrians, and proceed only when it is safe.",medium
5,Driving in Special Conditions,What do work zone (orange) signs indicate?,"a:Less-than-ideal driving conditions and that construction or maintenance is present.,b:That it is summer and roads are busier.,c:You must immediately stop and back up.",a,Orange work zone signs warn drivers of road work; slow down and be extra cautious.,medium
8,Special Situations & Road Users,"When approaching a railroad crossing that has no gates or flashing lights, you should:","a:Prepare to yield to any train that may be approaching.,b:Cross the tracks immediately and as quickly as possible.,c:Always stop before crossing no matter what.",a,"If there are no active signals, be prepared to yield and only cross when there is room for your entire vehicle on the other side and you are sure no trains are coming.",easy
8,Special Situations & Road Users,"On a divided multilane highway when you hear or see an emergency vehicle, what should you do?","a:Slow down, move to provide a clear path, and stop.,b:Disregard the signal if other lanes are available.,c:Stop as quickly as possible wherever you are.",a,"When an emergency vehicle approaches, slow down and make a clear path by moving and stopping when safe; do not try to outdrive the vehicle.",easy
8,Special Situations & Road Users,What should you do when approaching a railroad crossing without signals?,"a:Slow down and be prepared to stop.,b:Always come to a complete stop.,c:Assume there will always be signals.",a,"At an un-signaled railroad crossing slow down, look and listen for trains, and be prepared to stop if a train is approaching.",easy
2,Traffic Laws & Rules of the Road,If you are in the left lane and want to move to the right lane you should:,"a:Check your mirrors, signal, and look over your right shoulder for other vehicles before changing lanes.,b:Check your mirrors, signal, and look over your left shoulder.,c:Check mirrors, signal, and look over both shoulders.",a,"When changing lanes, check mirrors, signal your intention, and look over the shoulder toward the lane you want to enter to check blind spots.",medium
5,Driving in Special Conditions,In foggy conditions you should:,"a:Drive cautiously, reduce your speed, and use low-beam headlights.,b:Use your high beams to see farther ahead.,c:Use parking lights only.",a,"Fog reduces visibility; use low beams (and fog lights if equipped), slow down, and increase following distance.",medium
8,Special Situations & Road Users,"When approaching a stopped school bus on the opposite side of a divided highway, what must drivers do?","a:May continue driving if the highway is divided.,b:Must stop until the bus begins moving.,c:Must stop until the stop arm is lifted regardless of division.",a,"If the highway is divided by a median or barrier, drivers on the opposite side may continue; otherwise all lanes must stop for a stopped school bus with its signals activated.",medium
6,"Alcohol, Drugs & Impaired Driving",How does the type of alcoholic drink affect impairment?,"a:The effect on reflexes and judgment depends on blood alcohol level, not drink type.,b:Beer impairs less than wine.,c:Wine impairs less than beer.",a,"Impairment depends on the amount of alcohol in the bloodstream, not whether it comes from beer, wine, or spirits.",medium
4,Safe & Defensive Driving Practices,"If you are driving so slowly that traffic is backing up behind you on a two-lane, two-way road, you should:","a:Pull off to the right side of the road and let traffic pass.,b:Decrease your speed further.,c:Refuse to let other cars pass your vehicle.",a,Driving significantly slower than the flow of traffic is hazardous. On a two-lane road you must pull off and let vehicles pass when it is safe to do so.,medium
3,"Signs, Signals & Road Markings",What does a single dashed white line between lanes of traffic mean?,"a:Drivers may pass or change lanes when it is safe to do so.,b:Traffic in the lanes moves in opposite directions.,c:Drivers may not pass in this area.",a,Dashed white lines separate lanes going in the same direction and may be crossed to pass or change lanes when it is safe.,easy
6,"Alcohol, Drugs & Impaired Driving",Alcohol consumption commonly causes:,"a:Loss of concentration.,b:Only poor coordination.,c:Only slower judgment.",a,"Even small amounts of alcohol impair vision, concentration, judgment, and coordination.",medium
4,Safe & Defensive Driving Practices,A good defensive driver:,"a:Anticipates and watches for other drivers' actions.,b:Always drives slowly.,c:Maintains a constant speed at all times.",a,"Defensive drivers look ahead, anticipate others' actions, and prepare for potential hazards.",easy
2,Traffic Laws & Rules of the Road,"When turning left onto a one-way street, you should complete the turn into:","a:The lane closest to your previous lane.,b:The right lane of the one-way street.,c:Either lane of the one-way street.",a,Turn from the lane nearest the direction you are traveling into the lane nearest the direction you want to go on the one-way street.,easy
2,Traffic Laws & Rules of the Road,"At a four-way stop, who has the right-of-way?","a:The vehicle that arrived first.,b:The vehicle that arrived last.,c:A vehicle may proceed without stopping.",a,"At a four-way stop the driver who arrived first should proceed first. If two arrive simultaneously, the driver on the left yields to the driver on the right.",easy
4,Safe & Defensive Driving Practices,"When backing a vehicle, you should:","a:Turn and look through the rear window while backing rather than relying only on mirrors.,b:Rely only on your mirrors, c:Open your door to see if it is safe to proceed.",a,"When reversing, turn and look over your shoulder through the rear window; do not depend solely on mirrors or sensors.",medium
2,Traffic Laws & Rules of the Road,"When passing another vehicle, what should you do first?","a:Check mirrors and blind spots, signal, then pass when safe.,b:Honk at the vehicle three times to warn them.,c:Re-enter your lane within 10 feet of the passed vehicle.",a,"Check mirrors and blind spots, signal your intent, pass safely, then return to the lane when you can see the passed vehicle in your rearview mirror.",medium
7,Vehicle Ownership & Responsibilities,"When parking downhill on a two-way street, how should you position your front wheels?","a:Turn the wheels to the right toward the curb.,b:Keep the wheels straight ahead.,c:Turn the wheels to the left away from the curb.",a,"When parked downhill on a two-way street, turn front wheels toward the curb so the vehicle will roll into the curb rather than into traffic if it moves.",easy
8,Special Situations & Road Users,Which statement about passing a motorcycle is correct?,"a:The driver of a passenger vehicle must change lanes completely when passing a motorcycle.,b:It is okay for other vehicles to follow motorcycles closely.,c:A motorcycle with two people is always more balanced than one with a single rider.",a,Motorcycles are entitled to a full lane; change lanes completely when passing to provide adequate space.,medium
2,Traffic Laws & Rules of the Road,"If you miss your exit on a freeway, what should you do?","a:Continue to the next exit and leave there.,b:Pull onto the shoulder and back up to the exit.,c:Make a U-turn across the median.",a,"If you miss an exit, drive to the next one; do not stop, back up, or cross the median on the freeway.",easy
4,Safe & Defensive Driving Practices,"If another vehicle is tailgating you, what should you do first if there is an open lane to your right?","a:If there is not an open lane to your right, wait until the way is clear ahead and reduce your speed slowly to encourage the tailgater to pass.,b:Move over to the right, if there is an open lane to your right.,c:Never slow down abruptly.",b,"If someone is tailgating, move over to the right when it is safe to let them pass. If no lane is available, reduce speed gradually to encourage them to go around; avoid sudden braking.",easy
6,"Alcohol, Drugs & Impaired Driving",Drivers who have been drinking before getting behind the wheel:,"a:Do not have sufficient control over their bodies and minds or the vehicles being driven.,b:Are always aware of the risks they are taking.,c:Are better drivers because they are more careful than sober drivers.",a,"Alcohol impairs judgment, vision, reaction time, and coordination; it is never safe to drive after drinking.",easy
7,Vehicle Ownership & Responsibilities,A leaking exhaust system can produce which dangerous effect?,"a:Make you drowsy while driving and expose you to toxic fumes.,b:Require more frequent oil changes.,c:Reduce engine overheating only.",a,"Leaky exhaust can let toxic gases into the vehicle, causing drowsiness, unconsciousness, or death in short order.",difficult
5,Driving in Special Conditions,Which statement about driving on wet roadways is true?,"a:The faster you drive, the less effective your tires are at clearing water.,b:Water does not affect cars with good tires.,c:Deep water is less dangerous than shallow water.",a,At higher speeds tires may lose contact with the road surface and the vehicle can hydroplane.,medium
3,"Signs, Signals & Road Markings",What does a single broken white line down the center of a multi-lane road indicate?,"a:Lanes are moving in the same direction and drivers may change lanes when safe.,b:Lanes are moving in opposite directions and passing is prohibited.,c:Lanes are moving in the same direction and passing is never allowed.",a,Broken white lines separate lanes moving in the same direction; you may change lanes when safe to do so.,easy
8,Special Situations & Road Users,"If an emergency vehicle is approaching with lights and siren, you must:","a:Pull over to the right edge of the road and stop, regardless of your direction of travel.,b:Only pull over if the emergency vehicle is behind you.,c:Continue driving if you are going faster than the emergency vehicle.",a,"You must pull to the right and stop to allow emergency vehicles to pass, whether they approach from behind or in the opposite direction.",easy
6,"Alcohol, Drugs & Impaired Driving",How can you avoid alcohol-related crashes?,"a:Decide before you start drinking that you will not drive.,b:Say No thanks, I'm driving after you've begun drinking.,c:Rely on coffee to sober up.",a,The only reliable way to avoid drunk driving is to decide not to drive before drinking; alcohol impairs judgment.,easy
3,"Signs, Signals & Road Markings",A flashing yellow traffic signal indicates you should:,"a:Slow down and proceed with caution.,b:Come to a complete stop.,c:Turn on your headlights.",a,A flashing yellow light warns of a hazard; reduce speed and proceed carefully.,easy
7,Vehicle Ownership & Responsibilities,"If you are involved in a crash and your vehicle is blocking traffic, you should:","a:Move your vehicle off the traveled portion of the roadway, if possible.,b:Not move your vehicle under any circumstances.,c:Wait for police before moving your vehicle.",a,"After a minor collision, move vehicles off the roadway if you can. Do not leave the scene without giving information and rendering assistance if needed.",easy
2,Traffic Laws & Rules of the Road,"What does a \No stopping\"" sign generally allow you to do?""","a:Stop only to obey a traffic signal, obey a police officer, or to avoid a conflict.,b:Stop briefly to discharge passengers.,c:Stop to unload packages at any time.",a,A No Stopping sign permits stopping only to obey signals or officers or to avoid conflict with traffic.,medium
2,Traffic Laws & Rules of the Road,What greatly increases stopping distances and crash severity?,"a:High speeds.,b:Night driving.,c:Slow speeds.",a,Higher speeds increase stopping distances and the force of impact in a collision.,easy
4,Safe & Defensive Driving Practices,Which of the following is true about sudden changes in weather and driving?,"a:A sudden change in weather calls for an adjustment in your driving.,b:Be particularly aware of vehicles behind you only in inclement weather.,c:You should always slow down in rain and fog.",a,"If weather changes suddenly, adjust your driving. Always slow down in rain or fog and be especially aware of vehicles behind you.",medium
3,"Signs, Signals & Road Markings",What shape/color denotes a slow-moving vehicle emblem?,"a:A reflective orange triangle.,b:A rectangular red sign.,c:A circular green sign.",a,The slow-moving vehicle emblem is a reflective orange triangle indicating a vehicle traveling 25 mph or less.,easy
2,Traffic Laws & Rules of the Road,Driving significantly below the normal flow of traffic is:,"a:Illegal.,b:Safe.,c:Smart.",a,"Driving far slower than the normal speed of traffic is hazardous and, under ideal conditions, may be against the law.",medium
4,Safe & Defensive Driving Practices,"If another driver cuts you off, what's the safest response?","a:Let it go and continue driving safely.,b:Pull next to them and yell.,c:Flash your high beams at them.",a,Avoid road rage by not taking aggressive actions; let it go and remain calm to continue driving safely.,easy
3,"Signs, Signals & Road Markings","When you encounter a sign saying “Reduced speed, 35 mph,” what does it mean?","a:The new 35 mph speed limit begins at that sign.,b:You have plenty of distance before the reduced zone starts.,c:The reduced speed begins at the next sign.",a,Reduced speed signs indicate the new speed limit takes effect at the location of the sign unless otherwise posted.,easy
2,Traffic Laws & Rules of the Road,"When driving in traffic, what speed strategy is safest?","a:Drive with the flow of traffic within the posted limits.,b:Drive faster than the flow to avoid being hit, c:Drive significantly slower than other vehicles.",a,Driving at the speed of traffic (within posted limits) reduces crash risk associated with speed differences.,easy
7,Vehicle Ownership & Responsibilities,Your vehicle's brake lights inform other drivers that you:,"a:Are slowing down or stopping.,b:Are making a turn.,c:Have your emergency brake on.",a,Brake lights indicate to drivers behind you that you are slowing or stopping and should be in working order.,easy
6,"Alcohol, Drugs & Impaired Driving",Which factors influence alcohol's effects on a person?,"a:Amount of food in the stomach, body weight, and time between drinks.,b:Only the amount of alcohol consumed.,c:Only the person's tolerance level.",a,"BAC is affected by how much you drink, how quickly, your weight, and whether you've eaten, among other factors.",medium
8,Special Situations & Road Users,"At light rail intersections, what should you always do?","a:Pay attention, obey signals, and look both ways before crossing tracks.,b:Assume trains will stop for you.,c:Drive around lowered crossing gates if no train is visible.",a,"Obey signs and signals at rail crossings, look both ways, and never drive around lowered gates.",medium
8,Special Situations & Road Users,"If you approach a railroad crossing with flashing warning lights, you should:","a:Stop no closer than 15 feet from the nearest rail and look for a train.,b:Slow down and look for a train before crossing.,c:Look for a train, then speed up to cross quickly.",a,When lights are flashing you must stop at a safe distance (no closer than 15 feet) and wait for the train to pass and signals to cease before crossing.,easy
7,Vehicle Ownership & Responsibilities,"When parking uphill next to a curb, you should set the parking brake and:","a:Turn your steering wheel away from the curb.,b:Keep the front tires straight ahead.,c:Keep the rear tires against the curb.",a,"When parking uphill on a curb, turn your wheels away from the curb so that if the vehicle rolls, it will roll into the curb rather than into traffic.",easy
2,Traffic Laws & Rules of the Road,"If the traffic light changes from green to yellow as you approach an intersection, you should:","a:Be prepared to stop safely.,b:Speed up to beat the red light.,c:Brake sharply to stop immediately in the center of the intersection.",a,A yellow light warns that the signal will soon turn red; slow down and stop if you can do so safely.,medium
8,Special Situations & Road Users,Passing is prohibited within how many feet of a railroad crossing?,"a:100 feet,b:200 feet,c:500 feet",a,You may not pass other vehicles within 100 feet of a railroad crossing to ensure visibility and safety.,medium
2,Traffic Laws & Rules of the Road,"When you are approaching a heavy truck from behind while going uphill, which is true?","a:You may not be able to safely pass the truck.,b:The truck may be traveling at a speed slower than the posted speed limit.,c:You may not be able to legally pass the truck.",b,Large vehicles often travel more slowly when climbing grades. On hills with limited visibility it may also be unsafe or unlawful to pass.,easy
2,Traffic Laws & Rules of the Road,How close may you legally follow a fire truck that is responding to an emergency?,"a:You must not follow closer than 500 feet.,b:You may follow as close as one block.,c:You may follow as close as 750 feet.",a,Maintain at least 500 feet distance behind an emergency vehicle responding to an emergency; do not park within a block of where it has stopped.,difficult
2,Traffic Laws & Rules of the Road,"Unless posted otherwise, what is the maximum speed limit in a business district?","a:30 mph.,b:40 mph.,c:55 mph.",a,The default speed limit in business districts is 30 mph unless signs indicate otherwise.,easy
4,Safe & Defensive Driving Practices,How do you check your blind spot when changing lanes to the left?,"a:Glance over your left shoulder.,b:Glance over your right shoulder.,c:Rely only on your side mirror.",a,"To check your blind spot when moving left, glance over your left shoulder to confirm no vehicle is beside you.",easy
4,Safe & Defensive Driving Practices,What is your blind spot?,"a:An area you cannot see without moving your head.,b:The area you see in your rearview mirror.,c:The area directly behind your vehicle that's visible without turning.",a,Blind spots are areas alongside or behind your vehicle that you cannot see in mirrors and require a head turn to check.,easy
5,Driving in Special Conditions,"When meeting a car with high beams on that blind you, what should you do?","a:Look toward the right edge of the road until the vehicle passes.,b:Use your bright lights until they dim theirs.,c:Speed up to get past the glare quickly.",a,Look to the right side of the road to avoid being blinded by oncoming high beams.,easy
8,Special Situations & Road Users,What is the safe method for crossing a railroad track?,"a:Look and listen both ways, and proceed only if it is safe.,b:Look both ways only if the red light is flashing.,c:Cross quickly if a train appears to be approaching.",a,"Before crossing tracks, always look and listen for trains and obey any signals or gates; never try to cross if a train is approaching.",easy
3,"Signs, Signals & Road Markings",Before entering a roundabout you must slow down and yield to whom?,"a:Vehicles, bicyclists, and pedestrians already in the roundabout.,b:Only bicyclists.,c:Only vehicles in the roundabout.",a,"Yield to pedestrians, bicyclists, and vehicles already in the roundabout before entering.",medium
6,"Alcohol, Drugs & Impaired Driving",Which of these is NOT an effect of drinking?,"a:You are less alert.,b:Your reflexes and reaction time slow down.,c:Your judgment of speed and distance becomes more accurate.",a,"Alcohol reduces alertness, slows reaction time, and distorts judgment of speed and distance.",easy
8,Special Situations & Road Users,"If stopped at a railroad crossing with multiple tracks, when should you proceed?","a:Wait until you have a clear view of all tracks before moving.,b:Proceed as soon as the first train passes.,c:Stop on the first track and then creep forward to check the next.",a,Do not proceed until you can see clearly down all tracks; another train may be coming on a different track.,medium
2,Traffic Laws & Rules of the Road,When should you return to your lane after passing another vehicle?,"a:When you can see the passed vehicle's headlights in your rearview mirror.,b:When the other vehicle signals you to return.,c:When you are directly next to the vehicle.",a,Return to your lane after passing when you can see the entire passed vehicle in your rearview mirror and it is safe to do so.,easy
4,Safe & Defensive Driving Practices,When should you always use your turn signal?,"a:Changing lanes, pulling into or out of a parking space, or pulling into traffic from an alley.,b:Only when turning left.,c:Only when other traffic is present.",a,"Use signals whenever changing lanes, entering or exiting parking spaces, or entering traffic from driveways, alleys, or parking areas.",easy
4,Safe & Defensive Driving Practices,"If the driver ahead is distracted (one hand and talking), how should you respond?","a:Give the vehicle extra space because its driver has a reduced safety margin.,b:Follow their example and drive similarly.,c:Cut in front of them to avoid being behind a distracted driver.",a,Allow extra space around distracted drivers since their inattentiveness increases crash risk.,easy
4,Safe & Defensive Driving Practices,"If your vehicle lacks ABS and you need to stop quickly, what should you do?","a:Firmly pump the brakes.,b:Hold down the brake pedal steady.,c:Lightly tap the brakes.",a,"For vehicles without ABS, pumping the brakes helps stop quickly while retaining steering control.",medium
2,Traffic Laws & Rules of the Road,When you approach a steady red traffic light you must:,"a:Come to a complete stop.,b:Drive through if there is no crossing traffic.,c:Stop only if a police officer is nearby.",a,A steady red light requires a complete stop. You may turn right on red only if not prohibited and the turn can be made safely.,easy
7,Vehicle Ownership & Responsibilities,How often must motor vehicles be inspected in New Hampshire?,"a:Once a year during the owner's birth month.,b:Once every two years.,c:Once every four years.",a,Vehicles must be inspected annually during the owner's birth month at an official inspection station.,medium
2,Traffic Laws & Rules of the Road,You must stop at an intersection when you see which signal?,"a:A flashing red light.,b:A steady yellow light.,c:A yellow arrow.",a,"A flashing red light requires a complete stop, yielding to traffic and pedestrians before proceeding.",easy
2,Traffic Laws & Rules of the Road,How should drivers treat a flashing red traffic light?,"a:As a stop sign — stop, yield, then proceed when safe.,b:Drive through if no other cars are present.,c:Continue because you have the right-of-way.",a,Flashing red lights indicate a dangerous intersection and must be treated like a stop sign.,easy
7,Vehicle Ownership & Responsibilities,Who is required by law to wear a seat belt in a moving vehicle?,"a:Anyone under the age of 18.,b:Only the driver.,c:Only adult passengers.",a,"Anyone under 18 is required by law to be properly restrained; however, everyone is encouraged to wear seat belts.",easy
3,"Signs, Signals & Road Markings",Which of the following is true about crosswalks?,"a:They exist whether or not they are marked, and you must stop to allow pedestrians to cross.,b:They are always marked by horizontal pavement markings.,c:They are always indicated by vertical pavement markings only.",a,Crosswalks may be marked or unmarked; drivers must stop to allow pedestrians to cross.,easy
2,Traffic Laws & Rules of the Road,After passing another vehicle on a two-lane road you should:,"a:Return to the driving lane when there is enough room between you and the passed vehicle.,b:Remain in the left lane if you intend to turn left.,c:Return immediately to the right side of the roadway.",a,"You should re-enter the right lane only when you can do so safely, leaving adequate space between you and the passed vehicle.",easy
2,Traffic Laws & Rules of the Road,"On a narrow road where you meet an oncoming vehicle, you must:","a:Allow the oncoming vehicle at least one-half of the main-traveled portion of the road.,b:Pull completely off the road and stop.,c:Demand the other vehicle pull over to make room.",a,On narrow roads both vehicles should leave at least one-half of the main-traveled portion so they can pass safely.,medium
2,Traffic Laws & Rules of the Road,A driver may legally pass another vehicle on the right when:,"a:The vehicle ahead is waiting to turn left and there is an available passing lane.,b:It requires driving off the pavement.,c:On a narrow bridge.",a,"You may pass on the right if the vehicle ahead is turning left and there is a safe, legal lane to use.",medium
6,"Alcohol, Drugs & Impaired Driving",How is drinking alcohol and driving characterized in terms of traffic safety?,"a:A serious traffic safety problem.,b:A minor traffic safety problem.,c:Safe if you have only had a few drinks.",a,Driving while impaired by alcohol or drugs is a serious safety hazard and greatly increases the risk of crashes and injuries.,easy
3,"Signs, Signals & Road Markings",Traffic signs and pavement markings must be:,"a:Always obeyed.,b:Followed only when other traffic is present, c:Considered mere suggestions.",a,"Signs, signals, and pavement markings regulate traffic flow and must be obeyed to ensure safety on the road.",easy
5,Driving in Special Conditions,Where are roads more likely to freeze first?,"a:In shaded areas such as under trees or near buildings.,b:On open, sunny stretches.,c:Only on hills or curves.",a,Shaded sections of roadway freeze more quickly and remain icy longer than sunlit areas; take extra care in shaded sections.,medium
2,Traffic Laws & Rules of the Road,Into which lane should you turn when making a turn?,"a:Into the first available legal lane in the direction you're traveling.,b:Into the lane farthest from your direction of travel.,c:Into any lane available regardless of direction.",a,Turn into the first legal lane to avoid crossing multiple lanes and reduce collision risk.,easy
6,"Alcohol, Drugs & Impaired Driving",Is it legal to drink alcoholic beverages in a vehicle on a public highway?,"a:No — consuming or possessing open alcohol on public roads is prohibited.,b:Yes, if you are not driving.,c:Yes, if you are in the back of a pickup truck.",a,It is illegal to consume or possess an alcoholic beverage on a public road and to have open containers in areas normally occupied by driver or passengers.,medium
2,Traffic Laws & Rules of the Road,"When entering a street from a driveway, what must you do?","a:Stop before the sidewalk and proceed only when no pedestrians or vehicles are approaching.,b:Drive slowly and expect others to get out of your way.,c:Honk to warn approaching vehicles and proceed.",a,"Always stop before entering the roadway from a driveway, yield to pedestrians and approaching traffic, and cross the sidewalk area safely.",easy
8,Special Situations & Road Users,"When you hear a fire engine's siren behind you, you must:","a:Pull over to the side of the road and stop.,b:Slow down until it passes, c:Drive with your hazard flashers on.",a,"When an emergency vehicle is approaching with sirens, pull to the curb or side of the road and stop to allow it to pass.",easy
3,"Signs, Signals & Road Markings",Is it legal to cross a double solid yellow centerline to pass?,"a:No, passing over double solid yellow lines is not allowed.,b:Yes, if there is no oncoming traffic.,c:Yes, always.",a,Double solid yellow lines mean neither direction may cross to pass except to turn into a driveway or side road.,medium
4,Safe & Defensive Driving Practices,Smoking or preparing to smoke while driving is:,"a:A distracting activity.,b:Helpful to maintain driver alertness.,c:Not affecting driving abilities.",a,"Smoking can require drivers to take hands off the wheel or eyes off the road, creating dangerous distractions.",easy
4,Safe & Defensive Driving Practices,Which of these is not a factor in stopping distance?,"a:Steering ability.,b:Braking distance.,c:Reaction distance.",a,"Stopping distance depends on perception time, reaction distance, and braking distance, not on steering ability.",medium
4,Safe & Defensive Driving Practices,To help avoid fatigue on a long trip it is a good idea to:,"a:Stop and rest every two hours.,b:Do arm exercises every hour.,c:Drive with one eye open at a time.",a,"Make regular stops to rest and stretch; if drowsy, stop driving and rest.",easy
3,"Signs, Signals & Road Markings",Lanes moving in the same direction are divided by which color lines?,"a:White lines.,b:Yellow lines.,c:Red lines.",a,White lines separate lanes traveling in the same direction; yellow lines separate opposing traffic.,easy
2,Traffic Laws & Rules of the Road,(Removed — image-based question),a:,a:,a:,easy
3,"Signs, Signals & Road Markings",What is the most common color of warning signs?,"a:Yellow with black markings.,b:Red.,c:Green.",a,Warning signs are usually diamond-shaped and yellow with black symbols or words to indicate hazards ahead.,easy
3,"Signs, Signals & Road Markings",A flashing yellow traffic signal tells drivers to:,"a:Proceed with caution.,b:Expect merging traffic only.,c:Stop for pedestrians.",a,A flashing yellow signal means you should slow down and proceed with caution through the intersection.,easy
5,Driving in Special Conditions,Approximately how far might a fully loaded tractor-trailer need to stop from 55 mph?,"a:About 400 feet.,b:About 125 feet.,c:About 50 feet.",a,Heavy trucks require significantly longer stopping distances than cars; a fully loaded tractor-trailer may need nearly 400 feet to stop from 55 mph.,medium
8,Special Situations & Road Users,What is a 'No zone'?,"a:The blind spot area around a large commercial vehicle.,b:A designated no passing zone,c:A one-way traffic area",a,No zones are the large blind spots around trucks and buses where smaller vehicles disappear from the driver's view; avoid lingering there.,easy
4,Safe & Defensive Driving Practices,"When driving to an unfamiliar place, the best preparation is to:","a:Plan your route in advance.,b:Depend on road signs to find your way, c:Drive with only a general idea of where you are going.",a,Plan your trip ahead of time and consult a map or directions so you are not distracted while driving in an unfamiliar area.,easy
2,Traffic Laws & Rules of the Road,Signaling your intentions before turning or changing lanes is:,"a:Required by law and a good driving habit.,b:Necessary only if other traffic is present.,c:Necessary only during the maneuver, not before.",a,You must signal in advance (at least 100 feet on most roads) to inform other road users of your intentions.,easy
4,Safe & Defensive Driving Practices,When is sounding your horn appropriate?,"a:When you see a child who is about to run into the street.,b:While you are traveling through an intersection, c:Whenever you are passing a bicyclist.",a,"Use the horn as a warning to prevent a crash or to alert someone who may not see you (for example, a child stepping into the street).",easy
5,Driving in Special Conditions,When should you drive below the posted speed limit?,"a:Whenever conditions such as weather or visibility make driving less than perfect.,b:Only when you see a police car.,c:When entering a highway with other cars.",a,"Reduce speed below the posted limit when road conditions, visibility, or weather make the posted speed unsafe.",easy
8,Special Situations & Road Users,"If two railroad tracks run next to each other, after one train passes you should:","a:Look for another train approaching on the other track before proceeding.,b:Assume it is safe to proceed because one train has passed.,c:Always stop before crossing even if no trains are visible.",a,"When parallel tracks are present, one train may pass while another is approaching on the adjacent track; wait until you are sure no trains are coming.",medium
6,"Alcohol, Drugs & Impaired Driving",What is the only effective way to lower your blood alcohol concentration (BAC)?,"a:Allow your body time to metabolize the alcohol.,b:Drink coffee to sober up quickly.,c:Exercise to reduce BAC.",a,"Only time allows your body to metabolize alcohol. Coffee, exercise, or cold showers do not reduce BAC or make you sober.",easy
7,Vehicle Ownership & Responsibilities,"When parking uphill on a street with a curb, you should turn your front wheels:","a:Sharply away from the curb.,b:Slightly to the right.,c:Sharply toward the curb.",a,"To prevent your vehicle from rolling into traffic when parked uphill, turn wheels sharply away from the curb.",medium
5,Driving in Special Conditions,"On slippery roads, you should take turns and curves:","a:More slowly than you would under normal conditions.,b:At the same speed as usual.,c:More quickly to clear the hazard faster.",a,Reduce your speed before entering curves on slippery surfaces to maintain control and avoid skidding.,easy
5,Driving in Special Conditions,What is your first action if your accelerator sticks while driving?,"a:Shift to neutral and apply steady pressure to the brakes.,b:Reach down and attempt to pull it up.,c:Shift to park immediately.",a,"If the accelerator sticks, keep eyes on the road, shift into neutral, apply steady braking, pull safely off the road, and turn off the engine.",difficult
2,Traffic Laws & Rules of the Road,If an intersection ahead is blocked by traffic you should:,"a:Stay out of the intersection until you can pass through without stopping.,b:Get as close as possible to the car in front of you.,c:Go slowly until the traffic ahead moves.",a,Do not enter an intersection unless you can completely clear it; blocking intersections impedes traffic flow and is unsafe.,easy
5,Driving in Special Conditions,What is the most important rule for managing speed in curves?,"a:Slow down before you enter the curve.,b:Maintain the posted speed limit entering the curve and brake only in the sharpest part.,c:Accelerate gently before entering the curve.",a,"Because inertia can push you outward in a curve, reduce speed before entering to maintain control.",medium
2,Traffic Laws & Rules of the Road,What must you do when you come to an intersection with a flashing red light?,"a:Come to a full stop and go only when it is safe.,b:Proceed without stopping if no other cars are present.,c:Slow down but do not stop.",a,"A flashing red light has the same meaning as a stop sign: stop, yield right-of-way, then proceed when safe.",easy
7,Vehicle Ownership & Responsibilities,You may not park within how many feet of a crosswalk at an intersection?,"a:20 feet.,b:10 feet.,c:30 feet.",a,Drivers may not park within 20 feet of a crosswalk at an intersection so that approaching drivers can see pedestrians and traffic.,medium
3,"Signs, Signals & Road Markings",Turning onto a two-lane road marked by a broken yellow centerline tells you:,"a:You are on a two-way road.,b:You are on a one-way road.,c:The road is under repair.",a,Broken yellow centerlines separate traffic moving in opposite directions and may be crossed to pass when it is safe.,easy
3,"Signs, Signals & Road Markings",Guide signs that give directions and mileage information are usually what color?,"a:Green,b:Yellow,c:Red",a,Guide or destination signs are typically green with white lettering and provide directional and distance information.,easy
5,Driving in Special Conditions,"When an oncoming vehicle is approaching at night, your headlights should be set to:","a:Low-beam headlights,b:High-beam headlights,c:Off; use parking lights only",a,Do not use high beams when another vehicle is approaching or when following another vehicle; use low beams to avoid blinding other drivers.,easy
5,Driving in Special Conditions,"If you need to slow on a slippery road, what should you do first?","a:Take your foot off the gas pedal.,b:Firmly apply your brakes.,c:Apply the parking brake.",a,On slippery surfaces first ease off the accelerator; if further slowing is needed apply gentle steady brake pressure.,easy
2,Traffic Laws & Rules of the Road,At an uncontrolled intersection you should:,"a:Yield to vehicles approaching from the right and be prepared to stop.,b:Maintain your speed and proceed.,c:Always stop at the intersection.",a,"At an uncontrolled intersection, take your foot off the accelerator, cover the brake, and yield to the right as needed.",medium
2,Traffic Laws & Rules of the Road,"When merging onto a freeway, what's usually best?","a:Accelerate on the ramp to match freeway traffic speed.,b:Proceed slowly and wait for a gap.,c:Turn on hazards until fully merged.",a,Use the on-ramp to accelerate to freeway speed so you can merge smoothly; yield to vehicles already on the freeway.,easy
2,Traffic Laws & Rules of the Road,A steady red traffic signal requires you to:,"a:Stop before entering the intersection.,b:Stop at the stop line only.,c:Stop before any crosswalk only.",a,"A red light requires stopping before entering the intersection. If there is a stop line or crosswalk, stop before those markings; otherwise stop at a point where you can see traffic.",easy
2,Traffic Laws & Rules of the Road,"When two vehicles arrive at an uncontrolled intersection at the same time, who goes first?","a:The vehicle approaching from the right.,b:The vehicle approaching from the left.,c:The vehicle whose driver honks first.",a,"At an intersection with no signs or signals, yield to the vehicle approaching from the right.",easy
3,"Signs, Signals & Road Markings",Warning signs indicating upcoming hazards usually have what colors?,"a:Black letters or symbols on a yellow background.,b:Black letters or symbols on a white background.,c:White letters or symbols on a blue background.",a,Hazard warning signs are typically yellow with black lettering; work zone warnings are orange with black symbols.,easy
7,Vehicle Ownership & Responsibilities,If you leave your vehicle unattended you must:,"a:Lock the ignition and remove the key.,b:Turn off the engine only.,c:Set the parking brake only.",a,"When leaving a vehicle unattended you must stop the engine, lock the ignition, remove the key, and set the parking brake.",medium
8,Special Situations & Road Users,Drivers must yield to pedestrians in which situations?,"a:Always, even if the pedestrian crosses carelessly.,b:Only in marked crosswalks.,c:Only when the pedestrian is on the same side of the road.",a,Drivers must yield to pedestrians in the street even if they are acting carelessly or crossing against a signal.,easy
3,"Signs, Signals & Road Markings",When is a right turn on red prohibited?,"a:When a walk signal is showing for a crosswalk or a sign prohibits right on red.,b:Only when a pedestrian is present.,c:When a vehicle is in the intersection on the opposite side.",a,"Right turns on red are prohibited where a sign forbids them or when a walk signal is displayed for a crosswalk, even if no pedestrians are visible.",medium
7,Vehicle Ownership & Responsibilities,"If you're involved in a collision, what should you do first?","a:Stop immediately and assist the injured as needed.,b:Drive away if the damage is minor.,c:Call your insurance company and then leave.",a,"Stop immediately, move vehicles out of traffic if possible, call the police and emergency services if needed, and assist injured persons without moving them unnecessarily.",medium
2,Traffic Laws & Rules of the Road,"When you see a Merging traffic sign on the freeway, what should you do?","a:Make room for entering vehicles by changing lanes if possible.,b:Always remain at your present speed.,c:Honk at incoming traffic to warn them.",a,"On multi-lane roads, adjust speed or change lanes when safe to allow merging traffic to enter.",easy
5,Driving in Special Conditions,"If you must drive in fog, use which headlights?","a:Low-beam headlights,b:High-beam headlights,c:Parking lights",a,High beams reflect off fog and reduce visibility; use low beams (and fog lights if available) to see better in fog.,easy
3,"Signs, Signals & Road Markings",A pennant-shaped traffic sign is used to indicate:,"a:A no passing zone.,b:A school zone.,c:A speed limit.",a,Pennant-shaped signs are used to warn drivers they are entering a no passing zone; text on the sign confirms the restriction.,easy
8,Special Situations & Road Users,When driving near a motorcycle you must:,"a:Allow the motorcycle to use a complete lane.,b:Allow the motorcycle to use only half a lane.,c:Drive on the shoulder beside the motorcycle.",a,A motorcycle is a full-size vehicle entitled to the use of an entire lane; give it space to maneuver.,easy
5,Driving in Special Conditions,What must you do with your headlights when driving in rain?,"a:Use low beam headlights.,b:Use high beam headlights.,c:Use parking lights only.",a,In rainy conditions use low beam headlights so you can see and be seen without causing excessive glare.,easy
7,Vehicle Ownership & Responsibilities,"If your vehicle's turn signals are not working, how should you show other road users your intentions?","a:Use hand signals to indicate turns and lane changes.,b:Use your headlights.,c:Sound your horn instead.",a,"When turn signals fail, use hand signals to show other drivers when you intend to turn or change lanes.",easy
3,"Signs, Signals & Road Markings",What is the purpose of an advisory speed sign attached to a curve warning sign?,"a:To recommend a safe speed for the curve which should be reduced in poor conditions.,b:To indicate a minimum legal speed.,c:To be ignored in rain or snow.",a,Advisory speeds suggest a safe speed for curves under normal conditions; reduce speed further when weather or road conditions are poor.,medium
7,Vehicle Ownership & Responsibilities,"If you are stopped by a police officer, you should:","a:Stay in your vehicle with your hands visible on the steering wheel and wait for the officer to approach.,b:Unbuckle your seat belt and lower your window before the officer reaches you.,c:Get your paperwork ready and then exit the vehicle to meet the officer.",a,Remain in the vehicle with hands visible and wait for the officer to request your license and registration; only exit if asked to do so.,medium
5,Driving in Special Conditions,Which of these suggestions is least directly related to promoting safe night driving?,"a:Keep your windshield clean.,b:Carry a small flashlight in your vehicle.,c:Be aware that tinted windows reduce visibility at night.",b,"While a flashlight can be useful in emergencies, safe night driving primarily depends on clear windows, proper lighting, and avoiding reduced visibility from tinted glass.",medium
8,Special Situations & Road Users,"When you see a blind pedestrian who is using a white cane or guide dog, you should:","a:Slow down and be prepared to stop, yielding the right-of-way.,b:Take the right-of-way, c:Proceed normally without reducing speed.",a,"When encountering a blind pedestrian using a cane or guide dog, you must yield and be prepared to stop to avoid harm.",easy
6,"Alcohol, Drugs & Impaired Driving","On average, how many alcoholic drinks does the body eliminate in one hour?","a:About one drink per hour.,b:About two drinks per hour.,c:About three drinks per hour.",a,"An average person's body metabolizes about one standard drink per hour, though many factors affect impairment.",medium
8,Special Situations & Road Users,What is the No zone in relation to large trucks or buses?,"a:The blind spots around a truck or bus where the driver cannot see you.,b:A special speed zone around large vehicles.,c:A restricted audio volume area for vehicle stereos.",a,"Large vehicles have blind spots on each side, in front, and behind; these are called No zones.",easy
6,"Alcohol, Drugs & Impaired Driving",What happens when you take drugs along with alcohol?,"a:The combined use increases the risk of causing a crash.,b:The combination is no more dangerous than alcohol alone.,c:The drugs lessen alcohol's effect on driving.",a,"Combining alcohol with drugs (prescription, over-the-counter, or illegal) increases impairment and crash risk.",medium
2,Traffic Laws & Rules of the Road,When entering a highway from an entrance ramp you should generally do what?,"a:Use the acceleration lane to reach highway speed and merge with traffic.,b:Enter slowly to avoid other vehicles.,c:Stop on the ramp then enter.",a,Use acceleration lanes to accelerate to the speed of traffic and merge when you find a safe gap; yield to vehicles already on the highway.,easy
8,Special Situations & Road Users,"If a transit vehicle signals to re-enter the main road after stopping, what must you do?","a:Yield and allow it to safely re-enter.,b:Honking to alert the driver.,c:Maintain speed and position.",a,Yield to transit vehicles signaling to re-enter traffic after stopping to load or unload passengers; change lanes or slow to allow them to merge safely.,easy
6,"Alcohol, Drugs & Impaired Driving",What effect does even a small amount of alcohol have on driving-related abilities?,"a:Even the smallest amount of alcohol can reduce concentration, perception, judgment, and memory.,b:Only a blood alcohol level greater than the legal limit will reduce these abilities.,c:Alcohol does not reduce these driving abilities.",a,"Even small amounts of alcohol impair concentration, perception, judgment, and memory; no one can safely drink and drive.",easy
8,Special Situations & Road Users,When must you stop at a railroad crossing?,"a:When directed by a flagger or stop sign.,b:Only if flashing red signals are present.,c:Never if there are no trains visible.",a,Stop at railroad crossings when directed by a flagger or stop sign; also stop when flashing red signals or lowered gates indicate a train is coming.,easy
4,Safe & Defensive Driving Practices,"When making a turn, you must do what to your speed?","a:Reduce your speed to maintain control.,b:Increase your speed.,c:Maintain or vary your speed at will.",a,"Reduce speed when turning to stay in your lane, maintain control, and react to unexpected hazards.",easy
4,Safe & Defensive Driving Practices,If your vehicle begins to skid you should:,"a:Turn the steering wheel in the direction of the skid.,b:Overcorrect the steering.,c:Turn the steering wheel into oncoming traffic.",a,"If your vehicle skids, remain calm and steer in the direction of the skid to regain control.",medium
4,Safe & Defensive Driving Practices,What should you do to avoid collisions with vehicles in your blind spots?,"a:Turn your head and glance over your shoulder to check blind spots before changing lanes.,b:Adjust your rearview mirrors every few minutes.,c:Honk your horn right before changing lanes.",a,Never rely solely on mirrors; check blind spots by looking over your shoulder before lane changes.,easy
5,Driving in Special Conditions,"Compared to daytime driving, how is night driving different?","a:More dangerous because visibility is reduced.,b:Less dangerous.,c:The same as daytime driving.",a,"Night driving is more hazardous due to reduced visibility, glare from lights, and more fatigued or impaired drivers on the road.",medium
4,Safe & Defensive Driving Practices,On long trips you can prevent drowsiness by:,"a:Stopping at regular intervals for rest.,b:Slowing down.,c:Turning on the car radio.",a,Take regular breaks to rest and stretch during long trips to avoid drowsiness.,easy
2,Traffic Laws & Rules of the Road,"If you are moving from the right lane into the left lane on a multilane highway, what checks should you make?","a:Look in mirrors and over your left shoulder for traffic in the blind spot, and signal before changing lanes.,b:Only look in the rearview mirror and then change lanes quickly.,c:Signal and assume the lane is clear without looking.",a,"Before changing lanes, check mirrors, glance over your shoulder to cover blind spots, and signal your intention.",easy
6,"Alcohol, Drugs & Impaired Driving",Which of the following substances can impair driving and lead to DUII charges?,"a:Beer, wine, liquor, controlled substances, and inhalants (all types of intoxicants).,b:Only illegal drugs.,c:Only alcohol.",a,"Many substances—including alcoholic beverages, illegal drugs, inhalants, and some medicines—can impair driving and lead to arrest.",medium
2,Traffic Laws & Rules of the Road,On most roadways you should signal your intent to turn at least:,"a:100 feet before the turn.,b:300 feet before the turn.,c:500 feet before the turn.",a,Signal at least 100 feet before a turn on most roads; on highways signal farther in advance.,medium
7,Vehicle Ownership & Responsibilities,"If you are in an accident and someone is injured, what should you do?","a:Do not move the injured unless necessary; keep them warm and provide first aid if able.,b:Move the injured immediately away from the scene.,c:Always leave injured people where they are without attempting aid.",a,"Avoid moving injured persons unless required, keep them warm, and apply first aid for severe bleeding until help arrives.",difficult
4,Safe & Defensive Driving Practices,"If you start to feel tired while driving, what is the best action?","a:Stop driving and rest.,b:Open the window and continue.,c:Have some coffee and keep driving.",a,Fatigue is dangerous and comparable to impaired driving; stop and rest rather than continuing to drive.,medium
5,Driving in Special Conditions,"To reduce headlight glare from oncoming vehicles at night, where should you look?","a:Toward the right side of the road ahead.,b:Straight at the oncoming headlights.,c:Over your shoulder.",a,"If oncoming drivers don't dim high beams, keep your eyes on the right side of the road to avoid being blinded.",easy
6,"Alcohol, Drugs & Impaired Driving",Lack of sleep affects driving ability similar to which of these?,"a:The effects of alcohol on driving performance.,b:The effects of anger.,c:The effects of amphetamines.",a,"Fatigue impairs driving much like alcohol; e.g., being awake 18 hours has impairment similar to BAC 0.05% and 24 hours like 0.10%.",difficult
5,Driving in Special Conditions,How can you reduce the risk of hydroplaning?,"a:Drive more slowly in wet conditions.,b:Drive more quickly through shallow water.,c:Brake hard when entering standing water.",a,Hydroplaning risk increases with speed; slowing down in wet conditions reduces that risk.,medium
4,Safe & Defensive Driving Practices,Which practice best helps ensure safety when backing your vehicle?,"a:Walk to the rear of the vehicle and check behind it before getting in.,b:Check only the rearview mirrors.,c:Honk just before shifting into reverse.",a,"Backing is hazardous because drivers have limited rear visibility. Before entering the vehicle to back up, walk around to check for children or objects.",easy
4,Safe & Defensive Driving Practices,"Under normal conditions, what is the minimum following distance you should keep?","a:Three seconds.,b:One second.,c:Two seconds.",a,Keep at least a three-second following distance under normal conditions; increase this distance when conditions worsen.,medium
2,Traffic Laws & Rules of the Road,A flashing red traffic signal requires you to:,"a:Stop and then proceed when it is safe (same as a stop sign).,b:Slow down and yield, c:Slow down but do not stop.",a,"A flashing red light means stop completely and then proceed only when the way is clear, just like a stop sign.",easy
7,Vehicle Ownership & Responsibilities,You may not legally park your vehicle in which of the following locations?,"a:On a crosswalk or in a marked bicycle lane.,b:In a parking lot.,c:On a hill.",a,"Parking is prohibited in crosswalks and marked bicycle lanes, among other restricted areas; when parking on the street you must be within 12 inches of the curb.",easy
4,Safe & Defensive Driving Practices,"If you have a green light but pedestrians are crossing against the light, what should you do?","a:Stop and let the pedestrians cross safely.,b:Honk to make them hurry.,c:Speed up to pass in front of them.",a,You must yield to pedestrians even if they are crossing against a signal; stop to allow them to cross safely.,easy
5,Driving in Special Conditions,When roads may be slippery you should:,"a:Reduce your following distance.,b:Always drive at the maximum speed limit.,c:Use cruise control to maintain speed.",a,"On slippery surfaces reduce speed, avoid sudden changes, and do not use cruise control.",medium
2,Traffic Laws & Rules of the Road,"When passing a slower vehicle on a two-lane, two-way road, you must:","a:Use the lane belonging to oncoming traffic to complete the pass.,b:Not cross the centerline.,c:Use the shoulder.",a,"Passing on a two-lane, two-way road usually requires entering the lane of oncoming traffic to complete the pass; do so only when it is safe and legal.",medium
8,Special Situations & Road Users,How should you regard railroad crossings?,"a:Always potentially dangerous.,b:Safe to cross in most cases.,c:A safe place to park.",a,Railroad crossings are always potentially dangerous; always look and listen for approaching trains and obey signals.,easy
4,Safe & Defensive Driving Practices,Drivers who eat or drink while driving:,"a:Are more likely to have trouble staying in their lane and controlling the vehicle.,b:Make no driving errors.,c:Are better drivers because they are not hungry.",a,Eating or drinking while driving distracts you and can cause lane and speed control problems.,easy
8,Special Situations & Road Users,When approaching railroad tracks you should:,"a:Look, listen, slow down, and be prepared to stop.,b:Speed up to cross before gates lower.,c:Try to drive around a lowered gate.",a,"Always look and listen for trains, slow down, and be prepared to stop at railroad crossings.",medium
2,Traffic Laws & Rules of the Road,"If driving on a one-way street and an emergency vehicle using lights approaches, what must you do?","a:Drive toward the nearest roadside and stop.,b:Speed up and exit the roadway.,c:Turn on your hazard flashers and keep going.",a,On a one-way street you must drive to the nearest roadside and stop for an emergency vehicle using lights or siren.,easy
5,Driving in Special Conditions,"In poor weather conditions, what should drivers do regarding following distance?","a:Increase their following distance.,b:Decrease their following distance.,c:Maintain the same following distance as in dry conditions.",a,"On wet, icy, or otherwise poor roads, increase the distance between vehicles to allow more stopping time.",easy
8,Special Situations & Road Users,Under which circumstance may you drive around lowered gates at a railroad crossing?,"a:Under no circumstances.,b:When the train has passed.,c:When the lights stop flashing.",a,Do not go around lowered crossing gates. You must stop when signals warn of an approaching train and wait until it is safe and legal to proceed.,easy
3,"Signs, Signals & Road Markings",What does a broken yellow line next to a solid yellow line mean?,"a:Passing is permitted from the lane next to the broken line.,b:Passing is permitted from the lane next to the solid line.,c:No passing is permitted in either direction.",a,A broken yellow line beside a solid yellow line allows passing for vehicles on the broken-line side when safe.,easy
2,Traffic Laws & Rules of the Road,When may you pass another vehicle by using the right shoulder?,"a:Never.,b:When the car in front is driving too slowly.,c:When the car in front is turning.",a,You may not drive off the pavement or onto the shoulder to pass another vehicle; passing on the shoulder is prohibited.,medium
2,Traffic Laws & Rules of the Road,"If waiting to turn left at a multilane intersection and opposing traffic blocks your view, what should you do?","a:Wait until you can see all lanes you must cross before making the turn.,b:Accelerate rapidly when the first lane clears.,c:Signal and rely on another driver to wave you through.",a,Do not begin a left turn until you can see that all lanes are clear and you can make the turn safely.,medium
7,Vehicle Ownership & Responsibilities,"When driving near heavy trucks, what should other road users allow for?","a:The increased stopping distance required by large vehicles.,b:The decreased stopping distance of large vehicles.,c:The lower noise levels of large vehicles.",a,Trucks need more distance to stop; avoid lingering in their blind spots and position your vehicle where you are visible to the truck driver.,medium
2,Traffic Laws & Rules of the Road,Where should you NOT pass other vehicles?,"a:On a hill or curve.,b:On an expressway only.,c:Whenever the lane looks clear.",a,"Never pass on a hill or curve, near intersections, railroad crossings, bridges, or where your view is blocked or where signs prohibit passing.",medium
2,Traffic Laws & Rules of the Road,Approaching a steady yellow traffic light you should:,"a:Slow to a stop unless you are already in the intersection.,b:Accelerate to avoid a red light.,c:Continue because you have the right-of-way.",a,A steady yellow light warns that the light will turn red; stop unless it is unsafe to do so.,easy
2,Traffic Laws & Rules of the Road,"When you see a steady green arrow at a signal, what may drivers do?","a:Turn in the direction of the arrow after yielding to traffic and pedestrians already in the intersection.,b:Stop before proceeding in the arrow's direction.,c:Merge into any lane regardless of direction.",a,A steady green arrow allows turning in the arrow's direction after yielding to others in the intersection.,easy
4,Safe & Defensive Driving Practices,"If your vehicle’s right wheels leave the pavement, what is the recommended action?","a:Slow down, steer parallel to the road, and ease back onto the pavement when safe.,b:Stop quickly immediately.,c:Accelerate and steer back onto the road as fast as possible.",a,"Do not panic. Gradually reduce speed, keep the vehicle straight, and ease back onto the roadway when it is safe while checking for traffic.",medium
2,Traffic Laws & Rules of the Road,"When the driver behind you wants to pass, what is the correct action?","a:Slow down to allow room in front of your vehicle for the pass.,b:Speed up to prevent them from passing.,c:Maintain the same speed.",a,Slow slightly to create space in front of your vehicle so the other driver can pass safely and complete the maneuver quickly.,easy
5,Driving in Special Conditions,"When it starts to rain while you're driving, what is the correct action?","a:Slow down.,b:Drive faster than surrounding traffic.,c:Maintain the maximum posted speed limit.",a,"When rain begins reduce speed, turn on headlights for visibility, and pull off if conditions become too severe to continue safely.",easy
2,Traffic Laws & Rules of the Road,"When exiting a highway, when should you begin to slow down?","a:After you have moved into the exit lane.,b:On the main road just before the exit lane.,c:Once you see a toll booth.",a,Move into the exit lane well in advance and do not slow down until you are in that exit lane.,easy
3,"Signs, Signals & Road Markings",A steady yellow traffic light approaching an intersection tells you to:,"a:Slow down and prepare to stop.,b:Go.,c:Yield to other cars.",a,A steady yellow light warns that a red light will soon follow. Slow down and prepare to stop unless you are already in the intersection or cannot stop safely.,easy
2,Traffic Laws & Rules of the Road,"Which traffic light condition is equivalent to coming to a full stop, yielding, then proceeding when clear?","a:A flashing red light.,b:A flashing yellow light.,c:A solid green light.",a,"A flashing red traffic light requires you to stop completely, yield to cross traffic and pedestrians, and proceed when safe—like a stop sign.",easy
5,Driving in Special Conditions,"If an approaching vehicle is using high beams and fails to dim them, you should look toward:","a:The right side of the road.,b:Either side of the road.,c:The center of the road.",a,Glance toward the right edge of the road to avoid being blinded by high beams while maintaining your lane position.,easy
7,Vehicle Ownership & Responsibilities,The most effective safety restraints in a crash are:,"a:Both a lap/shoulder belt and an airbag.,b:Only an airbag.,c:Only a lap and shoulder belt.",a,Seat belts and airbags together provide the best protection in a front-end crash; always use both.,easy
8,Special Situations & Road Users,Why must you use extra caution around a pedestrian carrying a white cane?,"a:They are likely blind and require yielding and extra caution.,b:They are police officers directing traffic.,c:They are deaf and cannot hear your horn.",a,"A white cane or guide dog indicates blindness — slow down, yield, and be prepared to stop.",easy
3,"Signs, Signals & Road Markings",Regulatory traffic signs are usually which color?,"a:White,b:Blue,c:Green",a,Regulatory signs (such as speed limit and stop signs) are typically white with black letters and must be obeyed.,easy
2,Traffic Laws & Rules of the Road,"When parallel parking between two cars, what should you do first after signaling and checking traffic?","a:Pull up even with the car in front of the space, then begin to turn.,b:Turn your wheels to the right immediately.,c:Turn your wheels to the left immediately.",a,Stop parallel to the vehicle ahead of the space before turning the wheel to back into the spot.,medium
8,Special Situations & Road Users,"When dealing with pedestrians, what is the driver's obligation?","a:Yield the right-of-way to all pedestrians and do everything possible to avoid striking them.,b:Only yield if the pedestrian is legally entitled to it.,c:Make sure the pedestrian is aware of the vehicle before yielding.",a,"Drivers must be alert and yield to pedestrians to prevent injury, even if pedestrians are crossing illegally.",easy
2,Traffic Laws & Rules of the Road,Drivers may not pass from either side of a ____ centerline.,"a:Double solid yellow,b:Single broken yellow,c:Combination solid and broken yellow",a,A double solid yellow centerline means passing from either direction is prohibited.,medium
3,"Signs, Signals & Road Markings",You may pass another vehicle if the line dividing the lanes is what type of line?,"a:Broken white line.,b:Double solid yellow line.,c:Solid yellow line.",a,Broken white lines separate lanes moving in the same direction and may be crossed to pass when safe.,easy
4,Safe & Defensive Driving Practices,"When driving where children are playing, what should you expect?","a:They may run into the street without looking.,b:They will always stop at the curb before crossing.,c:They will know when it's safe to cross.",a,Expect children to behave unpredictably and possibly run into the roadway without checking for traffic; slow down and be alert.,easy
4,Safe & Defensive Driving Practices,"If someone is driving aggressively behind you, you should:","a:Attempt to get out of their way.,b:Stare at the driver as they pass.,c:Speed up as they pass you.",a,"Move out of the aggressive driver's path, avoid eye contact, and do not escalate the situation.",easy
2,Traffic Laws & Rules of the Road,"Unless posted otherwise, the speed limit in an urban residence district is:","a:30 miles per hour.,b:40 miles per hour.,c:55 miles per hour.",a,In an urban residence district the speed limit is normally 30 mph unless otherwise posted.,medium
3,"Signs, Signals & Road Markings","On a highway marked by two solid yellow centerlines, you may:","a:Cross these lines only to make a left turn into or from an alley, private road, or driveway.,b:Cross these lines to pass if no oncoming traffic is present.,c:Never cross these lines under any circumstances.",a,"Double solid yellow lines prohibit passing; you may only cross them to make a left turn into or from a private road, alley, or driveway.",medium
4,Safe & Defensive Driving Practices,Which factors commonly cause traffic accidents?,"a:Inattentive driving, excessive speed, and following too closely.,b:Only vehicle defects.,c:Safe driving habits of other motorists.",a,"Major causes of crashes include inattention, driving too fast for conditions, and following other vehicles too closely.",medium
5,Driving in Special Conditions,When are roads especially slippery due to rain?,"a:During the first 10 to 15 minutes of a rainstorm.,b:Only after it has been raining for an hour.,c:The day after it rains.",a,Road surfaces can be especially slippery in the first 10–15 minutes of rain because oil and residue rise to the pavement surface.,medium
4,Safe & Defensive Driving Practices,What describes an inattentive driver?,"a:Someone who daydreams or stares at objects off the roadway while driving.,b:Someone who maintains eye contact while talking to a passenger.,c:Someone who only watches the vehicle directly ahead.",a,"An inattentive driver is distracted by things off the road, daydreaming, or otherwise not scanning the driving environment.",easy
2,Traffic Laws & Rules of the Road,What does a green arrow shown with a red light authorize you to do?,"a:Turn only in the direction of the green arrow, if the intersection is clear.,b:Go straight ahead only.,c:Wait for a solid green circular light before moving in any direction.",a,"A green arrow with a red light allows movement only in the arrow's direction, after yielding to any traffic and pedestrians in the intersection.",easy
2,Traffic Laws & Rules of the Road,"When you come to an intersection with a flashing yellow light, you should:","a:Drive carefully through the intersection after yielding to any conflicting traffic.,b:Stop and wait for the light to change.,c:Make a U-turn because the intersection is closed.",a,A flashing yellow means proceed with caution; scan for cross traffic and pedestrians before continuing.,easy
5,Driving in Special Conditions,It is important to slow down in which situations?,"a:On narrow or winding roads.,b:Only when the road is wet.,c:Never — keep to the speed limit.",a,"Slow down on narrow or winding roads, at intersections, near railroad crossings, and when roads are slippery.",medium
2,Traffic Laws & Rules of the Road,"Unless otherwise posted, the maximum speed in a rural residence district is:","a:35 miles per hour.,b:45 miles per hour.,c:25 miles per hour.",a,In rural residence districts the speed limit is typically 35 mph unless a different limit is posted.,medium
4,Safe & Defensive Driving Practices,Who should wear seat belts for maximum effectiveness?,"a:All occupants of the vehicle.,b:The driver only.,c:Only passengers on long trips.",a,Seat belts are most effective when every occupant in the vehicle wears one on every trip.,easy
2,Traffic Laws & Rules of the Road,What does a posted speed limit indicate?,"a:The maximum legal driving speed under ideal road and weather conditions.,b:The exact safe speed you must always drive to avoid a ticket.,c:Only a recommended driving speed.",a,Speed limit signs show the maximum legal speed for ideal conditions; drivers must drive slower when conditions require.,easy
4,Safe & Defensive Driving Practices,"If a crossing guard directs traffic in a school zone, you must do what?","a:Follow the crossing guard's directions.,b:Copy surrounding traffic even if it contradicts the guard.,c:Assume they are not authorized to direct traffic.",a,Always obey the directions of a crossing guard in a school zone and be prepared to reduce speed and use caution.,easy
3,"Signs, Signals & Road Markings",What does a yellow-and-black diamond-shaped sign indicate?,"a:A warning about conditions on or near the road ahead.,b:Directions to nearby cities and towns.,c:Traffic laws and regulations you must obey.",a,Diamond-shaped yellow warning signs alert drivers to upcoming road conditions or hazards.,easy
8,Special Situations & Road Users,"When approaching a railroad crossing with warning signs, what should you be prepared to do?","a:Slow down, look for trains, and be ready to stop.,b:Proceed without slowing unless you see a train.,c:Cross quickly if a train is approaching.",a,"On approach to a railroad crossing slow down, look both ways, and be ready to stop. If signals or gates are active, stop at the indicated distance from the tracks.",easy
2,Traffic Laws & Rules of the Road,"How close to a bridge, viaduct, or tunnel is passing prohibited?","a:Within 100 feet.,b:Within 200 feet.,c:Within 300 feet.",a,"Passing is not allowed within 100 feet of a bridge, viaduct, or tunnel so other drivers can see you attempting to pass.",difficult
6,"Alcohol, Drugs & Impaired Driving","For persons age 21 and older, it is illegal to drive with a blood alcohol concentration (BAC) of at least:","a:0.08 percent,b:0.05 percent,c:0.02 percent",a,"For drivers 21 and older, a BAC of 0.08% or higher is illegal and indicates impairment for driving.",easy
3,"Signs, Signals & Road Markings",A red and white triangular sign at an intersection means you must:,"a:Yield — slow and be prepared to stop if necessary.,b:Always come to a full stop.,c:Speed up if an emergency vehicle is approaching.",a,A triangular yield sign means you must decrease speed and yield the right-of-way to traffic and pedestrians.,easy
4,Safe & Defensive Driving Practices,How can stress affect your driving?,"a:By reducing your ability to focus and concentrate on driving.,b:By decreasing your chance of an accident.,c:By causing you to fall asleep at the wheel.",a,Strong emotions and stress can impair concentration and driving performance; wait to drive if you're emotionally unstable.,easy
4,Safe & Defensive Driving Practices,When approaching an accident scene you should:,"a:Stop only if you are involved or emergency help has not yet arrived.,b:Always stop and watch.,c:Drive toward the scene to see what happened.",a,Do not stop at an accident unless you are involved or emergency assistance is needed and has not yet arrived.,medium
5,Driving in Special Conditions,When is it legal to stop or park along the shoulder of a freeway?,"a:Only in an emergency.,b:As long as you turn on your four-way flashers.,c:If no part of your vehicle is on the roadway.",a,"Parking on the shoulder of a freeway is prohibited except in an emergency; if you must stop, turn on hazard lights and move as far from traffic as possible.",difficult
3,"Signs, Signals & Road Markings",A diamond-shaped traffic sign is normally used to:,"a:Warn of a road hazard or special condition.,b:Indicate an interstate route.,c:Indicate a school crossing.",a,Warning signs are typically diamond-shaped and warn of hazardous locations or where special rules apply.,easy
2,Traffic Laws & Rules of the Road,Who must yield when a driver is turning and a pedestrian is crossing without a traffic light?,"a:The driver must yield to the pedestrian.,b:Whoever started moving last.,c:Whoever is slower.",a,"Drivers must yield to pedestrians crossing at intersections without traffic signals, even if there is no marked crosswalk.",easy
6,"Alcohol, Drugs & Impaired Driving",What is likely to happen when alcohol is combined with another drug?,"a:The effects of both the alcohol and the drug may be increased.,b:Nothing will happen.,c:The effects of both may be reduced.",a,"Mixing alcohol with another drug can enhance the effects of both, increasing impairment and danger.",medium
5,Driving in Special Conditions,Which statement about winter driving is NOT true?,"a:Using cruise control in winter weather is safe.,b:Winter is the most difficult driving season.,c:Checking antifreeze and washer fluid is especially important in winter.",a,"Using cruise control in snow, ice, or similar hazardous conditions is unsafe; winter requires extra caution and vehicle checks.",medium
2,Traffic Laws & Rules of the Road,"When merging onto an interstate from an entrance ramp, you should:","a:Yield to drivers already on the interstate.,b:Have the right-of-way over traffic on the interstate.,c:Force your way into traffic if necessary.",a,Vehicles already on the interstate have the right-of-way. Use the acceleration lane to match speed and merge safely when there is a gap.,easy
2,Traffic Laws & Rules of the Road,When passing on a multilane highway you should:,"a:Be sure the passing lane is clear before changing lanes.,b:Always pass only on the right.,c:Watch for oncoming traffic in the opposite direction.",a,Make sure the lane you plan to enter is clear and signal before changing lanes to pass.,easy
2,Traffic Laws & Rules of the Road,"When preparing to turn left, what should drivers do?","a:Watch for oncoming vehicles and pedestrians and yield when necessary.,b:Signal only if other traffic is present.,c:Slow down gradually without checking mirrors.",a,"Signal 3–5 seconds before turning, check mirrors and blind spots, yield to pedestrians and oncoming traffic, and complete the turn when safe.",easy
2,Traffic Laws & Rules of the Road,"When you encounter a flashing red light at an intersection, what must you do?","a:Come to a complete stop and proceed only when the way is clear.,b:Slow down and drive carefully through.,c:Wait for a flashing green light.",a,A flashing red light means stop like a stop sign; yield to traffic and pedestrians before proceeding.,easy
7,Vehicle Ownership & Responsibilities,"If your vehicle's accelerator sticks while driving, which action should you take?","a:Turn on your hazard flashers, shift to neutral, and then turn off the ignition when safe to do so.,b:Slam on the brakes immediately and hold them.,c:Blow your horn continuously until help arrives.",a,"For a stuck accelerator, shift to neutral, apply brakes, move safely off the road, then turn off the engine (careful not to lock steering).",difficult
8,Special Situations & Road Users,When sharing the road with a large truck remember trucks generally:,"a:Require longer distances to stop than smaller vehicles.,b:Require less time to pass on a downgrade.,c:Require a smaller turning radius than smaller vehicles.",a,"Because of their size and weight, large vehicles need more distance to stop than smaller vehicles.",medium
7,Vehicle Ownership & Responsibilities,"If your car breaks down on the highway, you should:","a:Use your four-way flashers, get as far off the road as possible, and signal before exiting the roadway.,b:Sit in your car and wait for help without signaling, c:Sound your horn to attract passing motorists' attention.",a,"Signal and carefully exit the traffic lane, turn on hazard lights, and move well off the roadway so other drivers can see you; raise your hood if you want to indicate a disabled vehicle.",medium
2,Traffic Laws & Rules of the Road,"At a stop sign with no stop line or crosswalk, you may proceed only:","a:After coming to a complete stop and verifying it is safe to proceed.,b:After slowing down to check for cross traffic.,c:After stopping at least 20 feet before the intersection.",a,Stop before entering the intersection and go only when it is safe to do so.,medium
3,"Signs, Signals & Road Markings",What colors are used on highway destination/distance signs (like exit signs)?,"a:Green background with white letters or symbols.,b:Black background with white letters.,c:Yellow background with black letters.",a,Destination and distance signs use a green background with white letters or symbols.,easy
5,Driving in Special Conditions,Why is night driving often harder than daytime driving?,"a:Because visibility is reduced in the dark.,b:Because cars overheat more easily at night.,c:Because it is more likely to rain at night.",a,At night your field of vision is reduced; use proper headlights and drive at speeds that let you stop within the visible distance.,easy
8,Special Situations & Road Users,"When a funeral procession is present, who has the right-of-way?","a:The funeral procession.,b:Any other driver.,c:A pedestrian.",a,"Drivers, pedestrians, and bicyclists must yield the right-of-way to funeral processions.",easy
2,Traffic Laws & Rules of the Road,When is driving below the posted speed limit illegal?,"a:When driving so slowly that you disrupt the normal flow of traffic.,b:When in heavy traffic in a construction zone.,c:Only while driving in rural areas.",a,It's illegal to drive so slowly that you impede normal traffic flow; you may be required to pull over and let vehicles pass.,medium
3,"Signs, Signals & Road Markings",What road markings or signals direct drivers into proper turning lanes on some highways?,"a:Arrows painted or displayed to indicate lane purposes.,b:Flashing red lights.,c:White lines on the side of the road only.",a,Arrows (pavement markings or signal displays) indicate which lanes should be used for turning or going straight.,easy
8,Special Situations & Road Users,May you drive around or under a lowering or raising gate at a railroad crossing?,"a:No — do not drive around or under moving crossing gates.,b:Yes, if an approaching train is not too close.,c:Yes, if doing so won’t damage the gate.",a,"Flashing red lights, bells, or gates indicate you must stop and not cross until all warnings stop and gates are fully raised.",medium
2,Traffic Laws & Rules of the Road,A posted speed limit represents what?,"a:The maximum or minimum legal speed under ideal conditions.,b:A suggested safe speed for the area.,c:The legal speed under dangerous conditions.",a,A speed limit is the legal maximum or minimum under ideal conditions; you must drive slower when conditions require it.,easy
5,Driving in Special Conditions,What should a driver do if going much slower than the speed limit and causing a backup?,"a:Pull off the road and allow vehicles to pass.,b:Continue; slower speeds are always safer.,c:Refuse to let following cars pass.",a,"If you drive significantly slower than the flow of traffic and vehicles are backing up, you must pull off and let others pass if possible.",medium
4,Safe & Defensive Driving Practices,On slippery roads you should do which of the following?,"a:Increase your following distance.,b:Drive as you would on dry roads.,c:Use alternate routes only.",a,Slippery conditions increase stopping distances so you should increase the space between you and the vehicle ahead.,easy
4,Safe & Defensive Driving Practices,"If you notice other drivers behaving angrily on the road, you should:","a:Distance yourself from the situation (physically and mentally).,b:Make eye contact to let them know you won't be intimidated.,c:React with hand gestures to show your displeasure.",a,"When other drivers show anger, avoid eye contact and gestures and take steps to put distance between you and the situation to reduce the risk of escalation.",easy
4,Safe & Defensive Driving Practices,"If you are in another driver's blind spot, what should you do?","a:Move forward or fall back so the driver can see you.,b:Keep a steady pace in the blind spot.,c:Stay there until you need to pass.",a,Avoid driving in someone else's blind spot; adjust your position so the driver can see you in their mirrors.,easy
2,Traffic Laws & Rules of the Road,Before making a left turn you must:,"a:Yield to oncoming vehicles and pedestrians.,b:Sound your horn to warn others.,c:Swing to the right side of your lane before turning.",a,Yield to oncoming traffic and pedestrians before completing a left turn; do not turn into the path of oncoming vehicles.,easy
5,Driving in Special Conditions,"If you become stranded during a snowstorm, what should you do?","a:Wait in your vehicle for help to arrive.,b:Leave the car and walk for assistance.,c:Lie down inside the car and go to sleep.",a,If stranded in a snowstorm you should stay with your vehicle and wait for help; you're more likely to be found and it's often unsafe to walk in such conditions.,medium
4,Safe & Defensive Driving Practices,What is the safest way to drive through a curve?,"a:Slow down as you enter the curve and accelerate gradually as you exit.,b:Keep a constant speed throughout the curve.,c:Speed up as you enter the curve and slow down as you exit.",a,Reduce speed before entering a curve and then increase speed gradually when your wheels are straight to maintain control.,easy
4,Safe & Defensive Driving Practices,Where should you keep a space cushion around your vehicle?,"a:On all sides — front, back, left, and right.,b:Only in front of your vehicle.,c:Only on the left and right sides.",a,Maintain space all around your vehicle to allow time to react to hazards.,easy
8,Special Situations & Road Users,"When approached by an emergency vehicle using lights or siren, you must:","a:Pull to the right side of the road and stop immediately.,b:Pull to the right and slow down.,c:Pull to the right and turn on your four-way flashers.",a,You must yield to emergency vehicles by pulling to the right and stopping to allow them to pass.,easy
2,Traffic Laws & Rules of the Road,"In a vertically arranged traffic signal, what is the correct top-to-bottom order of the lights?","a:Red, yellow, green.,b:Green, yellow, red.,c:Yellow, red, green.",a,"On vertical signals red is always at the top, yellow in the middle, and green on the bottom.",easy
7,Vehicle Ownership & Responsibilities,"When parking uphill on a street with a curb, which way should you turn your front wheels?","a:Turn the front wheels away from the curb.,b:Keep the wheels straight and set the parking brake.,c:Turn the front wheels toward the curb.",a,"When parking uphill with a curb, turn wheels away from the curb so the vehicle will roll back into the curb and not into traffic if the brakes fail.",easy
4,Safe & Defensive Driving Practices,Which factors affect braking distance?,"a:Speed, condition of brakes and tires, and the pavement condition.,b:Only the vehicle's weight.,c:Only the driver’s reaction time.",a,"Braking distance depends on speed, brake and tire condition, and road surface condition, among other factors.",medium
4,Safe & Defensive Driving Practices,What driving habit helps conserve gasoline?,"a:Slowing down gradually and avoiding unnecessary braking.,b:Accelerating quickly from stops.,c:Sitting in the driveway with the engine running.",a,Smooth driving—looking ahead and slowing gradually—reduces unnecessary acceleration and improves fuel economy.,easy
2,Traffic Laws & Rules of the Road,"When an emergency vehicle uses sirens or flashing lights, what must drivers do?","a:Yield the right-of-way to it and follow any instructions it gives.,b:Ignore it if you are in a hurry.,c:Stop immediately in your lane and wait for it to pass no matter where you are.",a,Yield to emergency vehicles using sirens or lights; obey any directions and be aware they may be followed by others.,easy
5,Driving in Special Conditions,On slippery roads you should:,"a:Slow down.,b:Drive more quickly.,c:Drive the speed limit with no extra caution.",a,Reduce speed and avoid sudden maneuvers when road surfaces are slippery; consider driving below the posted limit if needed.,easy
4,Safe & Defensive Driving Practices,"When children ride in a vehicle, they should:","a:Be properly fastened in an appropriate child safety seat if too small for a regular belt.,b:Be safely held by a strong adult.,c:Stand on the floor in the back of the vehicle.",a,Special child seats are required for children too small for regular safety belts; holding them is not safe in a crash.,easy
2,Traffic Laws & Rules of the Road,When must you signal while turning or changing lanes?,"a:Always, even if there is no visible traffic.,b:Only when other vehicles are present.,c:Only when driving at night.",a,"You must always signal when changing lanes, turning, or pulling away from a curb; do not form the habit of not signaling.",easy
6,"Alcohol, Drugs & Impaired Driving",What effect does alcohol have on driving skills and judgment?,"a:It harms both driving skills and judgment.,b:It helps driving skills but harms judgment.,c:It has no effect on either.",a,"Alcohol impairs reaction time, vision, judgment, and increases the likelihood of risky behavior.",easy
3,"Signs, Signals & Road Markings",A pentagonal (five-sided) traffic sign warns drivers they are near:,"a:A school zone or school crossing.,b:A no passing zone.,c:A speed limit change.",a,Pentagonal signs indicate school zones and school crossings. Be alert to children and comply with any speed reductions.,easy
3,"Signs, Signals & Road Markings",What does a solid red arrow in a traffic signal mean?,"a:It has the same meaning as a circular red light; you must stop.,b:It is never used.,c:It means drivers may turn in the arrow direction.",a,A solid red arrow requires drivers in the indicated lane to stop and prohibits turning in that direction while red.,easy
2,Traffic Laws & Rules of the Road,What is the correct procedure when using a freeway exit ramp?,"a:Slow down once you are on the exit ramp.,b:Slow down before you move onto the exit ramp.,c:Maintain your freeway speed until the ramp ends.",a,"Do not reduce speed on the mainline; instead, slow down after you have moved onto the exit ramp in the deceleration area.",medium
8,Special Situations & Road Users,To avoid being in a truck or bus driver's blind spot you should:,"a:Avoid driving alongside them and avoid tailgating.,b:Never pass them.,c:Flash your lights at them.",a,Large vehicles have significant side and rear blind spots; avoid driving alongside or tailgating them.,medium
3,"Signs, Signals & Road Markings",A solid yellow arrow traffic signal means:,"a:The same as a circular yellow light — prepare to stop.,b:It is not used as a traffic control signal.,c:Drivers may turn in the direction indicated without caution.",a,A solid yellow arrow warns that the protected turning time is ending; slow down and prepare to stop if it is safe to do so.,easy
5,Driving in Special Conditions,A road work area or work zone may be which of the following?,"a:Moving or stationary.,b:Marked with black and white signs.,c:A place where drivers do not have to slow down or pay attention.",a,Work zones can be stationary or involve moving operations; they are typically marked with orange signs and require drivers to slow down and pay added attention.,medium
4,Safe & Defensive Driving Practices,How does increasing your vehicle's speed affect your field of vision?,"a:It decreases your field of vision.,b:It increases your field of vision.,c:It makes it easier to see cross traffic.",a,"As speed increases your field of vision narrows, so you must be extra alert to hazards.",easy
6,"Alcohol, Drugs & Impaired Driving",Which types of drugs can impair driving ability?,"a:Prescription and over-the-counter medications, illegal drugs, and some cold or allergy medicines.,b:Only illegal drugs.,c:Only alcohol-related medicines.",a,Many kinds of drugs—legal or illegal—can impair driving. Driving under the influence of drugs can be a criminal offense.,medium
5,Driving in Special Conditions,Foggy conditions require which of these actions?,"a:Turn on your low-beam headlights.,b:Turn on your hazard lights only.,c:Drive at the posted maximum speed.",a,Use low-beam headlights in fog (and when visibility is reduced to 500 feet or less); high beams worsen visibility.,medium
2,Traffic Laws & Rules of the Road,A red flashing traffic light is equivalent to which traffic control device?,"a:A stop sign.,b:A steady red light only.,c:A yield sign.",a,"A flashing red signal means you must stop completely and proceed only when safe, just like a stop sign.",easy
7,Vehicle Ownership & Responsibilities,What does a “No standing” sign mean at a location?,"a:You may stop only briefly to pick up or discharge passengers.,b:You may park there if you stay with the vehicle.,c:You may never stop there for any reason.",a,A No Standing sign allows temporary stopping only to load or unload passengers; parking is not permitted.,easy
4,Safe & Defensive Driving Practices,What should you do before switching on the ignition?,"a:Buckle your seat belt and ensure passengers are buckled.,b:Confirm only adult passengers are belted.,c:Only make sure children are belted.",a,Develop a routine of buckling your safety belt and ensuring all passengers are buckled before starting the vehicle.,easy
8,Special Situations & Road Users,"If you face an oncoming car on your left and a bicyclist on your right, what should you do?","a:Let the oncoming car pass first, then pass the bicyclist.,b:Split the difference and move between them.,c:Pull onto the shoulder to pass between both.",a,"When multiple hazards exist, handle one at a time: allow the oncoming vehicle to pass, then pass the bicyclist safely.",medium
2,Traffic Laws & Rules of the Road,When is it appropriate to sound your horn?,"a:If you have lost control of your vehicle and need to alert others.,b:When passing another car.,c:Whenever you have to stop quickly.",a,"Use your horn to warn others of immediate danger—e.g., if you have lost control and need to alert drivers.",easy
2,Traffic Laws & Rules of the Road,You are required to stop your vehicle:,"a:At an intersection with a stop sign.,b:Only when a police officer orders you to.,c:Only where there is a flashing yellow light.",a,"You must stop at stop signs, at red lights, and whenever a traffic officer orders you to stop.",easy
8,Special Situations & Road Users,When must you stop for a school bus on a two-lane highway?,"a:When the bus is stopped and its red lights are flashing.,b:Only when the bus is facing you and its lights are flashing.,c:Only if the bus is parked on the shoulder with no one aboard.",a,"On two-lane roads, traffic in both directions must stop when a school bus displays flashing red lights while loading or unloading children.",easy
3,"Signs, Signals & Road Markings",Highway pavement markings generally:,"a:Provide information and guidance for drivers.,b:Are usually not important.,c:Are only found in construction zones.",a,"Markings help drivers position their vehicles, show safe passing zones, and warn of upcoming conditions.",easy
5,Driving in Special Conditions,To make night driving safer you should:,"a:Increase your following distance to give more stopping time.,b:Drive at the same following distance as daytime, c:Always use your high beams.",a,"At night, visibility is reduced; increase following distance, avoid driving tired, and make sure your headlights are in good condition.",easy
8,Special Situations & Road Users,How do blind spots of larger vehicles compare to those of smaller cars?,"a:Larger vehicles have larger blind spots.,b:Larger vehicles have smaller blind spots.,c:Larger vehicles have no blind spots.",a,"The larger the vehicle, such as trucks and SUVs, the larger the blind spots around it; avoid lingering in these areas.",easy
4,Safe & Defensive Driving Practices,"If you are worried, nervous, angry, or crying before driving you should:","a:Take time to calm down and focus on driving before starting the engine.,b:Drive no differently than usual.,c:Drive faster because you are more alert.",a,Emotional distress can impair driving ability; take time to calm down before driving.,easy
2,Traffic Laws & Rules of the Road,When may you not cross a single broken white or yellow line?,"a:When doing so would interfere with traffic.,b:When turning left into a driveway.,c:When the car in front is disabled.",a,You may cross a single broken line to change lanes or pass only when it can be done safely without interfering with traffic.,easy
3,"Signs, Signals & Road Markings",Two solid white lines across a lane indicate a crosswalk. What must drivers do when pedestrians are in a crosswalk?,"a:Give pedestrians the right-of-way and stop for them.,b:Assert that motor vehicles have the right-of-way.,c:Proceed because no one has right-of-way there.",a,Crosswalk markings show where pedestrians should cross; drivers must stop for pedestrians who are in the crosswalk.,easy
6,"Alcohol, Drugs & Impaired Driving","If you drink alcohol socially, which action helps ensure safe driving?","a:Ride home with a friend who has not been drinking.,b:Drink coffee before driving.,c:Take a cold shower before driving.",a,Arranging a sober ride home prevents driving while impaired; coffee or a cold shower do not lower blood alcohol.,easy
3,"Signs, Signals & Road Markings",What is the primary purpose of regulatory signs?,"a:To indicate what drivers must or must not do.,b:To mark every location with present danger.,c:To be diamond-shaped and yellow or green.",a,"Regulatory signs tell drivers about laws and regulations (e.g., speed limits, no-turn zones) that must be followed.",easy
8,Special Situations & Road Users,What should car drivers remember about large trucks?,"a:They have large blind spots and need more room to maneuver and stop.,b:They can stop more quickly than cars.,c:They need less room to turn than passenger vehicles.",a,Large trucks have significant blind spots and require more distance and space to maneuver and stop than passenger vehicles.,medium
2,Traffic Laws & Rules of the Road,At a stop sign you should stop and then look in which order?,"a:Right, left, then right again.,b:Check your rearview mirror first.,c:Move when the vehicle ahead moves.",a,"After stopping at a stop sign look right, then left, then right again to check for traffic or pedestrians before proceeding.",easy
5,Driving in Special Conditions,"When stopped on an uphill slope, when should you allow a larger space cushion?","a:When stopped on an incline.,b:When stopped at an intersection only.,c:At a stop sign only.",a,Allow extra space when stopped on an uphill slope since the vehicle in front might roll back when traffic begins moving again.,easy
8,Special Situations & Road Users,A bicyclist who disobeys traffic laws:,"a:Can be ticketed.,b:Is in the right because bicyclists don’t have to obey traffic laws.,c:Will always receive a warning from law enforcement.",a,Bicyclists have the same rights and responsibilities as motor vehicle drivers and can be ticketed for violations.,easy
2,Traffic Laws & Rules of the Road,"When a stop is required at an intersection but there are no stop lines or crosswalk markings, you should:","a:Slow down and stop at the point nearest the intersecting roadway where you have a clear view of oncoming traffic.,b:Not be required to stop.,c:Stop only at a point where you can see 200 feet in both directions, even if you must enter the intersection.",a,"If there is no marked stop line or crosswalk, stop at the nearest point where you can see approaching traffic without entering the intersecting roadway.",medium
4,Safe & Defensive Driving Practices,"When preparing to change lanes, which action is crucial?","a:Make sure the lane is clear before entering.,b:Check your blind spot by looking over your shoulder.,c:Signal your intentions ahead of the lane change.",b,Before changing lanes always check your blind spot by looking over your shoulder so you don't rely only on mirrors.,medium
2,Traffic Laws & Rules of the Road,"If an officer is directing traffic at an intersection, you should:","a:Follow the directions given by the officer.,b:Follow the traffic signal instead of the officer.,c:Honk at the officer to get their attention.",a,"Drivers, pedestrians, and cyclists must obey an officer directing traffic even if traffic signals are present.",easy
3,"Signs, Signals & Road Markings",An arrow painted on the pavement indicates that drivers in that lane:,"a:Must make the movement indicated by the arrow.,b:May make the movement if they choose.,c:Must always stop before making the movement.",a,A pavement arrow designates required lane movement; follow signs and signals before proceeding in that direction.,medium
2,Traffic Laws & Rules of the Road,On a highway you should signal before a turn at least:,"a:500 feet.,b:300 feet.,c:100 feet.",a,On highways you should signal at least 500 feet before a turn to alert other drivers.,medium
6,"Alcohol, Drugs & Impaired Driving",As alcohol accumulates in your bloodstream it typically:,"a:Slows down your reactions.,b:Makes you feel less confident.,c:Causes alcohol to metabolize more quickly.",a,"Alcohol slows reactions, increases confidence incorrectly, and causes more errors; it does not speed up its own metabolism.",medium
2,Traffic Laws & Rules of the Road,"When a traffic signal turns green, you should:","a:Yield the right-of-way to pedestrians and traffic already in the intersection.,b:Accelerate as quickly as possible to clear the intersection.,c:Back up slowly if the way is blocked.",a,"A green light allows you to proceed, but you must first yield to pedestrians and any vehicles still in the intersection.",easy
8,Special Situations & Road Users,How should you safely pass a bicycle?,"a:Slow down and give as much space as possible when passing.,b:Honk to alert them and pass quickly.,c:Drive in the bicycle lane until you can pass the rider.",a,"Pass bicyclists slowly, allowing adequate space (at least 3 feet where possible) and avoid startling them.",medium
6,"Alcohol, Drugs & Impaired Driving",Which of the following can impair a person's driving ability?,"a:Alcohol.,b:A lack of sleep.,c:Any medication.",a,"Driving ability can be impaired by alcohol, legal and illegal drugs, medications, and drowsiness.",medium
4,Safe & Defensive Driving Practices,What causes 'highway hypnosis'?,"a:Staring straight ahead at the roadway for long periods of time.,b:Frequent rest stops, c:Too much sleep the night before your trip.",a,Remaining focused on the roadway center without scanning can lead to a trance-like state that reduces alertness and reaction to hazards.,medium
4,Safe & Defensive Driving Practices,What is the correct method to check your blind spots?,"a:Turn your head and look over your shoulder.,b:Look only in your side mirrors.,c:Check only the rearview mirror.",a,Blind spots cannot be fully seen in mirrors; you must turn your head and glance over your shoulder to verify the area is clear.,easy
2,Traffic Laws & Rules of the Road,"If two vehicles enter an intersection from different highways at the same time, which vehicle must yield?","a:The vehicle on the left must yield to the vehicle on the right.,b:Either vehicle may proceed first.,c:The vehicle on the right must yield to the vehicle on the left.",a,"When two vehicles arrive simultaneously, the driver on the left must yield to the driver on the right.",easy
2,Traffic Laws & Rules of the Road,Before changing lanes on a multilane highway you should do what?,"a:Check rearview and side mirrors and glance over your shoulder.,b:Sound your horn.,c:Turn on your headlights.",a,Look in mirrors and check your blind spot by glancing over your shoulder before changing lanes.,easy
2,Traffic Laws & Rules of the Road,What does a green arrow on a traffic signal mean for the lane it controls?,"a:Traffic in that lane may turn in the arrow's direction; it has the same general meaning as a circular green but requires turning.,b:A green arrow is used only on one-way streets.,c:You may proceed only if a circular green light is also lit.",a,A green arrow permits movement in its direction; traffic in that lane must turn as indicated.,easy
7,Vehicle Ownership & Responsibilities,"If you see an animal on the roadway, what is the recommended action?","a:Pass the animal slowly and cautiously to avoid startling it.,b:Honk repeatedly to move it quickly.,c:Pass as closely as possible to minimize delay.",a,Encounter animals with caution; slow down and pass at a safe distance to avoid causing the animal to panic.,medium
2,Traffic Laws & Rules of the Road,"If a driver's left arm and hand are extended upward, what is the driver's intended action?","a:The driver intends to turn right.,b:The driver intends to turn left.,c:The driver intends to stop.",a,A left arm extended upward is the hand signal for a right turn.,easy
2,Traffic Laws & Rules of the Road,"If you miss your interstate exit, what should you do?","a:Continue to the next exit and do not attempt a dangerous turnback.,b:Quickly cut across traffic to make the exit.,c:Make a U-turn to return to the exit.",a,"If you pass your exit, continue to the next one; do not make last-minute lane changes, U-turns, or other hazardous maneuvers.",easy
2,Traffic Laws & Rules of the Road,A school zone speed limit is how much different than the usual posted limit?,"a:10 miles per hour below the posted speed.,b:20 miles per hour below the posted speed.,c:10 miles per hour above the posted speed.",a,School zone limits are typically 10 mph less than the normal posted speed during specified times around the school day.,medium
2,Traffic Laws & Rules of the Road,If you miss your exit on a freeway you should:,"a:Continue to the next exit or suitable turnaround and do not back up.,b:Stop and back up to the exit.,c:Make the turn quickly from your current lane of travel.",a,Do not stop or back up on a freeway; go to the next exit where you can safely turn around.,medium
8,Special Situations & Road Users,"On a two-lane road without a bicycle lane, what is the safest method to pass a bicyclist?","a:Slow down, wait until no traffic is approaching, then pass leaving sufficient space.,b:Drive in the bike lane until you can pass quickly.,c:Force the bicyclist to move by honking.",a,"Pass bicyclists as you would other vehicles but allow plenty of space, at least 3 feet where possible.",medium
8,Special Situations & Road Users,Why should you be cautious when passing a bicycle?,"a:Oncoming traffic may not see you and the bicyclist may swerve to avoid hazards.,b:The bicycle always has the right-of-way.,c:Because bicycles travel much faster than cars.",a,Bicyclists are smaller and may swerve unexpectedly; ensure enough clearance and watch for oncoming traffic when passing.,medium
4,Safe & Defensive Driving Practices,When is hand-over-hand steering recommended?,"a:When making low-speed turns such as at intersections or parking.,b:When anti-lock brakes are engaged.,c:For normal cruising activity on highways.",a,"Use hand-over-hand steering for low-speed turning maneuvers (e.g., parking or tight turns) to maintain control.",medium
4,Safe & Defensive Driving Practices,You should look over your shoulder to check your blind spot when you are:,"a:Changing lanes.,b:Turning left or right.,c:Pulling toward or away from a curb.",a,Always check your blind spot by looking over your shoulder when changing lanes; also check it when turning or pulling from a curb.,easy
8,Special Situations & Road Users,"If an emergency vehicle with flashing red or blue lights is approaching, what should you do?","a:Pull to the side of the road and stop completely when safe to do so.,b:Continue driving but try to stay out of its way.,c:See if you can reach your destination before it catches up.",a,"Yield right-of-way to emergency vehicles using sirens or flashing lights; if possible, pull to the right and stop. If in an intersection, clear it then pull over.",easy
4,Safe & Defensive Driving Practices,Turning your head to check a blind spot before changing lanes is:,"a:A good driving habit.,b:A bad driving habit.,c:Unnecessary.",a,Checking blind spots by looking over your shoulder is essential when changing lanes or merging; do not rely solely on mirrors.,easy
8,Special Situations & Road Users,"When you see or hear an emergency vehicle, what is the correct action?","a:Drive as far right as safely possible and stop.,b:Stop immediately where you are.,c:Proceed slowly and let it pass.",a,On two-lane or undivided roads you must pull as far right as is safe and stop to yield to emergency vehicles using lights or sirens.,easy
4,Safe & Defensive Driving Practices,Which factor does NOT affect stopping distance?,"a:The time of day.,b:Your reaction time.,c:The condition of your brakes.",a,"Stopping distance depends on reaction time, vehicle weight, brake condition, tire condition, road surface, and speed; time of day does not directly affect stopping distance.",medium
4,Safe & Defensive Driving Practices,"If an aggressive driver cuts you off in traffic, what is the safest response?","a:Stay calm and move out of the aggressive driver's way.,b:Call the police immediately.,c:Flash your headlights to show them they are wrong.",a,Remain calm and get out of the aggressive driver's way; do not engage or escalate the situation.,easy
2,Traffic Laws & Rules of the Road,"If two drivers arrive at an open intersection simultaneously, who has the right-of-way?","a:The driver on the right.,b:The driver on the left.,c:The driver going straight.",a,"At an open intersection with simultaneous arrival, yield to the vehicle on your right.",easy
6,"Alcohol, Drugs & Impaired Driving",Does drinking coffee after drinking alcohol reduce your blood alcohol concentration?,"a:No — it has no effect on your BAC.,b:Yes — it cancels the alcohol, c:Yes — it decreases your BAC.",a,Coffee will not lower BAC; it may make you more alert but does not change how much alcohol is in your body.,easy
4,Safe & Defensive Driving Practices,When should drivers use hand-to-hand (push/pull) steering?,"a:When turning the steering wheel during normal driving activities.,b:Only when anti-lock brakes are engaged.,c:Only for low-speed turns.",a,Hand-to-hand (push/pull) steering is recommended for normal steering maneuvers to maintain control and avoid crossing hands.,easy
4,Safe & Defensive Driving Practices,Why shouldn't you follow other cars too closely?,"a:You may not have time to stop if the vehicle ahead slows or stops suddenly.,b:You may not see the road between cars.,c:You may not see the vehicle's turn signals.",a,Following too closely reduces your stopping time and increases the risk of a rear-end collision if the car ahead stops suddenly.,easy
3,"Signs, Signals & Road Markings",What color are signs that indicate areas of public recreation or cultural interest?,"a:Brown.,b:Orange.,c:Green.",a,"Brown signs indicate cultural, historical, or public recreation areas and are useful for travelers.",easy
6,"Alcohol, Drugs & Impaired Driving",Which of these does NOT affect your blood alcohol concentration (BAC)?,"a:The type of alcoholic beverage you drink.,b:Your body weight.,c:How much time passes between drinks.",a,"BAC is affected by how much alcohol you drink, your body weight, and the time between drinks; the type of beverage does not change BAC.",medium
2,Traffic Laws & Rules of the Road,Before passing another vehicle you should:,"a:Signal early enough for other drivers to know your plans in advance.,b:Signal just before changing lanes.,c:Signal after you have changed lanes.",a,Signal early enough to give others time to react and avoid surprises when passing.,medium
2,Traffic Laws & Rules of the Road,When turning left from a two-way street onto a one-way street you should finish the turn into:,"a:The left lane of the one-way street.,b:The center of the street.,c:The right lane of the one-way street.",a,"When turning left onto a one-way street, complete the turn into the lane closest to the one you left (usually the left lane).",medium
3,"Signs, Signals & Road Markings",What are signs called that require drivers to obey indicated instructions?,"a:Regulatory signs.,b:Warning signs.,c:Information signs.",a,Regulatory signs (such as speed limits and stop signs) require drivers to obey the instruction shown and violations are punishable.,easy
7,Vehicle Ownership & Responsibilities,What problems can worn or bald tires cause?,"a:They can increase stopping distance and make turning more difficult.,b:They only make the ride less comfortable.,c:They improve fuel economy but reduce grip.",a,"Tires without adequate tread increase stopping distance, make turning harder, and raise the risk of hydroplaning.",medium
3,"Signs, Signals & Road Markings",Downward-facing triangular traffic signs typically:,"a:Tell drivers to yield.,b:Indicate a school zone.,c:Indicate construction zones.",a,"A downward-pointing triangle is used for yield signs, indicating you should slow and give right-of-way.",easy
3,"Signs, Signals & Road Markings",What color pavement markings separate traffic moving in opposite directions?,"a:Yellow.,b:White.,c:Both yellow and white.",a,Yellow pavement markings separate traffic moving in opposite directions; white markings separate lanes moving in the same direction.,easy
3,"Signs, Signals & Road Markings",Traffic lanes moving in opposite directions are divided by lines of what color?,"a:Yellow.,b:White.,c:Red.",a,Yellow lines are used to separate traffic moving in opposite directions.,easy
5,Driving in Special Conditions,"In icy or snowy conditions, which of the following choices is most helpful in avoiding a crash?","a:Engage the four-wheel drive on your vehicle.,b:Add extra weight to your vehicle to improve traction.,c:Get off the highway as quickly as possible.",a,"When roads are snow-covered or icy, the most important strategies are to reduce speed and increase your following distance. Four-wheel drive can help traction but does not replace slowing down and increasing space between vehicles.",medium
4,Safe & Defensive Driving Practices,How can you verify you are stopped at a safe distance behind another vehicle?,"a:You can see the ground under the other vehicle’s rear wheels.,b:You can read the license plate.,c:You can read any bumper stickers.",a,"When you can see the ground under the rear wheels of the vehicle ahead, you have adequate stopping distance to maneuver if needed.",easy
2,Traffic Laws & Rules of the Road,"If two vehicles arrive at an uncontrolled intersection at the same time, which vehicle must yield?","a:The car on the left shall yield to the car on the right.,b:The largest vehicle has the right-of-way.,c:The car on the left has the right-of-way.",a,"When two vehicles arrive simultaneously at an uncontrolled intersection, the driver on the left must yield to the driver on the right.",easy
8,Special Situations & Road Users,"Why should drivers be extra alert to motorcyclists, bicyclists, and pedestrians?","a:They are often harder to see and may have less noticeable lighting.,b:They always disobey traffic laws.,c:They follow different rules that exempt them from right-of-way laws.",a,Smaller road users can be harder to spot; maintain awareness to prevent collisions.,easy
4,Safe & Defensive Driving Practices,How can you help avoid rear-end collisions?,"a:Avoid sudden stops and release the gas before braking to slow smoothly.,b:Check rearview and blind spots only after braking.,c:Always brake as hard as possible without warning.",a,Avoid sudden stops by easing off the accelerator to slow before applying steady braking; this gives drivers behind more warning and time to react.,easy
3,"Signs, Signals & Road Markings",What does a double solid yellow centerline indicate on a two-lane road?,"a:Traffic moves in opposite directions and passing is prohibited.,b:Traffic moves in the same direction and passing is prohibited.,c:Passing is allowed when safe.",a,Double solid yellow lines separate opposing traffic and indicate that passing is not allowed for either direction.,easy
4,Safe & Defensive Driving Practices,Using which device is associated with a higher risk of driver distraction?,"a:A cell phone,b:A radio,c:A CD player",a,Using a cell phone (even hands-free) is a significant distraction and increases the risk of a crash; audio devices can also distract but cell phone use is especially hazardous.,easy
4,Safe & Defensive Driving Practices,"If a vehicle with ABS loses traction on a slippery road, how should the driver brake?","a:Press and hold the brake pedal firmly.,b:Pump the brakes.,c:Press and hold the gas pedal to regain traction.",a,"With ABS, press and hold the brake pedal firmly; the system will automatically modulate braking to prevent wheel lockup.",medium
2,Traffic Laws & Rules of the Road,Which of the following statements about passing is true?,"a:Use your mirrors and look over your left shoulder to check your blind spot when passing to the left.,b:Signal at least 25 feet before changing lanes to pass.,c:Always wait until you can barely see the passed vehicle before returning to your lane.",a,"Before passing to the left, signal and check mirrors and the blind spot; do not return to your lane until you can see the entire front of the passed vehicle in your rearview mirror.",medium
5,Driving in Special Conditions,What should be your first response to reduced visibility?,"a:Reduce your speed.,b:Turn on windshield wipers.,c:Turn on your headlights.",a,The first response to reduced visibility is to slow down; adjust lights and wipers as needed.,easy
4,Safe & Defensive Driving Practices,How is distracted driving best described?,"a:Extremely risky behavior that endangers the driver and others.,b:Very uncommon and not a major problem.,c:A minor concern with little effect on safety.",a,"Distracted driving significantly increases crash risk to drivers, passengers, pedestrians, and cyclists.",easy
3,"Signs, Signals & Road Markings",What does a single broken yellow line down the center of a two-lane road mean?,"a:Lanes move in opposite directions and passing is allowed when safe.,b:Lanes move in the same direction and passing is prohibited.,c:Lanes move in opposite directions and passing is always prohibited.",a,A single dashed yellow line separates opposite-direction traffic and permits passing when safe.,easy
8,Special Situations & Road Users,"If you hear a siren behind you while driving, what should you do?","a:Pull over to the right and stop to let the emergency vehicle pass.,b:Stop immediately where you are.,c:Speed up to get out of the way.",a,"When an emergency vehicle approaches from behind, create a clear path by pulling to the right and stopping when it is safe.",easy
4,Safe & Defensive Driving Practices,"If you are angry after an incident at work, when you get to your car you should:","a:Take a few minutes to cool off before starting your drive home.,b:Play the radio loudly to drown out thoughts.,c:Drive fast on the interstate to let off steam.",a,Distracted or emotional drivers should calm down before driving to avoid making poor decisions.,easy
3,"Signs, Signals & Road Markings",A flashing yellow traffic light means drivers should:,"a:Slow down and proceed with caution.,b:Stop and wait for a green light.,c:Speed up to clear the intersection quickly.",a,A flashing yellow light warns of a hazard; slow down and proceed with caution.,easy
2,Traffic Laws & Rules of the Road,When preparing to change lanes you should:,"a:Check side and rearview mirrors and quickly glance over your shoulder for other vehicles.,b:Quickly turn your head to check without using mirrors.,c:Only check your side view mirror.",a,"Check your mirrors first, then glance over the shoulder in the direction you intend to move to check blind spots.",medium
8,Special Situations & Road Users,"When approaching an emergency vehicle stopped with lights flashing, you must:","a:Slow down and, if possible, change lanes to provide more space to the stopped vehicle.,b:Drive to the right side of the road and stop immediately.,c:Remain in your lane and keep your current speed.",a,"You must slow down and move over if it is safe to do so to give extra room to emergency, tow, or roadside assistance vehicles; if you cannot move over, slow to a speed below the posted limit.",medium
3,"Signs, Signals & Road Markings",Stop lines painted across traffic lanes indicate:,"a:Intersections and pedestrian crosswalks where you must stop.,b:Curves and hills, c:Locations next to schools and churches",a,Stop lines are solid white lines at intersections and crosswalks that mark the place where vehicles must stop for traffic signals or signs.,easy
4,Safe & Defensive Driving Practices,"If your car begins to skid, where should you steer?","a:In the direction you want the vehicle to go.,b:In the opposite direction of the skid.,c:Keep the front wheels straight.",a,"Steer into the direction you want to go; as the vehicle straightens, you may need to correct the wheel the other way.",medium
4,Safe & Defensive Driving Practices,Anything that causes you to do which of these could lead to a crash?,"a:Take your attention away from the task of driving.,b:Only take your hands off the wheel.,c:Only take your eyes off the road.",a,"Distractions that remove your attention from driving, your eyes from the road, or your hands from the wheel increase crash risk.",easy
8,Special Situations & Road Users,Which statement about railroad crossings is true?,"a:It is against the law to go around lowered crossing gates.,b:All railroad crossings are equipped with flashing red signals and gates.,c:You do not have to stop when directed to do so by a flagger.",a,"You must obey crossing gates and signals; it is illegal to drive around lowered gates, and not all crossings have active warnings.",medium
2,Traffic Laws & Rules of the Road,"When the traffic light turns solid yellow as you approach an intersection, what should you do?","a:Stop before entering the intersection unless you are too close to stop safely.,b:Speed up to beat the light.,c:Consider it the same as a caution sign and continue regardless.",a,"A solid yellow warns that the light is about to turn red; stop if you can do so safely, otherwise proceed cautiously.",easy
2,Traffic Laws & Rules of the Road,The space needed to cross traffic is determined by which factors?,"a:Road and weather conditions and oncoming traffic.,b:Whether there is a stop sign present.,c:If your turn signal is in use.",a,How much space you need to cross traffic depends on road and weather conditions and the amount of oncoming traffic.,medium
2,Traffic Laws & Rules of the Road,"When turning onto a street with multiple lanes in your direction, which lane should you enter?","a:The lane closest to your previous lane.,b:The middle lane regardless of where you came from.,c:The lane marked with an arrow only.",a,"When turning into a multi-lane street, enter the lane closest to the one you were in and do not change lanes while turning.",easy
4,Safe & Defensive Driving Practices,If you encounter an aggressive driver you should:,"a:Avoid eye contact, slow down, and let them pass.,b:Cut them off to slow them down.,c:Retaliate by tailgating.",a,"Remain calm, avoid provoking the aggressive driver, and create distance between you and the threat.",medium
3,"Signs, Signals & Road Markings",Which traffic signal tells you to slow down and proceed with caution through an intersection?,"a:A flashing yellow light,b:A solid yellow light,c:A flashing red light",a,"A flashing yellow traffic light means slow down, proceed with caution, and be prepared to stop if necessary.",easy
2,Traffic Laws & Rules of the Road,"If a driver's left arm and hand are extended downward, that hand signal means the driver intends to:","a:Stop.,b:Turn left.,c:Turn right.",a,A downward extended left arm signals that the driver plans to stop or slow down.,easy
2,Traffic Laws & Rules of the Road,How should you enter a freeway safely?,"a:Signal, yield to traffic, and merge at roughly the same speed as traffic.,b:Enter slowly; freeway traffic must yield.,c:Signal and then accelerate much faster than traffic.",a,"When merging, signal, yield to existing traffic, and match the speed of vehicles on the freeway to merge safely.",medium
8,Special Situations & Road Users,"When approaching a stopped school bus with its stop arm extended, drivers should:","a:Come to a complete stop and wait to proceed.,b:Honk before passing on the left.,c:Proceed if they think children are finished exiting.",a,"When a school bus displays its stop signal, you must stop and remain stopped until the stop arm is withdrawn.",easy
2,Traffic Laws & Rules of the Road,When turning left you must yield the right-of-way to:,"a:Oncoming traffic.,b:Other drivers already in the intersection only.,c:Pedestrians already in the intersection only.",a,When turning left you must yield to oncoming traffic as well as to pedestrians and others already in the intersection.,medium
3,"Signs, Signals & Road Markings",What do round warning signs usually indicate?,"a:An upcoming railroad crossing area.,b:A school zone.,c:A no-passing zone.",a,Round signs typically warn of an upcoming railroad crossing; approach with caution.,easy
4,Safe & Defensive Driving Practices,What should you adjust first after getting into a car?,"a:Your seat.,b:Your rearview mirror.,c:The steering wheel.",a,"Adjust your seat first so you can reach controls comfortably and have a clear view of the road, then adjust mirrors.",easy
2,Traffic Laws & Rules of the Road,Which traffic signal gives you the right-of-way to turn left?,"a:A green arrow pointing left.,b:A flashing yellow light.,c:A solid green light.",a,A steady green arrow means you may proceed in the direction of the arrow while oncoming traffic is stopped.,easy
3,"Signs, Signals & Road Markings",What does a flashing yellow arrow for left turns allow you to do?,"a:Turn left after yielding to oncoming traffic and pedestrians.,b:Come to a complete stop before turning.,c:Merge into the lane in the arrow direction without yielding.",a,A flashing yellow arrow permits left turns but requires you to yield to oncoming traffic and pedestrians before turning.,medium
4,Safe & Defensive Driving Practices,Which practice helps prevent crashes by communicating with others on the road?,"a:Signal your intentions and use horn or emergency signals when appropriate.,b:Ignore other drivers and focus only on your lane.,c:Drive only on side streets to avoid others.",a,"Communicate with other road users by signaling, using emergency signals, or sounding the horn when appropriate to prevent unexpected actions.",easy
7,Vehicle Ownership & Responsibilities,A properly adjusted lap belt should sit:,"a:Snugly across your hip bones and the lower part of your abdomen.,b:Loosely across your waist.,c:Hidden beneath the seat.",a,Lap belts should be snug across the hip bones and below the abdomen; shoulder belts should lie comfortably across the chest.,easy
4,Safe & Defensive Driving Practices,"Before backing out of a driveway where children are playing, what should you do?","a:Exit the vehicle and walk to the back to ensure the way is clear.,b:Sound your horn to warn the children.,c:Rev the engine to get their attention.",a,Do not rely solely on mirrors when children are nearby; get out and check behind the vehicle before backing.,easy
4,Safe & Defensive Driving Practices,What is the most common cause of traffic crashes?,"a:Human error.,b:New drivers.,c:Bad weather.",a,Most crashes occur because drivers make errors—failing to see others or doing something unexpected.,easy
2,Traffic Laws & Rules of the Road,What do speed limit signs represent?,"a:The maximum or minimum legal speed allowed under ideal conditions.,b:Potential driving speeds for the area.,c:A recommended speed only for heavy traffic.",a,Speed limit signs indicate legal maximums (or minimums) for ideal conditions; drivers must slow when conditions require.,easy
6,"Alcohol, Drugs & Impaired Driving",Combining alcohol with drugs usually causes what effect?,"a:It increases the effects of both the drugs and the alcohol.,b:It decreases the effects of both.,c:It helps cure an illness.",a,"Mixing alcohol and many drugs compounds their effects and can greatly increase impairment, making driving unsafe.",easy
8,Special Situations & Road Users,Why is it important to be alert for motorcycles?,"a:They are smaller and harder to see and it is difficult to judge their distance and speed.,b:Motorcyclists are less skilled drivers than others.,c:They rarely use headlights.",a,Motorcycles are harder to see and may be hidden in blind spots; it's also harder to judge their speed and distance so give them extra caution.,easy
2,Traffic Laws & Rules of the Road,"When the center line shows a solid yellow next to a broken yellow and the broken line is next to you, when may you pass?","a:When oncoming traffic is clear.,b:Only in an emergency.,c:Only on expressways.",a,If the broken yellow line is next to your lane you may cross it to pass when the way is clear and it is safe to do so.,easy
6,"Alcohol, Drugs & Impaired Driving",What will help someone overcome the effects of alcoholic drinks?,"a:Allowing time for the body to metabolize the alcohol.,b:Drinking hot coffee.,c:Getting fresh air.",a,Only the passage of time will allow a person to eliminate the effects of alcohol; coffee or fresh air do not help.,medium
2,Traffic Laws & Rules of the Road,"As you prepare to make a right turn, your car should be:","a:As close to the right side of the road as possible.,b:Near the center of the street.,c:Close to the left side of the street.",a,Position your vehicle near the right edge of the road before making a right turn; do not cross lanes unnecessarily.,easy
4,Safe & Defensive Driving Practices,"If another vehicle may hit you, what is an appropriate way to warn them?","a:Sound your horn to alert the other driver.,b:Wave your arms out the window.,c:Use your emergency lights only.",a,Use the horn to warn other drivers or pedestrians when you think they may not see you and a collision may occur.,easy
8,Special Situations & Road Users,"As a pedestrian, when should you enter a street or crosswalk?","a:Only when it is safe to do so and no vehicles are approaching too closely.,b:Always insist on the right-of-way and step into the crosswalk immediately.,c:Enter at any time because it is the driver's responsibility to stop.",a,Pedestrians should not enter a roadway or crosswalk if vehicles are approaching too closely to allow a safe stop; always ensure it's safe first.,easy
3,"Signs, Signals & Road Markings",A stop sign has the shape of a(n):,"a:Octagon.,b:Rectangle.,c:Circle.",a,"The octagonal shape is used exclusively for stop signs, indicating you must come to a complete stop.",easy
7,Vehicle Ownership & Responsibilities,When is it acceptable to park in the access aisle next to a reserved handicap parking space?,"a:Never.,b:When you have a handicap plate or placard.,c:When all other parking spaces are full.",a,Parking in an access aisle is prohibited; misuse is a traffic infraction and punishable by fines.,medium
3,"Signs, Signals & Road Markings",What does a regulatory sign with a red circle and slash indicate?,"a:The action shown is forbidden.,b:Drivers must come to a complete stop.,c:That some drivers must yield to others.",a,A red circle with a slash across a symbol indicates the specified action is prohibited by law.,easy
4,Safe & Defensive Driving Practices,"If your tire suddenly blows out while driving, you should:","a:Hold the steering wheel firmly and gradually slow to a stop.,b:Slam on your brakes immediately.,c:Keep driving at the same speed.",a,"Grip the wheel firmly, release the accelerator, and slow gradually. Only apply the brakes lightly once the vehicle is moving slowly, then pull to a safe area.",medium
2,Traffic Laws & Rules of the Road,"If two vehicles arrive at a four-way stop at the same time, who has the right-of-way?","a:The vehicle on the right.,b:The vehicle on the left.,c:Both must yield and make hand signals.",a,"When two vehicles arrive simultaneously, the vehicle on the left must yield to the vehicle on the right.",medium
2,Traffic Laws & Rules of the Road,"Approaching a steady green light, what should a driver do?","a:Proceed if the intersection is clear and yield to pedestrians or vehicles still in the intersection.,b:Stop if a police officer is nearby.,c:Treat it like a four-way stop.",a,On a steady green you may continue through if the way is clear but must yield to pedestrians and vehicles already in the intersection.,easy
8,Special Situations & Road Users,A person using a white cane or a guide dog is most likely to be:,"a:A blind person.,b:A deaf person.,c:A person involved with a traffic study.",a,Drivers must always yield the right-of-way to a pedestrian who is blind and using a white cane or guide dog.,easy
2,Traffic Laws & Rules of the Road,"If a fire engine is following you but not using emergency signals, how should you respond?","a:Continue driving normally; you do not need to clear the way.,b:Stop immediately to let it pass.,c:Speed up to get out of its path.",a,"When an emergency vehicle behind you is not using lights or siren, continue driving normally.",easy
4,Safe & Defensive Driving Practices,What affects your ability to stop your vehicle?,"a:The road and weather conditions (road condition).,b:Signal lights.,c:The time of day.",a,"Your ability to stop is affected by road conditions, weather, vehicle condition, brakes, tires, and speed; adjust speed accordingly.",medium
2,Traffic Laws & Rules of the Road,What does a steady green light at an intersection authorize you to do?,"a:Proceed through the intersection if the road is clear.,b:Must stop and check for oncoming traffic.,c:Always slow and prepare to stop.",a,"A steady green means you may go if the intersection is clear, yielding to pedestrians and vehicles already in the intersection.",easy
4,Safe & Defensive Driving Practices,When does your vehicle's stopping distance increase?,"a:On wet or icy roads.,b:On dry paved highways.,c:Only when driving at night.",a,Stopping distance increases on slippery surfaces such as wet or icy roads and also with higher speeds and poor vehicle condition.,easy
2,Traffic Laws & Rules of the Road,Before changing lanes you should check your blind spots by:,"a:Turning your head to look over your shoulder.,b:Using only the inside rearview mirror.,c:Using only the outside rearview mirror.",a,Turn your head to check blind spots in addition to using mirrors before every lane change.,medium
2,Traffic Laws & Rules of the Road,What should you do if you arrive at an intersection wanting to turn but are not in the correct lane?,"a:Drive to the next intersection and make the turn from the proper lane.,b:Quickly cut across traffic to make the turn.,c:Turn on your blinker and turn from your current lane.",a,Do not make last-minute lane changes; continue to the next intersection and turn from the proper lane.,easy
8,Special Situations & Road Users,"If an approaching train is close enough to be a danger, you must:","a:Not cross the tracks until the train has completely passed.,b:Slow down and proceed with caution.,c:Cross the tracks at your own risk.",a,"If a train is close enough to be dangerous, do not cross the tracks; wait until it has passed and all warnings are clear.",medium
