section-num,section-name,question,options,correct-answer,note,difficulty
4,Safe & Defensive Driving Practices,When should you increase the following distance between you and the vehicle ahead?,"a:When you are being tailgated by another driver.,b:When you are following a small passenger vehicle.,c:When you are driving more slowly than the posted speed limit.",a,"If someone is following too closely, create extra space in front of you or change lanes to reduce the risk of a rear-end collision.",easy
2,Traffic Laws & Rules of the Road,If you miss your exit on the freeway you should not:,"a:Back up on the road or shoulder.,b:Continue on and find an alternate route.,c:Proceed to the next exit and return to your destination.",a,Do not reverse on a freeway; proceed to the next exit and safely return to your route.,medium
7,Vehicle Ownership & Responsibilities,If you must make an emergency stop on an interstate you should:,"a:Pull off the road, turn on your emergency flashers, and stay in your vehicle if you can.,b:Sound your horn at passing cars to get their attention.,c:Get out of your vehicle and flag down the first vehicle that passes.",a,"If you stop on the shoulder, use flashers and remain inside your vehicle for safety unless danger requires otherwise.",easy
8,Special Situations & Road Users,"When facing a green light with pedestrians in the intersection, who has the right-of-way?","a:You must yield the right-of-way to pedestrians.,b:You have the right-of-way over pedestrians.,c:Pedestrians must wait for you to cross.",a,"Drivers must yield to pedestrians and vehicles already in the intersection, even when the light is green for drivers.",easy
4,Safe & Defensive Driving Practices,"If a tire blows out, you should:","a:Hold the steering wheel tightly and use the brakes lightly.,b:Apply the brake and hold it.,c:Pull over quickly.",a,"Grip the wheel, let the vehicle slow gradually, and use brakes lightly to maintain control before pulling over safely.",medium
2,Traffic Laws & Rules of the Road,At what speed should you normally travel?,"a:At a speed appropriate for road and weather conditions.,b:At the speed of vehicles surrounding you.,c:At the speed limit.",a,"Drive at a safe speed for the current road, traffic, and weather conditions—never exceed the legal speed limit.",medium
4,Safe & Defensive Driving Practices,How often should you check your rearview mirrors?,"a:Often to see how traffic is moving behind you.,b:Only when you are slowing down.,c:To see if a vehicle is in your blind spot.",a,Frequent mirror checks keep you aware of traffic patterns and potential hazards around your vehicle.,easy
3,"Signs, Signals & Road Markings",What are construction zone signs generally like in color and shape?,"a:Diamond-shaped or rectangular with orange and black coloring.,b:Round or octagonal with black and yellow coloring.,c:Square or rectangular with white and red coloring.",a,Temporary work zone signs have orange backgrounds with black letters or symbols and are often diamond-shaped or rectangular.,medium
3,"Signs, Signals & Road Markings","Approaching an intersection with a flashing yellow light, what should you do?","a:Slow down and proceed with caution.,b:Stop before crossing the intersection.,c:Wait for a green light before proceeding.",a,"A flashing yellow light means slow down and proceed with caution, watching for cross traffic and pedestrians.",easy
3,"Signs, Signals & Road Markings",A red arrow pointing right at a traffic signal means you may:,"a:Not turn in that direction until the light turns green.,b:Turn in that direction after slowing and checking for traffic.,c:Turn in that direction after you come to a complete stop.",a,A red arrow means stop for that direction; you must wait for a green signal or arrow to proceed.,easy
2,Traffic Laws & Rules of the Road,How should a driver check blind spots when changing lanes?,"a:Look only at the left outside mirror.,b:Look over the left or right shoulder toward the lane you want to enter.,c:Rely only on the inside rearview mirror.,d:Use the turn signal and assume it is clear.",b,Blind spots are not visible in mirrors; look over the appropriate shoulder to check for vehicles before changing lanes.,easy
5,Driving in Special Conditions,If oncoming headlights are blinding you at night you should:,"a:Glance toward the right edge of the road.,b:Switch your lights to high beams.,c:Turn your lights on and off.",a,Look toward the right edge of the lane to avoid glare while keeping your car safely on the road.,easy
7,Vehicle Ownership & Responsibilities,Head restraints should be adjusted so they:,"a:Contact the back of the head.,b:Are removed from the seats when possible.,c:Are anywhere since they have no effect.",a,Head restraints help prevent whiplash in rear-end collisions and should be positioned to touch the back of the head.,easy
4,Safe & Defensive Driving Practices,"If you are angry after an argument, what should you do before driving?","a:Take a few minutes to cool off before driving.,b:Loudly play the radio while driving.,c:Drive on the interstate to let off steam.",a,Strong emotions reduce driving ability; calm down before operating a vehicle so you can focus on driving safely.,easy
3,"Signs, Signals & Road Markings",When is it legal to pass another vehicle?,"a:You are on a road with a solid line next to your lane.,b:You are on a hill or curve.,c:You are on a road with a broken line next to your lane.",c,"A broken line beside your lane indicates passing is allowed when it is safe; never pass on hills, curves, or where a solid line prohibits it.",easy
8,Special Situations & Road Users,When must you yield to a pedestrian?,"a:At all times, even if the pedestrian is not obeying traffic laws.,b:Only if they are in a crosswalk.,c:Only if the traffic lights are in the pedestrian's favor.",a,Always do everything you can to avoid striking a pedestrian; yield even if they are not obeying traffic laws.,easy
3,"Signs, Signals & Road Markings","When you see a flashing yellow light at an intersection, how should you proceed?","a:Slow down and cross the intersection carefully.,b:Stop, then enter the intersection when it is safe.,c:Yield to all traffic before crossing the intersection.",a,A flashing yellow light means slow down and proceed with caution; you do not need to stop unless required by traffic conditions.,easy
6,"Alcohol, Drugs & Impaired Driving",Alcohol is classified as which of the following?,"a:A stimulant.,b:An antihistamine.,c:A depressant.,d:A vitamin.",c,"Alcohol is a depressant that dulls judgment and slows reflexes, impairing driving skills.",easy
5,Driving in Special Conditions,Sudden strong wind gusts on highways can:,"a:Cause problems for all vehicles.,b:Only affect the movement of large vehicles.,c:Only cause visibility problems.",a,"Strong winds can affect vehicle stability and visibility for all types of vehicles, though large vehicles may be especially affected.",medium
7,Vehicle Ownership & Responsibilities,When parking on any hill you should:,"a:Use your parking brake and leave the vehicle in park.,b:One of your rear wheels should touch the curb.,c:Make your front wheels parallel to the road if there is no curb.",a,Always leave the vehicle in gear or in park and set the parking brake when parked on a hill.,medium
2,Traffic Laws & Rules of the Road,Which statement about driving too slowly is true?,"a:Driving too slowly on certain highways can be dangerous.,b:Driving too slowly is never unsafe.,c:The speed at which you drive does not affect safety.",a,Driving significantly slower than the flow of traffic can create hazards and lead to unsafe passing maneuvers by others.,easy
2,Traffic Laws & Rules of the Road,How should you make room for vehicles entering the freeway from an on-ramp?,"a:Maintain your speed and position.,b:Merge into a different lane.,c:Slow down.",b,"If it is safe, move into the next lane to create a gap for entering vehicles; if you cannot, adjust your speed to allow them to merge safely.",easy
3,"Signs, Signals & Road Markings",A road with double solid yellow centerlines means passing is:,"a:Not allowed from either direction.,b:Allowed from both directions.,c:Allowed only from your direction of travel.",a,Double solid yellow lines indicate opposing traffic and prohibit passing from either direction.,easy
7,Vehicle Ownership & Responsibilities,When must you show proof of insurance to law enforcement?,"a:If you are involved in a collision or stopped for a citation.,b:Only if you are involved in a collision.,c:Only if you are stopped and cited.",a,You must carry evidence of financial responsibility and show proof of insurance when requested by an officer after a stop or collision.,medium
5,Driving in Special Conditions,Roads are especially slippery just after it begins to rain. When the road is slippery you should:,"a:Avoid making fast turns or stops.,b:Decrease the distance you look ahead of your vehicle.,c:Test your tires' traction while going uphill.",a,Wet roads reduce tire traction; drive slower and avoid rapid turns or stops until the surface improves.,easy
8,Special Situations & Road Users,When approaching a school crossing sign you should:,"a:Always stop whether or not there is a stop sign.,b:Watch for children and be ready to stop.,c:Always sound your horn when children are present.,d:Speed up to clear the area quickly.",b,A pentagonal school crossing sign warns you to be alert for children and prepared to stop.,easy
2,Traffic Laws & Rules of the Road,Which of the following is NOT a safe driving practice on the interstate?,"a:Change lanes without signaling.,b:Slower traffic must keep to the right.,c:If you miss your exit, you must go to the next exit.",a,"Always signal when changing lanes on the interstate; if you miss an exit, proceed to the next one—do not back up or turn around on the highway.",medium
4,Safe & Defensive Driving Practices,"If you are about to be hit from the rear, which action should you not take?","a:Letting go of the steering wheel.,b:Applying your brakes.,c:Pressing your head firmly against the head restraint.",a,Do not let go of the steering wheel if struck from behind; brace against the seat and head restraint and be ready to steer.,medium
4,Safe & Defensive Driving Practices,What effect does slowing down to look at a crash or unusual event have on traffic?,"a:Causes traffic congestion.,b:Improves traffic flow by preventing collisions.,c:Prevents rear-end collisions.",a,"Avoid slowing to look at collisions or other unusual events (rubbernecking), because it creates congestion and hazards.",easy
2,Traffic Laws & Rules of the Road,What should a driver do when approaching a traffic signal that is not working?,"a:Come to a full stop and yield the right-of-way before entering the intersection.,b:If the intersection is clear, the driver does not need to stop.,c:Drive quickly through the intersection to get out of the way of other vehicles.",a,"Treat a non-functioning signal as a four-way stop: stop, yield as required, and proceed when safe.",medium
5,Driving in Special Conditions,In very foggy conditions you should slow down and use which lights?,"a:Low beam headlights.,b:Turn on your emergency flashers.,c:High beam headlights.",a,"Use low beams in fog; high beams reflect back and reduce visibility, while hazard lights are not a substitute for headlights.",medium
2,Traffic Laws & Rules of the Road,When should you use your turn signals when parking next to a curb?,"a:Only when pulling away from the curb.,b:When pulling next to or away from the curb.,c:Only when pulling next to the curb.,d:Never required when parking.",b,Signal both when pulling up next to a curb and when pulling away so other road users know your intentions.,easy
3,"Signs, Signals & Road Markings",How must you treat an approaching flashing red traffic light?,"a:Come to a complete stop, yield to oncoming traffic and pedestrians, then proceed.,b:Reduce your speed and proceed with caution.,c:Come to a complete stop and remain stopped as long as the light is red.",a,"A flashing red light has the same meaning as a stop sign: stop, yield to others, then proceed when safe.",easy
3,"Signs, Signals & Road Markings","At an intersection controlled by a flashing yellow light, what must you do?","a:Slow down and cross the intersection carefully.,b:Stop before crossing the intersection.,c:Wait for the green light before proceeding.",a,"A flashing yellow light requires you to slow and proceed with caution, watching for cross traffic and pedestrians.",easy
4,Safe & Defensive Driving Practices,"Before stopping at a traffic signal or sign, you should:","a:Check your mirrors for surrounding traffic.,b:Set the parking brake.,c:Press down hard on the accelerator.",a,Check mirrors first to be aware of traffic around you and then brake smoothly for a controlled stop.,easy
4,Safe & Defensive Driving Practices,If you are driving in another driver's blind spot you should:,"a:Move forward or drop back so the other driver can see you.,b:Keep a steady pace.,c:Stay in the driver's blind spot.",a,Do not linger in another vehicle's blind spot; change position so the driver can see you.,easy
6,"Alcohol, Drugs & Impaired Driving","After having several beers, only what will reduce alcohol's effects?","a:Waiting several hours.,b:Drinking several cups of coffee.,c:Taking a cold shower.",a,Time is the only way to reduce BAC as the body metabolizes alcohol; coffee or a shower do not sober you up.,easy
7,Vehicle Ownership & Responsibilities,You may not park within how many feet of a fire hydrant?,"a:15 feet,b:25 feet,c:30 feet",a,Parking within 15 feet of a fire hydrant is prohibited so hydrants are accessible for emergency use.,easy
2,Traffic Laws & Rules of the Road,To safely enter a gap in highway traffic you should:,"a:Watch only vehicles behind the intended gap.,b:Check behind you, then observe the vehicles ahead of the gap.,c:Speed up and force drivers to make room.,d:Assume gaps will appear automatically.",b,"Before entering traffic, check behind and to the sides, then judge the space ahead to ensure you can safely merge.",medium
4,Safe & Defensive Driving Practices,"Before changing lanes, you should check your mirrors and also:","a:Glance over your shoulder.,b:Always slow down in your traffic lane.,c:Never look over your right shoulder.",a,"In addition to checking mirrors and signaling, glance over your shoulder to check blind spots before changing lanes.",easy
3,"Signs, Signals & Road Markings","On a multilane road, what does a dashed yellow line next to a solid yellow line mean?","a:Passing is permitted only from the side next to the dashed line.,b:Passing is permitted from both directions.,c:Passing is prohibited from both directions.,d:The dashed side must yield to the solid side.",a,"When solid and dashed yellow lines separate traffic, only the traffic next to the dashed line may pass; the side next to the solid line may not.",medium
2,Traffic Laws & Rules of the Road,You should not start across an intersection if you know you will block it when the light turns red:,"a:Under any circumstances.,b:Unless you entered the intersection on a yellow light.,c:Unless you entered the intersection on a green light.",a,Do not enter an intersection unless you can fully clear it without stopping; blocking intersections is prohibited.,easy
6,"Alcohol, Drugs & Impaired Driving",What is the only thing that will lower your blood alcohol concentration (BAC)?,"a:Time,b:Eating foods high in fat,c:Drinking caffeine",a,"Only time allows the body to metabolize and eliminate alcohol; food, coffee, or cold showers do not speed this up.",easy
2,Traffic Laws & Rules of the Road,Why should you signal continuously while turning?,"a:Because it is illegal to turn off your signal before finishing the turn.,b:So other road users know your intentions.,c:Because it is unsafe to turn off a signal early.,d:To avoid using your mirrors.",b,"Continuous signaling when turning, changing lanes, slowing, or stopping informs other drivers, bicyclists, and pedestrians of your intentions.",easy
5,Driving in Special Conditions,"If there is a deep puddle on the road ahead, you should:","a:Avoid the puddle if possible.,b:Maintain the posted speed to make it through the water.,c:Shift into neutral as you drive through the water.",a,"Avoid driving through deep puddles when possible to prevent loss of control, engine damage, or hydroplaning.",medium
4,Safe & Defensive Driving Practices,"As your driving speed increases, what becomes more important?","a:Look well ahead of your vehicle.,b:Turn on your headlights.,c:Change lanes frequently.",a,Higher speeds increase stopping distance and hazards; looking farther ahead gives you more time to react.,easy
2,Traffic Laws & Rules of the Road,Prior to entering a curve you should:,"a:Reduce your speed.,b:Activate your turn signal.,c:Brake hard.",a,Slow down before entering a curve so you can maintain control without hard braking while turning.,easy
8,Special Situations & Road Users,You must obey instructions from school crossing guards:,"a:At all times.,b:Only during school hours.,c:Only when children are present.,d:Only if other traffic is minimal.",a,Drivers must always obey crossing guards' directions when present and controlling pedestrian crossings.,easy
4,Safe & Defensive Driving Practices,"If you encounter an aggressive driver, what should you do?","a:Get out of their way.,b:Challenge them.,c:Speed up.",a,Avoid confrontation and safely yield or get out of the way to reduce the chance of escalation and collision.,easy
3,"Signs, Signals & Road Markings",What is a crosswalk?,"a:The area where pedestrians may cross the roadway.,b:Another name for a four-way intersection.,c:An area designated for road construction workers.",a,A crosswalk marks where pedestrians may legally cross the street; crosswalks may be marked or unmarked at intersections.,easy
6,"Alcohol, Drugs & Impaired Driving","As your blood alcohol concentration (BAC) rises, you become:","a:More intoxicated.,b:More coordinated.,c:More sober.",a,BAC measures the percentage of alcohol in the blood; higher BAC causes greater impairment.,easy
8,Special Situations & Road Users,"At a railroad crossing with lowered gates and flashing lights, you should:","a:Come to a complete stop well behind the gates and wait until they are raised.,b:Slow down and drive around the gates.,c:Drive around the crossing gates if you can't see a train.",a,Do not go around lowered gates; remain stopped behind them until signals stop and gates are fully raised.,easy
2,Traffic Laws & Rules of the Road,When should you yield your legal right-of-way?,"a:Whenever it helps prevent collisions.,b:Often, even at controlled intersections.,c:Never; it confuses other drivers.",a,Yield your right-of-way whenever doing so will help avoid a crash; don't assume others will yield.,easy
2,Traffic Laws & Rules of the Road,"If you are being passed on both sides while driving in the center lane of an expressway, what should you do?","a:Move to the lane on your right.,b:Stay in the center lane.,c:Move to the lane on your left.",a,"On multi-lane roads, remain in the right lanes unless passing or turning left; if traffic is passing you on both sides, move right when safe.",medium
6,"Alcohol, Drugs & Impaired Driving",Which substances can impair your ability to drive?,"a:Tranquilizers, marijuana, and sedatives.,b:Cough syrups and cold tablets containing codeine or antihistamines.,c:All of the above.",c,"Many prescription, over-the-counter, and illegal drugs can impair driving ability, including sedatives, antihistamines, and some cold medicines.",medium
8,Special Situations & Road Users,"If there is no crosswalk and a pedestrian is crossing your lane ahead, what must you do?","a:Stop and let the pedestrian finish crossing the street.,b:Make eye contact and then pass the pedestrian.,c:Slow down as you pass the pedestrian.",a,"Even without a marked crosswalk, drivers must yield to pedestrians crossing their lane and allow them to cross safely.",medium
5,Driving in Special Conditions,"If dust or smoke reduces visibility ahead, you should slow down and turn on which lights?","a:Headlights.,b:Parking lights.,c:Emergency flashers.",a,Use headlights whenever visibility is poor so other drivers can see you; parking lights are insufficient and hazards lights are not a substitute for headlights.,easy
4,Safe & Defensive Driving Practices,"If you begin to feel tired while driving, what is the safest choice?","a:Stop and either get rest or change drivers.,b:Drink something with caffeine.,c:Open a window.",a,"To avoid fatigued driving, take breaks or switch drivers; short measures like caffeine or windows are not reliable substitutes for rest.",easy
4,Safe & Defensive Driving Practices,"If the rear of your car begins skidding to the left while driving, what should you do?","a:Steer to the left.,b:Steer to the right.,c:Tap your brakes lightly and shift into neutral.",a,"When your vehicle skids, steer in the direction you want to go (toward the skid) and avoid heavy braking unless necessary.",medium
5,Driving in Special Conditions,Your car may hydroplane at speeds as low as:,"a:35 miles per hour.,b:40 miles per hour.,c:45 miles per hour.",a,Hydroplaning can begin at speeds around 35 mph when water prevents tires from contacting the road.,difficult
3,"Signs, Signals & Road Markings",A steady red arrow displayed on a traffic light means:,"a:Drivers cannot turn in the indicated direction.,b:Drivers may turn in the indicated direction after coming to a complete stop.,c:Drivers may turn in the indicated direction.",a,A steady red arrow prohibits movement in the arrow's direction until a green signal appears.,easy
4,Safe & Defensive Driving Practices,"To turn quickly and safely, how should your hands be positioned on the steering wheel?","a:On opposite sides of the steering wheel.,b:On the top and bottom of the steering wheel.,c:Next to each other on the top of the steering wheel.",a,"Place both hands on opposite sides of the wheel for better control and comfortable, safe turning, especially at higher speeds.",easy
5,Driving in Special Conditions,When driving on snowy or icy roads you should:,"a:Use cruise control.,b:Make speed and directional changes more gradually than usual.,c:Drive as on dry roads.,d:Brake abruptly to stop quickly.",b,"On snow or ice, make gradual speed and steering changes and never use cruise control; pump brakes if you don't have ABS.",difficult
2,Traffic Laws & Rules of the Road,How can you check your blind spot before changing lanes?,"a:Turn your head and look over your shoulder.,b:Use your side mirror.,c:Use the inside rearview mirror.",a,"Even with mirrors, some areas remain hidden; look over your shoulder to check blind spots before moving lanes.",easy
8,Special Situations & Road Users,"When an emergency vehicle with flashing lights approaches, you must:","a:Maintain your speed and stay in lane.,b:Move into the right lane and slow down.,c:Pull over to the curb or edge of the road and stop until it passes.,d:Speed up to get out of the way.",c,"When an emergency vehicle approaches with lights or siren, pull to the right edge of the road and stop until it has passed.",easy
4,Safe & Defensive Driving Practices,"If you are feeling fatigued while driving, you should:","a:Find a safe parking area to take a short nap.,b:Increase the volume of your radio.,c:Increase your speed to reach your destination more quickly.",a,"If you experience signs of fatigue, stop at a safe place to rest or switch drivers.",easy
3,"Signs, Signals & Road Markings",A solid yellow line next to a broken yellow line means which vehicles may pass?,"a:Vehicles next to the broken line may pass.,b:Vehicles in both directions may pass.,c:Vehicles next to the solid line may pass.",a,Yellow center lines separate opposing traffic; a broken line beside your lane means you may pass when safe.,medium
5,Driving in Special Conditions,"If you encounter a severe dust storm, what is the recommended action?","a:Slow down and pull completely off the road, turn off lights, take foot off the brake, and wait.,b:Maintain your speed and stay in your lane.,c:Turn on your high beams.",a,"In a severe dust storm, drive off the road well out of traffic, turn off lights and brakes, stay buckled in the vehicle, and wait for conditions to improve.",difficult
2,Traffic Laws & Rules of the Road,Should you always drive more slowly than other traffic?,"a:No, you can block traffic when you drive too slowly.,b:Yes, it is a good defensive driving technique.,c:Yes, it is always safer than driving faster than other traffic.",a,Driving excessively slowly may impede traffic flow and create hazards; drive at an appropriate speed for conditions.,easy
4,Safe & Defensive Driving Practices,"If your vehicle's wheels run off the pavement, what is the first action to take?","a:Hold the steering wheel firmly, release the gas pedal, and gently apply the brakes.,b:Turn the front wheels slightly to the left to edge back onto the pavement.,c:Apply the brakes and turn the front wheels sharply to the left.",a,"If you leave the roadway, keep the vehicle straight, ease off the gas, and brake gently until you can safely merge back into traffic.",medium
6,"Alcohol, Drugs & Impaired Driving",A blood alcohol concentration of 0.02 percent:,"a:Will double your chances of having an accident.,b:Won't have any effect on your driving.,c:Won't put other drivers at risk.",a,Even small increases in BAC raise the risk of being in a crash; 0.02% significantly increases risk.,medium
4,Safe & Defensive Driving Practices,"When following a large truck on the freeway, how should your following distance compare to following a passenger car?","a:Farther behind the truck than you would if following a passenger vehicle.,b:Closer behind the truck than you would if following a passenger vehicle.,c:To the right side of the truck and wait to pass.",a,Trucks have larger blind spots and take longer to stop; maintain a greater following distance when behind them.,easy
5,Driving in Special Conditions,"If you see heavy smoke covering the roadway ahead, you should:","a:Turn on four-way flashers and continue driving.,b:Reduce speed, move as far right as possible, and stop off the roadway.,c:Turn on high beams and continue.,d:Speed up to pass through quickly.",b,"If the road ahead is obscured by smoke, slow down, move to the right, and stop off the roadway until it's safe to continue.",difficult
8,Special Situations & Road Users,"When a school bus has its red lights flashing, when may vehicles that are stopped behind it proceed?","a:When all students are off the bus.,b:When the stop arm is retracted.,c:When the stop arm is retracted and the bus starts moving.,d:When the bus driver waves you on.",b,You must remain stopped until the bus's red lights are off and the stop arm is retracted; do not proceed until it is safe.,easy
3,"Signs, Signals & Road Markings",How do you check your blind spots?,"a:By looking in your side mirrors.,b:By turning your head and looking over your shoulder.,c:By looking only in your rearview mirror.,d:By using your high beams.",b,Blind spots are not visible in mirrors; turn your head and look over your shoulder to check them before changing lanes.,easy
2,Traffic Laws & Rules of the Road,"When passing another vehicle, you may safely return to your lane when you:","a:Can see the passed vehicle's headlights in your rearview mirror.,b:Have passed the other vehicle's front bumper.,c:Cannot see the vehicle directly to your right.",a,You should only return to your lane when you can see the passed vehicle's front or headlights in your mirror and it is safe.,medium
8,Special Situations & Road Users,Why should you increase following distance behind a large vehicle?,"a:To better see around the sides of the vehicle.,b:Because other drivers will pull behind large vehicles.,c:To get caught in the vehicle's slipstream.,d:Because large vehicles always stop suddenly.",a,Large vehicles can block your view of the road ahead and their drivers may not see you; increase following distance to see around them.,easy
2,Traffic Laws & Rules of the Road,"If you drive much slower than the flow of traffic, you will most likely:","a:Interfere with traffic and receive a ticket.,b:Improve traffic flow.,c:Demonstrate defensive driving techniques.",a,Driving significantly slower than other traffic can block normal movement and may result in a citation.,easy
2,Traffic Laws & Rules of the Road,"When entering a main roadway from a private road, drivers should:","a:Assume they have the right-of-way.,b:Yield to traffic already on the road.,c:Honk to make other drivers move.,d:Enter at high speed to merge quickly.",b,Drivers entering from private roads must yield to traffic on the main roadway and to any pedestrians on sidewalks.,easy
2,Traffic Laws & Rules of the Road,When changing lanes you should:,"a:Check your side mirror and look over your shoulder to make sure the lane is clear.,b:Check the inside rearview mirror.,c:Slow down.",a,Always check mirrors and your blind spot by looking over your shoulder before changing lanes.,easy
5,Driving in Special Conditions,Which is a dangerous habit when driving in work zones?,"a:Both tailgating another vehicle and failing to watch for workers and moving equipment.,b:Tailgating another vehicle only.,c:Failing to carefully watch for workers and moving equipment only.",a,Tailgating and inattention to workers/equipment both increase the risk of crashes in work zones; avoid both behaviors.,easy
4,Safe & Defensive Driving Practices,"If your vehicle begins to skid, what should you do?","a:Ease up on the gas pedal.,b:Turn off the ignition.,c:Brake as hard as possible.",a,"If your vehicle starts to skid, release the accelerator or brake and allow speed to drop; avoid hard braking or turning off the ignition.",medium
2,Traffic Laws & Rules of the Road,"Before returning to your original lane after passing, you should:","a:Beep your horn.,b:See both headlights of the passed vehicle in your rearview mirror.,c:Flash your headlights.,d:Signal and immediately move over.",b,Only return when you can clearly see the passed vehicle's headlights in your rearview mirror and it is safe.,easy
5,Driving in Special Conditions,"If an oncoming vehicle has high beams on at night and you are affected, you should:","a:Look toward the left edge of your lane.,b:Look toward the right edge of your lane.,c:Look straight ahead into the headlights.,d:Flash your high beams in response.",b,Avoid looking directly at the bright lights; look toward the right edge of your lane and watch the vehicle from the corner of your eye.,medium
2,Traffic Laws & Rules of the Road,When may you cross double yellow lines to pass another vehicle?,"a:When the yellow line next to your side of the road is broken.,b:When the vehicle in front of you moves to the right to let you pass.,c:When the yellow line next to the opposite side of the road is broken.",a,You may pass across the centerline only if the broken (dashed) yellow line is on your side of the roadway and it is safe.,easy
2,Traffic Laws & Rules of the Road,What are blind spots?,"a:Areas of the road that cannot be seen in a vehicle's mirrors.,b:Spots in your vision when you become fatigued.,c:Traffic control devices.",a,Blind spots are areas near your vehicle not visible in mirrors; look over your shoulder before changing lanes.,easy
7,Vehicle Ownership & Responsibilities,"If your vehicle's suspension is worn, what problem may occur?","a:Vehicle control problems.,b:Squealing brakes.,c:Slack in the steering only.,d:Engine overheating.",a,Bad suspension can cause poor vehicle control and excessive bouncing; you may need repair to restore safe handling.,medium
2,Traffic Laws & Rules of the Road,"When turning left at an intersection, you should:","a:Always yield to oncoming traffic and pedestrians.,b:Oncoming traffic and pedestrians should yield to you.,c:Never yield to oncoming traffic and pedestrians.",a,Yield to oncoming traffic and pedestrians before making a left turn; wait for a safe gap or signal permission.,easy
3,"Signs, Signals & Road Markings",On a roadway with a single broken white centerline you may:,"a:Cross the centerline to change lanes.,b:You must stay within your lane.,c:Change lanes only from the left lane.",a,Broken white lines separate lanes moving in the same direction and allow lane changes when safe.,easy
7,Vehicle Ownership & Responsibilities,"Before driving, remove snow, frost, and ice from:","a:All windows.,b:Just the windshield.,c:Just the windshield and passenger window.",a,You must clear all windows and mirrors so you have unobstructed visibility before driving.,easy
7,Vehicle Ownership & Responsibilities,"If your vehicle has a two-part safety belt system, how should you use it?","a:Use both the lap and shoulder belts.,b:Use only the lap belt.,c:Use only the shoulder belt.",a,Wear both the lap and shoulder portions of a two-part seat belt. Using only one part greatly reduces protection.,easy
4,Safe & Defensive Driving Practices,Which practice best describes where a driver should look while driving?,"a:Watch beside, ahead, and to the rear of the car.,b:Only focus on the middle of the road.,c:Stare directly in front of the car.",a,"Good drivers continuously scan ahead, to the sides, and behind to be aware of changing traffic conditions and potential hazards.",easy
5,Driving in Special Conditions,Why should you look farther ahead on a freeway than on a city street?,"a:To see potential hazards earlier.,b:Because it takes a quarter mile to stop.,c:To help you keep up with traffic speed.,d:To avoid checking mirrors frequently.",a,On freeways you travel faster; watching farther ahead helps you detect hazards and adjust speed or position sooner.,medium
2,Traffic Laws & Rules of the Road,Turning right on a red light is permitted:,"a:Except where prohibited by a sign.,b:Only where indicated by a sign.,c:Only on a divided road.",a,Right turns on red are allowed after a full stop unless signs specifically prohibit the turn.,medium
2,Traffic Laws & Rules of the Road,"When passing another vehicle, how do you know you have enough space to return to the lane?","a:If you can see both of the passed vehicle's headlights in your rearview mirror.,b:If you look over your shoulder and see the passed car behind you.,c:If the other driver signals for you to re-enter the lane.",a,"Return to your lane only when you can see the passed vehicle's headlights in your rearview mirror, indicating safe clearance.",medium
2,Traffic Laws & Rules of the Road,You should never change lanes while:,"a:Within an intersection.,b:Checking your blind spot by looking over your shoulder.,c:Checking for other drivers moving into the same lane.",a,Changing lanes inside an intersection is prohibited and unsafe.,easy
2,Traffic Laws & Rules of the Road,Drivers must obey instructions from:,"a:Flaggers (signal persons) at construction sites.,b:Security guards patrolling parking lots.,c:Other drivers whose vehicles are broken down on the roadway.",a,Flaggers provide directions for safe movement through work zones and must be obeyed.,easy
7,Vehicle Ownership & Responsibilities,"If you are about to be hit from the rear, which action should you avoid?","a:Release your seat belt.,b:Brace yourself.,c:Press your head against the head restraint.",a,Do not release your seat belt; brace and press your head against the head restraint to reduce risk of injury and whiplash.,easy
8,Special Situations & Road Users,A stopped school bus ahead on your side of the road is flashing red lights. What must you do?,"a:Change lanes and pass cautiously.,b:Slow to a speed no faster than 10 mph.,c:Stop until the lights stop flashing.",c,"When a school bus activates its red overhead lights and extends its stop arm to load or unload students, you must remain stopped until the lights stop flashing and the stop arm is retracted. Never pass a bus using these signals.",easy
4,Safe & Defensive Driving Practices,Which behavior may indicate an aggressive driver?,"a:Their erratic and improper lane changes.,b:Their tendency to drive slowly.,c:The number of passengers in their car.",a,"Aggressive drivers often make dangerous, erratic lane changes or otherwise drive in a threatening manner.",easy
2,Traffic Laws & Rules of the Road,"Unless a sign prohibits it, from where may you turn left on a red light?","a:From a one-way road to a one-way road.,b:From a two-way road to a one-way road.,c:Except in school zones.",a,"You may turn left on red only from a one-way street onto another one-way street after stopping and yielding, unless posted otherwise.",medium
2,Traffic Laws & Rules of the Road,When must you stop before crossing railroad tracks?,"a:When there isn't room on the other side to completely clear the tracks.,b:Only in cities with frequent train traffic.,c:If you are transporting two or more young children.,d:Never required if no train is visible.",a,Stop before railroad tracks if you cannot fully clear the tracks on the other side; never stop on the tracks.,medium
2,Traffic Laws & Rules of the Road,If you are approaching an intersection at the posted speed limit and the light turns yellow you should:,"a:Stop before entering the intersection, if you can do so safely.,b:Speed up to cross before it turns red.,c:Slow down and proceed through without caution.",a,"A solid yellow means caution; stop if it is safe to do so, otherwise proceed carefully through the intersection.",easy
2,Traffic Laws & Rules of the Road,Driving much more slowly than surrounding traffic is:,"a:Often a hazard because other drivers may become frustrated and try to pass you.,b:Appropriate if you don’t know the speed limit.,c:A good idea if the weather is bad.",a,Driving unusually slowly can create dangerous passing attempts by other drivers.,easy
2,Traffic Laws & Rules of the Road,How should you treat a flashing red traffic light?,"a:Slow and yield the right-of-way.,b:Drive carefully through the intersection.,c:Come to a complete stop, check traffic, then go when safe.,d:Treat it as a green light.",c,"A flashing red light means the same as a stop sign: stop, yield to traffic and pedestrians, then proceed when safe.",easy
2,Traffic Laws & Rules of the Road,"After passing another vehicle, when is it safe to return to your lane?","a:When you can see the entire front of the passed vehicle in your rearview mirror.,b:When you see the passed vehicle's headlights in your inside rearview mirror.,c:After you have signaled for three seconds.,d:When the driver you passed waves you back.",b,"Before you return to your driving lane, be sure you are not too close to the vehicle you passed; when you can see both headlights of the passed vehicle in your rearview mirror, you likely have enough room to move back safely.",easy
2,Traffic Laws & Rules of the Road,"After passing a vehicle in the same direction, when is it safe to move back into the right lane?","a:After about three seconds.,b:When you can see the entire front of the passed vehicle in your rearview mirror.,c:When you can see both headlights of the passed vehicle in your rearview mirror.,d:When the passed driver signals you to move back.",c,Do not return to your original lane until you can see both headlights of the passed vehicle in your rearview mirror and it is safe to do so.,easy
5,Driving in Special Conditions,"To prevent hydroplaning on wet roads, what is the best action?","a:Slow down.,b:Move to the shoulder when it starts to rain.,c:Use cruise control to maintain a constant speed.",a,Hydroplaning is caused by driving too fast on wet pavement. Reduce speed in wet weather to help tires maintain road contact.,easy
6,"Alcohol, Drugs & Impaired Driving",Which of the following will reduce a person's blood alcohol content (BAC)?,"a:Eating foods high in fat,b:Time,c:Drinking caffeine",b,"Only the passage of time removes alcohol and its impairing effects from the body; food, caffeine, or other measures do not speed up elimination.",easy
8,Special Situations & Road Users,You plan a right turn and a pedestrian with a guide dog is waiting to cross. What must you do?,"a:Wait until the person crosses the street.,b:Turn off your engine until the person crosses the street.,c:Tell the pedestrian when to cross the street.",a,Pedestrians using guide dogs or white canes have the right-of-way; you must wait until they have crossed before making your turn.,easy
4,Safe & Defensive Driving Practices,When backing up you should:,"a:Look through the rear window.,b:Rely only on your rearview mirror.,c:Press hard on the gas pedal.",a,Place your arm over the seat and look directly through the rear window while reversing at low speed.,easy
4,Safe & Defensive Driving Practices,Why is using a cell phone while driving distracting?,"a:It makes the driver worry about call cost.,b:It occupies the driver's eyes, hands, and mind.,c:It draws the attention of other drivers.,d:It helps drivers stay alert.",b,"Cell phone use while driving takes attention from driving tasks—your eyes, hands, and mind are distracted—increasing crash risk.",easy
5,Driving in Special Conditions,"To improve visibility reduced by rain or fog, drivers should use:","a:Low beam headlights.,b:High beam headlights.,c:Parking lights.",a,Low beams reduce glare in rain or fog and help other drivers see your vehicle; high beams can worsen glare.,easy
2,Traffic Laws & Rules of the Road,"When merging onto an interstate, after checking for a gap, signaling, and adjusting speed, what should you do?","a:Merge carefully into the gap.,b:Wait for the lane to clear before merging.,c:Expect traffic to allow you to proceed since you have the right-of-way.",a,"Identify a gap, accelerate to traffic speed, signal, and merge carefully; do not assume others will yield for you.",medium
8,Special Situations & Road Users,"If you see pedestrians in a crosswalk ahead, a motorist should:","a:Continue; vehicles have right-of-way.,b:Wait until the pedestrians have crossed the street.,c:Pull to the right and go around the pedestrians.,d:Honk to get them to move faster.",b,Drivers must yield the right-of-way to pedestrians in a crosswalk and wait until the crosswalk is clear before proceeding.,easy
3,"Signs, Signals & Road Markings",On a solid green arrow you must:,"a:Yield to any vehicle, bicycle, or pedestrian still in the intersection.,b:Wait four seconds before proceeding.,c:Yield to pedestrians only in the intersection.",a,A green arrow gives the right to go but you must yield to any traffic or pedestrians already in the intersection.,easy
2,Traffic Laws & Rules of the Road,Drivers turning left must yield to:,"a:Oncoming cars.,b:Overtaking cars.,c:No one.",a,Left-turning drivers must yield to oncoming vehicles going straight through the intersection.,easy
8,Special Situations & Road Users,To whom should you give the right-of-way regarding pedestrians?,"a:Any pedestrian crossing any street or in any crosswalk or intersection.,b:Only pedestrians in a marked crosswalk.,c:Pedestrians only if they have a crossing guard present.",a,Drivers must yield to pedestrians in any marked or unmarked crosswalk and generally yield to pedestrians crossing the street.,easy
8,Special Situations & Road Users,When should you not use your horn?,"a:When visibility ahead is limited.,b:If you might hit another vehicle.,c:Near blind pedestrians.,d:When another driver is merging.",c,Avoid using your horn near blind pedestrians; it can be dangerous. Yield to them and proceed when safe.,easy
8,Special Situations & Road Users,"What are truck \no zones\""?""","a:Areas where cars disappear into blind spots or restrict a truck's ability to stop and maneuver safely.,b:Areas where there are several car lengths between their vehicle and the truck.,c:Areas with sufficient space to travel behind the truck.",a,"\No zones\"" are the large blind spots around trucks and buses where smaller vehicles are not visible to the driver and can be dangerously close.""",medium
4,Safe & Defensive Driving Practices,"Like alcohol and drugs, drowsiness can:","a:Impair your judgment.,b:Help you to be a better driver.,c:Make you feel better.",a,"Not getting enough sleep slows reaction time, reduces awareness, and impairs judgment much like drugs or alcohol.",easy
3,"Signs, Signals & Road Markings",What do 'No passing zone' signs indicate?,"a:To speed up slightly.,b:That it is not safe to pass.,c:To maintain a steady speed.,d:To only pass on the left.",b,A 'No passing zone' sign indicates an area where passing is illegal because visibility or road conditions make passing unsafe.,easy
6,"Alcohol, Drugs & Impaired Driving",What is the only medically proven way to remove alcohol or drug combinations from your system?,"a:Drink coffee.,b:Let your body have time.,c:Take a cold shower.,d:Exercise vigorously.",b,The only way to lower blood alcohol concentration is to allow time for your body to metabolize the alcohol; nothing else speeds this process.,easy
7,Vehicle Ownership & Responsibilities,When must vehicles in Arizona be covered by liability insurance?,"a:At all times.,b:Only when driven by a minor.,c:Only when driven on an interstate.",a,Every motor vehicle operated in Arizona should have an Arizona-based liability insurance policy at all times.,medium
2,Traffic Laws & Rules of the Road,"When turning left from a two-way street onto a one-way street, which lane should you enter?","a:Turn into the first (closest) lane.,b:Turn into any lane.,c:Turn into the second lane.",a,"When turning onto a one-way street from a two-way street, turn into the first legal lane closest to you.",easy
5,Driving in Special Conditions,"If the roadway is wet or icy, you should:","a:Reduce your speed.,b:Drive at the posted speed.,c:Speed up to get through faster.,d:Use cruise control for stability.",a,"On wet, snowy, or icy roads, reduce speed because tires have less grip and stopping distances increase.",easy
8,Special Situations & Road Users,Where are a truck's blind spots typically located?,"a:Both on the immediate left of the cab and directly behind the body.,b:On the immediate left of the cab.,c:Directly behind the body.",a,"Large trucks have substantial blind spots on their left side and directly behind them; if you cannot see the driver's face in the side mirror, the driver likely cannot see you.",medium
4,Safe & Defensive Driving Practices,"If a vehicle suddenly cuts in front of you, what should you do first?","a:Take your foot off the gas pedal.,b:Honk and step on the brake firmly.,c:Swerve into the lane next to you.",a,Removing your foot from the accelerator creates space and reduces the chance of a collision without abrupt braking.,medium
5,Driving in Special Conditions,"If an oncoming driver fails to dim headlights, you should:","a:Look toward the right side of the road.,b:Look toward the center of the roadway.,c:Look straight ahead.",a,Glance toward the right edge of the road to avoid being blinded while still keeping your vehicle on course.,easy
6,"Alcohol, Drugs & Impaired Driving",Which driving skills can be impaired by alcohol or drugs?,"a:Both alertness and coordination.,b:Alertness.,c:Coordination.",a,"Alcohol and drugs negatively affect many driving skills, including reaction time, coordination, alertness, and concentration.",medium
5,Driving in Special Conditions,"When approaching a vehicle from behind at night, when should you switch from high to low beams?","a:Within 500 feet.,b:Within 100 feet.,c:Within 200 feet.,d:Within 50 feet.",c,Lower your high beams when you are within 200 feet of another vehicle ahead of you to avoid dazzling the driver.,easy
8,Special Situations & Road Users,When may you legally drive around or under a lowered railroad crossing gate?,"a:Never.,b:When you can see clearly in both directions.,c:When the warning lights are not flashing.",a,It is illegal and extremely dangerous to go under or around lowered railroad crossing gates at any time.,easy
8,Special Situations & Road Users,"When passing a motorcycle, you must:","a:Have your vehicle entirely in the left lane before and during the pass.,b:Blow your horn to make the motorcycle move onto the shoulder.,c:Give the motorcycle a full lane of space when passing.",c,Motorcyclists are entitled to a full lane; give them an entire lane when passing to avoid crowding them.,easy
2,Traffic Laws & Rules of the Road,A U-turn is not permitted:,"a:On or near any curve or hill.,b:In a parking lot.,c:On a straight roadway with a clear view for 500 feet in both directions.",a,Never make a U-turn on or near a curve or hill where you cannot see approaching traffic.,medium
8,Special Situations & Road Users,You should not make sudden stops in front of large trucks and buses because:,"a:Large trucks and buses require longer distances to stop than smaller passenger vehicles.,b:Small vehicle drivers cannot adequately see large trucks and buses in their rearview mirrors.,c:Large trucks and buses travel at a higher speeds than small vehicles.",a,"Due to their weight and size, large vehicles need much more distance to stop than smaller cars.",easy
5,Driving in Special Conditions,"On slippery surfaces such as snow or ice, you should:","a:Shift to a lower gear before descending steep hills.,b:Follow other vehicles more closely to maintain traction.,c:Pump your brakes only if you have anti-lock brakes.,d:Use cruise control for steady speed.",a,"On slippery roads, shift to a low gear before steep descents; increase following distance and, if no ABS, pump brakes to avoid skids.",difficult
5,Driving in Special Conditions,Interstate driving requires drivers to:,"a:Be able to safely travel at higher speeds.,b:Be constantly alert.,c:Both be able to safely travel at higher speeds and remain constantly alert.,d:Have an HOV pass.",c,Safe interstate driving requires the ability to drive at higher speeds and constant alertness for rapid traffic changes.,medium
3,"Signs, Signals & Road Markings",What does a broken yellow line next to a solid yellow line mean when the broken line is beside your lane?,"a:Passing is permitted from the lane next to the broken yellow line.,b:Passing is permitted from the lane next to the solid yellow line.,c:Passing is not permitted from either direction.",a,"A broken yellow line next to a solid yellow line means traffic next to the broken line may pass, while traffic next to the solid line may not.",medium
2,Traffic Laws & Rules of the Road,What should you do before changing lanes or passing another vehicle?,"a:All of the above.,b:Check your blind spots and mirrors.,c:Signal your intention before changing lanes.",a,"Always signal, check mirrors, and check blind spots before any lateral move to alert other drivers and avoid collisions.",easy
4,Safe & Defensive Driving Practices,Consistently looking far ahead while on the highway primarily helps you to:,"a:Reduce the need for last-minute braking or turning.,b:Spot upcoming police officers.,c:Help you keep up with traffic.",a,Scanning far ahead reduces sudden maneuvers by allowing earlier detection of changing traffic and hazards.,medium
5,Driving in Special Conditions,"After snow or rain, which area is most likely to be slippery?","a:A road in a shaded area,b:A hilly, open road,c:A residential road",a,"Shaded areas hold ice and remain frozen longer than sun-exposed roadways, increasing slipperiness.",medium
2,Traffic Laws & Rules of the Road,"When approaching a T intersection from the street that ends, what must a driver do?","a:Yield the right-of-way to cross traffic.,b:Have the right-of-way.,c:Force their way into traffic.",a,Drivers on the street that ends must stop or yield and allow cross traffic to pass before proceeding.,easy
4,Safe & Defensive Driving Practices,"If you experience a tire blowout, what is the correct action?","a:Slow down gradually and use your brakes lightly.,b:Apply the brakes firmly and quickly.,c:Tap or pump the brakes.",a,"On a blowout, ease off the accelerator and slow gradually; avoid hard braking until the vehicle has slowed substantially.",medium
2,Traffic Laws & Rules of the Road,"When entering a freeway, what should you do to check freeway traffic?","a:Use your side mirror and look over your shoulder.,b:Use your rearview mirror only.,c:Using your rearview and side mirrors is sufficient.",a,Use mirrors and a shoulder check to see blind spots and anticipate traffic when merging onto a freeway.,medium
2,Traffic Laws & Rules of the Road,A driver entering freeway traffic from an entrance ramp should:,"a:Yield to drivers already on the interstate.,b:Have the right-of-way.,c:Force their way into traffic when necessary.",a,Drivers entering the freeway must yield to traffic already on the freeway and merge when safe.,medium
4,Safe & Defensive Driving Practices,"When should drivers adjust mirrors, seats, and steering wheel?","a:Before starting the vehicle.,b:Before reaching speeds of 55 mph or above.,c:While backing out of a driveway.",a,"Adjust the seat, mirrors, and steering wheel before you start driving to ensure proper control and visibility.",easy
2,Traffic Laws & Rules of the Road,"On a one-way street, you may turn left onto another one-way street only if what is true about the other street?","a:Traffic on that street moves to the left.,b:Traffic on that street moves to the right.,c:You increase your speed before the turn.",a,You may turn left onto a one-way street only if traffic on that street flows leftward and there are no signs prohibiting the turn.,medium
2,Traffic Laws & Rules of the Road,"When preparing to make a left turn from a two-way street, where should you position your vehicle?","a:Near the right-hand side of the road.,b:Near the centerline in the lane closest to the center.,c:On the left of the centerline.,d:In the turn lane two lanes over.",b,Begin a left turn from the lane nearest the centerline and turn into the first legal lane on the new roadway.,medium
7,Vehicle Ownership & Responsibilities,"When parking downhill on a two-way road with no curb, turn your front wheels:","a:Toward the edge of the road (right).,b:Straight ahead.,c:Toward the center of the road (left).",a,"When parked downhill without a curb, turn wheels toward the road edge so the vehicle rolls away from traffic if brakes fail.",medium
6,"Alcohol, Drugs & Impaired Driving",What can happen if you take prescription drugs while drinking alcohol?,"a:There will likely be no effect.,b:It may make you more alert.,c:It can make you unfit to drive.,d:It will cancel out alcohol's effects.",c,Combining alcohol with medications can increase impairment and make you unfit to drive safely.,difficult
4,Safe & Defensive Driving Practices,Fatigue increases the risk of:,"a:Falling asleep behind the wheel and crashing.,b:Being late for an appointment.,c:Missing an exit.",a,"Fatigue slows decision-making and increases the chance of falling asleep while driving, which can cause serious crashes.",easy
2,Traffic Laws & Rules of the Road,How far before a turn should you activate your turn signal?,"a:100 feet.,b:50 feet.,c:20 feet.",a,Signal at least 100 feet before turning to inform other road users of your intentions.,medium
3,"Signs, Signals & Road Markings","If you are already in an intersection when a green light changes to yellow, what should you do?","a:Continue moving and clear the intersection safely.,b:Stop.,c:Increase your speed so as not to cause an accident.",a,"If you are in the intersection when the light turns yellow, continue through and clear the intersection as safely and quickly as possible.",medium
2,Traffic Laws & Rules of the Road,Which is true about changing lanes safely?,"a:You only need to look over your right shoulder for any lane change.,b:Look over the shoulder in the direction you plan to move (right for right, left for left).,c:If you have two outside mirrors, you have no blind spots.,d:Rely on the turn signal alone.",b,"Before changing lanes, signal, check all mirrors, and look over the shoulder toward the lane you plan to enter to check blind spots.",easy
5,Driving in Special Conditions,It is more dangerous to drive at night because:,"a:You cannot see as far ahead at night.,b:The road is always more slippery at night.,c:Your reaction time is slower at night.",a,"Reduced visibility after dark limits how far ahead you can see, increasing driving risk.",medium
5,Driving in Special Conditions,"If poor weather reduces visibility, what should you do?","a:Increase your following distance.,b:Drive in the lane closest to oncoming traffic.,c:Speed up to get off the road quickly.",a,"When visibility is reduced by weather or darkness, increase your following distance to allow more reaction time.",easy
3,"Signs, Signals & Road Markings","Approaching an intersection with a flashing yellow light, you must:","a:Slow down and proceed with caution.,b:Come to a complete stop at the intersection.,c:Maintain your normal speed.",a,A flashing yellow signal instructs drivers to slow down and be cautious; stopping is not required unless conditions warrant it.,easy
4,Safe & Defensive Driving Practices,How should you react to a sudden tire blowout while driving?,"a:Use the brakes lightly.,b:Pump the brakes.,c:Apply the brakes firmly.",a,"If a tire blows out, hold the wheel firmly, ease off the gas, and slow down gradually using light braking until you can stop safely.",medium
5,Driving in Special Conditions,What lights should you use as daylight starts to fade to help others see you?,"a:Low beam headlights.,b:Parking lights.,c:Emergency flashers.",a,Turn on low beams as daylight fades so other road users can see your vehicle; use high beams only when appropriate.,easy
3,"Signs, Signals & Road Markings",What does a yellow left-turn arrow mean?,"a:Both of the above.,b:Drivers should prepare to yield to oncoming traffic.,c:The protected left turn is about to end.",a,A yellow left-turn arrow signals the protected left-turn phase is ending; drivers must prepare to yield to oncoming traffic when it changes.,medium
6,"Alcohol, Drugs & Impaired Driving","If you are under 21, your license can be suspended for driving with a blood alcohol level of:","a:0.15% or more.,b:0.08% or more.,c:Any detectable amount.,d:0.02% or more.",c,Arizona has zero tolerance for drivers under 21; any detectable amount of alcohol can lead to license suspension and penalties.,difficult
8,Special Situations & Road Users,"Because motorcycles, scooters, and mopeds are hard to see, you should:","a:Share a lane with them when possible.,b:Make continuous visual checks for them.,c:Slow down and let them pass only.,d:Honk to alert them of your presence.",b,Motorcycles can be hidden in blind spots or missed in a quick glance; drivers should constantly look for them.,easy
2,Traffic Laws & Rules of the Road,When merging onto the freeway you should be driving:,"a:At or near the speed of traffic on the freeway.,b:Five to 10 mph slower than freeway traffic.,c:The posted speed limit for freeway traffic.",a,Enter the freeway at or near the speed of existing traffic to merge smoothly and safely.,medium
1,Licensing & Permit Requirements,A driver license is considered which of the following?,"a:Requirement.,b:Privilege.,c:Right.",b,Driving is a privilege that may be suspended or revoked if you do not obey laws or otherwise abuse driving privileges.,easy
8,Special Situations & Road Users,Which statement about large trucks is true?,"a:They take longer to stop than passenger vehicles.,b:They all have air brakes that allow them to stop quickly.,c:They are more maneuverable than passenger vehicles.",a,Large trucks require longer stopping distances than passenger cars due to their size and weight.,medium
5,Driving in Special Conditions,Night driving is more difficult because:,"a:Distance and vehicle speed are harder to judge in the dark.,b:The speed limit is increased at night.,c:There are fewer cars on the roads at night.",a,Reduced visibility at night makes judging distance and speed of other vehicles more difficult.,medium
7,Vehicle Ownership & Responsibilities,Which passengers are required to wear safety belts in Arizona?,"a:Passengers in the front seat and passengers age 16 and below.,b:Only a passenger in the front seat.,c:Only passengers age 16 or below.",a,"In Arizona, all front-seat occupants and any passenger age 16 or younger must wear a fastened safety belt.",medium
5,Driving in Special Conditions,"When visibility is low due to fog, you should:","a:Use high beam headlights to see further.,b:Slow down and use your low beam headlights.,c:Increase your speed so others can avoid you.,d:Turn off headlights and use parking lights.",b,"In fog, slow down and use low beams; if visibility is extremely poor, pull off the roadway until conditions improve.",easy
5,Driving in Special Conditions,To reduce the chance of losing traction on wet roads you should:,"a:Make abrupt turns.,b:Apply the brakes firmly and quickly.,c:Slow down.,d:Drive faster to reduce hydroplaning risk.",c,"To avoid hydroplaning and traction loss, reduce your speed and keep tires in good condition; avoid abrupt steering or braking.",medium
3,"Signs, Signals & Road Markings",When double solid yellow lines separate lanes of traffic:,"a:Passing is not permitted from either direction.,b:Passing is permitted from the left.,c:Passing is permitted from the right.",a,Double solid yellow lines indicate no passing by traffic in either direction.,easy
5,Driving in Special Conditions,Why should you never use high beam headlights in fog or mist?,"a:The light will reflect back into your eyes.,b:Approaching vehicles might not see you.,c:Vehicles behind may follow too closely.,d:High beams melt fog.",a,High beams reflect off fog back into your eyes and reduce your visibility; use low beams instead.,easy
4,Safe & Defensive Driving Practices,"When passing a row of parked vehicles, you should:","a:Be prepared for people or vehicles to enter your lane unexpectedly.,b:Expect all pedestrians to yield to you.,c:Drive close to parked vehicles to leave more room for moving traffic.,d:Assume parked car doors will remain closed.",a,Give space and be ready for a person or vehicle to suddenly emerge from between parked cars.,medium
2,Traffic Laws & Rules of the Road,An important step when turning is to:,"a:Check traffic in all directions.,b:Increase your speed.,c:Always move to the left lane.",a,"Before turning, look to the rear and both sides to ensure the maneuver can be made safely.",easy
8,Special Situations & Road Users,"When preparing to turn left, to whom must you yield?","a:Pedestrians on the sidewalk waiting for a ""Walk"" signal.,b:Oncoming vehicles also turning left.,c:All approaching vehicles.",a,When turning left you must yield to pedestrians and bicyclists crossing with the signal and to other road users who have the right-of-way.,easy
5,Driving in Special Conditions,Which of these road surfaces freezes first?,"a:A bridge,b:An intersection,c:A tunnel",a,Bridges and overpasses often freeze before the rest of the roadway because they are exposed on all sides.,medium
4,Safe & Defensive Driving Practices,Tailgating other drivers (following too closely) can:,"a:Frustrate other drivers and make them angry.,b:Never result in a citation.,c:Reduce collisions by preventing being cut off.,d:Improve fuel economy.",a,Tailgating increases risk and can provoke aggressive responses; it may also lead to traffic citations for unsafe driving.,easy
8,Special Situations & Road Users,When near a large commercial vehicle you should:,"a:Avoid driving beside it for long stretches of time.,b:Follow the large vehicle closely to reduce wind drag on your vehicle.,c:Drive on its right side when on curves and hills.",a,Large vehicles have significant blind spots; avoid lingering alongside where drivers cannot see you.,easy
2,Traffic Laws & Rules of the Road,"When passing, return to the right lane when:","a:You can see both headlights of the passed vehicle in your rearview mirror.,b:You are one vehicle length ahead of the passed vehicle.,c:You are 50 feet ahead of the passed vehicle.",a,Only move back into the driving lane when you can see the passed vehicle's headlights in your rearview mirror.,easy
8,Special Situations & Road Users,"When a large truck is turning right onto a multi-lane street, how might it complete the turn?","a:It may have to swing wide to complete the right turn.,b:It may complete its turn in either of the two lanes.,c:It must stay in the right lane at all times while turning.",a,Long vehicles often need to swing wide on right turns because their rear wheels follow a shorter path than the front wheels.,medium
2,Traffic Laws & Rules of the Road,"At intersections, crosswalks, and railroad crossings you should always:","a:Look to the sides of your vehicle to see what is coming.,b:Stop, listen, and proceed cautiously.,c:Slowly pass vehicles that seem to be stopped for no reason.",a,Always scan left and right at places where people or vehicles may enter your path.,easy
6,"Alcohol, Drugs & Impaired Driving",Which of these statements about drinking and driving is true?,"a:Alcohol affects judgment, which is needed to drive safely.,b:If you can walk in a straight line after drinking, it is safe to drive.,c:If you are under the legal blood alcohol concentration limit, your driving isn't impaired.",a,"Alcohol impairs judgment and decision-making needed for safe driving, even at low levels.",medium
2,Traffic Laws & Rules of the Road,You may drive off the paved roadway to pass another vehicle:,"a:Under no circumstances.,b:If the vehicle ahead is turning left.,c:If there are two or more lanes traveling in your direction.",a,You must not leave the main-traveled portion of the road to pass; passing off the pavement is illegal and unsafe.,easy
5,Driving in Special Conditions,Which statement is true about roadwork zones?,"a:You must Slow for the Cone Zone.,b:Fines are the same in work zones as normal traffic conditions.,c:Slow down only if you think workers are present.",a,Work zones often have increased fines and signage urging drivers to slow down; always reduce speed and drive cautiously through them.,easy
3,"Signs, Signals & Road Markings","Approaching an intersection with a flashing red signal, what must you do?","a:Come to a complete stop, yield to oncoming traffic or pedestrians, then proceed.,b:Reduce your speed and proceed with caution.,c:Come to a complete stop and remain stopped as long as the light is red.",a,"A flashing red signal is treated as a stop sign: stop, yield to others, and proceed when clear.",easy
4,Safe & Defensive Driving Practices,The best way to avoid a dangerous situation while driving is to:,"a:Know what is happening around your vehicle.,b:Turn off the radio.,c:Keep your eyes focused only ahead.,d:Drive faster than other vehicles.",a,"Constantly scanning front, sides, and rear helps you detect problems early and respond to avoid danger.",easy
4,Safe & Defensive Driving Practices,"To see vehicles in your blind spots, you should:","a:Look over your shoulders.,b:Check the outside rearview mirror.,c:Check the inside rearview mirror.",a,Blind spots are areas not visible in mirrors; a shoulder check is needed before changing lanes.,easy
2,Traffic Laws & Rules of the Road,When are you required to stop your vehicle?,"a:Both when a police officer orders you to stop and when there is a red traffic light.,b:Only where there is a red traffic light.,c:Only at intersections where a police officer orders you to stop.",a,You must obey stop signals from officers and stop at steady or flashing red lights; follow directions of traffic officers at all times.,easy
2,Traffic Laws & Rules of the Road,"If you parallel park facing downhill, how should you turn your wheels?","a:Turn wheels sharply toward the curb or side of the road.,b:Turn wheels away from the curb.,c:Keep wheels straight.,d:Turn wheels toward the left only.",a,"When parking downhill, turn your front wheels toward the curb or edge of the road so the vehicle will roll into the curb if it moves.",easy
4,Safe & Defensive Driving Practices,"On the freeway behind a large truck, how should you follow compared to a passenger vehicle?","a:Farther behind the truck than you would when following a passenger vehicle.,b:Closely behind the truck in bad weather because the driver can see farther ahead.,c:No more than one car length behind the truck so the driver can see you.",a,Maintain a greater following distance behind trucks to compensate for their larger blind spots and longer stopping distances.,easy
2,Traffic Laws & Rules of the Road,How should you change from one lane to another?,"a:Gradually and carefully.,b:Quickly and often.,c:When a car is in your blind spot.",a,"Change lanes smoothly and deliberately, signaling and checking mirrors and blind spots before doing so.",easy
8,Special Situations & Road Users,"When a school bus ahead is stopped to load or unload children with flashing red lights and the stop arm extended, you must:","a:Come to a complete stop until all children have left the bus.,b:Come to a complete stop until the red lights stop flashing and the stop arm is withdrawn.,c:Change lanes and pass cautiously.,d:Slow down and proceed if no children are visible.",b,"If a school bus is stopped with flashing red lights and stop arm extended, you must stop and remain stopped until the lights are off and the arm is withdrawn.",easy
2,Traffic Laws & Rules of the Road,"When leaving a driveway or alley to enter a sidewalk area, drivers should:","a:Stop only if pedestrians are present.,b:Stop before driving onto the sidewalk area.,c:Expect pedestrians to yield.,d:Proceed slowly without stopping.",b,Drivers must stop before driving onto a sidewalk or sidewalk area when entering the roadway from a private path to give pedestrians the right-of-way.,easy
5,Driving in Special Conditions,Continuous hard braking on ice and snow often:,"a:Locks the front wheels of a vehicle, causing a loss of steering.,b:Helps you stop faster.,c:Keeps the brakes from freezing.",a,Hard braking on icy roads can lock wheels and cause a loss of steering control; brake gently and slowly.,medium
5,Driving in Special Conditions,"If the roadway ahead is flooded, you should:","a:Slam on the brakes and drive through quickly.,b:Not drive through; turn around and find another route.,c:Drive in the center of the roadway only.,d:Drive slowly and test the depth with your tires.",b,Never attempt to drive through flooded roadways; even shallow water can hide hazards. Turn around and find another route.,easy
4,Safe & Defensive Driving Practices,"If a child appears about to run into the street, you should:","a:Sound a sharp blast of your horn.,b:Start to prepare to slow down.,c:Flash your headlights.",a,Use a sharp horn blast to warn a child or pedestrian of imminent danger when they are about to enter the roadway.,medium
5,Driving in Special Conditions,When is it necessary to use low beam headlights?,"a:On a well-lit street.,b:On a freeway.,c:In fog.,d:Only in rural areas.",c,"Use low beams in fog, rain, snow, or mist because high beams reflect and impair visibility.",easy
8,Special Situations & Road Users,At a railroad crossing you must:,"a:Watch for vehicles that must stop at all railroad crossings and watch for multiple trains (both),b:Watch for vehicles that must stop at all railroad crossings (only),c:Watch for multiple trains (only).",a,Approach railroad crossings with caution and be aware of vehicles that are required to stop and the possibility of multiple trains.,medium
3,"Signs, Signals & Road Markings",What must you do when you approach an octagonal sign?,"a:Stop.,b:Slow.,c:Turn.",a,An octagonal (eight-sided) sign always means STOP; come to a complete stop and yield to traffic or pedestrians before proceeding.,easy
2,Traffic Laws & Rules of the Road,A lane control sign showing an arrow with 'ONLY' above your lane means you should:,"a:Travel in the direction of the arrow.,b:Always change lanes immediately.,c:Look for a destination sign to follow.,d:Ignore the sign if traffic is light.",a,Lane control signs require you to move in the direction indicated by the arrow for that lane.,easy
2,Traffic Laws & Rules of the Road,"When approaching a roundabout, you should:","a:Slow down.,b:Maintain your speed.,c:Increase your speed.",a,Roundabouts are designed to be negotiated at lower speeds; slow down as you approach.,easy
2,Traffic Laws & Rules of the Road,When passing another vehicle you should:,"a:Pass the vehicle as safely and as quickly as possible.,b:Drive at the same speed as the vehicle you are passing.,c:Pass the vehicle as slowly as possible.",a,Complete passing maneuvers promptly and return to your lane only when it is safe to do so.,easy
7,Vehicle Ownership & Responsibilities,"If you must park where parking is not typical, what should you do?","a:Make sure your vehicle is visible to drivers approaching from any direction.,b:Park with your reverse lights on.,c:Park five feet from the curb.",a,"When parking in an unusual area, ensure your vehicle is visible to oncoming traffic so it does not become a hazard.",medium
2,Traffic Laws & Rules of the Road,How must you yield to an emergency vehicle using siren and lights?,"a:Drive as close to the right edge as possible and stop.,b:Move into the right lane and drive slowly until it passes.,c:Stop immediately even if you are in an intersection.,d:Continue driving and ignore it if it is in another lane.",a,Yield to emergency vehicles by pulling to the right edge of the road and stopping; avoid stopping in an intersection.,easy
3,"Signs, Signals & Road Markings",Yellow centerlines separate which type of traffic?,"a:Traffic moving in opposite directions on two-way roads.,b:Traffic lanes on one-way streets.,c:All carpool lanes from regular traffic lanes.",a,"Yellow lines mark the center of two-way roads, separating opposing directions of traffic.",easy
2,Traffic Laws & Rules of the Road,"When exiting an interstate, when should you begin to reduce your speed?","a:Immediately upon entering the deceleration lane.,b:About halfway through the deceleration lane.,c:As you approach the deceleration lane.",a,"Maintain highway speed until you enter the deceleration lane, then slow to the advised exit speed.",medium
7,Vehicle Ownership & Responsibilities,Which statement about blind spots is true?,"a:Blind spots are eliminated if you have one outside mirror.,b:Large trucks have larger blind spots than most passenger vehicles.,c:You can check blind spots using only the rearview mirror.,d:Blind spots are not a concern with modern vehicles.",b,"Even with mirrors, vehicles have blind spots; large trucks have much bigger blind spots than passenger vehicles.",easy
4,Safe & Defensive Driving Practices,"In traffic moving at about 50–55 mph, you are least likely to have an accident if you:","a:Stay within that speed range.,b:Drive a few miles per hour faster than most other vehicles.,c:Drive a few miles per hour slower than most other vehicles.",a,Traveling consistently with the flow of traffic (within posted limits) reduces the likelihood of collisions caused by speed differentials.,medium
4,Safe & Defensive Driving Practices,"If a tire suddenly blows out while driving, what should you do?","a:Grip the steering wheel firmly, slow down, and exit the traffic lane.,b:Brake hard and steer toward the right edge of the roadway.,c:Pump the brakes rapidly.",a,"On a blowout, hold the wheel firmly, ease off the accelerator, slow gradually, and steer safely out of traffic before stopping.",medium
6,"Alcohol, Drugs & Impaired Driving",What term refers to the amount of alcohol in a person's blood?,"a:Blood alcohol concentration (BAC).,b:Implied consent (IC).,c:Rate of alcohol consumption (RAC).",a,Blood Alcohol Concentration (BAC) measures the percentage of alcohol in the bloodstream and indicates impairment level.,easy
6,"Alcohol, Drugs & Impaired Driving",Which activity will slow your reaction time?,"a:Drinking alcohol.,b:Sleeping.,c:Working hard.",a,"Alcohol reduces reflexes, impairs judgment, and slows reaction time, negatively affecting driving skills.",medium
3,"Signs, Signals & Road Markings","If a traffic signal ahead is showing a steady yellow and you have not entered the intersection, what should you do?","a:Come to a safe stop.,b:Reduce your speed and proceed carefully through the intersection.,c:Speed up to beat the red light.",a,A steady yellow means the light is about to turn red; stop safely if you have not yet entered the intersection.,medium
2,Traffic Laws & Rules of the Road,Collisions are more likely when:,"a:All vehicles travel at the same speed.,b:One lane travels faster than other lanes.,c:One vehicle travels noticeably faster or slower than the flow of traffic.,d:Everyone maintains proper speed.",c,Collisions are more likely when a vehicle travels significantly faster or slower than surrounding traffic flow.,easy
2,Traffic Laws & Rules of the Road,"If you approach an intersection with your view of cross traffic blocked, what should you do?","a:Stop, then inch forward until you can see clearly in both directions.,b:Slow down and look both ways.,c:Maintain your speed and look both ways.",a,"If visibility is obstructed, stop and slowly creep forward until you can see cross traffic clearly before proceeding.",medium
3,"Signs, Signals & Road Markings",A pentagon-shaped sign is used to indicate:,"a:A school zone or school crossing.,b:A stop sign.,c:A regulatory sign.",a,A five-sided sign typically warns drivers of school zones or school crossings where children may be present.,easy
2,Traffic Laws & Rules of the Road,If traffic is merging into your lane on the freeway you should:,"a:Make room for the merging traffic if possible.,b:Assert your right-of-way by driving faster.,c:Always maintain your position.",a,"When safe, adjust speed or change lanes to allow merging vehicles to enter smoothly.",easy
8,Special Situations & Road Users,"If pedestrians are illegally crossing in the middle of the street, what should you do?","a:Must stop for them.,b:Do not have to stop for them.,c:Should honk your horn at them.",a,"You must yield to pedestrians at all times, even if they are crossing where they should not be.",easy
4,Safe & Defensive Driving Practices,What should you do to help avoid skidding on slippery surfaces?,"a:Slow down before entering curves and intersections.,b:Shift to a lower gear after starting down a steep hill.,c:Speed up to enter curves and slow down to exit them.",a,Slow before curves and intersections; braking on a curve can cause loss of traction and lead to a skid.,medium
4,Safe & Defensive Driving Practices,"If a tire suddenly goes flat while you are driving, you should:","a:Slow down gradually and avoid heavy braking.,b:Rapidly pump the brake pedal several times.,c:Press down on the brake pedal as hard as you can.",a,"Grip the wheel, ease off the accelerator, and slow gradually before pulling off the road safely.",medium
2,Traffic Laws & Rules of the Road,When is it safe to return to your lane after passing another vehicle?,"a:When you can see both headlights of the passed vehicle in your rearview mirror.,b:When you have cleared the front bumper of the passed vehicle.,c:When you are 50 feet in front of the passed vehicle.",a,Return to your lane only after you can see the passed vehicle's headlights in your rearview mirror to ensure adequate space.,medium
7,Vehicle Ownership & Responsibilities,"If your vehicle develops a mechanical problem while driving, what should you do?","a:Put on your hazard lights and pull off the road.,b:Stop in your lane and put on your hazard lights.,c:Signal and pull into the slow lane.",a,"If possible, get your vehicle off the road and away from traffic, and turn on emergency flashers to warn other road users.",medium
6,"Alcohol, Drugs & Impaired Driving",Driving under the influence of any medication that impairs you is:,"a:Never permitted under any circumstances.,b:Allowed if you don't feel drowsy.,c:Allowed if prescribed by a physician.,d:Permitted if you read the medication label.",a,"It is illegal to drive while impaired by any substance—prescription, over-the-counter, or illegal drugs—that affects your ability to drive safely.",easy
2,Traffic Laws & Rules of the Road,"To avoid traffic merging from right-side on-ramps while on an interstate, what is the best action?","a:Maintain your speed and position.,b:Change lanes to the left.,c:Slow down.",b,"When traffic allows, move out of the right-hand lane to let vehicles merge from on-ramps on the right.",easy
8,Special Situations & Road Users,"If you approach a stopped school bus with flashing lights and its arm extended, you must:","a:Stop and remain stopped until the arm is retracted and the bus moves.,b:Proceed at 15 mph if no children are present.,c:Proceed at normal speed while watching for children.",a,You must stop for a school bus with flashing lights and extended arm until it resumes motion or the arm is withdrawn.,easy
3,"Signs, Signals & Road Markings",What do double solid yellow lane markings mean?,"a:No passing from either direction.,b:Passing allowed from both directions.,c:The right lane may pass.,d:Passing allowed only during daytime.",a,Double solid yellow lines separate opposite-direction traffic and indicate passing is prohibited for both directions.,easy
5,Driving in Special Conditions,When driving behind another vehicle at night you should:,"a:Keep your headlights on the low beam setting.,b:Use your high beam headlights.,c:Use your high beam headlights until you are within 10 feet of the vehicle ahead.",a,Use low beams when following another vehicle so you don't blind the driver ahead.,easy
8,Special Situations & Road Users,Why should motor vehicle operators give extra space to children on bicycles?,"a:Children lack adult reflexes.,b:They are smaller and harder to see.,c:Both lack of reflexes and smaller size make them unpredictable.,d:They always stop at intersections.",c,"Children are less predictable and harder to see; give them extra space, especially near schools and playgrounds.",easy
7,Vehicle Ownership & Responsibilities,"If you park facing uphill with a curb, set the parking brake and which way should you turn the front wheels?","a:Turn the front wheels away from the curb.,b:Leave the front wheels straight.,c:Turn the front wheels toward the curb.",a,"When parking uphill with a curb, turn the wheels away from the curb so the vehicle will roll into the curb if brakes fail.",easy
3,"Signs, Signals & Road Markings",A broken yellow line beside a solid yellow line means:,"a:Passing is permitted from the side next to the broken yellow line.,b:Passing is permitted from the side next to the solid yellow line.,c:Passing is not permitted from either direction.",a,"When a broken line is next to a solid line, passing is allowed for the side with the broken line only.",medium
4,Safe & Defensive Driving Practices,"If your wheels drop off the edge of the pavement, what should you do first?","a:Wait until it is safe to do so, then gradually re-enter the roadway.,b:Stop.,c:Turn back onto the roadway immediately.",a,"Do not turn back onto the pavement immediately; slow down, check traffic, and re-enter the roadway gradually when safe.",medium
2,Traffic Laws & Rules of the Road,"If a traffic signal turns from green to steady yellow as you approach, what should you do?","a:Speed up to clear the intersection before it turns red.,b:Come to a safe stop if you have not entered the intersection.,c:Proceed with caution through the intersection.,d:Stop immediately even if already in the intersection.",b,"A steady yellow means the signal is about to turn red. If you have not entered the intersection, slow and stop safely; do not speed up to beat the red light.",easy
3,"Signs, Signals & Road Markings",Temporary construction and maintenance signs have what color scheme?,"a:Orange background with black writing.,b:Red background with green writing.,c:Yellow background with blue writing.",a,Work zone signs are orange with black text or symbols to alert drivers to construction and maintenance hazards.,easy
3,"Signs, Signals & Road Markings",A flashing red traffic light at an intersection means:,"a:The same thing as a stop sign.,b:The same thing as a yield sign.,c:The light is about to turn green.",a,"A flashing red light requires a full stop, yielding to traffic and pedestrians, then proceed when clear.",easy
7,Vehicle Ownership & Responsibilities,Which statement about railroad crossings is true?,"a:You must stop at a railroad crossing when directed to do so by a flagger or stop sign.,b:You have the right-of-way at a railroad crossing and do not need to stop.,c:You should put on your cruise control near a railroad crossing.",a,"Obey stop signs, flaggers, and warning signals at railroad crossings; stop when directed for safety.",easy
5,Driving in Special Conditions,What mindset should you have when driving in a construction zone?,"a:Expect the unexpected.,b:Slightly increase your speed.,c:Expect construction workers to yield to motorists.",a,Construction zones often have unexpected conditions; slow down and drive cautiously for the safety of workers and drivers.,medium
7,Vehicle Ownership & Responsibilities,"If you park facing uphill where there is no curb, set the parking brake and:","a:Turn your wheels toward the edge of the road.,b:Keep your wheels facing straight.,c:Turn your wheels away from the edge of the road.",a,Turning wheels toward the edge will cause the vehicle to roll away from traffic if the brakes fail.,easy
2,Traffic Laws & Rules of the Road,"When changing lanes, which action should you never take?","a:Cross the centerline in an intersection.,b:Check your blind spots by looking over your shoulder.,c:Check for other drivers moving into the same lane.",a,Never attempt to change lanes or pass in an intersection; always check mirrors and blind spots before moving laterally.,medium
5,Driving in Special Conditions,When a car with very bright headlights approaches at night you should:,"a:Glance toward the right edge of your lane.,b:Stop until the other driver passes.,c:Look below their headlights.",a,Avoid looking directly at bright headlights; look to the right edge of your lane until the vehicle passes.,easy
4,Safe & Defensive Driving Practices,How dangerous is backing up a vehicle?,"a:Always dangerous.,b:Dangerous if you have a helper.,c:Only dangerous in large vehicles.",a,Backing up is inherently risky because visibility is limited; take extra care whenever reversing.,easy
4,Safe & Defensive Driving Practices,To avoid becoming an aggressive driver you should:,"a:Relax and concentrate on driving.,b:Drive above the posted speed limit.,c:Tailgate the driver in front of you.",a,"Stay calm, drive within the speed limit, and avoid taking other drivers' actions personally.",easy
8,Special Situations & Road Users,How should you react when a pedestrian using a guide dog or carrying a white cane is crossing the street?,"a:You must always yield the right-of-way.,b:You must tell them where to cross the street.,c:You only have to yield if you are at a corner.",a,"Drivers must always yield to pedestrians who are blind or partially blind, such as those using a guide dog or white cane.",easy
2,Traffic Laws & Rules of the Road,"When entering an interstate highway from an entrance ramp, you should:","a:Check for cars, increase your speed to match the flow of traffic, and merge when it is clear.,b:Stop, check for cars, and enter when safe.,c:Check for cars and reduce your speed to 25 mph before entering the traffic lane.",a,Use the acceleration lane to get up to speed with highway traffic and merge smoothly when safe.,medium
2,Traffic Laws & Rules of the Road,Which lane should you be in before turning left from a one-way street?,"a:The lane nearest the left curb.,b:The lane nearest the center of the street.,c:The lane nearest the right curb.",a,"When turning, start from the lane closest to the direction you will travel; from a one-way street turning left, use the lane nearest the left curb.",easy
4,Safe & Defensive Driving Practices,Defensive driving can best be described as:,"a:Using safe driving strategies to prevent crashes.,b:Driving aggressively.,c:More dangerous than not driving defensively.",a,"Defensive driving means anticipating hazards, adjusting to conditions, and driving to prevent collisions.",easy
5,Driving in Special Conditions,"When driving in work zones, you should:","a:Avoid tailgating and keep a safe following distance.,b:Pass the driver in front of you as soon as you can.,c:Follow the driver in front of you closely.",a,Work zones require increased following distances and care to protect workers and equipment.,medium
5,Driving in Special Conditions,In inclement weather you should:,"a:Steer and brake smoothly.,b:Steer off the road.,c:Drive in a low gear.",a,Smooth steering and braking help maintain traction and control in poor weather conditions.,easy
5,Driving in Special Conditions,To avoid hydroplaning while driving in rainy conditions you should:,"a:Slow down.,b:Drive at a speed appropriate for ideal conditions.,c:Apply your brakes as soon as your car starts to skid.",a,Slowing down reduces the chance that your tires will lose contact with the road surface.,medium
2,Traffic Laws & Rules of the Road,A prudent driver should:,"a:Assume all other drivers obey right-of-way rules.,b:Assume most drivers obey the rules.,c:Always be prepared to yield right-of-way to avoid collisions.,d:Never yield as you have the right-of-way.",c,"Even if you have the legal right-of-way, be prepared to yield if it prevents a collision; don't assume others will follow the rules.",easy
2,Traffic Laws & Rules of the Road,"If you approach a green light but traffic is blocking the intersection, what should you do?","a:Partially enter to establish right-of-way.,b:Do not enter the intersection until you can clear it completely.,c:Enter and wait in the intersection until traffic clears.,d:Speed up to beat the congestion.",b,"Even on a green light, do not enter an intersection unless you can get completely through without stopping and blocking it.",easy
2,Traffic Laws & Rules of the Road,"When entering a roadway from an alley or driveway, where must you stop?","a:At the sidewalk.,b:Honk your horn.,c:At a speed of 15 mph.",a,"When entering a roadway from an alley, driveway, or building, stop before reaching the sidewalk to check for pedestrians and traffic.",easy
3,"Signs, Signals & Road Markings",A broken yellow centerline next to your lane means:,"a:Passing is not permitted.,b:Passing on the left is permitted when the way ahead is clear.,c:Passing on the right is permitted when the way ahead is clear.",b,A broken yellow line on your side of the road indicates you may cross to pass when it is safe and there is no oncoming traffic.,easy
4,Safe & Defensive Driving Practices,The best thing to do if you become tired while driving is to:,"a:Stop to rest or change drivers.,b:Open a window.,c:Drink coffee.",a,"If tired, stop at a safe place to rest or switch drivers; temporary measures like coffee are not reliable.",easy
5,Driving in Special Conditions,"If a road is slippery, how should your following distance change?","a:Be farther from the car ahead than normal.,b:Be no different than normal.,c:Be closer to the car ahead than normal.",a,"On slippery roads you need more stopping distance, so increase the distance between you and the vehicle ahead.",easy
3,"Signs, Signals & Road Markings","At a red light with a green arrow, when may you proceed in the arrow direction?","a:If you are in the proper lane and the intersection is clear.,b:Only after coming to a complete stop.,c:Only when the light changes to green.",a,"A green arrow gives you the right to proceed in that direction if you are in the correct lane and the way is clear, but yield to pedestrians and other traffic already in the intersection.",medium
4,Safe & Defensive Driving Practices,"If someone is tailgating you on a two-lane road and you cannot change lanes, what should you do?","a:Reduce your speed slowly to encourage the tailgater to drive around you.,b:Apply your brakes to slow down, then resume your original speed.,c:Speed up to increase the distance between you and the other car.",a,"If you are being tailgated and cannot change lanes, slow down gradually to encourage the tailgater to pass; avoid sudden braking.",medium
2,Traffic Laws & Rules of the Road,When turning left at an intersection you should:,"a:Always yield to oncoming traffic and pedestrians.,b:Expect oncoming traffic to yield to you.,c:Turn quickly without checking for pedestrians.,d:Use the right lane when turning left.",a,Left-turning drivers must yield to oncoming traffic traveling straight and to pedestrians crossing the roadway.,easy
2,Traffic Laws & Rules of the Road,Under what condition may you drive in a High Occupancy Vehicle (HOV) lane?,"a:If you drive faster than other traffic.,b:If your vehicle has multiple occupants.,c:If you are driving more slowly than traffic.,d:If it is late at night.",b,HOV lanes are reserved for vehicles with the required minimum number of occupants as shown by signage and diamond markings.,easy
3,"Signs, Signals & Road Markings",What does a double solid yellow centerline indicate about passing?,"a:Not allowed from either direction.,b:Allowed only from your direction of travel.,c:Allowed from both directions.",a,Double solid yellow lines mean no passing for traffic in either direction.,easy
8,Special Situations & Road Users,"When a bicyclist is making a left turn, what might they do?","a:They may use the left lane.,b:They may cut through all lanes.,c:They may wait on the side of the road.",a,Bicyclists are allowed to use the left lane to make a left turn; expect bicyclists to follow the same rules as motorists.,medium
4,Safe & Defensive Driving Practices,Which foot should you use for braking and accelerating?,"a:Use your left foot to brake.,b:Use your right foot for both braking and accelerating.,c:Always brake abruptly to ensure stopping.,d:Alternate feet for comfort.",b,Use your right foot for both the accelerator and brake to avoid accidental simultaneous inputs and ensure smoother stops.,easy
5,Driving in Special Conditions,"When driving at night, you should generally:","a:Increase your following distance.,b:Always use your high beams.,c:Look directly at the headlights of an oncoming vehicle.",a,Night driving reduces visibility and judgement; increase following distance and use appropriate beam settings for safety.,easy
2,Traffic Laws & Rules of the Road,"When entering and using a roundabout, drivers should:","a:Yield to traffic already circulating in the roundabout.,b:Yield to entering traffic.,c:Drive clockwise around the central island.,d:Stop before entering even if clear.",a,Roundabouts flow counterclockwise; drivers entering must yield to traffic already in the circle.,medium
1,Licensing & Permit Requirements,What is the legal status of holding a driver license?,"a:Privilege, not a right.,b:Requirement.,c:Right, not a privilege.",a,"A driver license is a privilege that must be earned and maintained, not an inherent right.",easy
8,Special Situations & Road Users,At a crosswalk you must:,"a:Yield to pedestrians.,b:Pedestrians must yield to you.,c:Construction workers must yield to you.",a,Pedestrians have the right-of-way at crosswalks; vehicles must stop for them unless directed otherwise.,easy
2,Traffic Laws & Rules of the Road,Excessive speed:,"a:Increases the likelihood of serious bodily injury and death.,b:Saves time so you can get to your destination more quickly.,c:Helps you maneuver around obstacles.",a,Driving too fast increases crash severity and reduces reaction time; it does not reliably save time.,easy
2,Traffic Laws & Rules of the Road,"If a traffic signal is green but a police officer signals you to stop, you should:","a:Obey the officer.,b:Obey the traffic signal.,c:Do what the vehicle in front of you does.",a,Follow directions from a police officer even if they contradict traffic signals or signs.,easy
4,Safe & Defensive Driving Practices,Excessive speed generally:,"a:Does not increase crash risk.,b:Increases your ability to react to hazards.,c:Often leads to high-risk decision-making.,d:Is always safe on wide roads.",c,Excessive speed contributes to crashes and often causes riskier decisions and less time to react safely.,medium
4,Safe & Defensive Driving Practices,Which of these is a safe driving habit?,"a:Using high beam headlights in fog.,b:Staring constantly at the road ahead.,c:Checking your rearview mirrors frequently.,d:Relying solely on side mirrors.",c,"To stay aware of hazards, scan the road and check rearview mirrors every 2–5 seconds. Use low beams in fog, not high beams.",easy
8,Special Situations & Road Users,A stopped school bus is using its red flashing lights. What must you do?,"a:Stop for as long as the red lights are flashing.,b:Slow to 25 mph and pass cautiously.,c:Stop and proceed when you think all children have exited the bus.",a,"When a school bus displays flashing red lights, motorists must stop until the lights are turned off, unless the bus is on the opposite side of a divided highway.",easy
2,Traffic Laws & Rules of the Road,When may you legally block an intersection?,"a:Under no circumstances.,b:If you entered the intersection on the green light.,c:During rush hour traffic.",a,You must not enter an intersection unless you can clear it; blocking an intersection can result in a citation.,easy
2,Traffic Laws & Rules of the Road,Which of the following about driving speed is correct?,"a:As your speed increases, the chance of a fatality increases and you should increase your following distance.,b:As your speed increases, the chance of a fatality decreases.,c:Speed does not affect stopping distance.",a,"Higher speeds increase stopping distance and the severity of collisions, so following distance must increase with speed.",easy
5,Driving in Special Conditions,"When driving on gravel or dirt roads, your tires have:","a:Less traction than on pavement, so you must slow down.,b:Better grip than on pavement.,c:Improved visibility compared to pavement.",a,Loose surfaces reduce traction and increase stopping distance and skid risk; slow down and drive cautiously.,medium
3,"Signs, Signals & Road Markings",A solid yellow arrow on a traffic signal means you should:,"a:Prepare to stop and yield the right-of-way to oncoming traffic.,b:Speed up so you can make the turn before the light changes.,c:You do not need to signal to turn from the indicated lane.",a,A steady yellow arrow warns that the protected turn is ending; yield to oncoming traffic and prepare to stop if needed.,medium
2,Traffic Laws & Rules of the Road,"When another vehicle is passing you, you should:","a:Maintain a constant speed.,b:Brake hard.,c:Speed up.",a,Allow the passing vehicle to complete the maneuver safely by maintaining your speed or slowing slightly if needed.,easy
2,Traffic Laws & Rules of the Road,Drivers making a left turn must yield to which of the following?,"a:Vehicles approaching from behind.,b:Oncoming traffic traveling straight or turning right.,c:No one; left-turning drivers always have the right-of-way.,d:Only to bicyclists.",b,Drivers turning left must yield to oncoming vehicles (including bicycles and motorcycles) that are going straight or turning right.,easy
3,"Signs, Signals & Road Markings",What does a broken yellow centerline between lanes indicate?,"a:Both lanes go in the same direction.,b:Passing is permitted when it is safe.,c:Passing is prohibited.,d:Lane is reserved for carpool vehicles.",b,Dashed yellow lines separate opposite-direction lanes and indicate passing is allowed when there is no oncoming traffic.,easy
3,"Signs, Signals & Road Markings","From top to bottom, what is the correct order of traffic lights?","a:Red, yellow, green.,b:Red, green, yellow.,c:Green, yellow, red.,d:Yellow, red, green.",a,"Standard vertical traffic signals are arranged red on top, yellow in the middle, and green on the bottom.",easy
5,Driving in Special Conditions,"When driving in fog, you should:","a:Slow down and use your low beam headlights.,b:Slow down and use your high beam headlights.,c:Flash your lights to warn oncoming drivers.,d:Drive at normal speed if visibility seems okay.",a,"In fog, slow down and use low beams; high beams reflect and reduce visibility. If you cannot see, pull off safely and wait.",easy
8,Special Situations & Road Users,If you see an emergency vehicle with flashing lights behind you on a city street you should:,"a:Drive to the right edge of the road and stop.,b:Stay in your lane, slow down, and let it pass.,c:Drive to the right edge of the road and slow down.",a,"Pull to the right and stop to allow emergency vehicles to pass; if in an intersection, clear it first then stop.",easy
2,Traffic Laws & Rules of the Road,Where is it safe to pass another vehicle?,"a:Wherever signs and/or pavement markings permit passing.,b:Within an intersection where there are no oncoming vehicles.,c:Within a curve where there are no oncoming vehicles.",a,"Only pass where signs and pavement markings allow; never pass in intersections, on curves, or where sight distance is limited.",medium
4,Safe & Defensive Driving Practices,A distraction while driving is:,"a:Anything that takes your attention away from driving.,b:Anything that causes you to pay more attention to driving.,c:Anything that causes evasive action while driving.",a,A distraction is anything that diverts your attention from driving and can lead to collisions.,easy
8,Special Situations & Road Users,When following which vehicle should you leave extra space in front of you?,"a:Motorcycle.,b:Passenger vehicle.,c:Station wagon.",a,Allow extra following distance for motorcycles because they can stop quickly and are harder to see at night.,easy
8,Special Situations & Road Users,"When approaching a pedestrian using a white cane or guide dog, you should:","a:Stop until the person is well away from your path of travel.,b:Carefully drive around them.,c:Honk your horn as you proceed past them.",a,Yield and stop for blind pedestrians using a cane or guide dog until they are safely past your vehicle.,easy
3,"Signs, Signals & Road Markings",What does a solid yellow line on your side of the centerline indicate?,"a:Do not pass.,b:Reduce your speed.,c:Traffic light ahead.",a,A solid yellow centerline on a two-lane road indicates a no-passing zone for traffic on the side with the solid line.,easy
4,Safe & Defensive Driving Practices,"If you become drowsy while driving, what should you do?","a:Take a break.,b:Try to fight it.,c:Take some caffeine pills.",a,"The safest response to drowsiness is to stop and rest, nap, or change drivers; caffeine or attempts to fight it are unreliable.",easy
8,Special Situations & Road Users,"After stopping for a train at a railroad crossing, you should:","a:Look for a second train and wait for signal lights to stop flashing.,b:Wait only until the train has passed and then go immediately.,c:Proceed as soon as the train clears your lane.",a,Always check for additional trains on other tracks and wait for gates and signals to clear before proceeding.,medium
2,Traffic Laws & Rules of the Road,How do stopping distance and collision severity change as vehicle speed increases?,"a:They decrease as speed increases.,b:They remain unaffected by speed.,c:They increase as speed increases.,d:They vary unpredictably.",c,"As speed increases, stopping distances and the force of collisions increase, raising risk of serious injury or death.",medium
2,Traffic Laws & Rules of the Road,"At a four-way stop, who has the right-of-way?","a:The vehicle on your left.,b:The driver who arrived before you.,c:The vehicle across from you.,d:The fastest vehicle.",b,"At a stop sign on all corners, proceed in the order of arrival. If arriving simultaneously, yield to the vehicle on your left (yield right-of-way to the right).",medium
4,Safe & Defensive Driving Practices,"If your vehicle starts to skid, what should you avoid doing?","a:Using the brakes.,b:Braking lightly.,c:Applying the brakes abruptly.",a,"If your vehicle is skidding, avoid braking which can worsen the skid; steer to regain control and let speed reduce.",medium
8,Special Situations & Road Users,When should drivers yield the right-of-way to pedestrians in a crosswalk?,"a:At all times.,b:Only if the pedestrians first wave to the driver.,c:Only if the pedestrians are not texting while walking.",a,Drivers must yield to pedestrians in crosswalks under all conditions to prevent collisions.,easy
4,Safe & Defensive Driving Practices,When should you adjust your rearview and side mirrors?,"a:Before you start driving.,b:Before you get into the car.,c:Whenever you need to use them.",a,Adjust mirrors after you are seated and before you move the vehicle; do not wait until you are driving to make mirror adjustments.,easy
2,Traffic Laws & Rules of the Road,"If two lanes move in your direction and you are in the left lane while others pass on the right, what should you do if the driver behind wishes to go faster?","a:Stay in your lane.,b:Drive onto the left shoulder to let them pass.,c:Move into the right lane when it is safe.,d:Stop suddenly to let them by.",c,"If slower than surrounding traffic, move to the right lane when safe to allow faster vehicles to pass.",easy
4,Safe & Defensive Driving Practices,How do stopping distances and crash severity change as vehicle speed increases?,"a:They increase as vehicle speed increases.,b:They are not affected by vehicle speed.,c:They decrease as vehicle speed increases.",a,Higher speeds increase stopping distances and the severity of collisions; driving faster raises crash risk and impact.,medium
2,Traffic Laws & Rules of the Road,"If a police officer directs you through a red traffic light without stopping, what should you do?","a:Come to a complete stop before proceeding.,b:Go through the intersection without stopping.,c:Stop until the light turns green.",b,A police officer's traffic directions override traffic signals and signs; follow the officer's instructions.,easy
7,Vehicle Ownership & Responsibilities,Who may park in spaces reserved for handicap parking?,"a:Anyone if all other spaces are full.,b:Drivers with the proper handicap plate or hanging tag.,c:People who are not feeling well.,d:Drivers transporting groceries.",b,You must have the appropriate license plate or hang tag showing the international symbol to park in a reserved handicap space.,easy
2,Traffic Laws & Rules of the Road,To turn left from a multilane one-way street onto a one-way street you should start the turn from:,"a:The lane closest to the left curb.,b:Any lane as long as it is safe.,c:The lane in the center of the road.",a,"When turning left from a one-way street to another one-way street, begin from the far left lane.",easy
2,Traffic Laws & Rules of the Road,"When there are oncoming vehicles to your left and parked cars to your right, you should steer:","a:A middle course between the oncoming and parked vehicles.,b:Closer to the oncoming vehicles than the parked vehicles.,c:Closer to the parked vehicles than the oncoming vehicles.",a,Steering a middle course helps maximize clearance from both moving oncoming traffic and parked vehicles.,easy
6,"Alcohol, Drugs & Impaired Driving",Which statement about driving and medications is true?,"a:Prescription drugs are always safe if prescribed.,b:Most cold medications can cause drowsiness.,c:Over-the-counter drugs cannot impair driving at recommended doses.,d:Medications never affect driving ability.",b,Many over-the-counter cold medicines can make you drowsy and impair driving; all medications have potential effects on driving ability.,medium
2,Traffic Laws & Rules of the Road,Before entering an intersection you should look:,"a:Left, right, then left again.,b:Right only.,c:Left only.",a,"Look left, then right, and left again before entering; vehicles from the left are closer and should be checked last.",easy
5,Driving in Special Conditions,Which headlights should you use when driving in fog?,"a:Use your low beam headlights.,b:Use your parking lights.,c:Use your high beam headlights.",a,"Use low beams in fog, rain, snow, or sleet; high beams reflect back and reduce visibility.",medium
8,Special Situations & Road Users,Why is it dangerous to follow a motorcycle too closely?,"a:A motorcycle can stop much faster than a standard vehicle.,b:They brake more slowly than motor vehicles.,c:They do not follow the same rules as motor vehicles.",a,Motorcycles can stop quickly; following too closely reduces the time and space needed to avoid a collision with a motorcycle.,easy
8,Special Situations & Road Users,"If a child is riding a bicycle near your vehicle, you should:","a:Beep your horn to warn them.,b:Expect the child to be fully in control.,c:Expect the unexpected and be prepared for sudden movements.,d:Speed up to pass quickly.",c,Children on bicycles are unpredictable; give them extra room and be prepared for sudden direction changes.,easy
5,Driving in Special Conditions,"To reduce glare from oncoming headlights, what should you do?","a:Look briefly toward the right side of the road.,b:Stay focused on the centerline.,c:Flash your high beams.",a,"Avoid staring at bright oncoming lights; glance briefly toward the right edge of the road, then return your view forward.",easy
3,"Signs, Signals & Road Markings","If you are driving next to a single broken white line, what is permitted?","a:You may cross the line to pass and change lanes.,b:You cannot cross the line to pass.,c:You may only cross the line to change lanes if you are in the left lane.",a,Dashed white lines separate lanes moving in the same direction and may be crossed for lane changes or passing when safe.,easy
5,Driving in Special Conditions,Roads are most slippery:,"a:Just after it starts to rain.,b:When it has been raining hard for several hours.,c:When they are clean and dry.",a,"Early in a rain event, oil and residue mix with water making the roadway especially slick.",medium
5,Driving in Special Conditions,"When weather or light conditions require lights while driving, which should you use?","a:Parking lights.,b:High beam headlights.,c:Low beam headlights.,d:Hazard flashers only.",c,"Use low beam headlights in fog, rain, or snow; high beams will reflect and create glare, reducing visibility.",easy
6,"Alcohol, Drugs & Impaired Driving",How many alcoholic drinks does it take to impair your driving ability?,"a:One,b:Two,c:Three.",a,"Even a single alcoholic drink can affect coordination, judgment, and reaction time; the safest choice is not to drive after drinking.",medium
5,Driving in Special Conditions,"If you want to enter a freeway but cannot find a gap in traffic, you should:","a:Maintain your speed and force other drivers to make room.,b:Slow down on the ramp and wait for a gap.,c:Stop at the end of the ramp and wait.,d:Back up the ramp to look for a gap.",b,"If you cannot safely merge, slow on the entrance ramp to wait for an adequate gap so you can accelerate to traffic speed.",medium
2,Traffic Laws & Rules of the Road,"At a four-way stop where you reach the intersection at the same time as the driver on your left, who has the right-of-way?","a:The driver on your right has the right-of-way.,b:You have the right-of-way.,c:The driver on your left has the right-of-way.",a,"When vehicles arrive simultaneously at a multi-way stop, the vehicle on the right has the right-of-way.",easy
3,"Signs, Signals & Road Markings",What does a broken yellow centerline indicate?,"a:Passing on the left is permitted when the way ahead is clear.,b:Passing is not permitted.,c:Passing on the right is permitted when the way ahead is clear.",a,A broken yellow centerline on your side means you may cross the centerline to pass if there is no oncoming traffic; do not cross a solid yellow to pass.,easy
4,Safe & Defensive Driving Practices,Which habit is part of defensive driving?,"a:Keep your eyes moving to look for possible hazards.,b:Put one car length between you and the car ahead.,c:Look only at the car in front of you while driving.",a,"Defensive drivers scan the road, check mirrors, and watch surrounding traffic rather than fixating straight ahead.",easy
7,Vehicle Ownership & Responsibilities,If you hit a parked vehicle and can't find the owner you must:,"a:Leave a note with your name and address on the parked vehicle.,b:Call your insurance company when you get home.,c:Wait for the owner to return.",a,"If you damage a parked vehicle, leave your contact information securely attached to the vehicle.",easy
2,Traffic Laws & Rules of the Road,At a yield sign you must:,"a:Always slow and proceed without stopping.,b:Yield right-of-way to cross traffic close enough to cause a conflict.,c:Yield only to vehicles coming from your right.,d:Stop completely regardless of traffic.",b,"At a yield sign, slow or stop if necessary and give right-of-way to crossing or merging vehicles that are close enough to cause a conflict.",easy
3,"Signs, Signals & Road Markings",What does a curb painted red indicate?,"a:The area is reserved for picking up or dropping off passengers.,b:No parking, standing, or stopping.,c:Loading zone.,d:Parking allowed for short stops only.",b,"A red-painted curb means you may not stop, stand, or park in that area.",easy
4,Safe & Defensive Driving Practices,"Before turning the ignition, what should you do regarding safety belts?","a:Both of the above.,b:Be sure all passengers have buckled their safety belts.,c:Buckle your safety belt.",a,"Form a routine: before switching on the ignition, fasten your seat belt and make sure all passengers are belted.",easy
4,Safe & Defensive Driving Practices,What is distracted driving?,"a:Anything that takes your attention away from driving.,b:Anything that causes evasive action while driving.,c:Anything that causes you to pay more attention to driving.",a,"Distracted driving includes anything that takes your eyes, hands, or mind off driving and is a major cause of collisions.",medium
2,Traffic Laws & Rules of the Road,"As you enter a roundabout, who must you yield to?","a:Both pedestrians and bicyclists and traffic already in the roundabout.,b:Any car already within the roundabout.,c:Any crossing pedestrians and bicyclists.",a,"When entering a roundabout, yield to pedestrians and bicyclists and to any traffic already circulating in the roundabout.",medium
2,Traffic Laws & Rules of the Road,If you encounter a flashing red traffic light you must:,"a:Treat the intersection as if it is controlled by a stop sign.,b:Are traveling in the wrong direction.,c:May not proceed until it changes to green.",a,"A flashing red light is equivalent to a stop sign: stop, yield, and proceed when safe.",easy
6,"Alcohol, Drugs & Impaired Driving","For drivers age 21 and older, what blood alcohol concentration (BAC) is illegal?","a:0.08 percent.,b:0.05 percent.,c:0.02 percent.",a,Drivers aged 21 or older are legally impaired at a BAC of 0.08% or higher; driving after any amount of alcohol is unsafe.,medium
8,Special Situations & Road Users,"If you see pedestrians near the roadway, what should you do?","a:Slow down and pass with caution.,b:Sound your horn and maintain your speed.,c:Speed up to clear the area quickly.",a,Watch for pedestrians who may enter the roadway; slow down and be prepared to stop if necessary.,easy
3,"Signs, Signals & Road Markings","If the broken yellow line is beside your lane when the center is marked with a solid and a broken yellow line, what does it mean?","a:You may pass other vehicles to the left when no oncoming traffic is present.,b:You are not allowed to pass in this area.,c:You are only allowed to make right turns in this area.",a,A broken yellow line beside your lane indicates you may pass when it is safe and no oncoming traffic is present; the solid line side may not pass.,medium
6,"Alcohol, Drugs & Impaired Driving",Alcohol at any concentration acts as which of the following?,"a:A stimulant.,b:A depressant.,c:An antihistamine.,d:Neither of the above.",b,"Alcohol is a depressant and slows nerve impulses and bodily functions, impairing judgment, concentration, and alertness.",easy
6,"Alcohol, Drugs & Impaired Driving",What is the only effective method to remove alcohol from the body?,"a:Drink strong coffee.,b:Wait.,c:Take a cold shower.,d:Chew gum.",b,Time is the only way to remove alcohol from your system; other remedies do not reduce blood alcohol content.,easy
6,"Alcohol, Drugs & Impaired Driving",What should you do about medicine before driving?,"a:Consult your doctor or pharmacist about the effects before driving.,b:Have someone follow you home.,c:Keep your window open and drive more slowly.",a,Both prescription and over-the-counter drugs can impair driving. Ask a medical professional about side effects before driving.,medium
3,"Signs, Signals & Road Markings","At a red traffic light displaying a green arrow for your lane, when may you proceed?","a:You are in the proper lane and the roadway is clear.,b:You first come to a complete stop.,c:You wait until the light changes to green.",a,A green arrow allows movement in the arrow's direction if you are in the corresponding lane and the way is clear.,easy
6,"Alcohol, Drugs & Impaired Driving",What is the first ability affected by alcohol?,"a:Vision.,b:Judgment.,c:Balance.,d:Hearing.",b,"Judgment is typically the first mental ability reduced by alcohol, leading to poor decisions and impaired driving skills.",easy
6,"Alcohol, Drugs & Impaired Driving",Which of the following affects how alcohol is absorbed by an individual?,"a:Weight,b:Height,c:Intelligence,d:None of the above.",a,"Factors affecting alcohol absorption include weight, biological sex, food in the stomach, and the amount consumed; weight is one of them.",medium
8,Special Situations & Road Users,You should allow an extra cushion of space when following:,"a:A driver who cannot see the rear of their vehicle.,b:A small passenger car.,c:A station wagon.",a,Large vehicles or those towing trailers may have limited rear visibility; increase following distance to see around them.,easy
8,Special Situations & Road Users,"When a school bus is picking up or dropping off children, drivers must:","a:Stop regardless of direction of travel.,b:Stop only when traveling in the same direction as the bus.,c:Slow down and be prepared to stop.,d:Pass cautiously at 10 mph.",a,"You must stop for a school bus that is loading or unloading children, regardless of the direction you are traveling, unless on a divided highway where rules differ.",easy
3,"Signs, Signals & Road Markings",What type of information do blue traffic signs provide?,"a:Motorist services (rest areas, hospitals),b:Construction and maintenance details.,c:Mileage and distance information.,d:Regulatory instructions.",a,"Blue roadway signs are service signs that tell drivers about motorist services like rest areas, food, and hospitals.",easy
4,Safe & Defensive Driving Practices,"If the rear of your vehicle is skidding left, what is the correct steering action?","a:Turn your steering wheel to the left to correct the skid.,b:Not turn your steering wheel.,c:Turn your steering wheel to the right to correct the skid.",a,"In a skid, steer in the direction of the skid to help realign the vehicle; release the accelerator and avoid braking unless necessary.",medium
5,Driving in Special Conditions,When driving at night you should:,"a:Increase your following distance.,b:Always use your high beams.,c:Look directly at the headlights of an oncoming vehicle.",a,Increase following distance at night and use headlights correctly; avoid looking directly at oncoming beams.,medium
5,Driving in Special Conditions,"When driving in fog, which lighting choice is recommended?","a:Low beam headlights.,b:Four-way flashers.,c:High beam headlights.",a,Low beam headlights improve visibility in fog; high beams can worsen it by reflecting off the moisture.,easy
5,Driving in Special Conditions,What should you avoid doing when driving through a construction zone?,"a:Stop to watch the workers.,b:Pass the zone carefully and do not slow to 'rubberneck'.,c:Decrease your following distance.",b,Drive carefully through work zones and do not slow down to look; maintain a safe following distance for everyone's safety.,medium
5,Driving in Special Conditions,"If your vehicle begins to lose traction due to water on the road, you should:","a:Slow down gradually and not apply the brakes.,b:Drive at a constant speed to gain better traction.,c:Apply the brakes firmly to prevent your vehicle from sliding.",a,"When hydroplaning, ease off the gas and let the vehicle slow; avoid braking until you regain traction.",medium
3,"Signs, Signals & Road Markings",What do broken yellow lines on the center of the pavement indicate?,"a:Separate lanes of traffic moving in opposite directions and passing is permitted.,b:Indicate no passing zones.,c:Separate lanes of traffic moving in the same direction.",a,Dashed yellow lines separate traffic moving in opposite directions and allow passing when it is safe to do so.,easy
4,Safe & Defensive Driving Practices,You can help keep the driver behind you a safe distance away by:,"a:Maintaining a steady speed.,b:Driving 10 mph faster than the car behind you.,c:Driving 10 mph slower than the car behind you.",a,Keeping a steady speed and signaling early helps drivers behind maintain a safe following distance.,easy
2,Traffic Laws & Rules of the Road,"If you enter a left-turn lane with oncoming traffic present, what should you do?","a:Signal before you arrive at the intersection.,b:Move to the left of the center lane.,c:Turn your front wheels to the left to be prepared to turn.",a,Signal about 100 feet before the turn and keep your wheels straight until you actually begin the turn to avoid being pushed into traffic if hit from behind.,medium
5,Driving in Special Conditions,When is it permissible to pass on the right shoulder of the road?,"a:Never.,b:When the car ahead is turning left.,c:When the vehicle ahead is driving too slowly.,d:When traffic is stopped in your travel lane.",a,You may not drive off the pavement or onto the shoulder to pass. Passing on the right shoulder is not permitted.,medium
4,Safe & Defensive Driving Practices,Which of the following commonly contributes to traffic crashes?,"a:Exceeding the posted speed limit or driving too fast for conditions.,b:Getting adequate rest and staying alert.,c:Scanning the environment and staying focused on driving.",a,Driving over the speed limit or too fast for conditions is a common factor in crashes; match speed to conditions and traffic flow.,medium
3,"Signs, Signals & Road Markings",A flashing yellow traffic signal indicates that you should:,"a:Slow down and proceed with caution.,b:Come to a complete stop as quickly as possible.,c:Stop and proceed only when the intersection is clear.",a,A flashing yellow warns you to reduce speed and use caution; you do not need to stop unless conditions require it.,easy
3,"Signs, Signals & Road Markings",Regulatory traffic signs are typically what color background?,"a:Yellow.,b:White.,c:Green.",b,"Regulatory signs convey traffic laws and are commonly white rectangles or squares with black, red, or green text or symbols.",easy
5,Driving in Special Conditions,"Work zone barriers, drums, cones, and signs are used to:","a:Keep traffic out of hazardous work zones.,b:Make drivers angry about slow traffic.,c:Inconvenience drivers.",a,These devices are placed to protect workers and drivers by guiding traffic away from hazards in work zones.,easy
8,Special Situations & Road Users,You may not park within how many feet of a railroad crossing?,"a:50 feet,b:75 feet,c:100 feet.",a,Do not park within 50 feet of a railroad crossing so your vehicle does not block the crossing or create a hazard.,medium
2,Traffic Laws & Rules of the Road,"When entering the interstate on a short ramp with no acceleration lane, what is the correct procedure?","a:Speed up and enter the interstate only after you have identified a gap in traffic.,b:Immediately enter the far-right traffic lane and speed up to match traffic.,c:Use the shoulder of the main road to get up to the speed of traffic.",a,"On a short ramp without an acceleration lane, wait for a safe gap, then accelerate and merge into traffic safely.",medium
2,Traffic Laws & Rules of the Road,What is the proper way to make a right turn?,"a:Signal, slow down, and get into the lane closest to the right curb before turning.,b:Signal, slow down, and get into the lane closest to the centerline before turning.,c:Approach the corner in the lane nearest the right curb, but move toward the middle before turning.",a,"Signal, slow, and make the turn from the lane nearest the right curb or edge of the road, staying close to the curb.",easy
2,Traffic Laws & Rules of the Road,You should use your horn when:,"a:It may help prevent a collision.,b:Another vehicle is in your way.,c:Another driver makes a mistake.",a,Use the horn only when necessary to avoid collisions or to alert others to your presence.,easy
5,Driving in Special Conditions,"To reduce the risk of hydroplaning in wet weather, you should:","a:Decrease your speed.,b:Put on your cruise control to maintain a constant speed.,c:Move to the shoulder as soon as it starts to rain.",a,Lower speed in wet conditions so tires can channel water and maintain traction with the road.,medium
5,Driving in Special Conditions,"At dawn, dusk, and in rain or snow, a good way to let others know you are there is to turn:","a:On your headlights.,b:On your parking lights.,c:Up the instrument panel lights.",a,Use your headlights when visibility is reduced so other drivers can see your vehicle.,easy
8,Special Situations & Road Users,"When following a motorcycle, you should:","a:Allow a larger following distance.,b:Be ready to use your horn.,c:Drive more slowly than posted speeds.",a,Give motorcycles extra following distance (3–4 seconds) so you can react to sudden stops or loss of control.,easy
8,Special Situations & Road Users,"If the driver ahead stops at a crosswalk, what should you do?","a:Cautiously pass the vehicle at about 10 mph.,b:Stop and proceed only after all pedestrians have crossed.,c:Change lanes and go around the stopped vehicle.,d:Sound your horn and drive around them.",b,You must not pass a stopped vehicle at a crosswalk; there may be pedestrians crossing that you cannot see. Wait until all pedestrians are clear.,easy
4,Safe & Defensive Driving Practices,"If your car begins to skid out of control, you should:","a:Stay off the brakes.,b:Apply the brakes lightly.,c:Pump the brakes.",a,"During a skid, avoid braking and focus on steering to regain control until traction returns.",medium
8,Special Situations & Road Users,Which statement about blind spots is correct?,"a:Large trucks have bigger blind spots than most passenger vehicles.,b:They are eliminated if you have one outside mirror on each side of the vehicle.,c:Blind spots can be checked by looking in your rearview mirrors.",a,Large trucks have substantial blind spots that drivers of smaller vehicles should avoid; mirrors do not eliminate all blind spots.,easy
5,Driving in Special Conditions,"When traveling through a work zone, what should you generally do?","a:Maintain your normal speed the whole way through the zone.,b:Reduce your speed and be prepared to stop.,c:Increase your speed to get through the zone as quickly as possible.",b,"Slow down, obey posted work zone speed limits, and be prepared for sudden stops or workers and equipment near the roadway.",easy
8,Special Situations & Road Users,An orange and red triangular sign on the back of a vehicle indicates:,"a:Slow-moving vehicle.,b:The vehicle has the right-of-way.,c:Shoulder work ahead.",a,An orange and red triangle warns that the vehicle travels at low speeds and drivers should use caution.,easy
2,Traffic Laws & Rules of the Road,When changing lanes you should:,"a:Rely only on the rearview mirror.,b:Look over your shoulder in the direction you plan to move.,c:Rely only on the left side mirror.,d:Signal and immediately change without checking.",b,Glance over your shoulder in the direction of the lane change to check blind spots before moving over.,easy
4,Safe & Defensive Driving Practices,"In a vehicle with airbags, where is it safest for children age 12 and under to ride?","a:The bed of a pick-up truck.,b:The back seat.,c:The front seat.",b,Airbags are designed for adult protection and can be dangerous to small children; kids age 12 and under should ride in the back seat.,easy
3,"Signs, Signals & Road Markings",A steady green traffic light at an intersection means:,"a:You may continue through the intersection at a safe and reasonable speed, if it is clear to do so.,b:Increase your speed.,c:Adjust your mirrors.",a,"A steady green light allows you to proceed, but you must yield to traffic or pedestrians already in the intersection.",easy
4,Safe & Defensive Driving Practices,What can you do to help reduce incidents of road rage?,"a:Always signal your intention when changing lanes.,b:Use your horn frequently.,c:Talk on your cell phone while driving.",a,"Signal your intentions, obey traffic laws, and drive courteously to reduce the likelihood of road rage incidents.",easy
5,Driving in Special Conditions,"When stopping on snow or ice in a vehicle equipped with ABS, you should:","a:Press and hold the brake pedal firmly.,b:Pump the brakes.,c:Stay off the brakes and wait for the car to drift to a stop.",a,"With ABS, press and hold the brake firmly; the system will modulate braking for you to help maintain steering control.",medium
2,Traffic Laws & Rules of the Road,"At an intersection with a yield sign, what must you do?","a:Yield the right-of-way to traffic close enough to cause a conflict.,b:Slow down but never stop.,c:Must yield to vehicles only on your right.",a,At a yield sign you must give way to traffic already in the lane you plan to enter and be prepared to stop if necessary.,easy
8,Special Situations & Road Users,A pedestrian started crossing after the Don't Walk signal began flashing and is in the roadway when your light turns green. What should you do?,"a:Wait until the pedestrian crosses the street before proceeding.,b:Proceed if the pedestrian is not in your lane.,c:Proceed if you have the right-of-way.",a,You must yield to pedestrians already in the roadway; wait until they have finished crossing before proceeding.,easy
8,Special Situations & Road Users,"If you see a pedestrian using a guide dog or carrying a white cane, you should:","a:Expect the pedestrian to yield to you.,b:Yield the right-of-way to the pedestrian.,c:Honk to alert them of your presence.,d:Drive slowly behind them until they move.",b,Blind or partially blind pedestrians using a guide dog or white cane must be yielded to; give them the right-of-way.,easy
5,Driving in Special Conditions,What is the primary purpose of rumble strips on the roadway?,"a:Through vibration and sound, they alert inattentive drivers that their vehicle has left the travel lane.,b:They test a vehicle's shock absorbers.,c:They alert drivers to potential tire problems.",a,Rumble strips produce noise and vibration to warn drowsy or inattentive drivers that they are leaving the travel lane or approaching a hazard.,easy
2,Traffic Laws & Rules of the Road,You park uphill on a two-way road with no curb. Which way should you turn your front wheels?,"a:Turn the wheels to the right, toward the side of the road.,b:Turn the wheels to the left, toward the center of the road.,c:Point wheels straight ahead.",b,"On an uphill slope with no curb, turn wheels toward the roadside so the vehicle will roll away from the center of the road if brakes fail.",medium
2,Traffic Laws & Rules of the Road,"At an uncontrolled intersection where you arrive at the same time as vehicles on your right and left, who has the right-of-way?","a:Yield the right-of-way to the vehicle on your right.,b:Yield the right-of-way to the vehicle on your left.,c:Wait until there are no vehicles at the intersection before proceeding.",a,"When vehicles arrive at an uncontrolled intersection simultaneously, the driver on the right has the right-of-way.",easy
5,Driving in Special Conditions,"Why should you use headlights on rainy, snowy, or foggy days?","a:To keep your engine warm.,b:So other road users can see your vehicle.,c:To warn others of bad weather conditions.,d:To improve fuel efficiency.",b,"In poor weather visibility, headlights make your vehicle easier for others to see; if wipers are on you must also use low beam headlights.",easy
4,Safe & Defensive Driving Practices,"If your tires seem to lose contact with the road (hydroplaning), what should you do?","a:Ease your foot off the gas pedal and stay off the brakes.,b:Slow down by pumping the brakes quickly and firmly.,c:Slow down by shifting into a lower gear.",a,"When hydroplaning, gradually slow by easing off the accelerator and avoid braking or sharp steering until traction returns.",medium
2,Traffic Laws & Rules of the Road,It is unlawful to:,"a:Pass another vehicle in any marked no passing zone or over certain crossings (both violations),b:Pass another vehicle over a railroad crossing only.,c:Pass another vehicle in any marked no passing zone only.",a,"You may not pass in marked no-passing zones, at railroad crossings, or where signs prohibit passing.",medium
5,Driving in Special Conditions,"If you encounter a dust storm while driving, what should you do?","a:Slow down, pull completely off the road, turn off your lights, take your foot off the brake, and wait.,b:Be cautious and drive through it, since dust storms usually don't last long.,c:Slow down, pull completely off the road, turn on your lights, and wait.",a,"In severe dust storms, get entirely off the roadway away from traffic, turn off lights and brakes, stay buckled in your vehicle, and wait for the storm to pass.",difficult
8,Special Situations & Road Users,"If you are crossing an intersection when an emergency vehicle with siren and lights approaches, what should you do?","a:Continue through the intersection, pull to the right, and stop.,b:Stop immediately in the intersection until it passes.,c:Pull to the right of the intersection and stop.",a,"If already in the intersection, clear it, then pull to the right and stop to yield to emergency vehicles using lights or sirens.",medium
3,"Signs, Signals & Road Markings","If you approach an intersection showing a steady yellow light and have not entered it, what should you do?","a:Come to a safe stop.,b:Speed up to beat the red light.,c:Reduce your speed and proceed carefully through the intersection.",a,A steady yellow warns that the signal will soon be red; prepare to stop if you have not already entered the intersection.,easy
2,Traffic Laws & Rules of the Road,In which situation should your wheels NOT be pointed straight ahead?,"a:When parked on a hill or sloping driveway.,b:When waiting to make a left turn at a traffic light.,c:When parked on the side of a level roadway where there is no curb.",a,"When parked facing uphill or downhill, turn your wheels so the vehicle cannot roll into traffic if the brakes fail.",medium
8,Special Situations & Road Users,Which statement about bicyclists is correct?,"a:Must follow the same laws as motorists.,b:Must stay in the right lane.,c:Should ride facing traffic.",a,Bicyclists are required to obey the same traffic laws as motor vehicle drivers and have the same rights and responsibilities on the road.,easy
5,Driving in Special Conditions,"When merging onto an interstate, you should:","a:Select a safe gap and merge into traffic.,b:Merge across two lanes at once.,c:Always stop at the end of the ramp.,d:Enter at any speed and slow down once merged.",a,Find a sufficiently large gap in traffic and merge smoothly into the flow at an appropriate speed.,medium
8,Special Situations & Road Users,Large trucks are likely to lose speed when:,"a:Driving up long or steep hills.,b:Driving down long, gradual hills.,c:Driving in long, gradual curves.",a,Trucks take longer to accelerate and may slow considerably when climbing long or steep grades.,easy
2,Traffic Laws & Rules of the Road,"If you plan to pass another vehicle, you should:","a:Not assume the other driver will make space for you to return to your lane.,b:Assume the other driver will let you pass if you use your turn signal.,c:Assume the other driver will maintain a constant speed.",a,Never assume other drivers will yield; verify it is safe before you pass and return to your lane.,medium
2,Traffic Laws & Rules of the Road,"If you face a green light but the intersection ahead is blocked by traffic, what should you do?","a:Stay out of the intersection until traffic clears.,b:Follow the other vehicles and enter the intersection.,c:Turn left and find another route.",a,Do not enter an intersection unless you can fully clear it; blocking an intersection can be illegal and dangerous.,easy
2,Traffic Laws & Rules of the Road,The posted maximum speed limit should be driven only under what conditions?,"a:Under ideal conditions.,b:During the day.,c:During the night.",a,"The posted maximum is the highest legal speed under ideal conditions; adjust speed for traffic, weather, and road conditions.",medium
4,Safe & Defensive Driving Practices,Which statement best describes how a defensive driver thinks?,"a:They assume other drivers will always do the right thing.,b:They anticipate other drivers' possible actions and prepare to react.,c:They expect no breaks and give none.,d:They rely only on traffic signals.",b,Defensive drivers anticipate potential mistakes by others and are prepared to respond to avoid collisions.,easy
6,"Alcohol, Drugs & Impaired Driving",Any amount of alcohol in the bloodstream may affect a driver's:,"a:Right-of-way privileges.,b:Judgment and physical coordination.,c:Knowledge of traffic laws.,d:License class.",b,Even small amounts of alcohol can impair judgment and coordination and affect driving ability.,easy
5,Driving in Special Conditions,"When driving at night on a dimly lit street, you should:","a:Drive slowly enough that you can stop within the area illuminated by your headlights.,b:Turn on your high beam headlights to better see the vehicles ahead of you.,c:Keep the instrument panel lights bright to be more visible to other drivers.",a,"At night, slow down so you can stop within the distance illuminated by your headlights and use appropriate beam settings.",medium
5,Driving in Special Conditions,Traffic control devices in construction and maintenance work areas are what color?,"a:Orange.,b:Red.,c:Yellow.",a,"Orange signs, cones, and barriers are used to indicate construction and maintenance areas.",easy
4,Safe & Defensive Driving Practices,How can you best know where traffic is behind you?,"a:Frequently check your rearview mirror.,b:Turn and look out your back window constantly.,c:Keep vehicles out of your blind spots only.,d:Use only side mirrors.",a,Regularly checking your rearview mirror helps you stay aware of traffic behind you and anticipate changes.,easy
8,Special Situations & Road Users,Extra space in front of a large truck is needed for:,"a:The truck driver to stop the vehicle.,b:Other drivers to merge onto the freeway.,c:Other drivers when they want to slow down.",a,Large trucks need longer stopping distances than passenger cars; leave extra space in front of them.,medium
2,Traffic Laws & Rules of the Road,When changing lanes you should never:,"a:Change lanes abruptly or spontaneously.,b:Look over your shoulder to check your blind spot.,c:Check for other vehicles moving into the same lane.",a,Avoid sudden lane changes; always signal and check mirrors and blind spots first.,easy
2,Traffic Laws & Rules of the Road,"If a truck or bus is making a right turn where you also need to turn right, what should you do?","a:Wait until the truck or bus completes the turn before you turn.,b:Quickly turn before the truck or bus can.,c:Squeeze between the truck or bus and the curb.",a,Large vehicles may swing wide when turning; wait for them to finish their turn before making yours to avoid collision.,medium
5,Driving in Special Conditions,When is pavement most slippery during rainy conditions?,"a:During the first half hour of rain.,b:One half hour after it stops raining.,c:If it has been raining all day.",a,Roads are especially slick during the first half hour of rain as oil and dirt mix with the water to form a greasy film.,medium
7,Vehicle Ownership & Responsibilities,"If your car becomes disabled on the highway, you should:","a:Stop in the right travel lane.,b:Park with all four wheels off the traveled portion of the highway if possible.,c:Stop where you are and leave the vehicle.,d:Turn on high beams to signal for help.",b,"If your vehicle is disabled, move it completely off the main-traveled portion of the road if you can, to avoid blocking traffic and reduce danger.",medium
4,Safe & Defensive Driving Practices,"If you want to pass a pedestrian and an oncoming vehicle is approaching, you should:","a:Slow down and let the oncoming vehicle pass before you pass the pedestrian.,b:Keep driving at a steady speed; the oncoming vehicle must stop.,c:Honk to get the pedestrian to move over.",a,"Handle one hazard at a time: let the oncoming vehicle pass, then pass the pedestrian only if safe to do so.",easy
2,Traffic Laws & Rules of the Road,"As you approach the top of a hill, how should you prepare?","a:Prepare to stop, if needed.,b:Speed up slightly.,c:Maintain a steady speed.",a,"Because you cannot see what is over the crest, reduce speed and be ready to stop if necessary.",easy
2,Traffic Laws & Rules of the Road,"If you continually pass other vehicles on a two-lane road by driving faster than others, you will:","a:Increase your chances of a collision.,b:Get you to your destination much more quickly and safely.,c:Help prevent traffic congestion.",a,Frequent passing on two-lane roads raises collision risk due to limited sight lines and opposing traffic.,medium
2,Traffic Laws & Rules of the Road,When is it legal to make a left turn on a red light after stopping?,"a:When you are on a one-way street turning onto another one-way street.,b:When you are traveling on a two-way street and turning onto a two-way street.,c:Whenever you yield to all other traffic at the intersection.",a,"After a complete stop, you may turn left on red only from a one-way street onto another one-way street, unless signs prohibit it.",easy
1,Licensing & Permit Requirements,Within how many days must you notify the MVD of an address change?,"a:10 days.,b:30 days.,c:45 days.,d:60 days.",a,You must notify the Arizona MVD of any change of name or address within 10 days of the change.,easy
2,Traffic Laws & Rules of the Road,To pass on a two-lane road you should:,"a:Judge the distance to any oncoming vehicles.,b:Sound your horn as you pass.,c:Flash your headlights as you pass.",a,Ensure there is enough clear distance and time to pass safely before you move into the opposing lane.,medium
2,Traffic Laws & Rules of the Road,"When entering traffic after parking at a curb, you should:","a:Wait for a large enough gap to get up to the speed of traffic.,b:Drive more slowly than other traffic for 200 feet.,c:Enter after the first two vehicles pass.",a,"When merging from a curb, wait for a gap that allows you to accelerate to the speed of traffic safely.",medium
4,Safe & Defensive Driving Practices,How far ahead should a driver typically look in city driving to avoid sudden stops or turns?,"a:One city block.,b:Five feet.,c:Three city blocks.",a,"In city driving, scanning at least one block ahead helps you anticipate hazards and avoid sudden maneuvers.",easy
2,Traffic Laws & Rules of the Road,Is it permissible to drive on the shoulder to pass a car?,"a:Under no circumstances.,b:If the vehicle ahead of you is turning left.,c:If the shoulder is wide enough.",a,Never pass another vehicle by driving on the shoulder; it is unsafe and usually illegal.,easy
2,Traffic Laws & Rules of the Road,"If another driver is passing you in a no passing zone, how should you respond?","a:Slow down and let the other driver safely return to the drive lane.,b:Pull off the road.,c:Maintain your speed and position.",a,Allow an unsafe passing vehicle to return to the travel lane by slowing and making it easier for them to re-enter.,medium
5,Driving in Special Conditions,"If you see animals standing near the roadway, how should you proceed?","a:Slow down and proceed with caution.,b:Quickly swerve into the next lane.,c:Speed up to scare them away.",a,Animals near the road may bolt unpredictably; reduce speed and pass cautiously to avoid collisions.,medium
3,"Signs, Signals & Road Markings",A broken yellow line down the center of the road indicates:,"a:Passing is permitted from either direction.,b:A construction zone is ahead.,c:Passing is not permitted from either direction.,d:Both lanes travel in the same direction.",a,Broken yellow lines between two-way traffic mean drivers may pass when it is safe and there is no oncoming traffic.,easy
7,Vehicle Ownership & Responsibilities,"If a vehicle is equipped with airbags, what should you still do?","a:Seat belts should still be worn.,b:Seat belts do not need to be worn.,c:Seat belts should be worn behind the back.",a,Airbags supplement lap and shoulder belts; for best protection always wear the vehicle's seat belts in combination with airbags.,easy
5,Driving in Special Conditions,"If you see orange construction signs and cones on a freeway, what should you expect?","a:Be prepared for workers and equipment ahead.,b:Change lanes and maintain your current speed.,c:Slow down because the lane ends ahead.",a,"Work zone signs and cones warn of workers, equipment, and lane changes; reduce speed and be prepared to slow or stop.",medium
6,"Alcohol, Drugs & Impaired Driving",Which driving skills are impaired by alcohol and/or drugs?,"a:Reaction time and coordination.,b:Alertness and concentration.,c:All of the above.",c,"Alcohol and many drugs depress the nervous system and reduce alertness, concentration, reaction time, and coordination.",easy
4,Safe & Defensive Driving Practices,Which practice blocks the smooth flow of traffic?,"a:Slowing down to look at a collision scene.,b:Avoiding unnecessary lane changes.,c:Using public transportation instead of your vehicle.",a,Rubbernecking—slowing or stopping to look at a crash—creates congestion and contributes to further incidents.,easy
3,"Signs, Signals & Road Markings",[Removed - image-based question],"a:Right turns only.,b:Right turns permitted.,c:No passing zone.",c,Pennant-shaped yellow signs indicate a no passing zone.,easy
7,Vehicle Ownership & Responsibilities,"If involved in a minor intersection collision with no injuries and little damage, you should:","a:Leave your vehicle in the traffic lane until police arrive.,b:Move your vehicle out of the traffic lane if possible.,c:Never move your vehicle under any circumstances.,d:Drive away if damage is minor.",b,"If no one is injured and it is safe, move vehicles out of the traffic lane to reduce further hazards and wait for law enforcement if needed.",easy
5,Driving in Special Conditions,"Which lights should you use in fog, rain, or snow to avoid reducing visibility?","a:Low beam headlights.,b:High beam headlights.,c:Four-way flashers.",a,Use low beams in adverse weather; high beams can reflect and reduce your ability to see.,easy
2,Traffic Laws & Rules of the Road,"When passing on the left, it is safe to move back into the right lane when:","a:You can see the front of the passed vehicle in your rearview mirror.,b:After about three seconds.,c:When you can no longer see the vehicle over your right shoulder.",a,Return to the driving lane only when you can clearly see the passed vehicle's front in your rearview mirror.,medium
4,Safe & Defensive Driving Practices,How much space should you normally leave between your vehicle and the one ahead?,"a:Three to six seconds,b:One second,c:10 seconds",a,Under normal driving conditions maintain a three- to six-second following distance; increase that distance in poor weather or heavy traffic.,medium
6,"Alcohol, Drugs & Impaired Driving",Which statement about drugs and driving is correct?,"a:Only illegal drugs can impair driving.,b:Even over-the-counter drugs can impair driving.,c:Prescriptions are always safe if you feel fine.,d:Drugs have no effect when combined with alcohol.",b,Legal prescription and over-the-counter drugs can impair driving; it is illegal to drive while impaired by any drug.,easy
5,Driving in Special Conditions,Which lights improve visibility in rain or fog?,"a:Low beam headlights.,b:High beam headlights.,c:Parking lights.",a,"Low beams are best in rain, fog, snow, or sleet; high beams will reflect back and reduce visibility.",easy
8,Special Situations & Road Users,How are bicycles treated on roadways?,"a:As hazards.,b:As vehicles.,c:As pedestrians.,d:As toys.",b,Bicycles are considered vehicles on roadways; bicyclists and motorists must follow the same traffic rules.,easy
8,Special Situations & Road Users,"If there is no crosswalk and a pedestrian is crossing your lane, what must you do?","a:Stop and let the pedestrian finish crossing.,b:Make sure the pedestrian can see you before proceeding.,c:Cautiously drive around the pedestrian.",a,Drivers must yield to pedestrians in the roadway even if there is no marked crosswalk.,easy
5,Driving in Special Conditions,"When driving in fog, rain, or snow, use:","a:Low beam headlights.,b:High beam headlights.,c:Fog lights only.",a,"Low beams reduce glare and help you see better in fog, rain, or snow.",easy
8,Special Situations & Road Users,Must you yield to a pedestrian using a white cane or guide dog?,"a:Only when the guide dog is leading the person across the street.,b:At all times.,c:Only if a crossing guard is present.",b,Pedestrians using a guide dog or white cane (with or without a red tip) must be given the right-of-way at all times.,easy
2,Traffic Laws & Rules of the Road,What is the speed limit when approaching a school crossing if no other limit is posted?,"a:15 mph.,b:10 mph.,c:25 mph.",a,"Unless otherwise posted, the speed limit when approaching a school crosswalk is 15 mph to protect children crossing the road.",medium
4,Safe & Defensive Driving Practices,"When exiting the freeway on a ramp that curves downhill, you should:","a:Slow to a safe speed before the curve.,b:Wait until you have entered the curve to begin braking.,c:Slow to the posted speed limit for the freeway.",a,Reduce speed before entering the curve; braking within a curve can cause loss of control.,medium
