section-num,section-name,question,options,correct-answer,note,difficulty
8,Special Situations & Road Users,"If a child is about to run into the street, what is an appropriate immediate response?","a:Start to prepare to slow down.,b:Flash your headlights.,c:Sound a sharp blast of your horn.",c,"If a pedestrian, especially a child, may enter the street in front of you, a sharp blast of the horn can warn them and help prevent a collision.",medium
2,Traffic Laws & Rules of the Road,"At a four-way stop, who has the right-of-way?","a:The driver who reaches the intersection first.,b:The driver who reaches the intersection second.,c:The driver to your left should always be given the right-of-way.",a,"At a four-way stop, the driver who arrives first should proceed first. If multiple vehicles arrive simultaneously, yield to the right.",easy
2,Traffic Laws & Rules of the Road,"After overtaking another vehicle, when is it safe to return to your lane?","a:When you can see the passed vehicle's headlights in your rearview mirror.,b:When the driver you passed signals you to return.,c:After signaling for three seconds.",a,"Before returning to your driving lane, ensure there's enough room; seeing both headlights of the passed vehicle in your inside rearview mirror indicates adequate space.",medium
8,Special Situations & Road Users,"If you see pedestrians near the road where you are driving, what should you do?","a:Sound your horn and maintain speed.,b:Speed up to clear the area quickly.,c:Slow down and pass with caution.",c,"When pedestrians are near the road, slow down and be prepared to stop; give them extra space and time to cross.",easy
2,Traffic Laws & Rules of the Road,What should you do before passing on a two-lane road?,"a:Judge the distance and speed of any oncoming vehicles.,b:Sound your horn as you begin to pass.,c:Flash your headlights as you pass.",a,Carefully judge the speed and distance of oncoming traffic to ensure you have enough space to pass safely on a two-lane road.,medium
4,Safe & Defensive Driving Practices,How can you help the driver behind you maintain a safe following distance?,"a:Maintain a steady speed.,b:Drive 10 mph faster than the car behind you.,c:Drive 10 mph slower than the car behind you.",a,"Keeping a steady speed and signaling early for turns, lane changes, and deceleration helps the driver behind maintain safe distance.",easy
2,Traffic Laws & Rules of the Road,Should you start across an intersection if you know you will block it when the light turns red?,"a:Under any circumstances.,b:Unless you entered the intersection on a yellow light.,c:Unless you entered the intersection on a green light.",a,Do not enter an intersection unless you can clear it before the light turns red; blocking intersections can result in a citation.,medium
2,Traffic Laws & Rules of the Road,You approach an intersection with a steady yellow light and have not entered it. What should you do?,"a:Speed up to beat the red light.,b:Reduce your speed and proceed through carefully.,c:Come to a safe stop.",c,"A steady yellow means prepare to stop. If you haven't entered the intersection, come to a safe stop unless stopping would be unsafe.",easy
3,"Signs, Signals & Road Markings","If the centerline has one solid yellow and one broken yellow, and the broken line is next to your lane, what does that mean?","a:You are not allowed to pass in this area.,b:You are in a passing zone and may pass if no oncoming traffic is present.,c:You may only make right turns in this area.",b,A broken yellow line next to your lane means you may pass to the left when it is safe and no oncoming traffic is present.,medium
4,Safe & Defensive Driving Practices,"When another vehicle is passing you, how should you respond?","a:Brake hard.,b:Maintain a constant speed.,c:Speed up.",b,"When being passed, keep a steady speed and allow the passing vehicle to merge back safely.",easy
3,"Signs, Signals & Road Markings",What does a steady green traffic light allow you to do?,"a:Proceed through the intersection at a safe and reasonable speed if it is clear.,b:Increase your speed to beat other traffic.,c:Adjust your mirrors before proceeding.",a,"A steady green light permits you to go through the intersection, yielding to traffic and pedestrians already there.",easy
4,Safe & Defensive Driving Practices,When are large trucks most likely to lose speed?,"a:When driving up long or steep hills.,b:When driving down long, gradual hills.,c:When driving in long, gradual curves.",a,Large trucks need more time to accelerate; they often lose speed ascending long or steep grades—give them extra space.,medium
4,Safe & Defensive Driving Practices,What is the 'golden rule' of driving?,"a:Drive aggressively to get where you need to go.,b:Ignore other drivers on the roadway.,c:Treat other road users the way you want to be treated.",c,"Treat other drivers, bicyclists, and pedestrians with respect and courtesy to help prevent conflicts and crashes.",easy
8,Special Situations & Road Users,"When following a motorcycle, how should you adjust your spacing?","a:Allow extra space in front of the motorcycle.,b:Follow at the same distance you would a passenger vehicle.,c:Reduce following distance because motorcycles stop faster.",a,"Give motorcycles more space because they can stop more quickly and are harder to see, especially at night.",easy
6,"Alcohol, Drugs & Impaired Driving","If you are 21 or older, at what BAC are you in violation of the law?","a:0.08 percent,b:0.06 percent,c:0.04 percent",a,A BAC of 0.08% or higher is illegal for drivers 21 and older and results in license suspension and possible criminal penalties.,easy
4,Safe & Defensive Driving Practices,"When passing a pedestrian on the roadway and an oncoming vehicle is approaching, what should you do?","a:Slow down and let the oncoming vehicle pass before you pass the pedestrian.,b:Honk to get the pedestrian to move over.,c:Maintain steady speed; the oncoming vehicle must stop for you.",a,"When multiple hazards are present, handle them one at a time—let the oncoming vehicle pass, then pass the pedestrian if safe.",easy
6,"Alcohol, Drugs & Impaired Driving",What term describes the amount of alcohol in a person's blood?,"a:Blood alcohol concentration (BAC).,b:Implied consent (IC).,c:Rate of alcohol consumption (RAC).",a,Blood Alcohol Concentration (BAC) measures the percentage of alcohol in the bloodstream; higher BAC indicates greater impairment.,easy
5,Driving in Special Conditions,"To reduce the chance of skidding on slippery surfaces, what is the safest practice?","a:Speed up to enter curves and slow down to exit them.,b:Shift to a lower gear after starting down a steep hill.,c:Slow down before entering curves and intersections.",c,"Reduce your speed before a curve or intersection so you do not need to brake sharply while turning, which can cause a skid.",medium
2,Traffic Laws & Rules of the Road,May you drive off the roadway (onto the shoulder) to pass another vehicle?,"a:If the vehicle ahead is turning left.,b:If there are two or more lanes traveling in your direction.,c:Under no circumstances.",c,You must not pass by driving off the paved road or onto the shoulder; this is illegal and unsafe.,easy
6,"Alcohol, Drugs & Impaired Driving",What effect can combining prescription drugs with alcohol have on driving?,"a:It can make you unfit to drive.,b:It will likely have no effect.,c:It will make you more alert.",a,"Many medications interact with alcohol to impair judgment, coordination, and reaction time, making driving unsafe.",difficult
7,Vehicle Ownership & Responsibilities,"If your vehicle experiences a mechanical problem while driving, what should you do?","a:Put on your hazard lights and pull off the road as soon as safely possible.,b:Stop in your lane and put on hazard lights.,c:Signal and pull into the slow lane.",a,Get your vehicle off the road away from traffic and turn on emergency flashers so other drivers can see you.,medium
7,Vehicle Ownership & Responsibilities,Where should a 12-year-old sit in a vehicle equipped with airbags?,"a:The back seat.,b:The front seat.,c:Any seat is acceptable.",a,Children under 14 must be secured in the rear seat using appropriate restraints to avoid airbag-related injuries.,easy
2,Traffic Laws & Rules of the Road,What is an important step to take before making a turn?,"a:Always move into the left lane.,b:Increase your speed.,c:Check traffic in all directions.",c,"Before turning, check rear and both sides for traffic and adjust your speed to complete the turn safely.",easy
4,Safe & Defensive Driving Practices,"On a highway, regularly looking far ahead of your vehicle will:","a:Allow you to spot upcoming police officers.,b:Help you keep up with traffic.,c:Reduce the need for last-minute braking or turning.",c,"Scanning far ahead helps you anticipate hazards, avoid sudden maneuvers, maintain steady traffic flow, and save fuel.",easy
3,"Signs, Signals & Road Markings",What do double solid yellow lines down the center of the road mean regarding passing?,"a:Passing is permitted from both directions.,b:Passing is permitted only from your direction of travel.,c:Passing is not allowed from either direction.",c,Double solid yellow lines indicate that passing across the centerline is prohibited for traffic in both directions.,easy
6,"Alcohol, Drugs & Impaired Driving","As blood alcohol concentration (BAC) increases, what happens to your level of impairment?","a:You become more intoxicated.,b:You become more coordinated.,c:You become more sober.",a,"BAC measures alcohol as a percentage of blood. The higher the BAC, the more impaired a person is.",easy
4,Safe & Defensive Driving Practices,What are common consequences of tailgating other drivers?,"a:It can frustrate others and may result in a citation.,b:It reduces collisions by preventing being cut off.,c:It cannot result in a traffic citation.",a,"Tailgating is dangerous, can provoke aggressive driving, and can lead to legal penalties for unsafe driving.",easy
4,Safe & Defensive Driving Practices,"If a tire blows out while driving, what is the proper immediate response?","a:Hold the steering wheel firmly and use the brakes lightly to slow down.,b:Apply the brake and hold it to stop immediately.,c:Pull over quickly without reducing speed first.",a,"Keep control by holding the wheel firmly, gradually slow by easing off the gas and braking lightly, and pull off the road safely.",medium
7,Vehicle Ownership & Responsibilities,"When parking uphill on a two-way road with no curb, which way should you turn your front wheels?","a:Turn them toward the right (toward the edge of the road).,b:Keep them straight ahead.,c:Turn them toward the center of the road (left).",a,"On roads without a curb, turn wheels right so the vehicle will roll away from the center of the road if the brakes fail.",medium
2,Traffic Laws & Rules of the Road,"If you drive slower than the flow of traffic without reason, what will likely happen?","a:You may interfere with traffic flow and possibly receive a citation.,b:You will improve traffic flow.,c:You demonstrate proper defensive driving technique.",a,Driving much slower than surrounding traffic can obstruct normal traffic movement and may result in a ticket; match the flow when safe and legal.,medium
7,Vehicle Ownership & Responsibilities,You park downhill on a two-way road with no curb. Which direction should you turn your front wheels?,"a:Straight ahead,b:Toward the right, toward the side of the road.,c:Toward the left, toward the center of the road.",b,"When parking facing downhill on a road without a curb, turn your wheels toward the edge of the road so the vehicle will roll away from traffic.",easy
3,"Signs, Signals & Road Markings",What does a double solid yellow centerline mean?,"a:Neither direction may pass.,b:The lane to the right may pass.,c:Both directions may pass.",a,Double solid yellow lines separate traffic moving in opposite directions and prohibit passing from both sides.,easy
7,Vehicle Ownership & Responsibilities,"After a minor intersection collision with no injuries and little damage, what should you do with your vehicle?","a:Leave your vehicle in the traffic lane until police arrive.,b:Move your vehicle out of the traffic lane if you can do so safely.,c:Not move your vehicle for any reason.",b,"If no one is injured and it is safe to do so, move vehicles out of traffic to reduce the risk of additional collisions.",easy
4,Safe & Defensive Driving Practices,"If you must make an emergency stop on an interstate, what is the correct procedure?","a:Get out of your vehicle and flag down the first vehicle that passes.,b:Pull off the road, turn on your emergency flashers, and stay in your vehicle if possible.,c:Sound your horn at passing cars to get their attention.",b,"If possible, pull fully onto the shoulder, activate hazards, and remain in the vehicle until help arrives because walking along the interstate is dangerous.",easy
8,Special Situations & Road Users,"When a pedestrian is using a guide dog or white cane and is crossing, what must drivers do?","a:You must always yield the right-of-way.,b:You must tell them where to cross the street.,c:You only have to yield if at a corner.",a,Blind or visually impaired pedestrians using a guide dog or white cane must always be given the right-of-way by drivers.,easy
6,"Alcohol, Drugs & Impaired Driving",Which statement about driving while taking medications is correct?,"a:Over-the-counter medications cannot impair driving ability if taken in the recommended dosages.,b:Most cold medications can make a person drowsy.,c:Medications are safe to take at any time if prescribed by a doctor.",b,"All medications, prescription or over-the-counter, can impair driving. Over-the-counter cold and allergy medicines often cause drowsiness; know how your medications affect you before driving.",easy
7,Vehicle Ownership & Responsibilities,"When crossing a sidewalk to enter traffic from an alley or driveway, what must drivers do?","a:Stop only if pedestrians are on the sidewalk.,b:Stop before driving onto the sidewalk or sidewalk area.,c:Expect pedestrians to yield to vehicles.",b,"When leaving a driveway or alley, stop before entering the sidewalk area and yield to pedestrians and traffic.",medium
2,Traffic Laws & Rules of the Road,What should you do before stopping your vehicle at a traffic signal or sign?,"a:Press down hard on the accelerator.,b:Check your mirrors for surrounding traffic.,c:Set the parking brake.",b,"Before you slow and stop, scan your mirrors and surroundings so you are aware of traffic behind and beside you.",easy
2,Traffic Laws & Rules of the Road,"At a four-way stop, who has the right-of-way?","a:The driver who arrived before you.,b:The vehicle across from your vehicle.,c:The driver on your left.",a,"Vehicles proceed through a four-way stop in the order they arrive; if two arrive simultaneously, yield to the vehicle on your right.",medium
3,"Signs, Signals & Road Markings","When double solid yellow lines separate lanes of traffic, what does that indicate about passing?","a:Passing is permitted from the left.,b:Passing is permitted from the right.,c:Passing is not permitted from either direction.",c,Double solid yellow lines indicate opposing traffic lanes where passing is not allowed for either direction.,easy
5,Driving in Special Conditions,"If a tire suddenly blows out while driving, what is the proper immediate action?","a:Grip the steering wheel firmly, slow down, and exit the traffic lane.,b:Brake hard and steer toward the right edge of the roadway.,c:Pump the brakes rapidly to slow the car.",a,"Hold the wheel firmly, take your foot off the accelerator, gently apply the brakes when safe, and steer to a safe location off the road.",medium
8,Special Situations & Road Users,"If there is no marked crosswalk and a pedestrian is crossing your lane, you should:","a:Stop and allow the pedestrian to finish crossing.,b:Cautiously drive around the pedestrian.,c:Make sure the pedestrian can see you before proceeding.",a,Drivers must yield the right-of-way to pedestrians in the roadway even when there is no marked crosswalk.,easy
6,"Alcohol, Drugs & Impaired Driving",What is the only thing that will lower a person's blood alcohol concentration (BAC)?,"a:Time.,b:Eating foods high in fat.,c:Drinking caffeine.",a,Only time allows the body to metabolize alcohol and reduce BAC; nothing else accelerates alcohol elimination.,easy
8,Special Situations & Road Users,"When an emergency vehicle with flashing lights approaches, how must you respond?","a:Maintain your speed and stay in your lane until it passes.,b:Move into the right lane and drive slowly until it has passed.,c:Pull over to the curb or edge of the road and stop until it has passed.",c,"Pull over to the right edge of the road and stop to allow emergency vehicles to pass safely, unless directed otherwise by emergency personnel.",easy
4,Safe & Defensive Driving Practices,Which factors commonly contribute to traffic crashes?,"a:Exceeding the posted speed limit and driving too fast for conditions.,b:Getting adequate rest and staying alert.,c:Scanning the environment and staying focused on the driving task.",a,Speeding and driving too fast for road or weather conditions are major contributors to crashes; always drive at a safe speed.,medium
4,Safe & Defensive Driving Practices,What should you do when driving through a work zone?,"a:Reduce your speed and be prepared to stop suddenly.,b:Increase your speed to clear the zone quickly.,c:Maintain your normal speed.",a,"Slow down, obey posted speed limits, and be alert to changing conditions and workers in the area.",easy
2,Traffic Laws & Rules of the Road,"Before returning to your original lane after passing, what should you confirm?","a:You can see both headlights of the passed vehicle in your rearview mirror.,b:Beep your horn.,c:Flash your headlights.",a,"Only return to your lane when you can see the passed vehicle's headlights in your mirror, indicating adequate space.",easy
2,Traffic Laws & Rules of the Road,When is it legal to make a left turn on red after coming to a full stop?,"a:Only when you are on a one-way street and turning onto another one-way street.,b:When you are on a two-way street turning onto another two-way street.,c:Whenever you yield to other traffic at the intersection.",a,You may turn left on red only from a one-way street onto another one-way street after a complete stop and if no sign prohibits it and the way is clear.,medium
8,Special Situations & Road Users,"If a truck or bus is making a right turn and you also need to turn right, what should you do?","a:Quickly turn before the truck or bus is able to.,b:Wait until the truck or bus completes its turn.,c:Squeeze between the truck or bus and the curb.",b,Large vehicles require extra turning space; wait until the truck or bus has completed its turn to avoid being squeezed or struck.,easy
2,Traffic Laws & Rules of the Road,"When preparing to exit the interstate, when is the correct time to start slowing?","a:About halfway through the deceleration lane.,b:As you approach the deceleration lane.,c:Immediately upon entering the deceleration lane.",c,Maintain highway speed until you enter the deceleration lane; then reduce speed to the ramp's advisory speed.,medium
2,Traffic Laws & Rules of the Road,"When merging onto the freeway, at what speed should you be traveling?","a:At or near the speed of the freeway traffic.,b:More slowly than the freeway traffic.,c:At the legal speed limit regardless of traffic speed.",a,Enter the freeway at about the same speed as traffic so you can merge smoothly; do not merge at a much lower speed than the flow.,medium
8,Special Situations & Road Users,When is it inappropriate to use your horn?,"a:When visibility ahead is limited.,b:If you might hit another vehicle.,c:Near blind pedestrians.",c,Avoid using your horn near blind pedestrians; it may confuse or startle them and reduce their safety.,easy
4,Safe & Defensive Driving Practices,"If you encounter an aggressive driver, what should you do?","a:Challenge them.,b:Get out of their way.,c:Speed up to compete with them.",b,Avoid engaging aggressive drivers; safely yield or let them pass to reduce the chance of a confrontation or crash.,easy
4,Safe & Defensive Driving Practices,How does excessive speed typically affect driver behavior?,"a:It often leads to high-risk decision-making.,b:It increases your ability to react to hazards.,c:It does not increase the chance of a crash.",a,Excessive speed commonly contributes to collisions by reducing reaction time and encouraging risky choices; it rarely saves time and increases crash severity.,easy
5,Driving in Special Conditions,When is the most hazardous time for turning or stopping on a rainy day?,"a:One half hour after rain stops.,b:During the first half hour of rain.,c:After it has been raining all day.",b,"When rain first begins, oils on the pavement mix with water and make surfaces especially slippery for the first 30 minutes.",medium
4,Safe & Defensive Driving Practices,"If your vehicle's wheels run off the pavement edge, what should you do first?","a:Hold the steering wheel firmly, release the gas, and gently apply the brakes.,b:Turn the front wheels sharply back onto the pavement.,c:Turn the front wheels slightly left to edge back on immediately.",a,"Stay calm, slow gradually, check traffic, and when safe steer back on—abrupt steering can cause loss of control.",medium
4,Safe & Defensive Driving Practices,"When preparing to change lanes, what size gap should you look for?","a:Four- to five-second gap in traffic.,b:Two- to three-second gap in traffic.,c:Three- to four-second gap in traffic.",a,Identify a four- to five-second gap before changing lanes so you have adequate space to merge safely.,difficult
3,"Signs, Signals & Road Markings",You may cross double yellow lines to pass when which condition is met?,"a:The vehicle ahead moves to the right to let you pass.,b:The yellow line next to your side is broken.,c:The opposite side's yellow line is broken.",b,"If the yellow line next to your side is broken, drivers on your side may pass when it is safe to do so.",medium
2,Traffic Laws & Rules of the Road,"As you approach an intersection with a flashing yellow light, what should you do?","a:Wait for a green light before proceeding.,b:Slow down and proceed with caution.,c:Stop before crossing the intersection.",b,"A flashing yellow signal means slow down, check for cross traffic, and proceed with caution; it does not require a full stop.",easy
4,Safe & Defensive Driving Practices,"To check your vehicle's blind spots, what should you do?","a:The inside rearview mirror.,b:The outside rearview mirror.,c:Look over your shoulder into the blind spot.",c,Blind spots are areas you cannot see with mirrors. Look over your shoulder to check them before changing lanes.,easy
2,Traffic Laws & Rules of the Road,"If you approach a steady yellow traffic signal and have not entered the intersection, what should you do?","a:Come to a safe stop.,b:Speed up to beat the red light.,c:Reduce speed and proceed through carefully.",a,"A steady yellow warns the light will soon change to red; if you can stop safely, do so.",easy
3,"Signs, Signals & Road Markings","At a red traffic light that also displays a green arrow, when may you proceed in the arrow's direction?","a:Be in the appropriate lane and the intersection is clear.,b:Come to a complete stop before proceeding.,c:Wait until the main light turns green.",a,"If a green arrow is showing for your lane, you may proceed in that direction when the way is clear; yield to pedestrians and to vehicles already in the intersection.",easy
5,Driving in Special Conditions,"If weather or light conditions require you to have your lights on, which should you use?","a:Use your parking lights.,b:Use your high beams.,c:Use your low beams.",c,"When visibility is reduced by weather or darkness, use low beam headlights; high beams can reflect back and reduce visibility in fog or precipitation.",easy
2,Traffic Laws & Rules of the Road,Which of these is unlawful when attempting to pass another vehicle?,"a:Passing another vehicle over a railroad crossing.,b:Passing another vehicle in any marked no-passing zone.,c:Both of the above.",c,You may not pass in marked no-passing zones or over railroad crossings; both actions are illegal and dangerous.,medium
4,Safe & Defensive Driving Practices,What increased risk does fatigue while driving present?,"a:Falling asleep behind the wheel and crashing.,b:Being late for an appointment.,c:Missing an exit.",a,"Fatigue impairs decision-making and reaction time and can cause you to fall asleep at the wheel, risking serious crashes.",medium
4,Safe & Defensive Driving Practices,"If the rear of your car begins to skid left, what should you do?","a:Tap your brakes lightly and shift into neutral.,b:Steer to the left (in the direction you want the car to go).,c:Steer to the right.",b,"If your vehicle skids, take your foot off the brake and steer in the direction you want to go to regain control.",medium
2,Traffic Laws & Rules of the Road,When must you obey a school crossing guard's instructions?,"a:At all times.,b:Only during school hours.,c:Only if children are present.",a,Drivers must obey crossing guards whenever they are directing traffic near schools.,easy
4,Safe & Defensive Driving Practices,"Before changing lanes or passing, what should you do?","a:Signal, check mirrors, and check blind spots.,b:Signal only and change lanes quickly.,c:Only check your mirrors.",a,Always signal your intent and check mirrors and blind spots to ensure the lane you plan to enter is clear.,easy
8,Special Situations & Road Users,"When a large truck ahead is turning right on a multi-lane street, what might it do?","a:May have to swing wide to complete the right turn.,b:Must stay in the right lane at all times while turning.,c:May complete the turn in either lane.",a,Long vehicles often swing wide when turning because their rear wheels track a shorter path than the front wheels.,medium
4,Safe & Defensive Driving Practices,How often should you check your rearview mirrors?,"a:Often to see how traffic is moving behind you.,b:Only when you are slowing down.,c:To see if a vehicle is in your blind spot.",a,Frequently check your rearview mirrors to stay aware of vehicles approaching and changes in traffic flow behind you.,easy
5,Driving in Special Conditions,"In inclement weather, what is the recommended steering and braking technique?","a:Steer off the road.,b:Drive in a low gear.,c:Steer and brake smoothly.",c,In poor weather avoid abrupt steering and hard braking; smooth inputs help maintain traction and control.,easy
4,Safe & Defensive Driving Practices,When should you allow extra following distance behind another vehicle?,"a:When following a vehicle that cannot see behind it (trucks, buses, vans, trailers).,b:When following a small passenger car.,c:When following a station wagon.",a,Increase following distance behind large vehicles that may not see you and that can block your view of the road ahead.,easy
1,Licensing & Permit Requirements,What is the nature of having a driver's license?,"a:Privilege.,b:Requirement.,c:Right.",a,Driving is a privilege granted by the state; it can be suspended or revoked for misuse or violations.,easy
2,Traffic Laws & Rules of the Road,Where is it legal to pass another vehicle?,"a:Where signs and pavement markings permit passing.,b:Within the curve where you see no oncoming vehicles.,c:Within an intersection if no oncoming vehicles are present.",a,Only pass where pavement markings and signs allow it; never pass in intersections or where your view is obstructed by curves or hills.,medium
5,Driving in Special Conditions,When are streets and highways most slippery?,"a:Just after it starts to rain.,b:When they are clean and dry.,c:When it has been raining hard for several hours.",a,"The first half-hour of rainfall is most dangerous because accumulated oil and chemicals mix with water, creating slick surfaces.",easy
4,Safe & Defensive Driving Practices,How does driving significantly slower than surrounding traffic usually affect safety?,"a:It is often a hazard because other drivers may become frustrated and attempt risky passes.,b:It is a good idea if the weather is bad.,c:It is appropriate if you don’t know the speed limit.",a,Driving much slower than the flow of traffic can cause congestion and unsafe passing maneuvers by others; match traffic speed when safe and within limits.,easy
4,Safe & Defensive Driving Practices,"If your vehicle is equipped with an Anti-Lock Braking System (ABS) and you need to stop quickly, what should you do?","a:Firmly press the brake pedal and hold it.,b:Pump the brake pedal repeatedly.,c:Gradually press the brake pedal.",a,"When ABS is present, press the brake pedal firmly and hold it; the system will modulate braking to prevent wheel lockup.",easy
8,Special Situations & Road Users,"If a school bus ahead of you in your lane has its red lights flashing, what must you do?","a:Stop and remain stopped while the red lights are flashing.,b:Slow to 25 mph and pass cautiously.,c:Proceed after you think all children have left the bus.",a,"When a school bus is stopped with flashing red lights, you must stop and stay stopped until the lights stop flashing; exceptions apply on divided highways.",easy
2,Traffic Laws & Rules of the Road,From which lane should you make a left turn when on a one-way street?,"a:The lane nearest the left curb.,b:The lane nearest the center of the street.,c:The lane nearest the right curb.",a,Turn from the lane closest to the direction you intend to go: on a one-way street a left turn should be made from the lane nearest the left curb.,easy
6,"Alcohol, Drugs & Impaired Driving",What is the first driving-related ability alcohol affects?,"a:Balance.,b:Judgment.,c:Vision.",b,"Alcohol first impairs judgment, which is essential for making safe driving decisions and reacting appropriately.",easy
2,Traffic Laws & Rules of the Road,A pedestrian who began crossing after the 'Don't Walk' started flashing is still in the street when your light turns green. What should you do?,"a:Wait until the pedestrian has crossed before proceeding.,b:Proceed if the pedestrian is not in your lane.,c:Proceed if you have the right-of-way.",a,You must yield to any pedestrian in the intersection; wait until they have cleared the roadway before moving.,easy
7,Vehicle Ownership & Responsibilities,"If your car's suspension is failing, what problem can result?","a:Vehicle control problems.,b:Squealing brakes.,c:Slack in the steering.",a,Faulty suspension reduces your ability to control the vehicle and causes excessive bouncing or difficulty steering; have it inspected and repaired.,easy
2,Traffic Laws & Rules of the Road,When are collisions more likely to occur?,"a:When one vehicle is traveling faster or slower than the flow of traffic.,b:When all vehicles travel at the same speed.,c:When one lane travels faster than the others.",a,Crashes often happen when a vehicle's speed is out of sync with surrounding traffic—too fast or too slow relative to the flow.,medium
5,Driving in Special Conditions,"If oncoming headlights are blinding you at night, what is the recommended response?","a:Look toward the right edge of the road.,b:Switch your lights to high beams.,c:Turn your lights on and off.",a,Avoid looking directly at blinding headlights; glance toward the right edge of the road and track the lane lines until the vehicle passes.,easy
5,Driving in Special Conditions,What is the main purpose of rumble strips on the roadway?,"a:To warn inattentive drivers by creating vibration and sound when a vehicle leaves the travel lane.,b:To test a vehicle's shock absorbers.,c:To alert drivers to potential tire problems.",a,Rumble strips create noise and vibration to alert drowsy or inattentive drivers that they're leaving the travel lane or approaching a stop.,easy
7,Vehicle Ownership & Responsibilities,"If your car becomes disabled on the highway, what should you do if possible?","a:Stop in the right lane.,b:Park with all four wheels off the main-traveled portion of the road.,c:Stop where you are and leave the vehicle in the lane.",b,"If your vehicle is disabled, move it completely off the main-traveled portion of the road when it is safe to do so to avoid blocking traffic.",easy
3,"Signs, Signals & Road Markings",A solid yellow line on your side of the centerline indicates what?,"a:Traffic light ahead.,b:Reduce your speed.,c:Do not pass.",c,Solid yellow lines on two-lane roads mark zones where passing is prohibited from the side with the solid line.,easy
3,"Signs, Signals & Road Markings",What does a broken yellow centerline indicate?,"a:Passing on the left is permitted when the way is clear.,b:Passing is not permitted.,c:Passing on the right is permitted when the way ahead is clear.",a,A broken yellow centerline separates opposing traffic and allows passing on the left when no oncoming traffic is present.,easy
4,Safe & Defensive Driving Practices,"As speed increases, what becomes more important?","a:Looking well ahead of your vehicle.,b:Turning on your headlights.,c:Changing lanes frequently.",a,"At higher speeds, stopping distance and reaction time increase—scan further ahead to detect hazards early.",medium
8,Special Situations & Road Users,At a railroad crossing you should:,"a:Watch for vehicles that must stop at all railroad crossings and also watch for multiple trains.,b:Only watch for trains.,c:Only watch for vehicles carrying hazardous materials.",a,"Approach railroad crossings cautiously. Be aware other vehicles (school buses, hazardous materials trucks) must stop, and multiple trains may be present.",difficult
5,Driving in Special Conditions,"When driving at night, which practice is recommended?","a:Increase your following distance.,b:Always use high beams.,c:Look directly at the headlights of oncoming vehicles.",a,Night driving reduces visibility—increase following distance and use high and low beams appropriately.,medium
2,Traffic Laws & Rules of the Road,What is the proper way to make a right turn?,"a:Signal, slow down, and get into the lane closest to the centerline before turning.,b:Signal, slow down, and get into the lane closest to the right curb before turning.,c:Approach in the lane nearest the right curb but move toward the middle before turning.",b,"Approach the corner from the lane nearest the right curb, signal your intention, slow, and turn into the lane nearest the right curb on the street you enter.",easy
2,Traffic Laws & Rules of the Road,Why should you signal continuously while turning?,"a:It lets other road users know your intentions.,b:It is illegal to turn off your signal before completing a turn.,c:It is always unsafe to turn off a signal before the turn is complete.",a,"Continuous signaling informs drivers, cyclists, and pedestrians of your intended actions and helps prevent misunderstandings.",easy
3,"Signs, Signals & Road Markings","Facing a green signal while pedestrians are in the intersection, what must you do?","a:Yield the right-of-way to pedestrians.,b:Proceed because you have the right-of-way.,c:Make pedestrians wait until you clear the intersection.",a,Drivers facing a green signal must yield to pedestrians and vehicles already in the intersection and must yield when turning on a steady green.,easy
3,"Signs, Signals & Road Markings",What does a broken yellow line next to a solid yellow line mean?,"a:Passing is permitted from the side next to the broken line.,b:Passing is permitted from the side next to the solid line.,c:Passing is prohibited from both directions.",a,"When a broken yellow line is beside a solid yellow line, vehicles next to the broken line may pass; the solid-line side may not.",easy
8,Special Situations & Road Users,Why should motorists give extra space to children on bicycles?,"a:Both because children have less-developed reflexes and are smaller and harder to see.,b:Because they are always following traffic rules.,c:Because they can stop more quickly than adults.",a,"Children are less predictable, have slower reflexes, and are harder to see; provide extra space and be alert near schools and parks.",easy
4,Safe & Defensive Driving Practices,When should you adjust your rearview and side mirrors?,"a:Before you start driving.,b:Whenever you need to use them while moving.,c:Before you get into the car.",a,"Adjust mirrors, seat, and safety belts before moving the vehicle so you're positioned to drive safely.",easy
5,Driving in Special Conditions,When is it necessary to use your low beam headlights?,"a:On a lighted street.,b:In fog.,c:On a freeway at night.",b,"Use low beam headlights in fog, snow, rain, or mist; high beams reflect off precipitation and reduce visibility.",easy
8,Special Situations & Road Users,When should you yield to a pedestrian?,"a:At all times, even if the pedestrian is not obeying traffic laws.,b:Only if they are in a marked crosswalk.,c:Only if the traffic light favors the pedestrian.",a,You must do everything reasonable to avoid striking pedestrians; yield when necessary even if they are crossing improperly.,easy
2,Traffic Laws & Rules of the Road,"When merging onto a freeway, you should match what speed?","a:At or near the speed of traffic on the freeway.,b:Five to 10 mph slower than the speed of traffic.,c:The posted speed limit for freeway traffic regardless of traffic speed.",a,"When entering a freeway, accelerate on the ramp to reach a speed close to the flow of traffic to merge smoothly and safely.",medium
6,"Alcohol, Drugs & Impaired Driving",Alcohol is classified as which type of drug?,"a:A stimulant.,b:An antihistamine.,c:A depressant.",c,"Alcohol is a depressant that slows brain and body functions, impairing judgment and reflexes.",easy
4,Safe & Defensive Driving Practices,What should you expect when passing a row of parked vehicles?,"a:Be prepared for a person or vehicle to unexpectedly enter your lane.,b:Drive closely to the parked vehicles to leave more room for moving traffic.,c:Assume other drivers and pedestrians will yield to you.",a,Maintain space from parked cars because doors may open or people or vehicles may appear suddenly between parked vehicles.,medium
3,"Signs, Signals & Road Markings",What does an orange and red triangular emblem on the rear of a vehicle indicate?,"a:The vehicle is a slow-moving vehicle.,b:The vehicle has the right-of-way.,c:Shoulder work ahead.",a,"An orange-red triangle marks slow-moving vehicles like farm equipment, maintenance vehicles, and animal-drawn carts.",easy
5,Driving in Special Conditions,"If you come upon a flooded roadway ahead, what is the safest action?","a:Turn around and find an alternate route.,b:Check the depth and cross carefully if it seems shallow.,c:Proceed without stopping.",a,Do not drive through flooded areas. Turn around and find another route to avoid water hazards.,medium
8,Special Situations & Road Users,"If you approach a stopped school bus with flashing lights and its arm extended, what must you do?","a:Stop and remain stopped until the arm is retracted and the bus resumes motion.,b:Proceed at 15 mph if no children are visible.,c:Proceed at normal speed but watch for children.",a,Drivers must stop for a school bus with flashing red lights and extended stop arm until the bus moves again; this applies in both directions on undivided roads.,easy
2,Traffic Laws & Rules of the Road,"At a yield sign, what must you do?","a:Yield the right-of-way to cross traffic that is near enough to cause conflict.,b:Always slow down and proceed without stopping.,c:Yield only to vehicles on your right.",a,At a yield sign you must give way to crossing or merging vehicles that are close enough to be a hazard; stop if necessary.,medium
2,Traffic Laws & Rules of the Road,"Approaching an intersection with a flashing red light, what should you do?","a:Slow down and drive carefully through the intersection.,b:Slow down and yield the right-of-way.,c:Come to a complete stop, check traffic, and go when it is safe.",c,"A flashing red signal has the same meaning as a stop sign: stop completely, yield to others, and proceed when clear.",easy
5,Driving in Special Conditions,"If you encounter a flooded roadway ahead, what should you do?","a:Turn around and find another route.,b:Slam on the brakes.,c:Drive only in the center of the roadway.",a,Never drive through floodwater; it can hide hazards and may sweep vehicles away. Find an alternate route.,easy
5,Driving in Special Conditions,Why is night driving especially hazardous?,"a:Because distance and speed of other vehicles are harder to judge in the dark.,b:Because the speed limit is increased at night.,c:Because there are fewer cars on the road at night.",a,Reduced visibility at night makes it difficult to judge distances and speeds; your vision is limited to the range of your headlights.,medium
5,Driving in Special Conditions,"At dawn, dusk, or in rain or snow when visibility is reduced, what should you do to make your vehicle more visible?","a:Turn on your parking lights.,b:Turn on your headlights.,c:Turn up the instrument panel lights.",b,Use your headlights (low beams) in low light or when weather reduces visibility so other drivers can see you.,easy
5,Driving in Special Conditions,"If you encounter a deep puddle on the road, what should you do?","a:Avoid the puddle if possible.,b:Maintain posted speed to get through the water.,c:Shift into neutral while crossing.",a,Avoid deep puddles to prevent skidding and hidden hazards; do not drive through them if you can avoid them.,medium
5,Driving in Special Conditions,"When driving in snow or ice, how should you make speed and direction changes?","a:Make speed and directional changes more gradually than usual.,b:It is safe to use cruise control.,c:Drive as you would under normal conditions.",a,"On snow or ice, make gradual speed and steering changes and never use cruise control to avoid loss of control.",easy
8,Special Situations & Road Users,Where is the safest place for children age 12 and under in a vehicle equipped with airbags?,"a:The front seat.,b:The back seat.,c:The bed of a pick-up truck.",b,Children 12 and under should ride in the back seat to avoid the danger posed by airbags deploying in the front seat.,easy
3,"Signs, Signals & Road Markings",Broken yellow lines on the pavement are used for what purpose?,"a:Indicate no passing zones.,b:Separate lanes of traffic moving in the same direction.,c:Separate lanes of traffic moving in opposite directions, and permit passing where dashed.",c,Yellow lines separate opposing traffic; dashed (broken) yellow lines indicate passing is permitted when safe.,easy
8,Special Situations & Road Users,When must you yield to a pedestrian using a white cane or guide dog?,"a:Only when the guide dog is actively leading the person.,b:At all times.,c:Only if a crossing guard is present.",b,Pedestrians with guide dogs or white canes must be given the right-of-way at all times.,easy
6,"Alcohol, Drugs & Impaired Driving",Which substances can impair driving ability?,"a:Tranquilizers, marijuana, sedatives, cough syrups containing codeine or antihistamines (all of the above).,b:Only illegal drugs.,c:Only alcohol.",a,"Many prescription, over-the-counter, and illegal drugs—including tranquilizers, sedatives, and some cough or cold medicines—can impair driving.",easy
8,Special Situations & Road Users,What are so-called 'no zones' around large trucks?,"a:Areas where cars disappear into blind spots or are too close for the truck to maneuver safely.,b:Areas with several car lengths between your vehicle and the truck.,c:Zones where you have sufficient space to travel behind the truck.",a,'No zones' are blind spots and areas so close to a truck that the truck driver cannot see or safely maneuver around your vehicle.,medium
8,Special Situations & Road Users,"If you see a pedestrian using a guide dog or carrying a white cane, what must you do?","a:Yield the right-of-way to the pedestrian.,b:Have the pedestrian yield to you.,c:Honk your horn to let them know you are there.",a,Pedestrians who are blind or partially blind may use a cane or guide dog; you must yield and stop as needed to ensure their safety.,easy
4,Safe & Defensive Driving Practices,Which is the correct method for checking blind spots when changing lanes?,"a:Look over your left shoulder for left lane changes and over your right shoulder for right lane changes.,b:Only turn and look over your right shoulder for any lane change.,c:Vehicles with two mirrors have no blind spots so you need not check over your shoulder.",a,"Always signal, check mirrors, then turn your head to check the blind spot on the side you intend to move to ensure the lane is clear.",medium
6,"Alcohol, Drugs & Impaired Driving",Any amount of alcohol in the bloodstream can affect a driver's:,"a:Judgment and physical coordination.,b:Right-of-way privileges.,c:Knowledge only.",a,"Even small amounts of alcohol impair judgment, coordination, and reaction time and can increase the risk of a crash.",easy
7,Vehicle Ownership & Responsibilities,What does a red-painted curb mean?,"a:No parking, standing, or stopping.,b:Reserved for passenger pick-up and drop-off.,c:Loading zone only.",a,"A red curb indicates you may not stop, stand, or park in that area.",easy
4,Safe & Defensive Driving Practices,Which statement about blind spots is correct?,"a:Blind spots are eliminated if you have one outside mirror.,b:Large trucks have bigger blind spots than most passenger vehicles.,c:Blind spots can be checked using only your rearview mirror.",b,"Even with mirrors, blind spots remain; large trucks have much larger blind spots than passenger cars and require extra space.",easy
2,Traffic Laws & Rules of the Road,How can you check your blind spot when preparing to change lanes?,"a:Using the inside rearview mirror.,b:Turning your head and looking over your shoulder.,c:Using your side mirror only.",b,"Even with correctly adjusted mirrors, you must turn and glance over your shoulder to view areas not visible in mirrors before changing lanes.",easy
2,Traffic Laws & Rules of the Road,"After passing a vehicle traveling in the same direction, when is it safe to return to the right lane?","a:After about three seconds.,b:When you can no longer see the passed vehicle over your right shoulder.,c:When you can see the entire front of the passed vehicle in your rearview mirror.",c,"Do not return to the lane until you can see the passed vehicle’s entire front in your rearview mirror, ensuring adequate space.",medium
4,Safe & Defensive Driving Practices,"If you feel tired while driving, what should you do?","a:Find a safe place to park and take a short nap.,b:Increase your speed to finish the trip sooner.,c:Turn the radio up to stay awake.",a,"If fatigued, stop in a safe location and rest; drowsiness greatly increases crash risk.",easy
7,Vehicle Ownership & Responsibilities,When must you show proof of insurance to a law enforcement officer?,"a:Only if you are involved in a collision.,b:If you are involved in a collision or stopped for a citation.,c:Only if you are stopped and given a citation.",b,You must have evidence of financial responsibility with you whenever you drive and show it to an officer upon request after a stop or collision.,easy
3,"Signs, Signals & Road Markings","If a lane control sign over your lane shows an arrow with the word 'only', what must you do?","a:Travel only in the direction of the arrow.,b:Always make a lane change to reach your destination.,c:Look for a destination sign to follow instead.",a,A lane control sign with an arrow and 'only' means that lane is restricted to the movement indicated by the arrow.,easy
2,Traffic Laws & Rules of the Road,"When passing another vehicle, when is it safe to move back into the right lane?","a:You are one vehicle length ahead of the passed vehicle.,b:When you can see both headlights of the passed vehicle in your rearview mirror.,c:When you are 50 feet ahead of the passed vehicle.",b,Only return to the driving lane when you can see both headlights of the passed vehicle in your rearview mirror.,medium
7,Vehicle Ownership & Responsibilities,"If you are about to be hit from the rear, which action should you not do?","a:Release your seat belt.,b:Brace yourself against the back of the seat.,c:Press your head against the head restraint.",a,"If struck from behind, keep your seat belt fastened and press your head into the head restraint to reduce whiplash; do not release the belt.",medium
5,Driving in Special Conditions,"To reduce the chance of losing traction on wet road surfaces, you should:","a:Slow down.,b:Apply the brakes firmly.,c:Make abrupt turns.",a,"Decrease speed on wet roads to lower the risk of hydroplaning; if you lose control, ease off the gas and avoid hard braking.",easy
5,Driving in Special Conditions,"If it feels like your tires have lost contact with the road surface, what should you do?","a:Slow down by shifting into a lower gear.,b:Ease your foot off the gas pedal and avoid braking.,c:Slow down by pumping the brakes quickly and firmly.",b,"If you hydroplane or lose traction, ease off the accelerator, keep the wheel straight, and avoid braking until the tires regain traction.",medium
8,Special Situations & Road Users,"If a pedestrian with a guide dog is at the corner ready to cross and you want to turn right, what should you do?","a:Turn off your engine until the person crosses.,b:Tell the pedestrian when to cross.,c:Wait until the person crosses the street.",c,Always yield the right-of-way to pedestrians using guide dogs or white canes; wait until they have safely crossed before turning.,easy
4,Safe & Defensive Driving Practices,"If you become tired while driving, what is the best action?","a:Stop to rest or change drivers.,b:Open a window and continue driving.,c:Drink coffee and keep driving.",a,The safest response to fatigue is to stop and rest or switch drivers; short remedies like coffee or open windows are not reliable.,easy
4,Safe & Defensive Driving Practices,How can you stay aware of traffic behind you?,"a:Frequently check your rearview mirror.,b:Turn and look out your back window regularly.,c:Keep other vehicles out of your blind spots at all times.",a,Regularly checking your rearview mirror helps you know how traffic is moving behind you and allows safer driving decisions.,easy
5,Driving in Special Conditions,"If a vehicle approaches with its high beams on, what is the recommended initial response?","a:Quickly flash your headlights one time.,b:Do not dim your high beams.,c:Look directly at the headlights.",a,"Flash your headlights once to remind the other driver to dim theirs; if they do not, avert your eyes to the right edge of the road.",medium
4,Safe & Defensive Driving Practices,A good driver should watch which areas around their vehicle?,"a:Beside, ahead, and to the rear of their car.,b:Only the middle of the road.,c:Directly in front of the car only.",a,"To drive safely you must be aware of conditions around your vehicle—front, sides, and rear.",easy
5,Driving in Special Conditions,At what approximate speed can a car begin to hydroplane on standing water?,"a:40 miles per hour.,b:35 miles per hour.,c:45 miles per hour.",b,Hydroplaning can start at speeds just over 35 mph because tires cannot channel water effectively at higher speeds.,medium
4,Safe & Defensive Driving Practices,"If you need to use your cell phone while driving, what is best?","a:Stop in a safe place first before using the phone.,b:Keep all phone conversations short.,c:Use a hands-free device and drive normally.",a,The safest option is to pull over and stop in a safe location before using your phone—distracted driving is dangerous.,easy
2,Traffic Laws & Rules of the Road,How should you make room for vehicles entering the freeway?,"a:Merging into a different lane.,b:Slowing down.,c:Maintaining your speed and position.",a,"If possible, move into the adjacent lane to create a gap for cars merging from the ramp; if you cannot, reduce speed to allow them to merge safely.",easy
3,"Signs, Signals & Road Markings","If a traffic signal shows a green arrow for your lane, under what condition may you proceed?","a:If you are in the corresponding lane and the roadway is clear.,b:Only after coming to a complete stop.,c:Only when the entire intersection is empty.",a,"When a green arrow applies to your lane, you may proceed in that direction when it is safe, yielding to pedestrians and vehicles already in the intersection.",easy
6,"Alcohol, Drugs & Impaired Driving",What actually reduces the effects of alcohol after several beers?,"a:Waiting several hours for the body to metabolize it.,b:Taking a cold shower.,c:Drinking several cups of coffee.",a,"Only time removes alcohol from your system. Coffee, showers, or exercise do not speed up metabolism; about one hour per drink is typical.",medium
7,Vehicle Ownership & Responsibilities,"If parked facing uphill where there is no curb, after setting the parking brake which way should you turn the wheels?","a:Turn wheels to the right toward the edge of the road.,b:Keep the wheels straight ahead.,c:Turn the wheels left toward the center of the road.",a,Turning the wheels toward the road edge ensures the car will roll away from traffic if brakes fail.,easy
5,Driving in Special Conditions,"If an oncoming vehicle fails to dim its high beams at night, where should you look?","a:Toward the right edge of your lane.,b:Toward the left edge of your lane.,c:Straight ahead in the center of your lane.",a,Look toward the right edge of the road to avoid being blinded while still keeping track of the oncoming vehicle.,easy
2,Traffic Laws & Rules of the Road,"If your view to the side is blocked at an intersection, what is the safe procedure?","a:Stop, then inch forward until you can see clearly in both directions.,b:Maintain your speed and look both ways.,c:Slow down and just look both ways without stopping.",a,"If cross traffic is obscured, come to a stop and move forward slowly until you can see clearly before proceeding.",medium
5,Driving in Special Conditions,"When it is very foggy, which lighting should you use?","a:Low beam headlights.,b:High beam headlights.,c:Emergency flashers only.",a,"Use low beams (and fog lights if equipped) in fog, mist, rain, or snow; high beams create glare and reduce visibility.",easy
8,Special Situations & Road Users,"At a crosswalk, who has the right-of-way?","a:Pedestrians must yield to vehicles.,b:Construction workers must yield to you.,c:You must yield to pedestrians.",c,"Pedestrians have the right-of-way in crosswalks; drivers must stop for them whether the crosswalk is marked or unmarked, unless signals indicate otherwise.",easy
2,Traffic Laws & Rules of the Road,"If the intersection ahead is blocked by traffic but your light is green, what should you do?","a:Stay out of the intersection until traffic clears.,b:Turn left and find another route.,c:Follow the vehicles ahead and enter the intersection.",a,Do not enter an intersection unless you can completely clear it; blocking the intersection can lead to a ticket and obstruct cross traffic.,easy
2,Traffic Laws & Rules of the Road,"When traffic is merging into your lane on the freeway, what should you do?","a:Assert your right-of-way by driving faster.,b:Make room for the merging traffic, if possible.,c:Always maintain your position.",b,"When conditions permit, ease over or adjust speed to allow merging vehicles to enter safely and smoothly.",easy
2,Traffic Laws & Rules of the Road,"At a four-way stop, you and the driver on your left arrive simultaneously. Who has the right-of-way?","a:The driver on your right (you have the right-of-way).,b:The driver on your left.,c:Whoever is signaling to turn.",a,"If two vehicles arrive at the same time, the vehicle to the right has the right-of-way.",medium
2,Traffic Laws & Rules of the Road,"When entering an interstate highway from a ramp, what should you do?","a:Check for cars, increase your speed to match the flow of traffic, and merge when clear.,b:Stop, check for cars, and enter when safe.,c:Reduce speed to 25 mph before entering the traffic lane.",a,"Use the acceleration lane to match highway speed, signal, and merge smoothly into traffic when a safe gap appears.",medium
3,"Signs, Signals & Road Markings",A solid yellow arrow on a traffic signal indicates what?,"a:You should speed up to make the turn before it changes.,b:You do not need to signal to turn from that lane.,c:The protection of the green arrow is ending — prepare to stop and yield to oncoming traffic.",c,A solid yellow arrow means the protective turning phase is ending; you must yield to oncoming traffic if you proceed.,medium
3,"Signs, Signals & Road Markings","When you approach an octagonal sign at an intersection, what is required?","a:Stop.,b:Turn.,c:Slow.",a,"An octagonal (eight-sided) sign always means stop: come to a full stop, yield to those with right-of-way, and proceed when safe.",easy
5,Driving in Special Conditions,"To reduce glare from oncoming headlights at night, you should:","a:Look briefly toward the right side of the road.,b:Stay focused on the centerline of the road.,c:Flash your high beams.",a,Avoid looking directly at oncoming bright lights; glance toward the right edge of the road to reduce glare while still tracking the vehicle.,easy
2,Traffic Laws & Rules of the Road,"If three vehicles arrive at an uncontrolled intersection at the same time, who has the right-of-way?","a:Yield to the vehicle on your left.,b:Yield to the vehicle on your right.,c:Wait until there are no vehicles at the intersection before proceeding.",b,"If vehicles arrive simultaneously at an uncontrolled intersection, yield to the vehicle on your right and proceed in arrival order.",medium
2,Traffic Laws & Rules of the Road,"If you are being passed on both sides while in the center lane of an expressway, what should you do?","a:Stay in the center lane.,b:Move to the lane on your right.,c:Move to the lane on your left.",b,"On multi-lane roads, drive in the right lanes unless passing or turning left. If you are driving slower than traffic, use the right lane.",medium
2,Traffic Laws & Rules of the Road,"If you approach a green light but traffic is blocking the intersection, what should you do?","a:Partially enter the intersection to establish right-of-way.,b:Do not enter the intersection until you can get completely through.,c:Enter and wait until traffic clears.",b,"Even with a green light, do not enter unless you can clear the intersection before the light changes; don't block the intersection.",easy
2,Traffic Laws & Rules of the Road,What does a yellow left-turn arrow signal indicate?,"a:Drivers should prepare to yield to oncoming traffic.,b:The protected left turn is about to end.,c:Both of the above.",c,A yellow left-turn arrow warns that the protected turn phase is ending and you must prepare to yield to oncoming traffic if you have not completed the turn.,medium
4,Safe & Defensive Driving Practices,Which foot should you use for both braking and accelerating?,"a:Use your left foot for braking.,b:Use your right foot for both braking and accelerating.,c:Always brake abruptly to ensure stopping.",b,"Use your right foot to operate both accelerator and brake pedals, and apply brakes smoothly with increasing pressure.",easy
5,Driving in Special Conditions,Why should you not use high beam headlights when driving in fog or mist?,"a:The light will reflect back into your eyes and reduce visibility.,b:Approaching vehicles might not see you.,c:Vehicles behind you may follow too closely.",a,"High beams reflect off fog, mist, or snow back toward the driver, creating glare and reducing visibility; use low beams instead.",easy
5,Driving in Special Conditions,"What type of headlights should you use in fog, rain, or snow?","a:Low beams.,b:High beams.,c:Fog lights only.",a,"Low beam headlights reduce glare and improve visibility in fog, rain, or snow; high beams can worsen glare.",easy
6,"Alcohol, Drugs & Impaired Driving",Which driving skills are affected by alcohol and/or drugs?,"a:Alertness, concentration, reaction time, and coordination (all of the above).,b:Only reaction time.,c:Only coordination.",a,"Substances like alcohol depress the nervous system and impair alertness, reaction time, and coordination.",easy
2,Traffic Laws & Rules of the Road,"When passing another car, how can you tell you have enough space to return to your lane?","a:You can see both of the passed vehicle's headlights in your rearview mirror.,b:If the other driver signals for you to return.,c:If you look over your shoulder and see the passed car behind you.",a,Seeing the passed vehicle's headlights in your rearview mirror indicates you have sufficient space to safely return to your lane.,easy
5,Driving in Special Conditions,"When driving through a work zone, what is the safest following practice?","a:Avoid tailgating and keep a safe following distance.,b:Follow the driver in front of you closely to stay with traffic flow.,c:Pass the driver in front of you as soon as possible to avoid delays.",a,In work zones increase your following distance and do not tailgate; be prepared for abrupt stops or lane changes.,easy
3,"Signs, Signals & Road Markings","On a roadway with a single broken white centerline, what is permitted?","a:You may cross the centerline to change lanes.,b:You must stay within your lane at all times.,c:You may change lanes only from the left lane.",a,A broken white line separates lanes moving in the same direction and allows lane changes when safe.,easy
4,Safe & Defensive Driving Practices,Which statement about blind spots is accurate?,"a:They are eliminated if you have one outside mirror on each side of the vehicle.,b:Large trucks have bigger blind spots than most passenger vehicles.,c:Blind spots can be checked by only looking in your rearview mirrors.",b,Mirrors cannot show every area around your vehicle; large trucks have substantially larger blind spots than passenger cars.,easy
4,Safe & Defensive Driving Practices,How do you drive defensively?,"a:Keep your eyes moving to scan for hazards.,b:Look only at the car directly in front of you.,c:Maintain just one car length of space ahead.",a,"Defensive driving means scanning the road, checking mirrors, and anticipating hazards—not staring at one spot.",easy
8,Special Situations & Road Users,Do motorcycle operators have the right to use an entire traffic lane?,"a:Use half of a traffic lane.,b:Use a complete traffic lane.,c:Use the shoulder of a roadway.",b,Motorcyclists are entitled to the full width of a traffic lane and should not be passed within the same lane.,easy
7,Vehicle Ownership & Responsibilities,"If you park facing uphill on a street with a curb, how should you turn your front wheels?","a:Turn the front wheels toward the curb.,b:Turn the front wheels away from the curb.,c:Leave the front wheels straight.",b,"When parking uphill with a curb, turn your wheels away from the curb so if the vehicle rolls it will roll into the curb.",easy
2,Traffic Laws & Rules of the Road,How must you treat an intersection controlled by a flashing yellow light?,"a:Come to a complete stop at the intersection.,b:Maintain your normal speed.,c:Slow down and proceed with caution.",c,"A flashing yellow signal means you should slow down, check for cross traffic, and proceed with caution; no full stop is required.",easy
8,Special Situations & Road Users,Why should you increase following distance when driving behind a large vehicle?,"a:To better see around the sides of the vehicle.,b:Because other drivers always pull behind large vehicles before passing.,c:Because you'll be caught in the vehicle's slipstream.",a,Large vehicles block your view of the road ahead and may not see you; increasing distance improves visibility and safety.,medium
2,Traffic Laws & Rules of the Road,"When passing another vehicle, at what point should you return to your original lane?","a:When you can see both headlights of the passed vehicle in your rearview mirror.,b:When you have cleared the passed vehicle's front bumper.,c:When you are 50 feet ahead of the passed vehicle.",a,"Return to your lane only after you can see both headlights of the passed vehicle in your rearview mirror, ensuring a safe gap.",medium
8,Special Situations & Road Users,"If you are in an intersection and an emergency vehicle is approaching with siren and lights, what should you do?","a:Stop immediately in the intersection until it passes.,b:Pull to the right of the intersection and stop.,c:Continue through the intersection, then pull to the right and stop.",c,"If you are in the intersection when an emergency vehicle approaches, clear the intersection and then pull to the right and stop to yield the right-of-way.",medium
7,Vehicle Ownership & Responsibilities,Why is extra space needed in front of a large truck?,"a:Other drivers when they want to slow down.,b:The truck driver to stop the vehicle.,c:Other drivers to merge onto the freeway.",b,Large trucks need extra stopping distance; leave space in front of them so the truck driver has room to slow and stop safely.,easy
4,Safe & Defensive Driving Practices,"If you are angry after an argument, what should you do before driving?","a:Loudly play the radio while driving.,b:Take a few minutes to cool off before driving.,c:Drive on the interstate to let off steam.",b,Allow time to calm down before driving; emotional distraction can greatly reduce your driving ability.,easy
2,Traffic Laws & Rules of the Road,"After signaling and matching the speed of traffic on an entrance ramp, what should you do before entering the interstate?","a:Merge carefully into the available gap in traffic.,b:Expect traffic to allow you to proceed since you have the right-of-way.,c:Wait for the entire lane to clear before merging.",a,"Accelerate to match traffic speed, signal, and merge into a safe gap; do not assume other drivers will create space for you.",medium
8,Special Situations & Road Users,"When driving on the freeway behind a large truck, how should you position your vehicle?","a:Follow closer than you would behind a passenger vehicle.,b:Fall farther behind the truck than you would behind a passenger vehicle.,c:Drive to the right side of the truck and wait to pass immediately.",b,Large trucks have larger blind spots and require greater following distance for safety and visibility.,medium
2,Traffic Laws & Rules of the Road,"At traffic speeds of 50–55 mph, how can you best reduce accident risk?","a:Stay within that speed range and adjust to the flow.,b:Drive a few mph faster than most vehicles.,c:Drive a few mph slower than most vehicles.",a,Traveling at a speed consistent with surrounding traffic (within posted limits) reduces crash risk from speed differentials.,medium
8,Special Situations & Road Users,"When passing a motorcycle, what must you ensure about your vehicle position?","a:Stay in the right lane as much as possible.,b:Blow your horn to make the motorcycle move to the shoulder.,c:Have your vehicle entirely in the left lane before and during the pass.",c,Give motorcycles a full lane; do not share a lane with them and ensure you are fully in the passing lane before returning.,medium
2,Traffic Laws & Rules of the Road,"When passing another vehicle, what is the appropriate manner to complete the pass?","a:Pass the vehicle as safely and as quickly as possible.,b:Drive at the same speed as the vehicle you are passing.,c:Pass as slowly as possible to remain beside it longer.",a,"Execute a pass promptly and safely, then return to your lane when you can see the passed vehicle's headlights in your rearview mirror.",medium
4,Safe & Defensive Driving Practices,"If you are being followed too closely (tailgated) on a two-lane road, what is the recommended response?","a:Reduce your speed slowly to encourage the tailgater to pass.,b:Speed up to increase the distance between you and the other car.,c:Apply your brakes briefly, then resume your original speed.",a,"If you are tailgated, slow down gradually or change lanes when safe so the tailgater can pass; don't speed up or brake-check.",medium
5,Driving in Special Conditions,How can sudden gusts of wind affect vehicles on highways?,"a:They can cause problems for all vehicles.,b:They generally only affect very large vehicles.,c:They only create visibility problems.",a,"Strong wind can create hazards for all drivers by reducing visibility (blowing dirt or dust) and by physically moving vehicles, especially light or high-profile ones.",medium
5,Driving in Special Conditions,"If an oncoming driver's bright headlights bother you at night, what is the proper response?","a:Glance toward the right edge of your lane until the vehicle passes.,b:Stop until the other driver passes.,c:Look directly at the headlights to judge distance.",a,Avoid looking at oncoming high beams; instead glance toward the right road edge and watch the oncoming vehicle from the corner of your eye.,easy
6,"Alcohol, Drugs & Impaired Driving",Reaction time is slowed after:,"a:Drinking alcohol.,b:Sleeping.,c:Working hard all day.",a,"Alcohol impairs reflexes, judgment, vision, and alertness, reducing reaction time and driving ability.",medium
8,Special Situations & Road Users,Which of these statements about railroad crossings is true?,"a:You must stop at a railroad crossing when directed to do so by a flagger or stop sign.,b:You should use cruise control to maintain a constant speed when approaching railroad tracks.,c:You have the right-of-way at a railroad crossing and do not need to stop.",a,"Stop when directed by a flagger, stop sign, or warning signal; exercise caution near railroad tracks.",easy
2,Traffic Laws & Rules of the Road,"When entering a turn lane to make a left turn with oncoming traffic present, what should you do before arriving at the intersection?","a:Turn your front wheels to the left to be ready.,b:Signal in advance and keep your wheels straight until turning.,c:Move to the left of the center lane.",b,Signal about 100 feet before turning and keep your wheels straight until it is safe to begin the turn to avoid being pushed into oncoming traffic.,easy
2,Traffic Laws & Rules of the Road,"On a one-way street, when may you turn left onto another one-way street?","a:If you increase your speed before the turn.,b:If traffic on the street moves to the right.,c:If traffic on the street moves to the left.",c,"You may turn left onto a one-way street where traffic flows to the left, unless signage prohibits the turn.",medium
8,Special Situations & Road Users,Why is it dangerous to follow a motorcycle too closely?,"a:A motorcycle can stop more quickly than many vehicles.,b:Motorcycles do not follow the same rules as cars.,c:They always brake more slowly than cars.",a,Motorcycles can stop suddenly; following too closely reduces your ability to avoid a crash if the motorcyclist brakes quickly.,medium
8,Special Situations & Road Users,"When a bicyclist is making a left turn, what is allowed?","a:They may use the left lane.,b:They may cut through all lanes.,c:They must wait on the side of the road.",a,Bicyclists often use the left lane when making a left turn; expect them to behave like other vehicles when turning.,medium
2,Traffic Laws & Rules of the Road,Interstate driving requires that drivers:,"a:Be constantly alert.,b:Have the ability to safely drive at increased speeds.,c:Both of the above.",c,Safe interstate driving requires being alert and capable of handling higher speeds and traffic flow.,easy
3,"Signs, Signals & Road Markings",What color and lettering do temporary construction and maintenance signs use?,"a:Orange background with black writing.,b:Red background with green writing.,c:Yellow background with blue writing.",a,Work zone signs are orange with black letters or symbols to warn drivers of construction and maintenance activities.,easy
3,"Signs, Signals & Road Markings","When entering a roundabout, whom should you yield to?","a:Pedestrians, bicyclists, and traffic already in the roundabout.,b:Only traffic already in the roundabout.,c:Only crossing pedestrians.",a,Yield to bicyclists and pedestrians crossing at the roundabout and to vehicles already circulating within it.,medium
8,Special Situations & Road Users,"When bicycles are used on roadways, they are legally considered:","a:Hazards.,b:Vehicles.,c:Dangerous.",b,Bicycles on roadways are treated as vehicles; bicyclists must follow the same traffic laws as motorists.,easy
4,Safe & Defensive Driving Practices,"To be able to turn quickly, where should your hands be on the steering wheel?","a:On opposite sides of the steering wheel.,b:Next to each other on top of the wheel.,c:On the top and bottom of the wheel.",a,"Place hands on opposite sides (commonly 9 and 3 or 8 and 4) for comfortable, quick, and controlled steering.",easy
4,Safe & Defensive Driving Practices,"If you become tired while driving, what should you do?","a:Stop and either get rest or change drivers.,b:Open a window to stay awake.,c:Drink something with caffeine and continue driving.",a,Stop and rest or switch drivers; short-term measures are not reliable substitutes for sleep.,easy
7,Vehicle Ownership & Responsibilities,"If you hit a parked vehicle and cannot find the owner, what must you do?","a:Leave a note with your name and address securely attached to the vehicle.,b:Wait for the owner to return.,c:Call your insurance company when you get home.",a,"If you damage a parked vehicle or property, leave your contact information securely attached to it and report as required by law.",medium
5,Driving in Special Conditions,What is true about driving through roadwork zones?,"a:Fines are the same as under normal traffic conditions.,b:You must 'Slow for the Cone Zone.' ,c:Only slow down if you think workers are present.",b,Reduce speed and be prepared to slow or stop in work zones. Driving cautiously protects workers and other road users.,easy
2,Traffic Laws & Rules of the Road,"On a short entrance ramp without an acceleration lane, how should you enter an interstate?","a:Wait for a safe gap in traffic, then accelerate to merge.,b:Immediately enter the far-right lane and speed up.,c:Use the shoulder to reach traffic speed.",a,"On short ramps without acceleration lanes, identify a gap and then accelerate to match the speed of traffic before merging.",difficult
3,"Signs, Signals & Road Markings",What does a broken yellow line down the center of the road mean?,"a:Passing is permitted from either direction.,b:A construction zone is ahead.,c:Passing is not permitted from either direction.",a,A broken yellow centerline separates opposing traffic and allows passing when it is safe and no oncoming traffic is present.,easy
5,Driving in Special Conditions,"To help prevent hydroplaning in wet conditions, what should you do?","a:Put on cruise control to maintain a constant speed.,b:Slow down.,c:Move to the shoulder as soon as it starts to rain.",b,Hydroplaning is caused by driving too fast on wet roads; reduce your speed to help prevent it.,medium
4,Safe & Defensive Driving Practices,The traditional mirror setting is:,"a:May be appropriate for large vehicles when towing or backing in tight areas.,b:Appropriate for all vehicles in all situations.,c:Does not show the edge of the vehicle.",a,"A traditional mirror setting (showing the vehicle edge) can be useful for trucks, vans, and SUVs when towing or backing in confined spaces.",medium
5,Driving in Special Conditions,"On slippery surfaces such as snow or ice, what should you do before going down steep hills?","a:Shift to a low gear before going down steep hills.,b:Maintain close following distance behind other vehicles.,c:Pump brakes continuously to keep them from freezing.",a,"To prevent skidding, shift to a lower gear before descending steep hills and increase following distance. Pump brakes only if you lack ABS.",medium
8,Special Situations & Road Users,"If you see pedestrians in an upcoming crosswalk, how should you respond?","a:Wait for the pedestrians to cross the street.,b:Continue ahead because the motorist has the right-of-way.,c:Pull to the right and go around the pedestrians.",a,You must yield to pedestrians in a crosswalk and wait until they have cleared the roadway before proceeding.,easy
5,Driving in Special Conditions,"If your tires begin to lose traction due to water on the road (hydroplaning), what should you do?","a:Slow down gradually and avoid applying the brakes.,b:Drive at a constant speed to regain traction.,c:Apply the brakes firmly to prevent sliding.",a,"If you hydroplane, ease off the accelerator and let the vehicle slow naturally; do not brake suddenly, which can worsen the skid.",medium
2,Traffic Laws & Rules of the Road,A prudent driver should:,"a:Assume all drivers automatically obey right-of-way rules.,b:Assume most drivers obey right-of-way rules.,c:Always be prepared to yield the right-of-way to avoid collisions.",c,Never assume you have the right-of-way; be ready to yield if it helps prevent a crash.,easy
2,Traffic Laws & Rules of the Road,What is the likely effect of excessive speed?,"a:Saves time.,b:Helps maneuver around obstacles.,c:Increases the likelihood of serious injury or death.",c,Excessive speed is a leading factor in crashes and greatly increases the severity of injuries.,easy
2,Traffic Laws & Rules of the Road,How is a crosswalk defined?,"a:The area where pedestrians may cross the roadway.,b:Another name for a four-way intersection.,c:An area designated for road construction workers.",a,A crosswalk is where pedestrians are intended to cross; it may be marked or unmarked and is protected by law.,easy
2,Traffic Laws & Rules of the Road,Is it permissible to drive on the shoulder to pass another vehicle?,"a:Under no circumstances.,b:If the shoulder is wide enough.,c:If the vehicle ahead is turning left.",a,You must not pass another vehicle by driving on the shoulder; passing on the shoulder is unsafe and illegal.,easy
3,"Signs, Signals & Road Markings",A broken yellow line beside a solid yellow line indicates what about passing?,"a:Passing is permitted from the lane next to the solid yellow line.,b:Passing is not permitted from either direction.,c:Passing is permitted from the lane next to the broken yellow line.",c,Traffic in the lane adjacent to the broken yellow line may pass when safe; traffic next to the solid line may not cross to pass.,easy
5,Driving in Special Conditions,Which headlights should you use when driving in fog?,"a:Low beam headlights.,b:High beam headlights.,c:Parking lights.",a,Use low beams in fog because high beams reflect back and reduce visibility.,easy
3,"Signs, Signals & Road Markings",What does a broken yellow line between lanes of traffic indicate?,"a:Both lanes of traffic are going in the same direction.,b:Passing is permitted when it's safe.,c:Passing is not permitted.",b,A broken (dashed) yellow line separating opposing traffic means passing is allowed when it is safe to do so.,easy
4,Safe & Defensive Driving Practices,What is the best way to avoid dangerous situations while driving?,"a:Know what is happening around your vehicle at all times.,b:Turn off the radio.,c:Always keep your eyes focused straight ahead.",a,"Stay aware of surroundings—front, sides, and rear—to anticipate hazards and respond safely.",easy
4,Safe & Defensive Driving Practices,Which action is NOT a safe practice on the interstate?,"a:Changing lanes without signaling.,b:Slower traffic keeping to the right.,c:Proceeding to the next exit if you miss yours.",a,Always signal before changing lanes; failing to do so is unsafe. Keep right if slower and continue to the next exit if you miss yours.,easy
3,"Signs, Signals & Road Markings",What does a red arrow pointing to the right on a traffic signal mean?,"a:Do not turn in that direction until the arrow changes to green.,b:You may turn right after coming to a complete stop.,c:You may turn after slowing and checking for traffic.",a,A red arrow means stop for that movement; you must wait for a green arrow or green light before turning in the indicated direction.,easy
3,"Signs, Signals & Road Markings",Blue roadway signs typically provide information about:,"a:Motorist services such as rest areas and hospitals.,b:Construction and maintenance.,c:Mileage and directional distances to locations.",a,"Blue signs give service information (rest areas, food, lodging, hospitals) to motorists.",easy
8,Special Situations & Road Users,When should drivers yield the right-of-way to pedestrians in a crosswalk?,"a:Only if the pedestrians first wave to the driver.,b:Only if the pedestrians are not using a phone.,c:At all times when pedestrians are in the crosswalk.",c,Drivers must stop and yield to pedestrians in crosswalks; proceed only when the crosswalk and intersection are clear.,easy
1,Licensing & Permit Requirements,With a Class C driver license you may operate which of these vehicles?,"a:Any motor vehicle regardless of size.,b:A vehicle with a gross vehicle weight rating of less than 26,001 pounds.,c:A vehicle with a gross vehicle weight rating over 26,001 pounds.",b,"A Class C license allows operation of vehicles with a GVWR under 26,001 pounds. Larger vehicles generally require a commercial license.",medium
2,Traffic Laws & Rules of the Road,"Before changing lanes, besides checking mirrors, what important check should you make?","a:Always slow down in your traffic lane.,b:Glance over your shoulder to check your blind spot.,c:Never look over your right shoulder.",b,Look over your shoulder in the direction you plan to move to confirm there are no vehicles in your blind spot before changing lanes.,easy
2,Traffic Laws & Rules of the Road,"When parking next to a curb, when should you signal?","a:Only when pulling away from the curb.,b:When pulling next to, but not away from, the curb.,c:When pulling next to or away from the curb.",c,Use your turn signal whenever you intend to pull toward the curb or pull away so other road users understand your intentions.,easy
6,"Alcohol, Drugs & Impaired Driving",Which driving skills are affected by alcohol or drug use?,"a:Alertness only.,b:Coordination only.,c:Both alertness and coordination.",c,"Alcohol and drugs impair multiple driving skills such as alertness, coordination, judgment, and reaction time.",easy
2,Traffic Laws & Rules of the Road,When must you yield the right-of-way to a pedestrian?,"a:When the pedestrian is in any marked or unmarked crosswalk or crossing the street.,b:Only in a marked crosswalk.,c:Only when they are crossing at a signalized intersection.",a,Drivers must yield to pedestrians in marked or unmarked crosswalks and generally yield to anyone crossing the street for safety.,easy
6,"Alcohol, Drugs & Impaired Driving",How does a BAC of 0.02 percent affect crash risk?,"a:It can roughly double your chances of having an accident.,b:It has no effect on your driving.,c:It will not put other drivers at risk.",a,Even a small BAC increase substantially raises crash risk; each increment of alcohol impairs judgment and reaction time.,medium
5,Driving in Special Conditions,"If visibility is less than 100 feet because of weather (rain, snow, dust, smoke, fog), what is the maximum safe speed?","a:30 mph.,b:20 mph.,c:40 mph.",a,"If you cannot see more than 100 feet ahead, you should not drive safely faster than 30 mph due to limited sight distance.",difficult
2,Traffic Laws & Rules of the Road,When should you yield your legal right-of-way?,"a:Never — it confuses other drivers.,b:Whenever it helps prevent a collision.,c:Often, even at controlled intersections.",b,Never assume other drivers will yield. Give up your right-of-way when doing so helps prevent a crash.,easy
1,Licensing & Permit Requirements,When will your driver's license expire?,"a:Renew automatically.,b:Never expire.,c:On your birthday.",c,"In Kansas, your driver license expires on your birthday; the Division of Vehicles will notify you before expiration with renewal instructions.",easy
5,Driving in Special Conditions,"When you encounter orange construction signs and cones on a freeway, what should you do?","a:Change lanes and keep your current speed.,b:Be prepared for workers and equipment ahead and reduce speed.,c:Maintain speed and ignore the signs.",b,"As you enter a work zone, signs and message boards warn of workers, slow equipment, and closed lanes. Reduce your speed and be prepared to slow or stop.",easy
8,Special Situations & Road Users,"When an emergency vehicle with flashing lights is approaching from behind on a city street, what should you do?","a:Drive to the right edge of the road and stop.,b:Stay in your lane, slow down, and let it pass.,c:Drive to the right edge of the road and slow down only if other cars do.",a,Yield immediately to emergency vehicles using lights and sirens by pulling to the right and stopping until they pass; clear intersections first if you are in one.,easy
5,Driving in Special Conditions,"If smoke heavily covers the road ahead, how should you respond?","a:Reduce speed, move far right, and stop off the roadway.,b:Turn on four-way flashers and continue slowly.,c:Turn on high beams and continue.",a,"Heavy smoke can be deadly; slow down, get as far right as possible, and stop off the roadway until conditions improve.",medium
4,Safe & Defensive Driving Practices,How can drowsiness affect driving?,"a:Help you to be a better driver.,b:Make you feel better.,c:Impair your judgment and performance.",c,"Fatigue impairs reaction time, alertness, and judgment similar to alcohol or drugs and increases crash risk.",easy
5,Driving in Special Conditions,"Why should you use headlights on rainy, snowy, or foggy days?","a:So other drivers can see your vehicle.,b:To warn others of bad weather conditions.,c:To keep your engine warm.",a,"When precipitation or fog reduces visibility, headlights make your vehicle easier for others to see; if you use windshield wipers, low beams are required.",easy
8,Special Situations & Road Users,Is it ever permissible to drive around or under a lowered railroad crossing gate?,"a:Never.,b:When you can see clearly in both directions.,c:When the warning lights are not flashing.",a,Do not go around or under any lowered railroad gate; wait until the gate is raised and you can clearly see in both directions.,easy
2,Traffic Laws & Rules of the Road,"When turning left from a multilane one-way street onto another one-way street, from which lane should you start the turn?","a:The lane in the center of the road.,b:The lane closest to the left curb.,c:Any lane as long as it is safe.",b,Begin left turns from the far left lane on a one-way street when turning onto another one-way street to align safely with traffic flow.,medium
7,Vehicle Ownership & Responsibilities,"If you must park where vehicles do not usually park, what should you ensure?","a:Park five feet from the curb.,b:Make sure your vehicle is visible to drivers approaching from any direction.,c:Park with your reverse lights on.",b,"When parking in an unusual spot, make the vehicle as visible as possible to other road users to prevent collisions.",easy
8,Special Situations & Road Users,"At a railroad crossing with lowered gates and flashing lights, how must you respond?","a:Drive around the crossing gates if you can't see a train.,b:Come to a complete stop well behind the gates and wait for them to lift.,c:Slow down and drive around the gates.",b,Do not go around lowered gates; stop well behind them and wait until they are raised and signals stop before proceeding.,easy
2,Traffic Laws & Rules of the Road,"If another vehicle is passing you in a no passing zone, how should you react?","a:Slow down and allow the other driver to return to the driving lane safely.,b:Pull off the road immediately.,c:Maintain your speed and position.",a,"When being passed in a restricted area, reduce speed and make it easy for the passing driver to move back into the lane safely.",easy
8,Special Situations & Road Users,"When a child is riding a bicycle near your vehicle, how should you drive?","a:Expect the unexpected.,b:Beep your horn to warn the child.,c:Assume the child is in total control of the bicycle.",a,"Children on bicycles are unpredictable; slow down, be prepared for sudden movements, and give them plenty of space.",easy
2,Traffic Laws & Rules of the Road,"Before entering an intersection, in what order should you look?","a:Left, right, then left again.,b:Right only.,c:Left only.",a,"Check left, then right, then left again because traffic from the left will be nearest; scan across the intersection to ensure it's clear.",medium
4,Safe & Defensive Driving Practices,"To check blind spots when changing lanes, what should drivers do?","a:Only check the left outside mirror.,b:Look over the appropriate shoulder (left or right).,c:Only check the inside rearview mirror.",b,Blind spots are not visible in mirrors. Look over your shoulder in the direction you plan to move to verify it is safe.,easy
2,Traffic Laws & Rules of the Road,"If you want to enter the freeway but see no gap, how should you proceed on the ramp?","a:Stop at the end of the ramp to wait for a gap.,b:Slow down on the ramp and wait for an opening.,c:Maintain your ramp speed and force drivers to yield.",b,"If no space exists in freeway traffic, slow down on the ramp and wait for a safe gap so you can accelerate to traffic speed before merging.",easy
2,Traffic Laws & Rules of the Road,"If you are in the left lane while many vehicles are passing you on the right and the driver behind wishes to go faster, what should you do?","a:Drive onto the left shoulder to let the other vehicles pass.,b:Stay in your lane so you don't impede traffic.,c:Move into the right lane when it is safe.",c,"When slower than surrounding traffic, you should move into the right lane when safe so faster drivers can pass in the left lane.",easy
6,"Alcohol, Drugs & Impaired Driving",What is the only effective way to remove alcohol's impairing effects from your system?,"a:Wait.,b:Drink strong coffee.,c:Take a cold shower.",a,"Time is the only factor that reduces blood alcohol concentration and impairment; no food, drink, or activity will sober you faster.",easy
3,"Signs, Signals & Road Markings","On a multilane road, a dashed yellow line next to a solid yellow line indicates what?","a:Passing is permitted from both directions.,b:Passing is prohibited from both directions.,c:Passing is permitted only from the side next to the dashed line.",c,"When a broken yellow line is next to a solid yellow line, only traffic beside the broken line may pass when safe to do so.",medium
4,Safe & Defensive Driving Practices,What is the correct approach when driving through a construction zone?,"a:Expect the unexpected and drive with extra caution.,b:Slightly increase your speed to clear the zone sooner.,c:Expect construction workers to yield to motorists.",a,Construction zones present unexpected conditions; slow down and exercise heightened caution for the safety of workers and road users.,easy
4,Safe & Defensive Driving Practices,What should you avoid doing when passing through a construction zone?,"a:Slowing down to watch workers or incidents (“rubbernecking”).,b:Passing carefully and remaining alert.,c:Driving with extra caution.",a,Do not slow down to look at unusual events in a work zone—rubbernecking contributes to congestion and crashes.,medium
5,Driving in Special Conditions,What can continuous hard braking on ice or snow cause?,"a:Helps you stop faster.,b:Locks the front wheels and causes a loss of steering.,c:Keeps the brakes from freezing.",b,"Hard, continuous braking on icy or snowy roads can lock wheels and make steering control impossible; brake gradually and reduce speed.",medium
5,Driving in Special Conditions,"When the roadway is wet or icy, what action should you take?","a:Reduce your speed.,b:Drive the posted speed.,c:Speed up to clear slippery spots.",a,"Lower your speed on wet, snowy, or icy roads because tires have less traction.",easy
3,"Signs, Signals & Road Markings",What must you do when you approach an intersection with a flashing red light?,"a:Come to a complete stop, yield to traffic and pedestrians, then proceed when safe.,b:Reduce your speed and proceed with caution.,c:Come to a complete stop and remain stopped as long as the light is red.",a,"A flashing red light has the same meaning as a stop sign: stop fully, yield, and continue only when the way is clear.",easy
8,Special Situations & Road Users,"When following a large truck on the freeway, how should you adjust your following distance?","a:Follow farther behind than you would a passenger vehicle.,b:Drive closely behind the truck in bad weather because it can see farther ahead.,c:Stay about one car length behind so the truck driver can see you.",a,Maintain extra space behind trucks so you can see the road ahead and the truck driver can see you in mirrors.,medium
8,Special Situations & Road Users,When must vehicles stopped behind a school bus with flashing red lights remain stopped?,"a:Until the stop arm is retracted and the bus resumes motion.,b:Until all students are off the bus.,c:Until the stop arm is retracted only.",a,"Motorists must stop until the bus turns off its red lights, the stop arm is withdrawn, and the bus begins moving again.",easy
2,Traffic Laws & Rules of the Road,The maximum posted speed limit should be driven under which conditions?,"a:During the night.,b:During the day.,c:Only under ideal road and weather conditions.",c,The posted speed limit is the maximum allowed under ideal driving conditions; adjust speed lower for safety in poor conditions.,medium
3,"Signs, Signals & Road Markings","From top to bottom, what is the standard order of traffic signal lights?","a:Red, yellow, green.,b:Red, green, yellow.,c:Green, yellow, red.",a,"Standard vertical traffic lights show red at the top, yellow in the middle, and green at the bottom.",easy
8,Special Situations & Road Users,"Because motorcycles, scooters, and mopeds are harder to see, what should drivers do?","a:Make frequent visual checks for motorcycles and similar vehicles.,b:Share the same lane with a motorcycle to keep it visible.,c:Slow down only when passing a motorcycle.",a,Motorcycles can be hidden in blind spots or missed on quick glances; drivers should continually check for them and be alert.,easy
7,Vehicle Ownership & Responsibilities,"Which windows should you clear of snow, frost, and ice before driving?","a:All windows.,b:Just the windshield.,c:Just the windshield and passenger window.",a,"You must be able to see through all windows and mirrors; remove snow, ice, and frost from all of them prior to driving.",easy
2,Traffic Laws & Rules of the Road,"After passing a vehicle on the left, when is it safe to move back into the right lane?","a:When you can see the front of the passed vehicle in your rearview mirror.,b:After about three seconds.,c:When you can no longer see the vehicle over your right shoulder.",a,Return to your lane only when you can see the passed vehicle's headlights in your rearview mirror and it's safe to do so; always signal first.,medium
5,Driving in Special Conditions,"If an oncoming driver fails to dim their bright headlights, where should you look?","a:Look toward the center of the roadway.,b:Look toward the right side of the road.,c:Look straight ahead.",b,Look toward the right side of the road to avoid being blinded by oncoming high beams and to keep enough roadway in view.,easy
8,Special Situations & Road Users,"After stopping for a train at a railroad crossing, what should you do before proceeding?","a:Look for a second train.,b:Wait for signal lights to stop flashing.,c:Both of the above.",c,"Even if one train passes, watch for additional trains on other tracks and do not go until all gates are up and signals have stopped.",medium
5,Driving in Special Conditions,"If a tire suddenly goes flat while driving, what is the correct braking technique?","a:Use the brakes lightly and slow down gradually.,b:Pump the brakes repeatedly.,c:Apply the brakes firmly and quickly.",a,"Hold the wheel firmly, ease off the gas, and apply the brakes gently when the vehicle has slowed; avoid hard or sudden braking.",medium
4,Safe & Defensive Driving Practices,"At intersections, crosswalks, and railroad crossings you should always do what?","a:Slowly pass vehicles that seem stopped for no reason.,b:Look to the sides of your vehicle to see what is coming.,c:Stop, listen, and then proceed cautiously.",b,"Whenever people may cross or enter your path, look to the left and right sides of your vehicle to ensure the way is clear.",easy
2,Traffic Laws & Rules of the Road,Which action should you never take when changing lanes?,"a:Cross the centerline in an intersection.,b:Check your blind spots by looking over your shoulder.,c:Check for other drivers moving into the same lane.",a,Do not change lanes within an intersection. Always check mirrors and blind spots and signal before changing lanes.,easy
2,Traffic Laws & Rules of the Road,Which behavior should you never do when changing lanes?,"a:Look over your shoulder to check your blind spot.,b:Change lanes abruptly or spontaneously.,c:Check for other vehicles moving into the same lane.",b,"Do not make abrupt lane changes. Always signal, check mirrors and blind spots, and ensure the lane is clear before moving over.",easy
4,Safe & Defensive Driving Practices,When should you increase the space between your vehicle and the one ahead?,"a:When you are following a small passenger vehicle.,b:When you are being tailgated by another driver.,c:When you are driving more slowly than the posted speed limit.",b,"If someone is tailgating you, create extra space in front of your vehicle and avoid sudden braking to reduce the risk of a rear-end collision.",easy
5,Driving in Special Conditions,"When driving in fog, which lights and actions are appropriate?","a:Use your high beam headlights and maintain normal speed.,b:Slow down and use your low beam headlights.,c:Turn your lights on and off to warn other drivers.",b,"Reduce speed and use low beams in fog; if visibility is extremely poor, pull over in a safe location and wait for conditions to improve.",medium
4,Safe & Defensive Driving Practices,Why is using a cellphone while driving distracting?,"a:Because it occupies the driver's hands, eyes, and mind.,b:Because it makes the driver concern about call costs.,c:Because it draws other drivers' attention away.",a,"Cellphone use while driving diverts hands, eyes, and attention from driving, increasing crash risk.",easy
7,Vehicle Ownership & Responsibilities,"If a vehicle is equipped with airbags, what should occupants still do?","a:Wear seat belts at all times.,b:Not wear seat belts.,c:Wear seat belts behind the back only.",a,Airbags supplement seat belts; both should be used together for maximum protection.,easy
5,Driving in Special Conditions,"When driving in fog, which lights are best to use?","a:Four-way flashers.,b:Low beam headlights.,c:High beam headlights.",b,"Use low beam headlights in fog, rain, or snow; high beams reflect off the weather and reduce visibility.",easy
7,Vehicle Ownership & Responsibilities,"When parking on any hill, what should you always do?","a:Use your parking brake and leave the vehicle in park.,b:One of your rear wheels should touch the curb.,c:Turn your front wheels parallel to the road if there is no curb.",a,Always apply the parking brake and leave the vehicle in park (or in gear) when parked on a hill; turn wheels so the vehicle will roll away from traffic if brakes fail.,medium
5,Driving in Special Conditions,"If you encounter animals standing near the roadway, what is the correct action?","a:Slow down and proceed with caution.,b:Speed up to scare them away.,c:Swerve quickly into the next lane.",a,Animals can bolt or change direction unpredictably; reduce speed and be prepared to stop safely.,easy
2,Traffic Laws & Rules of the Road,When may you legally block an intersection?,"a:Under no circumstances.,b:If you entered the intersection on a green light.,c:During rush hour traffic.",a,Never enter an intersection unless you can clear it completely before the light changes; blocking an intersection can result in a citation.,easy
4,Safe & Defensive Driving Practices,How do stopping distances and crash severity change as vehicle speed increases?,"a:Decrease as vehicle speed increases.,b:Are not affected by vehicle speed.,c:Increase as vehicle speed increases.",c,"Higher speeds lengthen stopping distances and increase the force and severity of crashes, so reduce speed accordingly.",easy
8,Special Situations & Road Users,"If pedestrians are illegally crossing mid-block instead of using a crosswalk, what must you do?","a:You must stop for them.,b:You do not have to stop for them.,c:You should honk to make them move faster.",a,Drivers must yield to pedestrians crossing the roadway even if they are not using a crosswalk; avoid endangering them.,easy
3,"Signs, Signals & Road Markings",What does a flashing red traffic light at an intersection require you to do?,"a:Treat it the same as a stop sign and proceed when safe.,b:Proceed cautiously without stopping.,c:Expect the light to turn green soon.",a,"A flashing red light means you must stop, yield to traffic and pedestrians, and go only when safe, just like a stop sign.",easy
7,Vehicle Ownership & Responsibilities,"When parking uphill on a road with a curb, how should your front wheels be turned?","a:Turn the wheels toward the curb.,b:Turn the wheels away from the curb.,c:Keep the wheels straight ahead.",b,"When parking uphill with a curb, turn the steering wheel sharply away from the curb so the vehicle will roll into the curb if the brakes fail.",medium
4,Safe & Defensive Driving Practices,Which statement best describes the mindset of defensive drivers?,"a:They know other drivers will always do the right thing.,b:They consider what other drivers might do and are prepared to react.,c:They expect no breaks and give none.",b,Defensive driving means anticipating potential mistakes by others and being prepared to respond to avoid collisions.,easy
5,Driving in Special Conditions,"If you experience a tire blowout, what is the recommended way to slow the vehicle?","a:Slow down gradually and use your brakes lightly.,b:Apply the brakes firmly and quickly.,c:Tap or pump the brakes repeatedly.",a,"Ease off the accelerator, hold the steering wheel firm, and slow gradually before steering safely off the road; avoid heavy braking until speed is reduced.",medium
8,Special Situations & Road Users,"When a school bus is stopped ahead with flashing lights and its stop arm extended, what must you do?","a:Come to a complete stop until all children have left the bus.,b:Come to a complete stop until the red lights stop flashing and the stop arm is withdrawn.,c:Change lanes, drive slowly, and pass cautiously.",b,"If a school bus has flashing lights and the stop arm extended, you must stop until the lights stop flashing and the arm is withdrawn. Ensure no children are crossing.",easy
8,Special Situations & Road Users,"When you see a school crossing sign, what should you do?","a:Watch carefully for children and be prepared to stop.,b:Always stop, whether there is a stop sign or not.,c:Sound your horn whenever children are present.",a,A school crossing sign warns you to be alert for children; slow down and be ready to stop as needed.,easy
6,"Alcohol, Drugs & Impaired Driving",What should you do when prescribed a medication that may affect driving?,"a:Consult your doctor or pharmacist about its effects before driving.,b:Have someone follow you home.,c:Open the window and drive more slowly.",a,Ask your healthcare provider or pharmacist how a drug may affect your driving and whether it is safe to operate a vehicle.,medium
8,Special Situations & Road Users,"When preparing to make a left turn at a corner, to whom must you yield?","a:Oncoming vehicles also turning left.,b:All approaching vehicles.,c:Pedestrians who have a 'Walk' signal or are in the crosswalk.",c,"When turning left, yield to pedestrians, bicyclists, and vehicles with the right-of-way, including those who have a 'Walk' signal.",medium
3,"Signs, Signals & Road Markings",What color are regulatory traffic signs typically?,"a:White.,b:Green.,c:Yellow.",a,"Regulatory signs convey laws (speed, direction, parking, etc.) and are commonly white rectangles or squares with black, red, or green text or symbols.",easy
5,Driving in Special Conditions,"If your vehicle begins to skid, what should you avoid doing?","a:Using the brakes.,b:Braking lightly.,c:Braking gently and steering straight ahead.",a,"If the vehicle starts to skid, do not use the brakes as braking may worsen the skid; concentrate on steering to regain control.",medium
6,"Alcohol, Drugs & Impaired Driving",Is driving allowed while under the influence of medication that impairs driving?,"a:No, under no circumstances.,b:Yes, if prescribed by a physician.,c:Yes, if you don't feel drowsy.",a,"It is illegal to drive under the influence of any substance—prescription, over-the-counter, or illicit—that impairs driving ability.",easy
4,Safe & Defensive Driving Practices,What are blind spots?,"a:Areas around your vehicle that cannot be seen in the mirrors.,b:Spots in your vision when you become fatigued.,c:Traffic control devices that are obscured.",a,Blind spots are areas not visible in the vehicle's mirrors; check over your shoulder before changing lanes.,easy
5,Driving in Special Conditions,"If the rear of your vehicle begins skidding to the left, how should you steer?","a:Turn the steering wheel to the left to correct the skid.,b:Not turn the steering wheel.,c:Turn the steering wheel to the right.",a,"If your vehicle skids, turn the wheel in the direction of the skid to help regain control; avoid abrupt braking unless you have ABS.",medium
2,Traffic Laws & Rules of the Road,"On the interstate, what is the best way to avoid vehicles merging from on-ramps to your right?","a:Change lanes to the left when traffic allows.,b:Slow down significantly.,c:Maintain speed and position in the right lane.",a,"When safe, move out of the right-hand lane to allow merging traffic to enter from on-ramps.",easy
3,"Signs, Signals & Road Markings",Construction zone signs are typically what shape and color?,"a:Diamond-shaped or rectangular with orange and black coloring.,b:Round or octagonal with black and yellow coloring.,c:Square or rectangular with white and red coloring.",a,Temporary work-zone signs are usually orange with black symbols or letters and are often diamond-shaped or rectangular.,easy
4,Safe & Defensive Driving Practices,What is the correct technique when backing up?,"a:Rely only on your rearview mirror.,b:Press hard on the gas pedal.,c:Look through the rear window while backing up.",c,"When reversing, turn and look through the rear window while moving slowly; do not depend solely on mirrors or cameras.",easy
4,Safe & Defensive Driving Practices,"If your wheels drop off the pavement edge, how should you re-enter the roadway?","a:Wait until it is safe, reduce speed, then gradually re-enter the roadway.,b:Turn back onto the roadway immediately.,c:Stop immediately and remain stopped.",a,"Do not jerk the wheel to return. Slow, check traffic, and when safe, gradually steer back onto the pavement.",medium
3,"Signs, Signals & Road Markings",How should you respond to a flashing yellow traffic light at an intersection?,"a:Slow down and proceed through the intersection with caution.,b:Stop before crossing the intersection.,c:Wait for a green light before proceeding.",a,"A flashing yellow light means slow down, be alert, and proceed carefully—watch for crossing traffic and pedestrians.",easy
1,Licensing & Permit Requirements,A driver's license is considered which of the following?,"a:Privilege, not a right.,b:Requirement.,c:Right, not a privilege.",a,A driver's license is a privilege granted by the state that must be earned and maintained; it is not an inherent right.,easy
4,Safe & Defensive Driving Practices,"If another vehicle suddenly cuts in front of you creating a hazard, what is the first thing you should do?","a:Take your foot off the gas pedal.,b:Honk and then brake firmly.,c:Swerve into the adjacent lane immediately.",a,Remove pressure from the accelerator to increase the gap to the vehicle cutting in front; avoid abrupt braking or swerving if possible.,easy
2,Traffic Laws & Rules of the Road,"When entering a freeway, how should you check traffic on the freeway?","a:Use mirrors and look over your shoulder to check blind spots.,b:Use only your rearview mirror.,c:Use your side mirror only.",a,Use mirrors and a shoulder check to see vehicles in blind spots before merging onto the freeway.,medium
5,Driving in Special Conditions,"If dust or smoke limits your vision, what lights should you turn on?","a:Headlights.,b:Parking lights.,c:Emergency flashers.",a,Turn on your headlights when conditions prevent you from seeing other vehicles; this helps others see you as well.,easy
4,Safe & Defensive Driving Practices,Which behavior disrupts the smooth flow of traffic?,"a:Slowing down to look at a collision scene.,b:Avoiding unnecessary lane changes.,c:Using public transportation instead of your vehicle.",a,Rubbernecking at collisions or unusual events slows traffic and causes congestion and secondary incidents.,easy
2,Traffic Laws & Rules of the Road,When are you required to stop your vehicle?,"a:At any intersection where a police officer orders you to stop.,b:Where there is a red traffic light.,c:Both of the above.",c,You must obey directions from officers directing traffic and come to a full stop at steady or flashing red signals.,easy
2,Traffic Laws & Rules of the Road,"When turning left, to whom must you yield?","a:No one.,b:Oncoming vehicles traveling straight or turning right.,c:Passing cars.",b,"Drivers making a left turn must yield to oncoming traffic, including bicycles and motorcycles, until it is safe to turn.",easy
3,"Signs, Signals & Road Markings",Who must drivers obey when directing traffic at a construction site?,"a:Security guards patrolling parking lots.,b:Flaggers (signal persons) at construction sites.,c:Other drivers whose vehicles are broken down on the roadway.",b,"Drivers are required to obey the instructions of flaggers in work zones, as they control traffic for safety.",easy
6,"Alcohol, Drugs & Impaired Driving",Which statement about drugs and driving is true?,"a:Only illegal drugs can impair your driving.,b:Even over-the-counter drugs can impair your driving.,c:Any prescription drug is safe to use if you don't feel drowsy.",b,Prescription and over-the-counter medications can affect alertness and coordination; never drive if a drug impairs your abilities.,medium
4,Safe & Defensive Driving Practices,How should you change from one lane to another?,"a:Gradually and carefully.,b:Quickly and often.,c:When a car is in your blind spot.",a,"Change lanes with caution: signal, check mirrors, check blind spots, and move smoothly when safe.",easy
4,Safe & Defensive Driving Practices,"If your vehicle begins to skid, you should:","a:Turn off the ignition.,b:Ease up on the gas pedal.,c:Brake as hard as possible.",b,"When skidding, release the accelerator or brake, steer in the direction of the skid to regain control, and avoid sudden braking.",medium
8,Special Situations & Road Users,"If you are near a large commercial vehicle, what should you avoid?","a:Avoid driving beside it for extended periods.,b:Follow closely to reduce wind drag.,c:Drive on its right side while on curves and hills.",a,"Large commercial vehicles have big blind spots—don't stay beside them for long, as the driver may not see you.",medium
4,Safe & Defensive Driving Practices,What is the likely consequence of continually passing other cars on a two-lane road?,"a:You will increase your chances of being in a collision.,b:You will get to your destination much more quickly and safely.,c:You will help prevent traffic congestion.",a,"Frequent passing on two-lane roads increases exposure and the risk of collision, so avoid unnecessary passes.",medium
2,Traffic Laws & Rules of the Road,"At an intersection with a yield sign, what must you do?","a:You must yield the right-of-way to cross traffic that is close enough to cause conflict.,b:You must yield only to vehicles on your right.,c:You should slow down but never stop.",a,Approach yield signs prepared to stop and give the right-of-way to traffic in the lanes you intend to enter or cross if they are close enough to be a hazard.,easy
5,Driving in Special Conditions,"If your car starts skidding out of control, what should you do with the brakes?","a:Stay off the brakes.,b:Pump the brakes repeatedly.,c:Apply the brakes lightly.",a,"When a vehicle is skidding, do not use the brakes; steer to regain control until the vehicle is stable and moving safely again.",medium
2,Traffic Laws & Rules of the Road,"On a green arrow, what must you do before turning?","a:Yield to any vehicle, bicycle, or pedestrian in the intersection.,b:Wait four seconds before proceeding.,c:Yield to pedestrians only in the intersection.",a,"A green arrow means go but you must still yield to any vehicles, bicycles, or pedestrians that remain in the intersection before turning.",easy
3,"Signs, Signals & Road Markings",What does a solid yellow line beside a broken yellow line allow?,"a:Drivers next to the broken line may pass.,b:Drivers in either direction may pass.,c:Drivers next to the solid line may pass.",a,A broken yellow beside a solid yellow allows passing for the side adjacent to the broken line only.,easy
6,"Alcohol, Drugs & Impaired Driving",Which factor listed affects how alcohol is absorbed by an individual?,"a:Weight,b:Height,c:Intelligence",a,"Alcohol absorption is influenced by weight, biological sex, food in the stomach, and quantity consumed; weight is an important factor.",medium
2,Traffic Laws & Rules of the Road,What does a single broken white lane line mean when driving on a highway?,"a:You may cross it to pass or change lanes if it is safe.,b:You cannot cross it to pass.,c:You may only cross it from the left lane.",a,Dashed white lines separate traffic moving in the same direction; you may cross them to change lanes or pass when safe.,easy
4,Safe & Defensive Driving Practices,"If you expect to be hit from the rear, which action should you avoid?","a:Pressing your head firmly against the head restraint.,b:Letting go of the steering wheel.,c:Applying your brakes.",b,"If struck from behind, keep both hands on the wheel, press back into the seat and head restraint, and be ready to brake to avoid being pushed into another vehicle.",medium
5,Driving in Special Conditions,"If poor weather makes it hard to see, what driving adjustment should you make?","a:Increase your following distance.,b:Speed up to reach your destination faster.,c:Drive in the lane closest to oncoming traffic.",a,"In low visibility or poor weather, increase following distance to give yourself more time to react to hazards.",easy
3,"Signs, Signals & Road Markings",How must you treat a flashing red traffic light?,"a:You may not proceed until it turns green.,b:Treat it like a stop sign, coming to a complete stop before proceeding.,c:You are traveling in the wrong direction.",b,"A flashing red light means stop completely, yield to traffic and pedestrians, then proceed when safe.",easy
4,Safe & Defensive Driving Practices,"As you approach the top of a hill, what should you be prepared to do?","a:Speed up slightly to crest the hill.,b:Prepare to stop if necessary.,c:Maintain a steady speed without adjustments.",b,You may not see hazards over a hill; adjust speed so you can stop if needed for stalled vehicles or obstacles.,medium
2,Traffic Laws & Rules of the Road,"When parallel parking facing downhill, how should you position your wheels?","a:Turn your wheels toward the side of the road or the curb.,b:Turn your wheels away from the curb.,c:Keep your wheels straight.",a,"When parked downhill, turn the front wheels toward the curb or edge so the vehicle will roll into the curb if the brakes fail.",medium
2,Traffic Laws & Rules of the Road,"If a police officer directs you to go through a red light, what should you do?","a:Stop until the light turns green.,b:Follow the officer's instructions and go through the intersection.,c:Come to a complete stop before proceeding.",b,Traffic control instructions from a police officer override posted signals and signs; follow the officer's directions.,medium
1,Licensing & Permit Requirements,What does an instructional permit allow you to do?,"a:Operate a motor vehicle while supervised by a licensed driver age 21 or older.,b:Operate a motor vehicle without supervision.,c:Only observe another driver operating a vehicle.",a,An instructional permit allows driving only when a licensed adult (age 21 or older) with at least one year of driving experience is seated beside you.,easy
5,Driving in Special Conditions,"When driving at night on a dimly lit street, what speed should you maintain?","a:Drive slowly enough to stop within the area illuminated by your headlights.,b:Turn on your high beam headlights to see further.,c:Keep instrument panel lights bright so others can see you.",a,Drive at a speed that allows you to stop within the distance your headlights illuminate; high beams can blind others and should be used appropriately.,medium
6,"Alcohol, Drugs & Impaired Driving",How many alcoholic drinks are needed to begin affecting your driving?,"a:One,b:Two,c:Three",a,Alcohol affects driving ability even after a single drink; no amount of alcohol is guaranteed safe for driving.,easy
5,Driving in Special Conditions,You exit the freeway onto a ramp that curves downhill. What should you do?,"a:Slow to a safe speed before entering the curve.,b:Wait until in the curve to begin braking.,c:Slow to the posted freeway speed limit.",a,Always reduce speed before entering a curve—braking while in a curve may cause a skid and you may not see hazards ahead.,easy
6,"Alcohol, Drugs & Impaired Driving",Which statement about drinking and driving is correct?,"a:Alcohol affects judgment, which is essential for safe driving.,b:If you can walk straight after drinking, it is safe to drive.,c:Being under the legal BAC means your driving is not impaired.",a,Alcohol impairs judgment and skills needed to drive safely. Even small amounts can affect your ability to drive.,easy
3,"Signs, Signals & Road Markings",What should you do when you see a flashing yellow light at an intersection?,"a:Yield to all traffic before crossing.,b:Stop, then enter the intersection when it is safe.,c:Slow down and proceed with caution.",c,A flashing yellow light means slow down and proceed with caution. You are not required to stop if the way is clear.,easy
5,Driving in Special Conditions,What should you do at night regarding following distance?,"a:Increase your following distance.,b:Always use your high beams.,c:Look directly at the headlights of oncoming vehicles.",a,Reduce speed and increase following distance in darkness to allow more time to react to hazards and to avoid glare from other vehicles.,easy
8,Special Situations & Road Users,"If there is no crosswalk and a pedestrian is crossing your lane, what must you do?","a:Make eye contact then pass the pedestrian.,b:Slow down as you pass the pedestrian.,c:Stop and let the pedestrian finish crossing.",c,"Even if no marked crosswalk exists, yield to pedestrians crossing your lane and let them finish crossing safely.",medium
3,"Signs, Signals & Road Markings",What color are most traffic control devices used specifically in construction and maintenance zones?,"a:Yellow.,b:Red.,c:Orange.",c,Traffic control devices in work zones are typically orange to alert drivers to changed conditions and workers present.,easy
5,Driving in Special Conditions,"When stopping on snow or ice in a vehicle equipped with ABS, what should you do?","a:Press and hold the brake pedal firmly.,b:Pump the brakes manually.,c:Stay off the brakes and wait for the car to stop on its own.",a,"If your vehicle has ABS, press the brake pedal firmly and let the system pump the brakes automatically for you.",medium
2,Traffic Laws & Rules of the Road,"If you miss your exit on the freeway, which should you not do?","a:Continue on and find another route.,b:Proceed to the next exit and return to your intended exit.,c:Back up on the road or shoulder.",c,Do not back up on the freeway or shoulder. Continue to the next exit and use a safe route to return.,easy
4,Safe & Defensive Driving Practices,Which of the following is a safe driving habit?,"a:Checking your rearview mirrors frequently.,b:Using your high beams in fog.,c:Staring at the road directly in front of your vehicle at all times.",a,"To remain aware of the traffic around you, scan the road and check mirrors every two to five seconds; avoid using high beams in fog.",easy
8,Special Situations & Road Users,Which statement is true about large trucks compared to passenger vehicles?,"a:They take longer to stop than passenger vehicles.,b:They are more maneuverable than passenger vehicles.,c:All large trucks have air brakes that allow quick stops.",a,"Large trucks require much more distance to stop than passenger cars, especially when loaded, and cannot stop as quickly.",medium
6,"Alcohol, Drugs & Impaired Driving",What is the only thing that can reduce blood alcohol concentration (BAC)?,"a:Time.,b:Drinking caffeine.,c:Eating high-fat foods.",a,Only the passage of time allows your body to metabolize and eliminate alcohol; nothing else accelerates the process.,easy
3,"Signs, Signals & Road Markings",What message does a 'No passing zone' sign convey?,"a:That it is not safe to pass in the indicated area.,b:To maintain a steady speed.,c:To speed up slightly to clear the zone.",a,A 'No passing zone' sign indicates that passing in that area is illegal because of limited visibility or other hazards.,easy
2,Traffic Laws & Rules of the Road,"When changing lanes, which action should you take to check for other vehicles?","a:Rely on the rearview mirror.,b:Look over your shoulder in the direction you plan to move.,c:Rely on the left side mirror.",b,"Before you change lanes, glance over your shoulder toward the lane you want to enter to check the blind spot and confirm it is clear.",easy
2,Traffic Laws & Rules of the Road,"When making a left turn at an intersection, what is required?","a:You should always yield to oncoming traffic and pedestrians.,b:Oncoming traffic and pedestrians should always yield to you.,c:You should never yield to oncoming traffic and pedestrians.",a,Yield to oncoming vehicles and pedestrians before completing a left turn. Only turn when the way is clear and signals allow.,easy
8,Special Situations & Road Users,"Approaching a person crossing with a white cane or guide dog, what action is required?","a:Carefully drive around them.,b:Stop until the person is well away from your path.,c:Honk your horn as you proceed.",b,Stop and remain stopped until a blind pedestrian with a cane or guide dog has cleared your path; do not honk or attempt to pass closely.,easy
5,Driving in Special Conditions,"When visibility is reduced by fog, which lights should you use?","a:Use your high beam headlights.,b:Use four-way flashers.,c:Use low beam headlights.",c,In foggy conditions use low beam headlights; high beams will reflect off the fog and reduce visibility.,easy
2,Traffic Laws & Rules of the Road,Drivers turning left must yield to which of the following?,"a:No one.,b:Oncoming cars.,c:Overtaking cars.",b,Drivers making left turns must yield to oncoming traffic traveling straight or turning right before turning left.,easy
4,Safe & Defensive Driving Practices,Which statement about driving slowly is true?,"a:Driving too slowly on certain highways can be dangerous.,b:Driving too slowly is never unsafe.,c:Driving speed does not affect safety.",a,Going much slower than surrounding traffic can create hazards by encouraging unsafe passing or backing up traffic; match the flow when safe.,easy
5,Driving in Special Conditions,Any concentration of alcohol acts as what type of drug?,"a:A stimulant.,b:A depressant.,c:Neither of the above.",b,"Alcohol is a depressant; it slows down the central nervous system and impairs coordination, judgment, and reaction time.",easy
4,Safe & Defensive Driving Practices,"With oncoming traffic to your left and parked vehicles to your right, how should you steer?","a:Follow a middle course between the oncoming and parked vehicles.,b:Steer closer to the oncoming vehicles than the parked ones.,c:Steer closer to the parked vehicles than oncoming vehicles.",a,Choose a middle path between oncoming and parked cars to maximize clearance and reduce collision risk.,easy
2,Traffic Laws & Rules of the Road,"When planning to pass another vehicle, what assumption should you avoid?","a:Assume the other driver will maintain a constant speed.,b:Assume the other driver will give you room to return to your lane.,c:Assume the other driver will let you pass if you signal.",b,Never assume the space you plan to occupy is clear; only return to your lane when you can do so safely without forcing others to brake or swerve.,medium
2,Traffic Laws & Rules of the Road,"When changing lanes, what checks should you perform?","a:Check the inside rearview mirror only.,b:Check your side mirror and look over your shoulder to ensure the lane is clear.,c:Slow down and change lanes immediately.",b,"Before changing lanes, check side mirrors and glance over your shoulder to confirm no vehicles are in your blind spot.",easy
5,Driving in Special Conditions,Which is a dangerous driving habit in work zones?,"a:Failing to carefully watch for workers and moving equipment.,b:Both tailgating other vehicles and failing to watch for workers.,c:Following another vehicle too closely (tailgating).",b,"In work zones slow down, increase following distance, and be alert for workers and equipment to avoid collisions.",easy
4,Safe & Defensive Driving Practices,"Before entering a curve, what should you do?","a:Activate your turn signal.,b:Reduce your speed.,c:Brake hard right before the curve.",b,Slow to a safe speed before entering a curve; do most braking before the curve to reduce the chance of skidding.,easy
2,Traffic Laws & Rules of the Road,"If a police officer orders you to stop even though the traffic light is green, what should you do?","a:Obey the officer.,b:Obey the traffic signal.,c:Do what the vehicle in front of you does.",a,"Instructions from a police officer directing traffic take precedence over traffic lights, signs, or pavement markings; you must obey the officer.",easy
4,Safe & Defensive Driving Practices,How is a 'distraction' while driving defined?,"a:Anything that takes your attention away from driving.,b:Anything that causes evasive action while driving.,c:Anything that causes you to pay more attention to driving.",a,A driving distraction diverts attention from the driving task and can lead to crashes and injuries.,easy
1,Licensing & Permit Requirements,What should you do before switching on the ignition?,"a:Buckle your safety belt and ensure passengers have buckled theirs.,b:Buckle your safety belt only.,c:Be sure all passengers have buckled their safety belts only.",a,Develop the habit of fastening your seat belt and confirming passengers are belted before starting the engine.,easy
4,Safe & Defensive Driving Practices,What can you do to help reduce incidents of road rage?,"a:Always signal your intentions when changing lanes.,b:Use your horn frequently to remind others to yield.,c:Talk on your cell phone to stay calm while driving.",a,Signaling lane changes and turns clearly helps prevent misunderstandings and reduces the chance of conflict with other drivers.,easy
5,Driving in Special Conditions,"When following another vehicle at night, what should you do with your headlights?","a:Keep your headlights on the low beam setting.,b:Use your high beam headlights until you are within 10 feet of the vehicle ahead.,c:Use your high beam headlights.",a,"When following another vehicle, use low beams to avoid blinding the driver ahead and to reduce glare for both drivers.",easy
3,"Signs, Signals & Road Markings",What does a steady red arrow on a traffic signal mean?,"a:Traffic in the indicated lane may not proceed in that direction.,b:You may turn after coming to a complete stop.,c:You may proceed in the indicated direction.",a,A steady red arrow means traffic in that lane must stop and remain stopped until a green signal is displayed.,easy
2,Traffic Laws & Rules of the Road,"Approaching an intersection at posted speed when the signal turns yellow, what is the correct action?","a:Slow down and proceed through the intersection without caution.,b:Speed up to cross before it turns red.,c:Stop before entering the intersection if you can do so safely.",c,"A steady yellow warns the light is about to turn red; stop if you can safely do so, otherwise proceed with caution.",medium
5,Driving in Special Conditions,Which type of road surface is most likely to freeze first in cold weather?,"a:A tunnel,b:A bridge,c:An intersection",b,Bridges and overpasses often freeze before the rest of the road because they are exposed to air on all sides.,easy
8,Special Situations & Road Users,"When following a motorcycle, how should you adjust your following distance?","a:Drive more slowly.,b:Be ready to use your horn.,c:Allow a larger following distance (at least 3–4 seconds).",c,"Motorcycles can stop quickly and may fall; give them extra space, typically a three- to four-second following distance.",easy
8,Special Situations & Road Users,Where are truck blind spots typically located?,"a:On the immediate left of the cab and directly behind the trailer.,b:Directly behind the cab only.,c:On the immediate left of the cab only.",a,"Trucks have large blind spots on both sides and behind the trailer—if you can't see the driver's face in their mirror, they probably can't see you.",medium
2,Traffic Laws & Rules of the Road,"When merging onto an interstate, what is the correct action?","a:Select a safe gap and merge into the lane of traffic.,b:Always stop on the entrance ramp before entering.,c:Merge across two lanes at once to find a gap.",a,"Use the acceleration lane to speed up, select a sufficient gap, and merge smoothly into traffic; do not stop on the ramp unless no safe gap exists.",easy
7,Vehicle Ownership & Responsibilities,When must safety belts be worn?,"a:Only when driving long distances.,b:Do not need to be worn if airbags are present.,c:Must be worn at all times in a moving vehicle.",c,Safety belts should be worn by all occupants at all times while the vehicle is moving; they greatly reduce risk of injury.,easy
5,Driving in Special Conditions,How can you avoid hydroplaning in rainy conditions?,"a:Slow down.,b:Apply brakes immediately when the car starts to skid.,c:Drive at a speed appropriate for ideal conditions.",a,Reducing speed in wet conditions helps maintain tire contact with the road and prevents hydroplaning.,medium
2,Traffic Laws & Rules of the Road,"When merging into highway traffic, what should you do to safely enter a gap?","a:Check behind you and to the side, then watch the vehicle ahead.,b:Speed up and expect other vehicles to yield.,c:Watch only the traffic behind the gap.",a,"Before changing lanes or entering traffic, verify the lane you intend to enter is clear by checking mirrors and blind spots as well as the vehicle ahead.",easy
2,Traffic Laws & Rules of the Road,"If you are already in an intersection when a green light turns yellow, what should you do?","a:Clear the intersection safely.,b:Stop immediately.,c:Increase your speed to avoid causing an accident.",a,"If already in the intersection when the light changes to yellow, continue through and clear it safely.",easy
7,Vehicle Ownership & Responsibilities,"If your vehicle has a two-part safety belt system, how should you wear it?","a:Use both the lap belt and the shoulder belt.,b:Use only the lap belt.,c:Use only the shoulder belt.",a,Wear both the lap and shoulder belts together for maximum protection; using either alone reduces effectiveness.,easy
4,Safe & Defensive Driving Practices,Which behavior may identify an aggressive driver?,"a:Erratic and improper lane changes.,b:The number of passengers in the vehicle.,c:Driving slowly.",a,"Aggressive drivers often make sudden, unsafe lane changes and other risky driving maneuvers; avoid challenging them and get out of their way.",easy
3,"Signs, Signals & Road Markings","If approaching an intersection controlled by a flashing red signal, what must you do?","a:Reduce speed and proceed with caution.,b:Come to a complete stop, yield, then proceed when clear.,c:Remain stopped as long as the light is red.",b,"A flashing red signal is treated like a stop sign: stop completely, yield to traffic and pedestrians, then continue when safe.",easy
2,Traffic Laws & Rules of the Road,When should your wheels not be pointed straight ahead?,"a:When parked on a hill or sloping driveway.,b:When waiting to make a left turn at a traffic light.,c:When parked on level roadway with no curb.",a,"When parked on a slope, turn wheels so the vehicle will roll away from traffic if the brakes fail; keep wheels straight when waiting to turn.",medium
8,Special Situations & Road Users,"If the driver ahead stops at a crosswalk, how should you respond?","a:Change lanes and pass the stopped vehicle carefully.,b:Stop and proceed only after all pedestrians have finished crossing.,c:Cautiously pass the vehicle at about 10 mph.",b,You must not pass a vehicle stopped at a crosswalk because pedestrians may be crossing that you cannot see.,easy
2,Traffic Laws & Rules of the Road,How must you yield when an emergency vehicle uses siren and flashing lights?,"a:Drive as close as possible to the right edge of the road and stop.,b:Move into the right lane and drive slowly until it passes.,c:Stop immediately, even if in an intersection.",a,Pull as far right and stop (without blocking an intersection) to allow emergency vehicles to pass safely.,easy
2,Traffic Laws & Rules of the Road,"When turning left from a two-way street onto a one-way street, which lane should you enter?","a:Turn into any available lane.,b:Turn into the first (closest) lane of the one-way street.,c:Turn into the second lane.",b,"When turning onto a one-way street, turn from the lane closest to the direction you want to go into the first available legal lane.",easy
5,Driving in Special Conditions,"If the road is slippery, what following distance should you maintain?","a:No different than normal.,b:Farther from the car ahead than normal.,c:Closer to the car ahead than normal.",b,"On slippery roads you need a longer distance to stop, so increase your following distance accordingly.",easy
5,Driving in Special Conditions,Which lights should you use to improve visibility in rain or fog?,"a:Low beam headlights.,b:High beam headlights.,c:Parking lights.",a,"In rain, fog, or snow, use low beam headlights; high beams reflect off moisture and reduce visibility.",easy
2,Traffic Laws & Rules of the Road,Under what condition may you pass another vehicle?,"a:When there is a broken line next to your lane.,b:When you are on a hill or curve.,c:When there is a solid line next to your lane.",a,"You may pass where the center line is broken and passing is permitted, but never on curves or hills where you cannot see ahead.",medium
3,"Signs, Signals & Road Markings",A pentagon-shaped traffic sign indicates what?,"a:School zone or school crossing.,b:Stop sign.,c:A regulatory sign only.",a,Five-sided signs typically warn of school zones or school crossings where children may be present.,easy
2,Traffic Laws & Rules of the Road,Where is a U-turn not allowed?,"a:On or near any curve or hill.,b:In a parking lot.,c:On a straight roadway with 500 feet clear in both directions.",a,Never make a U-turn on or near a curve or hill where you cannot see oncoming traffic or pedestrians—it's too dangerous.,easy
4,Safe & Defensive Driving Practices,Should you always drive more slowly than other traffic?,"a:No; driving too slowly can block traffic and be unsafe.,b:Yes; it is always safer to drive slower than other traffic.,c:Yes; driving slowly is a defensive driving technique in all situations.",a,"While you should reduce speed in bad weather or heavy traffic, unnecessarily slow driving can impede traffic flow and be hazardous.",easy
2,Traffic Laws & Rules of the Road,Which action is prohibited when changing lanes?,"a:Move into another lane while within an intersection.,b:Check your blind spot by looking over your shoulder.,c:Check for other drivers moving into the same lane.",a,Never change lanes inside an intersection. Always check mirrors and blind spots and signal before moving laterally.,easy
5,Driving in Special Conditions,Which area is most likely to stay icy longer after snow or rain?,"a:A hilly, open road,b:A residential road,c:A shaded area of the road",c,"Shaded areas often freeze before and thaw after other parts of the road, making them more likely to be icy.",medium
2,Traffic Laws & Rules of the Road,Which speed should you travel at under varying conditions?,"a:At a speed appropriate for road and weather conditions.,b:At the posted speed limit regardless of conditions.,c:At the speed of the vehicles immediately around you.",a,"Drive at or below the legal limit and reduce speed further when road, traffic, or weather conditions make travel unsafe.",easy
8,Special Situations & Road Users,"When a school bus is stopped on your side of the road with red lights flashing, you must:","a:Stop until the lights stop flashing.,b:Change lanes and pass cautiously.,c:Slow down to no more than 10 mph.",a,"If a school bus displays flashing red lights and its stop arm, you must stop and may not proceed until the signals end and the stop arm is retracted.",easy
4,Safe & Defensive Driving Practices,How do stopping distances and crash severity change as vehicle speed increases?,"a:They increase as speed increases.,b:They are not affected by speed.,c:They decrease as speed increases.",a,"Higher speeds increase stopping distance and the energy involved in a crash, raising the likelihood of serious injury or death.",medium
8,Special Situations & Road Users,When must you always stop before crossing railroad tracks?,"a:When there isn't room on the other side for you to completely clear the tracks.,b:The railroad crossing is in a city or town that has frequent train traffic.,c:You are transporting two or more young children.",a,"Never stop on the tracks; if you cannot fully clear the crossing due to traffic or obstructions, wait until you can cross safely.",medium
4,Safe & Defensive Driving Practices,Why should you avoid making sudden stops in front of large trucks and buses?,"a:Because large vehicles need longer distances to stop due to their size and weight.,b:Because small vehicle drivers cannot see trucks in their mirrors.,c:Because large trucks travel at higher speeds than cars.",a,Large trucks and buses require more distance to stop; sudden stops in front of them increase the risk of collisions.,easy
5,Driving in Special Conditions,"What is the purpose of work zone barriers, drums, cones, and signs?","a:To keep traffic out of hazardous work areas.,b:To inconvenience drivers.,c:To make drivers angry about slow traffic.",a,These devices warn and guide drivers away from work zone hazards to protect workers and motorists.,easy
4,Safe & Defensive Driving Practices,How can you avoid becoming an aggressive driver?,"a:Relax and concentrate on driving.,b:Drive above the posted speed limit.,c:Tailgate the driver in front of you.",a,"Prevent aggression by focusing on driving, allowing realistic travel time, and being forgiving of others' mistakes.",easy
2,Traffic Laws & Rules of the Road,"When preparing to make a left turn from a two-way street, where should you position your vehicle?","a:Near the right-hand side of the road.,b:Near the centerline.,c:On the left of the centerline.",b,Begin your left turn from the lane nearest the centerline and turn into the lane nearest the centerline on the roadway you enter.,medium
4,Safe & Defensive Driving Practices,"If your tire suddenly goes flat while driving, what is the correct response?","a:Press down on the brake pedal as hard as you can.,b:Slow down gradually and avoid braking sharply.,c:Rapidly pump the brake pedal several times.",b,"Grip the steering wheel, ease off the accelerator, and let the vehicle slow down gradually; brake gently only if necessary and pull off when safe.",medium
4,Safe & Defensive Driving Practices,Where should your hands be positioned when using hand-to-hand (push/pull) steering?,"a:Left hand between 7 and 8 o'clock and right hand between 4 and 5 o'clock.,b:Left hand between 9 and 10 o'clock and right hand between 2 and 3 o'clock.,c:Left hand between 10 and 11 o'clock and right hand between 1 and 2 o'clock.",a,"Using push/pull steering at normal driving speeds, position your left hand around 7-8 o'clock and your right hand around 4-5 o'clock on the wheel.",medium
2,Traffic Laws & Rules of the Road,"When making a left turn at an intersection, what must you do?","a:Always yield to oncoming traffic and pedestrians.,b:Oncoming traffic and pedestrians must yield to you.,c:You should never yield to oncoming traffic or pedestrians.",a,Left-turning drivers must yield to oncoming vehicles going straight and to pedestrians crossing the roadway.,easy
5,Driving in Special Conditions,How can you reduce the risk of hydroplaning in heavy rain?,"a:Decrease your speed.,b:Use cruise control to hold a constant speed.,c:Move to the shoulder as soon as it starts to rain.",a,Reduce speed in wet conditions to avoid losing tire contact with the road surface (hydroplaning).,medium
4,Safe & Defensive Driving Practices,When is it appropriate to use your horn?,"a:Another vehicle is in your way.,b:It may help prevent a collision.,c:Another driver makes a mistake.",b,Use the horn only when necessary to avoid a collision; do not use it to express frustration or demand that others speed up.,easy
3,"Signs, Signals & Road Markings",Yellow pavement markings separate what?,"a:Traffic moving in opposite directions on two-way roads.,b:Traffic lanes on one-way streets.,c:Carpool lanes from regular traffic lanes.",a,"Yellow centerlines indicate two-way traffic; a solid yellow means no passing, while a broken yellow allows passing when it is safe.",easy
5,Driving in Special Conditions,"When driving in fog, which lighting should you use and what should you do with speed?","a:Turn on high beams and speed up.,b:Slow down and use low beam headlights.,c:Increase speed to avoid causing an accident.",b,"Use low beam headlights in fog and reduce speed. If visibility is extremely poor, pull off the road safely and wait.",medium
2,Traffic Laws & Rules of the Road,What does a flashing yellow light at an intersection mean?,"a:Slow down and proceed with caution.,b:Come to a complete stop as quickly as possible.,c:Stop and proceed only when the intersection is clear.",a,A flashing yellow signal means proceed with caution after slowing down and checking for cross traffic; a full stop is not required.,easy
4,Safe & Defensive Driving Practices,"If you become drowsy while driving, what should you do?","a:Try to fight it while driving.,b:Take a break and rest.,c:Take caffeine pills and continue driving.",b,"If you feel drowsy, pull into a safe area and rest, nap, or change drivers rather than relying on stimulants.",easy
3,"Signs, Signals & Road Markings",What does a double solid yellow line down the center of the road mean?,"a:Passing is allowed from both directions.,b:Passing is allowed only from your direction of travel.,c:Passing is not permitted from either direction.",c,Double solid yellow lines indicate traffic is moving in opposite directions and passing is prohibited for both sides.,easy
4,Safe & Defensive Driving Practices,Why should you look farther ahead on a freeway than on a city street?,"a:In order to see potential hazards early.,b:Because it takes a quarter of a mile to stop your vehicle completely.,c:Because it helps you keep up with traffic.",a,"On freeways, higher speeds and faster-changing traffic require you to scan farther ahead to detect hazards and respond safely.",easy
5,Driving in Special Conditions,Why is driving at night generally more dangerous than during the day?,"a:Your reaction time is slower at night.,b:The road is always more slippery at night.,c:You cannot see as far ahead at night.",c,"Reduced visibility and glare from headlights limit how far ahead you can see at night, increasing driving risk.",easy
4,Safe & Defensive Driving Practices,Slowing down to look at collisions or other unusual events along the road tends to:,"a:Cause traffic congestion.,b:Prevent rear-end collisions.,c:Improve traffic flow.",a,Rubbernecking slows traffic and contributes to congestion and secondary crashes; keep moving safely and avoid looking.,easy
1,Licensing & Permit Requirements,"If you are under 21, driving with what blood alcohol concentration can lead to license suspension?","a:0.15 percent or more.,b:0.08 percent or more.,c:Any amount of alcohol detected.",c,"Kansas enforces zero tolerance for drivers under 21 — any detected alcohol can result in penalties, including a license suspension.",medium
2,Traffic Laws & Rules of the Road,"After passing another vehicle, when is it safe to return to your lane?","a:When you have passed the other vehicle’s front bumper.,b:When you can see the vehicle’s headlights in your rearview mirror.,c:If you cannot see the vehicle directly to your right.",b,"Return to your lane only after you can see the passed vehicle’s headlights in your rearview mirror, ensuring a safe margin.",medium
4,Safe & Defensive Driving Practices,How should you view backing up your vehicle?,"a:It is always potentially dangerous and requires caution.,b:It is dangerous only in large vehicles.,c:It is safer when a helper is present.",a,"Backing up is risky because visibility is limited; use caution, check mirrors, and get assistance if needed.",easy
5,Driving in Special Conditions,"As daylight fades, which lights should you turn on to help others see you?","a:Low beam headlights.,b:Parking lights.,c:Emergency flashers.",a,Turn on low beams as daylight fades so other drivers can see you; use high beams only when appropriate.,easy
5,Driving in Special Conditions,"When rain or fog reduces visibility, which lights should you use?","a:Low beam headlights.,b:High beam headlights.,c:Parking lights.",a,Use low beam headlights in rain or fog to improve your visibility and help others see you.,medium
5,Driving in Special Conditions,How should you adjust driving on gravel or dirt roads?,"a:Slow down because tires have less traction than on pavement.,b:Expect better traction than on pavement.,c:Maintain normal highway speeds because visibility is the same.",a,Loose surfaces reduce traction and increase stopping distance and the risk of skids; reduce speed and drive cautiously.,medium
2,Traffic Laws & Rules of the Road,Which statements about driving speed are true?,"a:As your speed increases, the chance of a fatality increases.,b:As your speed increases, you should increase your following distance.,c:Both of the above.",c,"Higher speeds increase the severity of crashes and require longer stopping distances, so increase following distance as speed increases.",medium
8,Special Situations & Road Users,"When a school bus is loading or unloading children, what must drivers do?","a:Stop, regardless of your direction of travel.,b:Slow down and be prepared to stop.,c:Stop only if you are traveling in the same direction as the bus.",a,"You must come to a complete stop whenever a school bus is loading or unloading passengers, regardless of your direction of travel.",medium
6,"Alcohol, Drugs & Impaired Driving",What is the only proven way to reduce blood alcohol concentration (BAC)?,"a:Give your body time.,b:Drink coffee.,c:Breathe in fresh air.",a,Nothing speeds elimination of alcohol from the body; only the passage of time lowers BAC and reduces impairment.,easy
3,"Signs, Signals & Road Markings",A broken yellow centerline means which of the following?,"a:Passing is not permitted.,b:Passing on the right is permitted when the way ahead is clear.,c:Passing on the left is permitted when the way ahead is clear.",c,A broken yellow line indicates that passing on the left is permitted when safe and no oncoming traffic is present.,medium
5,Driving in Special Conditions,"When roads are slippery after the first rain, what driving behavior is recommended?","a:Avoid making turns and stops while driving at high speeds.,b:Test your tires' traction while going uphill.,c:Decrease the distance you look ahead of your vehicle.",a,Drive more slowly and avoid abrupt turns or stops on newly wet pavement to reduce the risk of skidding.,easy
2,Traffic Laws & Rules of the Road,"When entering traffic from a curb, what should you do?","a:Wait for a gap large enough to get up to the speed of traffic.,b:Drive more slowly than traffic for 200 feet.,c:Wait for the first two vehicles to pass then merge.",a,"When merging from a curb or parking, accelerate to match traffic speed and use a sufficiently large gap to merge safely.",medium
2,Traffic Laws & Rules of the Road,What should a driver do at an intersection when the traffic control signal is not operating?,"a:If the intersection is clear, the driver does not need to stop.,b:Come to a full stop and yield the right-of-way before entering the intersection.,c:Drive quickly through the intersection to get out of the way of other vehicles.",b,Treat a nonworking signal as an all-way stop: come to a complete stop and yield according to right-of-way rules before proceeding.,medium
4,Safe & Defensive Driving Practices,What best defines distracted driving?,"a:Anything that takes your attention away from driving.,b:Anything that causes evasive action while driving.,c:Anything that makes you pay extra attention to driving.",a,"Distracted driving means any activity that takes your eyes, hands, or mind away from driving, which increases the risk of collisions.",easy
5,Driving in Special Conditions,When is highway pavement most slippery during rain?,"a:Just after it starts to rain.,b:If it has been raining for several hours.,c:If it has been raining for one to two hours.",a,"Roads are most treacherous when rain first begins, as oil and dirt mix with water creating a slippery film.",medium
6,"Alcohol, Drugs & Impaired Driving","While in a motor vehicle on a highway, what is the rule about open containers of alcohol?","a:It is illegal to drink from or possess open containers of alcohol.,b:It is legal to drink alcohol if you are not driving.,c:It is legal to drink if you are driving but not intoxicated.",a,It is illegal for drivers or passengers to possess open containers of alcohol in a motor vehicle while it is in operation.,medium
