section-num,section-name,question,options,correct-answer,note,difficulty
4,Safe & Defensive Driving Practices,Why should you look farther ahead on a freeway than on a city street?,"a:To see potential hazards earlier and allow more time to react.,b:Because it takes a quarter of a mile to stop.,c:Because it helps you keep up with traffic.",a,Higher speeds on freeways require earlier detection of changing conditions and hazards.,easy
4,Safe & Defensive Driving Practices,"If an oncoming driver fails to dim their headlights, what should you do?","a:Look toward the right side of the road to avoid glare.,b:Look toward the center of the roadway.,c:Look straight ahead.",a,Glance toward the right edge of the road to avoid being blinded while keeping enough view to stay in your lane.,easy
8,Special Situations & Road Users,"When following a motorcycle, what should you do?","a:Allow a larger following distance (three to four seconds).,b:Drive more slowly than usual.,c:Be ready to use your horn frequently.,d:Tailgate to prevent lane changes.",a,Maintain a larger following distance behind motorcycles because they can stop quickly and are more vulnerable in a fall.,easy
3,"Signs, Signals & Road Markings","If a lane-control sign over your lane has an arrow with 'ONLY' below it, you must:","a:Travel in the direction of the arrow.,b:Always make a lane change.,c:Look for a destination sign to follow.",a,A lane-control sign marked 'ONLY' indicates the required direction of travel for that lane.,easy
2,Traffic Laws & Rules of the Road,Where is a U-turn prohibited?,"a:On or near any curve or hill.,b:In a parking lot.,c:On a straight road with 500 feet of clear view.,d:At an intersection controlled by a stop sign.",a,Never make a U-turn on or near a curve or hill where you cannot clearly see approaching traffic; it creates a collision risk.,easy
2,Traffic Laws & Rules of the Road,When are collisions more likely to occur regarding vehicle speeds?,"a:When one vehicle is traveling faster or slower than the flow of traffic.,b:When all vehicles travel at about the same speed.,c:Only when vehicles travel too fast.,d:Only when vehicles travel too slowly.",a,Collisions are more likely when a vehicle's speed differs significantly from the general flow of traffic.,easy
8,Special Situations & Road Users,Why should drivers give extra space to children on bicycles?,"a:They do not have the same physical reflexes as adults.,b:They are smaller and more difficult to see than adults.,c:Both of the above.",c,"Children are less predictable and harder to see; give extra space near schools, parks, and driveways.",medium
8,Special Situations & Road Users,"If a pedestrian is partway across when your signal turns green, how should you proceed?","a:Wait until the pedestrian has cleared the street before you proceed.,b:Proceed if you have the right-of-way.,c:Proceed if the pedestrian is not in your lane.",a,Yield to pedestrians in the intersection even if your light turns green; wait until they finish crossing.,medium
3,"Signs, Signals & Road Markings",What does a broken yellow centerline allow drivers to do?,"a:Pass on the left when the way ahead is clear.,b:Passing is not permitted.,c:Passing on the right is permitted when the way ahead is clear.",a,Broken yellow centerlines permit passing on the left from the side with the dashed line when safe to do so.,easy
4,Safe & Defensive Driving Practices,"Before returning to your lane after passing, what should you verify?","a:See both headlights of the passed vehicle in your rearview mirror.,b:Flash your headlights.,c:Beep your horn.",a,"After passing, make sure you can see both headlights of the vehicle you passed in your rearview mirror before moving back into that lane.",easy
6,"Alcohol, Drugs & Impaired Driving",What term is used to describe the amount of alcohol in a person's blood?,"a:Blood alcohol concentration (BAC).,b:Implied consent (IC).,c:Rate of alcohol consumption (RAC).",a,BAC measures the percentage of alcohol in the bloodstream and is used to determine impairment.,easy
7,Vehicle Ownership & Responsibilities,Where is the safest place for children age 12 and under in a vehicle with airbags?,"a:The back seat.,b:The front passenger seat.,c:The truck bed of a pickup.,d:Standing between the front seats.",a,Airbags can injure children; anyone age 12 or younger should ride in the back seat.,easy
2,Traffic Laws & Rules of the Road,"If a traffic control signal is not working, how should you proceed at the intersection?","a:Come to a full stop and yield the right-of-way before entering the intersection.,b:If the intersection is clear, you do not need to stop.,c:Drive quickly through the intersection to get out of the way of other vehicles.",a,"Treat an unlit or nonworking signal as an all-way stop: stop, observe, and yield before entering.",medium
4,Safe & Defensive Driving Practices,What is the correct response to a tire blowout while driving?,"a:Slow down gradually and use brakes lightly after speed drops.,b:Apply the brakes firmly and stop immediately.,c:Tap or pump the brakes repeatedly.,d:Turn the steering wheel sharply to the side of the blowout.",a,"If a tire blows out, take your foot off the accelerator to slow, avoid heavy braking until slowed, and steer straight until you can pull off safely.",medium
3,"Signs, Signals & Road Markings","On a roadway with a single broken white centerline, what is permitted?","a:You may cross the centerline to change lanes.,b:You may change lanes only from the left lane.,c:You must stay within your lane.",a,Broken white lines separate same-direction lanes and allow lane changes when it is safe to do so.,medium
2,Traffic Laws & Rules of the Road,"At a four-way stop, to whom must you yield?","a:The driver on your left.,b:Whoever arrived before you.,c:The driver across from your vehicle.",b,Vehicles proceed through a four-way stop in the order of arrival; yield to drivers who arrived before you.,easy
4,Safe & Defensive Driving Practices,"If you become drowsy while driving, what is the best action?","a:Take a break.,b:Try to fight it.,c:Take some caffeine pills.",a,"If tired, pull off at the next safe location to rest, nap, or change drivers; caffeine and pills are not reliable substitutes for sleep.",easy
6,"Alcohol, Drugs & Impaired Driving",When is reaction time slowed?,"a:After drinking alcohol.,b:After sleeping.,c:After working hard.,d:Only when driving at high speeds.",a,"Alcohol slows reflexes and reaction time, impairing driving skills and judgment.",easy
6,"Alcohol, Drugs & Impaired Driving",What type of drug is alcohol classified as?,"a:A depressant.,b:An antihistamine.,c:A stimulant.,d:A hallucinogen.",a,"Alcohol is a depressant that dulls judgment and slows reflexes, making driving unsafe.",easy
8,Special Situations & Road Users,Which statement about blind spots is true?,"a:Large trucks have bigger blind spots than most passenger vehicles.,b:Blind spots are eliminated if you have one outside mirror.,c:You can check blind spots using only your rearview mirror.,d:Mirrors remove the need to look over your shoulder.",a,"Even with proper mirrors, blind spots remain; large trucks have much larger blind spots than passenger cars.",easy
2,Traffic Laws & Rules of the Road,"If you are already in an intersection when a green signal turns yellow, what should you do?","a:Continue moving and clear the intersection safely.,b:Stop immediately.,c:Increase your speed to get out quickly.",a,"If you are already in the intersection when the light turns yellow, proceed through and clear it safely.",easy
8,Special Situations & Road Users,"When a pedestrian is using a guide dog or carrying a white cane, how should you respond?","a:You must always yield the right-of-way.,b:You must tell them where to cross the street.,c:You only have to yield if you are at a corner.",a,Blind or partially blind pedestrians using a guide dog or white cane must always be given the right-of-way.,easy
4,Safe & Defensive Driving Practices,When changing lanes you should never do which of the following?,"a:Change lanes abruptly or spontaneously.,b:Look over your shoulder to check your blind spot.,c:Check for other vehicles moving into the same lane.",a,"Do not make sudden lane changes; always signal, check mirrors and blind spots, and ensure the lane is clear before moving.",medium
5,Driving in Special Conditions,"When entering a freeway, check traffic by:","a:Using your rearview and side mirrors.,b:Using your side mirror and looking over your shoulder.,c:Using only your rearview mirror.,d:Assuming traffic will adjust for you.",b,"When merging, use your side mirror and a shoulder check to ensure there is a safe gap in traffic before you merge into the freeway.",medium
3,"Signs, Signals & Road Markings",What does a broken yellow line next to a solid yellow line indicate about passing?,"a:Passing is allowed from the side with the broken line and prohibited from the solid side.,b:Passing is prohibited for both directions.,c:Passing is allowed only during daylight.,d:Passing is allowed only for trucks.",a,"If the broken line is on your side, you may pass when safe; the solid-line side cannot pass.",easy
2,Traffic Laws & Rules of the Road,"When entering an interstate highway from an entrance ramp, what should you do?","a:Match the speed of traffic in the acceleration lane and merge when the way is clear.,b:Stop at the end of the ramp and wait for a gap.,c:Reduce speed to 25 mph before merging.,d:Enter immediately and then adjust speed.",a,Use the acceleration lane to reach highway speed and merge smoothly with traffic when safe.,medium
2,Traffic Laws & Rules of the Road,You have entered a turn lane to make a left turn and there is oncoming traffic. What should you do?,"a:Signal before you arrive at the intersection.,b:Turn your front wheels to the left to be prepared to turn.,c:Move to the left of the center lane.",a,Signal about 100 feet before the turn and keep your wheels straight until it is safe to start the left turn to avoid being pushed into oncoming traffic.,medium
1,Licensing & Permit Requirements,You may cross double yellow lines to pass another vehicle only when which condition exists?,"a:There is a broken yellow line on your side of the centerline.,b:The vehicle in front signals for you to pass.,c:A broken yellow line is on the far side of the centerline.,d:You are in a left-turn lane.",a,A broken yellow line next to your side of the road indicates you may pass when it is safe to do so.,easy
2,Traffic Laws & Rules of the Road,"On a two-lane road, where is it illegal to pass another vehicle?","a:Both on a hill and in a curve.,b:On a hill only.,c:In a curve only.",a,Do not pass on hills or in curves where you cannot see oncoming traffic; only pass where it is safe and legal.,easy
8,Special Situations & Road Users,"When you see pedestrians near the roadway, what should you do?","a:Slow down and pass with caution.,b:Speed up to clear the area quickly.,c:Sound your horn and maintain your speed.",a,Slow and be prepared to stop for pedestrians; they may step into the roadway unexpectedly.,easy
4,Safe & Defensive Driving Practices,What dangerous outcome is most increased by driver fatigue?,"a:Falling asleep behind the wheel and crashing.,b:Missing an exit.,c:Being late for appointments.,d:Getting a parking ticket.",a,"Fatigue impairs decision-making and reaction time and can lead to falling asleep while driving, which greatly increases crash risk.",easy
7,Vehicle Ownership & Responsibilities,When should your wheels NOT be pointed straight ahead?,"a:When parked on a hill or sloping driveway.,b:When waiting to make a left turn at a traffic light.,c:When parked on the side of a level roadway where there is no curb.",a,"When parked facing uphill or downhill, turn your wheels so the vehicle will not roll into traffic if the brakes fail.",medium
5,Driving in Special Conditions,"When driving in fog, which lights should you use?","a:Low beam headlights.,b:Four-way flashers.,c:High beam headlights.",a,"Use low beams in fog, rain, or snow; high beams reflect and reduce visibility further.",easy
2,Traffic Laws & Rules of the Road,"If you are in the left of two lanes going your direction and others are passing on the right, what should you do?","a:Move into the right lane when it is safe.,b:Remain in the left lane regardless of traffic.,c:Drive onto the left shoulder to let others pass.,d:Increase your speed to stay ahead.",a,"Use the left lane for passing or turning left; if you are impeding traffic, move right when safe.",easy
5,Driving in Special Conditions,"To improve visibility in rain or fog, drivers should use which lights?","a:Low beam headlights.,b:High beam headlights.,c:Parking lights only.,d:Hazard flashers only.",a,"Low beam headlights help visibility in rain, snow, sleet, or fog; high beams can reflect and reduce visibility.",easy
8,Special Situations & Road Users,When should you not use your horn?,"a:Near blind pedestrians.,b:When visibility ahead is limited.,c:If you might hit another vehicle.,d:When trying to move a slow driver along.",a,Avoid using the horn near blind pedestrians as it may be dangerous; yield to them and proceed only when safe.,medium
3,"Signs, Signals & Road Markings",What shape and color are most temporary work zone signs?,"a:Diamond-shaped or rectangular with orange background and black symbols.,b:Square or rectangular with white and red coloring.,c:Round or octagonal with black and yellow coloring.",a,Temporary construction or maintenance signs have orange backgrounds with black letters or symbols.,easy
2,Traffic Laws & Rules of the Road,When is it safe to return to your lane after passing?,"a:When you can see the passed vehicle's headlights in your rearview mirror.,b:When you can no longer see the vehicle, regardless of distance.,c:After you pass the other vehicle’s front bumper.,d:Only after signaling three times.",a,You should re-enter the lane only after being sure there is adequate space — typically when you can see the passed vehicle in your rearview mirror.,easy
4,Safe & Defensive Driving Practices,"If your vehicle begins to skid, what is the correct initial response?","a:Ease up on the gas pedal.,b:Brake as hard as possible.,c:Turn off the ignition.",a,Release the accelerator or brake to regain balance and steer into the direction of the skid to regain control.,medium
8,Special Situations & Road Users,When must you yield to a pedestrian who uses a white cane or guide dog?,"a:At all times.,b:Only when a crossing guard is present.,c:Only when the guide dog is leading the person across the street.",a,Pedestrians with a guide dog or white cane must be given the right-of-way whenever they are crossing.,easy
2,Traffic Laws & Rules of the Road,"On a short interstate entrance ramp with no acceleration lane, how should you enter?","a:Speed up only after you identify a gap in traffic and then merge.,b:Immediately enter the far-right traffic lane and then speed up.,c:Use the shoulder to get to highway speed before merging.,d:Stop at the end of the ramp and wait for a green signal.",a,"Without an acceleration lane, wait for a safe gap and then accelerate to merge with traffic.",difficult
2,Traffic Laws & Rules of the Road,Which behavior blocks the smooth flow of traffic?,"a:Slowing down to look at a collision scene (rubbernecking).,b:Avoiding unnecessary lane changes.,c:Using public transportation.,d:Driving at the legal speed limit.",a,Rubbernecking—slowing to look at collisions—creates congestion and blocks the smooth flow of traffic.,easy
2,Traffic Laws & Rules of the Road,From which lane should you begin a left turn from a multilane one-way street onto a one-way street?,"a:The lane closest to the left curb.,b:Any lane as long as it is safe.,c:The center lane only.,d:The rightmost lane.",a,"When turning left from a one-way street onto another one-way street, start from the far left lane.",easy
8,Special Situations & Road Users,"At a crosswalk, who must yield?","a:Vehicles must yield to pedestrians.,b:Pedestrians must yield to vehicles.,c:Construction workers must yield to vehicles.,d:Cyclists always have priority over pedestrians.",a,"Drivers must yield to pedestrians in crosswalks, marked or unmarked, unless directed otherwise by signals.",easy
7,Vehicle Ownership & Responsibilities,How close to a fire hydrant may you legally park?,"a:You may not park within 15 feet of a fire hydrant.,b:You may not park within 25 feet of a fire hydrant.,c:You may not park within 30 feet of a fire hydrant.,d:You may park directly beside a hydrant if attended.",a,Parking within 15 feet of a fire hydrant is prohibited to allow emergency access.,easy
4,Safe & Defensive Driving Practices,"If a tire suddenly goes flat while you are driving, what is the correct response?","a:Grip the steering wheel, ease off the accelerator, and slow down gradually without braking hard.,b:Brake as hard as possible immediately.,c:Rapidly pump the brake pedal several times.,d:Turn sharply toward the shoulder.",a,"If a tire blows out, hold the wheel firmly, let the vehicle slow by itself, and brake gently if needed before pulling over safely.",difficult
7,Vehicle Ownership & Responsibilities,"When parking uphill where there is no curb, how should you set your wheels?","a:Turn your wheels toward the edge of the road.,b:Turn your wheels away from the edge of the road.,c:Keep your wheels straight.",a,"On an uphill with no curb, turn wheels toward the road edge so the car will roll off the road instead of into traffic if brakes fail.",easy
8,Special Situations & Road Users,What are 'no zones' around large trucks?,"a:Areas where cars disappear into blind spots or are so close they restrict the truck driver's ability to stop and maneuver safely.,b:Areas with several car lengths between vehicles and the truck.,c:Areas that provide sufficient space to travel behind the truck.",a,'No zones' are large blind spots where the truck driver cannot see other vehicles and where close positioning reduces the truck driver's ability to react.,medium
4,Safe & Defensive Driving Practices,What behavior is an example of defensive driving?,"a:Keeping your eyes moving to look for possible hazards.,b:Putting only one car length between you and the vehicle ahead.,c:Only focusing on the vehicle directly in front of you.,d:Driving with parking lights on during the day.",a,Defensive driving involves scanning the road and monitoring surroundings to anticipate and avoid hazards.,easy
3,"Signs, Signals & Road Markings",What does a solid yellow arrow on a traffic signal indicate?,"a:The protected-turn phase is ending; be prepared to stop and yield.,b:You should speed up to beat the light.,c:You may turn without yielding to oncoming traffic.,d:Left turns are prohibited.",a,"A solid yellow arrow warns that the green arrow is ending; if turning, yield to oncoming traffic and prepare to stop.",medium
8,Special Situations & Road Users,"If you see pedestrians in an upcoming crosswalk, what should you do?","a:Wait for the pedestrians to cross the street.,b:Continue ahead; you have the right-of-way.,c:Pull to the right and go around the pedestrians.",a,Drivers must yield to pedestrians in crosswalks and should wait until they have cleared the roadway before proceeding.,easy
2,Traffic Laws & Rules of the Road,Before you change lanes you should:,"a:Check your side mirror and look over your shoulder to make sure the lane is clear.,b:Check only the inside rearview mirror.,c:Slow down dramatically, then change lanes.,d:Assume other drivers will make room.",a,Always check side mirrors and perform a shoulder check to clear blind spots before changing lanes.,easy
2,Traffic Laws & Rules of the Road,When is it safe to return to your lane after passing another vehicle?,"a:When you can see the passed vehicle’s headlights in your rearview mirror.,b:After you signal for three seconds.,c:When the other driver waves you back in.,d:As soon as you are slightly ahead of the vehicle.",a,"You should only return to your lane once you can see the passed vehicle’s headlights in your rearview mirror, ensuring a safe gap.",easy
3,"Signs, Signals & Road Markings","If the center of the road has one solid yellow and one broken yellow line with the broken line next to you, what does that mean?","a:You are in a passing zone and may pass on the left if no oncoming traffic is present.,b:You are not allowed to pass in this area.,c:You are only allowed to make right turns here.",a,When the broken line is next to your lane you may pass on the left if the way ahead is clear and safe.,easy
7,Vehicle Ownership & Responsibilities,When must you stop before crossing railroad tracks?,"a:If there isn’t space on the far side to clear the tracks.,b:Only when the crossing is in a city or town.,c:Only if you are transporting passengers.,d:When a traffic officer signals you to stop.",a,"Never stop on the tracks; if you cannot clear the far side, wait until there is room so your vehicle won't be trapped on the tracks.",medium
4,Safe & Defensive Driving Practices,How can you prevent becoming an aggressive driver?,"a:Relax, concentrate on driving, and allow extra travel time.,b:Tailgate slower drivers to express frustration.,c:Drive above the posted speed limit to avoid others.,d:Use your horn frequently to assert yourself.",a,"Stay calm, focus on safe driving, and be realistic about travel time to reduce aggressive responses.",easy
5,Driving in Special Conditions,"If you see orange construction signs and cones on a freeway, what must you be prepared for?","a:Be prepared for workers and slow equipment ahead.,b:Change lanes and maintain your current speed.,c:Slow down because the lane ends ahead.",a,"Construction zones may have workers, slow equipment, and lane closures—reduce speed and be ready to stop.",easy
4,Safe & Defensive Driving Practices,"As your speed increases, what becomes more important to do?","a:Look well ahead of your vehicle to anticipate hazards.,b:Turn on your headlights at all times.,c:Change lanes frequently.,d:Follow the vehicle ahead more closely.",a,Higher speeds require earlier scanning so you have more time to react to hazards and changes in traffic.,medium
2,Traffic Laws & Rules of the Road,"If you approach an intersection at the speed limit and the light turns yellow, what should you do?","a:Stop before entering the intersection if you can safely do so.,b:Speed up to beat the red light.,c:Proceed through the intersection without caution.,d:Turn on your hazard lights and continue.",a,"A steady yellow means the light is about to turn red; stop if you can do so safely, otherwise proceed cautiously.",easy
6,"Alcohol, Drugs & Impaired Driving",What can speed up the elimination of alcohol from the body?,"a:Nothing. Only time will allow all alcohol to leave a person's system.,b:Taking a cold shower.,c:Eating a large meal.",a,"Only time allows the body to metabolize alcohol; coffee, showers, or food do not accelerate elimination.",medium
8,Special Situations & Road Users,"If there is no marked crosswalk and a pedestrian is crossing your lane, what should you do?","a:Make sure the pedestrian can see you before proceeding.,b:Cautiously drive around the pedestrian.,c:Stop and let the pedestrian finish crossing.",c,Drivers must yield to pedestrians in the roadway even if there is no marked crosswalk—stop and allow them to finish crossing.,easy
3,"Signs, Signals & Road Markings",What does double solid yellow centerline mean?,"a:No passing allowed from either direction.,b:Passing allowed from the left only.,c:Passing allowed from the right only.,d:Passing allowed at intersections.",a,Double solid yellow lines separate traffic moving in opposite directions and indicate that passing is not permitted from either direction.,easy
5,Driving in Special Conditions,"If your vehicle begins to hydroplane, what should you do?","a:Slow down gradually and do not apply the brakes.,b:Apply the brakes firmly to regain traction.,c:Speed up to regain contact with the road.,d:Turn the steering wheel sharply away from the skid.",a,"When hydroplaning, ease off the accelerator and let speed reduce; avoid braking which can worsen loss of control.",difficult
4,Safe & Defensive Driving Practices,"If your tires feel like they have lost contact with the road surface, you should:","a:Slow down by pumping the brakes quickly and firmly.,b:Ease your foot off the gas pedal and avoid braking.,c:Slow down by shifting into a lower gear.,d:Turn the wheel sharply to regain traction.",b,"If you begin to hydroplane or feel loss of traction, ease off the accelerator and avoid braking or turning until the tires regain contact.",medium
2,Traffic Laws & Rules of the Road,"To enter a gap in highway traffic safely, what should you do first?","a:Check behind you, then watch the vehicle ahead.,b:Watch only the vehicles behind the gap.,c:Speed up and let the other vehicles make way.",a,"Before merging or changing lanes, check behind and to the sides, then time your entry to match the gap in traffic.",medium
1,Licensing & Permit Requirements,A driver's license is considered a:,"a:Privilege, not a right.,b:Right, not a privilege.,c:A requirement you must always carry.,d:A guaranteed entitlement.",a,A driver's license is a privilege granted by the state; it must be earned and can be suspended or revoked for violations.,easy
8,Special Situations & Road Users,"Approaching a stopped school bus with flashing lights and an extended stop arm, drivers should:","a:Come to a complete stop and wait to proceed.,b:Honk their horn before passing the bus on its left.,c:Continue driving when they think the kids are done exiting the bus.",a,"Stop and remain stopped until the bus retracts its stop arm, turns off flashing lights, and resumes motion.",easy
3,"Signs, Signals & Road Markings",Roadways marked with double solid yellow centerlines indicate what about passing?,"a:Passing is not allowed from either direction.,b:Passing is allowed from both directions.,c:Allowed only from your direction of travel.",a,Double solid yellow lines mean no passing from either direction because traffic moves in opposite directions.,easy
2,Traffic Laws & Rules of the Road,Who must drivers turning left yield to?,"a:Oncoming vehicles traveling straight or turning right.,b:Only pedestrians in crosswalks.,c:No one if they have a green light.,d:Vehicles behind them attempting to pass.",a,"Drivers making a left turn must yield to any approaching traffic from the opposite direction, including vehicles going straight or turning right.",easy
8,Special Situations & Road Users,Which statement about driving through roadwork zones is true?,"a:You must slow down for the Cone Zone and be prepared to stop.,b:Fines for violations are the same as under normal conditions.,c:You may speed through if no workers are visible.,d:You can ignore temporary signs if you know the road.",a,Reduce speed and drive carefully through work zones to protect workers and other road users; 'Slow for the Cone Zone.',medium
2,Traffic Laws & Rules of the Road,"When merging onto a freeway, you should enter at what speed?","a:At or near the speed of the freeway traffic.,b:More slowly than the freeway traffic.,c:At the legal speed limit regardless of traffic.",a,Merge at or near the speed of existing freeway traffic so you can blend smoothly into the flow.,medium
2,Traffic Laws & Rules of the Road,"At a yield sign, what must you do?","a:Yield the right-of-way to cross traffic that is close enough to cause a conflict.,b:Yield only to vehicles on your right.,c:Slow down but never stop.",a,"At a yield sign, slow or stop if necessary and give way to traffic or pedestrians that could cause a collision.",easy
5,Driving in Special Conditions,At about what speed can a car begin to hydroplane on standing water?,"a:Around 35 miles per hour.,b:45 miles per hour.,c:20 miles per hour.,d:60 miles per hour.",a,Hydroplaning can begin at speeds near 35 mph; as speed increases tires may lose contact with the road.,difficult
5,Driving in Special Conditions,Why is night driving more hazardous?,"a:Distance and speed of other vehicles are harder to judge in the dark.,b:The speed limit is increased at night.,c:There are always fewer vehicles at night.,d:Headlights make it safer so it's not hazardous.",a,Reduced visibility at night makes it difficult to judge distance and speed; you can only see as far as your headlights allow.,easy
4,Safe & Defensive Driving Practices,"As you near the crest of a hill, what should you do?","a:Prepare to stop if needed and adjust speed.,b:Speed up slightly.,c:Maintain a steady speed regardless of conditions.",a,You cannot see beyond the hill; reduce speed and be ready to stop for hazards hidden from view.,easy
2,Traffic Laws & Rules of the Road,Which of these commonly contributes to traffic crashes?,"a:Exceeding posted speed limits and driving too fast for conditions.,b:Getting adequate rest and staying alert.,c:Constantly scanning the environment.,d:Driving at the exact same speed as surrounding traffic.",a,Driving over the speed limit or too fast for conditions frequently contributes to crashes.,easy
5,Driving in Special Conditions,"Why use headlights on rainy, snowy, or foggy days?","a:To warn others of bad weather conditions.,b:So others can see your vehicle.,c:To keep your engine warm.",b,Headlights make your vehicle more visible to other drivers during precipitation or reduced visibility; use low beams when wipers are needed.,easy
2,Traffic Laws & Rules of the Road,When is it legal to make a left turn on red after stopping?,"a:Only when you are on a one-way street turning onto another one-way street and signs don't prohibit it.,b:When traveling on a two-way street and turning onto a two-way street.,c:Whenever you yield to all other traffic at the intersection.",a,Left on red is allowed only from one one-way street onto another after a full stop and when not prohibited by signs.,medium
5,Driving in Special Conditions,When are streets and highways most slippery?,"a:Just after it starts to rain.,b:When it has been raining hard for several hours.,c:When they are clean and dry.",a,Road surfaces are especially slippery during the first half hour of rain as water mixes with oils and debris on the pavement.,medium
2,Traffic Laws & Rules of the Road,"To see objects in your blind spot when changing lanes, drivers should check:","a:Over their left or right shoulder.,b:Only the inside rearview mirror.,c:Only the left outside mirror.,d:Only the backup camera.",a,Looking over the appropriate shoulder reveals areas hidden from mirrors and helps ensure safe lane changes.,easy
4,Safe & Defensive Driving Practices,"If a driver is following you too closely on a two-lane road, you should:","a:Reduce your speed slowly to encourage the tailgater to drive around you.,b:Speed up to increase the distance from the tailgater.,c:Apply your brakes to slow down, then resume your original speed.,d:Stop suddenly to warn them.",a,"If you are being tailgated, change lanes if possible; if not, gradually slow down to encourage the tailgater to pass rather than speeding up or braking abruptly.",medium
8,Special Situations & Road Users,"If a child is riding a bicycle near your vehicle, what should you expect?","a:Expect the unexpected and be prepared to react.,b:The child will always obey traffic rules.,c:Sound your horn to warn them.,d:They will maintain a perfectly straight line.",a,Children on bicycles can be unpredictable; slow down and be ready for sudden moves.,easy
7,Vehicle Ownership & Responsibilities,"If a vehicle has airbags, how should seat belts be used?","a:Seat belts should still be worn.,b:Seat belts do not need to be worn.,c:Seat belts should be worn behind the back.",a,"Airbags supplement seat belts; for best protection, always use lap and shoulder belts in combination with airbags.",easy
3,"Signs, Signals & Road Markings",What must you do when you encounter an octagonal sign?,"a:Stop.,b:Slow.,c:Turn.",a,An eight-sided sign always means 'Stop'—come to a complete stop and yield if necessary.,easy
7,Vehicle Ownership & Responsibilities,"Before backing up your vehicle, what should you do?","a:Walk around your vehicle to ensure no person or obstacle is behind it.,b:Rev your engine to warn pedestrians.,c:Flash your high beams to alert others.,d:Close all windows and lock doors.",a,"Before reversing, walk around your vehicle to check for people or objects, then look over your shoulder while backing.",easy
2,Traffic Laws & Rules of the Road,Which action is never allowed when you want to change lanes?,"a:Move into another lane while within an intersection.,b:Check your blind spot by looking over your shoulder.,c:Check for other drivers moving into the same lane.,d:Use your turn signal before changing lanes.",a,Never change lanes while inside an intersection; always check mirrors and blind spots before moving.,easy
5,Driving in Special Conditions,"When merging onto the interstate after accelerating and signaling, you should:","a:Expect traffic to allow you to proceed because you have the right-of-way.,b:Merge carefully into the gap.,c:Wait for the entire lane to clear before merging.,d:Stop on the acceleration lane if no gap appears.",b,"Identify a gap, match the speed of traffic, signal, and merge carefully when it is safe; do not assume other drivers will make room.",medium
4,Safe & Defensive Driving Practices,Which statement best describes backing a vehicle?,"a:Backing is always risky because you have limited rear visibility.,b:Backing is only dangerous when a helper is present.,c:Backing is safe if you only use mirrors.,d:Backing is only risky in large vehicles.",a,"Reversing is hazardous due to limited visibility; use extra caution, look out the rear window, and use assistance when available.",easy
2,Traffic Laws & Rules of the Road,You should not enter an intersection if doing so will block it when the light turns red:,"a:Under any circumstances.,b:Unless you entered the intersection on a green light.,c:Unless you entered the intersection on a yellow light.,d:Only if directed by a police officer.",a,Never enter an intersection unless you can clear it completely; blocking intersections is illegal even if the light is green when you enter.,medium
4,Safe & Defensive Driving Practices,How can you help the driver behind you keep a safe following distance?,"a:Maintain a steady speed.,b:Drive 10 mph faster than the car behind you.,c:Brake abruptly to get their attention.,d:Flash your lights frequently.",a,Maintaining a steady speed and signaling in advance helps the driver behind you keep a safe distance.,easy
4,Safe & Defensive Driving Practices,"If you are getting tired while driving, what should you do?","a:Stop and either get rest or change drivers.,b:Drink something with caffeine.,c:Open a window.",a,"If fatigue sets in, pull over at a safe location to rest, nap, or switch drivers; caffeine is not a reliable substitute for sleep.",easy
2,Traffic Laws & Rules of the Road,Who must drivers obey at a construction site directing traffic?,"a:Flaggers (signal persons) at construction sites.,b:Security guards in parking lots.,c:Other drivers with broken-down vehicles.,d:Construction workers off the roadway only.",a,Drivers must obey instructions from flaggers; they direct traffic to keep drivers and workers safe.,easy
6,"Alcohol, Drugs & Impaired Driving","After drinking several beers, what is the only effective way to reduce alcohol's effects?","a:Wait; allow time for the body to eliminate the alcohol.,b:Take a cold shower.,c:Drink several cups of coffee.",a,"Time is the only way to lower BAC; coffee, showers, or exercise do not speed elimination.",easy
2,Traffic Laws & Rules of the Road,What must you do if an emergency vehicle is approaching with flashing red or blue lights?,"a:Pull over to the side of the road and come to a complete stop.,b:Continue driving but try to stay out of its way.,c:Try to reach your destination before it catches up to you.,d:Speed up to pass it quickly.",a,"When an emergency vehicle approaches with flashing lights, you must pull over to the right and stop until it has passed.",easy
4,Safe & Defensive Driving Practices,"If a child appears about to run into the street, you should:","a:Flash your headlights.,b:Sound a sharp blast of your horn.,c:Begin to prepare to slow down.,d:Swerve sharply into the next lane.",b,"If there is an immediate danger, give a sharp blast on your horn to warn the child and other pedestrians; take appropriate braking action after warning.",easy
5,Driving in Special Conditions,What should you do when driving in work zones?,"a:Reduce your speed and be prepared to stop suddenly.,b:Increase your speed to get through quickly.,c:Maintain your normal speed the whole way through the zone.",a,"Slow down, obey posted signs, and be prepared to stop—workers and changed lane patterns may be present.",medium
3,"Signs, Signals & Road Markings",What does a broken yellow line next to a solid yellow line indicate?,"a:Traffic next to the broken line may pass; traffic next to the solid line may not.,b:Passing is prohibited from both directions.,c:Both lanes may pass whenever safe.,d:Passing is allowed only at intersections.",a,"A broken yellow line beside a solid yellow line means drivers next to the broken line may pass, but those next to the solid line may not.",medium
8,Special Situations & Road Users,"If you are in an intersection and an emergency vehicle is approaching with lights and siren, what should you do?","a:Continue through the intersection, then pull to the right and stop.,b:Stop immediately in the intersection until it passes.,c:Pull to the right of the intersection and stop.",a,"If in an intersection when an emergency vehicle approaches, clear the intersection, then move to the right and stop to yield.",medium
4,Safe & Defensive Driving Practices,How often should you check your rearview mirrors while driving?,"a:Often to see how traffic is moving behind you.,b:Only when you are slowing down.,c:To see if a vehicle is in your blind spot.",a,Frequently check mirrors to maintain awareness of traffic around you—every 2–5 seconds is recommended.,easy
2,Traffic Laws & Rules of the Road,What is a common effect of excessive speed on driving behavior?,"a:It often leads to risky decision-making.,b:It increases your ability to react to hazards.,c:It does not increase crash risk.,d:It conserves fuel on long trips.",a,High speed reduces reaction time and often results in dangerous choices and more severe collisions.,easy
3,"Signs, Signals & Road Markings","After passing another vehicle, when is it safe to move back into the right lane?","a:When you can see the entire front of the passed vehicle in your rearview mirror.,b:After about three seconds no matter what.,c:When you can no longer see the passed vehicle over your right shoulder.,d:When you hear the overtaken vehicle's engine rev.",a,"Return to your lane only after you can see the passed vehicle's entire front in your rearview mirror, and always check blind spots first.",medium
2,Traffic Laws & Rules of the Road,When must drivers yield the right-of-way to pedestrians in a crosswalk?,"a:At all times.,b:Only if the pedestrian signals you.,c:Only when pedestrians are within marked crosswalks.,d:Only if the pedestrian is on the sidewalk.",a,Drivers must yield to pedestrians in crosswalks and whenever necessary to avoid striking a pedestrian.,easy
8,Special Situations & Road Users,"When bicycles are used on roadways, they are considered:","a:Vehicles and must follow the same rules of the road.,b:Hazards that must yield to cars.,c:Illegal on all roadways.,d:Pedestrians for traffic law purposes.",a,"On roadways, bicycles are legally vehicles and cyclists must obey the same traffic laws as motorists.",easy
3,"Signs, Signals & Road Markings","At a red light with a green arrow, when may you proceed in the arrow's direction?","a:When you are in the proper lane and the way is clear.,b:Only after coming to a complete stop first.,c:Only if the arrow turns green again after the red.,d:Only when a police officer signals you to go.",a,A green arrow gives protected movement in that direction; proceed from the correct lane when the way is clear.,easy
3,"Signs, Signals & Road Markings","On a multilane road, what does a dashed yellow next to a solid yellow line mean?","a:Passing is permitted only from the direction next to the dashed line.,b:Passing is permitted from both directions.,c:Passing is prohibited from both directions.",a,Only traffic adjacent to the dashed yellow line may pass; traffic next to the solid yellow line may not.,medium
4,Safe & Defensive Driving Practices,"If a tire suddenly blows out while driving, what is the correct immediate action?","a:Grip the steering wheel firmly, slow down gradually, and exit the traffic lane when safe.,b:Pump the brakes rapidly.,c:Brake hard and steer sharply toward the right edge of the roadway.",a,"Keep control by holding the wheel, easing off the gas, and slowing gently before moving off the roadway.",medium
8,Special Situations & Road Users,What is true about bicycles on the roadway?,"a:They are vehicles with the same rights and responsibilities as motor vehicles.,b:They do not follow road rules.,c:They must always yield to motor vehicles.,d:They are restricted to sidewalks only.",a,Bicycles on the road are considered vehicles and have the same rights and responsibilities as motor vehicles.,easy
2,Traffic Laws & Rules of the Road,"If you plan to pass another vehicle, what should you not assume?","a:That the other driver will make space for you to return to your lane.,b:That they will allow you to pass if you signal.,c:That they will maintain a constant speed.",a,Never assume the other driver will create space; only pass when you have sufficient room and it is safe.,easy
3,"Signs, Signals & Road Markings",What does a green arrow on a traffic signal require you to do?,"a:Yield to any vehicles, bicycles, or pedestrians still in the intersection, then proceed in arrow direction.,b:Proceed immediately without checking for pedestrians.,c:Wait four seconds before proceeding.,d:Stop until the arrow turns off.",a,"A green arrow means you may go in the arrow's direction after yielding to any vehicles, bicycles, or pedestrians still in the intersection.",easy
6,"Alcohol, Drugs & Impaired Driving",What is the only effective method to remove alcohol from the body?,"a:Wait; allow time for the body to metabolize alcohol.,b:Drink strong coffee.,c:Take a cold shower.",a,Only time will lower BAC and remove alcohol from your system; other remedies do not work.,easy
2,Traffic Laws & Rules of the Road,Which of the following is NOT a safe practice on an interstate?,"a:If you miss your exit, go to the next exit.,b:Change lanes without signaling.,c:Slower traffic must keep to the right.",b,Always signal lane changes and follow posted rules; changing lanes without signaling is unsafe and illegal.,easy
3,"Signs, Signals & Road Markings",What does a yellow pennant-shaped sign indicate?,"a:No passing zone.,b:Right turns only.,c:Right turns permitted.",a,A pennant-shaped yellow sign indicates the start of a no-passing zone for drivers.,medium
5,Driving in Special Conditions,"To reduce the chance of skidding on slippery surfaces, you should:","a:Slow down before entering curves and intersections.,b:Shift to a lower gear after starting down a steep hill.,c:Speed up to enter curves and slow down to exit them.",a,Slow before curves and intersections on slippery roads; braking on a curve can cause a skid.,easy
4,Safe & Defensive Driving Practices,What should a driver watch while operating a vehicle?,"a:Ahead, to the sides, and to the rear of the vehicle.,b:Only directly in front of the vehicle.,c:Only the rearview mirror.,d:The dashboard instruments exclusively.",a,Good drivers continuously scan all around the vehicle to detect potential hazards early.,easy
4,Safe & Defensive Driving Practices,"If the rear of your car begins skidding left, what steering action should you take?","a:Steer left to recover alignment.,b:Steer right immediately.,c:Tap your brakes lightly and shift into neutral.,d:Apply the parking brake.",a,"In a skid you should remove your foot from the brake and steer in the direction you want to go; if the rear skids left, steer left to straighten the vehicle.",medium
4,Safe & Defensive Driving Practices,"When traveling at high speeds, how long before a lane change or turn should you signal?","a:Four to five seconds.,b:Two to three seconds.,c:One second.",a,At higher speeds you should signal earlier—about four to five seconds—to warn others of your intent.,medium
5,Driving in Special Conditions,How can you reduce the risk of hydroplaning on wet roads?,"a:Slow down.,b:Move to the shoulder of the road as soon as it starts to rain.,c:Put on your cruise control to maintain a constant speed.",a,Hydroplaning occurs when tires ride on water; reducing speed on wet pavement lowers the chance of hydroplaning.,medium
6,"Alcohol, Drugs & Impaired Driving",Is it legal to have open containers of alcohol while in a motor vehicle on a highway?,"a:No — it is illegal to drink from or possess open containers while in operation.,b:Yes — passengers may drink but drivers may not.,c:Yes — as long as the vehicle is not moving.,d:Only if you are under 21. ",a,Open containers and drinking alcohol in a vehicle on a highway are prohibited; drivers and passengers may face penalties.,medium
2,Traffic Laws & Rules of the Road,"If you are repeatedly being passed while driving in the center lane of an expressway, what should you do?","a:Move to the right lane when it is safe.,b:Stay in the center lane regardless.,c:Move to the left lane immediately.,d:Increase your speed to match the fastest cars.",a,"On multi-lane highways, use right lanes for slower travel and leave left lanes for passing or faster traffic.",easy
8,Special Situations & Road Users,A school bus ahead in your lane is stopped with red lights flashing. You should:,"a:Slow to 25 mph and pass cautiously.,b:Stop and remain stopped while the red lights are flashing.,c:Stop and proceed when you believe all children have exited.,d:Pass if you see no children nearby.",b,"When a school bus is using flashing red lights, you must stop and remain stopped until the lights stop flashing; exceptions apply on divided highways.",easy
7,Vehicle Ownership & Responsibilities,"If you hit a parked car and cannot find the owner, what must you do?","a:Leave a note with your name and address on the vehicle.,b:Call your insurance company when you get home.,c:Wait for the owner to return.",a,"If you hit unattended property, leave a note with contact details and notify authorities if required.",easy
4,Safe & Defensive Driving Practices,Why is using a cell phone while driving considered a distraction?,"a:It occupies the driver's hands, eyes, and mind.,b:It draws the attention of other drivers.,c:It causes the driver to worry about the cost of the call.",a,"Using a phone while driving takes away the driver's hands, eyes, and attention, increasing crash risk.",easy
4,Safe & Defensive Driving Practices,How should you check for vehicles in your blind spots?,"a:Check over your shoulders.,b:Only use the outside rearview mirror.,c:Use only the inside rearview mirror.",a,Blind spots are not visible through mirrors—look over your shoulder to confirm the lane you intend to enter is clear.,medium
5,Driving in Special Conditions,You exit the freeway on a ramp that curves downhill. What should you do before the curve?,"a:Slow to a safe speed before entering the curve.,b:Wait until you are in the curve to begin braking.,c:Maintain freeway speed until the curve is complete.,d:Increase speed to avoid holding up traffic.",a,Always slow to a safe speed before a downhill curved ramp; braking in a curve can cause skids.,medium
8,Special Situations & Road Users,"When a school bus ahead on your side of the road has flashing red lights, you must:","a:Stop and remain stopped until the lights stop flashing.,b:Slow down to 10 mph and pass cautiously.,c:Change lanes and pass the bus.,d:Proceed at normal speed if you see no children.",a,You must stop for a school bus loading or unloading children when its red lights flash and stop arm is out.,easy
2,Traffic Laws & Rules of the Road,Is it ever legal to drive off the road onto the shoulder to pass another vehicle?,"a:Under no circumstances.,b:If the vehicle ahead is turning left.,c:If there are two or more lanes in your direction.,d:If the shoulder is wide enough and clear.",a,You may not drive off the paved or main-traveled portion of the roadway onto the shoulder to pass another vehicle.,easy
5,Driving in Special Conditions,"If your vehicle begins to skid, what should you do regarding the brakes?","a:Stay off the brakes and steer to regain control.,b:Pump the brakes rapidly.,c:Apply the brakes lightly immediately.",a,"If you skid, avoid braking abruptly—steer smoothly to regain control and let the vehicle slow.",medium
2,Traffic Laws & Rules of the Road,"If your view to the side is blocked at an intersection, what should you do?","a:Stop, then inch forward until you can see clearly both directions.,b:Maintain your speed and look both ways.,c:Run the light quickly to avoid delay.,d:Honk and proceed slowly without stopping.",a,"If your view is obstructed, stop and creep forward slowly until you can see clearly in both directions before proceeding.",medium
4,Safe & Defensive Driving Practices,"If stopping on snow or ice and your vehicle has ABS, you should:","a:Pump the brakes.,b:Press and hold the brake pedal firmly.,c:Stay off the brakes and let the car drift to a stop.,d:Use the parking brake instead of the foot brake.",b,Vehicles with ABS require you to press and hold the brake pedal firmly; the system will modulate braking for you.,medium
8,Special Situations & Road Users,Which statement about blind spots is correct?,"a:Large trucks have bigger blind spots than most passenger vehicles.,b:They are eliminated if you have one outside mirror on each side.,c:You can see all blind spots using rearview mirrors.,d:Blind spots don't exist for small cars.",a,Blind spots are areas not visible in mirrors; large trucks have much larger blind spots than passenger cars.,easy
6,"Alcohol, Drugs & Impaired Driving",Which is true about driving after taking medications?,"a:Many over-the-counter cold medicines can cause drowsiness and impair driving.,b:All over-the-counter medicines are safe at recommended doses.,c:Prescription medications never impair driving if prescribed by a doctor.,d:Medications cannot affect experienced drivers.",a,Over-the-counter and prescription medications can impair alertness and reaction time; know how yours affects you.,medium
5,Driving in Special Conditions,"At dawn, dusk, or during rain or snow, which lights help other drivers see you best?","a:Turn on your headlights.,b:Turn on your parking lights.,c:Turn up the instrument panel lights.",a,"Use your headlights when visibility is reduced. If windshield wipers are required, low beam headlights must also be used.",easy
6,"Alcohol, Drugs & Impaired Driving",How many alcoholic drinks are required to affect driving ability?,"a:Even one drink can impair driving.,b:It takes at least two drinks.,c:Three drinks are required to impair driving.,d:Alcohol has no effect if eaten with food.",a,Even a single alcoholic drink can affect coordination and judgment and make driving unsafe.,easy
2,Traffic Laws & Rules of the Road,"If a police officer is directing traffic at a lighted intersection, whose instructions do you follow?","a:Follow the directions given by the officer.,b:Follow the directions indicated by the traffic light.,c:Honk at the officer.",a,Drivers must obey directions from a police officer directing traffic even if they conflict with traffic signals.,easy
2,Traffic Laws & Rules of the Road,What should you do when an emergency vehicle is using its siren and flashing lights?,"a:Pull over to the right edge of the road and stop.,b:Move into the right lane and drive slowly until it passes.,c:Continue at the same speed and stay in your lane.,d:Stop immediately even if you are inside an intersection.",a,You must yield to any emergency vehicle using a siren and flashing lights by driving to the right edge of the road and stopping; do not stop in an intersection. Resume driving after it has passed.,easy
8,Special Situations & Road Users,"If there is no crosswalk and a pedestrian is crossing your lane, how should you respond?","a:Make eye contact with and then pass the pedestrian.,b:Slow down as you pass the pedestrian.,c:Stop and let the pedestrian finish crossing the street.",c,"Drivers must yield to pedestrians crossing the roadway, even when there is no marked crosswalk.",easy
7,Vehicle Ownership & Responsibilities,When must you use your low beam headlights?,"a:When in fog, snow, rain, or other conditions that reduce visibility.,b:Only on unlit roads.,c:Only when another vehicle is approaching.,d:When parked on the shoulder at night.",a,"Use low beams any time visibility is reduced by fog, rain, snow, or mist; high beams can reflect and worsen visibility.",easy
2,Traffic Laws & Rules of the Road,"When approaching a curve, when should you slow down?","a:Before entering the curve.,b:In the middle of the curve.,c:After you have completed the curve.,d:Only if a sign indicates to do so.",a,Reduce speed before you start the curve to avoid losing traction or control while turning.,easy
6,"Alcohol, Drugs & Impaired Driving","For drivers age 21 or older, it is illegal to drive with a BAC of at least what percent?","a:0.08 percent.,b:0.05 percent.,c:0.02 percent.",a,Drivers 21+ are legally impaired at 0.08% BAC or higher and face criminal penalties for DUI.,easy
7,Vehicle Ownership & Responsibilities,"If your vehicle has a two-part safety belt system, how should you wear it?","a:Use both the lap and shoulder belts.,b:Use only the lap belt.,c:Use only the shoulder belt.,d:Wear the shoulder belt behind your back.",a,Both lap and shoulder belts must be worn together for maximum protection; wearing only one reduces effectiveness.,easy
5,Driving in Special Conditions,"When driving at night, what is a recommended safety practice?","a:Increase your following distance.,b:Always use high beams.,c:Look directly at oncoming headlights.",a,"At night, increase following distance and use proper light settings; avoid staring at oncoming lights.",easy
2,Traffic Laws & Rules of the Road,"If you cannot find a gap to enter the freeway, what should you do on the ramp?","a:Slow down on the ramp and wait for a safe gap.,b:Stop at the end of the ramp and wait for traffic to clear.,c:Maintain your speed and force others to make room.,d:Back up on the ramp to a merge point.",a,"If you don't see a gap to merge into traffic, slow on the ramp and wait for a safe opening rather than stopping at the ramp end.",medium
4,Safe & Defensive Driving Practices,Which behavior may identify an aggressive driver?,"a:Erratic and improper lane changes.,b:Driving very slowly.,c:The number of passengers in the vehicle.",a,"Aggressive drivers often make sudden, unsafe lane changes; avoid challenging them and give them space.",easy
7,Vehicle Ownership & Responsibilities,"When parking uphill on a two-way road with no curb, which way should you turn the front wheels?","a:Turn them to the right, toward the side of the road.,b:Turn them straight ahead.,c:Turn them left toward the center of the road.,d:Leave the wheels unlocked so they can roll.",a,"On hills without a curb, turn your wheels so the vehicle would roll away from the center of the road if the brakes fail (toward the side of the road).",medium
2,Traffic Laws & Rules of the Road,"At intersections, crosswalks, and railroad crossings you should always:","a:Slowly pass vehicles that seem to be stopped for no reason.,b:Look to the sides of your vehicle to see what is coming.,c:Stop, listen, and proceed cautiously.",b,Always scan left and right at places where people or other vehicles may enter your path to ensure safety.,easy
3,"Signs, Signals & Road Markings","When driving behind another vehicle at night, which headlight setting is appropriate?","a:Keep your headlights on low beam.,b:Use high beams until you are 10 feet behind the car.,c:Turn off your headlights to avoid glare.,d:Use high beams regardless of surrounding vehicles.",a,Lower beams are required when following another vehicle closely to avoid blinding the driver ahead.,easy
4,Safe & Defensive Driving Practices,Why should you signal continuously while making a turn?,"a:It tells other road users your intentions.,b:Because it is always unsafe to turn off a signal early.,c:Because it's illegal to switch it off before finishing the turn.",a,"Continuous signaling communicates your intended maneuvers to drivers, cyclists, and pedestrians.",easy
8,Special Situations & Road Users,To whom should you give the right-of-way?,"a:In a marked crosswalk only.,b:In any crosswalk or intersection.,c:Only to pedestrians crossing any street.",b,Drivers must yield the right-of-way to pedestrians in marked and unmarked crosswalks and intersections.,easy
2,Traffic Laws & Rules of the Road,How can you make room for cars entering the freeway?,"a:Merge into another lane when safe or slow down to create space.,b:Maintain your speed and position at all times.,c:Speed up to prevent them from merging.,d:Drive onto the shoulder to let them in.",a,"If safe, change lanes or adjust speed to create a gap for entering traffic.",easy
8,Special Situations & Road Users,What is a crosswalk?,"a:The area designated for pedestrian crossing the roadway.,b:Another name for a four-way intersection.,c:A zone for road construction workers only.,d:An area where bicycles must dismount.",a,A crosswalk is the area where pedestrians are expected to cross; it may be marked or unmarked and still has legal protection.,easy
2,Traffic Laws & Rules of the Road,"When preparing to turn left at a corner, to whom must you yield?","a:Pedestrians and oncoming traffic as required.,b:All approaching vehicles regardless of direction.,c:Only motorists turning right.,d:Only vehicles traveling slower than you.",a,Yield to pedestrians and oncoming vehicles who have the right-of-way before making a left turn.,easy
7,Vehicle Ownership & Responsibilities,"After a collision, what is the safest guideline about moving injured people?","a:Avoid moving the injured unless absolutely necessary.,b:Move injured people as far from the road as possible.,c:Insist that injured people are fine without medical aid.,d:Immediately transport injured persons yourself.",a,"Do not move injured persons unless they are in immediate danger (fire, traffic); wait for trained medical help.",medium
6,"Alcohol, Drugs & Impaired Driving",Alcohol in any concentration is classified as a:,"a:Depressant.,b:Stimulant.,c:Hallucinogen.,d:Neutral substance.",a,"Alcohol depresses the central nervous system, slowing reactions and impairing judgment and coordination.",easy
4,Safe & Defensive Driving Practices,What best describes a driving distraction?,"a:Anything that takes your attention away from driving.,b:Anything that forces you to pay more attention to driving.,c:Only using a mobile phone while driving.,d:Listening to the radio at a moderate volume.",a,"A distraction is any activity that diverts eyes, hands, or mind from driving tasks and increases crash risk.",easy
8,Special Situations & Road Users,"When stopped behind a school bus with red lights flashing, when may you proceed?","a:All students are off the bus.,b:The stop arm is retracted.,c:The stop arm is retracted and the bus resumes motion.",c,"You must remain stopped until the bus turns off its flashing red lights, retracts the stop arm, and begins to move.",medium
4,Safe & Defensive Driving Practices,What is the best general way to avoid dangerous situations while driving?,"a:Know what is happening around your vehicle by scanning front, sides, and rear.,b:Turn off the radio.,c:Keep your eyes focused only ahead of the car.",a,Constantly observe your surroundings to detect hazards early and take appropriate action.,easy
3,"Signs, Signals & Road Markings",What does a diamond-shaped road sign indicate?,"a:Stop.,b:Yield.,c:Warning.",c,Diamond-shaped signs warn of special conditions or hazards ahead and are typically yellow or orange.,easy
8,Special Situations & Road Users,"If a truck or bus is making a right turn and you also need to turn right, what should you do?","a:Wait until the truck or bus has completed its turn before you turn.,b:Quickly turn before the truck or bus can.,c:Squeeze between the truck/bus and the curb to get through.",a,Large vehicles need extra space to complete turns; wait until they finish rather than squeezing by.,medium
2,Traffic Laws & Rules of the Road,When should the maximum posted speed limit be driven?,"a:Only under ideal road and weather conditions.,b:During the night.,c:During the day.",a,"The posted maximum speed is for ideal conditions; adjust downward for weather, traffic, or poor visibility.",easy
5,Driving in Special Conditions,At what speed should you approach a blind intersection?,"a:No faster than 15 mph.,b:No faster than 30 mph.,c:No faster than 20 mph.,d:At the posted speed limit.",a,"When visibility is blocked by trees, buildings, or foliage, reduce speed to 15 mph or less when approaching the intersection.",easy
5,Driving in Special Conditions,"If dust or smoke reduces visibility, what lights should you switch on?","a:Headlights.,b:Parking lights.,c:Emergency flashers only.,d:Interior dome light.",a,Turn on your headlights whenever conditions prevent you from seeing other vehicles so other drivers can see you as well.,easy
4,Safe & Defensive Driving Practices,"For quick, controlled steering turns, how should your hands be positioned on the wheel?","a:On opposite sides of the steering wheel.,b:Next to each other on the top of the steering wheel.,c:On the top and bottom of the steering wheel.",a,Place both hands on opposite sides of the wheel for secure control and safe turning.,easy
3,"Signs, Signals & Road Markings","If your lane has a broken yellow line next to a solid yellow line, which vehicles may pass?","a:Vehicles next to the broken line may pass.,b:Vehicles in both directions may pass.,c:Vehicles next to the solid line may pass.",a,A broken yellow line next to your lane means drivers adjacent to the broken line may pass when safe; the solid-side drivers may not.,medium
7,Vehicle Ownership & Responsibilities,What should you do before turning the ignition on?,"a:Buckle your safety belt and ensure all passengers have buckled theirs.,b:Buckle your safety belt.,c:Be sure all passengers have buckled their safety belts.",a,"Develop a routine: before switching on the ignition, fasten your seatbelt and verify passengers are secured.",easy
3,"Signs, Signals & Road Markings","What do ""No passing zone"" signs tell drivers?","a:That it is not safe or legal to pass in the indicated area.,b:To speed up slightly to pass quickly.,c:To maintain a steady speed while passing.,d:That passing is allowed only during daylight.",a,"A ""No passing zone"" sign indicates a section of road where passing is not safe or permitted.",easy
3,"Signs, Signals & Road Markings",How must you treat a flashing red traffic light?,"a:As if it were a stop sign (come to a full stop and proceed when safe).,b:You are traveling the wrong way.,c:Wait until it turns green.,d:Slow down and proceed without stopping.",a,A flashing red light requires a complete stop; proceed only when it is safe and after yielding right-of-way.,easy
8,Special Situations & Road Users,"At a railroad crossing, what must you be aware of?","a:Vehicles that must stop at all railroad crossings and the possibility of multiple trains.,b:Only the train that just passed.,c:That crossings are always safe after one train passes.,d:That gates always function correctly.",a,"Approach crossings with caution, watch for vehicles that must stop (school buses, hazardous material trucks), and be alert for multiple trains.",medium
4,Safe & Defensive Driving Practices,How can you keep track of traffic behind you?,"a:Turn and look out your back window.,b:Frequently check your rearview mirror.,c:Keep other vehicles out of your blind spots at all times.,d:Rely only on your side mirrors.",b,Check your rearview mirror often to maintain awareness of traffic behind you; supplement with side checks when changing lanes.,easy
3,"Signs, Signals & Road Markings","When you approach an intersection with a flashing yellow light, what should you do?","a:Slow down and proceed with caution.,b:Come to a complete stop every time.,c:Maintain your normal speed.,d:Yield only if other vehicles are present.",a,A flashing yellow signal means proceed with caution after slowing; it does not require a complete stop unless necessary for safety.,easy
8,Special Situations & Road Users,"If you approach a stopped school bus with flashing lights and extended stop arm, you must:","a:Come to a complete stop and remain stopped until the bus resumes motion.,b:Pass at 15 mph if no children are visible.,c:Change lanes and pass cautiously.,d:Proceed at normal speed while watching for children.",a,"When a school bus is stopped with signals active, all drivers must stop until the lights and arm are withdrawn.",easy
3,"Signs, Signals & Road Markings",What does a curb painted red signify?,"a:No stopping, standing, or parking in that area.,b:A zone reserved for quick passenger drop-offs.,c:A loading zone during business hours.,d:Accessible parking only.",a,"A red-painted curb means stopping, standing, or parking is prohibited at that location.",easy
5,Driving in Special Conditions,"After it first starts to rain and the road becomes slippery, what should you do?","a:Decrease the distance you look ahead of your vehicle.,b:Avoid making fast turns or stopping at high speeds.,c:Test your tires' traction while driving uphill.",b,Roads are most slippery just after rain begins; reduce speed and avoid sudden turns or stops to lower the risk of skidding.,easy
8,Special Situations & Road Users,Why increase your following distance behind a large truck or bus?,"a:To see around the sides of the vehicle and because the driver may not see you.,b:Because other drivers tend to pull behind large vehicles before passing them.,c:To get caught in the vehicle's slipstream.",a,Large vehicles can block your view and their drivers may have limited visibility of you—leave extra space.,easy
6,"Alcohol, Drugs & Impaired Driving",What is a likely effect of combining prescription drugs with alcohol?,"a:It can make you unfit to drive.,b:There will likely be no effect.,c:It makes you more alert.,d:It reduces the risk of impairment.",a,Many medications can impair driving; combining them with alcohol often increases drowsiness and decreases coordination.,medium
7,Vehicle Ownership & Responsibilities,Who is required to wear a safety belt in a moving vehicle?,"a:Just the driver,b:Only children,c:All of the vehicle's occupants.",c,"Under Wyoming law, all occupants must wear safety belts. The driver is responsible for ensuring compliance.",easy
2,Traffic Laws & Rules of the Road,Is driving more slowly than surrounding traffic generally safe?,"a:Often a hazard because others may try dangerous passes.,b:Always safe if the weather is bad.,c:Appropriate if you don't know the speed limit.,d:Recommended in all situations.",a,Driving much slower than surrounding traffic can frustrate others and cause unsafe passing maneuvers.,easy
6,"Alcohol, Drugs & Impaired Driving",Which substances listed can impair driving ability?,"a:Tranquilizers, marijuana, sedatives, and some cough or cold medicines.,b:Only illegal drugs.,c:Only alcohol and marijuana.,d:Only prescription drugs.",a,"Many drugs including tranquilizers, sedatives, marijuana, and certain cough or cold medicines can impair driving ability.",medium
2,Traffic Laws & Rules of the Road,When should you yield your legal right-of-way?,"a:Whenever it helps prevent a collision.,b:Often, even at controlled intersections.,c:Never; it confuses other drivers.",a,Yielding to avoid a crash is appropriate even if you technically have the right-of-way.,easy
4,Safe & Defensive Driving Practices,"When being passed by another vehicle, what is the proper action?","a:Maintain a steady speed to let the other vehicle pass safely.,b:Brake hard to warn the passing driver.,c:Speed up to prevent them from passing.,d:Move into the passing lane to impede them.",a,Allow the other vehicle to pass safely by keeping speed and lane steady; do not speed up or brake suddenly.,easy
4,Safe & Defensive Driving Practices,"If you encounter an aggressive driver, what is the safest action?","a:Get out of their way.,b:Challenge them.,c:Speed up.",a,"Avoid engagement—give aggressive drivers space, do not retaliate, and allow them to pass when safe.",easy
4,Safe & Defensive Driving Practices,"As daylight fades, which lights should you turn on to help others see you?","a:Low beam headlights.,b:Parking lights.,c:Emergency flashers.,d:High beams only.",a,Turn on your low beam headlights as daylight fades so other drivers can see your vehicle without causing glare.,easy
3,"Signs, Signals & Road Markings",What does a red arrow pointing right mean at an intersection?,"a:You must not turn in that direction until the light changes.,b:You may turn after slowing and checking for traffic.,c:You may turn after making a complete stop.,d:You may turn if no pedestrians are present.",a,A red arrow means 'stop' for that direction; do not turn against a red arrow until it changes.,easy
8,Special Situations & Road Users,What lane entitlement do motorcycles have?,"a:The same full lane width as other motor vehicles.,b:Only the bicycle lane.,c:Half the lane width.,d:The shoulder only.",a,Motorcycles are entitled to the same full lane width as other vehicles; they should be treated as regular traffic participants.,easy
6,"Alcohol, Drugs & Impaired Driving",Driving while under the influence of medication that impairs you is:,"a:Under no circumstances permitted.,b:Allowed if you don't feel drowsy.,c:Allowed if it was prescribed by a physician.,d:Allowed if it is over-the-counter.",a,"It is illegal and unsafe to drive under the influence of any substance—prescription, over-the-counter, or illegal—that impairs your driving.",easy
4,Safe & Defensive Driving Practices,"When driving past parked cars, what precaution should you take?","a:Be prepared for a person or vehicle to unexpectedly enter your lane.,b:Drive closely to the parked vehicles to allow more room for moving traffic.,c:Expect everyone to respect your right-of-way.",a,Keep space away from parked cars; people or car doors can suddenly enter your path.,easy
5,Driving in Special Conditions,How should you drive in fog?,"a:Slow down and use low beam headlights.,b:Slow down and use high beam headlights.,c:Turn on and off your lights to alert others.,d:Drive at normal speed with hazards on.",a,"In fog you should slow down and use your low beams; if visibility is extremely poor, pull off the roadway and wait.",easy
8,Special Situations & Road Users,Why should you avoid making sudden stops in front of large trucks or buses?,"a:Small vehicle drivers cannot adequately see large trucks and buses in their rearview mirrors.,b:Large trucks and buses require longer distances to stop than smaller passenger vehicles.,c:Large trucks and buses travel at higher speeds than small vehicles.",b,Large vehicles need more distance to stop; sudden stops ahead of them risk rear-end collisions because they may not stop in time.,medium
6,"Alcohol, Drugs & Impaired Driving",What is the only thing that lowers blood alcohol concentration (BAC)?,"a:Time,b:Drinking caffeine,c:Eating foods high in fat.",a,Only time allows the body to metabolize and reduce blood alcohol concentration; nothing else speeds this process.,easy
4,Safe & Defensive Driving Practices,Which statement best describes defensive drivers' thinking?,"a:They consider what other drivers might do and are prepared to react.,b:They know other drivers will do the right thing.,c:They expect no breaks and give none.",a,Defensive drivers anticipate potential mistakes by others and act to reduce risk.,easy
3,"Signs, Signals & Road Markings",How must you respond to a flashing red traffic light at an intersection?,"a:Come to a complete stop, check traffic, then go when safe.,b:Slow down and drive carefully through the intersection.,c:Yield to traffic and proceed without stopping.,d:Speed up to clear the intersection quickly.",a,"A flashing red light has the same meaning as a stop sign: stop completely, yield to other traffic and pedestrians, then proceed when safe.",easy
2,Traffic Laws & Rules of the Road,What is the effect of continually passing vehicles on a two-lane road?,"a:It increases your risk of a collision.,b:It gets you there more quickly and safely.,c:It helps reduce traffic congestion.,d:It is always legal if the road is clear.",a,Repeated passing on two-lane roads increases your chances of a collision; avoid unnecessary passing.,easy
8,Special Situations & Road Users,When should you yield to a pedestrian?,"a:At all times to avoid striking them, even if they aren't obeying traffic laws.,b:Only if they are in a marked crosswalk.,c:Only when the traffic signals favor pedestrians.,d:Only when they wave you on.",a,"Always do everything possible to avoid hitting a pedestrian, even if the pedestrian is not following laws.",easy
5,Driving in Special Conditions,"When driving on slippery surfaces like snow or ice, what should you do before descending steep hills?","a:Shift to a low gear.,b:Follow other vehicles closely.,c:Make sudden speed changes to maintain control.,d:Use cruise control to maintain speed.",a,"To help prevent skids on slippery hills, shift to a low gear before the descent and make gradual speed changes.",medium
2,Traffic Laws & Rules of the Road,"When changing lanes, which action is never permitted?","a:Cross the centerline inside an intersection.,b:Check your blind spot by looking over your shoulder.,c:Check for other drivers moving into the same lane.,d:Signal before moving over.",a,You should never change lanes by crossing the centerline while inside an intersection.,easy
2,Traffic Laws & Rules of the Road,"When you approach an intersection displaying a flashing red light, what must you do?","a:Reduce your speed and proceed with caution.,b:Come to a complete stop and remain stopped as long as the light is red.,c:Come to a complete stop, yield to oncoming traffic and pedestrians, then proceed.",c,"A flashing red signal is treated like a stop sign: stop completely, yield to traffic and pedestrians, then go when safe.",easy
2,Traffic Laws & Rules of the Road,A steady green traffic light at an intersection means:,"a:Increase your speed.,b:Adjust your mirrors.,c:You may continue through the intersection at a safe and reasonable speed, if it is clear to do so.",c,A steady green light permits movement through the intersection but you must yield to vehicles or pedestrians already in the intersection.,easy
3,"Signs, Signals & Road Markings",Temporary signs in construction or maintenance work areas are what color?,"a:Orange background with black writing.,b:Red background with green writing.,c:Yellow background with blue writing.,d:Green background with white writing.",a,Work zone signs are orange with black text or symbols to warn drivers of construction and maintenance.,easy
7,Vehicle Ownership & Responsibilities,"Before driving, from where should you remove snow, frost, and ice?","a:All windows and mirrors.,b:Just the windshield.,c:Only the windshield and passenger window.",a,Clear all windows and mirrors so you have full visibility before driving.,easy
3,"Signs, Signals & Road Markings",A solid yellow line on your side of the centerline means you must:,"a:Reduce your speed.,b:Traffic light ahead.,c:Do not pass.",c,A solid yellow line on your side indicates that passing is prohibited.,easy
3,"Signs, Signals & Road Markings",What message does a red octagonal sign display?,"a:One-way.,b:Do not enter.,c:Stop.",c,An octagonal red sign always means 'STOP.' You must come to a complete stop at that sign.,easy
2,Traffic Laws & Rules of the Road,"If you face a green light but pedestrians are in the intersection, what must you do?","a:You must yield the right-of-way to pedestrians.,b:You have the right-of-way over pedestrians.,c:Pedestrians must wait for you to cross.",a,"Even on a green signal, yield to pedestrians and vehicles already in the intersection before proceeding.",easy
2,Traffic Laws & Rules of the Road,"Before stopping at a traffic signal or sign, what should you check?","a:Check mirrors for surrounding traffic.,b:Set the parking brake.,c:Press hard on the accelerator.,d:Turn off your engine.",a,Scan mirrors to be aware of traffic behind and around you as you slow for a stop.,easy
7,Vehicle Ownership & Responsibilities,When must you show proof of insurance to law enforcement?,"a:If you are stopped for a citation or involved in a collision.,b:Only if you are involved in a collision.,c:Only if you are stopped and cited.,d:Proof is not required to be carried in the vehicle.",a,You must provide evidence of insurance upon request during a traffic stop or after an accident.,medium
2,Traffic Laws & Rules of the Road,"When making a left turn at an intersection, you must:","a:Yield to oncoming traffic and pedestrians.,b:Assume oncoming traffic will yield to you.,c:Never yield to oncoming traffic.,d:Proceed if you have a green signal regardless of oncoming vehicles.",a,Left-turning drivers must yield to oncoming traffic and pedestrians before turning.,easy
2,Traffic Laws & Rules of the Road,"Before entering an intersection, what is the correct order to scan?","a:Left, right, then left again.,b:Right only.,c:Left only.",a,"Look left, right, then left again before entering an intersection—the second left check accounts for closer vehicles from that direction.",easy
4,Safe & Defensive Driving Practices,Which statements about higher driving speeds are true?,"a:As your speed increases, the chance of a fatality increases.,b:As your speed increases, so should your following distance.,c:Both of the above.",c,"Higher speeds increase crash severity and require longer stopping distances, so you must increase following distance accordingly.",medium
4,Safe & Defensive Driving Practices,"If your vehicle starts to skid, which is the correct braking response?","a:Stay off the brakes.,b:Brake abruptly.,c:Pump the brakes quickly.,d:Apply steady firm braking.",a,"If you begin to skid, do not use the brakes; braking can make the skid worse. Steer to regain control and slow gradually.",medium
6,"Alcohol, Drugs & Impaired Driving",Which statement about drugs and driving is true?,"a:Only illegal drugs can impair your driving.,b:Even over-the-counter drugs can impair your driving.,c:Any prescription drug is safe if you don't feel drowsy.,d:All medications are legal to drive on.",b,Legal prescription and over-the-counter medications can impair driving; it's illegal to drive under the influence of any drug that reduces your ability to drive safely.,medium
4,Safe & Defensive Driving Practices,"At night, what is a recommended safety practice?","a:Increase your following distance.,b:Always use high beams.,c:Look directly at the headlights of oncoming vehicles.,d:Drive at the posted speed regardless of visibility.",a,"Because visibility is reduced at night, increase following distance so you have more time to react if the car ahead stops suddenly.",easy
5,Driving in Special Conditions,When is highway pavement especially slippery?,"a:When it has just begun to rain.,b:If it has been raining for several hours.,c:If it has been raining for one to two hours.,d:Only when ice is present.",a,"Shortly after rain begins, oil and debris mix with water creating a slippery surface, making driving hazardous.",medium
7,Vehicle Ownership & Responsibilities,What must you do at a railroad crossing with lowered gates and flashing lights?,"a:Stop well behind the gates and wait until they are lifted before proceeding.,b:Drive around the gates if you do not see a train.,c:Slow down and proceed cautiously around the gates.,d:Cross quickly before the gates fully lower.",a,You must stop and remain behind lowered gates and flashing lights; it is illegal and dangerous to go around them.,easy
2,Traffic Laws & Rules of the Road,"Before changing lanes or passing, what should you do?","a:Check mirrors and blind spots, and signal your intention.,b:Honk to warn others.,c:Increase your speed dramatically.,d:Drive with one hand on the wheel.",a,"Always check mirrors, look over your shoulder to check blind spots, and signal before changing lanes.",easy
8,Special Situations & Road Users,"When a bicyclist is making a left turn, what may they legally do?","a:Use the left lane.,b:Cut through all lanes unpredictably.,c:Always wait on the side of the road.,d:Use the sidewalk to turn left.",a,Bicyclists may use the left lane when making a left turn; expect them to act like other traffic when turning.,medium
5,Driving in Special Conditions,How do sudden wind gusts on highways affect vehicles?,"a:Can cause problems for all vehicles.,b:Only cause visibility problems.,c:Generally affect only the movement of large vehicles.",a,"Strong winds can affect vehicles of all sizes—reducing stability, moving debris, and lowering visibility.",medium
2,Traffic Laws & Rules of the Road,Which describes the best mindset regarding other drivers and right-of-way rules?,"a:Always be prepared to yield the right-of-way.,b:Assume all drivers follow right-of-way rules.,c:Assume most drivers obey right-of-way rules.,d:You always have the right-of-way if signs indicate so.",a,Do not assume others will yield correctly; be prepared to give up your right-of-way to avoid a crash.,easy
3,"Signs, Signals & Road Markings",What color are various traffic control devices used in construction and maintenance areas?,"a:Orange.,b:Red.,c:Yellow.,d:Green.",a,"Work zones use orange signs, cones, and barriers to alert drivers to changed conditions and hazards.",easy
3,"Signs, Signals & Road Markings",What do orange-colored traffic signs indicate?,"a:Construction and maintenance warnings.,b:General warning signs.,c:Regulatory signs.",a,Orange signs are used for temporary work zone warnings and alerts about construction or maintenance.,easy
2,Traffic Laws & Rules of the Road,Is it legal to drive on the shoulder to pass another car?,"a:Under no circumstances.,b:If the shoulder is wide enough.,c:If the vehicle ahead is turning left.,d:If traffic is stopped in your lane.",a,Never pass another vehicle by driving on the shoulder; the other driver will not expect you to be there.,easy
3,"Signs, Signals & Road Markings",What does a broken yellow centerline next to your lane indicate?,"a:Passing on the left is allowed when the way ahead is clear.,b:Passing is not permitted.,c:Passing on the right is permitted when the way ahead is clear.",a,A dashed yellow line on your side means you may cross the centerline to pass if no oncoming traffic and it's safe.,easy
3,"Signs, Signals & Road Markings","From top to bottom, what is the correct order of colors on a vertical traffic light?","a:Red, yellow, green.,b:Red, green, yellow.,c:Green, red, yellow.",a,"A standard vertical traffic signal displays red at the top, yellow in the middle, and green at the bottom.",easy
5,Driving in Special Conditions,"On an interstate, to avoid vehicles merging from right on-ramps, you should:","a:Maintain your speed and position.,b:Change lanes to the left when safe.,c:Slow down and stay in the lane.,d:Block the ramp by speeding up.",b,"When traffic allows, move out of the right-hand lane to let vehicles enter from on-ramps; adjust lanes safely and signal.",easy
5,Driving in Special Conditions,"Under heavy fog with low visibility, how should you drive?","a:Increase your speed so you do not cause an accident.,b:Slow down and use your low beam headlights.,c:Turn on your high beam headlights.",b,"Reduce speed and use low beams in fog; if visibility becomes too poor, pull off the road safely and wait for conditions to improve.",medium
8,Special Situations & Road Users,What is true about large trucks compared to passenger vehicles?,"a:They take longer to stop than passenger vehicles.,b:They are always equipped to stop more quickly.,c:They are more maneuverable than cars.,d:They stop in the same distance as smaller cars at the same speed.",a,Large trucks require more distance to stop than passenger vehicles traveling at the same speed.,easy
2,Traffic Laws & Rules of the Road,"When making a left turn at an intersection, you should:","a:Always yield to oncoming traffic and pedestrians.,b:Expect oncoming traffic and pedestrians to yield to you.,c:Never yield to oncoming traffic and pedestrians.,d:Only yield to other vehicles, not pedestrians.",a,"When turning left, yield the right-of-way to oncoming vehicles and to any pedestrians in the crosswalk before completing the turn.",easy
2,Traffic Laws & Rules of the Road,"When an oncoming vehicle has very bright headlights at night, how should you respond?","a:Look toward the right edge of your lane.,b:Turn off your headlights.,c:Stare directly at the headlights to adjust your vision.,d:Flash your high beams.",a,Avoid looking directly at oncoming high beams; glance toward the right edge of the roadway until the vehicle passes.,easy
2,Traffic Laws & Rules of the Road,"If a traffic signal is green but an officer signals you to stop, what should you do?","a:Obey the officer.,b:Obey the traffic signal.,c:Do what the vehicle in front of you does.",a,Drivers must follow directions from police officers or other authorized personnel even if those directions differ from traffic signals.,medium
2,Traffic Laws & Rules of the Road,"When first approaching a yield sign, what should you do?","a:Check for cross traffic and be prepared to stop if needed.,b:Increase your speed.,c:Come to a complete stop every time.",a,Assess cross traffic when approaching a yield; stop only if necessary to avoid conflict.,easy
2,Traffic Laws & Rules of the Road,"If you face a green light but the intersection ahead is blocked by traffic, what should you do?","a:Stay out of the intersection until traffic ahead clears.,b:Turn left and find another route.,c:Follow the other vehicles and enter the intersection.",a,Do not enter an intersection unless you can clear it—blocking the intersection can result in a citation.,easy
5,Driving in Special Conditions,What should you do to avoid losing traction on wet roads?,"a:Slow down and avoid abrupt maneuvers.,b:Apply the brakes firmly.,c:Make abrupt turns to keep control.",a,Reduce speed and avoid sudden steering or braking to maintain traction on wet surfaces.,easy
8,Special Situations & Road Users,"Because motorcycles, scooters, and mopeds are harder to see, you should:","a:Make frequent visual checks and slow down if needed.,b:Share your lane with them at all times.,c:Assume they will yield to you.,d:Always honk when approaching them.",a,Small vehicles are easily missed in blind spots; constantly check for them and be prepared to react.,easy
2,Traffic Laws & Rules of the Road,"When changing lanes, what must you do to check for nearby vehicles?","a:Look over your shoulder in the direction you plan to move.,b:Rely solely on the rearview mirror.,c:Rely only on the side mirror.,d:Signal after you start changing lanes.",a,Blind spots are not visible in mirrors; always glance over your shoulder before moving laterally.,easy
5,Driving in Special Conditions,"An oncoming vehicle has high beams on at night, making it hard to see. Where should you look?","a:Look ahead toward the right edge of your lane.,b:Look straight ahead in your lane.,c:Look ahead toward the left edge of your lane.",a,Avoid staring at the bright lights; glance toward the right edge of your lane and use peripheral vision to monitor the oncoming vehicle.,medium
2,Traffic Laws & Rules of the Road,"When making a left turn, you must yield to which vehicles?","a:No one.,b:Oncoming cars.,c:Overtaking cars.",b,Drivers turning left must yield to oncoming vehicles proceeding straight; only turn when the path is clear and it is safe to do so.,easy
4,Safe & Defensive Driving Practices,"If your wheels drop off the pavement edge, how should you re-enter the roadway?","a:Wait until safe, slow down, then gradually re-enter the roadway.,b:Turn back onto the roadway immediately at full speed.,c:Stop and call for assistance immediately.,d:Accelerate and jerk the steering wheel back onto the pavement.",a,"Do not turn back abruptly; reduce speed, check traffic, and ease gradually back onto the pavement when safe.",medium
4,Safe & Defensive Driving Practices,When should you use your horn?,"a:To get a slow driver to move over.,b:To warn others to help prevent a collision.,c:To greet a friend on the road.,d:To alert a pedestrian who is blind.",b,Use the horn only when necessary to help prevent a collision; do not use it to urge slower drivers or bicyclists to move or to greet people.,easy
8,Special Situations & Road Users,Where are a truck's blind spots typically located?,"a:Directly behind the body.,b:On the immediate left of the cab.,c:Both on the immediate left of the cab and directly behind the body.",c,"Large trucks have significant blind zones on their left side and directly behind; if you can't see the driver's face in their mirror, they likely can't see you.",medium
3,"Signs, Signals & Road Markings",What color are regulatory traffic signs typically?,"a:White.,b:Green.,c:Yellow.",a,"Regulatory signs (speed limits, stop, yield) are usually white with black, red, or green symbols or text.",easy
4,Safe & Defensive Driving Practices,What are blind spots?,"a:Areas near the rear corners of your vehicle that cannot be seen in mirrors.,b:Spots in your vision when you become fatigued.,c:Traffic control devices.",a,Blind spots are areas not visible in mirrors—check over your shoulder before changing lanes.,easy
8,Special Situations & Road Users,"If you see a pedestrian with a guide dog or white cane, what must you do?","a:Yield the right-of-way to the pedestrian.,b:Require the pedestrian to wait until you pass.,c:Honk to let them know you are there.,d:Speed up to clear the area.",a,Blind or partially blind pedestrians must be given the right-of-way and allowed to cross safely.,easy
7,Vehicle Ownership & Responsibilities,"If you must park where it is not usually used for parking, what should you ensure?","a:That your vehicle is visible to drivers approaching from any direction.,b:Park with your reverse lights on.,c:Park five feet from the curb.,d:Only park on the sidewalk if necessary.",a,"When parking in unusual areas, make sure your vehicle does not create a hazard and is visible to other drivers.",medium
7,Vehicle Ownership & Responsibilities,"If you must stop on the interstate in an emergency, what should you do?","a:Pull off the road, turn on emergency flashers, and stay in your vehicle if possible.,b:Get out and flag down help from passing cars.,c:Sound your horn at passing cars to get assistance.,d:Leave the vehicle and stand behind it on the shoulder.",a,"If you must stop on the interstate shoulder, activate your emergency flashers and remain in the vehicle if it is safe to do so due to high-speed traffic.",medium
7,Vehicle Ownership & Responsibilities,"When parking uphill next to a curb, how should you turn your front wheels?","a:Turn the front wheels away from the curb.,b:Turn the front wheels toward the curb.,c:Leave the wheels straight.",a,"When parking uphill with a curb, turn wheels away from the curb so the vehicle will roll into the curb if brakes fail.",easy
3,"Signs, Signals & Road Markings",A flashing yellow light at an intersection means you should:,"a:Slow down and proceed with caution.,b:Stop before entering the intersection.,c:Wait for a green light before proceeding.,d:Speed up to clear the intersection quickly.",a,A flashing yellow cautions drivers to slow and be alert before crossing the intersection.,easy
5,Driving in Special Conditions,What should you do if bad weather reduces visibility?,"a:Increase your following distance.,b:Speed up to get off the road quickly.,c:Drive in the lane closest to oncoming traffic.,d:Keep normal following distance but drive slower.",a,"When visibility is poor due to weather, increase your following distance to allow more time to react.",easy
6,"Alcohol, Drugs & Impaired Driving","If you are under 21, driving with what blood alcohol level can lead to license suspension?","a:0.08 percent or more.,b:Any amount.,c:0.15 percent or more.",b,Wyoming has a zero-tolerance policy for drivers under 21—any detectable alcohol can result in penalties including license suspension.,easy
4,Safe & Defensive Driving Practices,"If a tire suddenly blows out, how should you respond?","a:Hold the steering wheel tightly, slow gradually, and use the brakes lightly.,b:Apply the brake and hold it firmly.,c:Pull over immediately without slowing.",a,"Keep control by holding the wheel, easing off the gas, and braking lightly until you can safely move off the road.",medium
6,"Alcohol, Drugs & Impaired Driving",Which driving skills are affected by alcohol and/or drugs?,"a:Alertness.,b:Coordination.,c:Both of the above.",c,"Alcohol and drugs impair coordination, alertness, reaction time, and decision-making—critical skills for safe driving.",medium
3,"Signs, Signals & Road Markings","What is the purpose of work zone barriers, drums, cones, and signs?","a:To keep traffic out of hazardous work zones and protect workers.,b:To make drivers angry about slow traffic.,c:To permanently reroute traffic.,d:To indicate free parking areas.",a,Work zone devices are used to warn and direct drivers to stay out of dangerous areas and protect road workers.,easy
4,Safe & Defensive Driving Practices,What is a major danger of excessive speed?,"a:It increases the likelihood of serious injury and death.,b:It saves time.,c:It helps you maneuver obstacles.",a,Excessive speed is a leading cause of crashes and severe injuries and does not reliably save time.,easy
5,Driving in Special Conditions,What should you avoid doing when driving through a construction zone?,"a:Slowing to look at the scene (rubbernecking).,b:Passing carefully.,c:Being prepared to slow or stop for workers and equipment.",a,Do not slow to stare at workers or incidents; maintain caution and follow posted directions to keep traffic moving safely.,easy
2,Traffic Laws & Rules of the Road,"If a police officer directs you to go through a red light, what should you do?","a:Obey the officer and proceed through the intersection.,b:Stop until the light turns green.,c:Come to a complete stop before proceeding.",a,Instructions from a traffic officer override traffic signals—follow their direction.,medium
6,"Alcohol, Drugs & Impaired Driving","When taking any medicine, what should you do about driving?","a:Consult your doctor about the effects before driving.,b:Have someone follow you home.,c:Keep your window open and drive more slowly.",a,Some prescription and over-the-counter drugs can impair driving—check with a doctor or pharmacist about side effects.,medium
5,Driving in Special Conditions,How should you drive in a construction zone?,"a:Expect the unexpected.,b:Slightly increase your speed.,c:Expect construction workers to yield to motorists.",a,"Drive with extra caution in work zones: slow down, obey posted speeds, and watch for changing conditions or workers.",medium
4,Safe & Defensive Driving Practices,At what speed should you travel relative to conditions and surrounding traffic?,"a:At a speed appropriate for the road and weather conditions.,b:At the posted speed limit regardless of conditions.,c:At the speed of the vehicles surrounding you.",a,Drive at a speed that is safe for current conditions while obeying posted limits; adjust for weather and traffic.,easy
6,"Alcohol, Drugs & Impaired Driving",Which statement about alcohol and driving is true?,"a:Alcohol affects judgment, which is essential for safe driving.,b:If you can walk straight after drinking, you are safe to drive.,c:Being under the legal BAC limit means driving is unimpaired.,d:Alcohol only affects driving after several drinks.",a,"Alcohol impairs judgment, reaction time, and coordination even at low levels, affecting driving safety.",easy
2,Traffic Laws & Rules of the Road,"Before changing lanes, you should check mirrors and also:","a:Glance over your shoulder to check blind spots.,b:Never look over your right shoulder.,c:Always slow down in your lane.,d:Signal only after you begin moving.",a,"In addition to mirror checks, a shoulder glance confirms there is no vehicle in your blind spot.",easy
5,Driving in Special Conditions,What minimum following distance should you maintain when driving in winter weather?,"a:Four seconds.,b:Two seconds.,c:One second.,d:Six seconds.",a,In winter conditions you should allow at least a four-second following distance to give yourself extra stopping time.,medium
4,Safe & Defensive Driving Practices,"If you expect a rear-end collision, which action should you avoid doing?","a:Release your seat belt.,b:Press your head against the head restraint.,c:Brace yourself.",a,Do not release your seat belt; brace yourself against the seat and restraint to reduce injury.,medium
7,Vehicle Ownership & Responsibilities,"When parking on any hill, what should you always do?","a:Use your parking brake and leave the vehicle in 'park' (or in gear).,b:Leave the vehicle in neutral so it can roll if needed.,c:Turn your wheels parallel to the road regardless of curb.,d:Park with one rear wheel touching the curb.",a,Always set the parking brake and leave the vehicle in park or in gear; position wheels so the vehicle won't roll into traffic.,medium
2,Traffic Laws & Rules of the Road,When is passing another vehicle permitted?,"a:When the centerline next to your lane is a broken line.,b:When you are on a hill or curve.,c:When there is a solid line next to your lane.,d:When an oncoming vehicle is approaching.",a,Passing is permitted only where a broken centerline indicates it is safe and legal to do so.,easy
8,Special Situations & Road Users,Which statement about motorcycles on the road is true?,"a:Motorcycles have the same rights and responsibilities as larger motor vehicles.,b:Motorcycles are exempt from traffic rules.,c:Motorcycles always must yield to cars.,d:Motorcycles must use sidewalks when possible.",a,Motorcycles are vehicles under the law and must be given the same respect and space as other vehicles.,easy
5,Driving in Special Conditions,"When driving in fog, which headlights are best to use?","a:Low beam headlights.,b:High beam headlights.,c:Four-way flashers only.,d:Parking lights only.",a,"Use low beam headlights in fog, rain, or snow; high beams can reflect and reduce visibility.",easy
4,Safe & Defensive Driving Practices,"When passing another vehicle, how should you complete the maneuver?","a:Pass the vehicle as safely and as quickly as possible.,b:Drive at the same speed as the vehicle you are passing.,c:Pass the vehicle as slowly as possible.",a,"Pass promptly and safely, and return to your lane only when you can see the passed vehicle's headlights in your rearview mirror.",medium
8,Special Situations & Road Users,When should you allow an extra cushion of space behind the vehicle ahead?,"a:When following a driver who may not be able to see the rear of their vehicle, such as a truck or bus.,b:When following a station wagon.,c:When following a small passenger car.",a,Increase following distance behind large vehicles because they may have limited rear visibility and can block your view.,easy
2,Traffic Laws & Rules of the Road,Who should yield when you are entering interstate traffic from an entrance or acceleration ramp?,"a:You should yield to drivers already on the interstate.,b:Drivers on the interstate must yield to you.,c:You always have the right-of-way.,d:No one should yield; merge by force.",a,Vehicles merging onto the interstate must yield to the traffic already traveling on it and merge safely into gaps.,easy
5,Driving in Special Conditions,Which road surface is most likely to freeze first?,"a:A bridge or overpass.,b:A tunnel.,c:An intersection.,d:A shaded residential street.",a,Bridges and overpasses are exposed on all sides and can freeze before adjacent road surfaces.,easy
5,Driving in Special Conditions,"After snow or rain on cold days, which area of road is most likely to be icy?","a:A shaded area of the roadway.,b:A residential road.,c:A hilly, open road.",a,"Shaded sections freeze sooner and thaw later, so they are more likely to be icy.",easy
7,Vehicle Ownership & Responsibilities,"After a minor intersection collision with no injuries, what should you do if it is safe?","a:Move your vehicle out of the traffic lane, if possible.,b:Leave your vehicle in the traffic lane until law enforcement arrives.,c:Not move your vehicle for any reason.",a,"If no one is injured and you can safely do so, move vehicles out of traffic lanes to prevent further collisions and restore flow.",easy
5,Driving in Special Conditions,"To reduce glare from oncoming headlights, you should:","a:Look briefly toward the right side of the road.,b:Flash your high beams.,c:Stay focused on the centerline on the road.",a,Glance briefly toward the right edge of your lane to avoid being blinded by oncoming headlights while maintaining awareness of the vehicle.,easy
4,Safe & Defensive Driving Practices,"On the highway, regularly scanning well ahead of your vehicle:","a:Helps you keep up with traffic.,b:Allows you to spot upcoming police officers.,c:Reduces the need for last-minute braking or turning.,d:Has no effect on fuel consumption.",c,"Watching far ahead and being prepared reduces the need for sudden braking or turning, helps traffic flow, and can save fuel.",easy
2,Traffic Laws & Rules of the Road,"When passing on a two-lane road, what should you judge carefully?","a:The distance and speed of any oncoming vehicles.,b:How loudly to honk as you pass.,c:The color of the other driver’s vehicle.,d:The number of passengers in the other vehicle.",a,Be certain there is enough clear distance ahead to pass safely by judging oncoming vehicle speed and distance.,difficult
2,Traffic Laws & Rules of the Road,Where is it safe to pass another vehicle?,"a:Where signs and/or pavement markings permit passing and it is safe to do so.,b:Within an intersection even if no oncoming vehicles are present.,c:Within a curve if you do not see oncoming traffic.",a,Only pass where pavement markings and signs allow and you have clear sight and sufficient space.,medium
5,Driving in Special Conditions,"When following a large truck on the freeway, what distance should you maintain?","a:Stay farther behind than you would for a passenger vehicle.,b:Follow closely because the truck driver can see farther ahead.,c:No more than one car length to be visible in their mirrors.,d:Directly beside the truck to avoid blind spots.",a,Maintain extra following distance behind trucks because they block your view and need more stopping distance.,easy
5,Driving in Special Conditions,"When driving at night on a dimly lit street, how should you drive?","a:Drive slowly enough to stop within the area illuminated by your headlights.,b:Use high beams continuously to see farther.,c:Keep the instrument panel lights bright to be seen by others.,d:Drive in the lane closest to oncoming traffic for visibility.",a,On dimly lit streets drive at a speed that allows you to stop within the distance your headlights illuminate.,easy
8,Special Situations & Road Users,A pedestrian with a guide dog is at the corner ready to cross before you make a right turn—what should you do?,"a:Wait until the person crosses the street before making your turn.,b:Tell the pedestrian when to cross.,c:Turn off your engine until they cross.",a,Pedestrians using guide dogs or white canes must be given the right-of-way; wait until they finish crossing.,easy
2,Traffic Laws & Rules of the Road,"If you reach an uncontrolled intersection at the same time as vehicles on your right and left, you should:","a:Yield the right-of-way to the vehicle on your left.,b:Yield the right-of-way to the vehicle on your right.,c:Wait until the intersection is completely empty before proceeding.,d:Proceed first because you are in the center.",b,"At an uncontrolled intersection where vehicles arrive simultaneously, yield to the vehicle on your right and proceed in the order vehicles arrived.",medium
7,Vehicle Ownership & Responsibilities,"When parking downhill on a two-way road with no curb, which direction do you turn your front wheels?","a:Turn them to the right toward the side of the road.,b:Turn them straight ahead.,c:Turn them left toward the center of the road.,d:Turn them toward oncoming traffic.",a,"When parking downhill on a road with or without a curb, turn your wheels toward the edge of the road so the vehicle rolls away from traffic if brakes fail.",easy
5,Driving in Special Conditions,"When driving in snowy or icy conditions, what should you avoid using?","a:Cruise control.,b:A low gear going down hills.,c:Gradual steering inputs.,d:Gentle braking.",a,Do not use cruise control on snow or ice because it can cause loss of control if tires lose traction.,medium
2,Traffic Laws & Rules of the Road,"After passing, when should you return to the right lane?","a:When you can see both headlights of the passed vehicle in your rearview mirror.,b:When you are one vehicle length ahead of the passed vehicle.,c:When you are 50 feet ahead of the passed vehicle.",a,Return to your lane only when you can see the passed vehicle's headlights in your mirror to ensure safe spacing.,easy
5,Driving in Special Conditions,"On a slippery road, how should your following distance change?","a:Increase it so you are farther from the car ahead than normal.,b:Keep it the same as normal.,c:Decrease it to stay closer for better traction.,d:Only increase distance if driving over 50 mph.",a,"You need more stopping distance on slippery roads, so increase the following distance compared to dry conditions.",easy
2,Traffic Laws & Rules of the Road,What should you do before entering a curve?,"a:Reduce your speed.,b:Activate your turn signal.,c:Brake hard in the curve.,d:Increase your speed.",a,Slow down before entering curves when conditions require; do not exceed the posted speed limit.,easy
4,Safe & Defensive Driving Practices,"When backing up, what technique should you use?","a:Look directly through the rear window while backing slowly.,b:Rely solely on your mirrors.,c:Accelerate to clear the area quickly.,d:Only use a backup camera if available.",a,"When reversing, turn and look through the rear window rather than relying only on mirrors; proceed slowly.",easy
2,Traffic Laws & Rules of the Road,When are you required to stop your vehicle?,"a:At any intersection where a police officer orders you to stop and at a red traffic light.,b:Only at stop signs.,c:Only when another vehicle signals you to stop.,d:Never for pedestrians.",a,You must obey directions from officers directing traffic and must stop at red lights; both require stopping your vehicle.,easy
5,Driving in Special Conditions,Why should you avoid using high beam headlights when driving in fog or mist?,"a:High beams create glare by reflecting back into your eyes.,b:High beams are illegal in foggy conditions.,c:High beams make your tail lights less visible.,d:High beams will damage your headlights faster.",a,"In fog or mist, high beams reflect off moisture and can shine back into your eyes, reducing visibility.",easy
2,Traffic Laws & Rules of the Road,"When entering traffic from an alley or driveway and crossing a sidewalk, you should:","a:Stop before driving onto the sidewalk or sidewalk area.,b:Stop only if pedestrians are on the sidewalk.,c:Expect pedestrians to yield to you.,d:Sound your horn and proceed if the sidewalk looks clear.",a,"When leaving an alley, driveway, or parking lot, you must stop before driving onto the sidewalk area; pedestrians and roadway traffic have the right-of-way.",medium
4,Safe & Defensive Driving Practices,"When following a large truck on the freeway, how should you position your vehicle?","a:Farther behind the truck than you would a passenger vehicle.,b:Closer behind the truck than you would if following a passenger vehicle.,c:To the right side of the truck and wait to pass.",a,Maintain a greater following distance behind large trucks because they have longer stopping distances and large blind spots.,medium
8,Special Situations & Road Users,"When following a motorcycle, why should you leave extra space in front of your vehicle?","a:Because motorcycles can stop more quickly and are harder to see, so you need extra stopping distance.,b:Because passenger vehicles require more following distance.,c:Because station wagons need extra space.",a,Motorcycles can stop quickly and may be difficult to see; allow more space to react safely if they brake or fall.,easy
6,"Alcohol, Drugs & Impaired Driving",Which of the following will reduce your blood alcohol content (BAC) and its effects?,"a:Time.,b:Drinking coffee or caffeine.,c:Eating fatty foods.,d:Exercising vigorously.",a,Only the passage of time removes alcohol and its impairing effects from the body.,easy
2,Traffic Laws & Rules of the Road,"As you approach a roundabout, what action should you take?","a:Decrease your speed and prepare to enter.,b:Increase your speed.,c:Maintain your speed.",a,Slow down when approaching a roundabout; these are designed for low-speed operation.,easy
7,Vehicle Ownership & Responsibilities,When are rumble strips used and why?,"a:They alert inattentive drivers that their vehicle has left the travel lane through noise and vibration.,b:They test a vehicle's shock absorbers.,c:They signal a need to change lanes immediately.,d:They are decorative roadway features.",a,Rumble strips create vibration and sound to warn drowsy or inattentive drivers they are leaving the travel lane or approaching a hazard.,easy
2,Traffic Laws & Rules of the Road,"Unless otherwise posted, what is the speed limit in residential areas?","a:30 mph.,b:20 mph.,c:45 mph.",a,The standard speed limit in residential areas is 30 mph unless a different limit is posted.,easy
4,Safe & Defensive Driving Practices,"If you are angry after an argument, what should you do before driving?","a:Take a few minutes to cool off before driving.,b:Loudly play the radio while driving.,c:Drive on the interstate to let off steam.",a,Emotional impairment affects judgment—calm down and regain focus before getting behind the wheel.,easy
8,Special Situations & Road Users,A vehicle ahead stops at a crosswalk. How should you respond?,"a:Stop and proceed only after all pedestrians have cleared the crossing.,b:Cautiously pass the stopped vehicle at 10 mph or less.,c:Change lanes and pass the vehicle quickly.,d:Honk so the stopped driver will move.",a,You must not pass a vehicle stopped at a crosswalk because pedestrians may be crossing; wait until all pedestrians have crossed.,easy
7,Vehicle Ownership & Responsibilities,Which is a dangerous habit when driving through work zones?,"a:Tailgating and failing to watch for workers and equipment.,b:Slowing to the posted work zone speed.,c:Following all posted signs and directions.,d:Using the far lane when directed to merge.",a,Following too closely and ignoring workers or equipment are hazardous behaviors in work zones.,medium
2,Traffic Laws & Rules of the Road,"When passing on the left, when is it safe to move back into the right lane?","a:When you can see the front of the passed vehicle in your rearview mirror.,b:After about three seconds.,c:When you can no longer see the vehicle over your right shoulder.",a,"Move back only when you can clearly see the passed vehicle in your rearview mirror, ensuring safe clearance.",medium
8,Special Situations & Road Users,Why is it dangerous to follow a motorcycle too closely?,"a:Because a motorcycle can stop much faster than standard vehicles.,b:They do not follow the same rules as motor vehicles.,c:They brake more slowly than motor vehicles.",a,Motorcycles can stop quickly and are harder to see—leave extra space to avoid a rear-end collision.,easy
2,Traffic Laws & Rules of the Road,"When merging onto the freeway, what speed should you aim to be driving?","a:At or near the speed of traffic on the freeway.,b:Five to 10 mph slower than freeway traffic.,c:The posted speed limit for surface streets.,d:Stopped at the end of the ramp to wait for an opening.",a,When merging you should accelerate to match the speed of freeway traffic to enter safely.,medium
2,Traffic Laws & Rules of the Road,"Unless posted otherwise, what is the speed limit on Wyoming secondary highways?","a:70 mph.,b:55 mph.,c:60 mph.",a,The statewide speed limit on secondary highways is 70 mph unless a different posted limit applies.,medium
8,Special Situations & Road Users,"After a train passes and you have stopped at the crossing, what should you check before proceeding?","a:That signal lights stopped flashing and that no second train is approaching.,b:That the gates remain down before going around them.,c:That the crossing tracks are clear of debris only.,d:That no vehicles are waiting behind you.",a,"Even after a train passes, look for a second train and do not go until gates are up and warning lights have stopped flashing.",medium
2,Traffic Laws & Rules of the Road,How should you respond to a flashing yellow light at an intersection?,"a:Slow down and cross the intersection carefully.,b:Stop before crossing the intersection.,c:Wait for the green light before proceeding.",a,A flashing yellow light means proceed with caution—slow down and be alert to other traffic and pedestrians.,easy
6,"Alcohol, Drugs & Impaired Driving",Which driving skills are affected by alcohol and/or drugs?,"a:Alertness, concentration, reaction time, and coordination.,b:Only peripheral vision.,c:Only the ability to steer straight.,d:None if taken in small amounts.",a,"Alcohol and many drugs impair alertness, concentration, reaction time, and coordination, affecting driving ability.",medium
8,Special Situations & Road Users,"When a school bus is loading or unloading children, drivers must:","a:Stop, regardless of your direction of travel.,b:Slow down and be prepared to stop.,c:Stop only if driving in the same direction as the bus.",a,"When a bus displays flashing red lights and its stop arm is extended, all drivers in both directions must stop until it is safe to proceed.",easy
4,Safe & Defensive Driving Practices,What is a likely result of tailgating (following too closely)?,"a:It can frustrate other drivers and may lead to aggressive behavior or citations.,b:It reduces collisions by preventing being cut off.,c:It cannot result in a traffic citation.",a,"Tailgating is unsafe, can provoke others, and may result in traffic penalties—maintain safe following distance.",easy
5,Driving in Special Conditions,"If visibility is reduced to less than 100 feet by weather, what should you do?","a:Pull off the road and wait until visibility improves.,b:Increase your speed to clear the area quickly.,c:Drive normally.",a,"When you cannot see more than about 100 feet, you cannot safely drive—pull off the road until it clears.",medium
3,"Signs, Signals & Road Markings",A yellow left-turn arrow changing to yellow indicates what?,"a:The protected left turn is about to end.,b:Drivers should prepare to yield to oncoming traffic.,c:Both of the above.",c,A yellow arrow warns that the protected left-turn phase is ending and drivers should prepare to yield to oncoming traffic when it changes.,medium
4,Safe & Defensive Driving Practices,Which of the following is a safe driving technique?,"a:Using your high beam lights in the fog.,b:Staring at the road ahead of your vehicle.,c:Checking your rearview mirrors frequently.",c,Scan the road and check your mirrors every few seconds to stay aware of traffic around you; do not stare fixedly ahead.,easy
6,"Alcohol, Drugs & Impaired Driving",What is usually the first ability affected by alcohol?,"a:Vision.,b:Judgment.,c:Balance.,d:Coordination.",b,"Alcohol first impairs judgment and decision-making, then affects other skills such as vision, coordination, and reaction time.",easy
2,Traffic Laws & Rules of the Road,What is the proper method to make a right turn?,"a:Signal, slow, and move into the lane closest to the right curb before turning.,b:Signal, slow, and move into the lane nearest the centerline before turning.,c:Approach in the left lane and drift toward the middle before turning.,d:Make a wide cut into the intersection and swing right.",a,"Signal, slow down, and turn from the lane closest to the right curb, staying as near to the curb as practical.",easy
4,Safe & Defensive Driving Practices,How do stopping distances and crash severity change with speed?,"a:Increase as vehicle speed increases.,b:Decrease as vehicle speed increases.,c:Are not affected by vehicle speed.",a,Higher speeds lengthen stopping distances and increase the severity of collisions.,easy
4,Safe & Defensive Driving Practices,Which action helps reduce road rage?,"a:Use your horn frequently.,b:Talk on your cell phone while driving.,c:Always signal when changing lanes.,d:Speed up to pass an aggressive driver.",c,"To help prevent road rage, obey laws, signs, and signals and always signal your intentions when changing lanes.",easy
2,Traffic Laws & Rules of the Road,"Unless posted otherwise, what is the speed limit in business areas?","a:30 mph.,b:20 mph.,c:45 mph.",a,The standard speed limit in business districts is 30 mph unless a different limit is posted.,easy
2,Traffic Laws & Rules of the Road,"Approaching an intersection controlled by a flashing red signal, what must you do?","a:Come to a complete stop, yield to others, then proceed when safe.,b:Reduce your speed and proceed without stopping.,c:Come to a complete stop and remain stopped as long as the light is red.",a,"Treat a flashing red light like a stop sign: stop fully, yield, and proceed when safe.",easy
8,Special Situations & Road Users,"When you approach a railroad crossing with flashing red lights, what should you do?","a:Come to a complete stop and obey the crossing signals.,b:Drive faster than the train to beat it across.,c:Look for a way around any lowered gates.,d:Honk to warn the train.",a,Obey all railroad crossing lights and warnings; never try to go around lowered gates and always stop if signals indicate a train.,easy
2,Traffic Laws & Rules of the Road,"At a 'Yield' sign, what is required of you?","a:Yield the right-of-way to crossing or merging traffic that is close enough to cause conflict.,b:Yield only to vehicles on your right.,c:Always slow down and proceed without stopping.",a,Slow and yield as necessary to any traffic or pedestrians that could cause a collision.,easy
2,Traffic Laws & Rules of the Road,Which lane must you use before making a left turn from a one-way street?,"a:The lane nearest the left curb.,b:The lane nearest the center of the street.,c:The lane nearest the right curb.,d:Any lane as long as you signal.",a,"When turning, use the lane closest to the direction you intend to go; for a left turn from a one-way street use the lane nearest the left curb.",easy
4,Safe & Defensive Driving Practices,"If you are about to be hit from the rear, which action should you avoid?","a:Letting go of the steering wheel.,b:Applying your brakes.,c:Pressing your head firmly against the head restraint.",a,"Do not release the wheel; brace yourself, hold the wheel, and press your head against the restraint to reduce whiplash.",medium
6,"Alcohol, Drugs & Impaired Driving",What is the only proven method for reducing alcohol/drug levels in your system?,"a:Drink coffee.,b:Give your body time.,c:Breathe in some fresh air.",b,The only medically proven way to lower blood alcohol concentration is to allow time for metabolism.,medium
4,Safe & Defensive Driving Practices,"When a vehicle cuts in front of you creating a hazard, what should you do first?","a:Take your foot off the gas to create space.,b:Honk and slam on the brakes.,c:Swerve into the adjacent lane immediately.,d:Flash your headlights rapidly.",a,"If a vehicle merges too closely in front of you, easing off the accelerator creates space without abrupt braking or swerving.",easy
2,Traffic Laws & Rules of the Road,Should you always drive more slowly than other traffic?,"a:No — driving too slowly can block traffic and be unsafe.,b:Yes — it is always safer to go slower than surrounding traffic.,c:Yes — driving slower is a defensive driving requirement.,d:Only when there is construction ahead.",a,Driving significantly slower than surrounding traffic can impede traffic flow and increase crash risk; match the flow when safe and legal.,easy
4,Safe & Defensive Driving Practices,What is the best action if you become tired while driving?,"a:Stop to rest or change drivers.,b:Open a window and continue driving.,c:Drink coffee and continue driving.,d:Play loud music to stay alert.",a,Fatigue reduces reaction time and alertness; pulling over to rest or switching drivers is the safest option.,easy
8,Special Situations & Road Users,"When you are behind a motorcycle and plan to pass, what must you do?","a:Never force the rider off the road by honking or crowding.,b:Stay in the right lane because the motorcycle doesn't use the whole lane.,c:Be entirely in the left lane before and during the pass.",c,Give motorcycles a full lane; move fully into the left lane to pass and avoid crowding the motorcycle.,medium
8,Special Situations & Road Users,How should drivers behave when entering a roundabout?,"a:Yield to traffic already in the roundabout.,b:Enter quickly to assert right-of-way.,c:Drive in a clockwise direction.,d:Stop before entering every time.",a,Drivers entering a roundabout must yield to traffic already circulating and follow the counterclockwise flow.,medium
4,Safe & Defensive Driving Practices,"If a tire suddenly blows out, how should you use the brakes?","a:Use the brakes lightly while holding the steering wheel firmly.,b:Pump the brakes rapidly.,c:Apply the brakes firmly.",a,"Hold the wheel, ease off the gas, and brake gently to slow before pulling off safely.",medium
4,Safe & Defensive Driving Practices,Slowing down just to look at a crash or unusual event usually causes what?,"a:Causes traffic congestion.,b:Improves traffic flow by preventing collisions.,c:Prevents rear-end collisions.",a,Avoid 'rubbernecking'—slowing to look at incidents causes backups and can lead to secondary collisions.,easy
8,Special Situations & Road Users,When may you legally go around or under a lowered railroad crossing gate?,"a:Never.,b:When you can see clearly in both directions.,c:When the warning lights are not flashing.",a,Do not go around or under a lowered railroad gate under any circumstances; wait until it is fully raised and clear.,medium
2,Traffic Laws & Rules of the Road,"If you are stopped at a red light but a green arrow points your way, when may you go?","a:You may go if you are in the proper lane and the intersection is clear.,b:Wait until the light changes.,c:First come to a complete stop.",a,A green arrow allows movement in the arrow's direction if you are in the correct lane; yield to pedestrians and vehicles already in the intersection first.,easy
4,Safe & Defensive Driving Practices,When should you increase the distance between you and the vehicle ahead?,"a:Are being tailgated by another driver.,b:Are following a small passenger vehicle.,c:Are driving more slowly than the posted speed limit.",a,"If you are being tailgated, create extra space in front of you—slow gradually or change lanes—to reduce collision risk.",easy
5,Driving in Special Conditions,"During bad weather, what steering and braking technique is recommended?","a:Steer and brake smoothly.,b:Steer off the road immediately.,c:Brake sharply to reduce speed quickly.,d:Turn into a side road and stop on the shoulder.",a,"In adverse weather, avoid sudden steering or hard braking; smooth inputs help maintain control.",easy
4,Safe & Defensive Driving Practices,How do stopping distances and collision severity change with speed?,"a:Both stopping distance and severity increase as vehicle speed increases.,b:Stopping distance decreases as speed increases.,c:Speed has no effect on collision severity.,d:Stopping distance remains constant regardless of speed.",a,"Higher speeds increase stopping distance and the force of impacts, raising the risk of serious injury.",medium
5,Driving in Special Conditions,How should you adjust driving on gravel or dirt roads?,"a:Slow down because tires have less traction than on pavement.,b:Drive at the same speed as on pavement.,c:Expect better traction than on asphalt.,d:Use cruise control for steady speed.",a,Loose surfaces reduce traction and increase stopping distances; slow down and drive cautiously on gravel or dirt roads.,easy
2,Traffic Laws & Rules of the Road,"As you enter a roundabout, what must you do?","a:Yield to any car already within the roundabout.,b:Yield to any crossing pedestrians and bicyclists.,c:Both of the above.",c,When entering a roundabout you must yield to traffic already in the circle and to pedestrians and bicyclists crossing the entrance.,medium
2,Traffic Laws & Rules of the Road,What does a flashing red traffic light require you to do?,"a:The same as a stop sign; come to a complete stop and yield.,b:The light is about to turn green.,c:The same as a yield sign.",a,A flashing red signal requires a full stop and yielding to others before proceeding.,easy
2,Traffic Laws & Rules of the Road,"In traffic moving at 50–55 mph, you are least likely to have an accident if you:","a:Stay within that speed range (travel with the flow of traffic).,b:Drive several miles per hour faster than most other vehicles.,c:Drive much slower than other vehicles.,d:Continuously change lanes to find gaps.",a,"Matching the speed of surrounding traffic, within legal limits, reduces speed differentials that cause crashes.",medium
4,Safe & Defensive Driving Practices,How should you change lanes for best safety?,"a:Gradually and carefully.,b:Quickly and often.,c:When a car is in your blind spot.,d:Without signaling in heavy traffic.",a,"Change lanes gradually, check mirrors and blind spots, and signal to minimize collision risk.",easy
4,Safe & Defensive Driving Practices,"If the rear of your vehicle begins to skid left, how should you steer?","a:Turn your steering wheel left (in the direction of the skid).,b:Not turn the steering wheel at all.,c:Turn the wheel sharply to the right immediately.,d:Brake hard and hold the wheel straight.",a,"On a skid, ease off the accelerator and steer in the direction the rear is sliding to regain control.",difficult
3,"Signs, Signals & Road Markings",What does a steady red arrow signal mean?,"a:Drivers may turn after coming to a complete stop.,b:Drivers cannot turn in the indicated direction.,c:Drivers may turn in the indicated direction without stopping.,d:Proceed with caution in the indicated direction.",b,A steady red arrow means traffic in the indicated lane may not proceed in that direction; wait for a green signal to turn or go.,easy
8,Special Situations & Road Users,How should you respond when you see a person crossing with a white cane or guide dog?,"a:Stop and remain stopped until the person is well away from your path.,b:Honk to let them know you are there.,c:Carefully drive around them.,d:Wave them across quickly.",a,Always yield the right-of-way to blind pedestrians using a cane or guide dog and stop until they are safely past your path.,easy
3,"Signs, Signals & Road Markings",What is the purpose of broken yellow lines on the pavement?,"a:They separate lanes of traffic moving in opposite directions and indicate passing may be allowed.,b:They indicate no passing zones.,c:They separate lanes moving in the same direction.",a,Dashed yellow lines separate opposing traffic and mean passing is permitted when safe.,easy
5,Driving in Special Conditions,When driving in fog you should use which beams?,"a:Use your low beam headlights.,b:Use your parking lights.,c:Use your high beam headlights.",a,Use low beam headlights in fog; high beams can reflect off fog and reduce visibility.,medium
3,"Signs, Signals & Road Markings",What does a single broken white line between lanes on a highway allow you to do?,"a:You may cross the dashed white line to pass or change lanes if safe.,b:You cannot cross the line to pass.,c:You may only cross the line to change lanes if you are in the left lane.",a,Broken white lines separate lanes moving in the same direction; you may change lanes or pass where safe.,easy
5,Driving in Special Conditions,Interstate driving requires drivers to:,"a:Be constantly alert.,b:Have the ability to safely drive at increased speeds.,c:Both of the above.,d:None of the above.",c,Driving on interstates demands that drivers be alert and able to operate safely at higher speeds.,medium
2,Traffic Laws & Rules of the Road,What must you do when an emergency vehicle with flashing lights approaches from behind or ahead?,"a:Pull over to the right curb or edge of the road and stop.,b:Maintain your speed and stay in your lane.,c:Move into the left lane and drive slowly.,d:Speed up to avoid it.",a,When an emergency vehicle approaches with flashing lights you must pull over to the right edge of the roadway and stop until it passes.,easy
2,Traffic Laws & Rules of the Road,"When passing another vehicle, how can you tell you have enough space to return to your lane?","a:When you can see both of the passed vehicle's headlights in your rearview mirror.,b:If the other driver signals for you to re-enter the lane.,c:If you look over your shoulder and see the passed car behind you.",a,"Return to the lane only when you can see the passed vehicle's headlights in your mirror, indicating safe clearance.",easy
4,Safe & Defensive Driving Practices,What is an important step to take before turning?,"a:Check traffic in all directions.,b:Increase your speed.,c:Always move to the left lane.",a,"Before turning, check rear and side traffic as well as oncoming traffic so you can complete the turn safely.",easy
8,Special Situations & Road Users,"If you plan to pass a pedestrian and an oncoming vehicle is approaching, what should you do?","a:Slow down and let the oncoming vehicle pass first.,b:Keep your speed; the oncoming vehicle must stop.,c:Honk for the pedestrian to move over.,d:Quickly swerve into the shoulder to pass both.",a,"Handle one hazard at a time: let the oncoming vehicle pass, then pass the pedestrian only if it is safe.",medium
2,Traffic Laws & Rules of the Road,What is the default speed limit in school zones unless otherwise posted?,"a:20 mph.,b:30 mph.,c:45 mph.",a,"Unless a different speed is posted, the speed limit in school zones is 20 miles per hour. Drive cautiously near children.",easy
4,Safe & Defensive Driving Practices,"When parking next to a curb, when should you signal?","a:Both when pulling next to the curb and when pulling away from it.,b:Only when pulling away from the curb.,c:Only when pulling next to the curb.,d:Never signal for curb parking.",a,Drivers should signal both when pulling up next to a curb and when pulling away to inform other road users of their intention.,easy
6,"Alcohol, Drugs & Impaired Driving",Any amount of alcohol in the bloodstream may affect a driver's:,"a:Judgment and physical coordination.,b:Right-of-way privileges.,c:Knowledge about road signs.,d:Seatbelt effectiveness.",a,Even small amounts of alcohol can impair judgment and coordination necessary for safe driving.,easy
2,Traffic Laws & Rules of the Road,What does a broken yellow centerline indicate?,"a:Passing is permitted for traffic on both sides when safe.,b:A construction zone is ahead.,c:No passing allowed in either direction.,d:You must stay in your lane at all times.",a,Broken yellow lines between two-way traffic mean drivers on either side may pass when it is safe.,easy
2,Traffic Laws & Rules of the Road,When should you move back into your original lane after passing another vehicle?,"a:When you can see both headlights of the passed vehicle in your rearview mirror.,b:When you have cleared the front bumper of the passed vehicle.,c:When you are 50 feet in front of the passed vehicle.",a,Return to your lane only when you can clearly see the passed vehicle's headlights in your rearview mirror.,easy
7,Vehicle Ownership & Responsibilities,"If your vehicle's suspension is failing, what problem can result?","a:Vehicle control problems.,b:Squealing brakes.,c:Slack in the steering.",a,"A faulty suspension reduces vehicle control and stability, especially over bumps and uneven surfaces.",medium
5,Driving in Special Conditions,What can continuous hard braking on snow and ice cause?,"a:Locking of the front wheels and loss of steering control.,b:Helping you stop faster.,c:Keeping the brakes from freezing.",a,Continuous hard braking on icy roads can lock wheels and cause loss of steering—avoid sudden hard braking.,medium
8,Special Situations & Road Users,You see an emergency vehicle with flashing lights behind you on a city street. What should you do?,"a:Drive to the right edge of the road and stop.,b:Drive to the right edge of the road and slow down.,c:Stay in your lane, slow down, and let it pass.",a,"Yield to emergency vehicles by pulling to the right edge of the road and stopping until the vehicle has passed; if in an intersection, clear it first.",medium
5,Driving in Special Conditions,"If heavy smoke covers the road ahead, what should you do?","a:Reduce speed, move far to the right, and stop off the roadway.,b:Turn on four-way flashers and continue at the same speed.,c:Turn on high beams and continue cautiously.,d:Accelerate through the smoke to clear it quickly.",a,"If smoke obstructs vision, slow down, exit the roadway to a safe place, and assess the situation before proceeding.",medium
2,Traffic Laws & Rules of the Road,Under what circumstances may you legally block an intersection?,"a:Under no circumstances.,b:Only if you entered on a green light.,c:During rush hour only.,d:If you are yielding to pedestrians.",a,You must not enter an intersection unless you can clear it; blocking an intersection is illegal.,medium
2,Traffic Laws & Rules of the Road,"If you are being passed in a no-passing zone, what should you do?","a:Maintain your speed and position to let the other driver re-enter safely.,b:Pull completely off the road.,c:Accelerate to prevent them from passing.,d:Slam on your brakes to warn them.",a,"If another vehicle illegally passes you, stay steady to allow the passing driver to safely return to the lane when possible.",easy
2,Traffic Laws & Rules of the Road,Approaching a steady yellow traffic signal and you have not entered the intersection—what should you do?,"a:Come to a safe stop.,b:Speed up to beat the red light.,c:Reduce your speed and proceed through the intersection.",a,"A steady yellow warns the light will change to red; if you haven't entered, slow and stop safely.",easy
3,"Signs, Signals & Road Markings",A five-sided (pentagon) sign on the roadway indicates:,"a:Regulatory sign.,b:Stop sign.,c:School zone or school crossing sign.",c,Pentagon-shaped signs are used to warn drivers of a school zone or school crossing ahead.,easy
5,Driving in Special Conditions,"If the roadway is wet or icy, you should:","a:Reduce your speed.,b:Speed up.,c:Drive at the posted speed.",a,Wet or icy conditions reduce tire traction; slow down and increase following distance to maintain control.,easy
8,Special Situations & Road Users,"If pedestrians are illegally crossing mid-block, how must you respond?","a:You must stop for them.,b:You may proceed without stopping.,c:Honk to make them move out of the way.,d:Drive slowly past them without stopping.",a,"Drivers must yield to pedestrians at all times; even if they are not in a crosswalk, you must stop for them.",easy
4,Safe & Defensive Driving Practices,"If your car becomes disabled on the highway, where should you park if possible?","a:With all four wheels off the traveled portion of the highway.,b:Stop in the right lane.,c:In the center median.,d:Partially on the roadway.",a,"If possible, move your vehicle completely off the main traveled portion of the road and turn on hazard lights.",medium
2,Traffic Laws & Rules of the Road,"If you drive slower than the flow of traffic, what is likely to happen?","a:You will interfere with traffic and could be cited.,b:You will always improve traffic flow.,c:You will demonstrate defensive driving.,d:You will reduce the chance of collisions.",a,Driving much slower than the normal flow can block the movement of traffic and may lead to a citation.,easy
5,Driving in Special Conditions,"If you see a deep puddle on the roadway, what should you do?","a:Avoid the puddle if possible.,b:Maintain the posted speed to make it through the water.,c:Shift into neutral as you drive through the water.",a,Avoid large puddles when possible to reduce the risk of hydroplaning and damage to your vehicle.,medium
6,"Alcohol, Drugs & Impaired Driving",Which factor affects how quickly a person absorbs alcohol?,"a:Body weight.,b:Height.,c:Intelligence.",a,"Absorption is affected by weight, biological sex, food in the stomach, and amount consumed.",medium
8,Special Situations & Road Users,"When you approach a stopped school bus on the opposite side of a divided highway, you should:","a:May continue driving.,b:Must stop until the stop arm is lowered.,c:Must stop until the bus begins moving.,d:Stop only if children are visible crossing the road.",a,"If the highway is divided by a physical barrier or median, drivers on the opposite side may continue; otherwise both directions must stop for a bus with flashing red lights.",easy
3,"Signs, Signals & Road Markings",What type of information is provided by blue traffic signs?,"a:Motorist services such as rest areas, food, or hospitals.,b:Construction and maintenance.,c:Mileage distances to locations.",a,Blue signs indicate services and facilities available to motorists like hospitals and rest areas.,easy
7,Vehicle Ownership & Responsibilities,"If your vehicle develops a mechanical problem on the roadway, what should you do?","a:Turn on your hazard lights and pull completely off the road.,b:Signal and pull into the slow lane.,c:Stop in your lane and put on your hazard lights.",a,"If possible, get off the roadway, away from traffic, and activate emergency flashers so other drivers know you have trouble.",easy
6,"Alcohol, Drugs & Impaired Driving",Which medications may affect your ability to drive safely?,"a:Only sleeping pills.,b:Any medication.,c:Only illegal drugs.,d:Only over-the-counter cold remedies.",b,"Any medication—prescription or over-the-counter—can impair driving. When starting a new drug, do not drive until you know how it affects you.",medium
3,"Signs, Signals & Road Markings",What do double solid yellow lane markings indicate?,"a:No passing allowed from either direction.,b:Both lanes may pass.,c:The lane to the right may pass.",a,Double solid yellow lines separate opposing traffic and prohibit passing from both directions.,easy
6,"Alcohol, Drugs & Impaired Driving","Drowsiness while driving can have what effect, similar to alcohol and drugs?","a:Make you feel better.,b:Help you to be a better driver.,c:Impair your judgment.",c,"Lack of sleep slows reaction time and impairs judgment and awareness, much like alcohol and drugs.",easy
8,Special Situations & Road Users,What should you do when approaching a pedestrian with a white cane or guide dog?,"a:Yield the right-of-way and allow them to cross safely.,b:Honk to let them know to clear the way.,c:Swerve quickly around them.,d:Ask them to wait on the curb.",a,Blind pedestrians using a cane or guide dog must be given the right-of-way and allowed to cross safely.,easy
2,Traffic Laws & Rules of the Road,A flashing yellow light at an intersection tells drivers to:,"a:Slow down and proceed with caution.,b:Stop and proceed only when the intersection is clear.,c:Come to a complete stop as quickly as possible.",a,"A flashing yellow light means slow down, be alert, and proceed with caution—no full stop is required unless directed.",easy
4,Safe & Defensive Driving Practices,When should you adjust your rearview and side mirrors?,"a:Before you start driving.,b:Whenever you need to use them.,c:Before you get into the car.",a,Adjust mirrors before moving the vehicle—also adjust your seat and fasten your safety belt as part of a pre-drive routine.,easy
2,Traffic Laws & Rules of the Road,"If you approach a steady yellow light and have not entered the intersection, you should:","a:Come to a safe stop.,b:Reduce your speed and proceed carefully through the intersection.,c:Speed up to beat the red light.",a,A steady yellow warns the signal is about to turn red; stop safely if you have not yet entered the intersection.,medium
4,Safe & Defensive Driving Practices,How is distracted driving defined?,"a:Anything that takes attention away from driving.,b:Anything that causes you to focus more on driving.,c:Anything that forces you to take evasive action.,d:Driving while listening to the radio.",a,"Distracted driving includes any activity that diverts eyes, hands, or mind from driving tasks and is a leading cause of crashes.",easy
3,"Signs, Signals & Road Markings",What do yellow center lines on the road separate?,"a:Traffic moving in opposite directions on two-way roads.,b:Traffic lanes on one-way streets.,c:Carpool lanes from regular lanes.,d:Parking areas from driving lanes.",a,Yellow lines mark the center of a two-way road and separate traffic moving in opposite directions.,easy
2,Traffic Laws & Rules of the Road,"On the freeway, how should you react when traffic is merging into your lane?","a:Make room for merging traffic when it is safe to do so.,b:Assert your right-of-way by speeding up.,c:Always maintain your exact position regardless.,d:Signal the merging driver to stop.",a,"When safe, adjust speed or change lanes to allow merging vehicles to enter smoothly.",easy
6,"Alcohol, Drugs & Impaired Driving",How does a BAC of 0.02 percent affect driving risk?,"a:It nearly doubles the chance of having an accident.,b:It has no effect on your driving.,c:It won't put other drivers at risk.",a,Even low BAC levels significantly increase crash risk; each small increase raises the likelihood of a serious crash.,medium
2,Traffic Laws & Rules of the Road,"When turning left from a two-way street onto a one-way street, into which lane should you turn?","a:Into the first (leftmost) lane of the one-way street.,b:Into any lane available.,c:Into the second lane from the left.,d:Into the parking lane if necessary.",a,"When turning onto a one-way street, turn into the lane closest to the curb and the direction of travel (the first available lane).",easy
3,"Signs, Signals & Road Markings",What does a broken yellow line between opposing lanes mean?,"a:Passing is permitted when it is safe to do so.,b:Both lanes are moving in the same direction.,c:Passing is not permitted.",a,A dashed (broken) yellow line separates opposite directions and indicates passing is allowed when safe.,easy
5,Driving in Special Conditions,"If the roadway ahead is flooded, what should you do?","a:Do not drive through the flooded area; turn around and find another route.,b:Slam on the brakes and stop immediately in the water.,c:Drive only in the center of the road to avoid hazards.,d:Proceed if other cars are going through.",a,Never attempt to drive through floodwater; even shallow water can hide hazards or sweep vehicles away.,medium
2,Traffic Laws & Rules of the Road,How can you check your blind spot when changing lanes?,"a:Turn your head and look over your shoulder.,b:Use only the inside rearview mirror.,c:Use only the side mirror.,d:Trust your vehicle's sensors exclusively.",a,Physically looking over your shoulder reveals areas not visible in mirrors and helps ensure a safe lane change.,easy
4,Safe & Defensive Driving Practices,Why should you leave extra space in front of a large truck?,"a:Trucks need more distance to stop than cars.,b:So other drivers can pass the truck easily.,c:Trucks will always signal for you to merge.,d:It improves your fuel efficiency.",a,Large trucks require longer stopping distances than passenger vehicles; do not cut in front of them and then slow down.,easy
5,Driving in Special Conditions,"If weather or light conditions require lights, which should you use?","a:Low beam headlights.,b:Parking lights.,c:High beams.,d:Interior lights.",a,Use low beam headlights when conditions require lights; high beams can reflect and worsen visibility in adverse conditions.,easy
5,Driving in Special Conditions,"If oncoming headlights are blinding you at night, you should:","a:Glance toward the right edge of the road.,b:Switch your lights to high beam.,c:Turn your lights on and off.,d:Look directly at the oncoming headlights.",a,"If an oncoming vehicle's lights are blinding, look toward the right edge of the road and follow it by using the painted edge lines until you pass the vehicle.",easy
5,Driving in Special Conditions,Which lights should you use to improve visibility in rain or fog?,"a:Low beam headlights.,b:High beam headlights.,c:Parking lights.",a,Use low beams in rain or fog; high beams reduce visibility by reflecting off the weather.,easy
4,Safe & Defensive Driving Practices,"If there are oncoming vehicles to your left and parked vehicles to your right, where should you steer?","a:A middle course between the oncoming and parked vehicles.,b:Closer to the oncoming vehicles than the parked vehicles.,c:Closer to the parked vehicles than the oncoming vehicles.,d:All the way onto the shoulder to avoid both.",a,Keep a middle course to give safe clearance from both oncoming traffic and parked vehicles.,easy
7,Vehicle Ownership & Responsibilities,"When parallel parked facing downhill, which way should you turn the wheels?","a:Turn your wheels sharply toward the side of the road.,b:Turn your wheels away from the side of the road.,c:Keep your wheels straight.",a,"When parking downhill, turn the front wheels toward the curb or edge of the road so the vehicle will roll off the roadway if the brakes fail.",easy
3,"Signs, Signals & Road Markings",An orange and red triangular emblem on the back of a vehicle indicates what?,"a:Slow-moving vehicle.,b:The vehicle has the right-of-way.,c:Shoulder work ahead.",a,"An orange-red triangle signals that a vehicle travels at 25 mph or less (e.g., farm equipment) and other drivers should use caution.",easy
5,Driving in Special Conditions,How can you reduce the chance of hydroplaning in heavy rain?,"a:Decrease your speed.,b:Use cruise control to maintain a steady speed.,c:Move to the shoulder immediately.,d:Increase speed slightly to cut through water.",a,Lowering your speed in rainy conditions reduces the risk of tires riding on a film of water (hydroplaning).,medium
2,Traffic Laws & Rules of the Road,"When preparing to exit an interstate, when should you begin to slow down?","a:Immediately upon entering the deceleration lane.,b:As you approach the deceleration lane.,c:About halfway through the deceleration lane.",a,"Maintain highway speed until you enter the deceleration lane, then reduce speed to the posted advisory or ramp speed.",medium
5,Driving in Special Conditions,"In fog, rain, or snow, which headlights should you use?","a:Low beams.,b:High beams.,c:Fog lights only.",a,"Use low beam headlights in fog, rain, and snow—high beams can reflect back and reduce visibility.",medium
7,Vehicle Ownership & Responsibilities,Which statement about railroad crossings is true?,"a:You must stop when directed by a flagger, stop sign, or warning signal.,b:You should use cruise control to maintain speed crossing tracks.,c:You have the right-of-way at all railroad crossings.,d:You can cross if gates are down but no train is visible.",a,"Obey all instructions and signals at railroad crossings; stop when directed by signs, lights, or flaggers.",easy
8,Special Situations & Road Users,How might a large truck behave when turning right onto a multi-lane street?,"a:It may swing wide to complete the right turn.,b:It must stay entirely in the right lane at all times.,c:It may complete its turn in either of the two lanes intentionally.,d:It will always use the left lane to turn right.",a,Large trucks often need to swing wide when turning because their rear wheels follow a shorter path than the front wheels.,medium
8,Special Situations & Road Users,"When a school bus is stopped with lights flashing and the stop arm extended, what must drivers do?","a:Stop and remain stopped until the red lights stop flashing and the stop arm is withdrawn.,b:Come to a complete stop until all children have left the bus.,c:Change lanes and pass the bus slowly.",a,"When a school bus displays flashing red lights and the stop arm is out, all traffic must stop until it is retracted.",easy
1,Licensing & Permit Requirements,A driver's license is considered which of the following?,"a:Requirement.,b:Privilege.,c:Right.",b,"Driving is a privilege granted by the state, not an absolute right; it may be suspended or revoked for violations.",easy
2,Traffic Laws & Rules of the Road,What should you do when merging onto an interstate highway?,"a:Select a safe gap and merge into the flow of traffic at freeway speed.,b:Always stop at the end of the ramp before entering.,c:Merge across two lanes at once to get over quickly.,d:Enter at a crawl until you find an opening.",a,"When merging, find a gap large enough to safely enter the flow and match the speed of freeway traffic if possible.",easy
5,Driving in Special Conditions,In heavy fog you should slow down and:,"a:Use your low beam headlights.,b:Turn on your emergency flashers only.,c:Use your high beam headlights.,d:Drive with no lights to avoid glare.",a,"Use low beams (and fog lights if equipped) in fog, rain, or snow; high beams cause glare by reflecting off moisture.",medium
8,Special Situations & Road Users,When must you obey school crossing guards?,"a:At all times.,b:Only during school hours.,c:Only if children are present.",a,Drivers must always obey crossing guards' instructions when they are performing their duties near schools.,easy
8,Special Situations & Road Users,How should you drive when beside a large commercial vehicle?,"a:Avoid driving beside it for long periods because of blind spots.,b:Follow closely to reduce wind drag.,c:Drive on its right side when on curves and hills.,d:Speed up to pass as quickly as possible.",a,Large commercial vehicles have large blind spots on each side; avoid driving beside them for long stretches.,easy
3,"Signs, Signals & Road Markings",How should you respond to a flashing yellow traffic light at an intersection?,"a:Slow down and proceed through the intersection with caution.,b:Stop before entering the intersection.,c:Yield to all traffic before crossing, regardless of gaps.,d:Wait for a green light.",a,A flashing yellow means you should reduce speed and cross the intersection carefully after checking for hazards.,easy
5,Driving in Special Conditions,What is the correct approach when driving in work zones?,"a:Avoid tailgating and keep a safe following distance.,b:Follow the driver in front of you closely.,c:Pass the driver in front as soon as possible.,d:Ignore temporary speed limits.",a,In work zones increase your following distance and avoid tailgating to protect workers and other drivers.,easy
6,"Alcohol, Drugs & Impaired Driving",How does increasing blood alcohol concentration (BAC) affect you?,"a:You become more intoxicated and impaired.,b:You become more sober.,c:Your coordination improves.,d:Your reaction time decreases slightly but judgment improves.",a,"Higher BAC means greater impairment of judgment, coordination, and reaction time.",easy
4,Safe & Defensive Driving Practices,"If you feel fatigued while driving, what should you do?","a:Find a safe place to stop and take a short nap.,b:Turn up the radio and keep driving.,c:Increase your speed to finish driving sooner.,d:Open all windows and keep going. ",a,"When drowsy, stop in a safe place and rest; short naps can restore alertness more effectively than stimulants.",easy
5,Driving in Special Conditions,What is the best way to avoid hydroplaning in wet conditions?,"a:Slow down.,b:Drive at speeds suitable for ideal conditions.,c:Apply the brakes as soon as your car begins to skid.",a,Reduce speed in wet conditions to keep tire contact with the road and avoid hydroplaning.,easy
2,Traffic Laws & Rules of the Road,"On a one-way street, you may turn left onto another one-way street only if:","a:Traffic on the street you are turning onto moves to the left.,b:You increase your speed before turning.,c:Traffic on the street moves to the right.,d:You are turning from the rightmost lane.",a,Left turns onto one-way streets are allowed only when traffic on the destination street flows left into which you will turn.,medium
2,Traffic Laws & Rules of the Road,"If you and the driver on your left reach a four-way stop at the same time, who has the right-of-way?","a:The driver on your left has the right-of-way.,b:You have the right-of-way.,c:Whoever is signaling to make a turn has the right-of-way.",b,"When two vehicles arrive simultaneously, the vehicle on the right has the right-of-way; if the other driver is to your left, you go first.",medium
2,Traffic Laws & Rules of the Road,Which of the following is unlawful when passing another vehicle?,"a:Pass another vehicle over a railroad crossing.,b:Pass another vehicle in any marked no passing zone.,c:Both of the above.",c,"You may not pass at railroad crossings or in marked no-passing zones, on hills, curves, or where visibility is insufficient.",medium
3,"Signs, Signals & Road Markings",What does a double solid yellow centerline mean for passing?,"a:Passing is prohibited from either direction.,b:Passing is allowed from both directions.,c:Only left turns are permitted across the lines.,d:Passing is allowed for drivers with a shoulder lane.",a,A double solid yellow line indicates no vehicle from either direction may cross to pass.,easy
5,Driving in Special Conditions,Why is driving at night more dangerous than daytime?,"a:You cannot see as far ahead at night.,b:The road is always more slippery at night.,c:Your reaction time is slower at night.",a,Reduced visibility and glare at night limit how far ahead you can see; use headlights and drive cautiously.,medium
5,Driving in Special Conditions,When is the most hazardous time to turn or stop in rainy weather?,"a:During the first half hour of rain.,b:After it has been raining all day.,c:One half hour after the rain stops.,d:When puddles form away from intersections.",a,Road surfaces are slickest during the first 30 minutes of rainfall due to oil and residue mixing with water.,medium
4,Safe & Defensive Driving Practices,Which statement about changing lanes is correct?,"a:Look over the right shoulder for a right lane change and over the left shoulder for a left lane change after checking mirrors.,b:You only need to look over your right shoulder for any lane change.,c:Vehicles with two outside mirrors have no blind spots.",a,"Signal, check mirrors, and glance over the appropriate shoulder to check blind spots before changing lanes.",medium
2,Traffic Laws & Rules of the Road,"If you miss your freeway exit, what should you not do?","a:Back up on the road or shoulder.,b:Continue to the next exit and find an alternate route.,c:Proceed to the next exit, leave the freeway, and return to your exit.",a,Do not back up on the freeway or shoulder—continue to the next exit or follow an alternate route.,medium
5,Driving in Special Conditions,"If you see animals near the roadway while driving, you should:","a:Slow down and proceed with caution.,b:Speed up to scare them away.,c:Quickly swerve into the next lane.,d:Stop immediately in the travel lane.",a,Animals may suddenly dart into the road; reduce speed and be prepared to stop safely.,easy
2,Traffic Laws & Rules of the Road,"When entering traffic after parking at a curb, what should you do?","a:Wait for a gap large enough to get up to the speed of traffic.,b:Drive more slowly than other traffic for 200 feet.,c:Wait for the first two vehicles to pass then merge.,d:Enter immediately and force other drivers to adjust.",a,"When merging from a curb, wait for a gap that allows you to accelerate to the flow of traffic safely.",easy
4,Safe & Defensive Driving Practices,"If your wheels run off the pavement onto the shoulder, what should you do first?","a:Hold the steering wheel firmly, release the gas, and gently apply the brakes.,b:Turn the front wheels slightly to the left to edge back onto the pavement.,c:Apply the brakes and turn the front wheels sharply to the left.",a,"If you run off the pavement, stay calm, hold the wheel, lift off the gas, and slow gently before re-entering traffic.",medium
4,Safe & Defensive Driving Practices,Which foot should you use for both braking and accelerating?,"a:Your right foot.,b:Your left foot.,c:Either foot interchangeably.,d:Both feet simultaneously.",a,Use your right foot for both the brake and accelerator to avoid accidentally pressing both pedals at once.,easy
2,Traffic Laws & Rules of the Road,"If you approach a green light but traffic is blocking the intersection, what should you do?","a:Do not enter the intersection until you can completely clear it.,b:Partially enter to establish right-of-way.,c:Continue into the intersection and wait for traffic to clear.,d:Honk to make traffic move.",a,Even with a green light you must not enter an intersection unless you can clear it fully to avoid blocking cross traffic.,easy
2,Traffic Laws & Rules of the Road,"When making a left turn from a two-way street, where should you position your vehicle?","a:Near the centerline.,b:Near the right-hand side of the road.,c:On the left of the centerline.",a,Begin the left turn from the lane nearest the centerline and turn into the first legal lane available without cutting the corner.,medium
